Frequency_Hz,Ch_1,Ch_2,Ch_3,Ch_4,Ch_5,Ch_6,Ch_7,Ch_8,Ch_9,Ch_10,Ch_11,Ch_12,Ch_13,Ch_14,Ch_15,Ch_16,Ch_17,Ch_18,Ch_19,Ch_20,Ch_21,Ch_22,Ch_23,Ch_24,Ch_25,Ch_26,Ch_27,Ch_28,Ch_29,Ch_30,Ch_31,Ch_32,Ch_33,Ch_34,Ch_35,Ch_36,Ch_37,Ch_38,Ch_39,Ch_40,Ch_41,Ch_42,Ch_43,Ch_44,Ch_45,Ch_46,Ch_47,Ch_48,Ch_49,Ch_50,Ch_51,Ch_52,Ch_53,Ch_54,Ch_55,Ch_56,Ch_57,Ch_58,Ch_59,Ch_60,Ch_61,Ch_62,Ch_63,Ch_64,Ch_65
0,0.00631441929692762,0.0501187153763363,0.000146821913482934,0.0623269539781215,0.00243811273689323,0.0064318810301766,0.0265135468938865,0.0061469474951743,0.0312241622418545,0.0202476700424881,0.00430642517030187,0.0197245399884518,0.00272404092400269,0.00203333467848178,0.00949053357004341,0.00788696514623546,0.0262665760678851,0.00407691189680206,0.00394885831603431,0.0400261448489025,0.000361436667552398,0.00959386154718111,0.0236000872333369,0.00784164319758137,0.0022966494919547,0.0203151616932507,0.00445996010196511,0.000751652038111915,0.0103739485114246,0.00691212465743197,1.02482294970073e-07,8.26954284231452e-05,0.00277808877201472,0.027683183936948,0.00246144109470753,0.000600722279840207,0.0387310720708217,0.0191935685982313,0.00615436845505597,0.0345994995888662,0.000289351639177322,0.0239684887912665,0.010873445219514,0.000321655000277847,0.0385908411685332,0.0239206942431874,0.00377613263453403,0.0445714211028655,0.000537542613280449,0.0149658390789084,0.0207909876490387,0.00101896803078097,0.00219383327997117,0.0280067075185348,0.00451525163091186,0.0155344385137325,0.000671678437380925,9.01662641930539e-05,0.0288284694136188,0.0166876665635666,0.00337351134034566,0.00453486375430326,0.022573474799152,0.0524009909799271,0.00127909262137197
0.25,0.0252685196580984,0.209690456709331,0.000183081632974262,0.260792149285824,0.0109798940982442,0.029086446279113,0.10902663781501,0.0262858275152279,0.126751511001069,0.0833694077490361,0.0160206513822013,0.081109514699963,0.0114997048902794,0.00825621793604152,0.0376281113325678,0.0308061414381529,0.107864864833086,0.0153057898719724,0.0149165272725536,0.166438085806095,0.001723132410262,0.0420326403259574,0.0973661517938829,0.0318334323864473,0.00848343665258246,0.0858787129817757,0.018647058113138,0.00449818118803502,0.0422937643650916,0.0283184280747416,0.000158755475821273,0.000388416874136074,0.0108539725519599,0.115489486789345,0.00974593381646486,0.00333259722129823,0.160540629507489,0.0799264956945596,0.0247042985703329,0.143430395426586,0.00200139744704301,0.102102855604416,0.0450749325978291,0.00320815820310235,0.157866454215516,0.100775294786421,0.0139707634027175,0.185348941200601,0.00240103739789433,0.0644212907657431,0.0846118051017239,0.00471396544073369,0.00797454505797609,0.115718695447374,0.0170630418051982,0.0633688417638157,0.00309052948107835,0.000763011762438525,0.116357281243257,0.0687753546222663,0.0143033406627358,0.0188447652792673,0.0928259065511009,0.21869050615045,0.00600679315759738
0.5,0.0248485079535998,0.256840228435316,0.00169917284956087,0.319861413953971,0.0163814031215741,0.0492398659775021,0.126330184926891,0.0328853515099068,0.141142510196185,0.0955743833026608,0.00985690550611026,0.0910146354610747,0.0148075261578454,0.00923753421573083,0.0426115549718841,0.0236223957461475,0.120666740791534,0.0145590321025482,0.00919737244882586,0.194276363318724,0.00271361968335798,0.06567717868309,0.107968647502151,0.0307935210083255,0.00448916464086808,0.110074282076156,0.0264657208387623,0.0114486288908518,0.0433997395110877,0.0316156943982961,0.00103612429681749,0.000735535401657897,0.0114706849266411,0.147300714554758,0.00850114990841042,0.0102466362963593,0.187626251791093,0.0919943148088005,0.0228218950957113,0.171403897595121,0.00738199273338264,0.13679768388059,0.054263274972235,0.0148581188733384,0.184385860623604,0.125231283701426,0.00721206587037341,0.219493096822998,0.00285045655199832,0.0886676935236918,0.100050470798945,0.00674726920294776,0.00490996118182569,0.13642623806643,0.0106288965117192,0.0679787797440399,0.00372440614760927,0.00278889238197369,0.135062225302196,0.0804570337769698,0.0212769730900162,0.0218165973449261,0.0980566446422297,0.259671964210933,0.014534539618091
0.75,0.0136744558399505,0.104742549991251,0.0515819798728839,0.379582618640303,0.0350199048747861,0.129433518561738,0.0886328458082332,0.0299187003845902,0.111487350120331,0.0589888633453359,0.0289287096492997,0.0191797271710232,0.00666340578937515,0.0125939497250374,0.0432487667794922,0.188177638242482,0.0941336184452831,0.0323963590551163,0.00192910659335275,0.120400175245291,0.00189560394097824,0.156376413856963,0.0514477333653726,0.0036413636261598,0.00827797530427252,0.0416351161294379,0.0318026512514936,0.0355256338066444,0.00732688502042721,0.0302498625299685,0.011001334855227,0.0277359803838612,0.0106266252261651,0.234593629891105,0.00159843289291297,0.0801877492873079,0.117746857839009,0.0362465363683175,0.0166770009656363,0.108315048805954,0.020260919096185,0.170067850200719,0.0522162586613517,0.0829843036013449,0.0346096878320709,0.0673719417061857,0.00122738520338727,0.134584221430346,0.00561722400726159,0.0821400052655573,0.0846247177766083,0.0367233398296791,0.0332278672678976,0.0906655335986817,0.0192417394367294,0.0147203566931156,0.00661877858922178,0.0458215020938478,0.128429247639315,0.0304130968054692,0.0269395938960206,0.0523677115101717,0.0621777353208856,0.19339895175154,0.0449521492668423
1,1.91445897637863,1.98356611899348,0.284515763363911,2.2106562850351,0.0428262974125497,0.64809421533535,1.26587600881853,0.78394667175438,2.4493342965906,1.19428130566118,0.961662741960635,1.26326410685217,0.210840846722404,1.73561109600561,1.844999748245,2.93614282105408,1.84248886325948,1.72913841127952,0.123194543110423,1.43108357459044,0.031642488951471,0.348163875071464,0.551424988732672,0.417607546830716,0.6154054435964,1.60935576826848,0.431967193049801,1.013203009556,1.3166482581432,0.682105726215009,0.383591012953826,0.853258414298571,0.272667000409201,0.595850731982551,0.0562875043087218,0.408795279642609,0.731654460407071,0.770590012248705,1.21007805085477,2.15371385128928,0.213796008489899,1.04456571278181,0.379126566106359,0.490880051738762,1.43789621662876,1.64786287869051,1.39335858445918,1.53395395747264,0.230724947175184,1.06535820073877,1.50821572215818,0.574417651400116,1.0185448465724,1.53660823585747,1.66780585846268,1.02267524608337,0.156452919637834,0.0111111759961793,2.02505850910194,1.62995491540838,0.597217931157683,0.526156987152932,0.395399908853521,1.38362314284474,0.0298088478741255
1.25,0.388522712085979,0.356025538901464,0.406995573537421,1.4469779408474,1.66667727785351,1.44782169878213,2.09117045133702,0.305265052669322,2.48114251863536,0.0507204657947761,0.55722414930805,3.37462506710134,0.272909150356398,2.92001845827056,2.1042746388381,6.582136559698,0.0215287869575593,0.712211419381203,0.573167603249872,0.0726347913144129,0.281094711670908,1.12065283968025,0.196829773304258,0.0805352813802808,0.694514028293376,1.79702394709647,1.14225125135378,2.3195361059296,1.42195761930686,2.49475501632147,0.6056860191368,2.27896678835408,0.657905824594775,0.983634353673166,0.143094667363742,1.07800917460476,0.26623896130075,0.0925969324178455,0.416551435115888,0.170642324348587,1.04004792074593,2.01486313038318,0.417343623964051,1.59125789049023,4.56125022851523,0.159833716385909,0.810139282938715,1.56981418748477,1.06989743622751,3.57886818034464,2.76960576975111,1.86120644080989,0.497532722711467,0.563998697014275,1.30637460318646,2.23858978144591,0.166341642659906,0.591325060406879,3.04457509121939,0.780411200532331,1.70697654427162,0.322432991929229,0.0318858343795934,0.493083845230522,0.546388530146115
1.5,1.16127680405974,0.585717067756211,4.24941506504965,0.568470566508848,0.223201878327353,0.375678739047165,0.34899762098746,0.497825927967927,0.151098906859213,0.480612321616953,0.298672614004122,1.34600008474114,0.71276856012091,3.19260254670072,0.395746297288149,5.6689104999542,2.17047297951669,6.95962068905617,0.565422238349508,0.329594538929926,2.1140308371274,1.25900296720238,0.430069485271911,0.0492996933210901,0.691485115614392,1.32464722045047,0.211655457215924,1.15938538943902,1.51466935392388,2.76218262363141,0.397320193725596,3.34941574514539,3.56645011426437,1.65642104943354,1.31662726701289,0.360640792712407,0.206927094987274,0.133699103481532,2.16566451955472,0.219365940202713,2.70504408880952,0.227793039740804,0.226350805399524,0.276651357725278,0.625739916911287,0.475598064397081,3.80841827762901,0.544497257102682,0.165323980887181,2.2502037870854,0.383215968715598,1.20632001889256,0.8293390368063,1.50525122962372,0.103708739536982,2.77502436976507,0.317654293484249,2.65910998882045,0.147038939732319,0.969444828191795,0.698825570277633,2.81443123844573,0.36126259275107,0.0507008887470014,1.97187336409325
1.75,0.686347331193767,0.0598242157980902,0.240846762264903,0.096470499612737,0.111815733114271,0.264795444267169,0.00449775002919143,0.577394161680141,0.394523440762506,1.28031709698646,0.564485889095068,0.318499543282289,0.537030220394699,0.791238559707592,0.678111833411277,6.15859605379256,0.421828850296071,0.971439720141953,0.655273280949122,0.114172023402333,0.256952313074888,0.0489193231996799,0.305574158484805,0.0770752947238421,0.479717335254132,0.228591590907257,0.349034481462694,0.425161929090254,0.612115347949381,0.746115277641,1.245017011134,1.60249320338379,0.370062003288803,0.748361844200899,0.606142807872206,0.340403142003981,0.110475202377993,0.203359847965662,0.304468176634731,0.132024532396575,0.340142955725593,0.142969840612079,0.376308054150287,0.206157456725764,0.00982617007939888,1.23016164749081,0.730574196901846,0.104448737180147,0.681913816860503,1.02767491895345,0.576202300145465,1.42628306820495,0.341918382947113,0.246189750495437,1.1078997892484,1.07119891281456,0.162220123063346,2.32807897845494,0.319421853839595,2.58121030352597,0.203189387819923,1.96515557332063,0.542266565254582,0.30790870626944,0.27660965315042
2,1.47500757163982,1.11198133771526,0.449535335708401,2.88943433069057,0.201680856781892,0.0361736752608856,2.040184870489,0.620105657859802,1.6998342379577,0.377855842132728,1.16332546356014,1.62205582710751,0.634009374407155,0.639396232424352,1.88784968939099,1.13356738316572,3.69758751971635,2.82578693521668,1.54794199219761,2.25245750821627,2.30122871816602,2.23300627156139,1.08167078894124,0.609978478617518,0.602261960436003,1.15700285105505,0.75091658551925,0.0124218536634681,2.12200700028596,1.61496458563669,0.800683886659534,0.134230058662741,2.22037930303077,4.18253953968164,1.32633961884742,0.789621360476296,1.98681017425553,1.05480978645224,1.71924314785086,1.63718238478602,0.157667644456372,1.28581843626442,1.05846139537295,0.16406884880362,4.98739325429494,1.47249685814845,0.0870637974287198,1.64223583269158,0.65710722879216,0.099990568549735,2.23905336503524,0.360784844118632,0.634926793454126,2.94139252305317,2.47325137105468,0.38577612679061,1.14442628861293,0.409920079923292,2.47651317747746,0.980526308163454,1.24072911204707,0.0200285108423292,0.972307389216538,2.61476381991036,3.64113820577384
2.25,1.1963662349365,0.481303252718895,3.17983608070965,3.86548485946437,1.04146344653877,0.616032460925191,0.515295724564737,0.93300124730172,1.08469939506877,1.99440962752524,2.68522581250553,0.708294926922888,4.25670684755988,2.52715035911851,1.19886576048208,3.82302700626656,3.54360915275743,4.2748943556955,1.82404328875,0.799183071822557,4.19666997015133,5.37113979522493,0.0532475637492782,0.406344185727874,2.49669184111686,1.39039413073011,1.48901021466967,1.21030011229953,2.21124271650312,2.01206978420494,2.44537791284218,2.7620336753949,6.43510962285651,6.7018822128221,1.13730536514964,1.93528210924888,0.288902255496568,0.383587770496877,3.17253419046733,2.41897534192031,3.87182179602603,2.63639960945224,0.155891326248719,0.255232928221103,1.69234180809441,1.36585099718377,2.32657481941499,1.34674941664116,2.44305274045302,1.90734114334796,0.574273606499425,1.22955048188504,1.47450608583445,0.458568913276035,3.15999812578362,0.877230208947435,2.54357394275523,4.07801385468066,0.700393536997841,2.84726615831938,1.48796111574351,3.30711914885587,0.606525170959091,0.495564852809209,6.49747843196738
2.5,2.9241081298776,2.64612352193382,2.81764408917045,7.23471478758728,0.270247026547559,0.187691530249982,3.24170122819894,3.25934390500808,5.1617197516508,4.03168590211241,0.246952836828465,3.38465675153184,0.377131639470105,0.357968221745531,2.04911416740529,4.19173916532733,6.32072545571442,7.43808838529754,0.235403312617195,3.31807251714695,1.14314668478349,3.34490852963327,1.00595200317958,0.662989439103747,0.044849227674119,2.71100087649422,0.621334709383226,0.201427480054859,0.0142824926587161,0.961110339633195,1.29460735817434,0.0594578285860444,5.41796776993915,9.32509261248211,0.0341709457604799,0.143377249450485,2.8416699457343,2.31353195615046,4.32543743586466,5.90336109584669,0.254746664665243,3.34762371791055,1.31356325491805,0.768051654845266,5.77604606797372,5.18994927923429,1.82851744196664,5.1762098568585,0.467705084196931,1.01762781824088,2.81312690028378,3.01928768857349,1.57147748139929,3.33362540603997,0.0222085946853936,1.35459016526076,1.47103535730846,0.544395651527111,4.28883978203443,4.74701409695144,2.41592463686151,2.08664110429265,0.969490505960815,4.6761069190686,3.65134069594112
2.75,1.38813396082473,0.11840673520775,1.16931339260497,0.372962928779646,0.493803132728869,0.857629919148324,0.256842378708595,0.564628554904245,0.357075771661328,0.115731308810483,2.29638015852186,1.83149045093216,1.41384016133093,2.09615550633491,0.0550786598251186,0.441044957791912,0.991397689722194,2.69428450849078,0.210369374224569,0.470107503736219,0.540525343830101,0.46110735359864,0.0537129138355009,0.423099441218734,2.16488866989017,1.40360561061738,0.200786141602104,0.890878558486217,1.81189325541195,2.41803325690212,0.444706401829333,0.969012497251716,0.969685273472883,0.751619891576196,0.0290384167334413,0.517927949560357,0.204468618103988,0.312253552020513,1.45413668009308,0.179130140055538,0.786956662281621,0.504288879053724,0.0737426635159808,0.778628503364989,0.507949006863241,0.0329836282952043,2.34676143826007,0.47038772694882,0.961998079389666,0.890403417562409,0.258997648268786,0.305930300279822,1.63349192949242,0.747167589114771,3.042831790315,1.67935757003165,0.219972718195373,1.76207902307462,0.63434869842123,0.0393617162605747,0.829140295733075,0.304700889864295,0.279602297566924,0.279647935162071,0.373234401745242
3,0.400364808617926,0.723355827551715,0.528820702599328,0.735850274004811,0.413287362256781,0.0428605763107423,0.63004154733252,0.170854385068377,2.17843866840567,0.492128619126759,0.458765418682286,1.60536512105123,0.58085662963179,0.839361800219678,0.952181924960159,0.88620138569926,0.23680715614965,0.376876589974677,0.207660163031409,1.0795379482182,0.905670295559961,0.828462636452678,0.117982126500253,0.155896919117487,0.324705892694656,0.599111008603583,0.35872502722478,0.105467714801607,0.337401323944417,1.99586817086698,0.816898228772379,0.615691935412557,0.776802302102438,1.03028046938907,0.235055859986617,0.166062910621178,0.582019229803937,0.499399359548858,0.143267221135544,0.265689449387551,0.489111519075676,0.476642937271808,0.275491972255975,0.0130464056002634,2.16982104665618,0.596549465304475,0.79883244972306,0.359109376132391,0.602411518669033,0.22489298193112,0.648785082779619,0.0598472976600924,0.478636674062298,1.26706166213029,0.064815300700759,0.370561322155382,0.681059875704439,2.00833786599726,1.72420232082396,0.130663346413979,1.06013944719243,1.18465276912997,0.184000550971087,1.62650603802502,1.14031855923533
3.25,0.566761469816906,5.36017315368555,3.26312984722754,1.07637827830387,5.78815368169072,0.404718477483101,5.54383291043601,0.816757657612006,0.657912510618369,0.239750327024243,0.765829389249793,11.3706158252438,1.91928687173133,9.31452835622004,2.11672284887421,5.53579595562365,0.0247223239973346,0.438617394571888,4.3130949393535,6.34684309416986,6.02843053263586,1.3324376193955,7.78204404913438,3.0612811153232,0.395639373304942,5.5602472960358,2.84552919234618,1.03094052651351,8.45225056145756,17.0666008234124,1.99383944568078,6.54231861136425,2.9050323554338,0.547692948035806,8.14775081489561,2.03940131597597,7.26557673102386,3.20993707632418,0.503450674657328,1.54713950778041,4.04583753382091,1.05554235900447,6.45704262723594,0.601208335944563,4.59409156646316,0.810503674500607,0.831168173035796,4.57713456512065,1.05669432107429,2.87404830652504,2.8799862967929,0.188476329429488,0.580741494539531,9.76667477491462,2.37845010299449,10.3899012508224,2.41932363147199,14.3420479999703,0.648784066745809,0.697927711204514,1.93984878069641,6.52478250083492,5.35634378424634,3.09303498089836,3.30233206361153
3.5,0.469417067804989,0.204791931810941,1.52220243835919,1.13641641768073,0.67230355847043,0.407140715163113,0.0713090781068644,0.164639937692271,0.18676959652607,1.14417708925162,0.251645547499178,0.909017928041344,0.507897948109324,1.08172860489469,0.356850270548203,1.54361687937183,1.29179201191947,4.20121877978116,1.0509796077381,0.0530988033537192,2.16088311442332,2.02769624496743,0.399369921005922,0.342435977790368,0.108130760720845,0.174039024456125,0.0605710103456239,0.192385500150745,1.60866501650003,2.77927869094072,0.571648663917028,1.42240789241798,3.24532997775524,3.1523989941129,1.22414856141339,0.832326484583123,0.106876366329029,0.0277660502824951,0.913008914429797,0.368980379184135,1.08350572732636,0.453139264412168,0.142140130379773,0.352590847647735,0.00210446962621787,0.53944403192046,0.601225136411272,0.0645714039061391,0.0413591558452776,0.220271541533896,0.153665573624196,0.673264024974422,0.238690362112388,0.639863793179929,0.0926208071937895,0.871972920653329,1.29501601089315,4.41571674305057,0.349586888134193,2.27019864627199,1.27772702542065,3.09757958891244,0.432476208687573,0.06203264463725,2.93215869517748
3.75,3.34127002887386,4.57946521655095,0.320285906501112,0.212667065936412,0.3923012525927,0.837436538917014,3.61640888255185,3.94699532473568,2.19577743107133,2.20122408221446,8.45127426450251,9.79967961919643,2.62676095944759,2.69713451452876,0.512204802548075,1.89723927069174,0.120062644192446,2.09775096381963,3.49616873489219,5.71225669345563,1.10009025196699,2.40446066323987,3.54186748858429,3.2431813926384,3.55050666407678,2.79096863009598,0.491395722177739,0.238595176220221,9.76150232028779,9.92862380702226,0.193637374614254,1.04117031230364,0.585012581584487,1.39385180910907,2.08255601378917,2.94943442183763,4.49899194129676,5.01189928239618,0.878270593935069,0.487752261624786,0.350474667781646,0.3535611703255,1.67166149635365,2.2010272449898,4.2046831174681,5.23447259914432,4.00879750469227,3.28400899610522,0.605679728398427,0.864719712219715,2.2300809363444,3.14333801402749,6.89130410033412,9.86282844928535,6.65257677151463,5.44628181911481,1.19180787663876,4.60314361758274,1.81796670006778,2.29323371329138,0.421698422696278,2.34358624496995,4.48211389520886,5.47030098437646,3.81835784346614
4,0.207538035456112,0.529164740784449,0.791298868185241,3.60157163512272,0.267996463471212,0.328009199627336,0.173558908634455,0.0872303538285416,0.558515697050499,1.26330965071129,0.472437744132646,0.377416265386426,0.137346315988253,0.374082615549337,0.582045501190899,1.10116601625257,1.33810324940135,3.68661217931225,1.17686104780286,0.102368275598696,1.76509366140054,3.62888384473729,0.124070491657111,0.208792143449875,0.231821345585602,0.0676157262660271,0.374538072268166,0.114129418732318,1.67424498679595,1.08644710022849,0.276707592824621,0.482074100392563,2.31634924557644,5.59475686146179,0.15941419339763,1.16580612715825,0.240511033667249,0.114002303550343,0.0679438329382774,1.66489733037328,0.770875609268659,1.68297735129007,0.314643719767941,0.0129493029223527,0.183360886480452,1.10264308480924,0.469696271025204,0.721965339290394,0.284319134348732,0.254440884848298,0.296486665496126,0.578599394111779,0.211505316757536,1.19218767365763,0.896572712283599,0.247630803674076,0.782672134467524,1.26165809770834,0.361660524080706,1.93651635712841,1.32991523840341,1.42826489041331,0.0870643061593867,0.344456234589799,3.38072464134543
4.25,0.906472894726879,0.232844057211509,1.73607284304256,0.205701918684264,0.898870499300559,0.598887151375781,0.228057525895483,1.24056814379632,0.0862569167660409,0.416804488301376,1.36894614906511,0.0326927320444453,0.323793596881099,0.133476366925942,0.171075838677268,0.891737772592325,0.473520658080085,0.0250340238517515,0.79983784302349,0.339603998156269,0.543464344367424,0.287561111051027,0.464036143973468,0.600183675351029,1.31197456591046,0.0607395193162931,0.54114571269731,0.474746110987177,0.572631809463948,0.0595542765975767,0.173569026640668,0.298890131192542,0.632704345580755,0.0557940940787891,0.722576446460606,0.577882267364729,0.229829980323169,0.558293659410081,0.999193184436399,0.121734826939239,0.974085629051284,0.141121676243433,0.413603234367453,0.562931784345431,0.128474542724035,1.16028032107594,3.04687764384887,0.30640755473284,0.852702258675374,0.451681203094628,0.249214548595525,0.812376926959365,1.07753181900843,0.21836590663491,1.12314765301253,0.148272900451759,0.0571619921610381,0.159946506121561,0.125978049511365,0.64795604315322,0.0566252298161691,0.209147450994026,0.523772363854022,0.607437405623256,0.572546533729771
4.5,0.160920079110021,0.131936930404562,1.15806208123875,0.207830095002201,0.333810194813666,0.145179550262461,0.0395874658641881,0.596119440524896,0.961106554059577,0.887749115114808,1.14935680153591,0.170941898015315,1.41407952376692,0.906302738300293,0.296203422160251,1.82630284104112,0.371541801605398,1.08379214349803,0.0219442030508224,0.183458608946595,0.677095434879263,0.134473590722166,0.00196194248829366,0.0822028711833958,1.5192807888828,0.386665945945425,0.344475334510487,0.745477461751624,0.823190253905983,0.553996138233177,0.866329646553262,1.12242513151225,0.688010382727354,0.486009347492177,0.0699758185292444,0.0185801617797915,0.114386273569713,0.437936385574505,0.440830063793768,0.31117506266555,0.783099239615142,0.0279677994703447,0.0687067529697787,0.388211978509843,0.662486128301486,1.538567145089,1.11172876721525,0.0778811465704522,1.1005258334228,0.741766985445778,0.0399534375741229,1.02905564548903,0.51266983172611,0.173068408068554,1.7879413924696,0.366403531530416,0.460401216756,1.16585525020091,0.41386272286956,0.903389588350263,0.306749158719722,0.795997787332564,0.00274432061228452,0.765683559210386,0.410737427799054
4.75,0.0011050736603593,0.932712456954067,0.333427236294227,1.60905039731318,0.522806036071982,0.666902374590462,0.826141110808964,0.0730306003174508,1.05605089883174,0.38485753425618,0.926577175951287,0.560575180530155,1.31116982858425,0.571593803371501,1.29367576188822,0.269064677539103,0.975459945736118,1.32924786563382,0.156714340640958,0.198695427167071,0.243232969309923,1.05900340202095,0.16611285984981,0.233024779288246,1.23435705930008,0.957916468416318,0.821261121287111,0.352642780010073,1.0778768614651,0.224402970378661,1.45817778573766,0.491291242583459,0.282470962466644,1.62957647129591,0.0528908211477004,0.545269092608303,0.304233847743573,0.15431839927083,0.0551090619891436,1.58399028430953,0.502583101040796,1.04022923481877,0.453799953981431,0.375892435448365,0.832683281120886,1.04062134959855,1.00924872500801,0.992769392057401,1.21909124906329,0.808731917844674,0.970503744666357,0.117522299674705,0.481935822658098,0.746591277509663,1.42848877461823,0.568218799795108,1.0169773988436,0.151495545225166,1.23225367103638,0.360680996101323,0.900618945519297,0.146176657503099,0.0954414093253357,0.5571299798143,0.993961977275253
5,0.214290408334287,0.0583533198338472,1.13345465404262,0.575684516030802,0.0503936249220603,0.298878194458135,0.193774102515315,0.290714753452465,0.662017885965914,0.671655757100215,0.0601938318147606,0.024837260386032,0.223784604198845,0.218718660867481,1.36066911269584,0.544690920529119,0.744400395951509,1.36944915036293,0.697821847049737,0.0390860615464085,1.32687246270716,1.1869789679483,0.0603142584117172,0.278822890339572,0.0813192866867391,0.0970257773429062,0.194048201845869,0.158633847323442,0.0850292193827395,0.217422946856266,0.61449264658479,0.784088762158935,1.84860779161512,1.12321497432772,0.254487536494443,0.951776120470543,0.0354049915946542,0.121233538299208,0.561787131539185,0.363402930624089,0.590132126699324,0.266656782767182,0.0209758339957972,0.446624521234269,0.457040125087301,0.345799333813026,0.232973067656868,0.0838845938893813,0.0687217910278623,0.00321809603612467,0.692813314373827,0.503452436679289,0.111161831575001,0.0154509862414281,0.144233309255746,0.0412588261264594,1.22595611738626,1.71933731312922,1.14820829664724,0.666267520981124,1.96671074077425,1.14971909854807,0.192213733578605,0.24007560142728,1.93257225542776
5.25,0.162570480762108,0.196693827480416,0.01540066173978,0.373986421918513,0.172633001861369,0.319852056322856,0.0543925802179316,0.17350508477188,0.171360708835484,0.190389718695919,0.20387624809761,0.169221728713238,0.314103924320697,0.349917989157384,0.351097071074099,0.295540157509602,0.270173443484599,0.428422250501206,1.11184647800934,0.266825612472326,0.3874917212302,1.06905437278922,0.258688372094279,0.571914890586961,0.196988935991706,0.0417318080952708,0.249814320632461,0.0747023547112873,0.362540393261369,0.390124971652427,0.213953463761178,0.378121619887231,0.128240061566484,0.607849353502101,0.568424395176712,1.03469051256845,0.109361907311036,0.418793238653181,0.167771420556278,0.16155639518972,0.0199581098993686,0.301929402616486,0.0699958175474468,0.135545181557676,0.0252248320958585,0.0810085876955055,0.0606353630773322,0.0679643922524898,0.197555066318676,0.0362429100925441,0.308614188776908,0.0334679532482285,0.14403806442967,0.398891726637937,0.193100068967806,0.324034722868495,0.0914224441753218,0.455855826305775,0.305976274699121,0.0739138350869553,0.53338275028349,0.330579109912497,0.733465026207084,0.00321248578666886,0.821877772124914
5.5,0.0599078317122693,0.0810213759306884,0.0437664700775231,0.0620952157798082,0.238417302843293,0.196108807747347,0.301087260790667,0.0708014122270723,0.219426475704808,0.0881332354334421,0.0763306614256351,0.522670533241554,0.269291999485902,0.98541642214184,0.776780261392869,0.78442629729578,0.14837295474578,0.0991684939218057,0.0290288042409132,0.0520224382836424,0.0387805532546051,0.0709841449539714,0.0762568328149834,0.0370254843955768,0.11997705960506,0.511859517224017,0.513958181613576,0.230120606445797,0.153283113975971,0.813025838628927,0.632195957055909,1.10731723047197,0.0386194778377137,0.121060036364237,0.0767049149579556,0.0641135528434633,0.083956293762113,0.024844470625907,0.0370020483349734,0.0229274454061229,0.0607628477565584,0.104302381221917,0.365086065191827,0.00883058355562102,0.337314933352014,0.354702446434224,0.0247124992973833,0.144902316894576,0.220421256169482,0.645363634251673,0.41034371594641,0.210123706783018,0.0520619942097983,0.331422014779812,0.327148629120616,0.783777336523201,0.341008468397431,0.776545935630345,0.293534814906183,0.18904128448827,0.172323605689343,0.444551154329548,0.0650899365498149,0.302572485407142,0.069616862923615
5.75,0.484728915886067,0.0749099892483155,0.0736278617004454,0.739452581912471,0.0367281823132335,0.484461919867367,0.000198905642992344,0.0821810292922541,0.043674126740125,0.0543300868348738,0.525724388323131,0.242425690433965,0.47742426385449,0.0537272910438499,0.570233577799368,0.0123060870849679,0.266272607978342,0.40152784755126,0.604925627558179,0.0121363275057765,0.1533535257731,0.534801255893948,0.0517358890925384,0.207204359764613,0.396470654926082,0.18302264929488,0.24072402512342,0.303438832248901,0.521973297099321,0.0356703922957005,0.425434765488414,0.00986520526291644,0.242906359297046,0.4889464236903,0.129096702468321,0.421425462928968,0.0408811404629398,0.0470383755045891,0.340136935143562,0.225133255811891,0.00620521858239632,0.440534152363059,0.0171630617456918,0.25374829183115,0.0237766597864456,0.0492110929278792,0.430341931202683,0.537837571244119,0.530804966358505,0.285209668703397,0.100351391255164,0.0608810158000157,0.388828056816037,0.0642563823465489,0.603946190145558,0.0952016559816833,1.14481972148397,0.434672983910714,0.241048263098862,0.0692648883861718,0.76962435817578,0.281913439192302,0.0877291128545575,0.0159030206353163,0.538712829640512
6,0.382707311734428,0.66810012565897,0.750727294924508,0.0668932261661872,0.767400981861911,0.349047226731334,0.516845018472196,0.141080178917946,0.456131944145511,0.396474124459484,0.518539336413089,1.08789446369746,0.201407615226555,0.493776483840233,0.2514400213373,1.12256216753378,0.163430834310197,0.606458237723412,1.28392805858727,0.459852584951123,1.37471238521418,0.526072693498255,0.97664144923856,0.743830685389435,0.145913158272819,0.37239228911852,0.0368517571047452,0.0181638720428362,0.715933333462368,1.36469675551548,0.122708882901966,0.626322270268066,0.93562085942118,0.0819761872387663,1.38823644792718,0.993545196133637,0.567677680492415,0.371256236342843,0.291869881277733,0.248996576965941,0.851231061572696,0.145168466410814,0.532035682096778,0.413909786314897,0.289642377564803,0.100775777194318,0.840521359266465,0.400696206372794,0.0498463770501727,0.145409015633076,0.205109244358472,0.0718217938465574,0.47417755618354,1.37945201523213,0.204517011643777,0.134120863524571,0.444952234225508,1.35670406776955,0.436010402486172,0.669292477698201,0.651229647557667,1.27358541857222,0.772843390747205,0.216816427989187,1.66089252476851
6.25,0.184966874211765,0.435343512674029,0.88106343249418,0.963711208049348,0.027625004516913,0.031591112327254,0.531108217790483,0.0246463466727279,0.865833630622561,0.031237901572605,0.328799619051174,0.0644632745682902,0.0179915803659043,0.266997632564592,0.626969158892181,0.225272929138745,0.341893989916157,0.597569433878732,0.0175635918253888,0.431669367139379,0.40206417343338,0.609489921536196,0.113139267961938,0.0923148116329716,0.148164326306523,0.0354442579745386,0.135447527349324,0.113173209131375,0.0867375463677853,0.161364148429604,0.137603319047295,0.385800842113963,0.643251340506034,1.11599038442044,0.00462547329934838,0.0174774173959145,0.40468024868802,0.19376142767489,0.485936579220172,0.776324376289923,0.367805000898349,0.128322512671133,0.101824657597418,0.0293955306312361,0.918328980341439,0.00721635593200517,0.425607484396903,0.320691915979747,0.0383844089584107,0.261125238310096,0.586447007617709,0.0645575796480169,0.379305022129154,0.368258550539328,0.0978460493569053,0.113836416685189,0.119839287895624,0.30021267920047,1.29412340682696,0.0388305386979475,0.639594915034905,0.120668396114971,0.16976027914913,0.514112994317699,0.68429607010728
6.5,0.658771882437018,1.05110689551559,0.0314915507459257,0.650315717311948,0.0165993616729173,0.0465402351936925,0.327544554589424,0.982735591236541,0.364454735392294,0.672223959137401,0.640587446868284,0.260638970445161,0.443654412048026,0.0721301930178708,0.198691388972016,1.62492945946955,0.855757957658498,0.299623624774393,0.0952729049208073,0.457793735236818,0.0362829324567845,0.0234750785149578,0.217737628119837,0.291224373652313,0.315890415354411,0.00183925730850909,0.000962810541571079,0.405399114279771,0.85917815535163,0.150613741784135,0.142340014814952,0.114444713799711,0.0999853588837293,0.19877617750057,0.0728270668193991,0.0221256041456529,0.424870578684994,0.536212551548052,0.479839521215819,0.712362417153656,0.0239619620917386,0.080058643693781,0.0557510083296148,0.229898323221008,0.618660240240096,1.54066886079196,0.36691110775789,0.510010753098893,0.220460794044255,0.068748162480095,0.139649573731085,1.24091662358419,0.561497944385692,0.747980361017331,0.493032540542464,0.0709950643118158,0.314486780483243,0.0267648674732901,0.287532567683074,1.17395491471965,0.205463616393985,0.0985731037017473,0.230202059277011,1.03361289638638,0.0802597826625616
6.75,0.871244579379821,0.574627190198263,1.18258491462307,1.22919122229502,0.137944943254725,0.315533181397145,0.388308180344361,1.57611855305902,0.719717255220489,1.59356599942129,1.28358731917245,0.590161045885643,0.481282280013649,0.902110540660433,0.380734665902993,3.01744006523932,1.15593808640116,1.98422421551582,0.297027528968325,0.426926884112275,1.03569266904129,0.807825214800507,0.0967132390559218,0.185778046930005,0.783822314496712,0.598338688301251,0.155962469107016,1.07367296126058,0.298799922507869,0.473953995942376,0.140871624825638,1.20296884082853,1.24380794900676,1.44378819658351,0.281721163425913,0.02882501558015,0.358329806658035,0.772286491362537,1.13377849403162,0.67411155675629,0.706438666308329,0.364978646395111,0.111404664491589,0.605443794378151,1.36187057917418,2.61211969592144,1.54530045967179,0.606081526586907,0.17943922999945,0.51726876370484,0.421401178150748,2.64566617085309,0.839909660193368,0.548358460157306,0.584370406320034,0.747218859326551,0.011418083743506,0.733817303538662,0.530634768313065,2.60215425104592,0.0967326773001684,1.12277424847133,0.0579143198872383,1.30793478854622,1.5509180481265
7,0.143790211265908,0.0943995833642272,0.0822216184172101,0.00837933511734082,0.0582288959588018,0.105698254307599,0.0780502040685804,0.105401446741597,0.0343736612091945,0.0318471248754417,0.20489794528398,0.0220336789364209,0.383145200955094,0.138860054198078,0.0120464812305668,0.0168672071709085,0.224329056877516,0.378808096172743,0.00826977684041094,0.0534103539837526,0.0897386709936709,0.0910979474312423,0.00332607504866057,0.0487874327621263,0.179630773086846,0.0465025834837066,0.0675008405537505,0.102439725088604,0.330092323319224,0.0297680544384911,0.176700953294941,0.145344838420992,0.117462366191777,0.180287609674713,0.0921995200423286,0.11088838211605,0.0428932108388319,0.0759872745620313,0.134744535379298,0.0938618427572656,0.0636012958099633,0.0616147437661507,0.0222944820237324,0.121874256124278,0.0958429744653225,0.246300627454268,0.105547103964913,0.0887885427913157,0.108969183150502,0.0874265907592266,0.0147128540769187,0.0779557479373657,0.105403282414755,0.13068000765028,0.276162087781119,0.0298454274107441,0.145247939034663,0.117048868252471,0.0157799532042948,0.0261879539936935,0.267938472113298,0.0335572017413452,0.00567175981404572,0.038761374098089,0.133262649936438
7.25,0.118463909610712,0.515209866253751,0.0441948419016726,1.67240087608474,0.180613865665222,0.153203528219112,0.189841770906376,0.502756275028067,0.150464954032419,0.341629535861013,0.962225278037445,0.957455470585753,0.996786806996511,0.350346642798818,0.287603733693182,0.409985773110937,0.413462695472565,0.54903275310548,0.129091224200683,0.423821746094092,0.00126183604975364,0.593382542194097,0.26071759634115,0.198884299207552,0.891298632610135,0.647968067327255,0.458464400028422,0.154277727250046,1.14486799151096,0.559463313019959,0.638754848577434,0.115467723562503,0.0560963837812903,1.39989971745425,0.0906179897739649,0.0910595600933807,0.248661542521317,0.394966743120605,0.0135565709039536,0.900782194214085,0.274540363574442,0.698576008404391,0.198196672931355,0.174597926963373,0.16772868407314,0.869365082508178,0.603345311064088,1.52343498270902,0.602028117664396,0.136725870869638,0.204322731514109,0.441314107998656,0.486320695855474,0.848532440044528,1.36446825548051,1.32016225587076,0.519820543750436,0.170710863691347,0.283644009733154,0.492792138823938,0.28871788233299,0.00888419995801948,0.303337540591752,0.397884315835856,0.343693810136378
7.5,0.0503602960727137,0.240983860392574,0.0433006104594551,0.355753372329039,0.0535546061612499,0.22034331193347,0.881724803609802,0.0232885353443981,1.17064374643277,0.0567016205768694,0.00174767723194682,0.479056687826438,0.0792682434162239,0.479840406537091,0.806446484936667,0.365486542978926,0.122940762888668,0.087153344011011,0.0336805415875331,0.129802458488715,0.0148757858996906,0.172410686913628,0.0858043547384546,0.0685133128582808,0.00599667412904527,0.510159957638165,0.474708643048024,0.165077968142254,0.0299437077824761,0.314781981411864,0.203163256581608,0.38025879931869,0.0177551021125027,0.157405099046601,0.00464840037718866,0.112414909891704,0.245755288962825,0.123888279626649,0.12843812445452,0.361106000656925,0.0189200658259525,0.301867764545677,0.219175718445124,0.104604281321797,1.40918938141935,0.184834908012516,0.0424679389920917,0.47398836839695,0.108126052089744,0.425379964352757,1.15108364327636,0.0309283042272766,0.036436353088661,0.513778488067519,0.0239348061814867,0.417059591423921,0.0793497685660011,0.0787992030134406,2.19354983854931,0.0634481046172852,0.413041240981255,0.0750840650662811,0.150644445326992,0.389272036978798,0.100925263556058
7.75,0.0305651182610112,0.138515742194259,0.389628821738281,0.189925963942881,0.0205989553572618,0.0746494434595267,0.344251450294036,0.0359553534954772,0.626180189568711,0.00244370556923643,0.117188328405718,0.151406026033832,0.333672302285486,0.914765815973099,0.476342758398577,0.373061886611941,0.425157236913568,0.443593259536539,0.0343072146810705,0.204309428197569,0.40286320062588,0.23445412326065,0.069113202796104,0.0435490693512559,0.0656787383443171,0.183982931370837,0.196384579525982,0.252107185009881,0.413185170735762,0.697266760425413,0.356075045792434,0.885313119115461,0.356210774337334,0.338318716594938,0.0867568076523435,0.0393241482622443,0.193541951161637,0.149461226903017,0.194214569689339,0.0974546094516056,0.157224771311412,0.101447010091305,0.137577975791119,0.0415658683838242,0.54177487988487,0.257565850138002,0.115048021179752,0.0594466117874802,0.096223336552821,0.283190669927864,0.519366629602049,0.0192216439823234,0.0450366628451099,0.231708202043669,0.311559869182046,0.769378585517164,0.537168288051038,1.04462353967543,1.18587346818302,0.0393149128312644,0.245390084149421,0.438924959851694,0.0634541601599858,0.264119472074499,0.371986522922626
8,0.517469062944765,0.0525689435256225,0.0823620569380545,0.129885898966578,5.83167484165251e-05,0.178477480226675,0.356480133387512,0.361642276793741,0.106409291831164,0.192495398533838,0.364155052968324,0.282685095030189,0.242124185880584,0.121910570750619,0.0436471350356252,0.403071247067983,0.115865434895578,0.140182157898242,0.25218493660539,0.632628894169516,0.0846743253848156,0.169164453730894,0.1453795997033,0.350239012753874,0.21309271618958,0.0149869281841016,0.105994837181678,0.0228711373387843,0.38707651889762,0.556300187479195,0.112168243414638,0.15255615912533,0.217560805188155,0.220885128034808,0.146428784752462,0.290166699201451,0.437708743285976,0.513129623007895,0.279282102415811,0.0278910750534001,0.0579267483723949,0.0546222870286444,0.0456383290884417,0.367875690260622,0.62980596044848,0.316317429569494,0.0675593640947356,0.0177333780071399,0.215694231327232,0.00829690606480284,0.207253229894496,0.226516630621228,0.396486726470172,0.146327424534306,0.367420906092577,0.133620284186413,0.272609606176565,0.66354393383752,0.0930037760645418,0.249372198150097,0.237737929262317,0.473001591433891,0.384499362559212,0.654533197666471,0.300139676074043
8.25,0.391761568554109,0.22600947694117,0.498586076386909,0.0604410908374036,0.217708620397859,0.359894748815068,0.0536549925185923,1.13683228976765,0.0994863713050535,0.624458769293941,0.298675222316881,0.174516992761896,0.163918180641917,0.237701430174619,0.255715306361775,1.55920004147725,0.360286819705252,0.163758197340526,0.0307253051993306,0.235338844062319,0.193039819606997,0.0618127885867251,0.019355368825597,0.387743938758561,0.357710359601106,0.157470220976557,0.242428073090197,0.79008953738103,0.254305333877444,0.190869248267151,0.221942739666897,0.316766571070341,0.329716640574718,0.0129068862610339,0.0552709705600089,0.177168947832145,0.113075614379149,0.609736752239638,0.7221388819156,0.0965572996078393,0.505614615867733,0.112258724984378,0.15773000700264,0.671420189812522,0.290902561032955,1.66404952176961,0.61200703135663,0.104601184359264,0.278615349734937,0.415798354211774,0.0950369214421228,1.52337337971117,0.5851681834311,0.116657746778526,0.357243895451416,0.163816547257375,0.210017552528689,0.0094367079812201,0.0593968261581158,0.985233789809632,0.194807410697147,0.166362417007941,0.0597323740167086,0.313350185121577,0.0433300550394183
8.5,0.057884559140427,0.0161327941103758,0.143449214347436,0.0733664351699215,0.0119652320383853,0.0496847671934606,0.0586554167709357,0.224742876606125,0.0367166995184105,0.137957811156313,0.00898920880912282,0.118274429514626,0.0483231703423432,0.246733424162819,0.905924516257573,0.461432561593945,0.113412935642468,0.211946759584935,0.0390646085424134,0.0688237751958153,0.0827496683225942,0.0697207792659479,0.0567539258816553,0.0916576489696938,0.00230287288461957,0.105765226886082,0.0180892154122829,0.22906633773488,0.037495808680126,0.186756432920228,0.307339360347424,0.310884076788968,0.287342143257268,0.0892199693332311,0.0588715314413024,0.0811224060872389,0.0754690199903933,0.0917816085495283,0.104690814088209,0.0236269752843157,0.0141810700858787,0.00713582142692912,0.0381268992253931,0.105070161404703,0.0959120923811375,0.248748845380084,0.0723766508592111,0.092637503537109,0.00320019578774618,0.204563003715168,0.270022704377349,0.462726626208481,0.0400809885387149,0.0781744597415832,0.0754300851190617,0.0860334141515389,0.191246237508566,0.208916145990518,0.472451300144349,0.44064659893972,0.436373368007635,0.266525105318934,0.0747536079560921,0.0507296237156938,0.062569290968595
8.75,0.0419197226435443,0.302188332208327,0.0260089390490254,0.0912639132201477,0.399464782383193,0.441212752005934,0.0663815776157115,0.0099977083229472,0.372804462538415,1.17042634245857,0.105749959136483,0.164858758260281,0.0615971795817608,0.116610083368355,0.0592198384171019,0.762650749748623,0.0410626668543362,0.0397750543202428,0.884683952846011,0.231042607120368,0.339411525948356,0.441137032577116,0.51365750794539,0.439324015882458,0.0429660371026837,0.191254224329978,0.0290873174298276,0.120443641490049,0.452495923882597,0.252296935303579,0.0315373104959899,0.165404047252442,0.0816107127907689,0.0912733814171226,0.806820457690931,0.624223759555367,0.259598139861996,0.132453449233433,9.57928096490517e-05,0.0484407465583548,0.102805058375525,0.235381282995914,0.281907398074305,0.180229035064905,0.0063257947520386,0.482414139029851,0.0536121447091586,0.0846055893116898,0.0295202939419011,0.247073375091098,0.0369494566975887,0.0271405330232803,0.131221563101616,0.192029757131669,0.17513272177389,0.0022272450460312,0.248482089709632,0.759480476562835,0.218112688956607,0.555412381601082,0.647199845894646,0.996517020424215,0.536055436722383,0.122439164919614,0.539462306282782
9,0.0166705748778177,0.109221250859085,0.00541785885561316,0.00508779741759587,0.0838029779547929,0.0677389275915455,0.0708432074999611,0.158104787559621,0.0124542829947282,0.370598538383891,0.0241785901273522,0.375559580479561,0.147402969211432,0.325642967938392,0.0515608764163682,0.974269009820919,0.000691146337343621,0.0104464673498536,0.148185361810228,0.285661086659373,0.00790309345846791,0.0202943978148907,0.216500133995948,0.0605121852927023,0.0143301022205521,0.246971302529975,0.104374786883499,0.0140378701754398,0.153381291887665,0.484350361531314,0.277160934924321,0.0940918860947303,0.0307982616825921,0.024735725033166,0.124468081903058,0.0571598629860694,0.285105389219201,0.0295734350875688,0.0191631857134955,0.038520731445741,0.00820434392011138,0.00284779108213373,0.0603046147667882,0.0160662974185903,0.0761769719058228,0.609602003394623,0.0160858025933566,0.109853725436594,0.161874614629842,0.181247569212443,0.00428548461215488,0.503520320310319,0.00474582953864875,0.178086040267424,0.0498176590925631,0.833021506944283,0.0896663467579716,0.115517783189378,0.0936582788210822,1.05689545332853,0.0777894337636357,0.141722597217148,0.224989384946531,0.0995831438250419,0.0138605480140642
9.25,0.0567903810381154,0.0422954880051015,0.0483454900085903,0.0968064374943838,0.101407990085782,0.362602173684512,0.175894686544776,0.315839683852649,0.146861088672868,0.0260105462551206,0.038315279667526,0.0784691685151799,0.0991099227662575,0.0572934954686746,0.416801014832504,0.565967762626437,0.0202460698928152,0.0189536777997765,0.0332135913811579,0.0199176345936807,0.0115513184450494,0.142364587759415,0.0314438247524395,0.192924466176287,0.0178851238181978,0.0345130182492684,0.190379219297879,0.0900159737002986,0.0570632534938178,0.174754331358359,0.184412892568643,0.0103962739896223,0.00475089512985952,0.0859842787458513,0.0341548361624591,0.214218870488746,0.0436104868972215,0.0518070475808596,0.0127176743672999,0.0259234801103384,0.0178666316843096,0.170069370436006,0.109388107943906,0.373106186362262,0.229186838883114,0.069937319848599,0.00445249713964272,0.0555741648828544,0.0508322747865291,0.0329686465812564,0.328648871449276,0.40631945326762,0.0304717321470777,0.0264619698665962,0.105047586708565,0.341355462406582,0.101276404275371,0.0202007816954102,0.388087888214735,0.249453966264917,0.0527031274584893,0.0287117346909927,0.0256981647576662,0.0374860981406738,0.00859925062458537
9.5,0.0531024143226448,0.00804395040383771,0.0385582904331636,0.0873449686917268,0.0674259686239512,0.548510557409712,0.000260751090951675,0.0808892460973014,0.480554186951976,0.702050990557555,0.0982004707119648,0.0908524368486967,0.00429222175654312,0.441339734486903,0.0811038628126125,0.114166303707154,0.0125486970074648,0.0171123656159846,0.109089117572948,0.0671636937704556,0.0157272643504823,0.053500281437324,0.0179373632588282,0.127919289513201,0.0687729129819047,0.158054775553235,0.012882339011035,0.465600502549275,0.0128157533127896,0.0594201789146155,0.00687746409185378,0.333630079216615,0.00710915004403944,0.0153122559150423,0.044814818171026,0.190923233145904,0.0121831815689651,0.118968607679505,0.0289684245059447,0.00157502898031957,0.0532654280367297,0.136065788430037,0.0252709419315237,0.318539324789427,0.107847521676695,1.11254181225736,0.0896707620751553,0.0687427154416495,0.0240463782741623,0.538052206360852,0.00822271454672375,0.0206621022511214,0.108477170081897,0.0662753010284766,0.0723650642247596,0.340705013267234,0.0870026695959701,0.154134256238364,0.319272737830131,0.475978629758293,0.235175286956585,0.120951266348231,0.0907116791373025,0.306865270504596,0.0330725019368812
9.75,0.0804678796943186,0.0555057873843325,0.329069714131474,0.281123144630972,0.299240297983301,0.0275025344122194,0.568175162433474,0.763158157316032,0.629146805432172,0.972274072720783,0.139521999027386,0.312995086765718,0.476032652097643,0.571526354472926,0.568961074801005,0.607713065251874,0.356856224492884,0.654091776840299,0.388663377448451,0.0967115684163037,0.633139008706844,0.393853014696453,0.230069136606652,0.0381958773088873,0.28520907948711,0.200471231125811,0.535050418623202,0.526084123347386,0.314696851974846,0.342647139863953,0.479588825040191,0.416646550412168,0.479925381440424,0.552991258029981,0.266963978358357,0.245045690488467,0.148540759384689,0.125761334178523,0.296911470886154,0.099943371950651,0.306646620763111,0.0944880267980266,0.40509565212691,0.0969937471164113,0.87678726571716,1.80062624111398,0.185190639747108,0.185164238937479,0.379978902940344,0.436958062837273,0.762410993216421,1.07589731281434,0.0744702469504929,0.0934094199525462,0.316615170685728,0.747228273317641,0.283316715317086,0.210702192567913,0.665374302803694,1.59568170082485,0.513386140297149,0.116471694162478,0.0686809666821431,0.540855509724424,0.854626755502425
10,0.14343448670282,0.128934092249849,0.413130462173507,0.279122547581975,0.735435340356479,0.497939650969218,0.839522403633235,1.91821299642893,1.11616859305949,2.76613394292031,0.224646615755123,0.848816370842601,0.207328169501155,2.50467363465659,0.510384095629004,2.99798594447714,0.117305654608331,0.205474859076897,0.556924367159321,0.283443459258202,0.726296022622515,0.328403468059236,0.713949533714364,0.0505084840050279,0.390008503881965,1.41803942841116,0.56994943620531,2.55660848385393,0.178742063130298,1.19039024447114,0.33412598092572,2.37087660938196,0.297735775260197,0.246717123122762,0.820524403257521,0.173229397421305,0.722346811370016,0.063960094843598,0.202310034996897,0.13362778409202,0.786013945608496,0.395724379755378,0.880381722480564,0.858072894057332,1.25051742033456,5.13946481497936,0.400010982723702,0.400036395428017,0.473492619173246,2.31957811876574,0.572238057657387,3.89022498601116,0.210072361001277,0.354696177350044,0.315722640243132,2.80154835239048,0.0951923908315688,0.72021609292598,0.650699882802552,4.65925994316004,0.399253919666011,1.08939091511565,0.362851598295789,1.1075947590497,0.468398889537693
10.25,0.207671722403398,0.0322335973820608,0.317121884021014,0.115290991466487,0.194230203619918,0.0793573878288808,0.272411129196536,0.0468533822347058,0.489023842222537,0.147375474995276,0.0517477672603269,0.317962847067338,0.00456117130739576,0.62410592216253,0.785472918958722,0.15362111187854,0.343547115558097,0.527532662110503,0.515095971676821,0.294318307740785,0.666710082135077,0.469949971987375,0.313832148814496,0.16598878745704,0.041201317831677,0.30065091571371,0.0736214117324055,0.357906893659009,0.0603924231559094,0.458569846450295,0.0894696682323025,0.255645353188894,0.587889968994734,0.494499072153293,0.43555699672696,0.383553390580756,0.190803211891422,0.126787892290134,0.411209630001564,0.115559493304609,0.338494373548323,0.0157924064407611,0.156010266408799,0.0411984120134143,0.929396445775551,0.0812129358017345,0.186357910699701,0.110982715080895,0.010239381662922,0.441254312394351,0.585552796511927,0.234060020991198,0.0971658158258303,0.170444952549827,0.0567281210084218,1.25553819497127,0.132742457957126,0.0797031360516177,1.38345876567997,0.380567922387467,0.529133631777034,0.0878855889405758,0.38132596205469,0.21210425122657,0.689218381211633
10.5,0.0574213536145814,0.0844314332822257,0.215588454022513,0.15177870081072,0.785724973487458,0.193420708851639,0.17725663188426,0.987053083639222,0.141534524334333,2.20384992120888,0.204856201126971,0.175952118710394,0.263150644210112,0.877504327820778,0.00893279432107491,1.69169702762552,0.101116109489828,0.283122454671988,0.707824825871137,0.188960054842001,0.490594772265493,0.370807585885447,0.776996202595077,0.148482598766393,0.362187338420922,0.343083064567054,0.411938319386302,1.09781235336378,0.255064982993343,0.519966775278906,0.0806113261647522,0.970630145303949,0.216196786830921,0.346476634105778,0.93870500746673,0.416782416533842,0.265194036235205,0.0546190421338721,0.0624933860437011,0.0247419228707942,0.418687692243702,0.0449231065411809,0.873190456338365,0.323771639863234,0.00295669028678345,1.79436972380558,0.273315543016741,0.000962466487226793,0.438093086428566,0.741484962168163,0.0166200354463385,2.84820065655792,0.0925554063643056,0.0461894429538658,0.343255255691698,0.630941936153129,0.0366924328036068,0.438995104730122,0.0185524890290624,3.94046755683462,0.241363851544312,0.757625202410157,0.47162603730336,0.0251843238540261,0.448624522404797
10.75,0.00466233846548,0.0246461794376608,0.0795333454485376,0.118565394146133,0.28112880837092,0.0294353816404458,0.419529755019527,0.734878651244091,1.88685418026459,0.942916537847267,0.0529149770504886,0.194490630087382,0.11889754406208,0.585892966904177,0.56868671464779,0.222525483447017,0.0868299438995294,0.294451999307651,0.107943833076995,0.191332994753767,0.0896823976561813,0.0764915235480347,0.297795736666942,0.138021487484464,0.0851426806231853,0.379689864353658,0.385849628659178,0.248807403622282,0.0808518457951955,0.451432237115951,0.377415488163276,0.428013796882198,0.118732672914768,0.306046263114839,0.246552935525862,0.0424003924996813,0.352601750982837,0.24743593331856,0.0216786804060413,0.147019634463862,0.146840929715052,0.0662268123382705,0.33330949773128,0.0804470580054133,1.13222107840401,2.3423290631463,0.0670492287996238,0.0853840192822685,0.181122791218893,0.639969058074047,0.616882366211813,1.29311678391512,0.0697130218482784,0.0200971812206191,0.11716268691434,1.45624693962365,0.345263191912798,0.488920957246799,1.11941630845442,1.49548729879532,0.496338178491313,0.16245223723341,0.260600747394673,0.119537840783951,0.187630363801913
11,0.737102585531911,0.108363737553189,0.673914101777141,0.0298229856461438,0.521075582166096,1.25005753247503,0.0123450632906654,2.33660382201456,0.426473963304064,2.14787998099314,1.5166109703161,0.0975172840371396,1.69849509895997,0.842389866347867,1.09846957734373,0.818280620043779,0.280834963390827,0.185110665088905,0.0912465895120772,0.561143588639083,0.331415938018723,0.0823434822739697,0.027914156604878,0.612022140791061,1.38272337367802,0.573571462041761,0.689887273239594,1.4363537123663,1.88749934270618,0.147946342540872,1.39052541673796,0.68159602959472,0.342648376819332,0.00777359062365776,0.165539395315517,0.293839403276145,0.118574822137034,1.17967650260674,0.753820585115055,0.0372611084763327,0.791484538792336,0.415344205395843,0.168110099092248,1.5398299304093,0.247486534578633,4.95259916511135,1.321450707531,0.0512201373385894,1.24169302578173,1.13552781943557,0.208847841681118,1.47875306709736,1.11685799733281,0.0628356399201233,1.69532337463537,0.48813760118064,0.970688440723524,0.134420330730288,0.234359254498549,1.29858432838738,0.560354639911391,0.0338146589945443,0.121133503389526,2.10873751513776,0.120965298990421
11.25,0.620444225018154,0.0962794522743135,0.737434064950447,0.297176155389816,0.491237979574699,0.219455144183484,0.0233123508876384,3.22099804114585,0.0892796695665873,1.67232032337558,1.02775847848135,0.169049259133884,0.935127509891636,0.101907576787085,0.399518880343633,1.13286779688558,0.300653140491289,0.290699128184102,0.0101377823900387,0.97285002413371,0.505954698212492,0.0407982253039378,0.069252841283333,0.675473118164173,0.826745239613811,0.121824043547382,0.356724590243357,0.991058054416992,0.767133876135369,0.134565902193488,0.748120411523953,0.410731619284683,0.613124559565353,0.246881170355692,0.163637032421712,0.0766655661943456,0.267788718628762,1.79285070234563,0.522564817441615,0.370380210261688,0.699349683038633,0.0887910196025267,0.096618904277005,1.18797644993265,0.444503657512492,5.50016121952536,1.08154196848045,0.235133158195106,0.591123411441303,0.159018256405345,0.0237822570822314,2.53062701193574,0.772767962473781,0.087105991365659,0.760334798153096,0.238623765170052,0.869867019768897,0.112791015395839,0.0601119916100913,2.31004879508325,0.345902815034383,0.203991758790814,0.337802725103376,2.00227875383873,0.171287893497825
11.5,0.135122321744244,0.00393714695357717,0.370723707352972,0.0560605875755722,0.492253472535075,0.123652357785776,0.102819743741042,0.661129787114803,0.0181669496587944,0.307398528504739,0.42893854934796,0.171370461637115,0.407860427753263,0.745499402912837,0.00424540799979954,0.66329502589582,0.0552057547859534,0.143584512663146,0.111147472183088,0.0697988731758431,0.296609073296721,0.0752350741346181,0.13906556765939,0.0309953588782192,0.361818565964635,0.226180124135517,0.238968550221357,0.532073130528259,0.266424909408006,0.482292923718504,0.110300106390858,0.921200542159904,0.226578105180812,0.0709400876251083,0.391632278839469,0.0791265550577811,0.0791532618367721,0.116080583913448,0.172968418803474,0.0202499333020998,0.41764996929219,0.00410543476697518,0.380799308855663,0.4454774328711,0.282957262311158,0.868799362420564,0.525192634784842,0.0718988238945093,0.291602439398828,0.377175362721009,0.108781050543263,1.005461843477,0.263850640878588,0.0612404905208964,0.25100780432505,0.543226397065221,5.16006591340653e-05,0.7016766531616,0.224517934920213,0.494344523735958,0.0856531526848432,0.255633622919706,0.0376308793265145,0.236310416988587,0.172931009693138
11.75,0.171692528303471,0.123686044336815,0.0457872998545143,0.113632431490922,0.0446684243838406,0.123470822276104,1.0259754758097,0.214658914531358,0.418571531553482,0.163145265148161,0.541277382668715,0.214125816366118,0.43541274130501,0.457100943362018,0.410667704175627,0.837325269040826,0.0386358920031702,0.0117079287313041,0.210492946556518,1.05715900446079,0.000220458342827018,0.139832958144919,0.408223848697769,0.389952754029043,0.305132352499643,0.252721098200102,0.164414258420298,0.26199843106388,0.705603628175049,0.444189580128044,0.454315628855179,0.642283732053434,0.00358915789355876,0.0382279878310739,0.141866410401573,0.245175284095774,0.946682073991791,0.519505379046745,0.102459252413346,0.0337959660314178,0.0449783409520333,0.1138057934651,0.352900945766714,0.127811143190947,1.30860229980541,0.108775762283827,0.397381243166903,0.0899403501583596,0.198902653777079,0.240954928612026,0.691678666909612,0.398386356482767,0.360209954070005,0.231521473648471,0.532459688193107,0.282072557627534,0.525496701429514,0.595802436947214,0.674831535654448,0.512629982792977,0.33954936301313,0.626428370220889,0.466022828251518,0.768402157071001,0.111250592221278
12,0.136602345882332,0.034425268771412,0.0830845076085314,0.157605054885798,0.0196870669461823,0.0961771470212224,0.436095460931371,0.126257307873155,0.288277905722095,0.178229456811432,0.0541771489288971,0.160211022082149,0.233323357170556,0.189063983024544,0.151378638134679,0.942936044071226,0.347580070418925,0.212824201015405,0.0178015880576051,0.42785948577209,0.0494709813042353,0.0657267956708468,0.107190202366893,0.00478832652656176,0.0577854026772126,0.24128339051071,0.162464301891628,0.27400659646454,0.177877633409241,0.203056166795819,0.21655256671752,0.412150756889888,0.149093721746218,0.128331447074062,0.083255128339892,0.00846016296904032,0.403519585081319,0.0342016058451214,0.294015096567632,0.0452301094817296,0.00851195585179698,0.107028359950287,0.0969413568368002,0.209403492873693,0.83862617494146,0.0131910011571117,0.0402544104695485,0.0837679989820032,0.0413457694590804,0.254501930308088,0.193077140464419,0.624531670310492,0.0470756146805858,0.0293889793813206,0.175436955877828,0.16646416662841,0.23670018578282,0.506215223401322,0.212519300974821,1.00056895538879,0.183638188267263,0.573989728172844,0.0849242533657815,0.638221727923264,0.0734056817716993
12.25,0.0570850857299272,0.154179490530559,0.0696876312910592,0.0804186007669517,0.0579718603348171,0.42505455567536,0.13246558127479,0.530258883073156,0.841106000823939,1.12209136327476,0.135584616934535,0.0349179156911488,0.0450848125008873,0.00189450380381396,0.255355053535163,0.0989816562045466,0.0470245452838666,0.0371105775853499,0.280689000808272,0.0623256941172933,0.119590894954129,0.284939711646506,0.0056749913570583,0.386961241668679,0.0992225406318024,0.0357622036729694,0.0628933073474422,0.120730693267449,0.166729738378382,0.160508370814148,0.0215762362708577,0.0107620807412518,0.051137852773433,0.0997600114548323,0.0388855701932621,0.476690568991755,0.00920259818520463,0.380060823322493,0.0429189910642135,0.0716548199287949,0.0952508142006577,0.160515620250246,0.0170732883508447,0.400667180401204,0.61124369252905,1.84516194773823,0.0888062579107057,0.126525753736456,0.0433481804273123,0.0592495072050194,0.208649243565677,0.418810907042301,0.0525681865737921,0.135896952087734,0.17199677632302,0.0712327184546415,0.108758039632936,0.466727419321563,0.628854835364634,1.09454040868672,0.527708289707247,0.206442830508777,0.121647443136832,0.656964932100129,0.217898758569205
12.5,0.382862249596661,0.0332681215493021,0.627795091571279,0.255361443073555,0.199004103560895,0.323473486149722,0.0917244007487489,0.105429266585165,0.176704593361857,0.77845460094544,0.281766458128953,0.0520846302297252,0.434844198627544,0.502060743981499,0.5142218776559,1.16156522505412,0.485301775741395,0.805225217261761,0.583120893568969,0.677572026765853,0.707108506643015,0.59631840247801,0.380225603535744,0.47621318317721,0.178567814644258,0.0219230118270134,0.0501138277568483,0.233366873097681,0.580547331322524,0.328135563001035,0.738223948819825,1.0173465777335,0.705959530926528,0.519761078090647,0.529120642997564,0.474901545715817,0.397945712039934,0.334006245658279,0.513668959254115,0.193350677986584,0.338188033448322,0.170360719013966,0.0901420317215344,0.267734046431138,0.0342585618388754,0.480673034818074,0.286083404094563,0.00971808091499625,0.0677102823194742,0.0929306845121796,0.0129056187273068,0.393393973734558,0.297598650682014,0.0234012919528111,0.427155088878673,0.293499373175384,1.10876046329104,0.850192534245847,0.0148361339399399,1.1883087729196,0.675191751755335,1.1341625530338,0.536424260326835,0.320077666991942,0.885639581091966
12.75,0.0398443439344429,0.0797722708187462,0.0623235839458981,0.0142333134867698,0.222167643051975,0.069538781092241,0.012186064927393,0.0657532700969744,0.152172426866047,0.0432247552673318,0.0791596891766086,0.0112489045592524,0.0201339597591879,0.173475143337731,0.0843997673893335,0.767807736749856,0.0375139009847892,0.0060203058366831,0.00267111255879615,0.00326864643931362,0.0493872922861618,0.0650174907553441,0.0442512160240217,0.00451501031413928,0.174470126613596,0.0236378851625843,0.0759610428079043,0.15772956806805,0.0516282174317017,0.0287761465680109,0.0154304684106205,0.462023860158497,0.0376446091336152,0.0193690025764885,0.0743300438255419,0.0289541645565088,0.0205128621028543,0.0353429404809471,0.0708685249108308,0.0644976008903155,0.131052187345837,0.0561164040876345,0.105271350324183,0.0450036378740902,0.140727827653444,0.126688873952822,0.155515689068359,0.00280535405486262,0.101826522891198,0.0259567707691454,0.0113775062569187,0.245781446466596,0.113553329504437,0.0177818792083171,0.160552776452912,0.014051663712091,0.0414102152650413,0.533771461334968,0.0884888775790191,0.291459675607772,0.0653393432079381,0.35201772408742,0.0202793795301025,0.0134245214044595,0.00591856944077304
13,0.0637667069629169,0.106303810904903,0.099166361936536,0.157958494240416,0.0154538942831945,0.451919085538647,0.282668580694361,0.380740000463007,0.686709588474401,0.071335981876665,0.0168317664035896,0.281934074015391,0.11609121627582,0.268753599073508,1.25231953442017,0.35860255886805,0.308862954787427,0.300497355357273,0.359910549504686,0.328837292148338,0.195245972025768,0.206812849187973,0.108629983306569,0.443854194752039,0.0236365436173718,0.0923899552712135,0.237397650006162,0.178617555300484,0.175712692868738,0.553905884922529,0.392002585682513,0.5193661828817,0.319726861813264,0.202957834223843,0.0858430564562526,0.387705405272271,0.209943532740055,0.350395272281894,0.203356897515646,0.129482828816569,0.0212650596892149,0.133420315194044,0.0341342851829792,0.488956170021564,0.687457661464016,0.494553887449537,0.0341642266400943,0.188603988946413,0.149595769615679,0.167369938615797,0.535127377364189,0.0451482889694521,0.0406522420746821,0.403095960178112,0.108707010703289,0.274503434928698,0.632720047393569,1.0062287340903,1.12321934814959,0.0807838969174954,0.656485389205497,0.460376308650784,0.32882989756003,0.345396377439926,0.235446671559025
13.25,0.314438633200494,0.290214640074975,0.960574355838161,0.341060046288529,0.502450762820246,0.0872408300122988,0.0186175795343871,1.02313743438836,0.393005820401653,1.42250564843852,0.575100904678378,0.0238145570655224,0.172781339134306,1.00511580015739,0.161196357480494,2.99774475385204,0.613840673094792,0.854327606772672,0.498222906779217,0.07166149210671,0.783986973102796,0.534685435046509,0.246424827255544,0.127405573145518,0.498086106833805,0.0715334863697949,0.071746449230582,1.37298855146537,0.0866050653508904,0.293719362743311,0.0760451268173643,1.86797986142011,0.711653246196155,0.851141710708834,0.477816788299671,0.117022771895606,0.0813874687635946,0.146663185401536,0.614454769257077,0.4453221145236,0.741360383703292,0.0516968298617113,0.156891738008741,0.533095719759117,0.181293136078871,0.798452687650587,0.96741008652521,0.0484347286624897,0.229006236594186,0.628727112565849,0.0702349024489606,2.60683105413089,0.480530791224034,0.0419739341113093,0.405765601560595,0.440831224780066,0.0322958122986773,0.705629407803621,0.651272596393811,2.4348154334193,0.585598522898555,1.19401618228343,0.175558863558254,0.196930780055131,0.85265943383356
13.5,0.089174111718704,0.0438608043913326,0.178228524885291,0.00652525820786012,0.407981004491022,0.341729314365302,0.331960255369522,0.523693401776829,0.435106227743382,0.606457080676904,0.310867596948995,0.102909313377151,0.563027987654935,0.745200122883107,0.609201976774795,2.14352781166584,0.0449501671031039,0.067178181388586,0.133012445041287,0.00587425129293411,0.226299208807931,0.00925334985446782,0.238364658420132,0.124190375888402,0.455346344515891,0.303537473638996,0.65644860212762,0.795727063571025,0.240881867135106,0.309951839082707,0.411471694946392,1.26109546701474,0.0671325655402607,0.00243991987954924,0.218668861208433,0.0913066054429183,0.0995315631952568,0.159534450431471,0.0749033276649947,0.0117795937123303,0.270433744189284,0.0854525463417895,0.365218350794937,0.531326988964744,0.42777926676237,0.737748959890809,0.282457712797192,0.137097756532637,0.58207202530273,0.713328817395347,0.61698095679226,1.17680301991056,0.205804288299875,0.0848889768650199,0.394850769245773,0.568111187441364,0.126840932923815,0.871336703507433,0.954143479361426,1.11389743876098,0.1031767275331,0.762511690668211,0.146282794499164,0.172832446003451,0.0607026051887612
13.75,0.0729351148144863,0.102063595728329,0.350353883280669,0.144933081099345,0.236429011486149,0.071344696853189,0.133912218060046,0.432000569770252,0.233055708491077,0.892317694464064,0.0239559384492403,0.0577756264296478,0.103194961236684,0.276850769701656,0.593837508045235,1.70597327901937,0.191986977199443,0.275439907335708,0.20475637727726,0.0699323898328351,0.494427959797525,0.402571502477711,0.214058523455227,0.0267286403383722,0.10022390591682,0.0658517195579406,0.0337687840529523,0.329531280002874,0.0378385842421319,0.0629625001999788,0.307691058335562,1.08149123458917,0.326458412989747,0.374068131772811,0.234392316372839,0.114130383639115,0.134960917822892,0.0211832205757777,0.160807691827402,0.150054649249944,0.263622972410354,0.113803439967149,0.0841087174848824,0.115059637085813,0.366839521180524,1.16979041656635,0.120924838501389,0.0461821698827789,0.0367924232012559,0.0765170981035013,0.177846163447893,1.24448050214159,0.0386572291814144,0.0827297817619087,0.0521822021071385,0.0156998977711843,0.368067500712045,0.464642998833294,0.700032670056025,1.71215554168394,0.249406088863554,0.881575947460803,0.0948887200972861,0.0529804057436475,0.408174017373466
14,0.106650450684315,0.0877580077874154,0.137282028831783,0.190918473385844,0.272791343799117,0.114800465238332,0.0174824178102569,0.683942117209873,0.0314045891529079,0.787599833280453,0.267256611500446,0.173378749465135,0.394301231197313,0.127349929013964,0.0203185958672189,0.469226876001373,0.0841103187456291,0.144823883725323,0.0550308444808712,0.0610709761164538,0.0556638055024987,0.231365557352677,0.00377175901682649,0.0828164300642292,0.446000444757451,0.0845948878170822,0.131662112415177,0.304175022529749,0.334062477447486,0.0585708100996734,0.222925472915104,0.318585067781869,0.0281254516878772,0.302337581901131,0.0237987158232859,0.124743039974494,0.00853886260628609,0.209816774294987,0.0542483088870702,0.181055976034407,0.212367743083369,0.26951750795386,0.106092778667276,0.242675451816067,0.136328869232178,1.83074996024938,0.299047923724495,0.246435059162158,0.398768958596423,0.103185247908785,0.0623065008892171,0.776757311811267,0.162138884441732,0.192491775188422,0.530856692495891,0.0501124549156807,0.356110737497215,0.327928463035701,0.334039231049854,0.977134871999585,0.066509639276659,0.298607034742737,0.0330273592066953,0.200710580933754,0.0891818953900258
14.25,0.124384319371984,0.186974355248034,0.118959140311249,0.135429044798282,0.0552799796927369,0.24321840633037,0.0244191369246859,0.57850176010389,0.00590019631547539,0.373877247372379,0.404049168305482,0.0602778975006162,0.432968237309537,1.24261282352676,0.273868783377221,0.504439909184613,0.106954369294245,0.064741533771027,0.0250130011726137,0.0146408016097763,0.0561167800698564,0.000890458422475278,0.0215480448797564,0.0277230551444243,0.356110116886388,0.24347478121999,0.143290511437764,1.26314851857315,0.466592090431747,0.13334220787468,0.334057994344068,1.19795074129832,0.0919133514311681,0.0625288366705456,0.0293874846989034,0.0200618015012739,0.00121201944784797,0.131555482476863,0.186587845766259,0.117386503955635,0.1110708298381,0.114627460661511,0.053721265708242,0.479915295999117,0.00112398769357017,1.23542897867436,0.310993942367333,0.291053155425023,0.222613019802988,0.698568230761363,0.0855421168293943,0.868059177537329,0.295182947520997,0.133765022901837,0.487884121424859,0.473946540979107,0.23364990949997,0.159649798315216,0.0575547336279641,0.594175056304795,0.187389990422788,0.103679407182753,0.00543974820817918,0.265971245319717,0.057701120382595
14.5,0.296518797009081,0.0427474510460983,0.332506060299336,0.0643931616754488,0.153159082275412,0.238222571473923,0.2458184893281,0.0399603575286072,0.079319554183208,0.126841561685867,0.473631701105808,0.0665884483912262,0.0732284613292697,1.52805361658509,0.40163322166084,0.195859875048531,0.0411125383047057,0.0220525698040369,0.182905707654839,0.172424500709223,0.0128043509502401,0.237530735110585,0.135993681315745,0.207075289511255,0.352232358132643,0.114969286549882,0.0909081530815945,0.764899059452645,0.398537631789005,0.287048741998825,0.196670970294966,1.49443917648961,0.0296903030246046,0.112443984329422,0.00659489688920724,0.27869600683885,0.263238214368436,0.10935444478407,0.276627373718354,0.00245161096254319,0.285211612840211,0.117947335069543,0.0328114584267156,0.195030557141223,0.458344145803094,0.0880707075655975,0.659473915443281,0.0570279162830266,0.192667462602615,0.376870828944359,0.222871350037964,0.0925512322567327,0.587036336883835,0.0659710422556549,0.477585908401249,0.62104789911992,0.218891361994477,0.470274548332358,0.264480767584261,0.359337249970924,0.1751070679815,0.236348246071045,0.230434587696736,0.152753950817041,0.103758880768875
14.75,0.0328804639103047,0.0858520824048206,0.10719818119327,0.0327681072886559,0.133516570774706,0.147225224699195,0.247447866421164,0.00353238787624789,0.0388181889586644,0.0934625659284196,0.0851590318213059,0.124581743501985,0.414315509335594,0.923204536902493,0.924129092737777,0.554933337093724,0.0631070815928712,0.0453192266792471,0.0391112195911397,0.120603940751632,0.0247843517331141,0.0214389545559986,0.227201281026762,0.0258455053765878,0.128392001148898,0.0964405983175645,0.341864266299618,0.32718268940575,0.161705493932805,0.277601331274965,0.727690531344747,1.17273783686032,0.0269832369406184,0.0202050294623841,0.157659681479423,0.0428174835663472,0.152508746786795,0.0435665826309985,0.0460597502487821,0.0902151952114109,0.0392899025371111,0.0294896689808605,0.218548519084022,0.0440916057136546,0.0964789637768031,0.0247225376620967,0.0724636059060475,0.0353939797279641,0.168866507582808,0.0972057693423629,0.277624250840693,0.190661718199469,0.032783836417274,0.0894831620586264,0.184682739477005,0.512298223437934,0.373779954409835,0.55056258249942,0.231053373582625,0.23880421999879,0.128746821033421,0.337337874040082,0.105830563517634,0.0963149117196262,0.0426230307153879
15,0.0788684186790518,0.132822963193673,0.125967849267418,0.337820474870592,0.135799471019342,0.218881806867019,0.0177976420328849,0.0955084419220609,0.0563555297580978,0.253752526700259,0.209714265702439,0.357633033816769,0.22718333907421,0.773184542925759,0.932294997347515,0.710870423462979,0.0909975828117032,0.0935642051072164,0.0791783743135135,0.140950776171085,0.196310013402945,0.0349101923689752,0.0623797372089906,0.0726552696914187,0.153958385492266,0.341623299158573,0.117222862964406,0.492961188616565,0.0782207333158387,0.365750152589974,0.559770786464768,0.78537995442739,0.143528300264516,0.151810397830661,0.143800074350268,0.0167533363765196,0.0801958851478762,0.0670921359225015,0.163077729818035,0.325494957678837,0.125140892579,0.0928869171545093,0.0485716104008872,0.137910195471292,0.00512326700296022,0.176080430649691,0.272934871168848,0.414640844305062,0.0588260497969794,0.699604714151806,0.132476449655155,0.264115988960145,0.110137847387813,0.34876032020865,0.134948227846046,0.949911225171839,0.306383589290461,0.321510997785176,0.40236162034561,0.53827689835057,0.255347043222394,0.292405892021927,0.140715966279245,0.172631523753523,0.0613883158284849
15.25,0.0458354933272875,0.089614541159599,0.0973082811425156,0.49991838742584,0.224079151275147,0.365440998512552,0.186620291317252,0.588736066624659,0.38067295185371,0.384752363907441,0.0816396913658943,0.318921162505154,0.460354048179629,0.851993389067154,1.97033660555583,1.17658932615511,0.0363100304288284,0.0605483066879296,0.0721803542962019,0.101641304064843,0.0937024478970811,0.0619195204860505,0.124072911315245,0.0519280865610992,0.148305437779092,0.48490762541979,0.517239419292287,0.956661621616388,0.15906801505136,0.227840853761485,0.959175667826892,0.882353755830639,0.0566615435361264,0.172101305610168,0.108564753780237,0.0315373776219923,0.0131019272017305,0.221387519170206,0.0417151395832094,0.211246542943513,0.129100226311654,0.326562360754166,0.25391137482481,0.280050669974067,0.212641976359313,1.22211701421302,0.131984022233611,0.504390171594197,0.253085228022976,1.0159145714246,1.039660086615,0.900954735391433,0.0828528300819388,0.218785410140941,0.183576754716587,0.502167093083766,0.494156381067563,0.517582518098075,1.78736011519173,0.828833083167971,0.791634951275826,0.412302902358781,0.0466872228996323,0.136715417493251,0.0235457469426552
15.5,0.0374546900629975,0.133259341731722,0.300174358895125,0.156960344370324,0.0940321749126436,0.156822662392725,0.053825310336555,0.159547069196975,0.861372893596831,0.396693094078613,0.0859375792850813,0.168033303894288,0.0780173332228811,0.541662966063773,0.964760259212418,0.291233710593888,0.222361933986888,0.275604817406806,0.133008501461462,0.0290787072693319,0.4281702616578,0.32687729649937,0.0188629391942884,0.0359325083291786,0.135438661190336,0.199596071360357,0.0856919856196302,0.327228941602838,0.311743360461686,0.07570059212385,0.218773833483669,0.526577901828167,0.512905435939012,0.19325540941484,0.112563061840427,0.206618306917067,0.0204206928363325,0.058014088041276,0.152904707888035,0.200600128715582,0.240717346363945,0.172642836561226,0.00745622721958329,0.00573141258247346,0.227847704280249,0.549156167229882,0.271316701327888,0.459476491799629,0.104667884462282,0.444452893809183,0.316093545227373,0.295241204767724,0.0850188704211906,0.348915680187956,0.127554481426929,0.210135901996909,0.552780281558221,0.231906954181701,1.38082190917398,0.567328517367099,1.22108330331649,0.373649651075806,0.0507946405832232,0.0259691946997104,0.379179064102787
15.75,0.0821179513767479,0.070353806766491,0.0272603264979415,0.870469818608129,0.130319920457628,0.311770612453405,0.135718027549319,0.166766973526149,0.453735979792123,0.214345635106657,0.134008483047825,0.439524492230417,0.558879569473987,0.451558957200714,0.433462901936537,0.255351919269908,0.0723993096785215,0.235949928080934,0.0549312548045944,0.013085320440873,0.0943337078502429,0.322438827216734,0.101153953263525,0.123099383900796,0.152491829578076,0.458656779330868,0.272423574650629,0.233604784458569,0.648470501212631,0.760974864156841,0.521044447697098,0.428087674273999,0.0508070593806949,0.453275236644532,0.0735007989790731,0.246212931061509,0.0356253480487659,0.107204100090592,0.000630068970828043,0.269305140779827,0.0250816676907814,0.530950067672171,0.19028873366499,0.195340115086684,0.121361235418004,0.133779341411923,0.0299726326076865,0.717123413674925,0.198915011535908,0.341479063252967,0.225853068409586,0.114033746193567,0.104214661265845,0.383758383903365,0.335739696229793,0.649119002390208,0.646073144217831,1.45547520585717,0.567904094939242,0.33171443003467,1.08582813526399,0.775712294618462,0.0735875575510161,0.00146375211423077,0.18227152470872
16,0.0295540226864681,0.126359778126184,0.0157068915758457,0.592091602759161,0.0411489129906968,0.417781691595188,0.240033115431734,6.11352511916066e-05,0.0691097053800398,0.293424470100565,0.0168393087114626,0.0582490235727557,0.0971317275004155,0.0297644228074668,0.457151240198147,0.159746424231399,0.0424731747772627,0.0498640859772918,0.0337088332794104,0.3120748890486,0.0294980412425127,0.0301381206065584,0.104242851445249,0.167519212823689,0.00229102989801406,0.0369610181707979,0.0707494079244118,0.153775481263743,0.00129589400677309,0.0222485725414786,0.573776071818222,0.00113107048335785,0.0649641059245335,0.195926075163731,0.018227970269473,0.0369519531604235,0.304381117057345,0.141287329062573,0.0151927353798238,0.188700292160676,0.0512488692680355,0.0954743907154033,0.0121230281924025,0.323091470308754,0.480421236503328,0.403078238136026,0.0168518759511383,0.457860982932284,0.0486577638496856,0.307133117382324,0.219467978181472,0.106832490356874,0.0231633348485244,0.222473109430403,0.000657530611607435,0.049732103385836,0.328588418270933,0.073794722917763,0.229519076758976,0.848310280255687,0.0778081612587814,0.179570222439027,0.139893794190563,0.222530778911536,0.049669918169932
16.25,0.538845733257497,0.707287397860133,0.399189219207601,1.29973129998375,0.16628248683861,0.405512421081756,0.774036071180753,1.12682975547658,0.376254234034181,0.739459191159547,0.326212662724563,0.571449756534251,0.293271868716027,0.348806170919657,0.0340368086424972,0.883108612637189,0.617763217187321,0.503529012903697,0.0911427271125046,1.23975403113932,0.277739678284096,0.452649671336981,0.38911300035425,0.315396707499329,0.184041385552335,0.365210889264138,0.016245094877562,0.906915244929174,0.112020270972106,0.283271365673806,0.0724851521153453,0.201050510707983,0.379266190524442,0.985750883301057,0.195022167794583,0.0016733205453752,0.881301165209448,0.878562065113848,0.541297511665971,1.02125287678694,0.208042466538279,0.478422239488997,0.196765469126734,0.785243447082207,0.955030628645701,1.52566549132478,0.492585525894102,1.11172775299053,0.00150944214390603,0.770496243817163,0.271986526445444,1.46080722391015,0.440333557847995,0.67232516928691,0.125096543048105,0.284251025597617,0.163787441051799,0.0837862510397715,0.164309703048424,1.19687886272015,0.0134200001685203,0.0746699584215743,0.364833886551303,1.31651026307348,0.322698250568963
16.5,0.16270981993956,0.282372917378394,0.24551761813754,0.148096110188471,0.0443800595178768,0.761528037206335,0.167835695798566,0.116526579229593,0.624245203512336,0.638500855516851,0.262070662729158,0.00228426552651702,0.441031496938538,0.387337738122086,0.889468183002288,0.996545435974887,0.68959644148754,0.733722860503804,0.256253279194096,0.11796902396517,0.273379504722026,0.169187195042356,0.066368391188133,0.307769498343048,0.172839411806243,0.107495806168943,0.107675152476939,0.340962011296324,0.327552485914078,0.118544382513263,0.406631986120689,0.741442854634453,0.508603808236811,0.599078446948333,0.226536527954806,0.286923758023639,0.0617901884616872,0.115156176310833,0.380182348842189,0.496948504665457,0.156890995238972,0.215402697717024,0.00920294590460018,0.525745770491822,0.50822905678279,0.216833104145216,0.247042855275498,0.0375051983090522,0.103414335846751,0.295598092217433,0.534193138959829,0.314367799791615,0.24383534014619,0.0550183997964526,0.173980527286369,0.181055346166617,0.348216622928115,0.801270606973614,0.986778126106734,0.996811491957829,0.761162066536772,0.870434761236934,0.220268374012611,0.121585984279345,0.389666678272582
16.75,0.0346989419812491,0.0949015722831003,0.0708350273798559,0.449666068201656,0.197263100709267,1.4969618379384,0.370542126391614,0.068887740971111,0.0660333848834141,0.0274587803430033,0.0079931436753555,0.162406708080451,0.0168922648593179,0.351046351000886,0.224318073012101,0.0311138250469338,0.0703502991198778,0.082589480313691,0.0717568604861484,0.352864790282637,0.124004403599361,0.663298590496487,0.324043089226416,0.236720018444625,0.0176214422218615,0.0866753125900102,0.108593356936842,0.140466611276129,0.00231290851741555,0.442790982478407,0.0517494729986248,0.359949073055927,0.0377734394893493,0.30342766602414,0.142844461062332,0.715274874063685,0.407193996953692,0.141042662332972,0.0323248872666921,0.0502863307156817,0.119623826346504,0.528761520299298,0.26949540398775,0.443724168527992,0.409498946836852,0.0286188465506361,0.0655852469991118,0.11064956437863,0.0373431234202618,0.123892807936247,0.145718901136347,0.0204211540668981,0.00749573730171256,0.158344649752739,0.00443664461252795,0.469011417329307,0.173782405654864,0.533276929881084,0.113247554977095,0.0456398987486116,0.0807294902897812,0.178269493982424,0.277261624120768,0.0958484345752365,0.0827847705182223
17,0.296549808250293,0.592717377843856,0.354959233018809,1.70638219890735,0.302435596399255,3.33046795394565,0.313491469862984,0.738664606052934,0.135420278099774,0.287424554303604,0.784291455596571,0.461914510260436,0.586866604251317,0.132957602675433,0.328312100250418,0.208087228387563,0.142736469352283,0.215119773560846,0.219412846104868,0.421301848102866,0.00889938671003831,1.72403173382988,0.146905394401609,0.888635444581765,0.511872070754729,0.529898294877166,0.443114926831116,0.115654798688811,0.549505801655518,0.265929965852311,0.460923138827066,0.155377395234813,0.0885785004239211,0.866476877089566,0.0150106075888007,1.96106957338919,0.295570734441583,0.586038532715528,0.321828177992013,0.53739168182335,0.238018178198105,1.75058615719524,0.465775607095715,1.16435412324737,0.281694374492146,0.968270730451285,0.712944621812085,1.09534027767472,0.353973166848021,0.48760050439402,0.400233116825343,0.342565823301671,0.486509573828916,0.573532978683255,0.670633965304524,0.369341433948766,0.381730996734206,0.340905561222434,0.332359602228414,0.519763897579182,0.0716355095495432,0.292936927240751,0.222016704710447,0.341515163341184,0.27314670441451
17.25,0.280587493358417,0.375996783617733,0.460829693941636,1.20877731280066,0.236615594997431,3.46006403977463,0.0940938915224596,0.627833071779628,0.483383642826412,0.490000765302754,0.965086855218135,0.14445243276112,1.2645799506496,0.28803344008771,1.33085108171993,0.292437122198445,0.344461283372845,0.461146433910618,0.648377976925836,0.232900595623628,0.232775042392697,1.27797030590069,0.0758198426856727,1.08636884491461,0.859367843675047,0.82874679577388,0.492969224700756,0.793614864946082,0.920346574082379,0.000532564898942634,0.992116491963901,0.13181941148949,0.290086166475333,0.819200856179653,0.216452663809847,1.6741183223453,0.00884237051174702,0.670317734968672,0.40881135874398,0.572710810789903,0.55996999853944,1.83088485962653,0.0794055631692378,1.76824921669444,0.222297827799798,0.53587529394041,1.11854556768838,0.462498460549093,0.664087432610589,1.06553925638844,0.564439995931592,0.485176055112658,0.647298179171658,0.188386575167378,0.888130823888655,0.528846703040945,1.09582109676037,0.0839999896268822,1.01609469677522,0.508159533792576,1.30495564239126,0.273472020401815,0.354182223253797,0.111893564266207,0.575614041471881
17.5,0.12557070839984,0.271351713899082,0.219318327802877,1.12645508210493,0.195148447250618,1.8235293190458,0.18303401658076,0.263344432306198,0.251797422452003,0.343868302382576,0.21711887711656,0.337937248511262,0.377140640829106,0.153066263744378,0.570877438123123,0.445565112246447,0.37531407400676,0.353748745105712,0.444819203212697,0.0227372052752747,0.119702523096788,1.51170145156392,0.00262274935324787,0.467120736307234,0.224078504340182,0.891324900194187,0.332430875624999,0.168065579482661,0.139561593989822,0.0687877794501216,0.517537307371473,0.005231638177105,0.165478794474477,0.874128671293425,0.0421977004453217,1.30631271849693,0.0525291130192587,0.126803916143481,0.195406043611965,0.591546545487628,0.342021734015357,1.6843471148367,0.181427837083623,0.568569960235869,0.214574193435715,0.49296496528325,0.361714242365384,0.627370779771767,0.378613310906562,0.599887673957818,0.264946792310299,0.416653016686038,0.138225471295401,0.361061271543143,0.167323950943389,0.331469167201954,0.458396117908788,0.0999750085132788,0.390577168737401,0.758588083141221,0.325413062006398,0.246706045841694,0.0933271256477873,0.172611191112227,0.440099797398515
17.75,0.0350261701920244,0.263487338733765,0.0251597258356268,1.26533223336526,0.0219024808959715,0.513072824245116,0.380038517506646,0.404783037609905,0.158720596377726,0.232546997471544,0.0776658978460766,0.0825467405525066,0.317120399862411,0.132395345310898,0.0184469427300971,0.502905602737626,0.292483495154791,0.824313168055781,0.481597739707098,0.859115159627631,0.442951330626442,1.50304224813082,0.306976683710062,0.634959956104508,0.0409336687913313,0.142066385504236,0.242497447468612,0.0816409030785659,0.0712938690282524,0.0571689495512612,0.228779051217017,0.344339514929316,0.283213373341747,1.20199893486001,0.129500713534153,0.629155611906798,0.50993991681982,0.669552551921185,0.0987956368143311,0.57782655176471,0.0139953810953535,0.909999939635835,0.258162329984311,0.27178724492535,0.409707948967656,0.415079319289625,0.104850393823496,0.413207343512834,0.149476597586639,0.00612198592898776,0.0895099635111519,0.305877213943086,0.0197225897166822,0.155534278232061,0.0494868456220651,0.0401134690750692,0.105183445954418,0.257645439220469,0.000174149811803584,0.476099588286547,0.0311353887181503,0.260086926608743,0.600121888865789,0.829311266337331,1.03351758957004
18,0.0697724547675841,0.317195045852036,0.00631862976485476,1.17110303847368,0.104161184865585,0.358237815447191,0.245712666511053,0.00594826879190388,0.091001202849019,0.0289924001219327,0.143598097898401,0.273343329098054,0.362210810242389,0.074534974506798,0.579303539613829,0.0471967570583418,0.297814489933311,0.511526448214055,0.162656689934613,0.0681028004316709,0.0800202673199616,1.22870629058949,0.0787797824161533,0.0565034239896058,0.136210654224523,0.12199608536824,0.339237940279291,0.0150032136094904,0.148984324580091,0.241602243263389,0.382055611368246,0.059764176456411,0.139208611687664,1.21414063287721,0.039364857326376,0.457024381936061,0.155280639553823,0.0112021244423158,0.0379464539742416,0.715446709160331,0.0300026400117691,0.812949245538958,0.235734189072504,0.0158738932553662,0.127274961937162,0.114569403260671,0.104021349121479,0.461559210051634,0.308938892964393,0.00250987173588702,0.321967397070166,0.0185752352747118,0.0812500457827815,0.298681448541951,0.12821468417178,0.0254541139752562,0.601986945055016,0.17084985955064,0.310689267241181,0.218037819120957,0.457011639592087,0.0309041758726591,0.00763691492755679,0.0410749488944663,0.458720137657915
18.25,0.0371846704645525,0.00400047310351197,0.0443601719548427,0.531923026402258,0.119247829466448,0.155978821179136,0.00934894024890767,0.0248864540221299,0.218877513780577,0.14932415402062,0.0067618810937144,0.00549798584349763,0.00621569838906891,0.0464808305795689,0.401877406479396,0.282154446467229,0.107551405171552,0.147947080414434,0.0772363273623178,0.00367906904016174,0.0243440856975462,0.843535723430599,0.0386247651530265,0.0192869667052525,0.0116534214048451,0.0539827985390062,0.00352870772824475,0.104990796592491,0.00780176907866344,0.129194428330961,0.0367315017571136,0.101022265660819,0.111199697109672,0.537083897475257,0.0760029465320333,0.348567618206834,0.00117017628297313,0.0322940753152856,0.0825784510215267,0.115691538402143,0.0664331004467648,0.463532910164319,0.0465935064256709,0.0942390740222875,0.0595188960462635,0.0642872149134067,0.000559892208418003,0.0292503006860261,0.0501553109988747,0.0283179300249448,0.10162870901367,0.0723357535576181,0.00842116866795277,0.00773996681725752,0.000949051823131107,0.0472838534662178,0.218356697658008,0.6113565119313,0.432013778928482,0.163126193128109,0.508997982191315,0.360969671823635,0.0171059734425732,0.0436210907146329,0.260046851858175
18.5,0.369284027766718,0.106755155291857,0.405170610364151,0.263815354938241,0.0788745839054249,0.320492304317493,0.0579414355110957,0.341056177414027,0.285766078153626,0.399369880964599,0.183747021247117,0.0362342462335761,0.215973433120529,0.0984603548279141,0.0718095973376182,0.638160072848029,0.242694447474736,0.365555890644954,0.307305607773327,0.0464039620420175,0.365963528791278,0.608682133322525,0.043722330977371,0.0985332207089707,0.0596474223766584,0.0930905131487201,0.0865776698160038,0.236000670994899,0.226109039521399,0.0165564136960497,0.122725682944065,0.2129392593747,0.348355033973702,0.563447694406636,0.162594638620625,0.314455991403992,0.0371538361790252,0.135221093845457,0.396236041835669,0.189611589155502,0.12753403070891,0.318182014237085,0.113841905510581,0.254400600013949,0.276265624544807,0.51353627027098,0.32143062158513,0.0861772379653618,0.07792277681189,0.183496733305808,0.14098864898827,0.42513298133462,0.334382646754954,0.0498677491555581,0.100080643659374,0.0902649776292745,0.0995832366832075,0.135676448151175,0.261791871107725,0.571001843680152,0.0194891516745117,0.2942120565595,0.0227381236000048,0.344302772777379,0.619654119561488
18.75,0.334158787113938,0.00403165546525535,0.566074911611624,0.00486995788593481,0.478104238759454,0.294856223001045,0.234082965555174,0.215246219798456,0.710778988482224,0.325226353391301,0.267011734771356,0.0166504954587593,0.111836407868665,0.30414342699715,0.338561840769334,0.0711781763116818,0.176641662884271,0.308738322039699,0.0727801739112347,0.056861302039584,0.616356613493369,0.017736311020284,0.165802249446038,0.0378387845199634,0.402678427189793,0.112261312806373,0.102492314407259,0.324118575539072,0.182244810033418,0.0577701251168695,0.0528027249232927,0.284618287546996,0.651598313384789,0.054719727899825,0.286334580890064,0.0555282436280895,0.104609049963677,0.0939226048433138,0.462839174438596,0.104560537351305,0.606311352778455,0.102453652651999,0.259861000490607,0.161141199082592,0.594360505994501,0.261657975168428,0.379407796214664,0.0191149841727583,0.263313582202321,0.241927496488682,0.284161301287273,0.227369349792507,0.372990639047475,0.0255968683979878,0.215171304085201,0.114280831823475,0.0558117305372878,0.12801853598055,0.634779337551047,0.240170596697946,0.361850236059059,0.0694280087828858,0.00144004599185937,0.321512268998649,0.287751323790045
19,0.0470165722958348,0.233109905426053,0.10442609257556,0.0805932924700589,0.104826272609479,0.322455153708496,0.142756940819113,0.499453795274142,0.0754777292365475,0.0253937998248321,0.0323983334438733,0.183846715664747,0.0538442943964449,0.0707722497878693,0.110446991945783,0.0240304689084576,0.142356506617706,0.125633065544623,0.173548965995895,0.328110320257242,0.0205456299738186,0.0189805019622684,0.0324660214154683,0.376930020684844,0.0375364393203171,0.0924969365297647,0.100450183592258,0.188347825753995,0.218959118114476,0.238206258886665,0.0207119688986362,0.0588781552429138,0.138612300729884,0.0979604276279494,0.00271086501962761,0.211078674080896,0.171612369446415,0.564326077189233,0.129267918310851,0.164186637160771,0.0538858001972165,0.0416646533329543,0.08067660333308,0.637963300321676,0.179470682707716,0.275340907226023,0.00320995303298122,0.144015633537611,0.0382742847515742,0.200388646584821,0.124974935090602,0.295620179908103,0.0697149214392761,0.229542231471084,0.0821974953145712,0.174566206288377,0.0136173393975739,0.158492258008666,0.118440772523602,0.0705357491818089,0.0229436403952516,0.0251290950170789,0.261402771152384,0.312935350732913,0.040335178566351
19.25,0.0144807042757901,0.0631540334732773,0.119662260798043,0.0134044819264502,0.26883723257532,0.0437643255336625,0.631139453633497,0.0647801735346829,0.144144883279809,0.0821202331390728,0.111904202857138,0.00677840381900708,0.137338779999646,0.100374752897714,0.198229929033685,0.237463602209849,0.130101904841851,0.159207129063228,0.0270763105697944,0.442361065973845,0.195774743972899,0.0295086859420579,0.478361486957109,0.0407920143405844,0.0356315148170428,0.00458861887831066,0.163075709718086,0.0870884382750871,0.0494859281294435,0.0187580371057738,0.190454538459868,0.212644578461979,0.216178076812188,0.0599215468034967,0.242605493927727,0.059895745615295,0.729406032954319,0.159210084886666,0.084958632491456,0.0234001326137692,0.076419492855816,0.00942946878404411,0.49161674827886,0.0134180294917264,0.466535695520867,0.381499508948776,0.151805631482997,0.0338670141315275,0.050357894943698,0.0425234038021207,0.318042732633875,0.131344650725593,0.0716941132612451,0.0722305788381471,0.0601275006776378,0.0198593184359311,0.281036133607218,0.0458164253332661,0.225983833026978,0.315796367191881,0.0971024967068614,0.0966103925053055,0.220574010374079,0.269125206119596,0.0643482175150511
19.5,0.036678680785148,0.138242216567951,0.43881564906,0.481198951493098,0.0131736483880649,0.0836719432233779,0.0517926215748584,0.131827154954345,0.239815392361151,0.0839999634359752,0.048135312453126,0.114426817648169,0.052523482402419,0.0929330928930653,0.329182103492878,0.824562770445486,0.255789944379446,0.545112511910121,0.317416692974832,0.0512333652000367,0.276505870188317,0.92445862668482,0.0283031969166768,0.0787603989052489,0.0334021587236106,0.0492283696140463,0.0325790862246368,0.0957779827466516,0.00212797262399583,0.251539792364826,0.0780917430714194,0.243063377307813,0.391558613014631,0.798060022951343,0.0919970233617991,0.365210178942501,0.0330363484594603,0.0576477628537293,0.180997505799198,0.269595080199465,0.201789105914868,0.243798118255508,0.000901800893597976,0.150729656299423,0.104141965170628,0.0304265291980051,0.169041521939275,0.274793385061148,0.000830832131283127,0.109525782051087,0.18829086253708,0.184078903313286,0.0552481656283148,0.146194095638483,0.00531271125815347,0.0918335245990921,0.312469590779181,0.400951283770781,0.459641746109334,0.322054415456663,0.39083981091064,0.300898813934131,0.0620604450130647,0.0579975690634478,0.58449732933414
19.75,0.128687252813023,0.14779462242377,0.339304938282639,0.547517684373518,0.0484975672641111,0.783167180121928,0.0343966002858042,0.304208822285188,0.403536136829884,1.17336656462884,0.0226882083360181,0.0394431912599648,0.0635719271536434,0.0455254313401517,0.515862763041237,1.41135857732358,0.377225443481733,0.422169806629174,0.406307498969494,0.189324684660863,0.290058087001185,0.498681430860805,0.0760839246220657,0.562671594021101,0.0569515794522099,0.0738869623232713,0.102949005023806,0.119151610789484,0.000286675409379334,0.0468817546175816,0.157289110154461,0.274579473710004,0.363064064593525,0.517812483437033,0.0944643826663492,0.837501344003117,0.030966787426307,0.132388952354033,0.235308847865635,0.409029645237725,0.186202120353826,0.32804923397259,0.0145711322345477,0.275371850755712,0.130305831076735,0.961964503378337,0.148123438445105,0.0801047116465894,0.0420234009648487,0.0929221567544404,0.152891394876417,0.935475498796521,0.149791014222821,0.0829487025034143,0.0177177820091518,0.00380756873058459,0.366182873021704,0.588403388214953,0.514687978058028,1.9644482991611,0.76181667698694,0.990144927184012,0.393574480819783,0.13390972780834,0.41052396883852
20,0.267972960610048,0.374933568762309,0.26863948758905,0.791254799934082,0.0883152497944408,0.167056997813962,0.253207700511635,0.519479012524722,0.23188500099574,0.239895109076286,0.264689423629136,0.215316963064122,0.434646644651366,0.000176942607562317,0.262124793049706,0.277799034921761,0.297739598319612,0.448088134869263,0.265507394673139,0.26282876062614,0.180255643602649,1.00853771729222,0.0353537116807584,0.275842257619995,0.276450626811441,0.16422835087676,0.398974756823096,0.0951215375965666,0.134251432436856,0.0983718596526886,0.416635192205154,0.0259800832983573,0.305309448790129,0.802521801750225,0.050814102460414,0.404121884794845,0.267229855064545,0.330912911458693,0.468938304714552,0.49983644874488,0.128233651358312,0.495316545321443,0.16740785923292,0.163095794960689,0.6100626348811,0.797927165248523,0.310698031614689,0.551753474528964,0.346191281047593,0.00129598628507601,0.462013060617656,0.519651825946979,0.299581174182674,0.369926934433415,0.275902835209443,0.0588001883267003,0.287705209067008,0.0800545139862254,0.550521420817278,0.533188477285544,0.0506555301333243,0.0170795751510702,0.161795874115414,0.248093310296946,0.527760154242747
20.25,0.108901035964042,0.0415362994579445,0.224876279987089,0.391787526879448,0.129963881049992,0.299972182130771,0.560877292703115,0.00879997209219835,0.132400433873767,0.108262212127792,0.0625590229668775,0.0823271035805342,0.0482580474200826,0.0346418534600146,0.4557738231069,0.78115856947364,0.18976561088288,0.252946376899464,0.0281569717367629,0.289794702601546,0.0926653754295377,0.712362676208878,0.200188315632409,0.00274584364822804,0.08707982866083,0.139132429861609,0.442540972354912,0.0151060077997525,0.00235575848392117,0.0330299767906454,0.147587977884081,0.129554312640623,0.271740103331569,0.373721611490241,0.077288129186463,0.230806800991749,0.417661192290487,0.0517847437158193,0.242294140278086,0.0419793896415784,0.0845819779447968,0.397660772660836,0.398128130882066,0.0472920791591072,0.706650363209999,0.00311283267749669,0.13361482265613,0.23369627504866,0.246738400928559,0.0275185621357726,0.539916811984926,0.170660379541382,0.143317606469682,0.0396173901033019,0.0701612332908986,0.144022670014434,0.0531305432665104,0.58859425805949,0.416923400188854,0.515772357577369,0.199521710549895,0.555742795889533,0.0769504809005071,0.3866908857245,0.358532694590049
20.5,0.0937799330610951,0.0832149537072295,0.185227073382686,0.0540460144858968,0.0315257630121818,0.235972207711664,0.161368371390833,0.079821115110309,0.263951507682789,0.0590703736066256,0.0477759545661373,0.0270695977341299,0.0223503469900506,0.0342609638443031,0.0610210669895796,0.0253784840443379,0.248688919062691,0.163480529136457,0.0325312929995854,0.226520703985477,0.344518418009575,0.00170513709248256,0.0194280683825625,0.138187976835806,0.0381364764688796,0.0206505535753541,0.0256431292443083,0.0927761504084507,0.0242962554116445,0.0137421801414424,0.0331068594573449,0.0102076729180187,0.313679316577525,0.0819731801254018,0.101114454810967,0.0436456986400241,0.139329388658448,0.185871114010584,0.105174508800941,0.134462824871551,0.216862901486066,0.0138056816506741,0.0239147867354079,0.249623832244423,0.201163609034061,0.0251394071926856,0.0775997802501915,0.0227507554182947,0.00588496148555313,0.154425586025863,0.154318804292941,0.0139458052083203,0.0398549511279069,0.000202548730635253,0.0356735991409484,0.0640993327405256,0.0306222576821551,0.0168502357160754,0.344798930750871,0.244657274013268,0.171131041727965,0.0360971197004229,0.0750161585746755,0.191752694807572,0.245366836097904
20.75,0.0586092948002061,0.14010846123891,0.0677889110313828,0.0919017612340485,0.334514495764888,0.026836349537148,0.0303164802523242,0.117100891130029,0.00605227989528578,0.156558103685377,0.0566177349077318,0.171245331130964,0.00760530463715944,0.0181874145968596,0.0394264603430795,0.733328864261258,0.0470171738344248,0.112291883872058,0.0570836465036378,0.0158065515132874,0.28124308349583,0.157236219448018,0.172355514181909,0.00427274524760892,0.0122400228125966,0.043307969209445,0.112583213124694,0.120481515035937,0.0314961626288115,0.0353140759625409,0.0500395184324929,0.0879870743492485,0.0715158310841443,0.113728391070777,0.179196848891174,0.000903679692277013,0.0573648104384693,0.0136091206447469,0.0272600660264546,0.112712105874253,0.124510723789466,0.0565587322340786,0.245292865728578,0.0540205347400269,0.0110932037216235,0.185399745958515,0.0682876752149818,0.361340890388368,0.0396848522049442,0.0154271331717969,0.0728982982209935,0.297474839033331,0.0864647702547424,0.156042336137545,0.00343278055611631,0.0640271534802573,0.0529654153145035,0.0988099214656531,0.0218056687619531,0.451371036802229,0.0242394302557885,0.181597067848012,0.0354443624051784,0.00142653101808279,0.196545465607708
21,0.126694337285252,0.349853592548085,0.584497100432291,0.810134949766603,0.247422744706444,0.0836475360147709,0.210636912633335,0.103147489330033,0.434569315863905,0.421279298879056,0.0818995086404705,0.172733558974211,0.126845089984383,0.198412105033982,0.980489987698864,1.22037473670349,0.364405939246812,0.457361025841347,0.436392576451413,0.0319987678832683,0.570690529446448,0.354549963577901,0.0850912330608528,0.114479206439189,0.0432524578093852,0.136519791504624,0.260571877883416,0.162796762336512,0.0749115071899314,0.137671086067341,0.605477833914212,0.714479064132218,0.544113890228283,0.523783188330491,0.281250006431184,0.342128500012012,0.0183715660556613,0.00269351705828219,0.238087423784323,0.445307343723676,0.393484040209528,0.334438335529549,0.14539290083338,0.0209841918020421,0.318130672347906,0.320380492482882,0.336526137895901,0.474741113675647,0.0713196401616617,0.0611528885445347,0.568790604776373,0.455176801609233,0.150310016799407,0.235923527020632,0.0226922348854061,0.0726700634556883,0.567069918382583,0.919950031176358,0.930359146771691,0.544761440233848,0.715105543215314,0.814191919494208,0.127077824396395,0.150764476703823,0.513707273178822
21.25,0.137713402201858,0.0189441198028648,0.615877964404539,0.499372369764896,0.0186229939545388,0.185754806825902,0.357239734188209,0.0121722320707209,0.380145635122907,0.15461360791458,0.0866573594034271,0.0184364857221658,0.333809843568719,0.132613247896755,0.457011422602056,0.408481282983769,0.212511984336087,0.557897607076493,0.119675252895501,0.18943818107407,0.355219560612422,0.449452542689907,0.073450710163878,0.0164362363903257,0.0652529231735123,0.0261397913918762,0.32190089114831,0.134171516296454,0.195707637839462,0.0556654700457606,0.441724079485723,0.198071648701513,0.460952290038066,0.472566587169908,0.00521397921466952,0.196399645482971,0.143933723272265,0.0322643964741632,0.321109581969925,0.241086522178869,0.181545371374729,0.307211629507836,0.146896410504306,0.0522414526751555,0.538258522547701,0.0864896708101344,0.38955613588192,0.192356298681935,0.230742075887984,0.0385280708461528,0.518460525847083,0.157162220782489,0.120722216122397,0.0492134707234462,0.109579440934294,0.065226545517109,0.242668679595029,0.179841479084456,0.595447126701568,0.256689468267294,0.274592828092785,0.209138837860117,0.0367567719880622,0.237816726529805,0.486314797354932
21.5,0.0622110630045281,0.110435886235139,0.386749976259758,0.370992409735156,0.187618259468687,0.0415855006430198,0.0399711768789171,0.0395695477643664,0.298495044801771,0.398438602221012,0.0680780139376128,0.0731845411547519,0.00250412134991744,0.399727556582555,0.227416264627953,0.678886919586483,0.29250084314631,0.459325870207811,0.223202165620961,0.0119307598127376,0.57514058824651,0.812354724917819,0.0400809953504483,0.022098325292508,0.0768728112451217,0.0248919966949394,0.0236944366202771,0.252014052478231,0.0238835829267248,0.32356333999801,0.0563901019757888,0.647341370427283,0.459647449342763,0.38286629827032,0.164403258483888,0.328789498278794,0.00210564330420065,0.00277105904675995,0.283274802636594,0.232014250291159,0.288893847889602,0.266001443894839,0.00879164129361042,0.011172131733088,0.220789719612,0.0748744513254629,0.316142578832937,0.133836236049122,0.00398271613420259,0.176424032278995,0.139818175235151,0.202537510639394,0.107444698292549,0.0892166186032263,0.0132416609392801,0.0462451954786618,0.184789194193422,0.881998888548522,0.281989910210564,0.323499800059614,0.56026596926241,0.612537756365876,0.0523629540310925,0.0223859621671895,0.74156665231385
21.75,0.16351488018332,0.174667881147436,0.106305191330177,0.306254079234156,0.0609072222220527,0.238164449387521,0.0282368658001727,0.139260100603118,0.101953059743263,0.142889567974754,0.144048236597058,0.165977766549468,0.335588348209391,0.3183105257012,0.00831070900834275,0.562425248866352,0.144184966985102,0.393119190204467,0.402517062350178,0.00813942200000718,0.487385091962792,0.863029598316106,0.0811066362944017,0.101163552380909,0.0150169931875599,0.0144938998277715,0.0027433246042614,0.252271178628066,0.425838817925667,0.516214701542193,0.140578665748734,0.424195596523491,0.217218645945208,0.44516575730399,0.244042526421445,0.399590887864366,0.0265940801347027,0.0118523656470226,0.0611805847820263,0.0942947081926521,0.203970979606109,0.209447741664151,0.0378291094623041,0.0616330033189273,0.0549596847922659,0.384238362570238,0.00439497556307749,0.0725735001994648,0.00604448106030593,0.0837308276814474,0.0212010190233746,0.379835541442183,0.122570780203819,0.326992899503405,0.135444318073335,0.319224979291087,0.236232176028962,0.724851778576828,0.0588502528379762,0.436951662267967,0.0906157701294299,0.393737361741326,0.0781648225451099,0.0405023577592383,0.73006009570684
22,0.0415410608817343,0.0870801314782934,0.0854401469004422,0.21750936764281,0.0181164284604791,0.0684788603929835,0.0812913981702662,0.00644670542612691,0.117844730631224,0.0815121922311185,0.185941522397932,0.114146733693064,0.0399343829079068,0.128139875069878,0.193240386764693,0.102442638773489,0.0299118562028634,0.0121673246405004,0.0222769434772205,0.0479199956859121,0.0502831194966652,0.0895695095304375,0.0124793395540629,0.0165473754663029,0.119260220867986,0.0999129003134133,0.0148992403139599,0.0605733449008782,0.0205573452416309,0.174356944547431,0.0975033022116512,0.0955292503064832,0.0226471143508358,0.129240724664315,0.0569286876977342,0.00811729190200227,0.0393208758832178,0.0270359723448198,0.0399643497448819,0.107352803720372,0.0737804656965254,0.133676541860611,0.00504452721731267,0.0784515432734284,0.087292868445152,0.024323150583217,0.185936410733531,0.205099215214944,0.0362288651526392,0.128210790466623,0.107710749015411,0.0431857075048711,0.0881846891057297,0.150759428745287,0.082725419057373,0.334720060473617,0.100585670279226,0.419249026770796,0.246597676884121,0.195450108945299,0.142993980819187,0.037883286135172,0.0388209120236563,0.0347255803019369,0.000662146561633646
22.25,0.211363472234093,0.0104598142553335,0.45458044360271,0.185992766287433,0.458472923478577,0.362548856846001,0.0202392374442954,0.333562656197213,0.196678955613608,0.125866944786223,0.244985997083758,0.0154509693531965,0.496471679876377,0.148070061305097,0.0244398459718042,0.825788639996579,0.0947285114396169,0.0828511602647699,0.0730570040150509,0.0268620928549065,0.406397517809604,0.112570782664682,0.119038666828687,0.110880982400747,0.300093130836561,0.0881841526371405,0.255784184421761,0.278777440326976,0.383988617201994,0.0381517211276322,0.385407638864741,0.163128667663111,0.272073796763927,0.0935536494421226,0.220915025949353,0.27523040075615,0.022535730522053,0.103401463130347,0.241545035259904,0.0130354841863264,0.458945194359801,0.249804913449529,0.306697127972463,0.277022883567907,0.0550490925262638,0.230212366500291,0.236338834290444,0.0500193213087013,0.385093572557446,0.128182311095252,0.00720264986741978,0.593465593650788,0.213610443473468,0.00683245670997869,0.31324840771315,0.314877879574105,0.201665936082801,0.0172892295814511,0.110647888128283,0.337297832972655,0.0600908894415534,0.104072172967322,0.0238873371733823,0.0674469105319806,0.10542720554338
22.5,0.0534437914073128,0.0321272655283321,0.21973478797571,0.0998967008482392,0.0431311301946893,0.101129995128104,0.0254385135496643,0.00582214423744066,0.067989851340946,0.184793119311016,0.0482911439382811,0.0861040440847761,0.0893710113449763,0.135286095576118,0.108261040179007,0.115006097304185,0.0190193201396039,0.130544095660968,0.62523068555309,0.117804075790711,0.525852726507779,0.210034291931077,0.16089007058423,0.207630708884948,0.00065149143572752,0.0435464859215063,0.0320292190512804,0.0243768409844857,0.140484817678161,0.177549396568727,0.130940628454004,0.118423113805452,0.348723695399231,0.0415369495604687,0.25497738521028,0.295518059723612,0.124360265437156,0.0498972175106867,0.0504848951130799,0.0186808058465189,0.180828847128492,0.0547471961455068,0.020056034360565,0.0705685003210747,0.0176156370311808,0.219918257611659,0.152545845134652,0.107736967988021,0.0986033308297428,0.0375973776766413,0.0354537094546232,0.0847456232737686,0.0202994137677228,0.0442013524132941,0.0432978717870881,0.159984977016371,0.136932781943865,0.223389499566765,0.0913574384710028,0.289251898183924,0.228210546114671,0.190421893263298,0.270871077892651,1.05876844928204e-05,0.532922066324747
22.75,0.0504059404913037,0.08070860939955,0.0236539289511056,0.0887605712478649,0.0887961957437193,0.0855292433546937,0.0181574938694224,0.0285462590833302,0.0143729310194181,0.0998859941439109,0.0552272485149046,0.0468805462501068,0.024130686700195,0.0155316992743743,0.0372542412986601,0.0752686000945549,0.0343573056460135,0.0884506394235268,0.0265147975698419,0.0748436530302394,0.00773035436108977,0.149696741878014,0.0218017527306346,0.0880433139278103,0.0111078782731862,0.00478370655859219,0.0128412709818417,0.0136171628846237,0.0442585466246532,0.0318489802627788,0.0229047264505268,0.00902715611201453,0.0200974205354089,0.131561320256512,0.0338728063526606,0.123138193769784,0.0593052259062461,0.0293442810570914,0.0040227153799985,0.0896118960162265,0.0336699170603623,0.0425967527845119,0.011998470028001,0.0513440374874604,0.0953239628075195,0.216254006582733,0.100494128835978,0.0585771393432634,0.0246893201961002,0.00696002960864262,0.0145944914364459,0.0227938122500935,0.0479616270931654,0.0595927321572756,0.00513227676685261,0.00560550260756049,0.00454742290136227,0.0464134106826677,0.0646781859482144,0.0431847508696312,0.0321072299939296,0.00487162540777237,0.0900166878967603,0.0524724582706514,0.0595715035136829
23,0.10551071465219,0.00787887309452544,0.389084626161384,0.0486565741401362,0.0931009094126982,0.0632769412046335,0.317184166365308,0.137032478120153,0.0354813321823207,0.673649134224555,0.148156150968409,0.132924455705914,0.0555345803284708,0.162509148093951,0.0272000569724184,0.70423944860363,0.0618238734161166,0.0543518850034141,0.0758587222146662,0.07673512391476,9.83593059142465e-05,0.109517555461773,0.217893293314446,0.0373672323478519,0.141016807168627,0.0899679453353261,0.228307482135235,0.111911484802818,0.0702496101373053,0.213973272192869,0.0204625971082363,0.226585063800764,0.0608990192070588,0.129945723882825,0.128246239583306,0.0677066877469554,0.263848047746951,0.0214360428036557,0.169342299599759,0.011094078146948,0.12365941432978,0.0864649547137792,0.38425783093711,0.0215961594641292,0.332568726526628,0.326847950218254,0.412291609049832,0.0433468144373721,0.0813077845476121,0.0701616415697514,0.258141605523793,0.47453764855987,0.196074472112436,0.10710549230298,0.104481986634491,0.0631914901240253,0.0439310012851125,0.243483381969427,0.0905235404469521,1.27805073654905,0.12009865035946,0.447241267477098,0.0947686908704849,0.0537166707073564,0.0248118738057815
23.25,0.167409653522909,0.0450403362406343,0.191359507524616,0.0585300940066907,0.119814010888851,0.169232668630183,0.0153181558086992,0.290129317973129,0.0777133570015289,0.23482037944595,0.0585371169007608,0.0185019882366909,0.0329296909769772,0.0441049720535401,0.0590781813945078,0.454412506056513,0.192981300412396,0.152420683162849,0.0647676939815706,0.0855253780966088,0.184046974989277,0.231269066048065,0.051369116278779,0.0901383659219519,0.0648339394253977,0.049539746290182,0.00347184228525016,0.107930001970877,0.0465225442758724,0.00110971891094895,0.00173191109065283,0.176589830458512,0.205887739386094,0.102009570246229,0.130088268806208,0.176537925768058,0.030076943014444,0.117312561647119,0.186234723857801,0.040901247157718,0.164260379454765,0.15416376710406,0.0348939734607415,0.116853440153446,0.0272872877709079,0.499612326329354,0.0328779519027376,0.0383360347012254,0.018703048279546,0.0418288289641385,0.0236376145822649,0.38386899038992,0.0869503499292861,5.70540494891309e-05,0.0296138981995992,0.0301076035961811,0.0183907515580877,0.140966587283224,0.150387257020064,0.260417645514175,0.046899937953426,0.176378164595691,0.0865789233478244,0.0523053730372244,0.0995588761675352
23.5,0.0335700469274961,0.0238269776067546,0.0701692709611194,0.0416682423316638,0.0924391780822504,0.0453944466321617,0.0839779460025375,0.22789816657508,0.00281135010325954,0.437786331250203,0.0458468837846025,0.00496060306973263,0.00587836626672066,0.0718314474831517,0.0558164166661042,0.20672383629828,0.0100967300906189,0.00989988985724187,0.143145537257122,0.085707990045635,0.0215613377583576,0.156420823596368,0.137929842078348,0.0377631682664768,0.0224788956534506,0.0108647499251301,0.12949914541268,0.0733212051379303,0.0151187454491627,0.0758727866989571,0.0546339034327597,0.120599029077733,0.0185310839621003,0.0402915754828294,0.126212423973092,0.148714463099341,0.0919972763388306,0.03168565576901,0.053076966801009,0.0439380971400624,0.0586053713158025,0.0731213016557135,0.171615079182306,0.020057847314382,0.0149039627880212,0.615039926277079,0.172106205235097,0.00340862323723324,0.0509059185606296,0.0351965547463758,0.0560668056461885,0.234768139334091,0.0442909042982952,0.00104978275022993,0.0030343990324901,0.0184562018475847,0.0328729325154233,0.14796585373654,0.0488836320593964,0.587054524889821,0.0115155985898177,0.11197255118317,0.111543111543074,0.0617000606114898,0.0561747327479465
23.75,0.0166330509442318,0.00647630265158296,0.0591646926777498,0.190292767509448,0.18330651313622,0.0247330800135382,0.0476048923907324,0.113526653097871,0.0485037151824213,0.0809915238479817,0.0141160464269238,0.0323017098658249,0.0492666992538345,0.147207015770549,0.0920091259504592,0.140314470740301,0.0727933675616444,0.151295069822697,0.0313432443411861,0.0154295243143756,0.125875068747211,0.242993047586186,0.0258543646232729,0.00303696067022082,0.0858423959048076,0.0366787563587961,0.0113271473843969,0.132555326805158,0.00731512899976948,0.0940461247934013,0.0136963399977894,0.156899383419811,0.0941556797020266,0.264637870632054,0.0855162631052792,0.034275412356404,0.0220665650023211,0.0517041764371086,0.0253489668137045,0.0576351421697045,0.135526521346524,0.0421027688549726,0.0888918590994171,0.0559410925860206,0.153482928040335,0.125515608153801,0.0737607886178168,0.0374679874865862,0.0350162793965077,0.0654210933164209,0.0520341731893402,0.124116999228949,0.0264114553198527,0.0115830367271636,0.0556121455938813,0.0446806771945775,0.010828869890528,0.139242361800784,0.120082738097052,0.105073448143398,0.0135591365023788,0.0801487709491612,0.000683888186742503,0.0540533542290072,0.130790666122567
24,0.0824883228748893,0.0113807498923538,0.421401858812154,0.141629469403882,0.00970185598741462,0.138728992762922,0.121355864359371,0.147512569546774,0.130882875240493,0.231683649096603,0.150845354928318,0.00114107680078232,0.0844310475454255,0.010006452827522,0.0437938629187856,0.0562395001852262,0.142590239584769,0.141011467888957,0.0389020246039606,0.103507842285409,0.0320101697203679,0.206490131092008,0.0404245508161174,0.110742218533677,0.137554977663542,0.0372907242251708,0.0279954609164911,0.0707536493911611,0.0125540290535694,0.0064747012464746,0.0195804507858334,0.00987044403494676,0.182802570941889,0.072337358082821,0.0208450235436739,0.173718417127899,0.116152281529195,0.0977100020529321,0.181568086171091,0.0654120331585006,0.159916653583244,0.245235766285851,0.0129205688463769,0.11184903440624,0.198220647493237,0.23824850065421,0.433416851075643,0.0342709625609862,0.0362615184565735,0.0531990424426727,0.0959900486345757,0.232971388590902,0.110993959718262,0.01080363451037,0.0708671571048616,0.0123872715861609,0.0143968233438806,0.00453590229068661,0.107133257659717,0.249998855761734,1.45664249911792e-05,0.0490761125149657,0.057557188551394,0.240631085034439,0.0334941222373175
24.25,0.0899532088887832,0.0690502894056925,0.0669347679404577,0.129871297606176,0.0858309247706754,0.142404505029818,0.0270704360984467,0.10930022573418,0.094540309379183,0.00440445589272847,0.0774899586570541,0.056811716897081,0.0618420308942994,0.0335584029130225,0.199023363755441,0.17129921192768,0.0532686117709871,0.00103556599239522,0.23577191580915,0.0454628622789316,0.0669705802581471,0.235293166013172,0.0655978364252468,0.122263721630142,0.076271489517917,0.0574070697650274,0.0386263516906905,0.0401193394182169,0.0777677622691592,0.0347865326357871,0.0594704052984704,0.00618155576095687,0.0129534028613071,0.0432330563245256,0.101414065423023,0.290863299510475,0.0901775061614704,0.0855428468423991,0.0694769544381143,0.051709688943228,0.090839474347994,0.145186033841222,0.0710141692642209,0.0538657414584033,0.0635417434753633,0.140373027666062,0.0618584414395803,0.133295233582789,0.106248052603988,0.0491231087825284,0.0151740493384232,0.0629439675298572,0.113883768981817,0.063975778706884,0.0842103991442511,0.043080775748374,0.0897761713620934,0.00143211575458203,0.175956612719018,0.051985747850296,0.0993832571638541,0.0052102603986597,0.0905989734234414,0.120917412240075,0.175602826450692
24.5,0.0320717743718837,0.089293114828394,0.00662100236875106,0.00456781430536247,0.165107250700531,0.0528482611889248,0.167252970250725,0.0067541698471217,0.216434518533656,0.0232823354078061,0.0406676517887593,0.0933246476732051,0.0111990656952068,0.0366594340623652,0.188347542297141,0.150937971601391,0.00938961227542284,0.0648265318548262,0.0929632930489827,0.0516510651614541,0.0893093232849982,0.0209343745405989,0.150617886407412,0.0278319997347117,0.0119229886449068,0.0542424078235345,0.0973031260902653,0.0255097392980672,0.0663215877007872,0.220761005959335,0.0290772729982797,0.0341833408809481,0.0700171146793847,0.0514563826059616,0.164742415572162,0.00754015365733676,0.116548185771609,0.00736733899721494,0.00811139952016376,0.0385127634343448,0.0792300096718622,0.01423227593123,0.160922887427817,0.0758183344793915,0.37822893014897,0.0548544157082752,0.0184751643884526,0.0503249959272832,0.0207108665585981,0.0803268958069967,0.308165866700295,0.0129085238328316,0.0293748998483791,0.161180114329048,0.0109090523591846,0.115161277309393,0.023525668680935,0.506363477603456,0.587964968736737,0.0724249566437685,0.07396951253715,0.185502454677292,0.0655929512258963,0.00509683714082279,0.0784185295304771
24.75,0.211834429519662,0.130188073382785,0.145108251397905,0.00622801292189799,0.0172823940079518,0.00030785839968817,0.01705553812721,0.291155423227775,0.195786370813726,0.6034217158178,0.322893914490737,0.0677323542948305,0.175736220134346,0.022529418112807,0.0133277562323775,0.235033930367811,0.0996681463638248,0.0173190650033536,0.0570107079957725,0.109188581318359,0.00561707864892234,0.0177337970941839,0.0359205546423509,0.0492546766077001,0.237833123396221,0.0257467996518579,0.0519517260786215,0.0233948552583877,0.499723823084406,0.0914099827429533,0.0645630729887356,0.0224290049515785,0.070129589870179,0.00207343677007201,0.0427576906981896,0.0233189229345975,0.0486273111736205,0.155432746124005,0.196051474717283,0.0475244752642553,0.0465703517427537,0.0063841428356549,0.0147358465405666,0.0406691369250995,0.168657664154154,0.954467407096768,0.293143880136289,0.0496348606332738,0.165131710600251,0.0162458144849225,0.00238537048414711,0.359139035836852,0.229069198345023,0.053843910046484,0.379639238607502,0.0186626805759218,0.0263979338134876,0.0311724176652313,0.12538092108224,0.69005924247914,0.148395279203637,0.0550508798712364,0.0613583590523528,0.308380592566381,0.00464149035501811
25,0.00340428615185346,0.019328227066106,0.00721340979123958,0.197073358774881,0.0360322592909373,0.296173045832961,0.0241944976650596,0.338060310211885,0.394534717356945,0.373434465398007,0.0239058705098339,0.00531494425744444,0.0313605228338162,0.0163797238592896,0.286093792109538,0.0700881461120179,0.0192443427315445,0.197069603569875,0.343808174952229,0.0154623015519056,0.148620704259242,0.545634426375252,0.109438773890826,0.0526386849401915,0.0152760535539242,0.06234129420551,0.0173147604341661,0.00653511179598389,0.0282412897274507,0.0193453874933959,0.0517851768967225,0.0153955120104399,0.0931569913836845,0.316404305128782,0.182291230832695,0.256853951332109,0.0123955629886372,0.0490903724402847,0.00557717402442489,0.0717708634883844,0.0121481735393706,0.301380726249157,0.0561301338782771,0.0681765847946823,0.348551815167486,0.998784592934819,0.00849369010453967,0.017054886104912,0.0244307966621471,0.0379101139452231,0.169840604026664,0.234772440650353,0.0226578469485469,0.0214979680031176,0.0275554936000975,0.0409143510109765,0.045850080740475,0.0506743469350391,0.682129955907539,0.477978027742147,0.416945348852618,0.058510160904826,0.0815952813206452,0.184177334825056,0.375097072304185
25.25,0.0793311214170767,0.0611303648029108,0.0958543358818809,0.0957992950071442,0.437461112658793,0.188726617594447,0.131788898414241,0.0174144726499077,0.0616783542947509,0.700606704954918,0.0749072440463193,0.163465035338159,0.038509677964444,0.251413242583665,0.00431794618279792,0.486481406953541,0.0232413202717036,0.0172657433439979,0.252710268476268,0.0830552034585066,0.432625411717016,0.0962265729186401,0.242460227545088,0.0633658282568809,0.0398611886965605,0.177657028906777,0.0925014604048931,0.0856743300898155,0.0579349228744727,0.276904087313994,0.00126547941761403,0.386399629959294,0.0854316753141578,0.0372669815957222,0.447488010829696,0.262554656426092,0.192916419779368,0.0272794824814562,0.0149403728170764,0.0509004806791057,0.26813976400802,0.137158213255941,0.269513928223329,0.0581201694603373,0.0746007072305561,0.224125719593856,0.0491536304215696,0.198950438367475,0.102805743989687,0.172618379640208,0.0755451950323024,0.162155783172631,0.0481440821045119,0.160931108637938,0.0147890666007605,0.24706433314156,0.082299416151918,0.731906049297844,0.0329451481623101,0.951882992603286,0.152817329975002,0.539400790882245,0.16550372669517,0.104076388681115,0.167022279109037
25.5,0.181025723749131,0.239739380728867,0.0706814999354908,0.286279639345008,0.220741896214627,0.0483612825043204,0.0564662738928838,0.491273416414591,0.0353463193500771,1.12902452401456,0.0860770288439808,0.151604919594564,0.10303223300524,0.0298420657274883,0.11057378337725,1.18804068821895,0.317255296182326,0.313337709446341,0.0979563051331229,0.00226973904724509,0.134457849997641,0.111791147481703,0.058373730640586,0.0153764440094122,0.0974535074938521,0.106570230468058,0.200263799333988,0.246371310563522,0.0953238576370532,0.036761051809611,0.166992289204693,0.1062737440492,0.250067887358538,0.315704127132111,0.0999593822946106,0.00729549971825971,0.0194460447979439,0.100318223668818,0.217631836996739,0.325210230384987,0.0608958775209867,0.122800516630367,0.221357085377673,0.142676925267292,0.0188615153308048,0.758409509155082,0.0493079337770563,0.295304243018052,0.172299625246222,0.040030214718902,0.0923935718016577,1.11827681199619,0.0957456539690763,0.229220211103447,0.155843708807548,0.0635065126367697,0.0515329951252612,0.0993493643957768,0.0397959833755705,1.86193227715596,0.021218128606851,0.434843310557806,0.0119538814669693,0.095828376887605,0.143620603013986
25.75,0.259071132014113,0.157653194570218,0.325825140929059,0.101524353922221,0.148021894467934,0.0115640445591416,0.0712480189322038,0.428960502653288,0.104511679551993,0.823292457516629,0.200481896725548,0.0984789005640337,0.10951296924788,0.162773913964181,0.0338792307835595,1.89088426327226,0.312593606837982,0.210839180018638,0.199450241395177,0.0013342204610074,0.221166886764573,0.0655978192933198,0.0491349571182805,0.00516629183579653,0.189206591777816,0.0875529788866825,0.0425443238261319,0.249369384599495,0.0729702364957078,0.0514774401792682,0.044777626220948,0.475124639101196,0.231030641418578,0.12232658368415,0.131094638262677,0.06839991141906,0.0202009279280301,0.0501730946256344,0.273382039915997,0.170731446307957,0.17886546153441,0.0633187269560202,0.10205571333442,0.0482885016600835,0.0881852755982541,1.05011577161503,0.287354018608004,0.127510521677823,0.0677881685858045,0.0387337071423174,0.0183487771805576,1.53105601021295,0.175833261516244,0.0993627529498486,0.150859016455896,0.135133506750747,0.0593476114532731,0.0455012907338867,0.0583533348843159,2.31090746613196,0.0422804149708424,0.495432552350474,0.0646974387634245,0.128008773498308,0.188721268070208
26,0.0348014567095516,0.135373814779335,0.00292065700355976,0.0516969373474962,0.0724859493578352,0.181389119373763,0.0035046118621198,0.0165442789260665,0.0526903381338887,0.0702738146885603,0.0138287742173756,0.148874236532583,0.0225494524217137,0.0324220577169443,0.0406942417263814,0.066814784903542,0.0415747315727019,0.0197168237732061,0.568828409370004,0.0876844915510327,0.0671164540138769,0.213355187750293,0.132641209699364,0.204359302927002,0.0123868257484712,0.0683726301998824,0.017581048197381,0.0713160134362336,0.0112254108848765,0.146432245034552,0.04889761939997,0.00972867015835245,0.0128578232950152,0.0189892226833115,0.227572232293449,0.552523979381368,0.0375293789601402,0.0754420331310389,0.0228349341990819,0.12206329222944,0.0339328217119986,0.036308400541448,0.0691547850204729,0.0669232973515501,0.020044513921233,0.0391129524752148,0.0140336128416827,0.138334148854027,0.0766826396532142,0.0897616995390868,0.00508089414554651,0.0993682556199216,0.0187385392356317,0.148887718003339,0.00215660313793531,0.0460904013562128,0.0659313189246424,0.131865444216019,0.0645605298604955,0.159329878953736,0.0355429076721695,0.0545817457793326,0.233034657295274,0.00497902677804892,0.195375022220508
26.25,0.213313449628053,0.225776125562708,0.244745008573773,0.136789900118265,0.0315255877208754,0.0661217736740067,0.0952586098421068,0.255970426440806,0.395220139299442,1.18373636348274,0.131240827431051,0.218271698377151,0.0338143080665206,0.0235507964131561,0.340834181478531,0.837347018425085,0.235445672246232,0.134796449738326,0.0280662689797839,0.0292340823029189,0.112902413077259,0.0731807207439015,0.00270613620228257,0.00206571212528135,0.0786473757226523,0.128076755293873,0.0620986618389296,0.0781511229803417,0.0882437255967356,0.0473661464499352,0.0539123224273726,0.133936701738512,0.168331192637101,0.132662009644383,0.009325196669256,0.0501823695223479,0.0254170620677956,0.03724369349865,0.270846565189306,0.266770543392336,0.0785095371064602,0.114228178270661,0.0420297048359602,0.00610777935444138,0.215711079268679,0.697988427964183,0.133881091693473,0.298626529002859,0.035103212723438,0.0248487106988773,0.195039730232406,0.6833067785518,0.202637339578501,0.249028339457246,0.0724247368171843,0.0743297650930714,0.154041520510029,0.0855517038740949,0.56239491338109,1.81976924124199,0.453530804996272,0.477853577344578,0.00117474971702915,0.216659832241611,0.056613643185296
26.5,0.146620792662046,0.212566048282858,0.0412871755903071,0.00679571961004249,0.0162216830363153,0.236857226771477,0.00915944254230116,0.382234098587445,0.0392836869977972,0.104063991299813,0.138934778864097,0.0767184519701388,0.130868925422278,0.0220929251738228,0.133800651960325,0.0516471966079836,0.0755759342372558,0.00764635132014918,0.232997211679606,0.170419526037283,0.0311562005403206,0.129584238697523,0.0844262796191386,0.30860138491823,0.057734486271922,0.00153970013656632,0.0331565833280748,0.105811686025742,0.300570834112466,0.158802371761537,0.108207761954994,0.00587122314918374,0.00542625041040622,0.00507020136485889,0.0782447086572669,0.334801305633847,0.0736434271126173,0.274392593589832,0.0783881681116709,0.0608087787401369,0.0197817835843951,0.0222530606259202,0.027683427433159,0.311434319640413,0.00381350480719784,0.684468532475041,0.0765859908934307,0.0575457171305315,0.0601901996556404,0.0597574060003926,0.0367010809471439,0.294488238378481,0.112658542798175,0.194479460743784,0.132766591199666,0.00852327335860394,0.137796858275747,0.314320349341121,0.0566105370186098,0.208571657012205,0.351379821222679,0.0706551812211464,0.240154993837184,0.0548496154258272,0.108668883101062
26.75,0.0230757481073953,0.0587627675549007,0.0187040265289148,0.00906704294385491,0.144163362964436,0.0487773074542746,0.0231771664251727,0.141889559979443,0.04095172334203,0.194552920629016,0.0567034562243292,0.0470916147304343,0.0544760955662523,0.00559616426066491,0.0430963213477941,0.149723543814865,0.0409347830363111,0.018855905183259,0.150273794489243,0.111059572811444,0.0593780659603864,0.0105473908029877,0.0501001271156777,0.066337046821045,0.0860654280675255,0.00843294664151059,0.00909308748299981,0.0787410458945165,0.0633107678534129,0.0348701684178008,0.0129113694524863,0.0403976092571549,0.0166372433529974,0.00315977821586053,0.122028685536729,0.0943834433965121,0.0403400235514542,0.120808935230001,0.0226194414959837,0.0427861321124605,0.0729512417903915,0.000588699307362151,0.0430901576445071,0.110400995309068,0.0321805578135315,0.212561279107374,0.0915021065270731,0.063041203604559,0.0924623524300513,0.0469461371168294,0.00277073551151316,0.204867010777878,0.0694339019242282,0.0946624428354569,0.0607293170001529,0.00507092212362291,0.103316251904389,0.0761860644276132,0.0446393708350664,0.259395287175761,0.129004788421141,0.0959679538617891,0.116979200397811,0.204761648547938,0.0396541982494874
27,0.0259499357747443,0.037831442409439,0.0143859855653441,0.0957107061348507,0.0283121122069894,0.0402058586293351,0.123534544439259,0.116100066865744,0.103493690070827,0.24748355433263,0.136227012653234,0.0870556818672335,0.0628086127329783,0.123312745256668,0.152094558212108,0.173712159989568,0.00130302916487852,0.0135870938747817,0.0124059660511197,0.0240088758119328,0.0293626606508092,0.0652805599724019,0.00657613926284332,0.00127584331616929,0.0504902616138403,0.0778244444112472,0.0311088136420723,0.117680449430442,0.0932105057128411,0.0410882409785953,0.0783965967788921,0.0984169909909802,0.00764595922184394,0.0584400622505638,0.00501698984305759,0.0094029702285876,0.0257192884614824,0.0264607769812013,0.0228897907305372,0.0076593652507493,0.0102962026464274,0.0673031457686649,0.025544012983677,0.0373026215157257,0.21699748011405,0.36806539829766,0.0793179247937607,0.115912212873405,0.0471046824855643,0.0891926343432487,0.0944786916734938,0.298453918039206,0.0767321662323499,0.0995583049952555,0.080987838364208,0.143251976633345,0.0828491620039314,0.04503823223943,0.255788190249874,0.533623460805745,0.0257447124290419,0.0842836570857848,0.00533872204315759,0.0313805100158881,0.0447375488113336
27.25,0.0534531389611436,0.0555693811239526,0.134109856227507,0.0309534071293267,0.0300249046750378,0.046544760801662,0.0020373736903543,0.155146530612734,0.0252338275454243,0.461577032711006,0.0903175146596325,0.0136213287387736,0.173287038516553,0.092072863863867,0.0533474924680364,0.509241866824112,0.103642652877007,0.0775784862241187,0.0240035532371475,0.00464837871338023,0.0774542793210143,0.0302469556141449,0.0020790577515523,0.0461879639864063,0.145935734885455,0.0221265587914348,0.0375127993805292,0.198307489111071,0.0989099529535307,0.00944340288172266,0.104432528602208,0.273915603529657,0.146899317697559,0.0338863775918067,0.00535537161385804,0.0464029411184504,0.00279790703892255,0.043959737182274,0.0858088317420228,0.117196460276572,0.16638723563786,0.0177058792547218,0.0189898373958541,0.184300843445192,0.00336117361282045,0.431813687474863,0.159121713866648,0.0315625319479514,0.0613039934156791,0.0787403158248717,0.00828888762584036,0.545204125693836,0.0660248568329229,0.0426779475166046,0.132175952300679,0.0302913794023213,0.0628424344000258,0.0777688659204783,0.00598052621625945,0.871345589861796,0.0261993980017615,0.213553610770389,0.0151310036584414,0.0401515028278952,0.0480991301787029
27.5,0.0502952112751495,0.0198520596198147,0.132424637963955,0.148973078483667,0.0352204496388349,0.179755083156238,0.0423397615497295,0.0345290634046371,0.113229806613202,0.082944986898991,0.032716572501137,0.0565693845147282,0.0435032399538049,0.0368765839335328,0.0730434116798114,0.0520622525055397,0.0459847942745854,0.0617971917770638,0.0555378164255518,0.146631399070777,0.0851610913065274,0.0764651184203715,0.009285484394725,0.107929290425058,0.0476867724574782,0.100252120447314,0.0147570199977066,0.0423543817306668,0.052120943684818,0.00298729086121188,0.0264115987187967,0.00362533677377085,0.108654061143036,0.0559874299040208,0.025152104620146,0.173645441680916,0.046074736214582,0.117541202691006,0.0787374722928381,0.0486086785772675,0.0611021586177263,0.109509999704032,0.00149213325881177,0.155278746753716,0.0797619852526823,0.0112093825744851,0.0334792472830024,0.170477688720622,0.0698441263632616,0.0404035014723981,0.0375366348517492,0.00880156999281448,0.0533500672445061,0.105290995233002,0.0362434992762672,0.0192503134573406,0.0657973918146694,0.0482423036143728,0.079477321598036,0.145634365779095,0.245293624092309,0.0815999584664638,0.0773700222038856,0.12800132977825,0.0578933872368473
27.75,0.112093055979598,0.122343612164734,0.214966833941439,0.0170659115565911,0.123952216398422,0.0274874106515662,0.0135351889764606,0.451866488888678,0.135383744671473,1.02170785223777,0.131829950694696,0.00775024030548037,0.158869392882734,0.0325779519564761,0.0113136050137455,0.80540712134292,0.106225806294505,0.10661904424018,0.191041783667682,0.00634966948058685,0.168183410864766,0.0177581461351058,0.058431774646515,0.0526980737687962,0.136416641359869,0.00204179423489459,0.0705043152125088,0.104449163795085,0.204813573101421,0.0230973405106338,0.0380373415802042,0.156498706751989,0.236588173982638,0.0141508935145563,0.133970470687859,0.0528338653437261,0.0411404071048723,0.0964373662733799,0.154969851948277,0.0276456878829464,0.162692649983818,0.0026039860783771,0.105577885595769,0.109528912791497,0.0540484382246991,1.15865144789092,0.0882587738705138,0.0182301535518111,0.107177914138161,0.00549702733470378,0.000735329692254882,0.928094833689024,0.0839833971670588,0.0372262236654251,0.106665319449538,0.00219386819934858,0.0500184258063143,0.197505257563747,0.0646509106535339,1.74240493189699,0.0322673587512841,0.353396605012714,0.0482269204958115,0.133594839512564,0.14105529904829
28,0.0332570629570761,0.00941681787755575,0.000168327782966243,0.0754411394765385,0.000702975225094792,0.313896670987079,0.0329652509854614,0.00144879272240912,0.154982869001968,0.184654906027363,0.0676126805082795,0.00977787057724045,0.0821687018349055,0.0478295716962679,0.0550064888675436,0.0351003167735046,0.0479526006510824,0.0990300338454142,0.068664377154676,0.0175245545397148,0.0538219000996735,0.182861003668547,0.0114730337596596,0.076765033499258,0.0242118823034488,0.0313811234080209,0.0357582469840576,0.0752491575870298,0.140172082022181,0.0105329059744992,0.024669901332141,0.0222191886254242,0.0212628277576443,0.111755172811879,0.0580867778277556,0.25663452911728,0.00330413997460967,0.0140164458160165,0.018111904385886,0.0221933560445162,0.000320183823161492,0.185519490505246,0.00268621886910773,0.185280915244915,0.0688012666694755,0.141349318268795,0.0265917040398737,0.0159405164158209,0.0317125924050595,0.108965009285924,0.0775633261124914,0.0146023630730427,0.0316378972012303,0.028827602830792,0.038646230788474,0.0328944796271339,0.00204765879789816,0.0125031372614451,0.0930057303141868,0.276964463248974,0.024545434895728,0.0681372060516521,0.0549874239323056,0.0442742388910589,0.0997776056678854
28.25,0.00320607727067138,0.0881803994434425,0.0352132916286103,0.0792372751903774,0.00906172043823863,0.0106203589227462,0.0143680091963426,0.0266344259266452,0.0291876321412427,0.0371121873715715,0.00665330187265515,0.141655314656821,0.0455966924268086,0.122676459481404,0.0293921688804211,0.0779125651953755,0.0656224429213731,0.0933670563670629,0.0995577850293521,0.00914569011615272,0.105602283016719,0.00784530486978336,0.0162753495412887,0.0235538234257685,0.0125326666925701,0.101906734954499,0.0264258229518966,0.0349836553103709,0.005054816585746,0.101726998093904,0.0106456377522005,0.0617767221895227,0.0783730045490014,0.0349346130727894,0.0978524102318413,0.0307784713228965,0.0158229689646921,0.000705402911262653,0.00847874671361871,0.0851165460156973,0.0219807234502783,0.0607048814097466,0.0289674713889817,0.0151081859892764,0.0115215933176581,0.124494690983649,0.0106762361647015,0.139765519930747,0.0146357987011974,0.0525129728053245,0.0471107918643668,0.0954852523611708,0.000633690885399888,0.132875601964043,0.00914772590319127,0.182141452318718,0.00512234427819832,0.00843692982842031,0.0376641375424439,0.128295946156213,0.0042748972351176,0.011492712503982,0.0954360386596994,0.0108609163897084,0.117300420820997
28.5,0.0472482823920629,0.108226879081523,0.0520511340193465,0.0920763087508377,0.0796644119891367,0.108584098772019,0.0306885622504784,0.132320794267756,0.0251355371318277,0.11467381430673,0.0654489308796721,0.00527796660585377,0.0275536419961642,0.0380853031292975,0.00255277205003864,0.0229348883040688,0.0652577967020138,0.0266742533178399,0.0865641303057536,0.200363289083337,0.0737260446557787,0.0168104543890341,0.0108752507457971,0.015078699014758,0.0533314457458213,0.0256948253554033,0.0184930892673792,0.0531304821367588,0.0178288917913801,0.00239196910896858,0.00234379243894801,0.0744018104250893,0.0321491454342978,0.0251346944043672,0.103662377761282,0.0199491844414049,0.0508236686179598,0.162502660473146,0.0528790454907137,0.0502888267238534,0.0933690641310373,0.0469844814667933,0.0103710342470309,0.0923529917394749,0.135356572891494,0.314504104302158,0.0971744732031915,0.0910481916856855,0.0610167917686703,0.0988986383498103,0.0136474515845771,0.152876778918999,0.0491933857389017,0.0216262075865995,0.043045593733157,0.0196465932122913,0.00750412720670131,0.00663159146663507,0.000502808077764628,0.196252763704324,0.0114187498275999,0.00746570438541031,0.00278919555319285,0.287057225599741,0.0505958721470595
28.75,0.00888861873347659,0.0604204715593994,0.109796967541445,0.114218065028341,0.0514681013629433,0.0719854494439903,0.0244344627362018,0.2164402232901,0.018712560476727,0.167966397102458,0.012095851161141,0.182762445244941,0.0316254884834629,0.142753441826972,0.0169162918002577,0.128769590974133,0.0522317892256559,0.154831233077703,0.0570822856856617,0.0374953401606534,0.248223208653632,0.0382598305115385,0.0276782307677055,0.0442325068227788,0.0157167576887073,0.105994983520274,0.0514856949880521,0.23066611246088,0.0148841947448255,0.154070178787334,0.0549129470513581,0.207757115057007,0.157920310049263,0.149420437421594,0.0444344656762213,0.000546810873314307,0.0278868530095436,0.0821414613327026,0.00629301655369737,0.0990150501331659,0.122079497088484,0.0400127247888947,0.0450762754187786,0.0887018815935204,0.0252226545226257,0.308330984825223,0.0171677552631008,0.188316190552345,0.0797230687908367,0.0343606848833607,0.0164218862913664,0.328705388935633,0.00220283536050352,0.173814946490441,0.0088152016050744,0.0774213711413205,0.0161830818614221,0.148612307128592,0.0295789515010203,0.270462939015268,0.0184134973196291,0.0874080865905704,0.0345828381484031,0.0600452870234296,0.151605565266526
29,0.0890117881864209,0.0724800545540461,0.0199902709647507,0.062473647220779,0.0113180183640085,0.00665364043580903,0.146431723287662,0.0379045914351324,0.151730032208759,0.0357567615646169,0.0164213855023193,0.151851880794812,0.0567744097194643,0.0146489867040023,0.265963896662527,0.104314438544776,0.0435227579804794,0.0245652843503492,0.0030741969005629,0.0151136828939447,0.0443578068801065,0.00254218391018495,0.00832090561970699,0.00137666470191833,0.0014437002053877,0.0874452585776218,0.056685705125585,0.0257908704803993,0.0414853155436049,0.0545036152022367,0.135935203099107,0.0268155758363257,0.0384200952250229,0.0211846937330513,0.0030081383998759,0.00460234865154489,0.0372499668960468,0.0019596873421557,0.0430692595126324,0.102949402871486,0.0147277139381191,0.0425693640021253,0.0541683823536688,0.0141295015039005,0.17112086485666,0.12971048302108,0.0133074389280414,0.1784480790084,0.0531771042191601,0.0547108469909919,0.193426904767611,0.155609893307656,0.027772689394872,0.135580931228716,0.000894212558924171,0.169364453022199,0.105447475367951,0.0355359165974672,0.405045492491345,0.159657846540718,0.0511814610706947,0.0359535482539836,0.00466377572388982,0.0201015268303591,0.01448874346802
29.25,0.0138430782119814,0.176851513403701,0.00305034054741986,0.0214672040728612,0.0265024026529081,0.0146637134549608,0.153510882950962,0.0446851152143201,0.0947352153639133,0.112388111190776,0.0373588484607389,0.0629492542669041,0.145339138408205,0.00682803776222735,0.149587492216058,0.192123936438827,0.0315275178842525,0.00180122456892723,0.0587546727453216,0.0711782479776371,0.018054975887954,0.00095602213099731,0.0889998160757548,0.0224787831697565,0.0195527175421395,0.04090486485857,0.100108442132751,0.000471947202973127,0.0117280018277104,0.0993143808632754,0.11678052698419,0.0438268083921328,0.0153515292167451,0.0327755195046471,0.0613410588882822,0.0174946161303847,0.105052624107774,0.0512882922821827,0.0212393718703196,0.0861452154128166,0.00312176714332908,0.00642921022638641,0.0654171328888374,0.00393633581262468,0.175608667326603,0.18924927779122,0.0102320272027237,0.0357532667256549,0.0186712451205803,0.00322163807796414,0.159808206957471,0.0599546629729479,0.00611426480365948,0.148124348428469,0.0123309984837414,0.0289953669268724,0.0934797927044917,0.219074434132199,0.308300347844703,0.209200724594778,0.0318536363823642,0.137909804898179,0.0378587357939943,0.0652720302466659,0.0214419796011691
29.5,0.0107121668100988,0.0063006429265586,0.017922038793998,0.0339636645173625,0.0139541988517887,0.017315491990922,0.0544400490510822,0.00756694048318796,0.101149838846264,0.071267077300082,5.56170666032091e-05,0.0237498784502495,0.115972975727772,0.0667959728224525,0.0325043919207638,0.0114395553414654,0.0396617426180529,0.0472726561393058,0.0752716374065252,0.00634613615302926,0.0583095951489167,0.0935886131103625,0.00912433671052649,0.00969200971787837,0.0132513940448018,0.0194251408403597,0.0260282467780908,0.0344769912045517,0.0205442996261554,0.00663901080738606,0.10639400708593,0.0793686181123882,0.0222570613817053,0.0411453172666138,0.0113227428791054,0.0280309984843472,0.0305214370957482,0.000281501191949087,0.0297553218922956,0.0285498492325894,0.00309149908738537,0.0309703772085834,0.0343610911422639,0.00634905289678435,0.05474025394071,0.103674575098674,0.0218798548942017,0.0812350311780533,0.0248749874416514,0.00698963530301132,0.0581102910728867,0.0652142623841094,0.00582184441189896,0.0237378107280836,0.00954421320780049,0.0361116821472274,0.0446152678458492,0.0102280925672231,0.0321714582955692,0.093795391988289,0.0759912618125287,0.027517601932808,0.0152910611140377,0.0412671403745051,0.116309581805461
29.75,0.114410828712441,0.0459159162948389,0.0558063220323376,0.00707159379884916,0.0417495141057583,0.0786065449384433,0.0150331963542772,0.311934616543525,0.00170272846451467,0.103529843487054,0.0850672255427353,0.0210474334188688,0.0218614482530516,0.074595198297167,0.0353235567975181,0.0246977405419525,0.0548554164398722,0.0177664333938457,0.0406908442981606,0.152515942430454,0.0384092418609356,0.00776796925058865,0.00506862565573704,0.119566947889248,0.0256631496459671,0.0035683486850764,0.0388772374586073,0.031788479011816,0.0906302110490132,0.0371985317859628,0.0608065859148108,0.102083825105296,0.0667555329205411,0.0144838187794465,0.0124243343677364,0.0511041409475296,0.0780638896581248,0.161313572094417,0.0805598912455747,0.0351898631090304,0.0424536577771576,7.87156889936342e-05,0.00198217581584635,0.100126284645386,0.0377434393815117,0.643015895724624,0.0601821300742731,0.00239675536215255,0.0175222720190125,0.00929923030316854,0.00306111601237567,0.117266206437281,0.0865977354738468,0.0411463778405026,0.0556171232569327,0.00478530765618009,0.0234846883867348,0.102861489773168,0.00848658238575579,0.109688122442637,0.106771775191622,0.00935681158229946,0.0410439254155454,0.204590103539911,0.0165160032187836
30,0.0191934083968712,0.0239508836154659,0.0263121830350495,0.000284709779461622,0.00103588535994102,0.0448527729609279,0.0289128103141594,0.0555972266661038,0.075838290733434,0.0241153563791989,0.0393854796856901,0.00717776646151102,0.00449295618622686,0.0772601664727606,0.0630612828473225,0.095878426361224,0.00266088281709888,0.00699170018871156,0.135622180853429,0.00486025788675369,0.0161783846371977,0.00847239344358108,0.00607817997477678,0.0276907988517776,0.0184487372409252,0.0257578073176751,0.0211187952600286,0.0890603807746345,0.0665707057482723,0.00184321936040574,0.0343936806137665,0.0839330452144603,0.00119723937863532,0.00109053736155806,0.0181614290624398,0.0397600617988553,0.0035596361773497,0.00795738416510147,0.0233821933148,0.00794679865444466,0.00208043786487609,0.00949980765710044,0.0145567548269749,0.0742134680262352,0.00789502842287626,0.178558748410739,0.0368340860096088,0.00253846976165929,0.0377044493901751,0.0387889893566492,0.0460525374160665,0.200197828868732,0.0588973919352946,0.012710935614566,0.0443751522643087,0.0138927005150133,0.0387819072252527,0.00370631183498594,0.0714533499285289,0.121922905188746,0.0787040739436052,0.0156222426782,0.0312746447489748,0.00546005778506418,0.0306300133546254
30.25,0.0292267738952497,0.0107898531420175,0.0503604349385652,0.0251834237055366,0.0524997222993802,0.00301292351907728,0.00515707746631418,0.101617156366871,0.0235031900735925,0.012411399748882,0.0382032606678172,0.0856366466808562,0.141512910565056,0.00994258262210734,0.0682803529730901,0.00895980598009352,0.0271042564951689,0.0100313991165839,0.0829799103097321,0.0612134220752059,0.0287632359881177,0.0131078476915455,0.0303684092495273,0.0785675477346667,0.0951822767997402,0.0535138150555708,0.0346352218748955,0.0413218457792631,0.0436073137944988,0.0250241827251926,0.057832061936899,0.01190856029157,0.013695056720684,0.0214303005427888,0.0102088140310125,0.0354240608668415,0.0283036045847086,0.0630689482172871,0.0400503656401813,0.0125552284619405,0.0570077364538226,0.0253076509850107,0.00634456878544902,0.027242801648898,0.00595170200763948,0.0471587778188165,0.037715362937615,0.0937856068962977,0.0746125746762113,0.0283707405058052,0.0141860030854152,0.0619760073433874,0.0186910459429199,0.0802404054849864,0.0601662781932744,0.0634227399143274,0.113264160991948,0.00982118246732455,0.0276735014696324,0.0229281199114754,0.154435751098548,0.0128639636094424,0.0887871297730664,0.0580061752658045,0.00553407895160648
30.5,0.0257593709101187,0.047625689599606,0.0479514115192211,0.0152449803708791,0.00338206887863345,0.0261489382370549,0.138087873682336,0.0670055730361305,0.154798008170076,0.0411925107906261,0.031191385158189,0.0375083027495067,0.0137911983527178,6.2424260624555e-05,0.222927720262737,0.0721275871397467,0.0222742849652887,0.017692762603945,0.0259446502288859,0.0390162651014019,0.0122472590684401,0.000303916878338479,0.0384216085983965,0.0213082261833384,0.0103375963346575,0.0309640955614138,0.0636151455947925,0.0082894842399079,0.010003948732801,0.0605503509465599,0.0444517853712093,0.00708790000114313,0.0137962545144345,0.0210947360174646,0.0297599240124218,0.0391068267693938,0.0595050855480076,0.01011437551999,0.0389450307030472,0.0230264066696239,0.0100977112855299,0.0208470615422307,0.0418765126537753,0.00718033290520386,0.355427914845659,0.254560802823851,0.0504987063177478,0.0420804269481466,0.0230929936863208,0.0609890148277191,0.205742447833693,0.0850848926543707,0.047033616991532,0.038146710277853,0.00268373751412536,0.0538664872793715,0.0110590023873034,0.131991544831016,0.327228025704363,0.132745449651375,0.0275393262131631,0.050226136941068,0.0339777173561498,0.085377241036814,0.0170562070571298
30.75,0.053848823978699,0.1230316688271,0.086912381730651,0.186985814827434,0.0457327993507744,0.0293233675793929,0.0477880371152481,0.427272592804895,0.0603955113146225,0.631703836042016,0.0554003375759909,0.135606118328242,0.0577083263443294,0.0799020782474738,0.0405996976219241,0.199559043678885,0.171496458425333,0.128049926459092,0.0791657976303744,0.181923320311385,0.133835322134601,0.191964189334324,0.0596552121311239,0.135306268024492,0.0769083574604056,0.05993586204157,0.00611924533811393,0.0704625430906104,0.01457011347727,0.0696311896536179,0.00938221157262688,0.115717573888375,0.144078391789491,0.19002986834312,0.0480490582716806,0.0710134823140313,0.0960245638949679,0.251990002393696,0.0898245691084971,0.182337529570866,0.0957469855609416,0.0989775565464522,0.024128893286283,0.0907844387171918,0.125546392483764,1.05742208514522,0.0541421434921753,0.134039360828687,0.0577397072520655,0.0153011576230728,0.0104266294872769,0.479898884266805,0.0470574035697393,0.126065511941732,0.0605255473056549,0.122167085656779,0.0295357796532115,0.0427677991149478,0.0380356636299908,0.819526331833521,0.0881263140152157,0.156836886996671,0.0840642333072091,0.29295470940281,0.176613342951753
31,0.0112391854733266,0.0137379037614325,0.115057009345194,0.0807064805340394,0.0118914922006522,0.0102088727870793,0.0741976737257258,0.0170121133275637,0.203702215458192,0.174940034602986,0.0249257814386303,0.00297986535415523,0.036496357128576,0.00904454470164066,0.118466612656188,0.121029643797831,0.0676151006046236,0.159842733509434,0.0530029382217877,0.0272424152636023,0.135575644989437,0.121689685890484,0.0187358301529607,0.0175625103686231,0.0626823263256341,0.0121741097634737,0.0039826012440986,0.00589786644678055,0.00293603948939065,0.0158477154064556,0.00288578445938754,0.0275554661814313,0.112665860323497,0.131149309773316,0.0353547969022034,0.0565920401025931,0.0489175671861487,0.0572048859953759,0.0670322162001915,0.0321574316945219,0.0885194341187982,0.0653377177950916,0.0185522119433729,0.0194452439130633,0.256185544356619,0.0665917084788449,0.0938286302658329,0.023214190230569,0.0125772572318772,0.00067214250282525,0.1181282127953,0.144029584304998,0.0246478780756789,0.00229138210418302,0.0209213541236577,0.02533493738534,0.00808904304281732,0.123369135505252,0.289672481899218,0.226907887720396,0.168528964917757,0.149976950764161,0.0308387868843549,0.0640936152555079,0.134897309911002
31.25,0.0531770183466815,0.0887943561836984,0.177203095464313,0.267935982619761,0.0408851718581882,0.0983617247174617,0.137232412799912,0.0395926251218277,0.124561880488965,0.202688208745978,0.00865848340078728,0.0666220071523611,0.14631698318627,0.0323705061861808,0.17893155060667,0.0380741604186246,0.159171701951713,0.161034218884507,0.0341971551414364,0.0263538693315838,0.0369878321637763,0.120226077166718,0.0594251239693745,0.00958547506886744,0.00442632397894126,0.103011085711105,0.114086844540784,0.00887148583996778,0.0646588346498711,0.00379012914136809,0.133091091853401,0.00644999997045721,0.156022711911492,0.154826504961502,0.0140191200733172,0.141885892929682,0.0672647819317743,0.0116027401341216,0.0872913283331882,0.153072041193119,0.0264672223041824,0.192806443583636,0.0650375236784624,0.00764996629462249,0.127583257498875,0.189374840830116,0.10110193240963,0.170916245514499,0.0767452132402498,0.0430170191192324,0.113677654726377,0.0617399961673049,0.020227972325299,0.0540841759412107,0.0141207577479937,0.0951812156748188,0.156082362026715,0.0124139085017032,0.107991796066936,0.14217362166635,0.0896353706523765,0.0669414938717585,0.0245233970749576,0.0923908808103752,0.0719195211468475
31.5,0.0310765795059679,0.0151437232338942,0.0395710820096004,0.0260055914288077,0.0210924903690131,0.0891901027080883,0.00531498690374443,0.00516368081103196,0.00281685031512458,0.000432955753076197,0.0730050495550264,0.037099199601838,0.0428922585799704,0.0545676218680572,0.0639086713749494,0.000966880583702765,0.00924210577527081,0.0185522153149787,0.114714549433549,0.000529657438617338,0.0963868674348923,0.0609694861239971,0.00568148765923898,0.043323904963701,0.0568944893534394,0.0411700651102673,0.0608607584358412,0.0262204244176337,0.0851893358886683,0.012609676738579,0.0839808236965171,0.0353314075408388,0.0316174125927561,0.00946336474187808,0.0217419634845635,0.0701328410265565,9.34059857413809e-05,0.0176832824205371,0.0244280085278137,0.00782745448405088,0.0415028517665244,0.0673459386229008,0.0125634193956654,0.0195268073344589,0.0275472225972147,0.0123720526149944,0.0570800324064455,0.0444758687776322,0.070075041612447,0.0554837489792925,0.00328136745003953,0.0046415604604002,0.0361912574414206,0.0205531737912151,0.0837900830075346,0.0938507945098603,0.124047285437996,0.00213490170447263,0.00599022271910897,0.00671564190202651,0.0522436443099955,0.00399723966186041,0.0324016173464517,0.0141855961814405,0.0512035904392145
31.75,0.000928618862092635,0.0717803103236136,0.00474499589443832,0.0964864187878476,0.00693876632523296,0.0328606645346384,0.00162230266708596,0.0101239070034936,0.0702273525065535,0.251546172497792,0.00219162858504423,0.0857357903523313,0.00283881744139913,0.0418870174518605,0.0265398637843512,0.268135482478675,0.00480497299044698,0.0028250022952094,0.0192835968344192,0.0219473301186335,0.0375690644312067,0.0356121895067693,0.0111787831991723,0.00935302039082262,0.00033337478461049,0.0898628941648917,0.000305182602780226,0.000745889777579457,0.00863132514342189,0.0214846060515127,0.00795802373791136,0.0120343306888516,0.00423086628153414,0.0504524478184968,0.00718005579517119,0.0450570935946187,0.012225540215708,0.0163744618208793,0.00254606141195129,0.139725504090466,0.00250588490976279,0.104415842097724,0.0102104548888249,0.012743299156065,0.0185186211281882,0.0878857152425469,0.00228900503923248,0.190559609385588,0.00217659527868834,0.0177200051447391,0.00275449721275672,0.140011188293765,0.0016751270113866,0.0837625115014791,0.000470351070693108,0.138070571905007,0.0373434442150603,0.0576957989368171,0.0574605028793414,0.384000821997008,0.0399698677819163,0.158683676320628,0.0239456859124346,0.0025622362594555,0.00520504342931036
32,0.0253991866903525,0.0709892564590615,0.0234657437597681,0.177859130307397,0.0136063078726542,0.0105649580752057,0.0042538036903433,0.0107667700630948,0.0697191810707398,0.017621864079219,0.00284842240501558,0.0490203157861203,5.4295010164369e-05,0.0253533020566162,0.0254658941811194,0.00049879297371943,0.0740159384141063,0.0378872440254311,0.0446245757374721,0.038508565058489,0.0257681916104129,0.0307647878528854,0.0571102679083612,0.033388598881585,0.0107772321409285,0.0219168070500715,0.0121653363050187,0.00870537319338584,0.0195066747366247,0.0251285675425753,0.00378633281908033,0.0146395487836744,0.0439950523501073,0.132622955735669,0.045481842615032,0.018831893476594,0.0119948177699073,0.0256134511180994,0.0122714856468804,0.121571527508221,0.0173593379915741,0.0375911652250877,0.0156759210670525,0.0298863841771305,0.040488638453942,0.043414645547786,0.0115646231719686,0.141808670296074,0.00279234916660596,0.00489670647771539,0.0305533630473166,0.0347666621711492,0.0103667579128739,0.0544989474683501,0.0123796928066678,0.03917783816921,0.0265236444244579,0.0448984391502239,0.145853897702426,0.0201002247919663,0.0355255048859521,0.00663487818881829,0.0495088691220201,0.0128194121666011,0.0031551558229277
32.25,0.00838348796342992,0.0404934066512505,0.00540103035773459,0.0133567430414182,0.0119215386991831,0.0696762254317791,0.0553337271389493,0.00062760830892903,0.0681831881560646,0.0255206435886994,0.0170074497626457,0.0487798542656179,0.00495786257972218,0.0590652337686815,0.0383813765670895,0.0404204013437514,0.00675166923230095,0.00896058012134875,0.039362845342394,0.040145793772173,0.0210666724311644,0.0152972323360401,0.0187525285317644,0.0432508915518184,0.00555412999910516,0.02885669650263,0.0013790297850592,0.0142378689727806,0.00958367136737714,0.0395644673707575,0.0010887474703057,0.101573139881244,9.8186027704191e-05,0.00559796466700038,0.00145896613404997,0.035805802016998,0.040147689156462,0.0203045487552453,0.0106283574499285,0.0034643151554999,0.00215353976739673,0.0206734272273918,0.0238079724033093,0.00272066160920597,0.0802010342070357,0.0236970857606823,0.022818815440526,0.0245247051832204,0.0293729625532554,0.041272030103209,0.0501014669447751,0.0331525659923937,0.0245945058711956,0.0155986908564373,0.00763192583118035,0.0211333971500723,0.0172368931361492,0.0100852082255273,0.0568687492792017,0.0247235613469333,0.0230786474802105,0.0118561091809767,0.0289574990780281,0.0707404438319837,0.0139126638526049
32.5,0.0455886150226171,0.0241103600422445,0.0103971884122986,0.0572932334780276,0.0123959727105024,0.0118453006591835,0.0128981997840539,0.012801442203009,0.00774500928714593,0.0149256137219998,0.0304650726876404,0.000513069075390813,0.0606013754905087,0.0414878608355062,0.0628494332719746,0.0825215520027597,0.0554006333777935,0.0295251613263057,0.021337431361748,0.00800538304558194,0.0157121518456155,0.0792500851843118,0.0181919889634774,0.000146006840512458,0.018539518339854,0.0139789043216355,0.0261298534225663,0.0348331160492243,0.0136949262070841,0.00478768518821895,0.0266731234813538,0.0977882896591653,0.0279785364002484,0.0828515071771786,0.0138474077816603,0.0071918533964877,0.0101331285983819,0.00424218448013849,0.0548802073989481,0.0406109995890331,0.0103590514363142,0.0219660289400049,0.0422520497457042,0.0607496450667014,0.00937085749809585,0.0128467939508831,0.0136363023670361,0.0115514341574177,0.0302687208614208,0.0141581051455584,0.0485061247953747,0.0285395504739529,0.0263313596442154,0.0113347519004896,0.00576158436678073,0.00912354933550654,0.0125815344243279,0.0345825540583989,0.0183570455679815,0.0402617604819813,0.0278943096432911,0.0385857629505662,0.0123396354274673,0.00291101912794826,0.0462138449625184
32.75,0.0238548081763441,0.0343228832594464,0.0144339223446678,0.00334195816126815,0.0147129377639075,0.0147403656116512,0.00401393548956273,0.0391758003833823,0.00891588381196454,0.0204621188982247,0.124823109774458,0.0339373861785961,0.065583101941974,0.00730401301617165,0.00899157856581632,0.028174119506139,0.0176627546390599,0.00946515818655542,0.0168421308838728,0.0339243459804292,0.0268578441932937,0.00568532881705478,0.0284411124291917,0.0123628731445497,0.0521977871768757,0.00864410292493639,0.00382498848688252,0.0250602284960908,0.0898086159586488,0.00583703046843294,0.00892253261585408,0.022455073498044,0.00339153407374156,0.00760158550842144,0.00932419423481766,0.00936853126014961,0.00188412380595719,0.044133730296102,0.00848487382368783,0.0236924698134256,0.0108250699128934,0.0169408247670423,0.0126316375711864,0.0202532078162917,0.010429705157353,0.0562962325959256,0.0520567684494204,0.010233585710734,0.0218708621971628,0.00826457134807581,0.00264644532119063,0.0841046724552543,0.0927136294729029,0.0280432967370415,0.0531176554658633,0.0629222045849426,0.015365916166078,0.0426763611074243,0.000402950148912577,0.0717083353101676,0.0484584942975386,0.0201010971923799,0.0111640522169304,0.0421456764417385,0.0119953449365693
33,0.0018937683998531,0.0358503463435578,0.00542388236303974,0.0011486543338108,0.0014536204298308,0.00318097782493003,0.0134492326973145,0.0107715145189018,0.00793292917752446,0.00742718667106281,0.0102691815379878,0.0217826399804603,0.00454132799221222,0.106873490391192,0.0120052938683779,0.0363399272059641,0.00347300945223653,0.0367165386721661,0.11698960166746,0.00300540110639561,0.0405154904136928,0.0704301135985097,0.00151307907514971,0.0214191419822545,0.011365319525116,0.0116907046623494,0.00106535848673274,0.0560099263002992,0.0457611764509744,0.026617405567399,0.00058948843664607,0.129462670650115,0.0228965121930158,0.0209830318218134,0.0180463145214147,0.0637078767425888,0.00662484415633441,0.00867994653391597,0.00345735022309091,0.0320667646695095,0.000751150410984664,0.00489557405579232,0.00100122857811436,0.0108249467258866,0.0196901653645211,0.0253617513067394,0.00431534676054797,0.0163533832076335,0.0314034445339431,0.0483341283597772,0.0119114485720171,0.0139019958263239,0.00364471876091522,0.0282308104678531,0.037762751242933,0.0426089171703014,0.000849054467394613,0.0293325994267627,0.0626564517610778,0.00551718918359551,0.0270696801973564,0.00995791877818928,0.0166727981401669,0.024198447808475,0.12302398763264
33.25,0.00430645332420057,0.0497701394623799,0.0393994120188643,0.00655777108222458,0.00752245193354768,0.0597176565085097,0.00572722477657067,0.00725531991864349,0.0298048387057899,0.0260877642632333,0.0202848893375611,0.0151709394912761,0.00663052731354513,0.0161393226965265,0.0863603050280993,0.0500749630839927,0.019260546843716,0.0180168807897311,0.0942186497358347,0.0132444417063594,0.0757374880366587,0.0627406276691605,0.00721616290226233,0.0362024093484572,0.000889136136171874,0.000888241379112063,0.0149462494127008,0.0160695704223124,0.0674035601729915,0.0356885777907512,0.0265145026646833,0.00739243786915527,0.0464668255959484,0.0118268081432365,0.0563030202140198,0.0539031056048274,0.00216919837083872,0.0123579577321176,0.0148768621331034,0.019157575836482,0.027176853768355,0.0122597830931841,0.000240105267591804,0.0254702029140619,0.0218404005100761,0.038649344988852,0.0225245941052685,0.00538413659257157,0.0207661152579591,0.000537445241197152,0.0246385684991666,0.0256213126976916,0.00752380024036673,0.0290420155864848,0.0168476825965311,0.0370043468170282,0.0336187963947525,0.0788594186044506,0.0487068982911823,0.0441842409397945,0.0350654497063984,0.0323739353779686,0.0404170802566608,0.000873969898569029,0.0833745997979487
33.5,0.0247722866746773,0.0162195937054956,0.020627867859474,0.0129705011542882,0.0010385059320548,0.0242295041596951,0.0266952088869442,0.010466627029357,0.0351858295066811,0.00511226397498772,0.0455593308203794,0.036763851976076,0.0100629335933201,0.0279619451263121,0.00639258091971692,0.0253717864504158,0.00831568586374447,0.0119424177809779,0.105134226996159,0.0414377267917539,0.00375040770342547,0.00808849688937599,0.0615645665661482,0.0412550526862834,0.0355275574365081,0.020245844617253,0.00234827802249777,0.00712959131387158,0.013430973563889,0.0282980373737858,0.00181932515553679,0.0238744448297718,0.00292632019715122,0.0221991095355367,0.0507608046317158,0.0385219443872352,0.0548494650893069,0.0334452372990987,0.0223620797973908,0.0240388663892715,0.00452952601160265,0.00282783415595308,0.01628588241464,0.0172619365265117,0.0540612795030375,0.0207811521872268,0.0394580733949269,0.0574232825658186,0.00889190016794006,0.00709523058096675,0.0131626069197831,0.00427583725674716,0.029487004373742,0.0373363261262658,0.0381825216221854,0.0535480406984111,0.00656443491720805,0.0123916370042923,0.0268933016934569,0.0040937433617546,0.00128452174174103,0.00416252484952477,0.0771097956230367,0.0511568546758323,0.0225220231042783
33.75,0.00257876664996371,0.0286174721536673,0.00569776961720843,0.119272302321184,0.00979720853068587,0.125062419196284,0.0228383089389263,0.0128873905669614,0.0179033649645487,0.120245270397666,0.0339007046010986,0.0180262374337181,0.0198918733889971,0.0255434714965037,0.00132252008022768,0.0884751146001618,0.0420795815659774,0.0749643968121658,0.00530198643855884,0.0101227001608597,0.00419603436391068,0.0482859873583766,0.00389564642450482,0.0165200297952589,0.0229081581333032,0.0397687344578417,0.0240598782047948,0.0291241909521504,0.0273407584291027,0.00212406886942832,0.0167020541001135,0.00747450718912407,0.0164218697836876,0.127688655168349,0.0329415141310684,0.0393906265457522,0.00517418992212607,0.00318112042180282,0.0150871580527576,0.0754141605658323,0.015965315323946,0.101383435206274,0.00680852853380302,0.0374935641189885,0.00837440517621518,0.120637211124024,0.0226883770939471,0.0945338067422236,0.0086427823042326,0.0557008612506208,0.000504637806574262,0.0550750716979841,0.0197817315283146,0.0170445623559775,0.0446938860834108,0.0379181061832658,0.0588765987383745,0.0497472172316996,0.000180638488474232,0.224902236712417,0.00223321101657562,0.0636541391477974,0.00492378851532856,0.0225921758537848,0.0163580032833305
34,0.0306888569440086,0.0422735042658048,0.0212597882474331,0.07317288134726,0.00149574700808253,0.0170746757392496,0.015744446631647,0.110928400679111,0.0251180374329404,0.0536514270387118,0.000762041738202961,0.0366488639514567,0.0075625642104079,0.0493905268428533,0.0176473868783124,0.0504499979028824,0.107519262162469,0.193453559747251,0.0430143500378002,0.0365038852556007,0.0768475680082986,0.093518511057805,0.00119570889169862,0.0177520092379657,0.000392492970353655,0.0213167791786023,0.00808830273029434,0.0470067418964856,0.0181381566088167,0.0247805348775465,0.0180348477767118,0.0908831167991084,0.0891673252270394,0.148279725377435,0.0196397377150593,0.00138222934741764,0.00606712299553646,0.130227614465552,0.0474795376211128,0.129127698700487,0.0155211771242516,0.016916552899043,0.00551570433953007,0.0792123746974211,0.0151431340911352,0.26264588479157,0.00145935655052601,0.0387880323130495,0.0078989063374861,0.00656622594517951,0.0333741490737925,0.172381052366212,0.00720195589236892,0.0809692511092187,0.00315305436809966,0.0337478113164563,0.00280013135479508,0.0228220954406167,0.0646244042521505,0.167955684034575,0.0339262330540149,0.024260529275797,0.00482044535793002,0.0458334859386025,0.163671868470087
34.25,0.00737300481664611,0.014061964390573,0.014178433078962,0.00629938685181819,0.0140996709475361,0.0379012325427838,0.023361351916906,0.00207685924024393,0.0025914682170968,0.0664135323281865,0.0109709887550015,0.0072804798740331,0.00334206053400147,0.0519241274438007,0.00305064812268998,0.0321421958340311,0.000480697819542105,0.00699867857571273,0.0122049108868608,0.023557923730297,0.0232774548271474,0.0363921667015696,0.00467845490810548,0.0111265393061848,0.00684439697713434,0.00487106523603902,0.0146350181525285,0.017642761326817,0.00845406429493613,0.000722245369843795,0.0174030495004956,0.0269109101507918,0.0338848178244334,0.00879687330673407,0.0230875569387749,0.0145597653916764,0.0226980574430991,0.00733111366058052,0.0100944453277217,0.0023303979642576,0.00280796556502307,0.010742984300793,0.00505304280132218,0.0410371023941646,0.00969686067168561,0.0896128381856661,0.0262587237083056,0.00113509999431011,0.0500604104869698,0.0284481465790037,0.012528372523037,0.0220395889025875,0.017977878741271,0.00330593710822241,0.0141168144312386,0.079155696296825,0.0223074301833146,0.0982427407348239,0.00679184386416886,0.0515263585494147,0.0175374767019769,0.0538971815446537,0.0128720617580344,0.0078207083347194,0.0329441264856119
34.5,0.0779803639635368,0.023836246722531,0.127277106640093,0.0458188375263975,0.0154155481464876,0.00987207871844938,0.00939918727827993,0.19120558587945,0.00379072741678728,0.121543500944244,0.0365491031250697,0.057376256223002,0.0732757187675389,0.0429433622122557,0.00415075108084423,0.14216997875572,0.0645233975747121,0.0264183591044898,0.00418214644960582,0.0264366573726854,0.0534868936847859,0.0125116945489694,0.00321149474694518,0.0142858949422925,0.0341075473661962,0.0338220294018864,0.0138108722966598,0.0411838999064522,0.0298374515066568,0.0212846234940128,0.0145777749259755,0.0302466489076335,0.0768643010421751,0.0370112360110074,0.00436647384789127,0.0145162874628247,0.00932903018514836,0.0472640837070267,0.0843337706645342,0.0577811499917712,0.0376755875881754,0.0247572743032854,0.00901625561775344,0.0526678618597075,0.00386063626029035,0.254906700068901,0.0765295233582252,0.0573479973163678,0.00216046318436265,0.00555982557678932,0.0141314997613577,0.248181740086888,0.0738777510425999,0.0791880492922001,0.0177972381086123,0.03466239970186,0.0346115249653353,0.127747965454503,0.00875516688719713,0.323080296527004,0.00448689875280423,0.106244347849761,0.0232979277532045,0.0274337648918281,0.0112537784109517
34.75,0.0195379419192513,0.0597365713047786,0.0383210194376932,0.013788443459575,0.00928950336649358,0.0536930057085706,0.0118010706054112,0.0528758071245074,0.0856935202640051,0.0115466834145686,0.00999075445459048,0.0521508621866281,0.0138665539438633,0.0344791920034477,0.0818541712655281,0.0418581503868096,0.00645868607888227,0.0139659072306772,0.0355830881046554,0.00629296983953109,0.0368574360394126,0.0579227413065114,0.0142842613099688,0.0397195846097532,0.00477609442272181,0.0158851763683393,0.00014372822106911,0.0147594840145405,0.0298401562762183,0.0330500295718608,0.00218070969713974,0.00693341816509303,0.014005498427032,0.0183120435322442,0.0386728798401233,0.0667150805203366,0.0033756283606845,0.0395013849550895,0.0187806479510521,0.003063024679966,0.0103897038994735,0.0232018141316052,0.000476689527922824,0.0531035600932762,0.0486199538921985,0.0446608718371923,0.0130901850031714,0.0343704443758337,0.0044326705377226,0.00368344327764839,0.0259390606196137,0.0840948097408448,0.0218925411913471,0.0762582216236826,0.00691037579693198,0.0359605772266796,0.00281058031829943,0.00719153214680558,0.169817194608941,0.0302782960209138,0.115099180887555,0.00295582933794093,0.0179827635800577,0.00650959216275587,0.028557391345266
35,0.0561345608578556,0.0281556194696929,0.169236669734893,0.0845774483691435,0.00555665285797034,0.0397908777036967,0.0113597979103658,0.346231004078097,0.0375757901700832,0.130243240017819,0.0753819745793505,0.0235629591908009,0.0405646678233282,0.0192936059730256,0.00413264195280435,0.121986073389128,0.0760154726031702,0.160118055880649,0.00836387810415603,0.080764446950961,0.0991019541021079,0.0982397797096035,0.009304409044216,0.0570255140834758,0.0829887290464848,0.018618811626563,0.0209936955070408,0.122899207296559,0.0700729531792732,0.0388193993722915,0.0202280169449816,0.0233695438777515,0.136851211862734,0.0971539305361063,0.00662608395249941,0.0223848740312599,0.0453794060102232,0.192122943766878,0.0965239884975505,0.0558612926446265,0.0878691300387549,0.0348481728471271,0.0020267178010731,0.144286422636962,0.067836470394332,0.532273189178188,0.129136851635757,0.0485336018896738,0.0395227874900097,0.0065710795849751,0.0187080162673355,0.318564866555136,0.0905247218294702,0.0480267836232841,0.10169099279735,0.0115944209690371,0.015098648476089,0.0166637571838274,0.0574234598591832,0.21542557546123,0.0255479841499632,0.0209284826925399,0.0154109962386054,0.225690959934367,0.0855899697001846
35.25,0.0179253999596837,0.00185786796692188,0.0337135157469289,0.00979626524940767,0.00111821245089096,0.0106202593949955,0.0106290013304493,0.0309210417883428,0.00903668619389325,0.0175069542029456,0.0297658638235717,0.0148420073260987,0.00196213938221622,0.0200761380268476,0.0467734588755099,0.0282561775823932,0.0112705371649317,0.0215368234376364,0.0589761470533626,0.0017465855173628,0.00406560456219326,0.0202913497154294,0.00412497623527372,0.00149029288000188,0.00862428276417129,0.017390706594911,0.00843776022542709,0.0269181707194803,0.0156484741978956,0.0165495452485342,0.0230193548417933,0.0199349684213033,0.00410113605116674,0.00907018428294588,0.0119908027111157,0.0105060217884231,0.00612493501818735,0.0175673375171795,0.00741264256630603,0.0182873685306329,0.00187119779439465,0.0149091352679788,0.00537022758626327,0.0310626468614974,0.00950661666560996,0.0886182629108299,0.0255588150561546,0.0365381675716187,0.000449047241046582,0.0060762042951637,0.0112067453759116,0.0273487575862699,0.011131676612488,0.0158165055233262,0.010339847926524,0.0124689502056574,0.041602189070191,0.00887716470703473,0.0151541383697163,0.0302805283931126,0.0705193998501195,0.000495246906231647,0.00238228383838163,0.00588411756438509,0.0202402945433322
35.5,0.00930608117691265,0.000512425279806203,0.0015268192269188,0.0165429134260389,0.0113042217453761,0.00545769164714398,0.00139505142652786,0.00869835237118726,0.00476532510059963,0.0282393751288097,0.00075863901923395,0.00447238666741202,0.00919647055431654,0.0202151165727552,0.00266991530087581,0.015233230724551,0.0146432163441382,0.0173214100027428,0.00880769383742428,0.0111615672581894,0.00253797412503705,0.0377824493063071,0.0111629572798875,0.00341551777749891,0.00139366251758635,0.00191872731678486,0.00850219004078213,0.0379203692000391,0.00937831755074516,0.0119661032217718,0.000785498588834389,0.0259732120199563,0.027413176071082,0.0360453944739425,0.0183682917477181,0.00788177513988069,0.016079836194489,0.0036147661643295,0.0182069614725987,0.00445655246092251,0.0145121456004552,0.00668824443809417,0.00904833811876138,0.0403394264189367,0.00411362308726255,0.0316023033385153,0.00351027049813904,0.00745298306553619,0.00347178677782204,0.0164624324403779,0.00166574937886902,0.0685031799056017,0.0170889284819862,0.00514335255854123,0.000313399207366759,0.00375893704463806,0.00542571760657056,0.061696689721626,0.0363906888030215,0.0680161457099125,0.00119527016977476,0.0177019639791461,0.00449780151169181,0.000761580656827025,0.0253782146896422
35.75,0.0156816913059376,0.0287801850927861,0.00749554865362078,0.0128132205371791,0.00639919210009295,0.00910431379896768,0.0441707830636952,0.0243758258844146,0.0167707920824162,0.0125559391465876,0.00540844406262129,0.0616895195321877,0.0220098257180279,0.0472767399176513,0.0391461801899898,0.0207104170773741,0.000800114120447754,0.00778919298756022,0.0024255001244689,0.0362045400583275,0.000788696486621531,0.0359472540048888,0.0137098754696214,0.0108175726235472,0.0119252310505134,0.0499441666144664,0.022483015850498,0.0165869234546663,0.0087548126191075,0.0742549570796329,0.00191899261303994,0.0241329135968442,0.000333931125615903,0.00992029304632715,0.00211845388230032,0.0194568765046622,0.0128140453117974,0.0173850075749228,0.00408072497945076,0.0322979867265625,0.000125997726642489,0.0241000288716909,0.00774813513280537,0.0102569143106812,0.0292332937451587,0.104348099354001,0.00925736983735261,0.0437022601114149,0.00884714867564717,0.0206907096810074,0.0305607258984144,0.00481717904396503,0.00842298349320567,0.0971916792064671,0.00234292789902131,0.0340369477358724,0.0119834142328285,0.0704169511889448,0.0318655925403761,0.0106593497801007,0.0372748351007538,0.00775221477803636,0.003280354434813,0.0370671166844825,0.0129030403884314
36,0.0195822883503176,0.0280764868360162,0.0220973257434358,0.0100196354627,0.00483530078738202,0.00152503419763515,0.022990185089662,0.0697700675424105,0.0319984188358307,0.0317049310932123,0.0479570552727928,0.00820448208819492,0.0100863682017028,0.0114055066685277,0.0314643446778282,0.00228585858849825,0.0240690079077401,0.0215241661488273,0.0349477400252792,0.0585285446115266,0.000911122713968764,0.0109320373391145,0.034260889902761,0.0435555360902703,0.0188826391725391,0.0136815821401253,0.0042298465473579,0.000836265832655401,0.0383664201640594,0.00518359004127787,0.0274194661893566,0.010768623395705,0.0179204711933692,0.0180939920862818,0.0203912295259101,0.0191815749231754,0.0479110530417784,0.0657764882645595,0.0185994524422796,0.0272381629343785,0.011315393879431,0.0109848038071169,0.0159368591689373,0.0244161845400223,0.0187752351961921,0.127836675648736,0.0386264725131345,0.00707813445582911,0.0187574507012188,0.00283940979083009,0.0138623337317613,0.0378329970404905,0.0227033641483108,0.00448968821594001,0.0376644538305098,0.00690158491653237,0.0227327601294691,0.00339728815269921,0.0281584665772741,0.00296419232183714,0.0453098216641206,0.000300976231857718,0.0396514857804384,0.0670556423041121,0.00531255932411592
36.25,0.0358816641018721,0.0483498000102505,0.0424278195608768,0.0028495062455539,0.0422942935693262,0.0167394982389774,0.0436889080131269,0.00664837657771297,0.0170550666195955,0.0121426151325812,0.0184672956722594,0.0311590344321898,0.0293808925803017,0.0285160491099489,0.0475456820578029,0.0279875054461034,0.0281587237351464,0.0178763179548751,0.0325553648378736,0.0133688518974303,0.00588114350183313,0.019321684837811,0.0534707916144609,0.0141546473957251,0.0131538714017724,0.0233085330142904,0.0360934950784762,0.00713431492791657,0.0166555713504647,0.0437256272983429,0.0320793142052358,0.0215384930559327,0.0161372459564196,0.00454056864412296,0.0594291027290063,0.0144954486941417,0.0244208946374347,0.00362370413661463,0.0763877885341998,0.0186078455445399,0.0187219163869864,0.000712415825502229,0.0421430548218333,0.0047301105380276,0.0124721683205367,0.00186311070647564,0.0601583381913365,0.00431634984600071,0.00115276845015829,0.0089045189032188,0.0258128088932488,0.00070053905545542,0.0260660545201362,0.0261074232007356,0.0162890074202001,0.000224953478993667,0.0286756436614006,0.107590542557932,0.0266650317270794,0.00500815728130608,0.0290594649403391,0.0461598384747967,0.0126043389626023,0.00281040876430309,0.00676800172786518
36.5,0.000529990297924425,0.0259801815793409,0.00459115672857315,0.00551811515965745,0.00231635101327542,0.0205069951514242,0.00258823461948783,0.0187316412383962,0.0273896912704676,0.00513579750723237,0.00170999188220482,0.0135941773476653,0.0210320879543889,0.0017005412496069,0.0614700414549976,0.00712226491517284,0.00378297363264801,0.00130227801652065,0.000650065951228628,0.00743481958384689,0.00322070425249119,0.00569178019908894,0.000380726257476165,0.00493771988324097,0.00590818529375637,0.00476473692520251,0.021604084665643,0.0125583858227024,0.00199160070441924,0.00426525205261949,0.0407437849555929,0.0177578984789581,0.00268473720924615,0.00379579920723716,0.000396326812125841,0.0025366833402679,0.000202271000322985,0.0229647854090433,0.000695666568301548,0.00927035086712248,0.00616332504766015,0.0140071112338114,0.00344701554446327,0.00548934221619286,0.0460871523834785,0.0131845018179906,0.000531994484036587,0.00226555403594117,0.0152581018817994,0.000964153321354325,0.0449026067873413,0.0488025943811577,0.000606369847184505,0.00122031391779233,0.0094847655819323,0.016597923609456,0.0630274862464249,0.0078703763431902,0.0802132165771044,0.0195121036146253,0.0964395901467361,0.00392994822355402,0.00537232507046664,0.0181328551612545,0.000473815062300676
36.75,0.0275620475459857,0.00237087749241622,6.15702733999901e-05,0.00241922316156545,0.00564683128611274,0.00201744659076383,0.00868386523326628,0.00757666520165318,0.00709154399884154,0.0280032701321056,0.0100678766237064,0.0152129244264943,0.0175291370256656,0.0393401204466439,0.00121140752969494,0.065366474725055,0.000127747750247977,0.00169659028119903,0.0172700091230137,0.0192290922961917,0.0020896519542355,0.00295533868163311,0.01784302559039,0.0132359762364429,0.00301451846604415,0.0154625711568507,0.00618542096098344,0.00303820357206026,0.0180069893621149,0.0119768586522121,0.0155539329146271,0.0235466458212256,0.00341588290477034,0.0094921967304866,0.00317793094193035,0.00727324045145199,0.0153425621299385,0.0197256641935967,0.00381166280559181,0.00874975392942742,0.00178234544563033,0.00988489368630254,0.00154872988269025,0.00035482754150479,0.0143392279884248,0.0586347669367745,0.000217141461364276,0.020955787861146,0.014014005648812,0.0129013680924788,0.00114547729891421,0.0328615315319054,0.0103681024337864,0.0263148167911517,0.00245440869711557,0.0327980007470974,0.0253683078507606,0.00269744798835827,0.000152358356728682,0.0378294964511747,0.000985342762752424,0.0128756536534459,0.0292133205554499,0.024448106059705,0.0053791210732542
37,0.0177510412432797,0.0187294946250796,0.0152691571579724,0.0190891384575704,0.0109832555755088,0.0111792161998859,0.0340934591326115,0.00491120309840256,0.0333816800742252,0.00594348356085095,0.0161681242501131,0.00382440241767534,0.0454048076553119,0.014567188711628,0.00350662615806539,0.0311541128540308,0.0070811688036031,0.00935131206032294,0.00190606890076617,0.0389963841386946,0.000616036704808362,0.0218851121680967,0.00566622979674355,0.000154786119189138,0.0165337320102048,0.00269996388939625,0.00975784032922126,0.00730598237974136,0.0198993124572833,0.0293621174853105,0.00676834278194961,0.0430554222702612,0.0129656548395675,0.0356144601000221,0.00133180251190415,0.00680721122799789,0.0121623671326247,0.0231473981461046,0.0143756477827267,0.0137210377095322,0.00445583114925991,0.0157664978283074,0.00445758426027212,0.00290636771964579,0.0639291863774329,0.010829666567703,0.00784376021033094,0.0178076425347664,0.00290496980130479,0.015532503184745,0.0172199758834845,0.0203911444489876,0.0143562811902048,0.00766725604414064,0.0184447146056155,0.0372290076722087,0.00070266365830578,0.166578427820204,0.0222707716478338,0.00155963341926699,0.0154221408111534,0.0479137169308251,0.00352609936673424,0.0575785391394988,0.0114706429187475
37.25,0.0133518939002212,0.00901678185568925,0.0253904673246391,0.0122276382438157,0.0135922275068461,0.000642818579529295,0.0197289628874698,0.0107479777449171,0.0191762465870766,0.0142067445079695,0.00941025729844968,0.0264712432708663,0.00833800347637561,0.0274956143158102,0.00978652714745666,0.035317242988911,0.0126016598101871,0.0164246691696376,0.0099255220376393,0.0135725582536802,0.00718043279963291,0.00544806504912591,0.0147157297115933,0.00743040938016248,0.0186770671524952,0.018104769071732,0.0160462738294188,0.022696527615899,0.000999757367124158,0.0285433456529217,0.00127799350713672,0.0381789087865709,0.0116314785559429,0.0134548081193472,0.00599743822811321,0.00146932520258301,0.024724930800635,0.00773469304788149,0.00274802316130847,0.0173260294728862,0.00543871166521594,0.00235484042615012,0.0182621154371279,0.00715365443381162,0.0284697041367775,0.0339259192340498,0.0197948812655061,0.0279815653518236,0.00517277393420238,0.0135832350002323,0.0310973257179685,0.0314311061626449,0.00976823719955854,0.028476200865282,0.00888155022395648,0.021511523895848,0.00246266965730643,0.0520596486888549,0.0397711509408551,0.0214141237196731,0.0137871139077187,0.0278988346167791,0.00874264329751308,0.0223209258997873,0.00754647751980008
37.5,0.0207154014681848,0.01851451509829,0.0134863727962358,0.0104830807182591,0.00505653433507389,0.00491814202183927,0.0286918694768231,0.000506679414021036,0.0317300466997265,0.0156722294500793,0.0300164338242697,0.00275204756096525,0.00694888100036077,0.0294577824894535,0.00555615029349055,0.0101394641974781,0.048226088573812,0.00540935686897541,0.014137288923915,0.0362719038191854,0.0039606084878249,0.00356851931312346,0.0199336188720505,0.031795894119566,0.00934592521611687,0.0104543115991075,0.00133499055593667,0.0174746752024634,0.0219223037779328,0.0101981495741341,0.00378702488003033,0.0166583082427896,0.0212145097524103,0.00242916562554418,0.00250792232868201,0.00696316173544246,0.0160112086245995,0.0109649835680217,0.0473358188698413,0.0176585701086273,0.0163038653061238,0.00470979561391014,0.00267435084018646,0.00440779014312848,0.0374447175617023,0.00492162439250767,0.0151837563385864,0.0128543816704576,0.0263179229715208,0.0045686324094036,0.0118056621970311,0.00539919963264727,0.0207723451237249,0.042320503904494,0.0217697926715129,0.005438892827751,0.0200983778362701,0.0293135529633851,0.0350321117322221,0.00751171266557241,0.019339069978019,0.00166856093335889,0.0239243276677017,0.0347208934100897,0.000655106356406675
37.75,0.0230734363444911,0.0195306250708134,0.00820378409214209,0.0137276851062735,0.0212699918926176,0.00101984195862089,0.00504558140770717,0.0266626091115073,0.0099875127999523,0.0144247012832566,0.0135029085512504,0.0167070133364943,0.0104172533740114,0.000961050319498454,0.0264969361982279,0.0992575109927078,0.0272121396722799,0.018740034572858,0.00286825212654378,0.0164274720094023,0.0211714376878296,0.0105148939428182,0.000185410656220196,0.0114741486894557,0.00630462482136132,0.0119204798464351,0.00446145640566627,0.00713616497746843,0.0288470918537669,0.0116190245068278,0.00803762916572128,0.0190997262864731,0.0101463750896049,0.0149355139845062,0.00968909971395399,0.00383929949958738,0.011633702895917,0.01174252611934,0.00356372072622237,0.00739604232660694,0.00166761105257767,0.011595152060875,0.000807492154185286,0.0278829182814152,0.00268125126715577,0.00288895130039741,0.0167201022803745,0.00646513844639503,0.00165083787867031,0.0212798580028001,0.00592138505463835,0.0243687839677811,0.0160889535257853,0.0149693586761496,0.00377145306558615,0.0050988405006475,0.00502756950590605,0.0238185592015589,0.0678326854527499,0.0220095258774539,0.0682777786119387,0.0229189033864012,0.00184271563099758,0.00618219894839764,0.0137569280514233
38,0.0309693239433315,0.0173813992617729,0.0140051473429531,0.00317440055236533,0.0093800852323179,0.0123831726622453,0.00489861406649552,0.00492372824098042,0.0174517194765989,0.0294182066157769,0.0433191671700521,0.00374408093139287,0.0105496640226921,0.0237868363382509,0.0159051715852286,0.100082960127852,0.00225619690094258,0.0143538591259971,0.0466530262794951,0.00862054583662892,0.0254155566455589,0.0188848770833469,0.0133839977865307,0.0306641601883068,0.0250906599328058,0.0217113351282911,0.00283455697771992,0.0164537994387624,0.0932738885249945,0.00963356838417979,0.0145906870781798,0.0376606488069897,0.0152163134689462,0.0226423095411531,0.016843889441203,0.0368491386302108,0.0129779635939392,0.0140989666248632,0.0165288707975449,0.0165036215148519,0.0339485425074894,0.0222213038983982,0.00315117261471207,0.00693594747172655,0.00738034593654585,0.019277833001687,0.0556253784315358,0.0147341279777912,0.0288060664333906,0.0196710616181636,0.0128820988065629,0.0765388672233451,0.0466256523690759,0.00527679911852238,0.0289079908408878,0.106482452319843,0.0166347939681643,0.0515828643037622,0.0245040367884397,0.0947279116030492,0.0624518763028057,0.0547310421739675,0.0281922285816224,0.00749187649974209,0.0336937536038316
38.25,0.0145712120285762,0.0193308429528545,0.00149547168128735,0.0114476681708524,0.00242492641294269,0.0160803852274558,0.00272531288103477,0.000720436762396085,0.00280660976600045,0.014945266575427,0.00530450328674372,0.00418319953582391,0.0457686157383646,0.0145694976646195,2.14018436662777e-05,0.0720618650660313,0.00300891795306193,0.00619336655085342,0.0168619749380063,0.0119594002529785,0.00246219821853536,0.000255109433495888,0.0179481219327443,0.012715657828733,0.00471855674888951,0.00147271767904223,0.0165262778381158,0.00599732737376029,0.0051067371116264,0.00422260826970279,0.0229386294792181,0.030326026248147,0.00543623459958274,0.0307733034602461,0.00674484477921975,0.000591158783668218,0.00417209852139057,0.016313238810817,0.00150714753968696,0.00718529984510635,0.0022483925399753,0.00458992956377461,0.00959256290446519,0.00316699161242981,0.00137792752831067,0.023179832522558,0.00310678951110318,0.00910213639585333,0.0237030744481864,0.0085416976415841,0.0111269668493992,0.0152604262404386,0.00325942241781792,0.00216093390628252,0.00397035931114503,0.0162783924687982,0.0216893305043555,0.0213350550487476,0.00880917593931529,0.0153776373990021,0.0172289783082307,0.0241640685168564,0.0275189028007132,0.00128620569538301,0.00134766998651894
38.5,0.00451020155873594,0.0286934420385211,0.00384680304346645,0.00180888501353963,0.0208163067841252,0.0294454038437511,0.000660073949450787,0.00887554945842668,0.00354706991548118,0.000373593092783671,0.0056957461483035,0.0134510469632372,0.00824157926884208,0.0138136811248878,0.0262167554391381,0.0182061567038144,0.0143144634849206,0.00130127794070339,0.0072702533301213,0.0204966882611515,0.0087384192588848,0.0102315188239687,0.000647996645643439,0.0169629268388983,7.59359227807608e-05,0.00804139559335021,0.00750470440170632,0.0143421644381981,0.0305328921760186,0.00308876258600078,0.0168117700980164,0.00683793500629229,0.0109655176718218,0.00370447330062889,0.00943457249437192,0.0296631813467227,0.0122778181134668,0.0249326484964046,0.00473796648814324,0.0118527304137668,0.0024914442709722,0.0161437198645367,0.00927117335405381,0.0406712570939997,0.000280160693880343,0.000545346292520491,0.0132040017933751,0.0161569405169789,0.000618809869790122,0.0131153685722072,0.0109165137105232,0.010199483762694,0.00616075877665516,0.0184137215670953,0.0077708679579387,0.0253401841418648,0.0183086000861544,0.0294720094055382,0.0314671508084085,4.31115995429924e-06,0.0505351369250151,0.00530517356191296,0.0159590364442973,0.0168689928819439,0.00505353456242807
38.75,0.00200354811333044,0.00779022712281498,0.00508295559413631,0.00621421644861136,0.00553672043640952,0.0071562412328692,0.00054978784517498,0.0143662760236104,0.0126713105217658,0.016274910344066,0.00769732842591049,0.00375408112321312,0.00108822480933263,0.00558671600273622,0.0155067671110271,0.00123735500610846,0.00110662517911983,0.0012271076942466,0.0224302372323475,0.0144640258237754,0.0102305757757025,0.0157500895167244,0.0166749958995317,0.00882422980593866,0.00171280602621332,0.00183241602619594,0.013871740906534,0.0162774776292746,0.0143264748953224,0.00366875343903315,0.00913869495696148,0.0104906522494172,0.00264717629047552,0.00611608201902173,0.0106909741013077,0.0114216403687698,0.00108708838028588,0.0255680058829437,0.00835507659790469,0.00205090628760862,0.00766104672116647,0.00114408331599907,0.00544370303143635,0.00942247421602164,0.0151685536845068,0.0135596729039806,0.0178993709864703,0.0154330814337397,0.00410846112475154,0.0161331003167491,0.0267000968471904,0.0174740755186267,0.00244256313625777,0.0217062386949314,0.00776808435618244,0.0220576507582313,0.0177919661254299,0.0946583074121127,0.00903368685218629,0.0308002029659875,0.0325174961058791,0.00969350002337694,0.0094927981658081,0.0173268780322437,0.00677751979531595
39,0.00327528093996445,0.00972140874815017,0.00190611977734932,0.00689672095539876,0.00121294079723912,0.00779097690385859,0.0108412895727279,0.00166640797916116,0.0128616935784341,7.38129610854311e-05,0.0121574458929013,0.0125723784504558,0.0180023023733466,0.0194139223771887,0.00647385689369913,0.0345362053903331,0.00251654942923651,0.00566270301237522,0.0170843615311316,0.00275181828435163,0.00990920973280892,0.00445055130706563,0.00216057455919938,0.00616353306073843,0.0393237332707701,0.0111044644955151,0.00708403567113209,0.0224537210041063,0.111082008995179,0.0122713503625445,0.0239419807983511,0.036180994713746,0.000967156610378097,0.00599035453844495,0.019042319002437,0.00915627172785653,0.00652328185584219,0.00221681629441905,0.0103236236253418,0.0130211872415185,0.00446793578329692,0.00142781129820989,0.00511056325579369,0.0133079043869492,0.0132316302872699,0.00740990341765483,0.0211414314228614,0.00303973058741669,0.0559439036735616,0.00975272622919406,0.00676291296079908,0.00590345727376728,0.0104007144988634,0.0169687295688264,0.0620185094386086,0.00451022114295135,0.0435440587133825,0.0484647008069336,0.0139449440895967,0.00244992046576007,0.00818386515867983,0.00940227735303726,0.00397675784433724,0.000728285749873971,0.0175622203403852
39.25,0.00434479208230569,0.0318463342772055,0.00423800872715874,0.0142137974305737,0.00730040263701233,0.0090939730666885,0.00763548248601463,0.0321808081138848,0.00879269678502365,0.0298151244881726,0.0146654392686084,0.00677002757131351,0.0271642802056932,0.00215211846290494,0.00709967826190794,0.0433366160898448,0.00373485263984808,0.000798922626019693,0.00800950054831994,0.00589654438192233,0.00503536875495744,0.00144240988633081,0.012921566174774,0.0055154387458633,0.0178525251724507,0.00957181100031075,0.00163466229135056,0.00633301392565722,0.026206105521554,0.00407670571334781,0.0403857602389313,0.000888596444692085,0.000545603231815223,0.00397426574451917,0.00343966058663004,0.00101343539922332,0.00393395187563496,0.00568838924281239,0.00849557462608267,0.0108754841142586,0.00952903423225717,0.0076522768285564,0.0150546917410361,0.0101345493543176,0.0183361303926445,0.0414866762685003,0.0246765468521783,0.00405425238184588,0.0256842069543843,0.00268584323416636,0.00821853822542742,0.0404193746737816,0.00756763350891543,0.0110067303939617,0.0373303513956734,0.0222387493283559,0.00902701107760764,0.00666652444319969,0.00262950313563255,0.03869594911312,0.0344062246219924,0.0183875686360607,0.00221197162561393,0.0115672193478937,0.00343319514081237
39.5,0.0140117647067726,0.00381935252787007,0.0107638620692009,0.00323384278330961,0.00327312303913111,0.000340839568151622,0.01832316650924,0.0299708883397965,0.0102411492815518,0.0176757568541091,0.00835588767936019,0.00153241533288277,0.0046064933506756,0.0132139312347005,0.000644891977356533,0.022671266154084,0.00285835091325567,0.00872450589590127,0.0121985421338432,0.000390816817945857,0.00576494165659754,0.00234199035077998,0.000680582409035079,0.0106622301481547,0.000283881916162529,0.00780870002427082,0.00932166296939848,0.0043446936227283,0.0282830074463365,0.00201093627885425,0.0165516262718356,0.0206835196354499,0.000226761085504365,0.00882584826776493,0.00630817494860834,0.00246413726374259,0.0246839705366886,0.00941945463004604,0.00139376514914202,0.00878266429716414,0.00343228909400363,0.00682753972198533,0.0125888185137062,0.00338208579623515,0.0245907240589007,0.0129473700525839,0.00759726776891771,0.00955108843941569,0.0038710422422514,8.62955279226338e-05,0.0222165193686124,0.0377928806169459,0.0129981861135319,0.0087669676484269,0.00456789352722902,0.0190909227501779,0.0444319039624255,0.00307239045051172,0.0222860661127162,0.035282798296392,0.0139665663734761,0.0102314264727855,0.0108847356305943,0.00493202473000178,0.00573593615084964
39.75,0.00159476499095045,0.0152583429745009,0.0106909398706416,0.00864862311692579,0.0103708326131251,0.00429690407019797,0.00802741604932995,0.0306086078363007,0.022966083434725,0.00174361267942247,0.0128851706587155,0.0024704297014899,0.0116842522184487,0.00233246536533007,0.000470069011881854,0.00203598257848259,0.00980600267808494,0.00733376598768581,0.00288077490060323,0.00461198934988459,0.00923027061691198,0.00088935980311379,0.0104515282065557,0.00294982299456986,0.00875142199980036,0.00282191175619052,0.00200123558662722,0.000565471006069015,0.004694127553231,0.00253967712266725,0.000305749568866323,0.00866363441530105,0.00937249861845534,0.00775207124730931,0.00853502448170583,0.00553570850595642,0.0128067304584226,0.000680476312270344,0.000646209144946013,0.00626899735447201,0.0155569102494877,0.00650701273587525,0.00669963858270356,0.0157079213179935,0.0320310378504228,0.0187596367116578,0.029105889148814,0.00541536660990282,0.0199751910409908,0.00541637256302255,0.0183855733833316,0.0419103957941327,0.0103172317414899,0.0138054182695612,0.0173123888669863,0.00185845268061135,0.00282383531815535,0.0247929520700108,0.0375541493377524,0.00629850387611949,0.00156827259745581,0.00734962090716064,0.00133956884760146,0.00456702717877248,0.00245976111103963
40,0.0286508226878174,0.0102792342093339,0.00471163215288836,0.017538461589579,0.00775420305867926,0.00947753620106336,0.0220710286965456,0.0206154278966271,0.00142003987403404,0.0119961268129723,0.0174151705403989,0.010270599038374,0.00119063996683654,0.00023115743520442,0.00530966532161177,0.0406416451251799,0.0244028606809027,0.00495482299553194,0.0136026353997538,0.00175967787502199,0.005026553882929,0.0127015488050963,0.0018241360427623,0.0155205433548454,0.00852185552329984,0.00209178798934319,0.000609894926851546,0.00733283670335159,0.0136387113776734,0.00282104002835599,0.0012933309901202,0.0102050173902534,0.00586764406005902,0.0227683921803244,0.00132074146001378,0.0301166988441216,0.00709654599361835,0.0118836926646709,0.011358062613233,0.00704742193066433,0.0134738580168275,0.0105085049386894,0.0104764105829499,0.00926147657030202,0.0224419646219636,0.0168494929487392,0.0192225563840833,0.00679751927399959,0.0236404282005992,0.00574402608014859,0.0361943490485091,0.050697151159575,0.0246660370284244,0.024775659335155,0.0212762988516642,0.00314419566893518,0.00410969337864829,0.00674967607772945,0.027224815434808,0.0531678557134707,0.0311413101427544,0.01494635460971,0.00048798547584763,0.00145553372937844,0.01270429051197
40.25,0.00367197059895737,0.00379242876934641,0.010998039173753,0.0163788999264034,0.000938982778342194,0.0258386693606699,0.0130723859642535,0.0208509623510884,0.00587354140093263,0.00653914605443263,0.0115568134447655,0.0104948143191882,0.0133115316224608,0.00574043066977022,0.0100843318283077,0.0103558195977377,0.000732960220554265,0.0134516774213024,0.0131695935140759,0.00973296922813814,0.0068433332178184,0.00575148349380469,0.00240016579278504,0.00430304165350537,0.0188723857882014,0.00376182688905122,0.00149810447579386,0.0109363011890467,0.0299994979484697,0.0166380424560226,0.01399658942417,0.0173411019400762,0.00483015826918754,0.00884411301332946,0.0020227286053077,0.00489185378002161,0.012336236567665,0.00668353230785139,0.000711611666591866,0.00231161908945328,0.00419486819356225,0.0227619808293524,0.0017579401818297,0.0286011301029151,0.023800918406928,0.040890298259435,0.00281718011456261,0.00650124840821342,0.0110536473670857,0.00160323687601679,0.00701095349788738,0.018259300788567,0.0169375186236247,0.0216923624665855,0.0143563532129441,0.00232675036461589,0.0159720853063635,0.0159595580907196,0.00936802553846126,0.0117504202358354,0.0190525743759465,0.000209165026060843,0.00412120275435553,0.0446845494205145,0.00562256642972584
40.5,0.033727343123349,0.00540512837754465,0.0165812975912679,0.0162043704977051,0.00770054814692193,0.00981381559361683,0.00934643114561023,5.78911753966875e-05,0.00245130370279,0.017985489259637,0.0305649540950245,0.0104608244110012,0.00769928151145512,0.0104565795686609,0.00163107083055938,0.0035482701835634,0.0158227433688329,0.000308162779953342,0.0152598314933803,0.00553210572371479,0.00296614696358544,0.00780068360004449,0.00341555162569588,0.00403301700025423,0.0028628572639619,0.00689101991671719,3.11550363320234e-05,0.0100774533151187,0.0197902415070811,0.00544200401843491,0.00145534903343241,0.0125535099968622,0.0188453969208456,0.0145564322796584,0.0033888032515726,0.00365549746698611,0.00250316294612398,0.00572948289580085,0.0106527176955034,0.00384272805825501,0.0101379645540831,0.0157494143986031,0.00243283028526049,0.00471299645965087,0.00780159172089118,0.00636726004674103,0.0069135893890801,0.0116492968395514,0.012201372511092,0.0186329019325826,2.49015910140044e-05,0.000168513618831043,0.01672577217956,0.0246670214883184,0.0125844831302939,0.0162741621409204,0.0104456899980424,0.0356025197573054,0.00357946546170983,0.00800747088808129,0.0226285994742296,0.0128961490098257,0.0086322301955718,0.0124630299963131,0.00180907031245003
40.75,0.0334243055767728,0.0146985109439653,0.00357133929820372,0.0121412136951216,0.00150727543305324,0.00793797359280632,0.000981528188111153,0.105920649888233,0.0105213466825404,0.0541082612897019,0.0250377484057653,0.0241061357185885,0.0196397149714988,0.00755052884357352,0.0203728239584786,0.112285461408456,0.0315455750681707,0.0081569364948618,0.00774163688137353,0.0193950995720934,0.00985687681471658,0.000597301825161859,0.00201068382939985,0.00982389110377972,0.00825912556677434,0.0115381280341985,0.0102204552015169,0.0243040796222924,0.0415075791670834,0.00616078165286437,0.0158619580873183,0.00236541297404727,0.0219277029939309,0.0048274390472973,0.0110040237475481,0.00464821510782763,0.0153341726944085,0.0231899044405761,0.021843253223251,0.0305598239101305,0.00595374041151805,0.00546159426969644,0.00531781924228685,0.0250522119454515,0.0101131943027934,0.0994670045909375,0.0224579861958093,0.0221933478415349,0.01973648102756,0.00443494529877192,0.00441421338409532,0.139643091174806,0.0249253986865737,0.0387597656312332,0.00420489709283713,0.00603353728020459,0.00124630625957036,0.0392379738520364,0.0225073456230238,0.106894827187188,0.0323468750785974,0.0447922492106628,0.0149371363677598,0.0324968164366197,0.00500614056297304
41,0.00263694705199885,0.0123819303864577,0.0027534483468615,0.0201004289131647,0.00213623105674966,0.00347117376239027,0.00279879186321931,0.00260997006602917,0.0303847373975484,0.0129327402793798,0.00317288798541537,0.0223475844320535,0.0169697500246037,0.0667471290784158,0.0103674179751189,0.0134032611715917,0.00249022223077435,0.0035130307598336,0.00126969129703587,0.000919459973922479,0.00327795281263514,0.012571325063654,0.002085153021261,0.00692054804206953,0.00642245185522164,0.0238350539134019,0.00542098202404027,0.000848854594851861,0.00686428090025598,0.00742429947358869,0.00650227401742334,0.0548903124344394,0.00398721490147407,0.0109867391856811,0.00784818865129962,1.77705244452083e-05,0.00311433560583106,0.0046036822069215,4.69792411087502e-05,0.0163532083351126,0.0105505442002655,0.0131481099565358,0.0049754559829067,0.00407554641464947,0.0042551764159873,0.0062199999768671,0.004384483774545,0.00265301169693754,0.00963226001430659,0.00502365750040447,0.0139102751883704,0.00170732453686948,0.0023746535007626,0.00786443871440627,0.00700261251687382,0.0557181668575224,0.00057420684805008,0.102707706378992,0.0217044000237106,0.0216596987780717,0.0450691007917742,0.038781379163623,0.000457895248849482,0.0089272373683043,0.00347867128247124
41.25,0.00240724716737921,0.00361682414495924,0.00932736410086753,0.022661704575265,0.0138949373801139,0.00608830729576556,0.0170284670582254,0.0160031660652215,0.0249203256197193,0.0056136096521899,0.00122568589790473,0.0233472368188287,0.00127512435734273,0.0195660491077769,0.0174673142245278,0.00266821292023649,0.00195033294863998,0.0149022938165753,0.0392674785148424,0.0226623153714211,0.011605537972015,0.0340798825867872,0.0109882735085935,0.0113892178764777,0.00531805842780477,3.49292963378871e-05,5.62682670946309e-05,0.00578684709727836,0.00330282744651973,0.0123204265131421,0.00100359027697338,0.0238630098763936,0.0096923332991317,0.0332133906542403,0.00438518479427012,0.0158833850066815,0.00548528408038912,0.0125907242604672,0.00106885656173087,0.0377125304155537,0.0249589812631782,0.00269045011566235,0.000712692982014091,0.0034904489997902,0.0278061241273033,0.0130366619974955,0.0186260207458293,0.0237510571497033,0.00919536095765496,0.00586984500511786,0.00516817070414952,0.00778342527127699,0.0132557361801106,0.0221668889915068,0.00647935210515783,0.0196870779050964,0.00152707644890215,0.0708797686166029,0.0203081915968782,0.00502436591537771,0.0232485661200748,0.00571816288684607,0.0183176032338299,0.0210769366262839,0.037371554828867
41.5,0.00662465347620576,0.0217050828508059,0.00747734614576732,0.00729756111379529,0.00188015759031375,0.00154299791639544,0.0068732713394474,0.00977320677874553,0.0184893496639117,0.00685634889325891,0.00659566867399648,0.0204379152678887,0.00528465585413492,0.0375320362680225,0.00302175538801613,0.00177944317311746,0.0221728637425175,0.00795553272474692,0.0125955436689857,0.00697203288972737,0.0052847972879541,0.0044080417376806,0.00275019892332021,0.0157471647418181,0.00325962667392053,0.00342368181783427,0.00141387256464715,0.0158406569702488,0.0179051921827214,0.00657381584707983,0.00668208656657377,0.0270222431804494,0.00155497461841219,0.0024041917662116,0.0149610780454425,0.00751123650519452,0.0015907590069073,0.000824547226356056,0.0280861238267179,0.0163759202694474,0.00417802237003202,0.00194366128701383,0.000556906063296983,0.00101727517620769,0.0134001788804903,0.019018449461706,0.00821856118630635,0.0163439919594505,0.0026876338424728,0.0079657346936591,0.00965754775486548,0.0235861658459141,0.019446411122401,0.0199592626043848,0.0126311079457214,0.0275479823788786,0.00537530689370123,0.00222982075854823,0.0106700855790192,0.0289081078002167,0.00406979417603,0.00121970174825547,0.000508834292179598,0.00809817974673417,0.00933605424400422
41.75,0.00988825558852485,0.0101296575882758,0.0295985834322233,0.000687112696963853,0.00902105530457185,0.0100338500446659,0.0161411044257345,0.016060557592574,0.0402597340652373,9.74513417410342e-06,0.0116013264253852,0.00460898900408138,0.000948572286297211,0.00417627725219388,0.00924281800101457,0.0052109620335061,0.00687686281274524,0.00778347122325715,0.0038199532938886,0.0143165901594331,0.0117487352903944,0.00715362914703987,0.0161608326205359,0.019113716793036,0.00935907301726061,9.41249400072509e-05,0.00612416001981613,0.00269714628220273,0.012042954240293,0.00691157455193851,0.00319439130189264,0.0125965490916453,0.0144832804216759,0.0032101143039653,0.00267524829545888,0.0316909287747912,0.0153662356295056,0.00739359036240935,0.0305949936587265,0.00838811422094539,0.00338949023866111,0.00101861456365942,0.00499914387559523,0.00311671284824882,0.0402403487475926,0.00306355034110783,0.0279161672542281,0.00215932975297675,0.00311700004792131,0.00880639100757547,0.0125916886298373,0.00127728172331655,0.00774663333305194,0.0169353699230348,0.0103795288584656,0.0070914017048955,0.00208180399743003,0.0667309704346285,0.0299003707579624,0.0101041675753564,0.0472600223067487,0.015917250461766,0.00615384860968116,0.0203628715098428,0.00100473987299535
42,0.0131233282090327,0.00269436004683253,0.00488108186771817,0.00107218822202371,0.00631473805416201,0.00183139051266436,0.00529458171520523,0.00808590210774477,0.0303386359193867,0.00525068255094831,0.00472809088999857,0.011716751042982,0.0279018012630541,0.0330182815510405,0.00391632035065869,0.0111177601928806,0.00207177430151709,0.00349920483209261,0.00224895818347194,0.0131397833407901,0.00495677198590594,0.00753139333181967,0.0044290865586692,0.00528523176196844,0.00338244825660465,0.0097940354980955,0.00113212646998933,0.00495199441156668,0.00210258498766003,0.00827371896727178,0.000680243703933841,0.019162653480988,0.00262034103610101,0.00250268291760642,0.0332038293860532,0.0119678542816673,0.00594493626337813,0.00219255689608227,0.00757078604883205,0.00422721003834976,0.0165529555524045,0.0192875347714691,0.0101345844687102,0.00326324477794533,0.0356478847908194,0.0110116887675475,0.00758168009561711,0.0114155920983016,0.00897321430369931,0.019537900260588,0.0209002485315135,0.0162014550972428,0.00599593522151182,4.23626800827569e-05,0.00224841308624027,0.033626791904172,0.0109420870782879,0.000231465166387332,0.0533893975788342,0.00624837079972807,0.019942821317031,0.00167786652621194,0.0037672797888107,0.0155197391331452,0.00161743684315123
42.25,0.0398493562598532,0.00645493083531229,0.0179624993314006,0.0138501022995034,0.0042619665041576,0.00345678603915988,0.00413822973965108,0.0169992483274011,0.0168267982413875,0.0459048312223344,0.0220862513250969,0.0278831448090381,0.0513095044685105,0.0199331735028388,0.0221131634216378,0.0320719079712081,0.0195165359734742,0.0187162886763815,0.000474458846710343,0.000794567725851503,0.00719387254740999,0.0127800782506246,0.00359893350592999,0.00435801490751435,0.013188349380255,0.00690502241459306,0.0317358994529304,0.010127657020497,0.0302694569665728,0.0173279880888019,0.00946734429063557,0.0335737366806681,0.0121677689530523,0.0090846052735982,0.0127944567628184,0.00294521952758925,0.0130126638986842,0.0192794354407663,0.0104337651742128,0.00378907373886223,0.0140981136845142,0.014758673048146,0.0229580170015036,0.00690375009144241,0.0122379775409128,0.0771826104454224,0.00537073130799612,0.0147852197851571,0.0318969988157198,0.00952328952454569,0.0183005781931193,0.0390487316258922,0.0226657826633523,0.016458754185233,0.00842944146889411,0.032468157766924,0.00946442938146271,0.0216096455320795,0.0288398656847902,0.0435210879146838,0.0073115976676734,0.010576959216838,0.0026036937786357,0.0188582935465326,0.0113493663531457
42.5,0.0236097532499741,0.00663313454667423,0.0330969972863761,0.00620113073320428,0.0121384389970556,0.0224859505643832,0.00730446595303911,0.0156959632274032,0.00583079040798879,0.0328898365529874,0.029749942252768,0.000942338189637786,0.0144321255379394,0.017137910045329,0.0123888462060841,0.0195916349026241,0.0136964837576308,0.0241269339845621,0.0165328119280114,0.00242658822602372,0.0347338591289749,0.0243046929569787,0.00023242157533152,0.00171092059801494,0.0131146941367782,0.0073568665246957,0.00112945799545937,0.0159887448669699,0.00277158941254059,0.00462725322301369,0.00203657287692394,0.0104186116949481,0.0422697661910778,0.00980998515748329,0.0159151542956346,0.0181486070034425,0.00150141729712137,0.00630746682664673,0.0189320889792592,0.00826455329875143,0.0102934803649903,0.00966185812479953,0.00410170554084946,0.0166821302763712,0.0144189215847372,0.064790629262611,0.0287031413013164,0.00313700432389336,0.0120582546998961,0.00625047767618418,0.00184736957200214,0.0396839981276168,0.015593624758714,0.00190765846751414,0.0104014789562723,0.0177551025388102,0.00631385332915826,0.07903682968318,0.00717715856023911,0.0379579594335905,0.0309069387408069,0.0333552027743771,0.00301513209891683,0.0168336151780939,0.0337554842233286
42.75,0.00978914571460259,0.0267356901289751,0.00821063073559412,0.00914918199729682,0.00982596500750774,0.00848113931431956,0.00986205557998992,0.0058809347025508,0.00325778646393948,0.0105685501318591,0.00219967236741899,0.00401824715011432,0.0224885509403088,0.0226522997835363,0.0122488310971865,0.0100906593225222,0.0306110974839454,0.0112125645731117,0.0119545100751825,0.00739210678520739,0.040278442976826,0.0121240086541246,0.00188485265082643,0.0160296343874161,0.00199402519559279,0.000864461274003911,0.0236182074401278,0.00269799673295264,0.00229827131655888,0.00167905173118882,0.0199912072782772,0.0452352739281287,0.0164775486523789,0.0142083447624664,0.00752278881100453,0.0190893446028781,0.00999858397923743,0.0116296957663886,0.0104701321039115,0.00137339743864878,0.00544796685773843,0.00706459969702137,0.0156101567318895,0.0128410801539169,0.00297301289453424,0.0213559171746987,0.00453519497835947,0.0103594372886315,0.0026293563988707,0.00267051212770986,0.00774981701271966,0.00496015681646591,0.00599495549505537,0.00481177470032717,0.00243720225264521,0.00474645638241067,0.0147198121520388,0.0270129538746397,0.00722516514443176,0.00287834875757122,0.0158480393455749,0.017085182964068,0.00809599933687507,0.0186989550064506,0.0167423880949771
43,0.0125886235881705,0.0132202075797353,0.00300498068150591,0.0121725410324004,0.0124372588584623,0.00154928729536622,8.42487256398737e-05,0.00278746557781988,0.00732230858644036,0.00814171274289845,0.00415365986684425,0.00734267279849806,0.0426359101189892,0.00733774153002193,0.00182347640706611,0.00709628502007619,0.00992370706847912,0.00416637161092717,0.000263500832866845,0.000841749005693635,0.00538233351595127,0.00105561045097759,0.00889678502285001,0.00120047063585662,0.00873579083165888,0.0091288053592255,0.00302727995464224,0.0083380663430627,0.00579535188245447,0.00495579236999464,0.0108508625392039,0.0068112662898651,0.00201920993433066,0.00760630497803149,0.00280232777920967,0.00189778233292364,0.00167194164800563,0.00288431376521778,0.000552108817597521,0.00433150910360804,0.00675783918845876,0.000482913369354715,0.00411292482193538,0.00953170408457613,0.00431155335859778,0.00774800533043977,0.00329333685130187,0.00724595757284191,0.0357453562701245,0.00890897280842113,0.00794978162642413,0.00154397523439685,0.0129033880154553,0.0051263907560278,0.00996759936460657,0.0121210602441896,0.00230154887482125,0.00756990831759527,0.0167437172557029,0.0275679042335655,0.0270776085286801,0.00277063102287544,0.00377049050699832,0.0103641288262139,0.00348644803282828
43.25,0.0200277155361558,0.0456620358433475,0.0186752474362734,0.0045256501025323,0.00948822613486945,0.00466686717570162,0.0186492813262361,0.00868323737117565,0.0271924244886681,0.00960927313775447,0.035618002743269,0.0173627420322648,0.00118270609829274,0.00738885816981506,0.0349631656000033,0.00349764566764804,0.0192515485495608,0.025514056770693,0.0251441033759964,0.00736565854202765,0.0127532523221518,0.0163004096544136,0.00442887051586689,0.0204353014742877,0.0234472310980149,0.000609032346365339,0.0121821472322038,0.00925581878616583,0.0266830898084578,0.000386870062119691,0.0175511786001797,0.0174196762951936,0.0248221686208921,0.0132923822224674,0.00194107365158315,0.0175361022942229,0.00920303114932617,0.00957920357456945,0.0188981980981012,0.0279702492178625,0.00493219441424954,0.00616576021422424,0.000689745913576265,0.00664732243548489,0.0201993292779826,0.00264142477873729,0.0542579826735512,0.00916288889879406,0.0267437070971528,0.00316080583798744,0.00979831791356051,0.00372385093930289,0.0431157384432562,0.010768062150495,0.0379070428823064,0.00192923489733971,0.0275903560208187,0.0335176818146515,0.0162660479236347,0.010421865721106,0.0841544754846843,0.0105894147990851,0.000763560092169069,0.0342485419332049,0.0339435543055366
43.5,0.00349086040414091,0.0372101322839197,0.0066025981075334,0.0425774903306584,0.00150820168825482,0.00219603170987217,0.0443444415332389,0.000600152320450604,0.10296037678737,0.00973557404486995,0.00135303632931224,0.0411327716926289,0.00283572289611373,0.0444140680573709,0.0659328459837488,0.0130868764455303,0.0153838253785566,0.021775763051305,0.00399319383062382,0.0250998876689634,0.00923037182396364,0.00211101735533052,0.0254451596207536,0.00380978789148914,0.00021560174338375,0.0491404262121184,0.0128809606266613,0.0053808126400582,0.00880098231029803,0.0377332996685047,0.0134433962329768,0.0274633831390032,0.0291383523219874,0.00284800083724403,0.00422020581537282,0.0143436363663461,0.0376323017282822,0.011234293219191,0.00846466636809472,0.0333830183456836,0.0067932069964498,0.0411307972384733,0.0114701629329881,0.014548757464806,0.110252058515884,0.00771135969879921,0.00303755534965482,0.0383749293349835,0.0213307768483363,0.0169925458101574,0.0595258992601607,0.00106867540117273,0.00130762943058907,0.0342034790983535,0.000509837376362523,0.0530495638988902,0.016834176175928,0.0236631159127175,0.113775192388503,0.00484651556510981,0.0837440105696158,0.00362060694213141,0.00285496134270056,0.0596127750425039,0.00676331598580036
43.75,0.00198442390902891,0.0331063836662555,0.00575014720290849,0.00554920948059034,0.0306227413250445,0.0147968857733655,0.00950858734911365,0.0505237902150872,0.00995001884589667,0.0524239731067546,0.018782146319557,0.00371683816442408,0.0105469708702908,0.0280016302473016,0.0131668541099127,0.122681690365233,0.0057422554229083,0.00410482412370708,0.00036637075080507,0.00514750792647603,0.00301220473219213,0.00784571572438916,0.00268409590911374,0.0157632228028162,0.0251214823902684,0.000832386130506963,0.0184111081714902,0.0326574072948686,0.0439499657227008,0.00255843733307769,0.0185867481013134,0.0870392128894626,9.58214228376646e-05,0.01406072122097,0.000783072160229946,0.00247834066754758,0.00440571389748922,0.0180079975005678,0.00310188085507712,0.00115781341785257,0.00185791080588441,0.00105646236784147,0.00990948495831259,0.014317319077312,0.00717766478017409,0.0517316983412208,0.0252908178616723,0.0260642803028758,0.0375350206746707,0.00983508977890812,0.00629083803594697,0.128156174589327,0.0119798916440297,0.0105479575906964,0.0458115065250994,0.00065894315798867,0.0203369276012971,0.00918708570475476,0.0274626830298232,0.103950516430413,0.0146244900073109,0.0230678007526921,0.00802090465107599,0.0125815538016815,0.00061433552525711
44,0.0154411783576981,0.0112853468328064,0.0192621382647113,0.00593625524686034,0.00910445251893796,0.00783758555790499,0.0034405711932887,0.0508291728142607,0.00557264330358826,0.0390753600750916,0.0242120739934823,0.00172046143396433,0.0440719750741256,0.00905599905011119,0.0273305942549846,0.123446579257501,0.00696720878128022,0.0270186423357993,0.0259305472368269,0.00731125602925516,0.0160345680583596,0.00147907457009754,0.00203120672822615,0.0201568101130132,0.017778955692797,0.00185290820646436,0.0196098759105689,0.0196967025025317,0.0574649752853335,0.00192961852118129,0.0124783261521723,0.0776007803674024,0.0205039293302659,0.00183636856734694,0.000601326196368392,0.00321050323352144,0.0134140080629186,0.0302276805696957,0.0243862763142038,0.00132656225159338,0.0460086269071173,0.00125443268986842,0.000301052067769907,0.0206061944747562,0.0105746042877065,0.0882393200964929,0.0406232691894581,0.00087472607685261,0.0225701985885365,0.0161656652645359,0.0128525875688457,0.0672484961776484,0.0156266025671138,0.00448129980111481,0.00519863323112918,0.00016808405222477,0.0138282227337417,0.0196246895640848,0.0218206383094281,0.129945108215091,0.0202828509786486,0.0369527239399769,0.0126732875116067,0.0220480955115143,0.0182168233466975
44.25,0.0156309936701086,0.0206335602845226,0.00500324332035719,0.0161607421377698,0.00944124985281971,0.013684173280193,0.00372629466819206,0.0311056011495091,0.00581549105579544,0.000153842629965239,0.0125188122190533,0.0292861071959266,0.00700186363036223,0.00296535987962944,0.00465859787849042,0.00410714034220098,0.0112527164797476,0.0145364258766194,0.0144037332632851,0.00823896192671172,0.000129490423998032,0.00285031738551312,0.00248158296238258,0.0244598084440505,0.00122873454805559,0.00263661858698509,0.00243132675562484,0.0146651636937112,0.0182205205968842,0.0168179618026587,0.00574917196860507,0.00810168099865574,0.00164219252639217,0.016973226925513,0.000323203956357698,0.00883847433599058,0.0055385778685509,0.00994283230947496,0.00856782898801271,0.030395582177195,0.00390894671787285,0.00436935934349442,0.00427818162718984,0.00734571393485098,0.0138316045788767,0.0535329392602685,0.0137511111989487,0.0141237453441998,0.000686054258581067,0.00470864203285634,0.0186309660714668,0.012063848602468,0.0253868853042157,0.0420625910933448,0.000387354438813286,0.00967203602722519,0.00729756771573366,0.00708831322023827,0.022911416822111,0.00865356461253013,0.0303490727544453,0.000975778987906213,0.0120360636171307,0.00764133832369568,0.00257857500850187
44.5,0.013963285279795,0.00274949672359903,0.00592479590982252,0.0101956230479583,0.0225986019445606,0.0197331590565184,0.00297708050892642,0.0375663732132166,0.0239184128054597,0.00140354342765754,0.0167612558353903,0.004293666100408,0.0211636966935992,0.0749122862292283,0.00967549283248475,0.0145246985395263,0.0213790872844961,0.00664093670044606,0.00717794721927398,0.00673395521325094,0.00593642234372774,0.00628666780342912,0.0135515112509668,0.00138252200887498,0.0362270734455636,0.0228482668710688,0.0155956319909457,0.0320106251683462,0.0585005686875677,0.00452069159614481,0.0248952245912201,0.11611786533514,0.00594867409107463,0.0146240409920599,0.00158113156810774,0.0086693040238114,0.0116459977591362,0.0122471618050271,0.0301394868357145,0.000980818069460746,0.0153782940824889,0.00166072708478924,0.0191554724220042,0.0107404931632135,0.016654986694581,0.0167438468933378,0.0287846317144682,0.00475498630189745,0.0358352429160838,0.0145550657340459,0.008585682601244,0.0196631702415749,0.0306828976677279,0.00372295477138191,0.0797880174875513,0.0261949988656273,0.00161534179976588,0.010492201076308,0.00687141548113426,0.0231785520576914,0.0144533037010103,0.00427944540466271,0.00997655732647499,0.00575522847964598,0.000106317945731646
44.75,0.0159315919290425,0.0322579532018039,0.00431574051198465,0.00945114803850484,0.0239182455547785,0.0015979550630057,0.0148245814604347,0.0268452346083085,0.014331933847479,0.0391964493851292,0.0109715539756169,0.012539408201606,0.00813168933344318,0.0125304901121614,0.00754463865012367,0.011145931067219,0.00287264353782057,0.00404059074897363,0.00359259174414131,0.00983239224825274,0.00389764202224185,0.00352428313515736,0.0149549385251375,0.0100920846085505,0.00893601389237771,0.012196752265373,0.00522923978843873,0.00392816180417982,0.0239513447022982,0.030957079382805,0.00395104741327219,0.020671174119531,0.00376971463310608,0.00408824156166535,0.0263089153562277,0.0038656834889409,0.0354996737575822,0.012246432180373,0.0221944320071879,0.00580300952690778,0.0230926455345203,0.012246695178128,0.0463817738486342,0.00535176559381201,0.0155685713464486,0.0491956354738372,0.0198709913287324,0.00652620480565263,0.0378679918884307,0.00987257862034444,0.0204854474263629,0.0311638657697587,0.00753209480037356,0.0170815699987167,0.00819172978067681,0.00830570580639434,0.000368908721718803,0.107790072324069,0.016699360133397,0.0491519155120726,0.00703532155613588,0.0312810359616656,0.0160633880447431,0.0185459585281186,0.000422876105542732
45,0.0150684999426081,0.0340519107820888,0.00615942092284805,0.0131238446085056,0.007643674030871,0.00164283585989335,0.00367660841633742,0.00717359067652891,0.0151088364001546,0.00821924083381983,0.00145009212514397,0.046172913523648,0.0103988697649341,0.00298133119770299,0.00986257143686125,0.00166952342931632,0.00637009572362819,0.00582619613467655,0.000310957857673575,0.00338701523307742,0.0117240861856643,0.00376511687136545,0.00479897319246057,0.00231596194009324,0.000293592789597319,0.0157339340113494,0.00107411036349931,0.00251658169752426,0.00329593474559737,0.0488850304468853,0.00022600374975634,0.0111217583949323,0.000349035266800683,0.00143027975594813,0.00411748051415387,0.00916554827661932,0.00818096962821187,0.00631079482523797,0.00716549403745478,0.0139144963484347,0.00428452666269809,0.00197530430396827,0.00271488712692166,0.0247088917532226,0.000806524800160056,0.0120597907246527,0.000744573143525813,0.0125377684792297,0.0060032773203446,0.00137868224233267,0.011101679363779,0.019247985202717,0.00907273881974652,0.0434268094532382,0.00274103998023421,0.0258604003250219,0.002022775087623,0.0816194301861772,0.00838384547137467,0.00675346491677105,0.0366032082708859,0.00580362603041103,0.00487417141700775,0.0076998018408597,8.48825289212279e-05
45.25,0.00761522750443406,0.0209727640336905,0.017956656732415,0.00452543357394879,0.0309707372283121,0.0197343654120108,0.00122998391221902,0.0119229334902751,0.00464884857964749,0.0334079118260088,0.0193248770261921,0.00974702189384422,0.00310851332840209,0.0111580587117829,0.00997680926596257,0.0164727399810406,0.010222247892765,0.0040079996595457,0.0168181948752329,0.00313593276304314,0.00528440137028374,0.00436820276027993,0.005202027212784,0.00191563628087005,0.0105331583956186,0.00183008426368084,0.00424715617077261,0.0138859103690273,0.00551551986190198,0.00329164743619597,0.00356049828169327,0.0295718096567402,0.00479415963109674,0.00442087287665973,0.0206678569278826,0.00696441715434572,0.000618981838348715,0.0142665475653306,0.0022569373665315,0.00566115189956397,0.0173693856971329,0.00256845962397737,0.00406945838172787,0.00914370061303273,0.00322890061041403,0.0281450673169887,0.0252809796020583,0.0103536176891425,0.00204588025800176,0.00937021449517484,0.00318521548410914,0.0298694707945748,0.013855722693333,0.00677919252874975,0.00693745392111261,0.00106678770555868,0.00644990507308361,0.00784947145961245,0.0349524839637247,0.0148796290478785,0.00276433519767309,0.0105997828546499,0.00185117255677275,0.0132481180528704,0.00639016850723581
45.5,0.00118343796463249,0.00944057002012839,0.0175081498167914,0.00208298925240149,0.00935513287620791,0.00909635831737054,0.0046811325635936,0.0211292313173491,0.00414896663822582,0.0288040145854796,0.00291839216881234,0.00657282535211732,0.0258303417368958,0.00637829862778177,0.00542761988176203,0.0226302332164771,0.00820407667485345,0.0112111388629491,0.0137750275197658,0.00355526758067226,0.00698819015947824,0.00128642645005094,0.00334251951001908,0.00430275992707347,0.0264303140766882,0.0056926819299137,0.0135882259507232,0.0210903756746206,0.0159051014447458,0.00685547050058146,0.0164417480924745,0.00454676329692349,0.00948712545006848,0.000289423010439073,0.00905491399057011,0.000977663353841556,0.0080089941325425,0.0052050737831988,0.00164690373817044,0.00675183418081897,0.00982354191735323,0.00402773738241982,0.0151172817557062,0.0137696356017316,0.020487522033377,0.0228811570868239,0.01645648907615,0.0145455249539007,0.0337419834519172,0.0231121701133099,0.03282990435417,0.00980746760257973,0.00216765746769447,0.0152325948705466,0.012651402852366,0.00724568719479811,0.000861417528561744,0.00974091887711915,0.00601922571761584,0.0417628058422186,0.00678283302208814,0.0149599794652615,0.007253981286695,0.000222377082924147,0.00397797103802869
45.75,0.0037948768866928,0.0156914166431061,0.00118734306101535,0.00410563156926559,0.00996921494729102,0.00428226236677471,0.00746527993375177,0.00761629189486317,0.00594074886987722,0.0191213365818162,0.0150124388321024,0.0165250497999561,0.0296726317992867,0.0127963813614218,0.00567741041605872,0.00446040006930733,0.0145081892414312,4.7690766542648e-05,0.000521512132445875,0.000628024099724624,0.00323186356829231,0.000504403797936315,0.000391318646102137,0.00715012540244736,0.00394712130433694,0.00457065798160752,0.00742172017203969,0.00104064488860529,0.0109715324434899,0.0263806778205692,0.0140968233065896,0.0174920383337278,0.00225505531874341,0.00553119355499109,0.00763819692751328,3.03282200131842e-05,0.00765455664539519,0.00444786804450745,0.00300986596845062,0.010595900885855,0.0144964589944376,0.00480078510092552,0.00629118781574847,0.00101054517492497,0.0096252554510317,0.0104838588620591,0.00200605377879296,0.0165322133275127,0.00912732899970452,0.00801335276176134,0.00619988638795699,0.000131199839428516,0.00469301057783826,0.0344226090102048,0.00494801747614156,0.00872378615507419,0.00411780005709168,0.168968129641987,0.0110910072301498,0.0055060327430706,0.0347830969711056,0.0206340363013967,0.00512829840487274,0.0137424366168544,0.000316692594930622
46,0.0100146174263302,0.00747273681112638,0.0126433172704263,0.00778648705908943,0.00573403589496394,0.00406819365702996,0.000579632689791265,0.0112066829092118,0.00245223534313046,0.0418411051192968,0.00438703862384796,0.00402354712805397,0.0028577565195053,0.0389930968045524,0.00272325343356048,0.0521257936474621,0.0326394028107127,0.0143600810510326,0.00228579812952358,0.00124809421048887,0.010893009955795,0.00397484217641462,0.00387596453112378,0.0162841848449056,0.00357970730754149,0.00678254399704924,0.00303396138418643,0.0233052573560659,0.00125281203816113,0.0205606273595611,0.000918949711091398,0.0414031234389345,0.00733796739078785,0.00575836163537741,0.00670533629641879,0.0158743601594203,0.00326496464424749,0.00791348183103569,0.018798337943322,0.00146753920175413,0.00061776651163319,0.00116820934729088,0.00376007573908634,0.0163473362585478,0.0029365320195908,0.0393176655647204,0.012202173280935,0.0276303536573297,0.00056646882306794,0.00229619491168301,0.00665889806642855,0.0606788547563204,0.00847941867812039,0.018406629895513,0.00668909692651904,0.0328826359887354,0.0152507102955072,0.0705594247305323,0.00617109567878852,0.0581114494446246,0.0495603272838993,0.0317391069721466,8.86855423133387e-05,0.00997033043153714,0.00902353404170073
46.25,0.00394576104554135,0.00689932311987788,0.00132238696867626,0.00254133685697645,0.00269447980491003,0.000486355588761834,0.00552302373363693,0.000255493079722094,0.00173144365410727,0.0133790235508306,0.00356302324603908,0.000280776545605106,0.0269769499764568,0.00262170600160943,0.00713947750805097,0.0101100846186447,0.000732562290051118,0.000139595913612543,0.00242553578108107,0.0045762724251936,0.00183348742017929,0.000967671765658749,4.93027509547357e-05,0.000263781720319135,0.000529859843826601,0.00132448564656313,0.0201443136761572,0.00177255984578708,0.00200629285282778,0.00309581022112368,0.0336679975364139,0.00841499304545929,0.00139948620996601,0.000701883969151222,0.00277579504134061,0.00499695576498699,0.00765885158767547,0.00469563433528145,0.000250990286503012,0.0168962141317794,0.00381383187900608,0.00251055636872334,0.00220278433547278,0.000690900385505418,0.00416958745042676,0.000163159952740382,0.000227631089373187,0.00251881688618676,0.00647624485518853,0.00236366410422332,0.00408931797063266,8.77931223260884e-05,0.00247359306794565,0.0105700680470802,0.000682461370465297,0.00507396668532792,0.0202465625541472,0.022366566645885,0.00251429441517195,0.00219632268749421,0.00936636957205353,0.0127064388339177,0.00189809314574793,0.0014899282970921,0.000518644792646111
46.5,0.00418952204729786,0.0160551446177005,0.00946939272406861,0.00658852868081631,0.00263245011440377,0.000246929922188058,0.00819029808378115,0.00391827857263738,0.00302117199691784,0.0067617080764326,0.00718764243429983,0.00137368102610558,0.0117705819947939,0.000994960957468865,0.0368790902669148,0.00289790730001958,0.0104595672320335,0.00908685140261417,0.0217996242983975,0.00211460825360461,0.0122175320988392,0.00757551659570233,0.0014625429801013,0.00284805245215907,0.00438742120462074,0.00642565446647179,0.0028845822481875,0.000605223888622831,0.00060841423897611,0.010811219003857,0.0112172255986103,0.00466241767961954,0.0159492569536092,0.00312624115729471,0.00389984160917512,0.000254212955946975,0.00253119450523881,0.00387587156278401,0.00817928187977923,0.0244879724499276,0.00368851879182205,1.46761289143766e-05,0.00307344810471355,0.0113842485809677,0.0147459665682563,0.0112333027579407,0.0136983885297384,0.000642076311418017,0.00290749320204106,0.000976476555326358,0.00661803813041342,0.0050868291545966,0.00521540158824401,0.00272869204582399,0.000854486069895287,0.0272100916243036,0.0243443521906536,0.0241649306071027,0.0190533911388648,0.00420178766847306,0.00889573547278719,0.00516834399069934,0.00111295369548845,0.0168046437493205,0.00992824473914041
46.75,0.019821736419294,5.06521850535684e-05,0.0177641270705365,0.000882958766161167,0.000215963071542255,0.00418893960893704,0.00591651767581004,0.00909845520914303,0.000357388636157611,0.0221857854781595,0.0176207390386104,0.0044761948987814,0.00564415277376551,0.020937241458704,0.00751496329935055,0.0183216933122691,0.0158325683592093,0.0094229917865829,0.0011492864378712,0.00231910049941597,0.012913516140234,0.0077125260377046,0.00629167661869372,0.00522176960821589,0.012457313123447,0.00659678030540273,0.0039546291599734,0.0233539298864129,0.0219325261989537,0.00143244695879061,0.00489399635583274,0.0221678401412438,0.0116223882247605,0.00139801783283624,0.00763212889946491,0.00471957757304549,0.00289483964617415,0.00853695589498089,0.0306727571626133,0.00267389559951345,0.0035318013490859,0.00303358730515087,0.00244630986790692,0.00457516566021613,0.00940637010229942,0.0341354101540585,0.0172002349922804,0.000829125128147898,0.000233148233924274,0.00324220191177726,0.0012761436003008,0.00869572473935175,0.0488458472791369,0.0102514352328708,0.0141418974092235,0.00765154276328541,0.0194618712427575,0.0242261439967964,0.00924450622168597,0.0185782762584108,0.0177024954778652,0.00574045360499086,0.00397631997902987,0.0284308698702171,0.00848027015182598
47,0.0565603426614388,0.000561533378069384,0.0170435417928035,0.0130407484307937,0.00326215508004286,0.00542082403987088,0.00907263870641647,0.0121207129966556,0.00703237592012317,0.00734950750884182,0.0459295778221759,0.00722328676405997,0.0541884481868625,0.0096347763649742,0.00267253328684587,0.0121665521028698,0.00563184688754188,0.00729494139466518,0.0180050053305142,0.020695746876468,0.00116577373210398,0.00209344274083585,0.0173154676861716,0.0183618765251306,0.0116682011454472,0.00258233865948924,0.00299274118734958,0.00885819318049451,0.0401114331332372,0.011598457748786,0.00145829097384688,0.0172758319041007,0.0100192071023691,0.00757845832525053,0.0211175260726255,0.00615536964946366,0.0226015749490992,0.0117402881161112,0.00484173586880475,0.00203792473173545,0.000364198177676117,0.0100574332585207,0.00780146139242519,0.00195480743524397,0.026996936633986,0.00318659581768252,0.0103147727371676,0.00334184184779626,0.0101404394621623,0.00358728957498128,0.0102066529480289,0.0232671158237667,0.0321511815304656,0.00334034683460589,0.0134730448541636,0.0172812540309674,0.00474956585711203,0.0157116347762259,0.00097169608871419,0.00720067868021535,0.000312734942458009,0.00679742641059496,0.0188190501311082,0.0165865152088467,0.000609518815165136
47.25,0.00239006633265604,0.00522955178136516,0.00900039169256881,0.0031854937676839,0.00609787488531178,0.00393090639060142,0.000588827760709264,0.00159895985417089,0.00446760777821645,0.00604020054388284,0.000553340127918711,0.00263470060139278,0.0153670170497617,0.00656699172538741,0.00120729032223042,0.00756631196595948,0.00844448073939287,0.00748760117706137,0.00162549139497952,0.00328942696232134,0.0080497132834371,0.0159986591597736,0.00451247793470126,0.000539768970217143,0.00243693889776435,0.00330525234044214,0.00793921958663072,0.00771797581429836,0.0124749255103047,0.0069167000648433,0.00662164614341161,0.00419076230923779,0.0177655747452591,0.00470497916906454,0.00511855395771972,0.00291582256701349,6.48411496938592e-05,0.000267931678398703,0.00617736186516477,0.00366537774265858,0.0033964994552065,0.00602359727178809,0.00808769281844739,0.000354699668729774,0.0044319803956747,0.00411874601793487,0.00308150514384167,0.00881640476779208,0.000927918107615108,0.00379186545153724,0.00161601185294746,0.00381313388476215,0.00114569699144138,0.00306193082317071,0.00615621663491247,0.0127605219563599,0.00116142798298617,0.0251184137594149,0.012549636946823,0.0224346066877903,0.00674119147778798,0.00105869093747921,0.000585754604182355,0.000956046146832427,0.00389346505983485
47.5,0.0162223986502545,0.016538272666269,0.010581854506044,0.00925838808372379,0.0126131446857755,0.00858507830780802,4.603309892855e-05,0.0081654116634685,0.00526817679944301,0.0156142622065283,0.00100907667208317,0.000284763362922962,0.00995119480779503,0.0345156315740639,0.0125450732277236,0.0344674784970219,0.0221316750465159,0.0023481216001721,0.001431423691483,0.00871362012521805,0.0134305287567304,0.0041331530131132,0.00316474351302931,0.00660747085128662,0.00312051758641223,0.00802030852752486,0.00489933116963917,0.0111666495441898,0.00527782903615631,0.0172147831723901,0.0093387214537408,0.0402728160508348,0.0272939926413252,0.00332030692291686,0.0187381035045217,0.00169010715937251,0.00203296507276464,0.00799997032642239,0.0162120477760292,0.0271623738690137,0.00886532277917429,0.00193269208197162,0.00860643339531787,0.0113359210348465,0.00604486062986214,0.00836810758147487,0.00858690838835213,0.0115319158865527,0.00925459743487114,0.00993947810271761,0.0017181444903821,0.0139036812543833,0.0120196049370242,0.00192164369435504,0.00311022779850194,0.0274055548195786,0.00528689383747537,0.0535076892892352,0.00625516785819919,0.0208876058887082,0.0090091336829513,0.0291280266447316,0.000175595527709456,0.00373025046746085,0.00719348946105218
47.75,0.00428485896992819,0.0160347706908152,0.00423420436146079,0.00691535472328033,0.00631830356759506,0.0018296184864695,0.0117905268672054,0.012358691355911,0.00933095211508276,0.00315708427470048,0.00353837524263483,0.0297029892822628,0.0137199040681812,0.013697938246554,0.00581789369113445,0.00566270482217108,0.018389806332811,0.0135862647116317,0.0220466897372679,0.015265139265726,0.00391321272298806,0.000982275120232726,0.00503953072886959,0.0072572424658246,0.00120144135267488,0.0123314826173388,0.00304519274274026,0.00320830109549612,0.000202183710538209,0.0363957066929601,0.0215198950464999,0.0145756508310351,0.00547894276516865,0.00425796197578949,0.0122918272481335,0.00119102472858686,0.0210579795700794,0.00463192953294198,0.0103385809259222,0.00269625049438462,0.00067107797305003,0.000212002069246609,0.0109124204011686,0.00366607968192734,0.00981622324630098,0.00250478239601412,0.00374267301937127,0.0161649789920176,0.00538886159360292,0.0160682335589706,0.00701441231874155,0.0138738701137458,0.00267424220294075,0.0266003730637987,0.00913550386389562,0.0246427344900982,0.0440773882840051,0.0316118297863512,0.010500551582324,0.00301900506536283,0.0257298728827294,0.00503279039914275,0.00564722390219151,0.00944369455188295,0.00771121255040811
48,0.0118366073602888,0.00331088947186697,0.00347909697042611,0.00735692523558059,0.0108488299571535,0.0046821581753054,0.00356180701646861,0.0212165558648038,0.00739935959682404,0.0240283531533977,0.0124067602228022,0.00619020001612519,0.00553224933322962,0.000435942971781101,0.00843278894481125,0.0262703248473462,0.00487012641999873,0.00464111107805901,0.00237436929614809,0.0034333129575101,0.00388213646509933,0.00861475645302486,0.00598669797872065,0.0033859091803705,0.00825940391912135,0.0122012502328773,0.0034577510310962,0.00861227429447225,0.0315686157124939,0.00390512669055913,0.0125082517901574,0.0191880101112479,0.00378898795513464,0.000870748117526215,0.00520282670891191,0.00484100560354972,0.00289345710536937,0.00452205798794011,0.0017425538877767,0.00455895494501036,0.0071626770887151,0.00606114219360016,0.000883932705598169,0.0066132322968073,0.0108630016189187,0.012388192742705,0.0169826291053809,0.00806126496566349,0.025999572553468,0.00685163662754998,0.00984389140087581,0.0215668400893206,0.00702786632219442,0.0102973231551326,0.0105244497537129,0.0392354853195498,0.0129800097783048,0.0511370018790585,0.0110280504460775,0.025265921724233,0.00734035138737229,0.0248559689405069,0.00272108863074523,0.00495426491230323,0.00491485481276303
48.25,0.0151865712259272,0.00885166339570845,0.06578470860815,0.00339965000200781,0.00912562217267994,0.00986128761967496,0.0124184324401483,0.00120368581303512,0.0313886984041404,0.0317087766766549,0.0548281692826245,0.0310227291788605,0.0329187387488784,0.0498850394513832,0.0162439065769379,0.0236674975190489,0.00594710696431025,0.0273252013018535,0.000642899599223208,0.0226267652117035,0.00724528032880813,0.00994765712587764,0.0130164254953048,0.00759812089337361,0.0494921304897008,0.0270541697615076,0.0270422138858278,0.0130522295131556,0.00939384353281685,0.00983433109736551,0.0063812060766488,0.0152149228179788,0.0305099402299044,0.00231073386584207,0.0119141982998198,0.00123642340985626,0.0148912888391722,0.00644580627627256,0.0283344901649888,0.0019762616060249,0.0560572371307198,0.018205860920577,0.012162575327425,0.00116121503301786,0.0211123736214525,0.0231965439473463,0.0601987810694908,0.0188048677458855,0.00212607058792852,0.0044274307919752,0.0142734350198896,0.0119290475635078,0.02535309588817,0.0128354044297041,0.0349123200191952,0.0178610182283586,0.00766954743049773,0.0585755475887777,0.0319790501887173,0.0182167348060462,0.0362006748389033,0.0313575860393876,0.00941129627961229,0.0296172064132439,0.0105914283400031
48.5,0.00307149601150504,0.00822721277621983,0.00712070209582104,0.0179157378053227,0.00870434829003021,0.00408865844448755,0.0107235949070958,8.75239976902045e-06,0.0200420102884209,0.00146002596312198,0.000479546379419085,0.0096169949638718,0.0153654134794995,0.0011184545652221,0.0221363627551259,0.00107325689192098,0.00354350987649546,0.0274774202041663,0.00639387287743668,0.00668610622020633,0.0216853873440668,0.0117686782469523,0.00749537375096042,0.00141300519497733,0.000262128583866826,0.00149901840809063,0.0162697117378585,0.000293017955901257,0.00200383683381024,0.00547422412843146,0.0148632766769068,0.00792406445456012,0.0110519061906496,0.0195775744331067,0.00909877653250808,0.00026857457422243,0.00760019152738366,0.000311395939422047,0.00435781005327659,0.02122243220995,0.00386542923234282,0.00172880339184631,0.00727143187613974,0.00438719539355049,0.0064142653548335,0.00247353318426904,0.00459172281806567,0.0121107142735667,0.0135923136594105,0.00229774595315283,0.00564888355880857,0.0140463822108816,0.00401296882551662,0.022124117765206,0.00438074356121728,0.000578925951939074,0.0224195349028882,0.0184037212012529,0.0242305518269689,0.00213866088288494,0.0290448260619434,0.00144187522697013,0.00867137136172896,0.0171115174594657,0.0176745911232202
48.75,0.012547162644169,0.0424336544711835,0.0112444800589304,0.00915066855847468,0.0033247221278181,0.00232078898123913,0.0147221792230853,0.0127716942217694,0.0364242174810025,0.00352584304935362,0.02197545626874,0.00832201981983819,0.010329204393644,0.0451224360983152,0.0313101416116954,0.00893665517608204,0.0206967306146547,0.0123165534552199,9.69771414080286e-05,0.0269350004805391,0.00444841242428344,0.00595913541200875,0.00488382920396283,0.0214189044945705,0.00488857093548915,0.00278277561233029,0.0139867166094121,0.00102716901853121,0.00829653449157812,0.0133114537611345,0.0112670417310344,0.057060471345889,0.0180141654908379,0.0258496890527133,0.00724477616798634,9.42897687878784e-05,0.0112785817076373,0.00457643855040568,0.0244926291041982,0.028149093733707,5.08970692055696e-05,0.00027454874142156,0.0061858322076356,0.00268536888337114,0.0150270183876773,0.0209035402538487,0.0196113953019133,0.0113504557334574,0.00229698362269621,0.0113175345481554,0.0292223896489596,0.0170882645085623,0.0101727884955993,0.0306929606787661,0.0107230182862364,0.0525501107191789,0.0154668238854287,0.0482164510685925,0.0219778918636631,0.00952934631951256,0.0186248608013305,0.00201289615196889,0.0153490239246125,0.028075263131255,0.00268156576658889
49,0.0103007959350538,0.0068940799923454,0.0112079052742356,0.00132594026363962,0.0101991716201266,0.010486803735722,0.000114296922293594,0.0162151340466321,0.00511708740718276,0.0217626513598036,0.0207568367898363,0.0258649045994678,0.0608753350882111,0.0182352696970608,0.0296752961620024,0.0137553049555519,8.05300716244753e-05,0.000414869309230825,0.00982153039435956,0.0072444380317002,0.0273834958157961,0.00387742251790462,0.000104984803546053,0.00174446888015186,0.0289679648141372,0.00824939967999035,0.0065286699214231,0.0197886101383008,0.0330919479691714,0.0119819621328458,0.0476595520240119,0.0107110144032823,0.00546507432444195,0.00140790234088337,0.0197972956120802,0.0128779513576634,0.00431415701988982,0.0231151167727766,0.00225264716195503,0.00254033873160816,0.00942228355813177,0.00116107109769829,0.00374173348406592,0.0144272998585304,0.000883626494409344,0.019834615884819,0.00895058476625585,0.0130573996185827,0.000608301759871027,0.0179877144112508,0.00381996870874812,0.0219002193393408,0.0287803613054099,0.0102922250056065,0.0549251000963909,0.0383286694700607,0.0686079535973929,0.0185225719557881,0.0185642788882682,0.00999794014393909,0.0320764447960714,0.00923699982812197,0.0199945848117171,0.00835893534358463,0.00777292955776755
49.25,0.0194515468489461,0.0067755569093136,0.00164947233124548,0.000635861507355197,0.00118900442887965,0.00751491408250177,0.00279836475319761,0.0107486697130128,0.000956058231551305,0.00420826655987919,0.0136403668292763,0.00182690988838145,0.00744339390017684,0.0329630962416793,0.00268522381918446,0.00155852411309001,0.0104882171723298,0.00100655950714394,0.0199455062198276,0.0143348453214945,0.00212229130557044,0.00520085089977061,0.00119489145633363,0.00967044729676705,0.0019097654178145,0.00780965770543485,0.0057710843328023,0.0102268761029091,0.0196095996800295,0.00231907743537394,0.0395962350624879,0.0374026950821979,0.000805488100867065,0.00246946754565934,0.00170183975328949,0.0126525384482802,0.00425427199516449,0.0106184826082805,0.0232523489252467,0.00932232138100074,0.00144926353963122,0.00639292732386895,0.0130966047288657,0.00981736348082245,0.00016962812160653,0.00155173385521469,0.0142074281716121,0.00156020541691321,0.00121873184675967,0.00895223970630603,0.00177474217942318,0.00452616301402517,0.0095229868876436,0.018913549211643,0.0191085614928892,0.00643792613215396,0.0135669679165362,0.00145914789363516,0.00253962002451857,0.000431804160401786,0.0303099310189431,0.0030938502103474,0.0033438372169733,0.00109276932416376,0.00267623436648114
49.5,0.00382645003237769,0.0139684200063087,0.00618861547695812,0.00501358404191733,0.00844541434546598,0.00286218065449438,0.00647598689650195,0.00527744042282792,0.010422663192548,0.00136710447686908,0.0074333710979331,6.05500104044895e-05,0.0271189593997152,0.0359421342445827,0.013438019893314,0.00386666343862606,0.0173457641877774,0.0017391534249076,0.00143756314923126,0.00904373895456634,0.00179773410675174,0.000954061025580544,0.00123293391230286,0.0104806262179142,0.00287999626084407,0.00256230655159581,0.00581451967854065,0.0179417552093943,0.0211379613541473,0.00325483555772706,0.0326643572213287,0.0402971133501169,0.0101156772428969,0.00279994981629521,0.00748662221042884,0.00748657753220874,0.000226876222083831,0.00494449656363956,0.0189267872935423,0.000840770854737671,0.00112146425958125,0.00170162947716016,0.00391744015411146,0.0221677565391885,0.00650212077711004,0.00756722361667529,0.0157384765081909,0.00640706861421,0.011709485218365,0.0117050890249359,0.00797663928248255,0.0198906461380184,0.00705716028046285,0.0128895771015177,0.0107317038835192,0.000531148710921398,0.00749205094604376,0.00941054351672637,0.000535457199915621,0.00889213509900617,0.0196709070082333,0.00363323971997044,0.012394893916621,0.00787681302105823,0.00224440713296196
49.75,0.00333866202807713,0.00717779247641503,0.00407157519473336,0.00469547499727572,0.00151343313359078,0.000585519647731582,0.00252912267076732,0.00929033548149351,0.00867907847464839,0.00583173445222708,0.00428864472218095,0.0288606147340152,0.0131636213418031,0.0372079645264886,0.00247591599872476,0.0379481412925221,0.00701817772234392,0.00877767053699561,0.00387497027113501,0.00637625548828414,0.0142729699999365,0.0131416534863912,0.0148923058380482,0.00759833168033883,0.00355563915836973,0.0058093173400748,0.00328301765781225,0.00610107876649302,0.00121036205964102,0.0118643578249902,0.00811698234077417,0.0116431627135403,0.00586162187465643,0.00970596659743727,0.00212885191224257,0.000571329201622069,0.0122147573184088,0.0160997056246476,0.0148439208753306,0.000700666678774893,0.00248583773838168,0.00127902942657288,0.00610498553005411,0.00877293165887961,0.0160752240952979,0.00380426398787471,0.000784504827423998,0.00694030952923791,0.0121353332454777,0.0019210486433155,0.0093990309416975,0.00991253136761499,0.0019598333760607,0.0185287213304236,0.00139755956590725,0.020268067843964,0.00260708987808949,0.0421225214660128,0.00941779889807783,0.0218592704429343,0.0028157014603329,0.0182762468868232,0.0104486368261652,0.0125793089973196,0.00912163897603597
50,0.0126606312051538,0.0444452934105564,0.00417813754695173,0.0022067187643222,0.00643634242612282,0.00911845404071604,0.0018834631924968,0.00730104607822087,0.00111655277638771,0.00602272295346696,0.0146449236127303,0.014435978379195,0.019276937696703,0.0103044488322851,0.0010463354481021,0.0135471731333963,0.0154527156788028,0.00060713823808844,0.0135774833698225,0.00768071099926438,0.00179259236919965,0.00130371536703763,0.00686231994816385,0.00963971886494227,0.00597811550965214,0.000343896444152168,0.00691202270789851,0.00678697090990419,0.0276583623124036,0.0130824332802582,0.0072546714892004,0.0279153639763784,0.00127185276203728,0.00132294814717306,4.11661187691822e-05,0.014939494543675,0.00732380019550211,0.0122937861400726,0.00889911868832014,0.0152600046599759,0.000305717801491492,0.000639695177914844,0.00242649408020339,0.00817695944299471,0.00140131053788915,0.00480093535767258,0.00276895158743737,0.0115388812160814,0.010034172278313,0.00670644227198049,0.00041028989386982,0.00429026767029015,0.0123376580230058,0.0608274516266161,0.0106412720984195,0.00384671901336878,0.00310241275175882,0.014451659679524,8.96214398181817e-05,0.00311717200441356,0.00176007530303208,0.00196232690639478,0.0148474771348902,0.00366117096470796,0.0011480121131902
50.25,0.00409788002451094,0.00473506928303806,0.00750213650647469,0.00367317404501384,0.0228806118789603,0.00805308345839652,0.00101830538480931,0.020152144292611,0.00432203700530508,0.01056167118025,0.0229559453438282,0.00722343123489323,0.0422493149450414,0.00648358074471213,0.0063052795834484,0.0277869308716948,0.00225049316525317,0.000113466762685958,0.00872317090705117,0.00314596860683623,0.00106847336272259,0.00073082879035327,0.00177425498873639,0.00508564589139602,0.0356740074555821,0.00323094510539481,0.0148850805618223,0.0127525123500428,0.0343248253161952,0.00111365393856259,0.0134508030754067,0.0128535918344511,0.000799426811820933,0.00458506737023313,0.00121228008126705,0.00571638452580758,0.000510188185954185,0.00837603881445817,0.000798369249536441,0.00348756389445459,0.0115199321494117,0.00310634232951621,0.00469442543365865,0.00398632928225386,0.000728837751160466,0.00695438300037359,0.016372710485479,0.000300604447178364,0.0608878600752142,0.00342726038291347,0.00278601764851772,0.0155380513385919,0.0126120270445628,0.00309389483705492,0.0276739909629424,0.0210603288925288,0.00945183151988221,0.00613281882668131,0.0106271172496944,0.0280241972448094,0.0129247873539273,0.00562153782720184,0.00661058029109315,0.000163320944119792,0.00243328777532028
50.5,0.00689810650110025,0.00658063793142517,2.05156050529856e-05,0.0165419911964856,0.00056861699931879,0.0033770651574194,0.00034716781410621,0.00590935352096078,0.00838094635756781,0.0377692688304802,0.00226422000722582,0.00951839657015473,0.00604865160819788,0.0132736516757164,0.0120914685564881,0.0010134644256554,0.00317771897792366,0.00177031152174152,0.00211038696798701,0.00857105928059447,0.00123609067382925,0.00191669713429031,0.00257310042357651,0.00324143384483707,0.000959458647533773,0.0194197704438736,0.00380916283802015,0.00625350447656001,0.00613396454731383,0.00784232876236386,0.00369022231369431,0.00560148585096853,0.00204153285222664,0.00163803616162513,0.000457957311572681,0.000482648583155947,0.00358625036784289,0.00289624481486852,0.0016697373819499,0.0115171425986051,0.00087054618729472,0.0088427637875847,0.000146550079914987,0.000939097282989111,0.00739259797160069,0.0301395282955667,0.0132757274503999,0.0137878272375907,0.00207316974657158,0.00544907546339331,0.00905802220029034,0.00369981531787422,0.0015368911512806,0.0162148467761389,0.00328699331755873,0.022711363754969,0.0023337546666601,0.00293617159426028,0.0195918673840268,0.00232920574065695,0.00161881243679737,0.000256097546469889,0.00686365670036601,0.0122185304522951,6.77067825457072e-05
50.75,0.0140604367544155,0.025064125639624,0.0180424602600217,0.00627628896240099,0.00279760721345849,0.00676026889163719,0.00788189246042604,0.00601103590593274,0.00540025749095249,0.020288100187322,0.0193015129293688,0.0050289773692706,0.0199298410408094,0.0399304411128637,0.00609032539142364,0.0130249746732401,0.0140704246715982,0.00668674511696505,0.000107318280269435,0.0143920648409416,0.00126032425825896,0.00415340217104589,0.00306499425588461,0.00278296164553242,0.0119265451009616,0.000864110640912728,0.000326112598844444,0.0166630382349765,0.02520923562122,0.00579805129395834,0.00557915351256111,0.0519551643431558,0.00369570162123854,0.0213621156076653,0.000432314953180439,0.00400725953948475,0.00215304679698256,0.0044684856669065,0.0238803832999096,0.0162237129456344,0.00728188182076029,0.00471105464991316,0.00190959729497004,0.00140210452066342,0.0242021979907675,0.020072002446892,0.0310054762093503,0.00229252343377784,0.0144183809431795,0.014165578424613,0.00913507562618738,0.0156372202536684,0.0147559476709613,0.0177824081746524,0.00333519897144581,0.0147182620257187,0.00244085861649227,0.0152805372746808,0.0181206048262772,0.0129414632773202,0.0037585916727671,0.0119096443411164,0.000746584895652991,0.0174966448318821,0.00360200438280476
51,0.0127460004792393,0.0492423877610769,0.00495679017989881,0.0253008447419334,0.00777685974800728,0.0178040833232373,0.0458340856531859,0.00128522435366552,0.0284406512452519,0.00647740433055219,0.00286075485408893,0.0753883460034319,0.0239059167344841,0.122875426844773,0.0299240794195378,0.00111394443799434,0.0119534333495641,0.00456556428051022,0.00684599429167383,0.00930792959141789,0.000651709982235057,0.00233237608175221,0.00204614746060079,0.00404684202946186,0.00497068526842275,0.0574170166556811,0.0209152860193551,0.015501230998208,0.00163784362495333,0.0286121225234213,0.0225594648498584,0.0656824040810017,0.000583181367589221,0.00169211449725683,0.00252963259620124,0.000507723436343517,0.00995146682842864,0.000755148868509817,0.0153980942582885,0.0389494822063207,0.000135457172187601,0.0152571744806786,0.00609797924273397,0.00400523630884152,0.0451282602591341,0.0115645792520432,0.00409400696809648,0.0242316713636044,0.0318802131122685,0.0161512195615986,0.0359119011795157,0.00129982359410428,0.00672062303940618,0.0475766751567252,0.00123832966570193,0.118935561422854,0.0173516706945393,0.0306325346933674,0.0490965782579811,0.00581204163924954,0.0140351161704069,0.00943518409771232,0.00643645879565784,0.0496528812938553,0.00102202167293349
51.25,0.000275328690684876,0.00230400710190185,0.00326353997364619,0.0101550365313218,0.00663784224667095,0.000746541824704295,0.00746771294952363,0.000637058220170746,0.0165178946434909,0.015956466824715,0.00405738533717878,0.00592581387474173,0.0043521038369066,0.0226414957977527,0.0163747755632371,0.012223044534463,0.000351274096541681,0.0027875809189206,0.0043569574010189,0.00820187635601873,0.000965720946002403,0.00353539881931711,0.00303051036251182,0.00651836804143149,0.000811546999177075,0.00571264713961582,6.33042076195324e-05,0.0156597537997426,0.00178713675367675,0.00419049961190827,0.00195987610804005,0.0197049749087623,0.0037370011664356,0.000353273102498483,0.011005122588235,0.00466566089892782,0.00128306691356191,0.00850551536831441,0.000341036088613138,0.00174653127886294,0.000179227409027635,0.00988389501192073,0.00640766578932162,0.00416535189886981,0.0225319016108818,0.00781706119432173,0.00555591461261762,0.0200993842321551,0.00801720536868792,0.00356223125313605,0.0135005051021734,0.0129388280626987,0.00038063385843208,0.00887875926943224,0.000722804079451367,0.0291345329544548,0.034260551024443,0.0234248705840704,0.029528663918569,0.0229264243426916,0.0441579334068088,5.36701017562108e-05,0.00288774535231274,0.00279254135975564,0.00119958256981723
51.5,0.00332201722295826,0.00242037305300579,0.00900778728951257,0.0058598338562055,0.00575304388892766,0.00616967020823732,0.00181033981388433,8.94931290065471e-05,0.018233837994877,0.00699203982666788,0.0131878157046965,0.00188615289221051,0.000851926640528179,0.00322877983469073,0.0184900427467577,0.000343821264369393,0.00327638539981861,0.00164712614670519,0.00741646120501123,0.00516546608272396,0.00275756970824609,0.00109741010202318,0.00209541636639641,0.0029321248689337,0.007640092135738,0.00358797246796013,0.00891397654786237,0.00367528005780926,0.00286335035319176,0.00370335175762897,0.00593618874473422,0.0163864879238486,0.00524534030112285,0.00314918316217259,0.00817599759801591,0.00585412119574719,0.00121387095411652,0.00928658302807296,0.00250917744456258,0.0131324462514,0.0020305970950751,0.00358460147322377,0.000495692989013817,0.0125189210193255,0.00262245354750884,0.00469993204000559,0.00508492844340398,0.00357809933531292,0.0149583702277967,0.00631485178139009,0.00687461762836919,0.00357797049379513,0.00428883161188712,0.00184339465989852,0.00512685375690028,0.00123956266387226,0.00618667719673913,0.00799418562945876,0.0224109415595567,0.00712256623775899,0.0696791246448705,0.00529884344582333,0.00243978207963103,0.00738523661470635,0.000615266571709998
51.75,0.00967242827986298,0.027351814816636,0.000195472167986214,0.00399032796430704,0.00369560833353582,0.0141875325035033,0.00150022946315443,0.0235998695850942,0.00834029741561253,0.00130054436514299,0.00249113091959291,0.000754626415348623,0.0422981117188232,0.00221900122297871,0.0213171882880733,0.0151009996235157,0.00446657585389743,0.0030278274317841,0.000156061342868691,0.000637122876149112,0.00439704130537577,0.003938133013316,0.000476401226354767,0.00169474351811428,0.00353479715175558,0.00693156079583095,0.0103739512265188,0.00915109585439788,0.0332393204367956,0.00142341449054121,0.0196058453107851,0.00219663268107686,0.00554400875337171,0.0105589260426321,0.00594393969848104,0.00414436050107527,0.000661545625221432,0.00873617495690087,0.00159788998331506,0.00461851704894987,0.000169390796137172,0.00816791950552411,0.00194136163622378,0.00966732709689484,0.00224702733835416,0.00641346573980003,0.0035887010979771,0.00267046787153333,0.00336315563685565,0.00264725001453997,0.00859087988986481,0.0253732513778998,0.00914092131524726,0.00399469594972952,0.00438075875812158,0.011634032279373,0.0226972586065801,0.0148273490493018,0.0354001732225069,0.0116417003205548,0.088516667651269,0.00937713669522605,0.00794416349950798,0.015545353714795,0.00225732281734213
52,0.00480940664263004,0.0048189154723276,0.00190362271465432,0.000904003468756818,0.0116622882211341,0.0016907637534633,0.0145441288566647,0.00742022081942337,0.00214890925679627,0.00317976912995678,0.00210654189119668,0.0185663439977433,0.0285696020459954,0.0307659404216792,0.00240948660788093,0.0100279894079401,0.00321395225938251,0.00118430239025951,0.00559915720863006,0.00132320761897941,0.00812815646550347,0.00199166057565853,0.00429560520168942,0.00188559861676396,0.00526418230595943,0.007542798680143,0.0211397770393789,0.00356005361815937,0.0056308537072892,0.0099292872087378,0.016543562574565,0.0441562406561225,0.00389401200777741,0.00303735839392765,0.00521188050444891,0.00912944430028995,0.00897565491348436,0.00163858362395481,0.00830216348307609,0.0210184108724845,0.0118147954639993,0.00305375279828504,0.0231380392900667,0.00403592608799744,0.012767183675231,0.00437516506025888,0.00886694998286038,0.00571977450874848,0.0122957535896234,0.0106466469011868,0.0089829309650276,0.0195668839759574,0.00110881162475547,0.00685295952252648,0.00279586310855775,0.0120610999597931,0.0172647939964521,0.0427111307778552,0.00636867534540181,0.00847296272002189,0.031977634451521,0.00669235217581409,0.00620816828889258,0.00746832204021603,0.00183791133575896
52.25,0.00284786464176421,0.00503036931835946,0.00710804461557615,0.00311469775467311,0.00218780123367995,0.00189734859950819,0.00368917902401898,0.00267578424179114,0.00581298161933595,0.0023900632929149,0.000805875259535073,0.0102473576388228,0.00856972647705893,0.011342908448547,0.00285085878525309,0.00271165139502944,0.00378529238490207,0.00366713427530178,0.00364315494034665,0.00746247764780677,0.00200526126527528,0.00162466565408744,0.0089051172749093,0.00159669312561721,0.000632222910046247,0.00976548167190207,0.00251078901351743,0.00281471062552519,0.00248669035134206,0.00775220577894404,0.00230161092887384,0.00454641832810703,0.00182193202516494,0.00758093795669974,0.00455476724522028,0.000724985375903041,0.00531876536804346,0.00672517999611732,0.0138824925245659,0.00755289861340299,0.000125551171464901,0.0027708076543409,0.00194929342109334,0.00237332484622283,0.00821724950502079,0.00316941305817946,0.00370273368192984,0.00181053897649044,0.00121317468564584,0.00492041677193912,0.000501267873365256,0.00731567914323149,0.00157274908203969,0.00518575960184789,0.00139479624851418,0.000702985314495679,0.0110326984715538,0.0035503053046942,0.00621718567518396,0.0125224504769461,0.00485024711678935,0.0023626255405467,0.00408759519397524,0.011347342051953,0.000991873644444852
52.5,0.00491540336111687,0.00237760772946392,0.00234116471409734,0.00350757992568328,0.00767516879728058,0.000194749425795707,0.000977066467447874,0.00660503366691852,0.00032770662525193,0.000872220008947531,0.000174651515891585,0.0053080842993234,0.00194235784309069,0.029622432056863,0.00347572442354783,0.000954556443919574,0.000693383561636685,0.00101526938218622,0.00197967932459771,0.000320822282442277,0.00276060847753121,0.000525091127264375,0.00699855053648702,0.00242863982955983,0.000194180883367985,0.00256609034065222,0.00144675146080796,0.00516183925165278,0.0015730216135983,0.00284175841382295,0.00249981644026491,0.0346968235379739,0.00122485223575148,0.00146688813993436,0.000212684667972345,0.00229509394638525,0.00102281259859841,0.00118178733251865,0.00673289967134348,0.00718392557429805,0.0212400297425627,0.000509059800095873,0.00309504240360754,0.000274371426838385,0.000993969169013711,0.00255820582408494,0.00178250072850835,0.00887802284081441,0.00276143271995783,0.00291943007152038,0.00515024322107411,0.00127119840841974,0.00404261822366116,0.00237286325594935,0.0042645373704245,0.00585343234209989,0.00880489476830935,0.00798460120434984,0.00934798844020101,0.0040583786110369,0.0125283547200576,0.000160345397900661,0.00143392760085649,0.00163356734312872,0.000404707373717875
52.75,0.00909746898711801,0.00343205345433716,0.0105761563518467,0.00750380286379336,7.08657130861938e-05,0.00436304682733493,0.00959659490553124,0.00637792672115715,0.00800724443046255,0.000470452135949545,0.00838709044643697,0.00236918568836753,0.012801507656932,0.00879320980643519,0.0182274296954088,0.00276535522120763,0.000997129007455503,0.00475715252961932,0.00533288215460588,0.00518248694481709,0.0169509543236808,0.00540952750084307,0.00336786745824684,0.00174738967446626,0.00452758983339303,0.00671984059340515,0.0146692997448503,0.000731523009813813,0.0114494521951769,0.00900771746697462,0.00264213275229116,0.00705686564234659,0.0131054004522694,0.000281840591365038,0.00965328654208849,0.00807542724608469,0.00181678745372383,0.00215425976295864,0.00343262866187548,0.00698855927840007,0.00690827736976579,0.000375661966325399,0.00203120248560384,0.00263496249138912,0.0164992648288814,0.00354039598615838,0.0083618314665007,0.00923218816382161,0.00612623848463439,0.000120509993168277,0.00492339647347015,0.00832062757108395,0.0121741438283692,0.00674549143266553,0.00979054669604543,0.0264196223500433,0.0102890528833322,0.0349833493481497,0.0104522995958089,0.00546722020728048,0.0112113051818414,0.00664293874141927,0.00483570582897955,0.00163505312068729,0.0132208657780773
53,0.000322085593255688,0.0320950977638492,0.0239708822776705,0.00140514587194188,0.0198623986671125,0.00764911943655093,0.000336343551268614,0.0120260131736753,0.0157853485733382,0.0469541219829455,0.0181895626522798,0.00687580023413168,0.00997523406057151,0.0094501211334314,0.0305600916411593,0.000932913001120099,0.0156385528088222,0.00768304264275397,0.00355978677502638,0.00597470025988038,0.00628731058363597,0.000217844801844411,0.00640991263370549,0.00473537966230611,0.011840706055103,0.00580193054216496,0.0098966958263507,0.00500974852357642,0.0165226694918065,0.00508594529985748,0.0165388951209226,0.00441799254746535,0.00672983318285341,0.00231155883721206,0.00594751724396894,0.000891768154301573,0.00114791714016328,0.0280380748134418,0.0039249806973175,0.0388539749483389,0.0143557882533446,0.0141897801093814,0.00492044513606926,0.00309269648600791,0.0113681612029618,0.0441933872369837,0.0184876603070381,0.0117924829921311,0.0138591650272789,0.00161030483563113,0.0186533092970657,0.0290961536127111,0.00845527266533467,0.0350020318637905,0.0142972652800487,0.00544124193920711,0.0366493472807248,0.0270000084227511,0.0151915913476888,0.0241665756154754,0.00470878862468418,0.0139838903669813,0.00257348749906842,0.0352033477923299,0.00112384010757724
53.25,0.0169354209309536,0.0116126111588719,0.00361216104577741,0.00118415674810394,0.00337608879845709,0.00513347277979769,0.0185054509173321,0.0159825812017402,0.00266080717884897,0.00502669341347752,0.000710085342361065,0.0148352808042969,0.000710694980048947,0.00329232464359609,0.00641203012400083,0.00186115212854464,0.0157997531508355,0.000549769550197815,0.0109189264982504,0.0243837239718847,0.00283738846056791,0.00154757799592043,0.019707526548008,0.00209974236960698,0.000687044968418232,0.000146499508263153,0.00280985805907894,0.00415639727745464,0.00148243123514794,0.0300197956990964,0.00768948008277285,0.0123551668653244,0.0123475979159045,0.0135690371484206,0.0119164975247653,0.00570378231339854,0.0483762884144443,0.00970708814136298,0.0247537806405617,0.00672738333473859,0.000760053825441255,0.00932816360028634,0.016115593225819,0.0116052375206872,0.00735479507749743,0.00754581832827197,0.0111210010691901,0.00110664594156297,0.00693742310987419,0.00340998074458332,0.00426678403255157,0.0126604767974533,0.0128758645274103,0.00264879151424019,0.00189953313748022,0.00616236872808951,0.00504422786912397,0.0889394778179782,0.0021034821910437,0.00321870327325091,0.00341312732812056,0.0222230437520092,0.0122757482238244,0.0189843492918906,0.00207212460964644
53.5,0.00885388916968042,0.000546757010686316,0.000870747957489338,0.0013349958793737,0.00381971281284166,0.00297716954203447,0.00222186106801928,0.0030808911129611,0.000242490201107521,0.00755766143782459,0.000440281264304754,0.0018651521011612,0.0225730597288566,9.18256806170918e-05,0.00491309557103773,0.00275260293081402,0.0127738339238783,0.0117792864949297,0.000573207065163,0.000363083275639726,0.00297537608626639,0.00618102209261806,0.00209553008257151,0.00146145625769347,0.00292465297229189,0.00153689694686302,0.0137194851793106,0.00189725607475478,0.0347831541298736,0.000508682712088326,0.0040009181735202,0.000527249873077726,0.00208858527837493,0.00765180282963223,0.00764064900033448,0.00474754796341272,0.000500412499764927,0.00515809829164338,0.00193458799757225,0.00661649918598554,0.00229961552722055,0.00546156552525265,0.00318000048067277,0.000147472337747611,0.000215682918539017,0.000863503097952669,0.000814026411012906,0.00139080272265251,0.00774758834657439,3.40184959390479e-05,0.00345629972404242,0.00100440188917349,0.00306292694137936,0.0019170975125609,0.00605053752105132,0.00414222379931886,0.00207249381152528,0.00652814570455994,0.000692218802442038,0.00447588431167687,0.00744561636383929,0.000173765933234743,0.00224463147546937,0.00343887505787015,0.00360328296357026
53.75,0.00610333698956571,0.00829241072602114,0.000176682344606319,0.000738068902417084,0.00357789076214744,0.00382894879716644,0.00615500317473347,0.00193714161498485,0.00359704043668968,0.0018722148212429,0.0084285334617759,0.00767218243713529,0.000229068636410338,0.0127677872907178,0.000567945766083235,0.00632997536528647,0.0078638286429156,0.00500871208649933,0.0122138767903469,0.00508807822209863,0.00346097245451388,0.00150471150913682,0.00281032052035758,0.00248587000055205,0.00644939049492819,0.00297913559386935,0.0045440564421567,0.00281502835217705,0.00371467797297308,0.00262022747981117,0.00309711384461939,0.0166902819081364,0.00270020311152891,0.00427052217945457,0.00315018542209448,0.00308275217519893,0.00193747454603076,2.01429646368935e-05,0.00354345111016198,0.00655956791994712,0.00288375418387331,0.00120252144722415,0.00535901817188423,0.000228834261360544,0.000761846618832754,0.00289862613818588,0.00948396554610947,0.00583425108686592,0.0317771893998968,0.00257375252226506,0.00419737634392245,0.00875140063960111,0.00647897954231715,0.00785589376612373,0.00690870204192844,0.0140172980025537,0.00804059745292688,0.00140151987678324,0.00178404164914197,0.00295310744368701,0.0738174187672661,0.00114902320584976,9.66019948857819e-05,0.000792984268094961,0.0010217420663091
54,0.031315325098979,0.00343623100676095,0.00272607791636985,0.0022941715252578,0.0127310337637333,8.97341850367524e-06,0.00290468987579098,0.00376597068727231,0.00552064837501491,0.00314595101329683,0.0164494104052515,0.0307109394376555,0.00222578474915664,0.00317352186586688,0.0046392879594658,0.0342390959159666,0.00450064896344284,0.00169352300280947,0.0043202776924004,0.0069766157084155,0.00274294677986879,0.0078898125369658,0.00206781189537861,0.00621589149181753,0.00650620070786154,0.00288024180383413,0.0137695820756019,0.000128300109788168,0.030166071910913,0.00172871295289155,0.0106271811341168,0.00309832974324174,0.00245698533995518,0.00491302874468802,0.0146692487113771,0.00240908775183551,0.000391260633236696,0.000359383501591818,0.00432714199781029,0.00167305754636766,0.0057752620137332,0.0153557400408659,0.00276348486341455,0.00277476874157024,0.0068927445184763,0.00317331545771106,0.000508930267307774,0.0126659872668973,0.023081557390085,0.00430321324485839,0.00148422777568929,0.00720360939040382,0.0274494351594752,0.0201056021631864,0.00526632880780137,0.0137362423064971,0.0158269735206125,0.0591996371191878,0.00619230155881217,0.010444185215826,0.0182881780922918,0.0251142851200674,0.0139318800501896,0.0020533364846399,0.000986338136114434
54.25,0.0126966326293739,0.00605778753508453,0.000359769517390368,0.00450734650636081,0.0026520291490836,0.00171171403517548,0.000758204340697595,0.00242029327221235,0.00215732432574519,0.0166295921467426,0.00197386645288177,0.00440981352386374,0.00100589906015911,0.00998267750377044,0.00158459197837917,0.00646483793449623,0.0003066196225292,0.00205450757125871,0.0025450236776496,0.00012677813223646,0.000619461746092234,0.00695801035178603,0.0034581780658807,0.0075711539920256,0.005150642713549,0.00202147016649643,0.000645237911101732,0.00979085637295823,0.00144364240775184,0.00458435533480677,0.00273130204269682,0.0202620822307961,0.0038422404274015,0.000421379282952871,0.000649498755808373,0.0042619456737663,0.00751095509040696,0.0112736325017017,0.00610006321508095,0.00541553928881083,0.000516431181430629,0.00446618404246815,0.00283987876276811,0.000274774433385722,0.00740752324924039,0.00757569528096695,0.00412847696950069,0.00175838504794812,0.0262109509475365,0.00429768057145645,0.00035904367653768,0.0189582412917415,0.0142620698128215,0.00757458695428099,0.00336549066830787,0.00409351909324321,0.0329773950350782,0.0139407056949391,0.000104352523762731,0.00606069249682434,0.00236830946222064,0.00197603292295862,0.00225757084257785,0.00381423473590202,0.00317378513455361
54.5,0.00411065424406731,0.00992413980772786,0.000816319160986456,0.000760196172213705,0.000601036627721375,0.00213274889813839,0.00276269130424957,0.00550636129440017,0.0039423159022675,0.00630803485251735,0.0147900544568848,0.00113474433081129,0.0049783900059982,0.00306490180582718,0.00501138516902154,0.00501674045641021,0.000941571313850802,0.0073419191588884,0.0109351273517629,0.0164957139636386,0.00837683203778295,0.00463366130963194,0.000922885039637524,0.00871015773994047,0.00358250084978022,0.00293081818622186,0.00482368614836992,0.00492746999020866,0.0082532430481494,0.00150751860171796,0.00266792540264666,0.000187596407506274,0.00313288677362741,0.00301070417349617,0.00493765122009196,0.00408146844486607,8.09986044847387e-05,0.00597538890253733,0.00137178561067824,0.00132628785447411,0.000506494898735474,0.00298732240675965,0.00133873118299444,0.00428556898575974,0.000990262987444881,0.00937881360386091,0.00770435567821741,0.00452699830124506,0.0034633995926777,0.00138272644199433,0.0121643713815098,0.00645421378344245,0.00656578128759607,0.00306715360246999,0.010425243560304,0.000266725851416638,0.0025230794331528,0.0085421582672116,0.0110671809251954,0.000155891393743782,0.0326452908841431,0.00727589328195613,0.004018552830737,0.01402997546631,0.00443662505534556
54.75,0.000472286441612904,0.00118675038362389,0.0113042332561962,0.00500858036440171,0.00591821786531555,0.00652574891755246,5.32768893197023e-05,0.000285933288174721,0.00197364615425421,0.00456533719574221,0.00240113702949395,0.00640299449119843,0.0122359195977362,0.0282258400508635,0.000142218587758048,0.00621726780817435,0.018738080763164,0.0105465993838057,0.00624690691194001,0.00562084732113053,0.00114387150561753,0.0014702425805746,0.00295934703594337,0.00924610684598132,0.00227667251031544,0.000610629412917089,0.00140950779954293,0.0104865687345548,0.0017978981832959,0.00757920913380514,0.00838287671287571,0.0400240888316608,0.00953825171796568,0.00391483212320775,0.000175187860509676,0.000834285768769986,1.03871678817672e-05,6.71588981209786e-05,0.00701358740187775,0.00197647764538677,0.00492039462536285,0.0015419168088344,0.00101455331233583,0.000581701752319929,0.00164792974021026,0.00859980154085567,0.016430933049792,0.000537694176014039,0.00831337028651641,0.0158158085711158,0.00355084045946513,0.00237046038432001,0.0014262599912378,0.00125175339956288,0.000281083362733581,0.00274889107637428,0.0175400194128837,0.0104697821951438,0.004866384893817,0.005265497377207,0.00480688748478522,0.00613931978727339,0.00514166284923108,0.00773238248013642,0.000941368896452345
55,0.00899665757420263,0.0103625023294217,0.0199566228126986,0.00134280773649238,0.00572186231241931,0.00745698135541387,0.000232289036757885,0.00373312677138483,0.0125084724547323,0.0128236343730462,0.00481971981050937,0.00299255132166662,0.0113533337310106,0.0366264805554565,0.0217260371081663,0.00180471164671353,0.0184415184743154,0.00810699382041592,0.016837569821436,0.00570329822179063,0.0117748649854131,0.0104414233171935,0.00964704772236051,0.000183071909650968,0.00868410449013935,0.00135628024398395,0.00168195374288374,0.00628492406361538,0.0318074591033337,0.00327823258433366,0.00780065471084284,0.0410734788549577,0.010721070241007,0.00283809488757739,0.00150952546568501,0.00144168969697433,0.00186009748877466,0.000618939852530748,0.0156091852055691,0.00120418812976493,0.00483706006362433,0.000722243405191351,0.0062901525765323,0.00420041393151201,0.00867139304689791,0.00481139585288977,0.00748961594269428,0.00438369322430382,0.00411586066018275,0.00722207978573026,0.00317816500558398,0.00539184735134761,0.0115058944365334,0.00502693074864169,0.0142305416990884,0.016976463175363,0.0163522486529014,0.0899893325597721,0.0101938521165584,0.0180690791778529,0.0179748524998684,0.0143374359144353,0.00246684027410025,0.0119434582308115,0.0115378105620792
55.25,0.0541015553372335,0.0410774268471558,0.0170196979238687,0.0150071023303056,0.00293814551524301,0.0101658288755996,0.00707806580239752,0.00884701289858186,0.0211551395343335,0.0225204336068952,0.035165189675103,0.0317166995028423,0.0065200868417305,0.0054171721795133,0.0233464263356142,0.0202478239766236,0.0244252411858759,0.0147947635774926,0.00565211982631674,0.0205823122082889,0.00144478880610885,0.00466784660485191,0.00592089398990122,0.00586849873897227,0.0206998647509985,0.00607526785632745,0.00147236879680251,0.00219058518138258,0.0354224619080713,0.00629000902754522,0.0182236314488412,0.00553748672169099,0.00497537309254336,0.010245896452439,0.010230025373421,0.00586529254795118,0.00596232034472868,0.0237140480065071,0.0420774033734329,0.0497529054455917,0.00399293975233586,6.54459670926641e-05,0.00217237941555624,0.00648490007725314,0.0213953555205795,0.0298183429184739,0.013620826635479,0.0272061409716014,0.00791042535989568,1.03461919748732e-06,0.0146768842222766,0.0154036593341202,0.0371116387030036,0.0381316529649561,0.0338683540411304,0.018454383779564,0.0396914505107246,0.0293269089356847,0.0107346664827514,0.0461936535355571,0.025914633685278,0.0213272069469351,0.0184727269449647,0.0155089706531361,4.00540041579905e-05
55.5,0.00072568901260288,0.00228145767875701,0.00141482451185666,3.76607400324782e-05,0.000295452309991509,0.00220317750543273,0.00760498931295406,0.000973491807460947,0.00854543074770192,0.000414594880264157,0.00200159859402531,0.00343255168564213,0.0232796456448032,0.0699250028586501,0.00914626898480457,0.0004873834587167,0.00179713974095572,0.000822454552421358,0.00487236477193793,0.00889336783140134,0.00317456958304003,0.0102616485305198,0.00357404159971877,0.00345993568783809,0.0116475516600001,0.00424319035366408,0.00269837902769383,0.0252989630087783,0.00505523892284284,0.00394325678279954,0.0154373114625625,0.0639418514763943,0.00788623498577606,0.000489131870552223,0.00853670740608701,0.00394829543379858,0.00526918100462309,0.01016220829978,0.0130854385623391,0.000666558958996821,0.000440525914918389,0.00387590880149648,0.00490704829548197,0.00215939599365693,0.000885034343505977,0.00122093616284803,0.00678659326132769,0.00155554231849262,0.0179079598896589,0.00623600364105924,0.00425999613736885,0.00136071355104531,0.000586393708952375,0.0143267153450689,0.011380032280229,0.053651887746352,0.0113915872513758,0.00127722089678347,0.00370028291914738,0.000223230909673158,0.0660251019177525,0.00066091927506619,0.00220790375598943,0.00746132658174575,0.00846711641283711
55.75,0.00691033554097237,0.00337079832315941,0.00447188836283267,0.00659280697855243,0.00690290814246807,0.00363084418924254,0.00395656237614893,0.00244946502490443,0.00958033028518496,0.0129243404378533,0.000516616564232325,0.00862023500514279,0.0185006112345918,0.0056690946451604,0.000902156079930974,0.00166312521172481,0.000647791817647799,0.00308175293942587,0.0031201897620089,0.00143078389525279,0.000893118281507876,0.000325358667370016,0.0128027487514339,0.00274053662416253,0.000859655738889952,0.00183486352770115,0.00738785361259905,0.00214564507154963,0.000718700447263867,0.0060422326142798,0.00135179189998972,0.00502932831404495,0.00303222132236682,0.00483767642628045,0.00109908606007557,0.00353319364149945,0.00139931895132281,0.00376705179543841,0.0140603290898061,0.00236046301917142,0.00961111353275692,0.0126510827266852,0.00467209043534143,0.0017607332174742,7.03387471656674e-05,0.000112999034491873,0.00476845752558717,0.0090752180372059,0.0150910162901253,0.000694854348033378,0.000908341036125597,0.00298496830820465,0.0011598619631627,0.0198392683199435,0.00103056304258059,0.0143869626415937,0.00136028565592881,0.0142791652970695,0.00103256080983993,0.0254328249820906,0.0120603864386159,0.00660376983966042,0.00155765343522799,0.00157595248056077,0.00272675382564621
56,0.00827871453788398,0.0381814883823462,0.0231931091456219,0.00209234162331674,0.00203636201181285,0.00124628374404337,0.00180506474882783,0.000331847760948641,0.00728526820480464,0.00228340039418539,0.00398049970109364,0.0161581871064199,0.0114564701800807,0.0175517534486035,0.00249671061513623,0.00514702590153542,0.00117272174069195,0.00173899675065552,0.00644430198083735,0.0057242311593005,0.0023411059888916,0.00160991933634022,0.00217548215080074,0.000873311887445552,0.00307332720631899,0.000939640718751388,0.00357957371158657,0.00374155967535252,0.0123551148193401,0.00706743378402315,0.00081066254435532,0.0145271634379301,0.00190409878736355,0.000190180813071773,0.000938957504848521,0.00400807834827477,0.00118296443126353,5.39963168230088e-05,0.00347911798231583,0.0112723830138664,0.00217265905056127,0.00181832369216957,0.000254424130587931,0.000285102557314446,0.00312899915644423,0.0019142032191587,0.0313560292590036,0.0189143096361068,0.00981008235189202,3.98875380156833e-05,0.000489921226626256,3.82157223622755e-05,0.0108357690216105,0.0225913079751626,0.00493287277869396,0.0064716803823872,0.00448211246636413,0.0570031440662769,0.00478300676622839,0.0024363104788554,0.00765836966248829,0.0148059849929148,0.00436870279623246,0.00355804082057125,0.00200041471576786
56.25,0.008492008389907,0.00845518768453448,0.0028054818230267,0.00268117481009237,0.00318011667330371,0.000525713718076714,0.00129629880339987,0.00373360906691545,0.00164796050392219,0.00392428448620879,0.0160717460162715,0.00114614398840744,0.000288127232741263,0.000804817345350136,0.00439831910986625,0.00078679161622958,0.00131216526551383,0.00162669300900996,0.000757622765889811,0.00384049990920886,0.00216731549620935,0.00104220632163957,0.00310126340094649,0.00365690131694143,0.00264259527737765,0.00336641503510141,0.00299282591894158,0.000877290676044623,0.000184052780799762,0.000313988106676121,0.00307688229697939,0.000167106695005543,0.000525514453785502,0.00243755952995832,0.00133645175338131,7.95972999393993e-05,0.00265679256555056,0.00142062639417329,0.00193914513656773,0.00492945995858273,0.00442085725594825,0.000196163692675747,0.00337263452279565,0.0021719598381298,0.00363221800014889,0.000467193275290151,0.0103355295545131,0.00151565540094522,0.00566802251054445,0.00396134562389183,0.000774482931958404,0.00262711655630222,0.00580922993453326,7.64846312161369e-05,0.000825680080520135,0.00158900033169673,7.77295242616144e-05,0.0174900281120747,0.000463101995825902,0.00734927521924365,0.0032744962133234,0.00548273381146298,0.000434426832171626,0.00012243834315966,0.000159829854142651
56.5,0.0153703800405107,0.00308925293072663,0.0102941514076567,0.00480806654373622,0.0108712227301769,0.00213054679940316,0.00169111673316492,0.00556761389490802,0.00713605970114885,0.0066426178467108,0.00763726374045851,0.000287369699864615,0.00675975971617762,0.00185405445451897,0.00644699465033014,0.0128921760303342,0.00831663619963091,0.00706810839544129,0.00716816914944637,0.00416221825146519,0.00412611212229495,0.00154445351886251,6.9189192119837e-05,4.63448267534695e-06,0.00795377602566184,0.00340755407000212,0.00437270337165498,0.00184033211225806,0.0382909921240972,0.000167236785426127,0.00272032285233978,0.0131216440937935,0.000488340950504907,0.0036274083750288,0.00374841218538416,0.00167665864552359,0.00382357243062178,0.00304027467394939,0.0216096105951982,0.00433437763815561,0.0126860768285857,0.00534710978850229,9.67924755436495e-05,0.00842006864048945,0.00089695067684264,0.00262870612309923,0.00186615609170411,0.00193781475696496,0.00281557030331504,0.00422120481634999,0.000241452013492821,0.00200648564692768,0.0164362783641738,0.00226430746169456,0.0206366819771424,0.0036773998243551,0.00799092349329748,0.0146418217297952,0.0238793330840409,0.00354030949411986,0.070507931342794,0.0043028860992648,0.0105058804792021,0.00651387533746368,0.00142152664967887
56.75,0.00882868568235018,0.0396837071303466,0.000285814815826625,0.00460018492457742,0.00688471735020923,0.00244486754930793,0.00531169472436058,0.00192670836298039,0.00352791536961357,0.000499617719745841,0.00124063964655552,0.0307751776075029,0.00914980597377988,0.00145706318886496,0.000595832029738859,0.001490759126845,0.000888546867699049,0.00435830219343661,0.00129862903831339,0.00291749747608371,0.0127156367931192,0.00165243394837922,0.00430234060508173,0.00066125583666738,0.00390695353827266,0.019117455921545,0.0054006915951424,0.000789562976303981,0.00656050338083619,0.0200660686334685,0.013108793500275,0.00777286501573819,0.00238161473580855,0.0218044190588894,3.41897019939009e-05,0.000105966006877114,0.0012094697556374,7.89120564966452e-05,0.000730612640999858,0.0142548282331639,0.00677596220031322,0.000481291291447921,0.00591156031309016,0.0108091598880459,0.000851154570706822,0.00150948883499667,0.00653504976295807,0.0363897757276127,0.0204512021806872,0.00210186588908179,0.00935821486600862,0.00398214687981434,0.00213406075271908,0.0449352470618006,0.00520856586617684,0.00636207097512229,0.0210315737425229,0.028642937362113,0.00292629641875952,0.000934719707772124,0.00729108263879756,0.00181647097713058,0.000906622086028699,0.00135400193854147,0.00496448471166257
57,0.0142096297017403,0.00227006979554599,0.0001608801376323,0.00727885359873463,0.00295389775841826,0.00919218052037449,0.00805100334840717,0.00521494366278745,0.0224733990387014,0.00275566472832124,0.0128847130597107,0.0154734937420159,0.021392341522727,0.0432921864066658,0.0251614704397972,0.00399553656957724,0.0118596040134508,0.0153471435844385,0.00114482958490974,0.00344539154318265,0.0052172714872831,0.00620649318234267,0.0081811200973277,0.00173468912940588,0.00960622455397085,0.0336674149381997,0.0236373120575808,0.0179646313129034,0.000285210444047033,0.00326753320580449,0.0250704733989636,0.0120363065204648,0.00472020715980962,0.00988570337490777,0.00196982471806605,0.00684688115645967,0.0123364332578122,0.00103148601032051,0.00165954381460238,0.000294597561111775,0.00212415512182958,0.0134687990986949,0.00646713930464713,0.0105192104606072,0.00858968186855755,0.0124956854880178,0.00889973885154009,0.0183384734572538,0.0234147243424363,0.0103193699128185,0.0334487063879829,0.0199430991625805,0.00261735324795003,0.0241762085448148,0.00891577694876857,0.0576475343270548,0.0421425462045784,0.0412224572069958,0.00752890726213032,0.0142022726811203,0.0896964130725448,0.0152537253343604,0.0100382686102723,0.00202009752833939,0.00631832803422148
57.25,0.00771396399354603,0.00928331722569605,0.012274553912033,0.000336375370168497,0.00738757208364672,0.000138956499226043,0.0142838831786998,0.000531091045142907,0.00136503070302402,0.0040794186772198,0.00270494465351159,0.00723657654248728,0.0101831813285773,0.00218175056823937,0.00779237789221566,0.000798626137014441,0.0127398035879239,0.00103403262347236,0.00243979193245152,0.00422742299015838,0.000221971145584001,0.00478018173218937,0.00434684497866324,0.00448877554376518,0.00207915583069792,0.00570816572151159,0.0040087276304964,0.000665639038434058,0.00765295237113474,0.0121121550737908,0.00438469128218729,0.00598466997500348,0.00625313420675962,0.0116671592566577,0.00293805620981455,0.00380373625728311,0.00395212971776752,0.00633243927690733,0.0136583588913558,0.000776002355218198,0.00426566085424131,0.00694578107842544,0.0098966099484556,0.00118152964180333,0.00596170620904191,0.000231700960798826,0.00724350510278394,0.00446847280884314,0.000948476333749805,0.0101945043524463,0.00274744383958666,0.000235324753335573,0.00452616345334976,1.65686013499891e-05,0.00183976452146082,0.00245529786070043,0.0135010265746052,0.0165212309806376,0.00613530508110608,0.00413436403527892,0.0223815547735665,0.0036468989799761,0.00508830090165916,0.00145176607658841,0.000746473646624718
57.5,0.0068249002240752,0.0209004141284586,0.00995200744741036,0.000559666189244204,0.00408709742040614,0.00618985688052611,0.0010244014362797,0.00344448581850058,0.00181242917855938,7.47511484192328e-05,0.00118182920533536,0.000950058650348243,0.0214466290192729,0.020732603819362,0.00477252433447288,0.00716995537541337,0.00440140343559066,0.00974508926669145,0.00113401278650623,0.000380716853927737,0.00538888062400995,0.00601793731182267,0.00188148196804488,0.00153375708715384,0.00587907810133038,0.00681786934206821,0.000843677113939135,0.00903456797341401,0.00429884150070027,0.00182277928106744,0.00903849543025232,0.0100871507366026,0.0160958214978688,0.00434770639372561,0.00971701853012146,0.00864943473115931,0.000771450551038405,0.00263079346581437,0.000519840972148953,0.0188051774761254,0.00144934514353776,0.00110034603017969,3.84125541386347e-06,0.00192965245867139,0.00439823004639137,0.00168684326192731,0.00606135784855099,0.00327902042443379,0.0108653433587737,0.00959761759782938,0.00313453540924456,0.00178096613239311,0.0035097619039816,0.0156070706599498,0.00584873143776905,0.022109742983758,0.0134162314153606,0.00183269845192686,0.0118232149806238,0.00436213597112782,0.0215576231814383,0.00157691594011932,0.00186711665492037,0.00315355675202266,0.0122295310920484
57.75,0.0129720798907459,0.00251267518161634,0.00834588965110566,0.00173488480641255,0.00146120014505085,0.00415694594445418,0.00614973260936461,0.00689637885557402,0.00872521067913614,0.00654676763184686,0.0131269779324352,0.000188792231256015,0.00286186283215281,0.00289706332777201,0.000785647405224754,0.000756666275275088,0.0125387999466483,0.0133770369955057,0.00145178275169718,0.00900696544343122,0.00239214734009589,0.00484920899311852,0.0021751516207527,0.00945009581986162,0.00749831969250363,0.000752559274798021,5.42333069745198e-05,0.00136416280485292,0.0105354836092593,0.00205860959934195,0.00332337132849204,0.00246579073871681,0.00435315379282825,0.00258581579047447,0.00461206150326017,0.00993263563052153,0.0036199779759349,0.0107670438401091,0.00245056529443337,0.00895236775991228,0.00198453870284986,0.00331706464679293,0.00201220509952453,0.000102701123156488,0.0279000330124559,0.00699849624846894,0.019958263063206,0.00187294058985753,0.0179400887776646,0.00109663422777218,0.0171983973450222,0.00813410395424406,0.0168766229233936,0.00060934280630977,0.0196771198786694,0.00145016851706843,0.00572456972888997,0.0191883240607096,0.0184970640820174,0.00716700176491327,0.0097465880916496,0.0045774851547089,0.00120982022869575,0.00641345107691827,0.00342895313178141
58,0.0216962040055628,0.0142302648660936,0.00423589592675902,0.00176158010101193,0.00164634181106938,0.000304795082249797,0.00154321641455838,0.000902783700163221,0.00330307446666379,0.0204060005406534,0.00445628000395948,0.0186904676286546,0.00931527390524764,0.0279416660196748,0.00515109604505499,0.0135176570474685,0.00204479734854399,0.00251974631539148,0.00290829724945555,0.00130681271714752,0.000683971412598865,0.00183687714814181,0.000699624594925688,0.00100104527565192,0.00203421648712263,0.0179864571015547,0.00344775976419728,0.000497715222029418,0.00941969642869019,0.00222127941445401,0.00670756432717408,0.0129203367921424,0.00267287236508711,0.0049472154064107,0.00479598264657411,0.0121377149403466,0.00132711654126577,0.000567343939037509,0.00326343040526,0.00176846784644754,0.000304742674527693,0.00828647063776208,0.00299686949314949,0.00239106060034176,0.00254667669134732,0.00164883524133328,0.00408426161922674,0.0197179413238954,0.0020018152823392,0.0010955173805677,0.000705129415870637,0.0098772761995549,0.00621958094379154,0.0309396733957167,0.00565342974980633,0.0342171612915601,0.00568043791466967,0.0264022255031299,0.00421880529546712,0.0431632555153003,0.00145750662669926,0.0161211824542175,0.000817360496637781,0.00156146751763679,0.00296418490129723
58.25,0.00645879311388497,0.00403452074666539,0.00186504860170555,0.00633580868055052,0.0023987240634257,0.00482993551896299,0.00370519683115841,0.00239305321499434,0.00173216628415387,0.00745194397728453,0.00499100027246582,0.00169077737184149,0.00565811952150628,0.0012366363036185,0.00424170833173557,0.00845704879138876,0.00512043885257317,0.000754303636902803,0.00128649716202606,0.0171011646211599,0.0106008012491167,0.0081550499699778,0.00144843464722822,0.00083196430700386,0.00494309872807253,0.00546417933917578,0.00338741905118402,0.00138105246717415,0.0156686522120853,5.61654941575183e-05,0.0243786987288633,9.41761371630038e-05,0.000747462841386716,0.000530942081545074,0.000404862920546419,0.00106709518239469,8.06303036601425e-05,0.00237934288472721,9.51852109632541e-05,0.00200841226887359,0.00134535410006145,0.00435680272718902,0.000853930671150558,0.00130234040251703,0.00320626522347356,0.00477894732379632,0.000544931297814136,0.0219805080174907,0.00126420453549582,0.0050194443937288,0.00323103101117306,0.00214327640788762,0.00120652412281825,0.0333699369313982,0.00690945744390072,0.0142881798036525,0.0318454059143165,0.00626615888077855,0.00239817835862694,0.0122812727047902,0.0174874493739066,0.0075723121977356,0.000656213579566023,0.00903389738638623,0.00252106636739862
58.5,0.00692655003748015,0.00446211341855187,0.00717935977475544,0.00527011133436407,0.00100591395729122,0.000264917967537771,0.000137855767923047,0.00892636420789369,0.00903675672932575,0.00217412691734468,0.000381283828426037,0.00456596138939769,0.00163487967699746,0.0504221750521913,0.0184498178642255,0.00339070223500708,0.00886183557858451,0.00775155902907593,0.00515786699266135,0.000690804968782884,0.0121965038606904,0.00505457110904672,0.00262571821308374,0.0107881867663571,0.000177180201713433,0.00871044451048247,0.00397602779358392,0.0030848213937144,0.00397042679242328,0.00108391277923423,0.00865820691852853,0.0503538483109488,0.0095378395967888,0.0141931822513986,0.00748638957212186,0.00893249739905601,0.00366256950013718,0.000810713256382636,0.0111896395234983,0.00796726659471994,0.00700712232868132,0.000420546751904888,0.00244649326336661,0.00156410509797672,0.00230065082295893,0.00102973397467931,0.00195783108494698,0.00383444158645517,0.00159023206928178,0.000945790608634555,0.00146700685184794,0.00328117058498068,0.00340731679271263,0.00104629873129761,0.00415246367719244,0.0403633608212963,0.0264575593539727,0.0286191421714908,0.00821350715357495,0.00123159082761165,0.0324850367261761,0.0014250085112082,0.000232256712081884,0.00249150239857249,0.0130687752240402
58.75,0.00238513917026028,0.00483790114089188,0.000862170683549346,0.000956249412824583,0.00631258626852467,0.00863674143319386,0.000827588457791923,0.00181830804306473,0.00479603724340089,0.00666336832702525,0.00131013211476253,0.00512839228042137,0.0176812731170319,0.0151342603984875,0.00638174102002998,0.00159264433062679,0.000767660372941505,0.00373695533739446,0.0031623918771775,0.00159361027276975,0.0017796091111915,4.72257455082348e-05,0.00741346018092158,0.000751046475350718,0.00490697614198941,0.00218626805612236,0.00838380899155673,0.0116595223979101,0.00331641885343228,0.00354092425502231,0.00588364872711691,0.0168486692686259,0.000687834804776203,0.00122530614675111,0.0173963097977669,0.00818035105147237,0.00696715855877128,0.00278585197271505,0.00112406200184156,0.0160360061341345,7.42485131318338e-05,0.00626445980643922,0.0138681565722034,0.00457520388507984,0.00475524435116485,0.00528302150412502,0.000109055695935256,0.00366388990123271,0.0103824260231841,0.013972194976248,0.00605520465628415,0.0124029452745178,0.00179471683298325,0.00472067503456379,0.00694902476664149,0.0148810635685338,0.0100442933095445,0.00282151893390698,0.00807945486044444,0.00227446937309091,0.0425137401175962,0.000816924479731877,0.00605444325183242,0.000264257507332027,0.000632407255296635
59,0.049902545904414,2.6078757582892e-05,0.00669210722992382,0.00048600579447583,0.00446806464052181,0.00182440199532007,0.00140163765965733,0.0116974976628528,0.00846824757329468,0.0224153414546079,0.0241802232246008,0.00271218192382746,0.0238637801400784,0.0276882657019469,0.00982346207693762,0.0142684623905778,0.0176915936155084,0.011345631894418,0.00317405793883499,0.00463757066988176,0.00368388950980492,0.00321849567837643,0.00118682919173746,3.44804542448085e-05,0.00736994104080469,0.0103121866466245,0.000864757221834846,0.0123047938263946,0.0162420878922016,0.00560857281806576,0.00615579678623448,0.0277166182299609,0.00437386612531142,0.013489411590927,0.00659788511866611,0.000294625177098163,0.00543665772796543,0.0123362423313371,0.0350383482631288,0.00229875927737066,0.00902432785535221,0.00432487062019453,0.0029662251180719,0.00564962925047627,0.00021059417254241,0.00881638839661403,0.00650259111262328,0.000388516990070576,0.0177469362387273,0.00784898780521265,0.00330663228376625,0.00349913458659096,0.0152768748795267,0.00471588693830998,0.00601903520218646,0.0031586618772341,0.0152046851797505,0.00836671871358178,0.00689490372090352,0.00267852005752826,0.0112220502659904,0.00560233567829102,0.00220751170076508,0.00107504272267816,0.00454933919419742
59.25,0.00400702625747818,0.0129129384229581,0.011583453109383,0.00093538396498812,0.0179098895445019,0.0029684969884453,0.000472632535257036,0.0161589298205762,0.00195761394170397,0.010229911362486,0.0175670694190167,0.0106916600512219,0.0134340652048879,0.0218315302647666,0.00302576684710775,0.0312187563273829,0.00756134344545232,0.000728386204365365,0.0090793184142519,0.00167794332736314,0.0106518512463914,0.00104589172153103,0.00682395467128004,9.59513954364653e-05,0.00385963611143466,0.00295077872150075,0.00397679742764204,0.0118916765749733,0.00219744493240462,0.0194791396091455,0.00379219400585697,0.0380961388807129,0.0108793207715385,0.00103785819364314,0.00551108445857595,0.0063660323384575,0.00323207040616664,2.63758602774521e-06,0.00772170182752616,0.0212455216138928,0.00396796151841254,0.001617483734183,0.00381422366807038,0.000899525518386101,0.00349664787772469,0.0109654161539961,0.0137050438206567,0.0196863102394385,0.00185215476518088,0.00162285928253244,0.000504099480905698,0.00680585375047274,0.00644341514005153,0.00856296202148121,0.00739978789893081,0.00159228886965484,0.0007962571446796,0.0562325357905682,0.000349086762031884,0.0200534605589285,0.00876292531344011,0.023689032178011,0.00749832798181577,0.00212092966569468,0.00385630367736602
59.5,0.0201160594538621,0.00585578411642118,3.05684081700871e-05,0.0157298315932589,0.000556400635816851,0.000451656766362856,0.00220875376658484,0.00517593850087788,0.0184862672178466,0.00457534203725354,0.00211327667934782,0.0111208140764704,0.0156475718068731,0.0601946112998601,0.0234735606982659,0.00441892809647284,0.00986214612437954,0.00152115799286189,0.00192954108427688,0.00307473993405416,0.0217480100107351,0.00176344790389257,0.000855198819937484,0.00206347852305163,0.0137302990567238,0.0020440933756593,0.00333963819338241,0.0126677180054732,0.000402529805415326,0.0061924613811382,0.0105729304102753,0.0967925602456715,0.00466368328661235,0.0038470898026379,0.00108435531817603,0.00321353022242752,0.000666405768726936,0.000663056625371838,0.00643775860723831,0.00485773261387511,0.00190614140297842,0.00206625222743681,0.00397813891109645,0.00213799331894526,0.00754436131113502,0.00568019900299528,0.00110669831677028,0.00642053673038899,0.0614589837968889,0.00625181815214668,0.00836203580843108,0.00635939127104915,0.00473477404505899,0.0064401792627668,0.00327169524892705,0.0191764981939674,0.0176370244091677,0.0328468376016002,0.029590543213219,0.00611962813070841,0.134049634792547,0.00356871427653041,0.00428457525780551,0.0038710223947569,0.00887124810512147
59.75,0.0124730900821391,0.00508205052797205,0.00103238894193475,0.000109177865648214,0.000998761045414288,0.002958474376447,0.00386081326498806,0.00809942726092187,0.00703996846417389,0.000433695929073938,0.0108037566658753,0.000465263532938334,0.00584743446412967,0.0422415340066546,0.00304612041986601,0.01295288305647,0.00100034876522107,0.000776222316678095,0.00857033172147246,0.00193153510341257,0.00650274152712326,0.0036187409285456,0.0093773475015399,0.00995409800101507,0.00223657344155121,0.00108257072266004,0.00953264447588709,0.015646224892009,0.0349146289611691,0.0020344302139428,0.0358046463723844,0.0641766626482082,0.00216139055975893,0.00112612418451674,0.0082638814048366,0.00321674696454858,0.000921546214569222,0.000456924419866229,0.0164938521771451,0.0019441995190445,0.00619155323504511,0.000977192813143292,3.12993593990917e-05,0.0152607350622719,0.000136705667163959,0.00530947375765974,0.00895681231422547,0.000788621034099383,0.00364231125765058,0.000163724882990047,0.00944780993025182,0.0202208102920824,0.0150034576895921,0.00578899851180453,0.0308802295948613,0.0167866872324913,0.0174617700868344,0.0170662355924553,0.0130948431472833,0.00356789662031821,0.028893892887111,0.00177755915402971,0.00220505385392732,0.000936824387315534,0.00675104111347145
60,0.00598508891890956,0.00888646091518391,0.00144498190215941,0.0035622328038268,0.00711188862461291,0.00177237178885956,0.000114431531981838,0.0087860237937611,0.00100631621489887,0.00298723786345035,0.00914529294120211,0.0020208690469606,0.0387511670324813,0.00141700282157834,0.016757666876873,0.000311555690823213,0.00389838277245364,0.00132453152099564,0.00825278300060507,0.00174322931712683,0.000791421688943041,0.00594335147513649,0.00360476268211154,0.000921934879415176,0.00254855652651423,0.000937996518769118,0.00111659591184103,0.00816222051070401,0.00265151885580127,9.53355632066358e-05,0.00948772078085624,0.00707990176775132,0.000730696539679661,0.0176003155668415,0.00337946499828703,0.00379975339124897,0.00283258960360421,0.00354908043075315,0.00469706128040377,0.02060801834169,0.00252305934935593,0.0067541213713117,0.00108217055977189,0.0073438853985073,0.00739618170599497,0.00217611087875097,0.001649281818811,0.000235386776941257,0.00564626617108262,0.000440036965054343,0.000299562389898409,0.00152594500104044,0.00450492231349665,0.000651431558964984,0.0018763108191698,0.000218199558413306,0.00834055990444359,0.0176681366935923,0.00201373644699669,0.00683514844004706,0.00261934069802821,0.0018432165539426,0.000536039631505899,0.00565129494854409,0.00401961790976506
60.25,0.0521013195044546,0.0199243039956279,0.0117763400248822,0.00946220046646161,0.00174104077977855,0.0064291455548989,0.00957449519333847,0.0102396915931676,0.0160957619648467,0.00463807255386471,0.027826891923716,0.013076608606129,0.000182998419085567,0.00861074003887881,0.0185717255495556,0.0057304369669286,0.0311952348073891,0.00519306131566573,0.00109334675478006,0.0282056843039594,0.018727781734377,0.00067713743024041,0.0169983489365743,0.006214248547223,0.00486867686676811,0.00497020848060906,0.0158608393127903,0.00174415860750756,0.0248754138764202,0.00588552514111979,0.00657915317895513,0.0109388419636403,0.00162914543624012,0.0123695496442703,0.00352721771312065,0.000181167424604814,0.00966216293639836,0.00385340136196608,0.0306007627564228,0.0075643881978127,0.00438796408029704,0.00866790862031534,0.00545769216744044,0.00306849822725721,0.00962812785192104,0.00583024994961853,0.0263007745540599,0.0256863957051104,0.0138478404837964,0.0159632732262752,0.0125823650722925,0.00279402019442209,0.0306906033267238,0.0496884865398159,0.00758836222910727,0.0274892325152333,0.0202753855844513,0.0189868733275998,0.0151489219699887,0.00468291433120109,0.0470813479538857,0.00326866459965329,0.0054007553737459,0.00476093200009409,0.000850747272283673
60.5,0.00395574222517848,0.00126274459886158,0.00210399755932394,0.000930772715883192,0.00180510563750215,0.0102292909944835,0.00408770930994056,0.0119133200669046,0.00943315814038996,0.000406142781812425,0.0175575092142143,0.0115528474632877,0.0358694011971024,0.0185926992134398,0.0184800501360186,0.00785563299998231,0.00102770845295181,0.00212253622956042,9.98402001292892e-05,0.00768164826458167,0.000418209475322521,0.00153598813952123,0.000591086173443413,0.00959935159611978,0.0122165886688477,0.0116121294781755,0.0106583097769853,0.0178547471083154,0.00778148951515894,0.0144374835056769,0.0296177826088573,0.0117564558688485,0.00179822228245521,0.00459573818400195,0.00476369056594179,0.00200596133033058,0.00256603450673365,0.0172057034511579,0.00821333211335579,0.0010457910900741,0.00496416689427775,0.00644787742239966,0.00072271821765327,0.0104330730102899,0.0223591639332285,0.0148094298964269,0.00970409239127022,0.00737305682128912,0.000962495338431498,0.00716302507893112,0.0157985654149359,0.0024593760908239,0.0033328551270157,0.000623432668455597,0.0181533608336695,0.0465666197483224,0.0237143961956946,0.0332572142518852,0.0277204280794286,0.00711352483579808,0.0166742174319721,0.00777874892474527,0.00241488185191343,0.0192066856286372,0.000780234878066147
60.75,0.000799574984020601,0.0430104745556951,0.0018911015047131,0.0209181851494377,0.000571388975576717,0.00191297081996491,0.0112397617199557,0.0048261523755651,0.00508502445701749,0.0120159488024532,0.00506093341565444,0.060391398165695,0.00796981062544246,0.0723219173369633,0.0281289430512497,0.000838931557233057,0.00728845320318254,0.000881066074784585,0.00217006317679164,0.00126468785778537,0.00544594641560948,0.00159409735940746,0.000707331924038291,0.0019869299921609,0.0052671569317896,0.0546678096177837,0.00475402819478975,0.014094366189634,0.00109960615474809,0.011528370155974,0.0140463538044373,0.035147712974335,0.00426636323036031,0.0131174837236897,0.0047540099302482,0.000693683690997177,0.00899479292195447,0.00114500144215221,0.00024062651030197,0.0128271947722652,0.0087705902529246,0.0200578480670582,0.000248095027401059,0.000828567988469785,0.00617938995882434,0.00434706351484179,0.00940182618698711,0.035464057313745,0.0293203442925495,0.0210734116015102,0.00599614497331603,0.00511870435224714,0.00171180132125559,0.0493517392291508,0.00542435591851752,0.0189362676147114,0.081975637862001,0.0474867183382899,0.0417223742438932,0.0105425391783638,0.0402147253859199,0.0200941072472779,0.000549277047266563,0.00405268733256503,0.00149552865502869
61,0.0027935806710713,0.00131737660335554,0.00428085368991997,0.0073989748494548,0.00307046744744659,0.000547399034039105,0.00888994096040526,3.8205481213536e-05,0.00588224788629468,0.000762960753189427,0.000494567928311343,0.000674492040532819,0.0251533911505767,0.00110693296593135,0.00364634321198121,0.00214954828795922,0.00121707986073071,0.000147714279530173,0.000373966569196743,0.00712749415661223,0.00436316437639265,0.00135128314520176,0.00536231436774538,0.00351604361444453,0.000205395550750842,0.00329465474122413,0.00340457719844818,0.00133324403205811,0.0115111337572153,0.00240369423749658,0.0184682396404299,0.00252313027395232,0.000992218884909585,0.00118107343363161,0.00326049435320462,0.00266747360336193,0.00133050592486983,0.00234018709764536,0.00177253206622984,0.0165760878442286,0.00628471238795624,0.00092039804456423,0.00473568125508531,0.00472133339038057,0.00104005695154369,0.00543452605525876,4.18974286416902e-05,0.00157391739940993,0.00608663985207797,0.00152578002403427,0.00411262308894967,0.00057984323269657,0.00134709825788349,0.00379025215037964,0.00626693378378349,0.00312619915377619,0.012449454067041,0.00707901402846674,0.00191376296255902,0.00539729916066297,0.00198416379251547,0.00121636714920596,0.00133740087878535,0.00509981640534915,0.000411433413623512
61.25,0.0115707114476766,0.0103855451096451,0.0153320490441805,0.000669419786884813,0.00166922840620953,0.00290973031059322,0.00637279301946226,0.011388229180481,0.0194309675552472,0.0137248345949308,0.00333248639479283,0.00138183979077439,0.00192584907827864,0.00484510967886516,0.000102505066330486,0.00427166461464568,0.00725024229165505,0.0043081387741666,0.0103728402113397,0.00419276967164591,4.97564668523551e-05,0.00730501523169952,0.00848320905020561,0.0013444454629628,0.00385939470442165,0.0016441597250557,0.00304108494864827,0.00316717382992519,0.00199076528887752,0.0071848024973354,0.000727104711074373,0.00687869400263359,0.00556062253735501,0.000519894349994625,0.00638942904284223,0.00543763532039568,0.000238021745511998,0.00777180880275187,0.00506085670107622,0.000269815336116089,0.000288655664154906,0.00612794611874182,0.00687157010640713,0.00158051261582514,0.0010762740586907,0.0102735036757889,0.00746853802178078,0.000746686090685694,0.000190282214412673,0.00235071651629485,0.000318006325494981,0.0037407830401403,0.00513941889010312,0.0180618099160041,0.00103401734180379,0.00448595915411513,0.00525540769541192,0.0406550927286943,0.0187535920059117,0.013079458889615,0.0642992905611155,0.0167626389708592,0.00969161247771177,0.0142691509528324,0.00203132863771727
61.5,0.0342183689098519,0.0015101507332692,0.0235113483256585,0.00144561169256302,0.00171690017182112,0.00043550428915483,0.00556698350890629,0.00470266047420575,0.0120246440858563,0.00687703547876411,0.0153256655884703,0.00268413337017496,0.0103330684388626,1.46743579286813e-05,0.0109137277731909,0.00511339702647076,0.00913764803353699,0.0023890535498924,0.000721825302363294,0.00748124595005783,0.000759771076793413,0.0013528238258299,0.00146609525166126,0.00315773321687422,0.00454551623483009,0.00261313853476136,0.000989749504310694,0.0006835692294583,0.00624329469495591,0.000176946761389241,0.00186498556483667,0.00280379467073373,0.00184863401823063,0.00409736816720479,0.00318980126522123,0.00696851846974203,0.00226296477894993,0.00550007051561952,0.0216153441595243,0.00374571320683107,0.00255070337994252,0.00564235095831277,0.00546495815870511,0.00099155967208837,0.00049672714883051,0.0138308689958799,0.00562429325703474,0.00321199414550609,0.0192605390060485,0.00621241027531987,0.00724301313878025,0.000688357287405046,0.0110964141361295,0.00393850059848434,0.0107697543037516,0.00922709899884026,0.00596527520083713,0.000647270420947571,0.000451826423153578,0.00281334019740169,0.00169049961428277,0.00115282377625738,0.00821632608538492,0.000941315818956365,0.00151597127976704
61.75,0.00062354355524613,0.00111204458906867,0.0018723441324538,0.00147908282521697,0.0148620078789482,0.00170428931597976,0.00325792472296152,0.00360885952310467,0.00190420345087059,0.00962116373880569,0.000976413083866056,0.000799377710643359,0.00370614070283834,0.0139210445958383,0.00549211249051875,0.00519903043732952,0.00290336058442751,0.00744257895816067,0.00111172371365033,0.00431940224553995,0.00119350687815262,0.00419314352995761,0.0028578538303893,0.00140857026215762,0.000570009667958286,0.00111290502099569,0.00423972940021512,0.00355337227413481,0.00549026358960798,0.00309566337198898,0.00206661320619328,0.017672891118344,0.00133991635176247,0.00125340425313749,0.00560266359892776,0.00550473980321996,0.00132414702410445,0.00318973693563349,0.000441683543384877,0.00226567107227584,0.00339774399234584,0.00124444725789905,0.00176687365131316,0.00440834983740823,0.0025710565888174,0.00164969020730048,0.00136581998341288,0.000979571344842701,0.0244804155629557,0.00574183007706008,0.00361420398908379,0.00678346322454248,0.000701470945635737,0.00319419777796116,0.000812359306182446,0.0193998210910964,0.0158291677092421,0.0167886436492323,0.0147957353511557,0.00433186564247156,0.00509482199072909,0.00171762169411272,7.05057000175516e-05,0.0102529337754467,0.00010931482834165
62,0.0465448248002186,0.00782125230848116,0.0129560128883115,0.00527556222703743,0.00253224094926817,0.0241062103365667,0.000173441992915129,0.00670366171781275,0.0029778616416465,0.00754298766240583,0.00646884118790929,0.00208914933884942,0.00137286840151902,0.0259991193904442,0.00510952850058504,0.00552242628652488,0.0214491830290646,0.000663155668962897,1.68566318327367e-05,0.00624562518083757,0.00465185266658987,0.00132812536731782,0.00450375635105687,0.000645233095778131,0.00498529474727487,0.0156353640592553,0.000362393344041739,0.0210066144882928,0.00394406386556356,0.00285508607906921,0.00421085872326237,0.0128109764349594,0.0302729595843008,0.00292012622927178,0.00339362293632374,0.0013240343460693,0.00114082681472929,0.00586464423392546,0.034588116338522,0.00748276387773851,0.017557024764652,0.00337466675257168,0.000985296978046974,0.00225295987129083,0.00334344650290991,0.0109299986499055,0.0138152932709691,0.00925322191346232,0.00125994403034957,0.0179220182316961,0.000480847976896998,0.00539742694802201,0.0164767259161431,0.013838561827254,0.00649980332609308,0.0275833617276464,0.00920374485417,0.00911839295550099,0.000226635685839549,0.00150840057797216,0.00751222480464066,0.00132154235709792,0.00240916518514992,0.00298604477784639,0.00270898961605696
62.25,0.00062625806958697,0.0079099667979362,0.00382064040198916,0.00194019126265028,0.00148752867001357,0.00118986814702562,0.00515016156055579,0.000939795034500296,0.010758612354896,0.0127791362971195,0.00177122236898935,0.00155684551630809,0.00519268025322397,0.0108077924815527,0.000364107240973127,0.00437160615353504,0.000588242890520958,0.00246921476389953,0.00180495836831426,0.00388258666269232,0.0054988164635822,0.00137823463858081,0.00171736145944116,0.00125180004445945,0.00896126289940375,0.00122489920545265,8.65717629728029e-05,0.00221764684421503,0.00682794837549236,0.00436590776887487,0.000824475354694743,0.00635649883438917,0.000661877360635841,0.00223676246162139,0.00020868606270994,0.00602311830854615,0.00269028968047378,0.00472809072652861,0.0054335342978997,0.0132543784054449,0.00162761206216572,0.00114225945051551,0.00107136158860377,0.000893539601801503,0.0100855024469633,0.00234257091114604,0.00503720547832399,0.00381495915107544,0.00102034592787663,0.00323402192509016,0.00355446369527881,0.00602947254731608,0.000982519684209694,0.0030542164187999,0.0152843639827659,0.00105059995808169,0.00598513632834146,0.0257104221561476,0.0121571969981561,0.0107621601902162,0.00337078225727807,0.00739392164447611,0.00134474091117502,0.023634365214679,0.0012792666709141
62.5,0.00618714312100682,0.0172772419985184,0.00699540814343082,0.011875877490293,0.000172932509301356,0.00124943268354401,0.00349345393921991,0.018326038289645,0.0156333930810387,0.00940610804199253,0.00528600705288082,0.00438831573706647,0.0351687778980341,0.0357512764352386,0.00222277406042487,0.0126543369325396,0.00682395042363217,0.00670711576414732,2.34227074515154e-05,0.000632380054863047,0.000543152226658779,0.00233140517615536,3.34049346953875e-05,0.00384243636386149,0.0144753075652216,0.00165158640112436,0.00190139977238636,0.0180279711586366,0.00326615781807384,0.00336360554181588,0.00173882284739564,0.0220238275367479,0.000494913474239423,0.000706285779227305,0.00389518445675304,0.000612243567149797,0.00196803619283078,0.0134494038941204,0.00549366749943259,0.0390131375366577,0.00275659526525752,0.00172659286988054,0.0023636649583036,0.00239261923542412,0.00420933991175211,0.0286604530666295,0.0130180322096411,0.0105465659606962,0.00513070518723211,0.000998524958823238,0.000786174464865541,0.00469100849147631,0.00638382384341667,0.0368133694480258,0.00848151254567256,0.00606038542965984,0.00161215136363243,0.0499827093723859,0.0146206025337182,0.0156738611688344,0.025642641210571,0.0013955987284731,0.00171454129415737,0.00273131131762941,0.00113933903836387
62.75,0.00268129205955321,0.0139864014846263,0.00389858081086277,0.011597468206156,0.00233691950859846,0.0132561552882439,0.000175968289360189,0.00790329540130662,0.00270385878413514,0.00149906142667582,0.0158841797445488,0.00717688510120131,0.0275393062396044,0.00920633075746467,0.0117457694356779,0.0138427266453875,0.00632991930549753,0.00427748973697492,0.0203866693967945,0.000971201050113297,0.00110899875934079,0.0108705596604573,0.00269708908672105,0.016982872671188,0.0171010853322676,0.011391413243604,0.00410098952892243,0.00587336347173075,0.0420005992894237,0.00630462186964699,0.0272840721479419,0.0148322983098008,0.000843884523455335,0.0107195404853713,0.00598535953270474,0.0137232219279709,0.000639353374131547,0.0024430102834298,0.0151506856961186,0.00147153065198691,0.000318074038481013,0.00649665326016428,0.00356466462525688,0.0029477113793061,0.00126983140245063,0.0091525461901608,0.0147524533731653,0.00591786590192702,0.0314087976569598,0.00924084308306797,0.00438204567768365,0.00792059743513372,0.0116461924521154,0.00755266236268173,0.024178734155461,0.011303797736235,0.0085520229886498,0.0171506165778043,0.00120866599160583,0.0130866535991511,0.00162421574751047,0.000417528685670465,0.00303197942793838,0.00522677802230289,0.00758843401418933
63,0.001085921453896,0.00322986624088234,0.00250381160417705,0.000593543906571608,0.000756621106492052,0.000529759956048024,0.00252178017910738,0.00302921950874561,0.0138740868668505,0.00291800796584593,0.0115289345941761,0.00209255855128004,0.0142975967225424,0.00499046539129836,0.00816807599819945,0.00136052910815052,0.00100871269865357,0.000591303611736805,0.00276293303473309,0.00470163770505263,0.00125061285281335,0.00122325520939778,0.00111390927359129,5.9667949038177e-05,0.00871523372529148,0.0022670310189951,0.0093045799447261,0.00139755147590545,0.016908698019698,0.0067469987045307,0.00279709578277405,0.00485286263342771,0.000295477922424752,0.00978726232208546,0.00322948218098822,0.00247694922612397,0.00532120448413661,0.00426009010057373,0.00694070000201106,0.00786361567769786,0.000332613045200371,0.000390060401808631,0.00368941929043053,0.000744330579173125,0.00224825236533371,0.00380348015884723,0.0056254081548925,0.000437542530923335,0.0222940548831142,0.00530293302551269,0.000620705297972829,0.00161122249449693,0.0049534924912593,0.00501189919923755,0.00749079758525676,0.000193797540856257,0.00338223502530566,0.0203373869153283,0.0217662605658914,0.00120920248850144,0.037502774959643,0.00174149832855466,0.000275045479198421,0.000840105408211908,0.00182567102383621
63.25,0.00918403833856637,0.005723798886182,0.000818867471291571,0.000995971153331344,0.00782604368927831,0.00454997533698819,0.00435150095540063,0.000619240972469889,0.00105361386867941,0.000794961972682688,0.00443481713424914,0.00991000059406691,0.000487329629660162,0.00366159601252585,5.48035855658922e-06,0.0109998947215837,0.00489885786411839,0.00468685318603875,0.00232576488750932,0.00748434235150756,0.000215610469414194,0.00806095206563535,0.0064596365002676,0.000522573374136002,0.00235604250808876,0.00558419263418626,0.00992136168595939,0.000463020328496755,0.00110692944282016,0.014332894265769,0.000804085389113838,0.00446155443549323,0.00192275768722228,0.00651404223954259,0.0120344188723329,0.00205840265715329,0.00568455061577073,0.006777264150671,0.00175195355778422,0.00415510270698141,0.00812172211331178,0.0007737622056925,0.00866811034897793,0.000367390456595013,0.00814346733611061,0.00848364033855181,0.00398507542318288,0.00285953229585601,0.0062711025090755,2.41758591532232e-05,0.000910221749293416,0.00166822958424683,0.00409113381033845,0.00147493007596411,0.00676656852188106,0.00560789510413619,0.00968579838152537,0.0162539251885486,0.000632789147308551,0.000528625623189987,0.00253725766508666,0.00571640949210987,0.00803942687467315,0.000922932931424436,0.00175670703951094
63.5,0.00244401133915488,0.00114912058794566,0.00271250650521965,0.000552613474583756,0.00677831068130469,0.00441014862645445,0.00189214033207053,0.0186877157007668,0.00268592377393895,0.00524385419922799,0.000964331829580772,0.0184065685271872,0.00570674681247184,0.0220295297580763,0.0055950414650949,0.00371788581446873,0.00804614949258861,0.00183412070115767,0.000745052682913429,0.00212522605449765,0.0017106690839629,0.00400143620315582,0.0010820784485888,0.00152475763395622,0.00495207347892962,0.000704238004804874,0.00125440999936285,0.00269059653754535,0.00228914125862355,0.00473830974261308,0.00348446424250078,0.010703213007081,0.00279782663408209,0.00388362935754054,0.000142770241812765,0.00288333605991838,0.00348567222026207,0.00486616301944362,0.00436106745925084,0.00870963103927852,3.45555721940473e-05,0.000269535745249665,2.45035503664728e-05,0.0102519396433757,0.00343382239685332,0.00324950620596277,0.00432286778073952,0.00406596942552431,0.0082674419356607,0.0049575805979661,0.00156036724903432,0.00783469358488183,0.0068372941181136,0.00363782392497301,0.00425510814687045,0.0194084797318269,0.0229206511438072,0.0360217325525967,0.000865947623465784,0.0206331093123799,0.0203886665954076,0.0122342819666639,0.00167727134640425,0.000462588612856329,0.000526430301021886
63.75,0.00684060643170853,0.00275915043922597,0.0135713883835088,0.00388003823103969,0.00634119231035807,0.00786744233902445,0.00274539527200369,0.00348044455714376,0.0359682752584512,0.0153190792997174,0.00142443110343579,0.000422154547126859,0.00931733801008732,0.0148989209782358,0.0166795872152445,0.0180448065647556,0.00241865567234139,0.0047445581258523,0.00906703462331565,0.000652899926989709,0.00165674982035144,0.000654189272262842,0.00610797100067698,0.00485326981467742,0.00212264651930585,0.00429728706509834,0.00205872505685084,0.000161489394700126,0.0040060577510537,0.00270068006993508,0.00311626010426446,0.0113570531830419,0.00353481943118139,0.000524232751574385,0.0128622059301488,0.000105093175042727,0.000238226630192753,7.52950050943718e-05,0.00259242721407059,0.00311117023079687,0.000818820215059391,0.00161827942206251,0.000821331665716966,0.000365951136028847,0.00977219640943534,0.00856224934738646,0.00850875264731781,0.000407741260302348,0.00981190206226583,0.0194922373556019,0.0133012625938563,0.000857534187590536,0.000216907711806926,0.00850452896400322,0.00492441349636821,0.000952372150465086,0.011261414184802,0.0284818826648099,0.0500562604334053,0.0098018353511637,0.108101375456201,0.0149219971387557,0.00480907120518732,0.00256373704311055,0.00241910887062009
64,0.00570409498567677,0.00104231463972272,0.00132515274889924,0.00116770106758962,0.0137277073380987,0.000940305305007017,0.0162329763552836,0.00324638223484487,0.0171554734868966,0.00219261350875193,0.00710946955704213,0.00564958684796394,0.00106557707255666,0.0149920356335754,0.00388645775114231,0.0136544155025475,0.000264411978657747,0.00664598925404665,0.0011833957102707,0.00123678341459752,0.00706453953126531,0.00512249665176934,3.68316607950315e-05,0.00134770939196548,0.00263864997628602,0.00500390842869379,0.00538984716262786,0.010090729757058,0.00128097189648076,0.000862401832222202,0.00172835165824195,0.0105052922104393,0.000964836005961626,0.00773913192887203,0.000645008004129959,0.000517914906085219,0.012529808365076,0.00283497480180418,0.00202624544326802,0.0051746713897719,0.000404635527078271,0.00508012231797821,0.00180668681818337,0.00304528441849161,0.00321195975668705,0.00492721169161288,0.00277349270270511,0.00743562520007334,0.00108670487007075,0.00336216253649758,0.00325664053683508,0.00790751731705535,0.00329521432822333,0.000387283283213692,0.0040117870581355,0.00633798298729262,0.0150013647420058,0.0107306169932492,0.0175638730296233,0.0135853313635182,0.012098401171074,0.00819756096300657,0.00207780608347686,0.00175204243255723,0.00293763627964852
64.25,0.00351690809035085,0.00368217490354155,0.0280792379861719,0.00254221010194922,0.00555466837773047,0.00365813212621718,0.00391602684272446,0.00148781734813284,0.00108586307763213,0.00427958633843896,0.000403046305473579,0.000418792538803288,0.000777601289800981,0.00532553192109732,0.00326273327104807,0.00404393783136594,0.00802690362097056,0.00620140548814646,0.00670530550246485,0.00764211759270848,0.00114676364979734,0.00352508655850816,0.00212045326650625,0.00373405783631931,0.00214256412954628,0.000491373910451169,0.00857648809473974,0.00833458699137365,0.009286408737444,0.000690859044481584,0.000484777239115821,0.0129041040812713,0.00667769036656658,0.00938745975386049,0.00272077601028533,0.00199224517912842,0.00166943896921499,0.00211025762747661,0.0152347577769755,0.00457762894039683,0.00659123983188427,0.00231253851909501,0.00585031268581592,0.00659093317874141,0.00431032944027429,0.00596084777675239,0.00292902892372082,0.0025982612820093,0.00352172914505418,0.000496676982374395,0.00559809124768814,0.00744009745310214,0.0114866898830153,0.0012883223823531,0.00416097847100826,0.0112931695842718,0.00121973241155057,0.0201947236898461,0.000662663867054254,0.00013409467882581,0.016147577302213,0.00268069509056,0.00334261649106074,0.00544242035298887,0.000802534362657333
64.5,0.00118701179701806,0.00116135192788895,0.00192003782558575,0.000308264832287179,0.00188842542968919,0.00876902924756367,0.00520370575989508,7.71488855247034e-05,0.00216868814527915,0.00345498072029061,0.00779422186158301,3.48766947009718e-05,0.0146436732051737,0.014708364276148,0.00174603272762713,0.0121963998708301,0.000958304641463303,0.000979187777824658,0.00241836701311316,0.00354678457807921,4.55142685146989e-06,0.00585769363929678,0.000973570624554872,0.00189126281544555,0.00383795251818051,0.00201404756747173,0.00535376577067671,0.00212470775123109,0.00313558613835263,0.00884461716385293,0.00514829108150752,0.0110570207462921,0.00119823339781871,0.00193068062993212,0.000339434266235484,0.00154369105485965,0.00223593291609332,0.002337984564459,0.000661733824200232,0.00127521014877782,0.00146535666563167,0.000544450313890126,0.00301595332041308,0.00681730576059074,0.00740830861567737,0.00664320335411107,0.000969138632006882,0.00216361317730929,0.0100679296826698,0.00453148168983579,0.00225726149374847,0.00023667864082214,0.000206796354615256,0.00700385974934743,0.00602634794463337,0.0059303911189364,0.00415312372188277,0.0983762208447369,0.00868526620402376,0.0236805300636904,0.0402278717776355,0.030976383504176,0.00416631611647718,4.55492570701177e-05,0.000299105049081164
64.75,0.0392252381725095,0.00719102725747303,0.00886516366774168,0.00392025473475531,0.0114040714856024,0.00546237663407668,0.00130028519635361,0.0275746685821047,8.64811286605466e-05,0.00780434260473017,0.0295995951398231,0.00776345870876107,0.0036556440709998,0.0069586242938376,0.00027741169449525,0.0121881308627705,0.0223573764330196,0.00084749499590889,0.00619552893579785,0.00663417077782202,0.000241232024202881,0.00209793664642086,0.000586592367386424,0.00451799379928253,0.0167611025995832,0.00360380941610797,0.000391584698550597,0.00642136581845104,0.0208635960085594,0.00480196868087834,0.000542767260596004,0.00358888434335379,0.00555868850525444,0.00244895376253122,4.38573483603139e-05,0.00961251293064905,0.00674680641686895,0.0096201665384733,0.00738233875470173,0.000820813530567647,0.00703680029126588,0.00114736493577975,0.00683744613687427,0.0255884648756231,0.00664046464285583,0.00314378307852166,0.0193544913691898,0.00717849785563927,0.0471087919024703,0.0108217652674035,0.00267532796797967,0.0223359665057563,0.0345501751824292,0.0136446415262034,0.00558176142051843,0.00210817591363616,0.00454943017956259,0.0470227347695024,0.00116314135490353,0.00612922211960109,0.0221276136430894,0.00822355451855582,0.00909689039777332,0.0222780202576952,0.00187810040684677
65,0.0105477914178719,0.000247971287744996,0.000331121266910787,0.00198360106252813,0.0024030813800488,0.00838253943527178,0.004972150414816,0.00112297986897207,0.0019811306376888,0.00876758030032841,0.0146740272932864,0.00237514353246476,0.000734520922262697,0.0151554489291852,0.0129339689250877,0.00186659253601588,0.00208065522158415,0.00179540190661172,0.000924131629259192,0.00269657710478405,0.000160448213638862,0.00610585919838321,0.00144412343448475,0.00378171519798458,0.00168900212151962,0.00694383557481614,0.0014410317094829,0.00407773427273674,0.0264671744107108,0.00393136808634159,0.00183528816980041,0.0117255416578227,0.00594414798993378,0.00153219693653055,0.00133544156345563,7.14888944032362e-05,0.00987304601312814,0.000668807717764299,0.000160950194601567,0.00350428021717242,0.0104920377276797,0.0121993738515919,0.00850105509705076,0.000872282226391517,0.0134051201126986,0.00158746121306062,0.00488811352523531,0.0061532491716172,0.00360236813586175,0.00392710725783174,0.00386198432675607,0.0036110295542723,0.00887654857503153,0.00697063347970945,0.0072238199027826,0.00568201957509309,0.00205754969557401,0.00403889633765365,0.000991643745070901,0.000472882819538793,0.0114138507525523,0.00270138449705485,0.00891840353318672,0.00837087154547306,0.00159412932289557
65.25,0.00103563649248542,0.00972377931496056,0.0116368643770352,0.00156304763939348,0.00359005334263569,0.00420808699915051,0.000806221528952899,0.00388953331534059,0.00194230273190805,6.0520876501452e-05,0.014758945981809,0.0203001941569656,0.075362481658295,0.0122588943849421,0.00330130372563154,0.00321457695325298,0.00429624541580685,0.00422574542034537,0.00561091836873605,0.00204658118911942,0.00188455911105703,0.00908645452277231,0.00140413728259034,0.0010646971384182,0.0158203079531388,0.0113214197975912,0.00151653546919999,0.00156375418122993,0.0117941570237827,0.00831333714099206,0.0098478523503898,0.0129432645043144,0.0057891688058044,0.00455810731488601,0.00238321283546901,0.000422870794355855,0.00636650645632368,0.00588988113258759,0.00251378975871333,0.0139627698383866,0.00215479034964167,0.000861044142149445,0.00150444308404629,0.00424137149802286,5.72016329950763e-05,0.00078953011752644,0.0144361615338303,0.0153470351597873,0.00184513936282248,0.00522433238559381,0.000384563224089916,0.00114002317649734,0.00597602654293728,0.00506157268280175,0.00410689520405983,0.0262005201077281,0.00132510143191574,0.00132560273588509,0.00153263595239099,0.003711368844164,0.00298179354626594,0.000525946445012329,0.00030686883589129,0.000788220814011466,0.00411346639147007
65.5,0.0153054007506092,0.00216027748613669,0.00345497425924935,0.00765466054249454,0.00212663746846631,0.00719114590169806,0.00350867955123361,0.00185417044877989,0.0283695972004509,0.0070023861441877,0.00911393259607842,0.00577864280736448,0.045229202868475,0.00970097118373242,0.0129932091111482,0.00143299602916868,0.00677477827456714,0.0057784906912723,0.00579543856343321,0.00210728395613718,0.00753700395577742,0.0117753142954733,0.00487718617087046,0.00168923312885145,0.00987023069800148,0.00390083295225979,0.0107834600692449,0.00344393004498018,0.0625279039806726,0.000314198400831126,0.019287307695345,0.00878472430728274,0.0036309892323083,0.00222787614226848,0.00813400945259973,0.00589173820695011,0.00261855826219845,0.00302611708539661,0.00295956474542535,0.00343321342295347,0.000829089468286246,0.00177906800873048,0.00144915091994122,0.00286313188219098,0.0159300454602288,0.0138994901335484,0.000650493126876089,0.0117849852138867,0.0334471284073723,0.0112529543910968,0.0127713267426872,0.00954779343719466,0.00432072242035283,0.00473050936748071,0.00931275717544414,0.00354461532896535,0.00350935533409438,0.00654185434276604,0.00640056445921165,0.0119867840050198,0.00599516119573765,0.00312381965561706,0.00263710471003495,0.00960941137184265,0.00854060657446017
65.75,0.00637729511884475,0.000569182351578895,0.00289417201171499,0.00043562399062807,0.0014571842616931,0.00326743797497006,0.00100825310967507,0.0121036753670522,0.000667402946729982,0.00533928429422914,0.0230867716630552,0.00572160309304474,0.0404612469315076,0.019117280673601,0.0140683817993872,0.0207074521687443,0.00284810868980863,0.00327939440238427,0.000561040105036397,0.000351586012218938,0.00689796161242722,0.00566838945656333,0.00171223916288777,0.00184380089118764,0.00449227178592972,0.00601397849564736,0.0140020328417374,0.0103661763438702,0.0240947333022955,0.00467459247795419,0.0367781235561012,0.0128164234252038,0.000413869185447404,0.000773674112648576,0.00357049611411659,0.00736330957005297,0.0014778996790745,0.00576551542439729,0.0012445880700046,0.00383693795020745,0.000712639816639566,0.0108413456919384,0.00034825587593151,0.00729192619105579,0.000297535799859223,0.0169442516657653,0.00294146846988076,0.00114266079336727,0.00116826040082227,0.00672811117243253,0.00948930062663968,0.00943719618220321,0.00357540260427569,0.00206609636755179,0.0112606880194491,0.0036826790366456,0.0422691933779547,0.0464511178926295,0.010069759072395,0.02042546163844,0.00190609814667114,0.0169197703242799,0.00596772301568427,0.00120218579637769,0.00285818564587594
66,0.0110798244616871,0.00882542515325162,0.00657142318451581,0.00130817826438916,0.00121084205918346,0.00352252273983976,0.0119381536619972,0.00503662176844842,0.00506024932233468,0.0281537520360421,0.0312257846472437,0.0196626767561104,0.00203290664239437,0.0133071402973934,0.00249865268112386,0.0137407958682907,0.0107750732352364,0.009073825534659,0.000490309920909614,0.000788301600680665,0.0056352338139389,0.00396997250688612,0.00258971206209299,0.00554120041277213,0.00570203998236465,0.00944802829136067,0.00206251736188513,0.0203183885183214,0.00187619927550504,0.00101164128023132,0.00123762260798966,0.0112488364128551,0.00934345057267742,0.00926167604950697,0.000951529394481993,0.000160581929614273,0.00230739959421449,0.0112916056345621,0.0136369692021751,0.011298608232743,0.00970915235173114,0.00717429036634199,0.000204759070766,0.00393201807025889,0.00748415237600356,0.0215888348790806,0.00765630245642141,0.0055337729251705,0.0068631750635722,0.00115367017062321,0.00629729959109621,0.0302113735450598,0.0141643732180838,0.00902475248135285,0.00769982043360356,0.00543399607383491,0.00738396549897804,0.0444727366932967,0.0134594574679732,0.0268263198517293,0.000553995062966155,0.0245807628669758,0.00133012113863289,0.00105706085241559,0.00257592655661477
66.25,0.00174068413892802,0.0126615255835528,0.00518114811214996,0.00167903145564451,0.00262503469829276,0.00592158555471379,0.000217818177369179,0.00151043420484848,0.00244541095634043,0.000388946536683681,0.00705924329273256,0.000850199726582127,0.0259393704562255,0.0118493458377965,0.00186010209562774,0.000391258538830458,0.00583726777623769,0.00358057784387466,0.000344477061839419,0.00327865762265957,0.00086306134800241,0.00461919992720399,0.0167667242814222,0.0044952300266771,0.00275207557544717,0.000255287703241988,0.00605161365762744,0.0175475129069786,0.00276086262563834,0.00356144091962317,0.0125954552910334,0.0124980611244032,0.00146948029477421,0.0011553671543983,0.00355211936550783,0.000543472960048118,0.00112081720584443,0.0121390603020465,0.00238399795360159,0.000384444210012742,0.00460561727036782,0.00136437702713969,0.000529152259778931,0.00477329421074752,0.00208195576514508,0.0106068711795902,0.000168472346810024,0.000779635571609964,0.00494436723334907,0.00407809115405469,0.00155758889753391,0.00684025700218614,0.00211904698056002,0.000619522395030026,0.0020137563719443,0.000676776822183076,0.0179989955698936,0.049549883824227,0.00132156873148811,0.0114793874892157,0.00164056329215662,0.00721046256640566,0.00124354544941029,0.00400443328945616,0.00328716938281212
66.5,0.00921208925396633,0.0504172348050626,0.00463069047442446,0.0029406947389805,0.021835900746144,0.00518662033054616,0.000636149860319546,6.02372842663386e-07,0.00773017911366963,0.00903683693869726,0.0133473773245328,0.0114319791852405,0.0396395286665897,0.0105353287359945,0.0101777921905237,0.00223384113028185,0.00813228340008436,0.00138864967421435,7.56873560213517e-06,0.0008181597244867,0.00739913991142647,0.00268788308672347,0.00386323767602236,0.00458996465326675,0.00801016692594064,0.00114951427316085,0.0186198141812738,0.00408038058856029,0.00751441924337461,0.00550101851611637,0.0133658363950664,0.0117095368085833,0.00115815354176503,0.00517986608991064,0.00475920108279214,0.0122906025201286,0.000870879634582136,0.00359290740128273,0.000769949659078706,0.0379005849720503,0.00010076718196253,3.13940705812796e-05,0.00713605386743896,0.00250686181375771,0.000402727815247944,0.00627280852842572,0.000727951698536978,0.0117487323689168,0.00449212089851705,0.0042801693374113,0.0107380694004614,0.0014313412112628,0.00517859006376391,0.022941060908578,0.0057599662994945,0.00469262506443559,0.0106313825586229,0.0125248572010012,0.0116860109751152,0.00349079493343226,0.0178193516788153,0.00474855102858373,0.00722464194988318,0.00454398650168041,0.00357309377014621
66.75,0.0112969758019458,0.00228284247817261,0.0020556331462672,0.00306356233986842,0.000728804710310265,0.00281103700423792,0.00329792598122907,0.010254927727127,0.00770072282484271,0.00271374350722839,0.00485802541555271,0.0120477086150616,0.00195208562429512,0.0053188598976667,0.00509002321520352,0.0286348696770014,0.0179258833957661,0.0124009193644179,0.000867994724909413,9.43563394423029e-05,0.0164519006411463,0.00550924264621309,0.0103400351178094,0.00908374567083419,0.00346717005092648,0.00190623251792511,0.00184966772756648,0.00269977253732066,0.000694171362842873,0.00731430637664452,0.00649911129631475,0.0113505938344604,0.00415239239563729,0.00643046406068939,0.0113673324976516,0.0011722560414899,0.000641197633512016,0.0105266868937169,0.00306910161081134,0.00889196783921844,0.00704161904215636,0.00294121885659695,0.00568785939988791,0.000454569820449554,0.00308694861326157,0.00594518719354941,0.00310683230218738,0.00588749488600708,0.00519073493146554,0.00109366906804258,0.0105391313823103,0.017704505474466,0.0033963351478441,0.00610213386789667,0.00931299462682032,0.00449416626578351,0.0134239360833668,0.0316031541887823,0.00710407383121852,0.0132063661409628,0.00609219396192562,0.019741774416872,1.00355725324891e-05,0.00852917280067751,0.00926937798583773
67,0.000154954335119014,0.0028605716373918,0.00511475826236578,0.00342187407497045,0.00381619995981505,0.00821766827312102,0.000283583365573131,0.00519436881335842,0.00652001162859615,0.0175543070302435,0.00378073915641478,0.00301587836928817,0.00197434933179289,0.00758210910385986,0.00831870417696527,0.000611379076295557,0.0128871806257368,0.00189542747209565,0.00758672588794304,0.000156789091706533,0.00234538916499165,0.00296820632657927,0.00314345232555308,0.0014336207678266,0.00226651739655507,0.00220065646925215,0.00804835723596099,0.00168556335106397,0.00157416433241601,0.00128740661000307,0.0104291263200635,0.00345886379478792,0.00224457006645656,0.00153968898656185,0.0007417251428006,0.000222870704669859,9.24170695008551e-05,0.00320291560690635,0.00517131281468114,0.00938761776641386,0.00234378080975978,0.00861696318872976,0.00183776474654305,0.000365661794555776,0.000470892130832429,3.21398216209642e-05,0.00799948035514434,0.0124653479597447,6.6129810946855e-05,0.00087805537131779,0.00205720790732543,0.00119642392923506,0.00665043456195037,0.00271797878411241,0.00171141184327428,0.00271255266286669,0.00295123266901348,0.0245472143054632,0.000834234655134312,0.0148285947894631,0.0107896413304234,0.0166011854627676,0.00033577245699546,0.000841925656485953,0.00302814045561123
67.25,0.00967685567637399,0.00547115251509791,0.00677713391350415,0.00317706627977719,0.000228536500489304,0.00280393356929125,0.0109371148984387,0.00658005790770851,0.00038838308662543,0.000671715365770633,0.00907703968288507,0.00805061992526047,0.000773089029080535,0.0526237978662436,0.00463262563864978,0.00623939948519541,0.00425842956760573,0.00318728864058264,0.0026720285057898,0.00829857025349541,0.000192346092058949,0.00320365731263738,0.00134127906742552,0.00188587545451039,0.00282840160791264,0.00919353977745921,0.00120627146974343,0.0114738744450957,0.000630939111840073,0.00199230284391994,0.000797761752223048,0.0280386050187647,9.17233169474521e-05,0.00461849724024093,0.00181208564506981,0.00636257126095538,0.00558806076125069,0.00260686032534565,0.00163767708048505,0.00143645336866798,0.00010498749941149,0.00183737421494285,0.000506536463488643,0.00636558335667702,0.00160419893196677,0.00740378315861631,0.00760606207317176,0.0022113074581841,0.000498249608666417,0.0020571478193396,0.00328047730318731,0.00286056366806807,0.00919689698105069,0.00448496380968736,0.00277570849765959,0.0210706512680983,0.00765016518650502,0.0235835062790322,0.0070436736388214,0.00170733010118584,0.0272828611940118,0.00846886670665072,8.0980272559017e-06,0.00280210705660567,0.00106146189805835
67.5,0.00191699893455293,0.014371619964144,0.00338074006437699,0.00142127743304621,0.00127051828747401,0.000316189596023236,0.00697053172433717,0.00459810292096362,0.00337389787998404,0.00893674566489053,0.00386686020638464,0.0180100587015724,0.00182267099364979,0.0101018255252121,8.87262111605189e-05,0.00421997570762114,0.00243364949036936,0.00162098122401051,0.00192469161308859,0.000131990502349529,0.000814425138044829,0.00321586180147115,0.00307231605703906,0.00470359178991485,0.000676160863768957,0.0129082439491083,0.000777944190993912,0.0149451872235378,0.00028801380101923,0.022271513269436,0.00520449898263147,0.02388953638808,0.00296480151575116,0.00070609000677038,0.00573973028279908,2.91106331123068e-05,0.000752017879304434,0.000363390115621396,0.0003723541283374,0.00199397655210497,0.00110501921905499,0.000656860932012262,0.00150626990936419,0.00078145110580223,0.00184350716203314,0.00163227226097035,0.00254936093748618,0.025338542398044,0.0238445995861092,0.0289303079885789,0.00274197644955268,0.00184677846092371,0.0015967516051847,0.0249138250221562,0.00988629470028932,0.0107909162967454,0.00768449249731948,0.0267600740924547,0.00551147970196057,0.00295107609015734,0.00107882204019337,0.00112213123351524,0.00744564192280204,0.0021125827185587,0.000788665586624745
67.75,0.0114874497599003,0.00271733135837587,0.00808801974416316,0.00401638000566954,0.000947557010903009,0.000285357703114097,0.00235157535014741,0.0072502749528962,0.0161735335616506,0.00567777960936185,0.00350350777801063,0.00959171706670885,0.00103791071036502,0.0184121248810261,0.00651522303590256,0.000489005303028811,0.0176979995763296,0.00823747650552694,0.00645612629575938,0.00264607451858027,0.00315128466950857,0.00200088021948122,0.00603619622608275,0.00402506104465284,0.00160463853973802,0.0111759425336893,0.00961909958342162,0.000640807332128254,0.00673579734399419,0.0142302449923675,0.000141768759339877,0.0185778888713395,0.00319850154479395,0.00661199954664841,0.00358337509146392,0.00213903993553882,0.00464211935602769,0.0123897702695683,0.00608621922943702,0.00129398312449541,0.00274345778293736,0.000915069690103262,2.91550167377381e-05,0.00835367696915052,0.00547502062209166,0.000402546994043335,0.00188417650402738,0.00497308375552734,0.0108672542423958,0.0133514691364252,0.0094820030275758,0.00217727424967278,0.00372409348034789,0.0149336625312866,0.00138586281175542,0.0375973803033074,0.00361270355727575,0.0106192030890154,0.0075621587277544,0.000883981823581406,0.0371297913644927,0.00318175618583757,0.00485286076990058,0.00227106900968895,0.00583097141306545
68,0.00575389993813202,0.0121423135918925,0.00221433339974973,0.0023639885717249,0.00195758665933677,0.00319049528217741,0.000408085229373479,0.0010649885004977,0.0260382401351524,0.0110858169796327,0.00276274789470564,0.00549446275424751,0.000855555034787137,0.00352676892975956,0.00884102942441309,0.00189264974305251,0.00369261092140792,0.00598734785236705,0.00709570186346376,0.000235859875929863,0.00387665818762737,0.00233488812924011,0.00198712917761869,0.00427365433610425,0.00294031426891939,0.00649225259685544,0.00107148402116415,0.00158594098836302,0.0144062927892638,0.00290260824456136,0.00307457602117724,0.00223431919685359,0.00608276239361496,0.00097080179389919,0.000216810445047388,0.00052075156422774,0.011336318567859,0.00143116490198837,0.00336746854509736,0.00645071934787923,0.000660970225167544,0.00111478786461437,0.000360147275250025,0.00228368181662667,0.00541728118244742,0.00437268742978216,0.00779269811177828,0.015477581608501,0.00214651976558014,0.00415887284213804,0.00720846461657062,0.00331722834263264,0.00172411310139271,0.00622756385297005,0.00467197197201042,0.00861815658904406,0.00241528218228702,0.00379623862459119,0.0226658749962644,0.0145614492162114,0.0482131986573939,0.0060136366634749,0.0028257463473227,0.00956831822379304,0.00598466778745185
68.25,0.00040357185334691,0.000941688089362253,0.00311685426393347,0.00773319755703939,0.000372934631093935,0.00770683950181756,0.00293176756356964,0.00458197927960139,0.00435380849702347,0.00204765637325413,0.00243573916956242,0.00852255408859129,0.0133319983578199,0.0213815120047355,0.00312040300718521,0.00135530713802102,0.00102462440060251,0.00164792572781546,0.0102094210600295,0.00287047092048636,0.00736062620041592,0.00438754865346294,0.00392201275126093,0.00547731718204993,0.00594339578911799,0.00941740797840987,0.00205543166782198,0.0200385969468385,0.00106515442289465,0.00144320159632188,0.0249403887676572,0.0180241354403715,0.00170347171760589,0.00218503428227528,0.0025564948986416,0.00388927506113304,0.00695676973404953,0.00223493672180127,0.00172084721489715,0.00808386188041268,0.0030137062478638,0.00789006685994581,0.000366480876899354,0.00360672011564663,0.00146663482885102,0.00169821381825089,0.00130131933683207,0.00239514815092201,0.00635759889138518,0.00856294083323714,0.000733083665455141,0.00270298484458726,0.00234246648133792,0.0012584379476942,0.0102584872087777,0.011518000350732,0.0391262117136686,0.0102365603703114,0.00112219683475404,0.00304765412382021,0.0336595710934038,0.010200076123585,0.000216025266676255,0.000183355570248992,0.00450600412960615
68.5,3.78951287966833e-05,0.00992172225133908,0.0040016373344646,0.00590709854430014,0.00133711428324676,0.000266938469182606,0.00379364034328389,0.000649228037378216,0.00411764013169532,0.00784888616260364,2.46282380950829e-05,0.00355912230606577,0.00212770350892146,0.00216037295125695,0.00476687816214035,0.0113049154543292,0.00268710817063498,0.0027937334478086,0.0027301983695073,0.0071706157342849,0.00610848019425396,0.00584566374743667,0.00148538170969393,0.00090361428473112,0.000969286857289693,0.00198553135925182,0.00289016675222349,0.00239257950572912,0.00167371339598316,0.00068518957732333,0.00705072813379249,0.0109875122666749,0.00572546094907799,0.0101809344698868,0.00287115657874878,0.000929783657181401,0.00165160341554166,0.00136148508662855,0.00142030461316253,0.00514098929384016,0.00173745924653789,0.000612110914802654,0.0058412834737372,0.00089469923357375,0.00194227455046178,0.000419441724944028,0.000573636124252611,0.00967370549760016,0.00570078796388525,0.00286325496814051,0.00610977818595003,0.00146176436849649,0.000145065881559988,0.0088462226695379,0.00252913900612724,0.00424618345508522,0.00387714763318654,0.0168638551841609,0.0093297129110391,0.0022177850407215,0.0159091079317647,0.00404945138061451,0.00178739512331024,0.00197281754995955,0.00553914652896755
68.75,0.00212127757279912,0.00289660509182305,0.000266321135501334,0.00365338921296235,0.000409664797072362,0.0128022484342353,0.00165861180826465,0.000932197795596645,0.00221229595073787,0.0011447536934543,0.00078506116675673,0.00268392728642606,0.00018275687772884,0.012762736027374,0.00328012652991706,0.000363825989363123,0.00194272740746177,0.000134047928872782,0.00177621460689043,0.0056832265878875,0.000115284698131134,0.000393013776641019,0.00287136013756023,0.000662167152893448,0.0038503041573696,0.00867301001722546,7.16172453171249e-05,0.00179637371493932,0.00750435782539709,0.00211571657945424,0.00491890909815551,0.0186427779755899,0.00565646777465251,0.00466920836724656,0.00342624362485124,0.00276967860570953,0.00285984247918784,0.00227840129900545,0.000887398193032556,0.00596635933426034,0.000642187230408547,0.00968852990046222,2.25051245845824e-05,0.00167837843964559,0.00423466602375188,0.00117682922342755,0.00490890526211312,0.00355713488221758,0.00130742498145276,0.00746504548418816,0.00160924564954527,0.00117230317858711,0.00367344055651676,0.00481349496341014,0.00712729814936219,0.00982796976185198,0.0041849841332645,0.0337315416309539,0.0168306357700462,0.000878135519927638,0.0300492644930455,0.00252158348003734,0.0103207311840899,0.000478217102254984,0.000157491956746789
69,0.000554295880367546,0.0140503858907195,0.00337020416559192,0.00380823191424331,0.00364732530475976,0.000946175341907834,0.000279315478757357,0.00179911565881391,0.000619718274548466,0.001543996844456,0.00565095016015261,0.00566033029625544,0.0293400785296749,0.000840180811644712,0.0051839888653061,0.00444429506652544,9.83193070477436e-05,0.000317627582216067,0.00195574429467451,0.00196472379415087,0.00983848212512311,0.00160431544117646,0.000141167662298614,0.000531292833435345,0.00388722109072093,0.00467497898857986,0.00165706328321295,0.00181292234877337,0.00951233302554454,0.00861664551167046,0.00679097551216691,0.00070803232929583,0.00350846542911495,0.000920628073824083,0.00299590657665599,0.0041191772888008,0.000940316685168249,0.00153658949024935,0.00136801320276299,0.00345410446984252,0.000850934097109427,0.00244877341708019,0.00140832777103693,0.00159247031373025,0.000243961198596059,0.0033457829361067,0.0107466195794257,0.00452035660129122,0.000939564574763655,0.00673580925988424,0.00145241185179244,0.000279505320576901,0.00191044703986781,0.00584977214156964,0.00452840136813934,0.00160819444347923,0.00452330782808988,0.0282352757697285,0.00213202202174145,0.000819539606135955,0.011213466437721,0.00194514351645853,0.00463184778993531,0.000740034251115273,0.00217018968028068
69.25,0.00446983824976829,0.00444759031056887,0.0134224430129915,0.00366823975801209,0.000217186814086958,0.00091683266478587,0.00181148043823911,0.0019705310207597,0.00398595834807828,0.00742171615395203,0.00974700149425447,0.000907304323949961,0.0026508571558182,0.00102612620395576,0.0128811780580112,0.00168504684669906,0.00446070774647894,0.00291704074653489,0.0025675945082372,0.00200856429916147,0.00294954428222739,0.00355161941512796,0.00198003734095267,0.000727696466931805,0.00638167206455985,0.000762917129099693,0.000390705725230196,0.00228751477536239,0.00766632869242808,0.0010809111222406,0.00483592080627893,0.000602007780128261,0.00598351090667677,0.000392654692091337,0.00518426504350804,0.00109162940634948,0.00263036220135356,0.00181754370623476,0.00847765048133839,0.000981377427631329,0.00190989150863086,0.00383515481171163,0.00402431590318075,0.00173671008498904,0.00473407139047183,0.000577581656091948,0.0199014355735002,0.00333235193018717,0.00832648912981956,0.00345200873688356,0.000173270054194538,0.00187265030985675,0.00791993988525096,0.00775131448393256,0.00705738137597739,0.00476683914187565,0.0174867258336009,0.0171586726513752,0.0014505218651008,0.00520071672150361,0.0089139810736588,0.00509221007569413,0.00204070521888748,0.00436495712249975,0.000214294244777858
69.5,0.0061277441896009,0.000296581413629732,0.0014195505180738,0.0013658665540259,0.00568489982895712,0.00254199899260206,0.00680341553619765,0.00113826519060505,0.0053928975968509,0.00764066198866552,0.0116026915279627,0.00152119873927695,0.00213508870612805,0.043120142002906,0.00403610018597797,0.0119381409714849,0.00132531297422956,0.00123530848890232,4.86810772572473e-05,0.00458835682386897,0.00214523789657186,0.00483542680934144,0.00113521280117382,0.000454991321730865,0.00592596292228466,0.00782742961360465,0.00792064592025117,0.016434736244469,0.00196464084693169,0.00425343358110562,0.0086801963467665,0.0497496069764907,0.0017904639143534,0.011351340324654,0.00278365446005241,0.000107331138422989,0.000215643144497876,0.000872825589927856,0.0034343540319263,0.00282583141621788,0.00517690346683766,0.00169898358432017,0.00251124009901934,0.000158041047629427,0.00289004506518848,0.00352207001015496,0.00602378083547639,0.00246557917019364,0.00939944967027879,0.0241699294021278,0.00257059280494104,0.00740332871699054,0.00513236308720626,0.00397103849795222,0.00388844152590438,0.00902564655581859,0.00648274663208586,0.00209456324245571,0.0125112896005765,0.000121247539245398,0.0141920401127664,0.00104102165894212,0.000654904873823102,0.00253690136769776,0.00122451552560473
69.75,0.00425673171214067,0.0131682998615411,0.00198431234677915,0.0105355450367142,0.000146111887954436,0.000531760602895388,0.000485039997996585,0.00385475932476334,0.00384845412758988,0.00983026369645005,0.00452720703568053,0.0146962868213124,0.00686734816052897,0.0193223078721473,0.000438612526762802,0.0180958966778949,0.00821674064327961,0.00465675684275774,0.000340763946349251,5.11471018620964e-05,0.000859043000056025,0.00454510747672702,0.00351957250141186,0.00043967351562562,0.00682558863270345,0.00206599677079417,0.00175391916212572,0.014983825567468,0.00375503979010108,0.00448348448321413,9.21835136498792e-06,0.0360119676046891,0.00186029355709707,0.00200650594641355,0.00139646481298003,0.00291617192037639,0.00155605475459562,0.00373352337141614,0.0041831840786453,0.0175841233044936,7.75198143145007e-05,0.00360283322550883,0.000228744326053423,0.00373620681439108,0.000547082264327807,0.0050434548141087,0.000243736103668816,0.0043175432496201,0.00151976257946907,0.00214221269706403,0.000934080283760615,0.00527476259766533,0.00679074517304403,0.00551595243740722,0.00928544472219465,0.00611376863896362,0.0114959709611421,0.00392587146771926,0.0056498737186064,0.0181484341110187,0.00347169159127235,0.00702106290414178,0.00505697262421431,0.00076591326331759,0.000397305062752626
70,0.000593780147249228,4.20238872213722e-05,0.0125305532156515,0.00959210316851922,0.00516843318362777,0.00907255299397308,0.000458390051022238,0.00547094409335957,0.000640478825663965,0.000343514712895542,0.00039007306658034,0.00887834922697347,0.000412534138301812,0.00677898029891313,8.69188265260998e-05,0.00193932187284452,0.00101618568891191,0.0025943919316489,0.00284859466097372,9.75583621074665e-05,0.00187735800957473,0.00211166030450335,0.00615921153517054,2.28546480682389e-05,0.00170625006920905,0.00893738645421331,0.00135828166567594,0.00113692672702348,0.00197405293543369,4.73431766751021e-05,0.000620375205858017,0.0125005225749602,0.000364596245697048,0.0114700831239938,0.000111281988436989,0.00156186118999885,0.00172969240605036,0.0013368174766279,0.0014643796749138,0.00514716158786824,0.0082996764907526,0.000389267026589856,0.00170024789766329,0.000442634441753028,0.00187260752820594,0.00398839571342949,0.000459470327840579,0.011138596866742,0.00137390064035552,0.00289037025911393,0.00053765616842559,0.0050258337924745,0.00036947742834243,0.0114894539831698,0.00045794074734653,0.0137157542047605,0.00584468632340228,0.0284929873138776,0.000930018870707128,0.00031165525879453,0.00236547737122246,0.00573786671968826,0.00810535754221605,0.00444122712019611,0.000446115228620629
70.25,0.0130194294304168,0.00872171387334582,0.00500342069841889,0.0052873083635725,0.00131234786595172,0.00707649495346237,0.00144317807610023,0.000999800367886932,0.00666386687200561,0.00438531150920745,0.00584455566922167,0.00016275148285775,0.000514749204054277,0.0168616757773577,0.00541040876752178,0.000427994779072664,0.00158746013199933,0.0020372004135594,0.00797246531067901,0.000612595694997598,0.0102656981507661,0.00127199382851118,0.0146137845984123,0.00230341391612127,5.5798721472261e-05,0.00637690198333619,0.000828066024884746,0.00392002570000022,0.0136291454455721,0.000933218389707257,0.0141604628699677,0.020130023364627,0.00547490563349571,0.00639695630841779,0.00145671456320894,0.00530537664181163,0.000385966777699799,0.000400465544939137,0.00257254743270742,0.0115453026448275,0.00198816434696472,0.001093955690865,0.000327645982175664,0.00356408346143537,0.000275470194254374,0.00270974601445298,0.00995325097530301,0.00474251724485896,0.00416272206263651,0.0069044816775258,0.00165983832753244,0.00116644277673841,0.003901356255134,0.00145468180055852,0.00541062694456366,0.00303287075605191,0.0240336768990981,0.0109356711361849,0.0016862035306499,0.00603305531765316,0.0080050048172628,0.00138375974082844,0.00722365725017133,0.0055570416774462,0.00502048646409296
70.5,0.00980669975785987,0.00841511508736583,0.00262901162031369,0.000756243815536118,0.0140261569557226,0.00560133742212727,0.00040445595047376,0.00993072861473201,0.00221620191081396,0.00495108432964081,0.00737071881138258,0.011494235766211,0.0059140577777517,0.00900814708410831,0.00189785953074313,0.0215490908797475,0.00272474331016807,0.0027797167953304,0.00606642127102553,0.00125966627522463,0.00822954867164673,0.00103294099558624,0.00316585280834161,0.00193583915950606,0.00177200402456988,0.00147496267373765,2.7881406453232e-05,0.0179557562286253,0.00374598624512361,0.00586330972321293,0.00985733256441885,0.0149337343344558,0.000925139395327481,0.00293700644644813,0.00517314325782902,0.0018551021819347,0.00229951957123789,0.000748623083443893,0.0197275163723068,0.00357309422339235,0.00416276506990923,0.00511260206612689,0.00660984280897271,0.00489035463961713,0.0022460811576971,0.0126599897387348,0.00701298005708188,0.00150827182204653,0.00233595404133286,0.0291510245130757,0.00241220906405101,0.00935470001627558,0.0127448770515681,0.00020681791233154,0.00120342396819463,0.0188549430451139,0.00392655961704908,0.00966359582788036,0.00320730880391933,0.00864187605860345,0.00495931052714242,0.00723133125974169,0.00267591029166195,0.0037512945034686,0.00136447135338804
70.75,0.00601178229130135,0.00390801424556635,0.00280890830773374,0.00016418345618116,0.00524544094681916,0.000549567119725061,0.00117221392943669,0.00589335093973544,0.00675597208048018,0.00511165757820386,0.0026939026749328,0.00243047233007976,0.012318389350376,0.000923954020402511,0.00329927240706594,0.00490377787628504,0.010212790043646,0.00675053788261632,0.00370105565596196,0.00307803415803948,0.00741594957806878,0.00133255063410873,0.000122390516391126,0.00100592699515872,0.00124243968045346,0.00328485517223853,0.000219192982336827,0.000323677021666189,0.0156468892399697,0.00240053311746279,0.000659830859077788,0.00138718287529521,0.00198413966440651,0.00548113489441461,0.00269648232611844,0.000785629049199138,0.00361991923747878,0.000347212271365591,0.00484982263601229,0.00375687649275075,0.000151697735408381,0.000455267234683519,0.0020034388356366,0.00277724318180825,0.000228810806874735,0.00805984804978466,0.0141899219763655,0.0059638004077999,0.00596742732655945,0.00273803460459722,0.000951992440667284,0.00261560247848851,0.00597539428662879,0.00228264633498208,0.00383868289667767,0.00681792834483479,0.00584622439861267,0.0205031389004155,0.00383408370423163,0.00801742433952754,0.0110577757486953,0.0063611421905732,0.000176365924923918,0.00465478547719307,0.000692532127283701
71,0.0127815100621241,0.0118436736092737,0.00366659815247191,0.000404692323298226,0.000650356128065434,0.00896982003366996,0.00138568052509825,0.00705239908246189,0.000499381107342885,0.0114611532820317,0.00719897589722861,0.0020930187461705,0.0206276964018759,0.019428950196042,0.00203740168785779,0.00738886350647072,0.00882804562146013,0.00301841576383955,0.0132241826382057,0.00592567064504903,0.000573507887874041,0.00599157794801488,0.00393020510166978,0.0158230838347396,0.00375210744774086,0.00226497324931532,0.000419566285951961,0.0147046765065783,0.00517602747019712,0.00022620067347589,0.00857757122150781,0.024607852548987,0.00655137531548179,0.00478379633819426,0.00162921954289723,0.00592619697261788,0.00516390841006058,0.00801590012770218,0.0130202922450186,0.00164490142720187,0.000440688412251943,0.000622428693051883,0.000324922381654842,0.0115550861333188,0.00176026376753396,0.0101012077396474,0.00521277638227066,0.00855607144665165,0.00923360209127907,0.00386266283856613,0.00623370811746982,0.00262382780710167,0.00805855912658949,0.00858209728970073,0.00160570318188463,0.000329308796869452,0.0136185593320027,0.00322450895654389,0.000392723509282477,0.00291785868876405,0.00688093105400119,0.000827795966156705,0.00186279655723418,0.00661840529675006,0.00375380716449835
71.25,0.0051735361483128,0.00151982535984078,0.00301575505955989,0.00359224862533952,0.00178146495483952,0.00165216803457761,0.00587676938374782,0.000636357089876579,0.0250029976276926,0.00129892806098651,0.00137855097999692,0.0110941457682858,0.00144908905743847,0.0153908369781006,0.00774029554532938,0.00173835173304865,0.00275154854446368,0.00528508086588141,0.000604202575218515,0.00272496032425412,0.00774700736980679,0.00794603543735918,0.00166756130552561,0.00121940057088401,0.000886480849471684,0.00154342980953897,0.00643163852062176,0.00190060795143204,0.00582938261256862,0.00676735685207875,0.0122379329360243,0.0170967276258969,0.00271144470183756,0.00787796438800558,0.00292351997138626,0.00615213204783957,0.00341394170112974,0.000196543214149564,0.00587742249713045,0.000435009239255115,0.00293676392864736,0.0020701569086184,0.00633534207271497,0.0010706723760917,0.0122110715387469,0.000809304868925456,0.0050622433316735,0.00979080391648456,0.00309316949096486,0.00932302276666005,0.0115226125461745,0.00423094740162396,0.00355306996597437,0.000975585816805296,0.000802415277428793,0.000619629440464055,0.0111297090737413,0.0528452917373932,0.0245001423652483,0.00615144919910652,0.058796935335774,0.0106478259122356,0.00376311227483465,0.00441697700657256,0.00411539730559252
71.5,0.00427434692757341,0.00169938153575855,0.00215324942564076,0.00221905892252538,0.00362689711765256,0.00422799894713302,0.0011674043828109,0.00293758282573605,0.000711691337192637,0.00211066175746098,0.0102865134183954,0.000144590849780987,0.00377970956143858,0.00892865742954797,0.00154736549976226,0.0113248693894711,0.0013699735073216,0.00108082861943374,0.00199502886783133,0.00350920550839684,0.002364805619642,0.00076672841244392,0.000836707883552496,0.00814000626177219,0.00700627889462472,0.00356949030955068,5.4287755690493e-05,0.00134555713729555,0.00133457386510533,0.000304625528252001,0.0014323998366461,0.0140171218227972,0.00120005703332501,0.00251440358036798,7.10771601477736e-05,0.00297575745612783,0.000390472943874904,0.000860668864125114,6.31136442283035e-05,0.00221966471571366,0.00212130154220083,0.0046476520998237,9.37944178198097e-05,0.00563645511076467,0.00340449525381092,0.00292757128718097,0.00493162240587195,0.00194481901767191,0.00724630447907569,0.00290618765890703,0.00298737929120162,0.000192840041065931,0.00548817307034287,0.00496837374192016,0.00610672268980517,0.00371371457941807,0.000736495680837673,0.00552051937659109,0.00512362434273155,0.0140081620700061,0.0136004693000067,0.00089787606646956,0.00450942374080564,0.000835894470722003,0.000410515434663793
71.75,0.0187681646288874,0.00623004189252203,0.00325050649271128,0.00133626329479408,0.00028502242810579,0.00389071419827517,0.000438699932344917,0.00225751913897189,0.0122392962304417,0.00656757966468588,0.00811700864785889,0.0017865195868351,0.0265698769070864,0.00146024643402564,0.00415086433426531,3.45858188047827e-05,7.31009737562649e-05,0.00148349559692284,0.00137079501843609,0.00652169521636054,0.00049498135411237,0.000991106637792687,0.00520165422184792,2.39322862925443e-06,0.00572788241624902,0.00343051940121709,0.00362749367728043,0.000242522839601682,0.00548185780032136,0.00559944246549231,0.0131035383249356,0.000207677553775874,0.00408361348207341,0.000607313303924867,0.000454708647972517,0.00177087163466136,0.00164392394497966,0.00632657697004165,0.00681341643954187,0.00187100535165177,0.00139692553449816,4.83984529588271e-05,0.000611597794283463,0.011100961755592,0.00559035328166056,0.0124551211341823,0.00588389650665947,0.000340461329816369,0.00453620002291396,0.0118030264712519,6.64846505161081e-05,0.00614235558579732,0.00721049284384391,0.00694066581146367,0.00163137040787964,0.00664759944436464,0.0233315741283781,0.0101340021496723,0.0136803855854477,0.0121356972866318,0.023067342124722,0.00291038008134548,0.00084808014356515,0.000952054973504471,4.32973430061118e-05
72,0.00892384383329246,0.0141227425723501,0.00402850028330413,0.00937397164872369,0.00127488050874974,0.00898312012210321,0.00731520754640078,0.00263898436358854,0.0246377334425566,0.0102516773898698,0.000991118680740821,0.0344363655388523,0.00502968515108793,0.00349132758094911,0.0104431062413981,0.0031331104691186,0.00850383181543127,0.00332130054034307,0.0041168630166407,0.00631132500303774,0.000528321207740862,0.00290826690292294,0.00452231727340716,0.0170291497939574,0.000933636782260634,0.0132027258752515,0.00175352660627244,0.00344337868741904,0.00312407035102623,0.0211405200771742,0.0017084159049415,0.00338296255095882,1.83157155277229e-06,0.00166901454979331,0.0105950597285044,0.00136839795965151,0.00049030906659121,0.00436932175648329,0.0154818577892204,0.013811737914571,0.000194729044319562,0.00601008226002043,0.00495896425070438,0.00593399004229825,0.00847165483539891,0.00335134437571397,0.00200821773132574,0.0350436532696346,0.0153800297113989,0.00151707376807972,0.00278569482550866,0.00558698252429535,0.0111988974010269,0.0581642085300076,0.00291711309576048,0.00276522169331721,0.00452927615056536,0.0801391839781522,0.00572364520209257,0.0103524819129487,0.0285077214178127,0.00954385367547319,0.00748141302240786,0.00980033102859144,2.45516725302185e-05
72.25,0.0141495027483851,0.0120664919748405,0.0032132783608199,0.00205423969198904,0.0054563989857881,0.00098410128418215,0.00436801453018156,0.0164531674511958,0.0219048053419643,0.000770170697358458,0.0058287961076366,0.0125171697511539,0.0376683555296225,0.00564858296778814,0.00111305965984687,0.000861389451836112,0.00712960678367168,0.000605596153561142,0.00159776809060634,0.00588547971678779,0.00358034199606862,0.000320555553927346,0.00146713918185387,0.00116207331651893,0.00302240732482909,0.00277244903334664,0.00179782318787454,0.000506415736469951,0.0127269176325601,0.00580586967486266,0.0252968055749957,0.0104341534071726,0.000606528799997903,0.00165772669356052,0.00218562529477611,0.000286077883040143,0.00340456542441498,0.00863397264645818,0.00542766471828957,0.00867527349725639,0.00195836158316736,0.00867976789067772,0.000145694897425324,0.00197238073134937,0.00604725817941288,0.0120663007895784,0.00205094519778042,0.00154283647909773,0.00339378400863325,0.00579979500081597,0.001817367938948,0.00368694137494389,0.00963645238067337,0.0165089660043094,0.00485662134934467,0.00510346028007515,0.0257698733590638,0.00623604863592348,0.0100064083541572,0.00779545207692465,0.00374465079012986,0.000716647569005602,0.00577849488190103,0.0120747546374946,0.000796305938321015
72.5,0.0111364632493287,0.00317263855849874,0.00103244728045872,0.00222376734439285,0.00313903029967828,0.00106175534460594,0.00404666095343955,0.0012668074859107,0.000782919603791062,0.0270866439727477,0.00630357255640657,0.0045461835389535,0.00775774069684128,0.00137501639241037,0.00139739008508989,0.0133785699941269,0.00034469810507173,0.00893811204377492,0.00450767664875796,0.000268877164659807,0.00161405328575239,7.0443084189871e-05,0.000831379773229609,0.000224504649552048,0.00230771549369521,0.000862352513337587,0.0018812693992257,0.00123600800646735,0.00285368310543037,0.00188465188143762,0.00527667646116835,0.00475783188628823,0.000724798294264459,0.00124994698606963,0.00304013643828699,0.00750820902126528,0.000484431032943542,0.00540681693658066,0.00738005349160962,0.00705725327574484,0.000345476115765844,0.00320973608486511,0.00136203118578602,0.00392001306461332,0.000678652935051265,1.64109254471909e-07,0.0215260553492657,0.00258477682255369,0.00540945197367166,0.00359345045736731,0.00148088948323946,0.0193405946026121,0.00551284972570674,0.0102507568188253,0.010108138201411,0.00312947637374287,0.0192179159406919,0.00488839909292132,0.00235776574509445,0.0106466337643566,0.00961497333202096,0.00637042111248065,0.00154713416289241,0.00329617910193963,0.000344681626811409
72.75,0.00218839796782897,0.00226701728344471,0.00203993475277091,0.014629440765284,0.00114234357685272,0.000262446944645704,0.000736708501786041,0.0016918975404519,0.00519327254098312,0.00795455586069658,0.0088535961050827,0.00405150234555374,0.00271595583324836,0.00693138086597922,0.00206273245426509,0.0127028459468328,0.00125192120273091,0.00691148266631058,0.00710416169005421,0.000143798100951891,0.00250579952544386,0.000194751768350716,0.00156026300132898,0.00201379797133953,0.00193631939186028,0.00694855331388883,0.000561167136504513,0.00393415380306931,2.91266627728179e-05,0.00121902907426923,0.0106289625044169,0.000738610955711573,0.000952481663199878,0.00101528251796735,0.00247463033959435,0.00108860196953394,0.00039764196717516,0.00283257715946286,0.00815231756939036,0.000154277178085912,0.00931968557919096,7.23094643271627e-05,0.000482642260050965,0.000413193636637125,0.00974389499655926,0.0046584930230309,0.00566694504127027,0.0032731357721623,0.0135811942627017,0.00109304524399951,0.00253410542273378,0.000120007786808188,0.00690888330566636,0.000354829198890509,0.00483550512884749,0.0104731788608594,0.0267829674324361,0.00368160838112831,0.00706884944952467,0.00645759761493734,0.0189162208432199,0.00428774563208089,0.0011195928200283,0.00399757623530024,0.00156938642393744
73,0.0103422307010383,0.00356300730455318,0.00362403003976534,0.00250301496976233,0.00021446320169836,0.000163777431757903,0.000485592355304842,0.00134010708816208,0.000594759732502004,0.0110149416640364,0.0119280274772523,0.00328760598016175,0.00246709380467667,0.0100044146832084,0.000330903780183543,0.00615365477879212,0.01634633271065,0.00235860554610574,0.00700673552696472,0.00229673377514965,0.00444182501758792,0.00526187297481447,0.000635921245243398,0.00452952052831701,0.000877282616348616,0.00066579223430966,0.00327948686438015,0.00769851124406856,0.00114362902464149,0.000657013890709005,0.000744135657970864,0.00812203110959397,0.000282218350541362,0.00571962523333223,0.00205411621234518,0.00392960829419714,0.00071652838537693,0.001282361806378,0.00632978325715696,0.0182827944081524,0.00080094508530036,0.00125480528071461,0.00167475036607027,0.00333367655337267,0.000927209583787468,0.00457445736458713,0.000153351060343888,0.00155713787915385,0.00225811559267561,0.00807268658889607,0.000657405419445708,0.00468112522527858,0.00308626225464071,0.00137472960177466,0.000332223395421641,0.0065990425707631,0.00146310987923719,0.00651952184885212,0.000706901140546608,0.0105021556250018,0.0122832481896417,0.00376333703344685,0.00273159789665448,5.33405258323388e-05,0.00552402369340905
73.25,0.00231814656627113,0.000508940275459221,0.00192681415377266,0.00439587452072845,0.00121600300566892,0.000861510051446014,0.00529872405074165,0.00130872737962237,0.000254591810641602,0.000881112998797369,0.00148454814175679,0.00221958729857021,0.00153473062450723,0.000721472743860436,0.00171110360546714,0.00116462220704371,0.00314976444426171,0.000157837564334972,0.00514599177847877,0.000264838307890499,0.0049504129085452,0.0010273166293037,0.000421873851957632,0.000710529938330637,0.00107525987904812,0.000881087325082928,0.00712817036508091,0.00171832332650431,0.00177680327072541,0.000416184365803428,0.000339570289558019,0.00122804951277366,0.000413358003533188,0.00237706775127279,0.004729499524906,0.00207296011150759,0.00429315673344007,0.00529683448276011,0.000660973141345053,0.000245810095919206,0.00668698347337417,0.00137342820135646,0.000922306473722322,0.000521796508003641,0.00664114430079762,0.00426131032377625,0.00110996046550099,0.00194506670858654,0.00958780650030868,0.000847074258812838,0.00026252076641513,0.000150713191027749,0.00111671493101693,0.00187597913950147,0.000237677013615121,0.00734007122384242,0.00117052757953969,0.0061128319142722,0.00846599944825783,0.00145996881416468,0.00520529885371785,0.000179731491640799,0.000859408253545062,0.000840908746678269,0.000617430986552111
73.5,0.00125906549976348,0.00684576041779272,0.00252885257374412,0.000155606403391564,0.00749545882072093,0.00637765345298508,0.00223189737235273,0.00024035550444271,0.00119170070735362,0.00374225667596817,0.00120568680271122,0.00359561728688332,0.000787478121940679,0.0124651526224422,0.00560223189761243,0.00177996416815204,0.00439332488152011,0.00270622251901874,0.00168761684807536,0.000190670604887135,0.00777082654958425,0.00140709830256572,0.00080241363211637,0.000561749180078617,0.00819329900778352,0.00319565359222798,0.00176924198174633,0.0041092430329397,0.0183828576569711,0.0027167654179984,8.49514275544078e-05,0.0238813706716162,0.00138291561346352,0.00414371497972091,0.00370649879207528,0.00422397607532761,0.000387445699790731,0.00193432700685959,0.000476407933424339,0.00611470078700664,0.000624955269998941,0.00406410133795448,0.00201541405345849,0.00209747558093162,0.00224980531816872,0.00194660429840277,0.00707778438640661,0.00118086077097646,0.0072340198264658,0.00525839323815874,0.00190180201813868,0.000465198868361671,0.00282610277414715,0.0140650532193028,0.00878405209985554,0.000958592094058402,0.00891746045367771,0.00517827175679628,0.00469904251916187,0.00805119082492045,0.00152790337959019,0.00157045767933305,0.000117350495960339,0.00218130341992252,0.00441277039131546
73.75,0.00119510428396787,0.00107115200287401,0.00182735444506817,0.00269005126102433,0.00108211324159498,0.00145431939598006,0.00096808009634409,0.00271513291391888,0.0171831426840969,0.00383710809726095,0.00897918861388267,0.0135838927830148,0.00103133894069076,0.0210592554157272,0.0196759333363275,0.00345364590656969,0.000282406151627349,0.00324931225784819,0.00828356547718104,0.00153460213353907,0.00543408620455821,0.00352410898938116,0.000836644245397841,0.010959708453506,0.0017151414419252,0.00995164917507502,0.00205248910028416,0.00348164446836456,0.00282485720859038,0.00619979833516809,0.00749119818381209,0.0030623358160052,0.00803115598423875,0.00475763349662975,0.00336731315330527,0.00359459049410236,0.00205800221356397,0.00408528845933713,0.000136486894550114,0.00697614799168275,4.64821707517463e-05,0.00117199803512056,0.00471356602970525,3.89389936258819e-05,0.0036269085383391,0.00587703570565505,0.00145997437457996,0.00305640656735772,0.000461739055825516,0.00614638335260793,0.000813212824486435,0.00410886926866746,0.00313154754951933,0.00013665796925315,0.0106194306139579,0.0283985128987112,0.0285856755072788,0.0147626015075891,0.00196676278245629,0.0156150038097639,0.0356149145411593,0.0141497006601946,0.00390931946592676,0.000289401019339018,0.00208235073044719
74,0.000634717331644986,0.00151994271252719,0.0021715853246047,0.00025062709067663,0.00163380693885331,8.44422773501796e-05,0.00144437183687495,0.00240091087219285,0.00158677001631258,8.24736330579735e-05,0.000816310696090886,0.00223681833670327,0.014353933133067,0.00584770360706393,0.00120593298893428,0.00442984161715904,0.0053106216247733,0.0108789546953783,0.00022000717695382,0.00107780418201088,0.00328007939830266,0.00086783697959418,0.0018731123299054,0.000387840146949607,0.000198549931426883,0.00416404425179688,0.000892089539042346,0.000772451213275492,0.0081232702225795,0.00389878075198175,0.00319213327893874,0.00755048855967381,0.00141122848694155,0.00178230125907412,0.000210292107869801,0.00210099727360666,0.000629733058805134,0.000763031836155669,0.00250737434994681,0.00121699240737937,0.00532204516103083,0.00384418973920854,0.00715482768891624,0.000531251836835179,0.00887525885807042,0.00382713256923368,0.00384501269172495,0.0034979756991648,0.0221854909931281,0.00437061366216176,0.00952924045080386,0.000448945389271649,0.00252061084524562,0.000867190433065468,0.000174441939568108,0.00102915038118823,0.0239419395525702,0.00818982294497148,0.00884010742612742,0.00273693734997136,0.0325460925664937,0.000325801456987172,0.00109276461751328,0.00137753270961678,0.00212588115194552
74.25,0.00186934024052528,0.0159228241729223,0.00234534369256851,9.71959533063639e-05,0.00495726020536524,0.0017932840947784,0.000174995462382716,0.0054780138330243,0.00377699945790058,0.000110178815497887,0.0120046639207115,0.0109380291523849,0.000345977273144159,0.016247453344821,0.00415750972512369,0.00240082339568708,0.00185009528998823,0.000144928556882335,0.0147843708922279,0.00180941078837507,0.00301915704082265,0.00489375195532945,0.00711486672314964,0.00313847592139599,0.000162413689283436,0.00236708236262531,0.00267248362332229,0.00265074150880404,0.0130651325206062,0.0120250569066691,0.00152377882065901,0.0129155659493842,0.0134927070283351,0.00108708714944209,0.00368397540009368,0.00881147219094766,0.00169419579729871,0.0080011321229449,0.00235497528435967,0.00033580186900488,0.00247859239101504,0.0059622895416077,0.00385209738397754,0.00159537802624664,0.00271397119270406,0.00369795038953668,0.00116858798801649,0.0031795273077142,0.00314527257300365,0.00576339611694854,0.00313066226276733,0.00347874623732753,0.00193921415318745,0.0305995873791299,0.00773107926689107,0.0318574003222693,0.0137964242204373,0.0237158905229083,0.000371443770651751,0.00105309359546901,0.0227786817153359,0.00210441709762565,0.0110998796777522,0.00121815879753245,0.00614672217574852
74.5,0.0148735259223956,0.00211757102595948,0.00253384367985337,0.00415807686010055,0.000283193193891507,0.000462620328962204,0.000630863361381181,0.00181646458968824,0.00855293047087429,0.00080460401822098,0.0130688452633235,0.00699213639019038,0.00218409907535431,0.00211648041428055,0.00444668046329368,0.00102975308509842,0.00456283080570195,0.0038580302338585,0.00116805250276017,0.00169440892546867,0.0103884641272647,0.000353205653952022,0.00158254258034571,0.00106607939861901,0.000328588973182422,0.00148544646785615,0.00156343950799518,0.000800323517888182,0.00626592819774443,0.00216999232493882,0.0139764849561742,0.00645408022121771,0.00143658445247045,0.000582384780261444,0.00105233403039699,0.00496625962147981,0.000803427058555902,0.000659786238858359,0.00749792136830864,0.000107353224050723,0.000776314545022925,0.000692683341967366,0.00200192836360273,0.00281580069220393,0.0022655530193003,0.0110374734054239,0.00288026488364509,0.00099048187879198,0.00642406608231167,0.00492237622205886,0.00295670548032552,0.00405974982296943,0.00544648096559314,0.00674538860780115,0.000402013557836716,0.000602055979947046,0.00720631195509074,0.000523476350424806,0.00675718170676505,0.000728379110848232,0.0450524563900749,0.000340616882017753,0.000724341526044329,0.00331181411841922,0.00186207039563947
74.75,0.0032297961342671,0.0182839573149553,0.000375059382980861,0.00314765183088466,0.00860314284222404,0.00433039610672813,0.000883250149441316,0.00222048802834161,0.000112579780454086,0.00491295286048138,0.002508904133893,0.00411231081519319,0.0260117457927841,0.00253106874837719,0.0076752092744579,0.00212257194148207,0.00412249199404703,0.00631251909889782,0.000679545013213144,0.00192698263763029,0.00214527978176131,0.000788296512637942,0.00365455148840566,0.000967828657897401,0.00926312887861711,9.26783423106813e-05,0.00922047252086895,0.00080269632892636,0.0289934563200435,0.00392352437772417,0.00279721414879603,0.00878819222351957,9.98975055392123e-05,0.00389415374613011,0.000267929860066436,0.0083956301681059,6.24952961658449e-05,0.00212683737127918,0.00205894270248542,0.00819128887178119,0.00685057918019439,0.00368726725866285,0.00116149525421111,0.00559992346498423,0.00247758124132971,0.000656782102859583,0.000498960841829797,0.0153860312173535,0.0108621558333127,0.000877060791210883,0.00220291443870658,0.005330078991649,0.00477754356654263,0.00757323436866655,0.00857575087155865,0.00024510220452359,0.0025642804329424,0.0278315131110757,0.000251898780906638,0.00155983742878069,0.0100676981187754,0.00706360489773486,0.000265652386903648,0.00426119114361715,0.00251762517150525
75,8.67757398921371e-05,0.000786154013469223,0.00168731305489882,0.00131367094683778,0.0145468031444441,0.00531582378634076,0.00351562121573405,0.00764706992061706,0.00971015736651377,2.77930829477958e-05,3.98263363886168e-05,0.00676293570335882,0.00334153344469013,0.0337535674029337,0.0037112786743469,0.0238691980760577,0.00267414373871144,0.00191419954198143,0.00489034112382314,0.00346270778073416,0.000760305510082819,0.000731026649307017,0.00372845687924704,0.00316541087924864,0.000333521852911177,0.0044680580609422,0.00161164743316835,0.00564921218775093,0.00335587757600319,0.00623651166003829,0.00128556855953522,0.0371241239422849,0.00101231679296856,0.00219959015472798,0.00401852530280961,0.00312647194560923,0.00170631417880911,0.000774205766417865,0.00376739913183308,0.0102045692149008,0.000366171851119673,0.000656417113934935,0.000645178129849074,0.00263291078986502,0.000995538737975763,0.0040892103880806,0.00291031933388497,0.00320434202023331,0.00599392160278136,0.00755527759003193,0.00551339682351592,0.00698859799764068,0.0018167471620328,0.00216323197457902,0.00092930738046098,0.0330475526420927,0.000657663960590475,0.010464267368134,0.00836019695183865,0.0116544039238323,0.00797802372143525,0.00240025281713474,0.00319665250863327,0.000793081288047435,1.94217117390682e-05
75.25,0.00240568765282325,0.00262739141772585,5.96877856917238e-05,0.00671006933941474,0.00295364631639483,0.00206826184719979,3.43272394301992e-05,0.00292219540901917,0.00537232729224724,0.00177670824328328,0.0109173895055814,0.00363642960134082,0.012392988755753,0.0112464221578615,0.00134704532007811,0.00112575109099528,0.00488019200673451,0.000666227397395671,0.00168760570146934,0.000294696237708805,0.00157423985839466,0.00112150570058978,0.000511517821916695,0.000201841627656422,0.0037702955884588,0.00304960234087757,0.00152111845741238,0.000572310420570401,0.0104733195989403,0.000258406293723191,0.00270232683088289,0.0206286520057492,0.00498153578226097,0.00309088073046976,1.13766267382262e-05,0.000198019406181995,0.000945755563003271,0.00209682257099133,0.00179245418099059,0.00154544690129715,0.00132967208229581,0.000755094976213209,0.000501023624873521,0.00273273537968016,0.00239641753687299,0.00218177781066851,0.00631642905227947,0.000632644466749366,0.00590475707152824,0.0059533875923356,0.00373690789434977,0.0035991331685906,0.000219544400695328,0.00280379550955651,0.00240452192712425,0.00524612120288514,0.000658127572431331,0.00443609933850134,0.00144410784965369,0.000775487980207095,0.00413957267615771,0.000519227924721665,0.000250308500444744,0.00434334632354024,0.000809765485716184
75.5,0.000588165725838168,0.003389197016673,0.00838572430012407,0.00042242077985843,0.0078272424343233,0.000762214415329303,0.00599503407823239,0.00206352785364829,0.00882758060185257,0.015698464136833,0.00074816467213971,0.00225573850944597,0.000398549068774672,0.00215503788930094,0.0020127454003377,0.00205201910938935,0.0120634521003075,0.000495602700133021,0.0034624417036757,0.00423793807693719,0.00507421041522213,0.000396320003702506,0.000658467417414525,0.00019525410826733,0.0022251579951105,0.000476246240595588,0.000949315709389703,0.000208261883703266,0.0103651914385421,0.00684526815594309,0.00516895838349413,0.000515463071360839,0.000917053599726494,0.000184791225258494,0.00808319147463798,0.00185114779710249,0.00492041236012665,0.00668413460407985,0.00142028681499349,0.00638198654203083,0.0092661217913294,0.000536716889278902,0.0139085287330952,0.00144749258428185,0.00993102411429644,0.00274873813139244,0.00726801995394413,0.022586300237933,0.00331286058639868,0.00617387651379198,0.00693567108028701,0.00158754188513459,0.00281776641525733,0.0115214859531954,0.00213709509675744,0.0064615478961583,0.000920650853407678,0.0643244459033858,0.0175459151107482,0.00649145870674206,0.022864447165864,0.0140743463817304,0.000219997632415402,0.00250901054804963,0.000967428589885971
75.75,0.0016906019996214,0.000170558162981071,0.00141963220663073,0.00171196953564855,0.0011301203225869,0.00369390245158952,0.00619352211266201,0.00112025661953213,0.00400322228859366,0.000956738258835149,0.00172289845375449,0.00279764152517161,0.0031215934414636,0.00527807829557409,0.00657449838381271,9.6793604572644e-05,0.00013809526852759,0.00053639591293197,0.000642457668389101,0.00124662144960952,0.00411674997644646,0.00118473304279261,0.00244840088020205,0.00130598282581134,0.0104000995002294,0.00241465610472333,0.00322960191631805,0.00321362108657343,0.00724214609729373,0.0050228911824814,0.00280077327601759,0.00357855925838887,0.00141058309551587,0.00123074087233574,0.00329962368555155,0.000296628088527106,0.00912398135465752,0.000613147181281447,0.00356041646860235,0.0021766971479994,0.0002418899421066,0.00457562366763035,0.000412840995890764,0.00117356109449736,0.000212940277853623,0.00585518676818692,0.0115307549357563,0.00244851167335705,0.00659868105304815,0.000507373674550858,0.00666735381147127,0.00048578239952179,0.00579212379399024,0.000626987009537484,0.0153782517644761,0.00911597132524007,0.00119256575807907,0.0143060234435166,0.00611021863177557,0.00824310314877857,0.031097138661842,0.002184992590175,0.000392644664140418,0.00281957748480726,0.000213923716776903
76,0.0178628836557422,0.0100084612334696,0.000953271614444998,0.00105316245694963,0.00184260907223206,0.00835542545681155,0.00012053166570921,0.000684656111173344,0.00114129819715319,0.00149000394520579,0.0131088750890914,0.0016089943265141,0.00164321295458555,0.00350829603609947,0.0100828400594359,0.000876143802260135,0.00459954109350786,0.000928465864398146,0.00172639046154484,0.00129370091283237,0.00529055832902682,0.0038155851249072,0.000411436767277442,0.000440957126351713,0.000677560984345741,0.009553954992984,0.00294627257352347,0.00423923188714059,0.0382322289513687,0.000526476070618881,0.0207789307826087,0.00205478658589802,0.00127119496669252,0.000398972097194825,0.000900424494521175,0.000755451330992116,0.000421767933064617,0.00038238533967589,0.00236037288105454,0.00045836932302414,0.00074569667335651,0.000200637815940031,0.00245003735869363,0.0140389893489317,0.00447726243936209,0.00220640587051382,0.00579414969183962,0.00354070103768735,0.00363482385525623,0.0026244251876093,0.00477814067107954,0.000316698100647707,0.00626880338574881,0.00118946425516235,0.00784037009184832,0.00959372636978209,0.00830377491439123,0.00274838583294108,0.00189764410230642,0.000428045082635993,0.00668769590065047,0.00167903208932987,0.00218465621090922,0.00114568639131228,0.000565445472726642
76.25,0.00221093502884013,0.00635711102255913,0.00049480905615751,0.001260305151948,0.00492186380397853,0.00201696717360013,8.61318125776838e-05,0.0021001662087318,0.000447967624435426,0.00463315787798517,0.00116481127223421,0.0132583119738304,0.0126821313884044,0.00307409247567863,0.00373648537396983,0.013413939061011,0.00286523338390925,0.00514278041480164,0.00437625403342673,0.00464546375341065,0.000832737004370199,0.00657214195354184,0.000548479502681793,0.00302971716748696,0.000548309422075538,0.00322617547534335,0.000580146889365302,0.00355734052838942,0.00442008889059008,0.00450646444429908,0.00469545689309793,0.00729186176783432,0.000448628641426091,0.000419467056444118,0.00178071721073128,2.20235493703346e-05,0.000545773061939556,0.00223902042705256,0.00388952731265591,0.00266132200962956,0.00026256301950533,0.00271462155295698,0.00645900772317708,0.00400310705262041,0.00496818288537843,0.00225531705342394,0.0055382623419129,0.0036663082097243,0.0170989613204192,0.00319439170703971,0.00266561537747255,0.000323433671623449,0.00153996528487621,0.00143612230061431,0.00351190167669182,0.0121786537535081,0.00337377615757749,0.00641577640722097,0.00142012791621342,0.00482527102527084,0.0136844900833215,0.00504235899573665,0.00100218799787719,0.00508977398161011,0.00193956840303244
76.5,0.0218408035629075,0.000715102181694874,0.0016841120009985,0.000701956140553476,0.0140416867398373,0.000290451308897427,0.0012424606783809,0.000869252115491627,0.0016743521878538,0.00216512006244918,0.00567133665517819,0.00349036470084834,0.0110825080705482,0.0143894110268271,0.00255931006832923,0.00359317551398121,0.000757756807752641,0.00083242596156611,0.00287285302590299,0.00336109573522381,0.00281758064895991,0.000916506511170448,0.00615452816352406,0.00164561631186703,0.00308310076203302,0.00600205614350981,0.00158964090531928,0.00289687718418005,0.0137958261220251,0.00201791693862895,0.000300078118732841,0.0185461859325854,0.00256131049899691,0.00287029956041882,0.000688724368652745,0.00110308049669003,0.00116692527978434,0.0013194585931,0.0018638876351636,0.00954592083130943,0.0066322910149243,0.00165022915660432,0.00619313848080834,0.00248838421550948,0.00103597528755745,0.000679916292460022,0.00438368488009127,0.00545521365413957,0.0235183854439975,0.00195768794071579,0.00229484017251277,0.00223986367708756,0.00582248615499778,0.0315405695489967,0.00301054792276215,0.00817374157593606,0.00414334306322994,0.0145487457398627,0.000538050204827071,0.00270143387052809,0.00313669368367536,0.00260971880225383,0.00484796381759369,0.00279019422096362,0.00166230825329089
76.75,0.00334484991826354,0.00201078261462063,0.00414096149957519,0.000513104762674625,0.000372689897936752,0.00132425276902159,0.00114728316513321,0.00329025494146983,0.000425236568868147,0.000822334165119865,0.00324835795941507,0.00273634710490549,0.0289756965266115,0.00151052264659593,0.000962622991074429,7.09971942357992e-05,0.000381804033489652,0.00612181982571054,0.00278654561123083,0.00168640430747436,0.000850282185233902,0.00386259598702541,0.00128595968165716,0.00096093954108055,0.00372262619924555,0.00113649870094557,0.00116904253004446,0.00110581339679737,0.0100591440956975,0.00183159063618892,0.00183161449632328,0.00286674520094979,0.000511734469858024,0.000116974537717289,0.000899309237728136,0.00145149547719556,0.000309863491923797,9.44828097085778e-05,0.000672294341051198,0.000621472743054015,0.00210347250005153,0.00281038813868738,0.00631002140378258,0.00139562859378243,0.00136753727792497,0.00054399271114261,0.00481698983636881,0.00142688427419098,0.00876773197095741,0.00331764804296342,0.00107799154892305,0.0030842948255453,0.00388427240374255,0.000165043146733738,0.00230908475474277,0.00223083253686036,0.00188598423172456,0.0227439769476754,0.00102084400430941,0.00277354723170411,0.000338466957213457,0.0031416381927099,0.00160480521767576,0.000304067406440046,0.00124039599942077
77,0.000100412731317073,0.0145613544285306,0.00929672764779849,0.0137311997788151,0.00402913497360758,0.00128428230528834,0.00426439959513648,0.00410112378368866,0.00710280825574665,0.00363416794378071,0.00216453120867557,0.0124614291721668,0.016822797849498,0.00203449838873435,0.000372529813705501,0.00119713529460802,0.00513682340738179,0.00352852606618645,0.00318570629195402,0.000742247299281413,0.00778344243045239,0.000277601169458395,0.0023981477399199,0.00400747084790869,0.00429924135828251,0.00497191643334321,0.00271803468803986,0.00197043705457111,0.00461159919207077,0.00680825133061193,0.0183021732561433,0.0017707392644209,0.0021551345651508,0.00150756244126043,0.000709736560247654,0.00321953056265306,0.0036484140025541,0.00441800191229943,0.00178708530828851,0.00918596596593554,0.00302287594521633,0.00642380636497728,0.00330830727640961,0.00738982051945539,0.00243276169894129,0.00204528472924796,0.0034991926461434,0.00310652411606764,0.00685966095825377,0.00731908813301336,0.00221934440521237,0.00132289477042134,0.00135268266597082,0.0170268157472794,0.00788247747533192,0.00473530007761312,0.0126636827230232,0.0108422363199373,0.00277198565296791,0.00907552400383901,0.0142539103214222,0.0065585046086818,0.000816098242740277,0.00301259888693228,0.0023166022630784
77.25,0.00922915418992099,0.0148004236954982,0.000885461731190863,0.00844522171584894,0.00269515915439778,0.00411911919879037,0.0052876011644012,0.00215905664696752,0.000512464277370803,0.000470071625617062,0.0055296264804656,0.0100812853432463,0.000498389898231942,0.00476954441603208,0.00283760902423366,0.00439441409400861,0.0050582895486976,0.00412935514906372,0.0128729350683128,0.000993624235733512,0.00524544271168923,0.000808540550156706,0.00259411897342098,0.00191954084179775,0.000170334042563923,0.00181428028528158,0.00188255975975742,0.00606300974301173,0.00584608789969435,0.00892054376949406,0.00416867961629892,0.00347188318816998,0.000209560947747478,0.000468176658137182,0.00115582589369342,0.000664233217383554,0.00383431186793439,0.00822154093959617,0.00755538968049342,0.0115059197111432,0.00334047226548023,0.00333404885888914,0.0012506771453949,0.0024208898796284,0.00531152583797564,0.00035227280245515,0.00522152954337772,0.00262113787633449,0.000754230804843501,0.0082634164273608,0.00280110834926564,0.00239058049949744,0.0119254708312811,0.00791859498058587,0.00386432638821324,0.00176697219324027,0.008814486113138,0.00437526134514943,0.00986504856969019,4.13799909670387e-05,0.00855393536559632,0.000594765571937994,0.00762609525381438,0.00203491310703201,0.00286192597175196
77.5,0.00936412092880283,0.00129652939709428,0.0115943305410853,0.000340937960916059,0.000323098465890498,0.000193524132298241,0.000584242507974153,0.00286592994642634,0.00430750211914503,0.00215830122552414,0.0155888819212997,0.00210350436955611,0.01241482268305,0.00539222747957291,0.0108682002505291,0.00237802337951233,0.00128449323685285,0.000960505928001243,0.000313733902838297,0.00747667923722507,2.67156026510988e-05,0.00120964443597947,0.000126390703260173,0.00588998000510183,0.00785771555257531,0.00338143498404582,0.00288618767547282,0.00387525635408897,0.00179938134677125,0.00111796035685494,0.00421547819739173,0.00684011765436693,0.00636864318302503,0.00091933175905108,0.006849249112162,0.000457386163227053,0.000294380490922359,0.00157674776745816,0.0109503489156251,3.27553869558116e-05,0.00331660272922653,0.00301288499057455,0.00134959757033178,0.00276690748947273,0.00747866756363656,0.00147466084198423,0.028833538141394,0.00800390107814114,0.00116821850890415,0.00281833365077876,0.00516603832350267,0.00626638822654094,0.0159330576648716,0.00752746989765403,0.00821430403227247,0.00302810078206987,0.00121346728428893,0.00387593570168542,0.00534846325408595,0.00170312400207625,0.0212030599446895,0.00135159584189104,0.000163906831520423,0.000285532868061734,0.000509245428767475
77.75,0.00650081683900403,0.00109255551808552,0.00484947246834544,0.00223511173260666,0.00098301768662709,0.000755428241856928,0.00429529839087041,0.00284405991762427,0.00288721159257964,0.0246167077927476,0.00401034426409846,0.00264297660053358,0.00710729055485839,0.000611503424518642,0.00421484348422244,0.00959837052577158,0.000364654830498498,1.86883630178608e-05,0.00479072792601332,0.00136002189889683,0.000242553593390159,0.00841264551936437,7.92595998582836e-05,0.00228487909340784,0.0009893915751978,0.00859101443091435,0.000447567196125403,0.00897785660166508,0.00620515732320746,0.000693089514700105,0.00907455699777402,0.000143264469363588,0.0105411107587743,0.00201123721613797,0.000995899056922364,0.00716955874087009,0.00244858569152288,0.00359479010960859,0.000549336150550338,0.000265667729258949,0.00728432673339013,0.000970626642269575,0.00482248733130677,0.0010399694651745,0.0014955170419862,0.00189215389687371,0.000725550534781502,0.00110494265075316,0.00147031729338594,0.0056376215185351,0.000111187441393234,0.00513963940080975,0.00299314624293942,0.00904972900817091,0.00216270127002649,0.0240252743359825,0.0183380155418979,0.0104726372877851,0.00967208963737639,0.00333277550493669,0.0165835204913038,0.00930856746529743,0.00261902320232556,0.00489069105870405,0.00143921527504088
78,0.00559802995353742,0.00328083151475906,0.00084637144605134,0.000346928904564417,0.00159619875033199,0.00268642628912159,0.00340472442636902,0.000706569706799819,0.00247223344256935,0.0136074088472049,0.00115564404879234,0.00692022370237032,0.00397842850844874,0.0118016009664783,9.73638072579216e-05,0.0142465794900168,0.0138178416579925,0.00268567869788069,0.00484500818387313,0.00158627826995064,0.000228869151474855,0.00275688681711294,0.000479353671495868,0.0024472717316431,0.00092375974746442,0.00218199188044373,0.00191739252545189,0.00848578000495721,3.89513065606404e-05,0.00507072282335354,0.00100900663127413,0.0449478388750999,0.00226460028343752,0.00233614134223531,0.00194850972193923,0.00133038833579513,0.00871707816809702,0.000690030161497937,0.0217770152220561,0.00528711582386273,0.00377784449810508,0.00115778749415793,0.000681795258879786,0.00328409588669916,0.00533574763774384,0.00454898521789766,0.000651256935540118,0.0132710110088258,0.0053441952228212,0.00444088920013604,0.00846012402120174,0.018936227381708,0.0107184653147595,0.0145933450990874,0.00651771321010593,0.00218105671787536,0.00950510827456468,0.0154568324419499,0.00360192496737566,0.00134819752441118,0.0012150156480572,0.0122678462336351,0.00665415417863183,0.00267894326702623,0.000136667635485181
78.25,0.000939208087168318,0.00209353084459683,0.00146961265623547,0.00114228043097085,0.0018980644342252,0.00315209232686004,0.00100386404644142,0.00538081609648153,0.00180868134669333,0.000886766635543499,0.00257240459468935,0.00580431619963999,0.00390641855081743,0.012566246556691,0.00126463874961192,0.00351771878591055,0.000720347474413999,0.000829890799477187,0.00312255309255444,0.00440817629130934,0.000550656629598646,0.000444036265822019,0.000454242533729645,0.000774263427106483,0.00384407488971278,0.00578414122356079,0.0016811096084419,0.000260550332129686,0.00833661899503965,0.00503380963140321,0.00129285667368785,0.000516411277855291,0.0025867186700984,0.00374431758363273,0.00023306644497113,0.0043015689453223,0.00160279732330768,0.00332820093543478,0.00102609684839961,0.00105012292839462,0.00045450199245583,0.00119512939073228,0.000732231254759534,0.00116550055353078,0.0028422891014996,0.000634879926767545,0.00247525256209978,0.000728404030853019,0.00656891133793254,0.000162699010993364,0.001159056937949,0.00886075697709231,0.000349193255547573,0.000134229305846917,0.00538778103185011,0.0198513118004402,0.00569508544658162,0.0115694195112657,0.00673426737107491,0.000170513817040032,0.0111279541759839,0.0034838294840875,0.00116057348923239,0.00170640901802147,0.000599392813894234
78.5,0.00122290897345262,0.0166399623078906,0.00218562082905109,0.0075043851108063,0.00438162765328592,0.00235226031652801,0.000140319073890273,0.00333689497821786,0.00568388810823189,0.00434172188425535,0.00211323126011244,0.0102673215967442,0.00551078276297205,0.0304104742823927,0.0117232126291301,0.00224273629883732,0.00529613099118356,0.00459929821499953,0.00220510086701897,0.00310008686866132,0.00048968761297942,0.00081446590102201,0.00141226280650157,0.00295475347872,0.0058975246147581,0.0150877865458869,0.00669468455669449,0.00286357397568404,0.000166369482764644,0.00590870409164275,0.00675886702653412,0.0167299844686073,0.00128532110085406,0.00330014498808054,0.00121908432595024,0.00322621783948866,0.0012713813899042,0.00606249860300988,0.0100442901660329,0.00482642280738962,0.00484086394024017,0.00101469167277242,0.000391315648914828,0.00654163030093621,0.00236297913748772,0.00622895344552313,0.000308486793175215,0.0129925006306424,0.0162773215681013,0.0165944023592401,0.0112377394920043,0.00110630596985722,0.00196296003884923,0.0145152117191726,0.00441529834740847,0.0253795805547934,0.00365218283768738,0.0168785773824746,0.00771747224165614,0.00730399351518038,0.020487859757157,0.00424642610493765,0.00455495466125064,0.00697430451983672,0.000278409557324984
78.75,0.00155298259339093,0.00292561067075219,0.00235484713172336,0.0138890430437298,0.00455834196130312,0.00148244549988443,0.000635744719468655,0.00191786710658321,0.0100969658870119,0.00121646590698893,0.00265150340790993,0.000284349676559974,0.0180731839138244,0.00282943020390615,0.00804675751847899,0.000860022477544576,0.0101212156519514,0.00226548896646501,0.000656028474225717,0.00057769765035028,0.00102300078739503,0.00591237356586831,0.000245764558232698,0.00150823405532809,0.0044230718413949,0.000260574972676694,0.00453169679496778,0.00112074979953873,0.00370815661768352,0.00103008524735654,0.013658317971839,0.00161107578653345,0.000721276591272065,0.00115921161015054,0.00226118323089397,0.00254496960448209,0.00526018685714174,0.000379813512900188,0.000702080151938112,0.00946593985149779,0.00184677746035589,0.00105647458262466,0.000379942989566041,0.000127769935359588,0.000890547682088226,0.000748098430426832,0.00447915610259016,0.00513834993358576,0.0205679612850094,0.00458177363053584,0.00109571552695497,0.000318137780451549,5.04976228243834e-05,0.0145173388535022,0.00190664598094748,0.00582267867511399,0.0127984420608511,0.00013129531452651,0.00374167673142713,0.000486071543485893,0.00858909168259022,0.000798967272117462,6.79636883646848e-05,0.000696229566905204,0.000294141089257722
79,0.000381622393855203,0.000233485081031582,0.000340691604479622,0.00102169098406628,1.66371993878625e-05,0.000700274673331474,0.000965649604785205,0.00279297013254853,0.0116582904005715,0.00345476955103076,0.00142534931256591,0.00573641678855291,0.00255649903492219,0.0108780347557232,0.00427085458506823,0.00887687987205765,0.000116591707030216,0.0015533443068576,0.000100295230409327,0.00121968498748835,0.00179532017611454,1.40331269688363e-06,0.00215450458791492,0.00163748559093952,0.000432261139871237,0.00702736553055258,0.00127020830208958,0.00170132635161827,0.00637608081164815,1.84774494323145e-05,0.00269665957689491,0.000346473010720297,0.00874453233028038,0.00300480599145917,0.00159970041792047,0.00106491831753521,0.000762712803946544,0.000545179327091683,0.00266393751407945,0.00517873853175263,0.00183734508717617,0.000262173077154566,0.00182622604607073,0.00483787339611053,0.000899049427755546,0.000152008053024639,0.000915859229446842,0.00107671688115308,0.00991196005116162,0.000957906363052995,0.00372342258887725,0.000577413810504153,0.00143460750527995,0.000350069788054261,0.000222672272843447,0.0119899281195131,0.00522598455441528,0.0485814097795438,3.19182663751188e-05,0.00214109166055258,0.00476463152869393,0.0206148986271265,0.00180647770671164,0.00439221757936858,0.000577306414449025
79.25,0.0123729579419458,0.00803352332410497,0.000460336369688979,0.0115779431142443,0.00417056614565459,0.00432638426974045,0.00221857494997107,0.00370259275198085,0.000835235453555192,0.001618318382997,0.00949937944351056,0.000781113872759911,0.00435141546645814,0.00682365025744729,0.000454853509060275,0.00177561133081588,0.000759277120542303,0.00109308394338022,0.00280448211569591,0.000930055829122121,0.00183169666187993,0.0036282927318818,0.00355158451980074,0.00409328493182027,0.00512408872068847,0.00588701978406999,0.00301910357286826,0.00249437440881466,0.00112922816230397,0.00147389899285736,0.000373571687461801,0.000278250702818628,0.00332133695616958,0.00109694081475133,0.000527278809047516,0.00747539426393444,0.000570576595738711,0.00686583872984586,0.00137048377686462,0.00506564816200372,0.00144447798850303,0.00354357530153759,0.00283774764515788,0.00626259508015074,0.0011266296644689,0.00086933263436327,0.00548514350488287,0.00565568108626963,0.0125551719773725,0.0134163433546422,0.00217873412117345,0.000218399204517664,0.00630977791397917,0.00448054367862459,0.00845412464772183,0.0150861733908237,0.00178376360243359,0.0465024754755365,0.00315555279556115,0.00164887420182716,0.00520446346923304,0.0105937536015496,0.00197848537410014,0.000135771928530921,0.000256465098870515
79.5,0.0173884310366755,0.00172492423982813,0.00143859248132604,0.000920447810902496,0.00168036509057001,0.00140585716048885,0.0116972425890617,0.00082382346267179,0.011981537649154,0.00339637238185527,0.00483611415769841,0.00125704618623498,0.00252888421904439,0.0267992111078041,0.0105053400794765,0.0027612697511098,0.0007989244172621,0.00103407361684655,0.00154077544484703,0.000452290264585202,0.00202890685718748,0.000798054456718391,0.0073677668075244,0.00290339783257493,0.0028773083778754,0.00217983221411984,0.000350088531944191,0.0143758430251155,0.0146791747362813,0.000852440681102147,0.00108388069732319,0.0224228985386575,5.51083379447111e-05,4.53058507120643e-05,0.0023379341724072,0.00708236146600981,0.00232668507275377,0.00460238786087707,0.00233014458247768,0.000214461770844344,0.000704947496902781,0.000507823673848475,0.00102439622488167,0.00322527688277559,0.0138801568899264,0.00322742603819958,0.00377567101500298,0.00186956960038622,0.00565478926219422,0.0207723436401314,0.00605787797538904,0.000452866587633036,0.00476494421052422,0.00235473248456665,0.00911617159978423,0.00754772480354268,0.00398617631767951,0.0152932658743625,0.027791171375431,0.0025418784859859,0.0283038782139228,0.00758993811551683,0.000405348774576327,0.00259069743707143,0.000126588673191682
79.75,0.00187849833656211,0.000513366406444132,0.000216093416306543,0.00151095386250605,0.00308383216932322,0.00104164352754717,0.000334711937144269,0.00809180804526098,0.00215409481715561,0.00200337949404591,0.00627723519309489,0.000664956149297126,0.0135164685082979,0.0102906006267389,0.0107167913682591,0.00716762388244944,0.00226290226079925,0.00319167740755762,0.00172581016936008,0.000283686443236283,0.0125996158965003,0.000714350495497487,0.0034057674195699,0.000989888330337259,0.00390684962636619,0.00209092265944626,0.00070457183086843,0.000722519277933309,0.000399375477119225,0.000405716217464087,0.0067214823690602,0.011210345272499,0.00527127324170538,0.00212130374692094,0.00014377965746249,0.00123866046636265,0.00159760219619103,0.00014266774688532,0.00210422639922983,3.5985213146872e-05,0.00386840505471152,0.000130013370683548,0.00154242012440459,0.000495104181848833,0.00241335112033414,0.00183128340160789,0.000888209580231985,0.000989769833113722,0.00364867554333592,2.66560151985778e-05,0.0015375596272336,0.00373030705624157,0.00119253949979455,0.000662848591729486,0.00732098034697525,0.00728767449668273,0.00774720079358544,0.00834075116405637,0.00197116024509044,0.000489112866927216,0.0174339591131585,0.00420427919844114,8.58535061314594e-05,0.0018869419317135,0.0014710591071646
80,0.00388300396264252,0.00268259978159035,6.98427111343435e-05,0.000951381539621235,0.000437465465353785,0.00448880459617482,0.00118604448901851,0.000614634198649198,0.00164469020193789,0.00477533070345254,0.00172842165187148,0.00260565580866245,0.00877643869099299,0.00245735377445772,0.0061873574264245,0.00232581885425195,0.0159079075575473,0.00402196691346075,0.0102031979969386,0.00136221766270064,0.000267840659001223,0.000855511864439577,9.28155172501312e-05,0.00157571837347154,0.00452284060589274,0.00113152027895758,0.00478877804414313,0.00215050420165271,0.0200080719052177,0.00010314114099456,0.00215259854199244,0.00508780664416406,0.00459772384009448,0.000546724083682628,0.00385442012680153,0.00112325996003953,0.000285056295747486,0.00218865586418258,0.00453397395775899,0.0101258187008276,0.00048300723070043,0.00269528818129028,0.00306798091146702,0.000509236445444334,0.00534195834600296,0.00861397952121424,0.00401691605162462,0.004184113894435,0.0204450851215705,0.00584577377954218,0.00518671580140791,0.000923541308758978,0.000128582398799675,0.000796564167821508,0.0178617662010568,0.00651950744377488,0.0113878112816429,0.0122659558606585,0.00253865682055726,0.00141688835754324,0.000628420478009241,0.00374744884552956,0.00310139360462434,0.00331483105521724,0.00245745179291834
80.25,0.0145306449632404,0.0067274185594544,0.000963819926139687,0.000277402198809504,0.00202434430756404,0.000527641431026923,0.00220997867467725,0.000315315181254149,0.000314728259143639,0.000533769198173075,0.00572570838498547,0.00756913371785327,0.000378394377918285,0.00487838737745387,0.00421780258029588,0.00252830479574334,0.00211159000882939,0.00202474543635003,0.000976623809723704,0.00999396103041616,0.00114520569356247,0.00117530359989647,0.00416417067282167,0.00247456658496158,0.00116445825763526,0.00433965713154093,0.00224618956379266,0.00131714239067221,0.000426795677666075,0.00226960421203887,0.00122552132258291,0.00080505004310269,0.0013616999609587,0.000150609484297532,0.00222165836909147,0.00374457754705663,0.00420256551295119,8.25774217216078e-05,0.00597757001428683,0.00573943840959101,0.0028223717150301,0.00883809897434016,0.00143042647028675,0.000412987528153389,0.00143090597509732,0.00428755456578054,0.00595213127620645,0.00594775036047211,0.0201863185310084,0.00179529284393667,0.00364882862998594,0.000104117653068219,0.00710721692231125,0.00380067393979895,0.000133848317593324,0.0129791892959755,0.00657257742669899,0.00559059142019952,0.000270759973168885,0.00164250058033589,0.00632737049468589,0.00234857361463063,0.000256504944529329,0.00775287876180253,0.000176438395378125
80.5,0.00283003119041478,0.0056221005925857,0.00712011812469319,0.00353140409762841,0.00394324533123697,0.0105914247729534,0.000615876295961036,0.010027312506412,0.00772509704322903,0.000775026021279827,0.00640789563508179,0.00294823846162778,0.02945729848743,0.00657383917677368,0.00355211745628124,0.00423402675541184,0.00272939334452742,0.00488561257620256,0.00173229120915406,0.0047964706396903,0.00272144907969452,0.00917270020284372,0.00139295741432746,0.00163314357331474,0.00499439701431608,0.00363627209226831,0.00146044030120113,0.00732283338512393,0.0128312470391912,0.000222937108708064,0.00751570396109164,0.00426803290982692,0.00472141813475075,0.00591807400878601,0.000587299720876445,0.00500726267433546,0.000167237818738314,0.00105706983209381,0.000578493206706642,0.0104150910376369,0.00208106637373728,0.00458757999308087,0.000391225179983894,0.000416721983020839,0.00554097893106304,0.00076624555654292,0.00145604789105265,0.000728710192130022,0.00102989395180572,0.0076537738898181,0.00208853934039857,0.000459182264308686,0.00597102363387474,0.00119262676763066,0.00216336103870264,0.00429294493550573,0.00339405831914544,0.00293758338589161,0.0118695765766692,0.00260526320077008,0.0352975566671887,0.00554485702376826,0.00588601277907483,0.00140790700929977,0.00065208315927709
80.75,0.00207248222346319,0.0160778240120102,0.00126983136954551,0.00158997407509071,0.00271858723494156,0.003062583878361,0.00366504957381591,0.000214739487946806,0.000545687017535759,0.000991185911812295,0.000984522421616523,0.00451827338394206,0.000189424857207275,0.00710544762660528,0.00698475989274019,6.73046881925453e-05,0.00823823657775148,0.002252130840368,0.000590113043826191,0.00316393412895137,0.00310682506029308,0.00226168730112325,0.00304510299866576,0.000520742994787795,0.000847119436336641,0.000720049247341363,0.0017466519492989,0.00261936519383882,0.00375806061842959,0.00237587434779723,0.00429939526285588,0.011161392722028,0.00438094818949807,0.00277339410971253,0.00587327287643718,0.000507696011117788,0.00204537347039661,0.0100417913765542,0.00560693761100286,0.00338488405306392,0.00215119722343513,0.00311354845134397,0.0025919131167261,0.00116457155511219,0.000866871803834906,0.00101390070215699,8.86564964611387e-05,0.000313651169218073,0.00294413143925678,0.00490998698932737,0.0012747356319458,0.000181822034910259,0.00663851701811524,0.000856343520247164,0.00642339006037878,0.00159376932635163,0.00253443325131673,0.00926887575722987,0.00399978929068157,0.00173983251804083,0.00238246536372266,0.00169390526402336,0.00188503570201018,0.00266265533701242,0.00170131595832073
81,0.000762809220123053,0.00569598211843552,0.000855269552559063,0.000495561223581434,0.00181895671347417,0.00454501454352973,0.00178569872903457,0.0147296210601851,0.000136531710229588,0.00478404090377865,0.00035755819370423,0.0103446152704645,0.00775743170310467,0.00459467238686848,0.000108672338248933,0.000885355961189834,0.00446046152971652,0.000293633713116472,0.000442471559591692,0.00146484015162407,0.0020392715879287,0.00141031950086824,0.0063319307289015,0.00234423286878309,0.00219362826971907,0.00500833857513585,0.00436961768101788,0.00263986271555649,0.00414876797056037,0.00392175055568759,0.0069656388356763,0.00222239413598273,0.00672753501484113,0.000426506223946295,0.000298231373827783,0.00329719130258793,0.00161120140945113,0.00423000619791702,0.00189128366905025,0.000325227275701696,0.00239726418416373,0.000966281645486065,0.00250084613205556,0.000505911261571359,0.00288286482834526,0.00267469665930602,0.00301960356419999,0.00148337699913164,0.00951082832736291,0.0200218251148118,0.000315884364109284,0.00329811973013069,0.00549317363363264,0.0101754000346939,0.00159937410981811,0.00636233213766826,0.00324259552570769,0.00104927867578288,0.000575207343023356,0.00543887275683918,0.00221424994519033,0.000366942208981735,0.00169578534476811,0.00163476793126886,0.00103237032611309
81.25,0.010317572047028,0.000503295474204836,0.0114788272418664,0.00517957801197769,0.00029928206207745,0.0100327153338855,0.000723584078070027,0.00232545401378445,0.00270643556863918,0.00285751299631328,0.00246445738080062,0.00329667050375035,0.00555422532847206,0.018176959262666,0.000228666702107137,0.000706066908947803,0.00237977887421967,0.00271300355528148,0.00179404496647264,0.00384454177843436,6.72141843985254e-05,0.00136889595419762,0.00144562513354027,0.00168100198150698,0.000367802539126818,9.8613446976327e-05,0.00236570953912753,0.0118540710641187,0.00547429765100258,0.00114468552197414,0.00210883663219155,0.00170845629715807,0.000174549606519669,0.00400286830535294,0.00137821243026905,0.00791351018418802,0.00397967821959143,0.00219826172416186,0.00917316857869619,0.0111833851632856,0.000978953316357513,0.00497112339475133,0.0029213944903965,0.0036642985330482,0.000565278585182021,0.000747963850581324,0.00345621443772943,0.00145874495786763,0.00510637485074452,0.00264186833398821,0.00675595556736797,0.000574689761477406,0.00985480312220603,0.00159703148350873,0.00194640929705314,0.0188994948636333,0.00241634685524072,0.00161215565116283,0.0123518764018352,0.00248553180151835,0.0190903195002718,0.00046224150976494,0.00241773882771759,0.000337685816702871,2.60607461680596e-05
81.5,0.014697166669161,0.00035383788062974,0.00601610160480477,0.000400748203781707,0.00170616422141931,0.0022888425622041,0.000685902300442877,0.00937584065870639,0.00283477463928552,0.00647348526861572,0.0100580236969443,0.000621003685017135,0.00472241043863823,0.0145061141460876,0.00347818696425141,0.0085159874688572,0.00323635544906509,0.00411995013213835,0.00128420182010434,0.00366685768517276,0.00119244282715793,0.00732172663467005,0.000546426192104747,0.00926683464696648,0.000395170126689904,0.00464613678189389,0.000140192568263472,0.0089666085979279,0.00224946767241795,0.00178855868484808,0.00614959265756829,0.00969539118776341,0.000682109650321359,0.00422131342414992,0.00490169443810299,0.00113096569762606,1.81069252894159e-05,0.00195046079404336,0.0146340405345,0.00314903023288171,0.0104179707363909,0.00194262413668438,0.00148460809875225,0.0078201185049296,0.00137968652034484,0.00263476471724093,0.00267020616296317,0.000519041598011443,0.0086111548004842,0.00713775754792276,0.00185554966931487,0.00218895985055132,0.00571017482692645,0.00386814497666633,0.00164233151895593,0.00318981207080248,0.0179984765153217,0.0160984632563325,0.0108012346498954,0.00140051608332158,0.0140009358652502,0.000787832447864219,0.00102828443330389,0.00169663008261664,0.000381224532833154
81.75,0.000614244981131893,0.00631062334490611,0.00371815669156493,0.000463794607826848,0.00160080607833704,0.00255399818865319,0.00177674006363615,0.00141681170901888,0.00466677203264991,0.00115216092067643,0.00357117480500369,0.00214429464450766,0.0428887985951516,0.0269405549077874,0.00128934585851571,0.000385034915809826,0.00119867579014318,0.00344245097790687,0.00289323700169427,0.00166752555926935,0.00143089109969152,0.00181673214293244,0.00210760710385572,0.000535560644541887,0.00882962015951038,0.0146839410183113,0.00947505217842317,0.00116312284093381,0.00433517111071146,0.00329899188346752,0.00525429965010329,0.017719339676722,0.000940351946215836,0.00111973089766791,0.000345645964749609,0.00283822578511655,0.000320818883806934,0.00543315673977846,0.00325612480615789,0.000547689612364095,0.00435816533349746,0.00771336137870107,0.00321672148446235,0.00409737306882701,0.00526841863126352,0.000134296955726707,1.0069929436096e-05,0.00128390034623046,0.00804433053415924,0.00556894778413772,0.0042841783240506,0.00105898907901385,0.00369768715341374,0.00285936206494625,0.00569568467694074,0.0301410740482926,0.00660719976758773,0.00382899732008858,0.00488605982165498,0.00265693925874463,0.0054047365497697,0.00345436716411235,0.00818858103996075,0.00131998056257135,2.88451237048969e-05
82,0.00132918952832196,0.00130219344661579,0.000261933363485906,0.00324940817190361,0.00179164717116803,0.00458279854177617,0.000775831337229445,0.0016742679269268,0.00297472352261447,0.00443326796583845,0.00185588967782132,0.00354097273649021,0.00399700895104221,0.0173020700952102,0.0036936045504355,0.00759170908027122,0.00169587415662594,0.00323126789484436,0.000797269503442768,0.00087670482106537,0.00142031442376625,0.00021924108954104,0.000598607816840137,0.000189767017462974,0.000342022602196087,0.00550230580462682,0.00349254255804486,0.00179316244423287,0.00723546002438795,0.00511775082551946,0.00501296808746075,0.016087868054575,0.0018853383253891,0.000968304150036371,0.000586467957602282,0.00263846201555771,0.00476048714268266,0.0029488267465359,0.000119299209267184,0.00398230446049464,5.56593723815751e-05,0.00145719707527303,0.000219304937522299,0.000454771126004,0.00243359315638187,0.00473853690370677,0.00400923335452701,0.00176775246468754,0.0106197074329603,0.00826053777394984,0.000797153307115675,0.0025291083089396,0.00289812870243433,0.000687233019880857,0.000551403218312036,0.0168353776985495,0.0138274305310517,0.00485106306732297,0.00168981202541278,0.00399304393854748,0.00941002220340285,0.00220860045142449,0.00359324425924787,0.006077352198567,0.000127168820652966
82.25,0.0029742052236984,0.00107120528127841,0.000967548854789683,0.000635688581393772,0.00195109453511595,0.00380014538390764,0.000499995831169944,0.000682081137466506,0.00298510191179742,0.00502545879254032,0.00564708610763632,0.0150778232372897,0.0082655943117634,0.00313955705204658,0.0126408249462462,0.00519004247579255,0.00118266415795276,0.00196941450475405,0.00384923281299217,0.000917885125957356,0.00625364332710758,0.00298729991384239,0.000628064196920073,0.00121513839943935,0.00125134837468152,0.0127883843451259,0.00866180505580379,0.000249139432103764,0.00572479270091141,0.0117102757526114,0.00595033909907646,0.00181684794626011,0.0015796035282841,0.00191425390090495,0.00780125607211303,0.00735388199344964,0.0012760088176754,0.00567104218615459,0.000417239375568722,0.000841003343326555,0.000124063530315309,0.0026965630600669,0.000945307992092886,0.00197879143127644,0.00249826734166312,0.00628264006109667,0.00593656829903316,0.00920072937614052,0.00560663083747894,0.00444013532934558,0.00144268681148529,0.00402506619674825,0.00129824142224069,0.00376784680820698,0.00313158141429108,0.0219291294023265,0.011333717539809,0.00301042415271657,0.00156083751817209,0.000300705730048227,0.0139935340823874,0.00268291860540441,0.00111535932187312,0.00210923121239298,0.00346717203825707
82.5,0.0050774048949345,0.000131429364815578,0.00529223915712701,0.000217898490256573,0.000355683841086586,0.000389530357753928,0.00520881672149221,0.000338573056201872,0.00141352460158972,0.00471200366390344,0.00507317800622162,0.00308555858872383,0.00303094182781513,0.00717322012192272,0.00025860280593099,0.00852616097806613,0.00170725583633328,0.00183581184914014,0.000103835874508598,0.00266762843971533,0.00139859382887721,0.0011459347967307,0.00840865708017008,0.000619856511123004,0.00251984539586858,0.000504144464357608,0.000583486624734633,0.00632614725053035,0.0031516399630563,0.00225211911231079,0.000898780859641248,0.0123793006613926,0.00579777915820226,0.000862815118715636,0.00021378682729138,7.5113498977677e-05,0.00318699422536207,0.00157390440907051,0.00163556564846373,0.00151361871833086,0.00111012823117985,0.00190028212074353,0.000793978160504674,0.000704303549264896,0.00575261275559866,0.00467068156232252,0.00214113034385337,0.00531776657458977,0.00885274481613132,0.00600261387258777,0.00248979960799767,0.0049973701210217,0.0064555282814129,0.00687688796197329,0.00225971429042233,0.0040172017617966,0.00855664457220945,0.0141865741320836,0.00209762360792426,0.0107749667886068,0.00087265374689166,0.00367166900387395,0.00088590004117011,0.00409224284214055,0.000566527458042449
82.75,0.0116214091541708,0.00712006240446032,0.00957287240379813,0.00255643698587949,0.000316272096715311,0.00262850856181939,0.00369770808439109,0.00873234774659055,0.0104990626187291,0.00649157134230188,0.00320441558816421,0.00191795679561269,0.002909190869369,0.000443035530238872,0.00555546658979548,0.00463570255582283,0.00688475493630978,0.00444715318805675,0.00412606729811015,0.00285738134234118,0.000405310067818498,0.00994590340888764,0.00171918074284705,0.0019026006020476,0.00334038981960805,0.00099290123089074,2.76724224243502e-05,0.004162953585692,0.0139506726664074,0.00271648446251774,0.00183593527685377,0.000274778781648707,0.00378289953984525,5.96451784236261e-05,0.00024183118588027,0.00580341530080104,0.00553226812620246,0.00129308348865203,0.011728712169053,0.0254330385344509,0.00402497367604849,0.00120528848034237,0.00100499649596268,0.00381738708041985,0.00849908674957757,0.0051757427854911,0.000462789814246439,0.0018286263318092,0.00335951947241367,0.00401939448018905,0.00054345754337625,0.00200901320349774,0.00251815320973177,0.00558709603685199,9.8470223994964e-05,0.000270696165009626,0.00592114957851912,0.0327125886606317,0.0121939250504191,0.0045957316601965,0.0181161052779852,0.00308642220551593,0.00241492018509245,0.00436252715234921,0.000962429645023995
83,0.00573480007963368,0.0160580897483696,0.00713293931308601,0.00258052706101852,0.000558198552301127,0.00164147472173997,0.00581501614323242,0.0197305991714769,0.00519958432338061,0.000488875544131465,0.0180316344772897,0.00614626923816678,0.0218976559224622,0.00214983747335692,0.00255508830771855,0.00355523792586329,0.0198758460209507,0.00231714818036038,0.00406708846779221,0.000275807560659239,0.00279400111027915,0.00138650508521872,0.00470835058642001,0.00286482359881855,0.00114622708109745,0.00527494270681688,0.00379830025872106,0.00262766743425165,0.00787031370703659,0.00311315719785718,0.0280439211293568,0.00581997439895716,0.00967951567991998,0.00158069494748788,0.00307509653153811,0.000111430717359559,0.000738966464909689,0.00508360956808282,0.00502525678770854,0.00875094664491199,0.000546673619932739,0.00376567009020126,0.00736660256416841,0.00329496333913927,0.00834787714091273,0.0076057582336977,0.000847878184207845,0.00322561510472844,0.0270843996657789,0.0114267477429705,0.00256587828440108,0.00385620439351096,0.0177284882266799,0.00368256609019669,0.00621258578543948,0.000442981298813779,0.015970060683254,0.00926968096154015,0.00195801554639541,0.000137240223165348,0.000187739853274284,0.00117350107071045,0.000809279251991763,0.000761781916266683,0.00115173915516024
83.25,0.000631437300817812,0.000722942164526588,0.000984839584973048,0.00150557788947396,0.00625066276053873,0.00153663981511089,0.0015265067425094,0.00215393629310557,0.00171666158563113,0.00376826135737875,0.000526644216791872,0.00193938496332948,0.00050824528410571,0.00217333918150249,0.00362414763216277,0.000267781310823615,0.00133869960955759,0.00716412267025697,0.00170338327478929,0.000277001527985194,0.00159577654003237,0.00103315188318022,0.00256532729642872,0.00117427087827698,0.000435728733472777,0.00392716503408554,0.000355858261429073,0.00109686298377841,0.00452848549916804,0.00121764928546411,0.0152690683780171,0.00332921501789303,0.00123178979588466,0.00280827938853093,0.000381156016132897,0.000566632358370655,0.00162411275667376,0.00433125162791981,0.00297124361576801,0.00177603932843952,0.000240047119210835,0.000643627365020274,0.00108728934868351,0.00286582942080236,0.0044112966464968,0.000879725319379976,2.33064855451563e-05,0.000245581316602207,0.00102218435096203,0.00469141430712196,0.0029471410960203,0.00156105551188974,1.44422284041633e-05,0.00205945789512574,0.00407158725481602,0.00171009602730621,0.0200678264154906,0.0088436812264096,0.000946419564312592,0.00364868214707371,0.00397055219701607,0.00297407421565589,0.00532540420797964,0.000654830623620561,0.00290236522104931
83.5,0.00127142681116274,0.00735029918706824,0.00204590146097479,0.00453017098199194,0.00214984737079407,0.00198162226336409,0.0002210536394186,0.00205144336006348,0.00148594033853593,0.00625443366117927,0.00568744418951281,0.00291466096780411,0.0197348752734792,0.00412921172107568,0.00353401516680545,0.00175173642311757,0.00235242930505624,0.00183244031040545,0.000695936306273557,0.000340801725290136,0.000190907028868353,0.0116474055886266,0.000614493521068532,0.000213530770069317,0.0076558943222262,0.00707787157703697,0.00873294332247643,0.00132168418383492,0.00611831149542911,0.0129891006334217,0.0146589260139818,0.00523931157196584,8.78576543180363e-05,1.23460168144961e-05,0.00114508620098183,0.00500878080550426,0.000992971261224211,0.00171234798149716,0.000966869561429416,0.00597618329521836,0.00676568092065238,0.000492844251980112,0.00113928202088259,0.0114481227026398,0.00203732172005581,0.0009600695916214,0.000724017920021203,0.00343160801799847,0.0133441624583353,0.00696434404665121,0.00432332319582507,0.00671205285382519,0.00336001434308226,0.0133376769475617,0.00507951900591522,0.000621098249509998,0.000516046306875384,0.024314826281856,0.00012292568358051,0.00688162782934338,0.00701042794923896,0.00698582768760744,0.00152453701990904,0.00235788270648473,0.00110394458328412
83.75,0.000120557447202402,0.00399708407600256,0.00455809010182733,0.0172872168332872,0.00225954669319244,0.00284687306389972,0.00198562849914668,0.00343593508410252,0.00378985373441156,0.00103568964409382,0.00319803425175498,0.00713103802141923,0.00399635366879863,0.00824256759743595,0.00958606358898135,0.0054808693012738,0.00380510082213163,0.00545059177188286,0.00166971396177557,0.00127793910450203,0.003660320746066,0.00602330013125578,0.000299847467415272,0.00176279376453121,0.00579994036889245,0.00442376464642275,0.00744906237069884,0.000887220152742171,0.0154748379839318,0.00503188962563508,0.01547631096516,0.000447312392337877,0.00236758189935791,0.00426899887965254,0.001284533447931,0.00978164475135729,0.00839913899121943,0.00515332652892454,0.00367618566304504,0.00495500227764346,0.0105984058059035,0.000661661048333991,0.00205946070403937,2.32056348151838e-05,0.000750231011902193,0.00917209312625144,0.000972174041370026,0.00826801464200496,0.0340666433873419,0.00605133008242317,0.00340201550817954,0.00387582724208592,0.000557535123790049,0.00212456183674593,0.0176039653955426,0.013241844248514,0.00597926014568023,0.00134740990229755,0.00935191638483925,0.00575292211991694,0.0535343161576337,0.00108345956608264,0.00373058702784582,0.00287846917345327,0.00193046332656781
84,0.00116588551821404,0.000890666047350136,0.00180124400297459,0.00241047294165003,0.00104810786924219,0.0005825477958901,0.00258315517509386,0.00449001733615635,0.00379892115248482,0.00566028883934352,0.00249510267312961,8.01151660839731e-05,0.000492204373529093,0.00375381808974773,0.000289870248978552,0.000788234938398593,0.00243683502749321,0.00249034023735692,0.000119265570228842,0.00124488828636617,0.00204305485088278,0.000284713810238473,0.00113259582815717,0.00133768001986076,0.000503720389837589,0.00288376435610458,0.00558355875858771,0.00159491103408078,0.00215718133421857,0.00229932256177485,0.000770847716427301,0.00424009774123041,3.5898494844498e-05,0.00083286497027307,0.00534757490943706,0.00205399259265744,0.000707751543673149,0.000562691160198396,0.000380102160331327,0.00121549499136391,0.00415849251068477,0.00607769455707997,0.000353646227305113,0.00103473085613176,0.00260107589997229,0.00301584795054034,0.00190857980103138,0.00543016799248122,0.00126045118254187,0.00015926216968548,0.0105338602629771,0.00175568861581127,0.00157713051926015,0.000693078282163285,0.00327548955098842,0.000925468611633192,0.00865887098461891,0.0189719690417408,0.00285397855745105,0.0020748023054126,0.00610427219575829,0.00237838693297789,0.0022922538617134,0.000317032491770013,0.00090113142953743
84.25,0.0269523789608877,0.000133211780410065,0.000511960505101515,0.000646726344632541,0.00153834702982811,0.0163804437318239,0.000312253117392875,0.00170217142517256,0.0118947766033296,0.000857035235501099,0.0122048275634246,0.00234006718766215,0.000999795045179419,0.000719623721188413,0.00215050644832191,0.000380072461431753,0.00387823891743966,0.000383261253601447,0.011492427235227,0.00336314520073754,0.00182971360000534,0.0082221122640045,0.0071230226075043,0.00617425038953704,0.00748386218556093,0.00701728287540144,8.67189436784746e-05,0.00298318057952732,0.00499039047097283,0.000901318127051487,0.00708021617430409,0.0100013887204066,0.000323950788493233,0.000144229044161974,0.000412330313833895,0.00474352584618255,0.00020377462869846,0.0012174900941096,0.0174644313374924,0.000369843341220521,0.00268947128589978,0.000806635671285022,0.00274326463300949,0.00846242627329356,0.00167695322682983,0.00205351841234387,0.0106990431370386,0.00784508890562576,0.0286024380247701,0.0306224741432088,0.00355978795952155,0.00107032294636198,0.00819240664214551,0.0116053340839959,0.00984182186293568,0.0127220694775537,0.00493201715852269,0.00552389671715618,0.00620579905183245,0.00164822715968395,0.0418614584345251,0.00234402524181698,0.0014034025903468,0.0029662063844708,0.00235481044940685
84.5,0.0102387290191405,0.0101625621969761,0.000671220535259015,0.000235489906086676,0.00215676831653167,0.00139699151142805,0.00400271679954537,0.00333080626979939,0.00467558817902759,0.0074061693674169,0.00342962383408062,0.00856870528842944,0.00341859464949934,0.0161268520149948,0.00130894148601592,0.00200849428430522,0.00554090076301079,0.00154369270326502,0.00163996936898446,0.00388863430291195,0.000750400128138258,0.00337268743625036,0.00291689845467051,0.00141697584457213,0.000140018699390889,0.00512897552210532,0.00194880079759773,0.00339846691317345,0.000808508595354399,0.00389523099375083,0.00193511457866888,0.0150046737051003,0.0044750098910214,0.00194975669897242,0.00506783082996981,0.00484139428918702,0.003029773893507,0.000881251303003078,9.04493962032802e-05,0.00237456382070542,0.00370053529146684,0.00109504105001788,0.00016883331635293,0.00147006602828683,0.00220522164996831,0.00323910660601115,0.000716272897998231,0.00147331514642576,0.00186765706961159,0.0170420022407707,0.000926036060711744,0.000789507445242045,0.00430560961342822,0.0155211663855721,0.000955642473849205,0.0295072769558739,0.00115567824728974,0.0154530872065542,0.00137542199320321,0.000475549716751274,0.0301447372105088,0.00584306241662916,0.00209520006679832,0.00618572027606565,0.00116696586821155
84.75,0.00955793223386679,0.00398880904228954,0.00195521491198599,0.00781790685532247,0.000339911842694455,0.000103345451603313,0.00923733180976049,0.00090552700513605,0.000796123430419963,0.000889892051213833,0.00189462197147304,0.000567748079988858,0.00128556641176562,0.00650639597925405,0.0137167467921326,0.000932893506503796,0.00461685371820254,0.00362899621881932,0.00217746569244603,0.00108615778557043,0.00239250186074214,0.00617105292654923,0.000371964471353864,0.00196377459070695,0.000552536568010914,0.00132480365711046,0.00297800979657456,0.000289911153941273,0.00205722706768439,1.57041123209855e-05,0.00164685133652859,0.0070992452984943,0.00135812242851446,0.00411051164412313,0.00535225857736505,0.00126093512305296,0.00422542226311523,0.00391411434839677,0.00114485745495371,0.00102366277190766,0.000389155657178844,0.00123519995638763,0.00230310338514866,0.00288490690529459,0.00116507302335038,0.00661161388586966,0.00823889142633298,0.00165432423728204,0.00175121748743587,0.00338482560136829,0.0034009016347802,0.000644401075112759,0.00105200074089997,0.00071482320760346,0.000533249752422184,0.0011891364015018,0.00178522244932035,0.0105515891483793,0.00767355282225447,0.00119694140700255,0.00975801098496439,0.00278751677635599,0.00130964532470829,6.74569415014068e-05,0.00190956841898456
85,0.000477242033559322,0.0171249918017906,0.0042257062866194,0.00304461474031053,0.00209912240094916,0.000212236913980899,0.000927219517151951,0.00311403004848433,0.00980538891603311,0.000135066765042799,0.000961084081940015,0.00237410263298086,0.00657095474801334,0.00518104720148486,0.00232399849202723,0.000147145626862522,0.0100926852632124,0.00214610677209392,0.00357958693600237,0.00356120661809964,0.00132678174562485,0.000625111785055953,0.000948321460374484,0.000621020867462412,0.00235834581614786,0.000128433820314664,0.00367349863562998,0.00362874216825955,0.00116342251835723,0.000675683040618811,0.000767860242340643,0.00656721591572547,0.000220017129814777,0.0114246898357959,0.000976583291796291,0.000368435569291188,0.00294724132029172,0.000413588189911792,0.00490834351685858,0.0211606577393867,0.000506927025202322,0.00176361844225854,0.00137275292908243,0.00251835208196485,0.00657085198126154,0.00430195437887015,0.000224019758381131,0.00890229525183382,0.00545257577553231,0.00143469542195558,0.000370113802622695,0.00351215046995231,0.00111155382027608,0.0163505465261856,1.74096081003055e-05,0.00983735805428654,0.00691658278759375,0.00239205850018366,0.0118283062128956,0.0100639198059528,0.0386305428879883,0.000256619015994246,0.000162178089031356,0.000825696149473929,0.000893632764079039
85.25,0.00126644856942162,0.00305257746312464,0.00196196293972946,0.0018064122596412,0.00128935964485943,0.00149226335505649,0.00335996637614654,0.00112035165818095,0.00240288914565525,0.0101704006617113,0.00151349651133918,0.000873110158846549,0.00437566797756419,0.000881366867560319,0.000726470870454411,0.00188853988152451,0.000131964232496536,0.00239094901733534,0.00109184565974926,0.0043822570891586,2.91288148850098e-05,0.00296245190749974,0.000287490604302877,0.00158846139208312,0.00366586968266797,0.00171468814220613,0.00446864857874767,0.000352946107641836,0.00697004898284613,0.0026183436587507,0.00163160023699414,0.000567957142752992,0.00130776961187584,0.00250887000639371,0.000853434482284343,0.00260989476535172,0.000312182976096194,0.00176038064492754,0.00123935271167673,0.000140086488216505,0.000342305810070515,0.000266214990062983,0.00199480362429925,0.00119472265178751,0.0003191781957515,0.00430325673312111,0.00185735885910216,0.00143793863912155,0.00503896546725261,0.00288630185459008,0.00144529894563384,0.00162187648684975,0.00205177514950465,0.00342492395699342,0.00693241426606413,0.00556969323633311,0.0073748481905032,0.0268149398195958,0.000434466061204186,0.000821452271648973,0.00628162703591797,0.00516829970578162,0.00107965167285015,0.00091568012658373,0.000442118923402886
85.5,0.00741579022371915,0.00340896208693402,0.0027827196168821,0.00177280090588108,0.000851817039660661,0.00614273704408463,0.00541916231586249,0.000474560569638575,0.00194888399300063,0.00540485237815184,0.00343513696917854,0.000330889570174618,0.00042143156930041,0.00423079213426661,0.00150316549662229,0.0031122638471677,0.000530111790902928,0.00124155393937352,0.000880439613924775,0.0013549500997689,0.000708178979554901,0.00121209428537774,0.00207005368381311,0.00164074867154905,0.0015300362513677,0.00192151656375298,0.00053158566016364,0.00778669922702855,0.0101451438413399,0.000882805169031241,1.01057160079021e-05,0.00217435391352248,0.0021026085742514,0.00834638397515789,0.000447750812202237,0.00162081754833705,0.00542117085552364,0.00253119716242438,0.00137486453680497,0.00056384883279378,0.000961435785342559,0.00228641601519733,0.000374722160691208,0.00393088963552427,0.00469808301842307,0.00241829343924777,0.000897594623052539,2.94413840614535e-07,0.000481085527607794,0.00600632540453367,0.00093204779264871,0.000615990078978341,0.0054956767336655,0.00141634817451024,0.00413183159147478,0.0163544128181664,0.00847540812348823,0.0249265568474381,0.00127870366151251,0.00474067122057839,0.0104693923576879,0.0105821249733803,0.00258209387947563,0.00577874608082857,0.000825950236125233
85.75,0.00138590994046269,0.00199906499475433,0.000876373714837527,0.000409900259783121,0.00403295573362823,0.00213293110465039,0.00244280649716299,0.00102306590729848,0.00158726443534482,0.00204706497092421,0.00041588892481315,0.00453647613700111,0.00550633372596873,0.0227898500028874,0.0102539749532312,0.000534952075203038,0.00118820057127333,0.000199947166772735,0.00641729662653505,0.000395244214466227,0.00183919465361943,0.000831990388935257,0.00216725361907487,0.00588765129348453,1.05917969412465e-05,0.00323928900815687,0.00215680620554998,0.00457202695231796,0.00426635311588645,0.00200426897739721,0.000628952048707961,0.0171992394620771,0.000187529226462864,0.00406861720206931,0.000139458867868421,0.000258280311844072,0.00317317495967612,0.000928732692365771,0.00499001802560234,0.00476163218675206,0.000167012052525995,4.00563375698252e-05,0.00017264373823621,0.00093817349428601,0.00367416246948792,0.00047610761581272,5.04991226316436e-05,0.000341663496396796,0.00864020867666396,0.00244700590524283,0.0029479154562576,0.00150725627000433,0.00132067598181849,0.00351681259755895,0.0012388842948805,0.00558689560491374,0.00138918833926929,0.0328525299806832,0.00493410324022125,0.00436301895332921,0.00180117551949981,0.00664908485890481,0.00127881939101501,0.000143519245008129,3.67573432287484e-05
86,0.00788646666526227,0.00876666630420203,0.00101943216922733,0.000543434553081801,0.000993191630788363,0.00427313848377499,0.00357113155137352,0.00184655494965313,0.00844060504032941,0.000973225424038195,0.00449585399486767,0.00200311463076325,0.000126312499559891,0.00872117399939227,0.00357515404736096,0.000541049540302967,0.00974176730192603,0.00203147078380657,0.000488885142923536,0.00067514265823479,0.00153321542300828,0.00157125350168721,0.000780695829418476,0.000631387250556717,0.000274376190533546,0.00571352056138312,0.0092090497513445,0.00695290106523556,0.00279698015432562,0.00262877151059255,0.00643904844457974,0.000138690088044493,0.00128300732308302,0.00110557843389821,0.00402497195495285,0.00150611560060801,0.00136142995228317,0.000110451911095699,0.00673753954199644,0.00688586319547969,0.000277372430759971,0.00522962793537364,0.00825867873105251,0.0002990636276201,0.00703753005108288,0.00139711656053343,0.00256583179192886,0.00371853427732944,0.000357500908582538,0.000249394802194692,0.00134525800057065,0.000637309996080347,0.00221436496942447,0.00335431886570985,0.000446405218763098,0.0176127605662854,0.00566639178264356,0.00190766710007813,0.00718231639671959,0.00191189923371016,0.00668093111649632,0.000939576816319826,0.00292440261936314,0.00780853768448574,7.37074698929033e-05
86.25,0.00225903968654413,0.00190637415657461,0.000240090095795233,0.00287930308848362,0.00133080985140789,0.00499934405268444,0.000675386537138006,0.00380006202626629,0.00238757652955144,0.0061119971861894,0.00816755113617951,0.00224113335367821,0.00592784799655847,0.00044869350143887,0.00148799482804975,0.0045416767922359,0.00496716089649193,0.000662322181913759,0.00348595697747293,9.47732112666983e-05,0.00122259135606379,0.00153111303607317,8.03920522984266e-05,7.8058239211566e-05,0.00337687100262173,0.000213900788686707,0.0136008449495018,0.00166412149559429,0.000714422406289012,0.00119846163213885,0.00109052807743299,0.00381821472654668,0.002489266764301,9.01078996581042e-05,0.000513125525773197,0.00276930608308537,0.00136992873203644,0.00460135963056966,0.00171057830249068,0.00189319601565837,0.00514119296376418,0.000237971940453263,0.000741733821940429,0.00182627229653541,0.00100197948415148,0.00394867096810889,0.000862774362185749,0.00396691821390503,0.00467962475035398,0.00086897684894597,0.00190670421032396,0.000576406830698195,0.00235626223620458,0.00237329922602361,0.00246047955768299,0.000726298380758678,0.000376244366302412,0.0207476878025738,0.00167062604071698,0.00978075573909285,0.000971661654154234,0.00696176941925205,0.000298619300191328,0.000548181180665189,0.000206740850568011
86.5,0.000442147120970754,0.00344325472143143,0.00582943276639408,0.0019645996702707,0.00915622627413959,0.00237515725079776,0.000945648740789539,0.000383534440049774,0.000359789123663094,0.00117638778786956,0.00375237803493341,0.00360623714297474,0.053354527890679,0.00103266085628344,0.00438374432239951,0.00182014825322968,0.00286522706003356,0.00217827312110451,0.00083822209675091,0.00071191326983366,0.000348560331524791,0.000262609873626636,0.000821645623186412,0.000289762912757894,0.00242091937937619,0.00707416955719272,0.00502428229031503,0.00134578900017093,0.0168776168505396,0.000929620957803884,0.0161394461118719,0.000265488097901168,0.000636935997567898,0.000572847232921836,0.00175907051326481,0.00273128430164478,0.00382754866356962,0.0027043816161388,0.00590621884513141,0.000313755119282552,0.00451094507459241,0.0123431265718154,0.000980580495551597,0.00111738733220107,0.00283826242282058,0.00107279072009903,0.000162197955702616,0.00254171619324174,0.00146974581674849,0.00547231331203187,0.00573997935360884,0.00239873787558237,0.00100716842254325,0.00164776182587833,0.00256482729137176,0.00564937178310262,0.00865212505188412,5.1163761604035e-06,0.000211227212536084,0.00176574562613843,0.0042211552432189,9.39133704411178e-05,0.0121178648838093,0.000840920495168226,0.000500773816719342
86.75,0.00313656156489144,0.000596736667075938,0.0128659067022828,0.000994336177071932,0.00925992177416954,0.000806699175254114,5.0574238014511e-05,0.00959353217958213,0.00704560219730968,0.0040323323918166,0.000216487982854144,0.00449349229429667,0.00659934885588124,0.000561172861061188,0.000753073536515325,0.00137529601184812,7.98836071988939e-06,0.0022333564876561,0.000483790310267392,0.000485962156175973,0.000622606606318379,0.000431408039638127,0.000100081331071718,0.000966639678754918,0.00181016546663444,0.0013661421660384,0.000116773522688616,0.00123412645898877,0.0136582878988801,0.000634493371247602,0.00491080985477178,0.000513075827269338,0.00223194385498403,0.000183331574265221,0.00663810077926253,0.00100151086556314,0.00210428330401214,0.00304405989214351,0.0109116642186279,0.00208491246738744,0.0019365962484334,0.000301144858409202,0.00247002915218353,0.000489874173071934,0.000194877386100665,0.00104680234015591,0.00654136822922796,0.00521872671071715,0.00339353639997272,0.00543378210452008,0.00130356207642125,0.000837885012534923,0.0138574289925836,0.000373057360658082,0.00116351363088036,0.00937597142686763,0.0146996464646225,0.0126897472902859,0.00186956578824697,0.000190132296650412,0.00521400462686515,0.00419530986639529,0.00235200956405387,0.0015482463793721,4.06859623185719e-05
87,0.00211902381283021,0.0075349613834818,0.00298775131608087,0.00114927989903875,0.00128909258318442,0.00050625361955828,0.00477377965441107,0.00210568330048767,0.0116765887383759,0.00126315687049092,0.000544074508120092,0.00623985583237234,0.00185663412384874,0.00195021370146914,0.010835277443096,0.000941791452530852,0.00478114273098647,0.00394441058516644,0.00187736574224312,0.00011963533371088,0.000201379141877179,0.00798422465169361,0.00135979327833033,0.000119091253218702,0.00134607877599131,0.00215598078697098,0.00579122416979045,0.000821285372373306,0.00486955796529867,0.00198527576164582,0.0102568060751352,0.00449711146636012,0.00318239201432463,0.00931902240531025,4.21552854360253e-05,0.00058961056878929,0.000947984660827239,0.000782895595538878,0.003319891991329,0.00136806488995791,0.00323708979719746,0.00228809469368707,0.00245248653598269,0.000690226568675209,0.0118554353992199,0.00445502309562768,0.00048486166996055,0.00860330396614184,0.0102152207065145,0.0079367905062133,0.0102510544304669,0.000208124292188801,0.00197035726786369,0.0186893921810755,0.000608732493187948,0.00679219637599108,0.0107036631958323,4.40299121941195e-06,0.00869955643385052,0.00120907129053046,0.0209689053681379,0.00255450937899972,0.00657038752156,0.00496822278440937,0.00137114890875461
87.25,0.00103862494984674,1.30269204841297e-05,0.00922226289557418,0.00908268434355151,0.0010795419764592,0.00100530660788953,0.000158020182328298,0.00289101750759705,0.00033436477138403,0.0143953954388808,0.00189333032438391,0.00532866499659295,0.00488964997417805,0.0101234643328878,0.00479988546770122,0.000883701226245835,0.00427943226860926,0.00510393783211718,0.00510859126127402,0.00112021842526558,0.00218284106597959,0.0105840801032454,0.00258777700215131,0.000818929986411808,0.00101543953733135,0.000632117074328226,0.00287653128970408,0.000290877904421318,0.00238997548848301,0.00534911199749879,0.00445273388918642,0.00904752612358358,0.00153484825990264,0.00452131312587868,6.64853514374168e-05,0.0032266318849855,0.00116975624037231,0.00250129386535232,0.0126278515370072,0.00138528226094271,0.00710112522064067,0.00337617388899816,0.00116968132627398,0.00241253800378181,0.00275122703283104,0.00572750300089297,0.000405949003304103,0.00432584620543866,0.00692988190058078,0.018275088848726,0.000805929864530788,0.00115746410753208,0.00042440414726457,0.00590405663463332,0.00150340568092551,0.00188939607673235,0.0172471770098141,0.0196499285083225,0.00329563106378437,0.00258177308062314,0.00620861381161351,0.00736799213787593,0.00265092902970709,9.44165428778199e-06,0.00269074819465819
87.5,0.00385917659339151,0.00966258493245884,0.00113573696567576,0.00797724765325596,0.00453929760701362,0.0024006073102327,0.00035081403743457,0.00202780392751826,0.00174289053157157,0.00122231631183397,0.000883492754002886,0.0030380011242399,0.00492258632418811,0.00287215456045931,0.00299974276589754,0.00260895650717876,0.0108479471814001,0.00683695271839233,7.73849076881671e-05,0.00159713851441262,0.000744277800654899,2.24304931853198e-06,0.00444465253286354,0.00126287055284289,0.00101076843514298,0.00805370946003686,1.86921108389332e-05,0.000911738548999857,0.00454943601336796,0.00262903166856963,0.00888367365362587,0.00944989461164573,0.00291646769507789,0.00243174709665193,0.00398655307386618,0.00517805761269353,0.00212768077415538,0.00826582275657911,0.00279750654467893,0.00247776535340014,0.000917256943519467,0.00129275914715279,0.000724385879690819,0.00440757298288995,0.0033743040298701,0.00439933580001565,0.000917253502117361,0.00276681147054599,0.00159650188091235,0.00205228830879324,0.00994581700483203,0.00318770009215548,0.000246899036537716,0.00688735010458084,0.00131981313028849,0.00056223252615887,0.0177094820589866,0.0201451677483129,0.00287176714342115,0.000435472412800962,0.0327231574099193,0.000607821660416652,0.00295521426974036,0.00065151014398399,0.000332594968375027
87.75,0.00217952559959898,0.00677439806788495,0.00117522847817033,0.000642552615854339,0.00232044203479132,0.0021400966334068,0.000215910486901123,0.00162639026061766,0.00224199631640782,0.00471415739531805,0.00326268572484066,0.000432745476089895,0.00110392574491214,0.000749589322506848,0.00414029995519959,0.000344718421643513,0.000773521037398596,0.000133054222913738,0.00232151075402958,0.00112093052153647,0.00199096679877849,3.10760961977276e-05,0.000747580990969939,0.0002219643173646,3.30383318494891e-05,0.000930590675704097,0.000176168462820919,0.000471680923074325,0.000832742238579421,0.00178048618637796,0.000989376174465027,0.0049263045062819,0.000774582774610592,0.00518112767725093,0.000690818406881093,0.00236555836495992,0.00131092902898617,0.00205407843105343,1.81188997886432e-05,0.00110850582013808,0.00202742059563777,0.00278310354045767,0.00136767815001316,0.000750625448236983,0.00776267806001931,0.00669712296798133,0.000863637378594801,0.000112731752214511,0.00366857558143496,0.0031382697905274,0.000431593593547412,0.00385508830064287,0.000738727082837375,0.00400208046057133,0.00212703566799203,0.0025166769024884,0.00407687209654778,0.0113393164945292,0.00984606334319765,0.00985462572287863,0.00848282760044751,0.00373374439116365,0.00309083943549983,0.00506160132469255,0.000487651126169082
88,0.00409119421748459,0.000474341894155079,0.000150229373148617,0.00189701848602521,3.79121312608604e-05,0.00131301607919384,0.00138360483236437,0.00182495947331433,0.00308905708901941,0.00156888916655082,0.00246678314429611,0.000711245164746286,0.0104697136251909,0.00433558345640617,0.00246215897740824,0.00507659509608558,0.0008970547371801,0.000313173898486755,0.00479345110547927,0.00247771640358422,0.00573669143426826,0.00261921498877494,6.12270346163719e-05,0.00471792790039028,0.003741573450148,0.000568492843367209,0.000945432832675958,0.00737156509493443,0.00319865716419547,0.00033062493781582,0.00823019466907561,0.0078083632352595,0.00128955950087848,0.000254237430846496,0.00140025005530372,0.00227558380150364,0.000446680326874942,0.00265164950954413,0.00122421881578311,0.00173899726399993,0.0009091478329854,0.000468308746814961,0.00211517724252281,0.000612982687529785,7.64700259083651e-05,0.000938616468023104,0.000510700892775088,0.00115216596934943,0.0011620981895908,0.00750030501279206,0.00752327314987512,0.0018537963590065,0.0004479648247866,0.00118803550494794,0.0168952763306811,0.00649045881832907,0.00179521842507873,0.00040814882896016,0.00196477764120747,0.00507949184724879,0.0068839152744371,0.000495052551765515,0.00234797797226941,4.62676568263701e-05,0.00147498854623688
88.25,0.00408032372158237,0.000207047849776566,0.00209431818191323,0.00232894368959225,0.000486650189691083,0.00212350456224708,0.000277978885355089,0.00184390662672194,0.00159479767552784,0.0164529513083564,0.000333211143805465,0.00629140791950027,0.00192470324032573,0.00221658659232735,0.00165790288841703,0.00691889612317499,0.00294504180384418,0.00330870550107931,0.0036657981234195,0.000543333721067508,0.00470869714341846,0.000743251987437023,0.00130946300386683,0.001686879316547,0.000218497426045813,0.00794265825306672,0.0020550294520398,0.00541248064949587,0.00316756337444596,0.00100182168945134,0.00463950309374098,0.00275038353402061,0.000560880978539882,7.04653239414045e-05,0.00318356307539725,0.00691194656269961,0.00238425157720529,0.00363199234476256,0.00475174565682904,0.00648274381561246,0.00145196289839587,0.000596710617524071,0.00822171718116963,0.000810905810048423,0.00705657318898045,0.000409240596634601,0.000803899664577638,0.00515629434682145,8.03414915583629e-05,0.00512100705418575,0.00485261882248999,0.0033056131883005,0.00111799814792895,0.0034402690276388,0.000706350979442279,0.0121974569004501,0.0114908347488251,0.00584722827706824,0.00507096970833993,0.00858113050755988,0.0135926945763598,0.00946051419420788,0.00022642994456462,0.000777976996872952,0.000806452496520247
88.5,0.00929207642123865,0.00248046930420142,0.0111941284547187,0.000200304974836859,0.00564906623825453,0.00440601119696843,0.00355524588323717,0.00222030472368848,0.000666418191538298,0.00406397514632405,0.00458190347616191,0.00112078201311619,0.00400380556130171,0.0184548751085955,0.00031654006322317,0.00105259644611519,0.00908420026885755,0.000174768744652146,0.00579623811403827,0.000887336470413583,0.0014052564430632,0.000217944299922383,0.00301727812510823,0.000878000282449876,0.00657012985368286,0.0115723803360083,0.000937653998953546,0.00614457341561828,0.00818077908545266,0.000220242255173794,0.00669505655069314,0.0089506700433791,0.00964318481614207,0.0118135694052026,0.00127797265116199,0.000674720357224771,0.00106264627755812,0.00121001694151187,0.00543750012465698,8.56776583768055e-05,0.00157235472048855,0.00391335554205264,0.00802329697554739,0.0125429481607741,0.00704006641123643,0.00301467722321149,0.0106345935035411,0.00616126263623985,0.0116928915009112,0.00800443767335235,0.000335436763237525,0.00753166817880746,0.0151739529389845,0.0035428296386613,0.00437997865750496,0.0154347380036967,0.00531153617148119,0.00207184822098073,0.0020874974820689,0.00552781640745165,0.00323185735283209,0.00240800049801071,0.000914512510079889,0.000825877220287235,0.000233008148474125
88.75,0.00350746476575338,0.00323410151651315,0.00984800631664825,0.00217441327845471,0.00443421442663242,0.00444334978155167,0.00317010959570302,0.000733450350119244,0.00227750185099492,0.000586152938670486,0.00663181778309415,0.0039188216690925,0.00823217432828511,0.00206698287362547,0.00100033182247468,0.0046424075895177,0.000628479054960886,0.00045705522781273,0.000299397133539088,0.00998547860709505,8.87496026204398e-05,0.00139886787027323,0.00296718973154255,0.00263915169540347,0.00460320119009031,0.00761182257271097,0.00301522323122516,0.000464289548088714,0.00637023916319423,0.00209072979512548,0.000603507536154834,0.00238159953987518,0.00151800904233594,0.000873011035940794,0.00418877042855523,0.00578181155705678,0.000663867284229468,0.00156557872419984,0.00416411892397474,0.0023085250623879,0.00672082676997332,0.00230339684474002,0.000731369662797672,0.00172846504845683,0.000332162041787248,0.00292545681634202,0.0124489062929434,0.0133448807923803,0.00146769262050464,0.00184948411098509,0.00302091781604414,0.0033368305352515,0.00485633766205601,0.0132790827436482,0.00155593207998854,0.00623802417767913,0.00503536868762791,0.00834309743620383,0.00127458410178909,0.00163483242021479,0.00706336315754206,0.0014973296916023,0.00205204709088802,0.00295050094534664,0.000100969628008195
89,0.00193270703327574,0.0143168501417612,0.000837274071261996,0.00286145568050853,0.000295173838690111,8.69053505722959e-05,0.00486974380856994,0.000600364224627532,0.00293153456148376,0.00212575730931611,0.00934203994035429,0.00893820722808365,0.00176119118803046,0.0063520292812409,0.00134693048580001,0.00175854375510823,0.00299520586755065,0.00140287522089909,0.00690711328116742,0.00224368645018384,0.0015214015590006,0.0046239784807102,0.00345995704680013,0.00118497421893758,0.00421610027040568,0.000956375051424891,0.000386605022409002,0.0117956204255512,1.06210001187622e-05,0.0075242845965365,0.00796414588246304,0.00423656088932677,0.000845585155494409,0.00147036522045304,0.00164602575674172,0.00466388788828429,0.000356098864073121,0.00148095624613443,0.000220423557949466,0.00621276830576155,0.00156109109178108,0.00957735473450318,0.00436571780672077,0.00213585054207584,0.000283245965492321,0.00140178080343767,8.05473341897632e-05,0.00338436166839025,0.0189306507352838,0.00698820538822259,0.0116950240593723,4.56489788055509e-05,0.00346684936456405,0.0227794918078034,0.00873795170887933,0.00166271487298436,0.00974011497656134,0.0286437058852724,0.000965926118483524,0.00205890214025425,0.00484495585317824,0.00836884684296131,0.00273027765494528,0.00258008198870268,0.000935937654646084
89.25,0.00349014501659145,4.83980529152974e-05,0.00247831574615997,0.00187618497298165,0.000803780296643544,0.000586145773070429,0.00167607629761293,0.00316425592664308,0.00128761976985585,0.00202216290430738,0.000483841816783361,0.000757730321660704,0.00403108372264134,0.00269166572726683,0.00169537498329646,0.00291232659263859,0.00485555705605392,0.00491965318329243,0.000777483343892004,0.00250663042819578,0.0100349550365545,0.00411990350519261,0.00239731778406437,0.000819445710581441,0.00375451466051374,0.00176674910965876,0.000482382791043217,0.00204090190535286,0.0230728400808677,4.85134825918412e-05,0.0112525058934477,0.00106454711312155,0.00046148152148424,0.00161999229032679,0.00222589718080612,0.000730440560541721,0.00668323516246802,0.00311025931716532,0.000645151156046408,0.000123968518630968,0.000419584415358158,0.00262771742070352,0.00151348447037484,0.000920584048975398,0.00102408799611749,0.000898318154517438,0.00343243478380482,0.000887913447677659,0.00441839556372121,0.000577612477170426,0.0063760368972666,0.00143506841383017,0.0050453029538183,0.000965567622790985,0.00758595400785483,0.00203864241722296,0.00278184778242573,0.0161729537528164,0.00391379089136004,0.000200071905292039,0.00586712974619728,0.00335542208942994,0.00277595801784858,0.000585364409677113,0.00136040480278753
89.5,0.0002107348729124,0.00228314353053319,0.000759919968783622,0.00091741038323029,0.000403676222867865,0.00303089329429556,0.000748512608795257,0.0063787748930579,0.000749223714266619,0.013266215366946,0.00391367330136835,0.00472112414479391,0.0114672183314212,0.00386971815225841,0.00757302576246204,0.000466244124894478,0.000479007196490769,0.00443183706442893,0.0020850207118569,0.0016007943570849,0.000262947540165537,0.000338526399545414,0.0008290136435215,0.0015439169611191,0.00186405328172682,5.58728771924915e-05,0.000785042481093,0.00369790240765468,0.00596550901552466,0.00256610373716881,0.000639172400726095,0.00247329637093625,0.0027218870401178,0.000171707443680802,0.00775618812663285,0.0013076046137117,0.00244160036419006,0.00222590877631274,0.00282918677100782,0.00156634787443979,0.000439180610584686,0.00115413581263696,0.000515255055234704,0.0012101903301815,0.00571970349449371,0.00487815935516068,0.00103771051054612,0.00292883268832482,0.00211374445714934,0.00468358450002738,0.00108185322656955,0.00427119801944696,0.00147094689964741,0.000208149064971854,0.000437854427648656,0.00133784661857948,0.0030873389271883,0.00950627000286387,0.00414377806145733,0.00142050642695233,0.00154328742978132,0.00421169020575849,0.000184595209818026,0.00325269892545989,0.000791963611773947
89.75,0.00251527233365905,0.0223396379598017,0.00503618447327744,0.000899019334267291,0.0029182748243559,0.000455464870545326,0.00241321366362958,0.000558570430873371,0.00139829120800765,0.00576039831567928,0.00407225309832727,0.000628134445289742,0.000268641428750879,0.0114028847389232,0.00173302413209691,0.0060959558910961,0.00675448246905344,0.00191703573098211,0.00250905841844148,0.00385100837291762,0.00455503071730134,0.00452489217797088,0.00176588681463185,0.00202496257305294,0.00102965688354697,0.00179447374121306,0.00323010301115126,0.0128245391897666,0.00424331247959007,0.000969056762969204,0.000504079159784056,0.00252028354981612,0.000225467986490921,0.00239557092954209,0.00216074074075236,0.00317760861499787,0.00135126672877867,0.00449319103925693,0.011732286549183,0.0111822907957197,0.000796699158615252,0.00102763684773516,3.80573834591519e-05,0.00262418033241676,0.00184949134094173,0.00252151651296526,0.000700355720223642,0.00402726390015408,3.72194154491312e-05,0.0056059584099785,0.000432301256198549,0.00793111372017831,0.00709582967986235,0.0101043359546079,0.000994278482472541,0.0019783643986964,0.0141645001576407,0.0118574779201553,0.00378700156114851,0.000493386163347998,0.00449321618196852,0.00471155653446996,0.000735972228632178,0.00716315778924946,0.00372208309494977
90,0.00623246480546754,0.0148648962266397,0.00358237151356794,0.0167308176526943,0.00404298991586337,0.000514383937029217,0.000149834635516657,0.00100677139633484,0.0021343816643289,0.00181278305465638,0.00205294035277303,0.00263012680191504,0.00115669033905235,0.000160158024565259,0.00635059148848587,0.00242668359350964,0.00201022314878132,0.000102665706998413,0.00463859901270883,0.000423862033075395,0.00286401540682201,0.00534324390696561,0.00144650375490126,0.00491674873128762,0.000810929502402283,0.0041995053903434,0.00167422976194763,0.00117174470310118,0.00277344474075168,0.00413355998180913,0.00379854166216898,0.00123554282868279,0.00643783576386198,0.00395660936969863,0.00504509918746609,0.00949431422287531,0.0012192962588187,0.0041679489464266,0.00978231578242376,0.00305538066217683,0.00416317410878673,0.000845980379692736,0.00233177515229583,0.00523054999946788,0.00793604586996126,0.00767261408287011,0.00363209930971437,0.00455800870315268,0.00276139901732345,0.00782132071830622,0.000811423209351594,0.00381757573899162,0.00573255946106667,0.00461989541153514,0.00243533470279931,0.00615159924803378,0.00160834303355858,0.0223608398963431,0.00158309378039363,0.00263340324888259,0.0169019264374281,0.00954314239618288,0.00453419224263818,0.00424243656377385,0.00125366357635037
90.25,0.00214788951317098,0.00550747042528049,3.93784284424788e-06,0.00239459836122246,0.00743191121516727,0.00167527077072518,0.00010773758024023,0.0125817761160046,0.0196589435062604,0.00806012821555725,0.00258941774485333,0.00193578584649646,0.00869595966165672,0.00317770610867066,0.00269170414910244,1.40759035443146e-05,0.00160155792158995,0.00372804548112811,0.0043130536188927,0.00146830151399904,0.000347150622376229,3.95229683427253e-05,9.3395214116989e-05,0.000805051528800099,0.00119360297485771,0.00284803806391731,0.000339279683760306,0.00125407475887043,0.0261657112061257,0.00192418348258141,0.000664429070409235,0.00300164059497192,0.00599024971601972,0.0010456021298114,9.24408738540761e-05,0.00130566553971704,0.00121904879691792,0.00341872025284665,0.0109239373573341,0.00641553583204448,0.000309627019777891,0.000669023995537927,0.00472479174571082,0.00469858935442455,0.00459788369785707,0.00933482351303107,0.00638205733188959,0.00224681712961734,1.34497591646856e-05,0.00218653819956378,0.00585714380499042,0.00494134168072581,0.00235888328253771,0.010634521701425,0.00252813108349723,0.00553619705945588,0.00734034058122756,0.00301914475006412,0.00156334265556592,0.00473701906341735,0.00137977588391773,0.000366804926697364,0.000910492982878607,0.000297953997510078,0.000666175914347501
90.5,0.00368546401285014,0.000437485059146935,0.00162739301687329,0.00143421994642765,0.000656261466514139,0.000439426132498798,0.00169675030601399,0.000296125703336267,0.00413751006688322,0.0155821639870767,0.000683548630893792,0.00170328548198802,0.00822684292796368,0.00275572704686349,0.000180741883812937,0.00391799247391659,0.000568373820995055,0.000889218330727561,0.00293564759105992,0.00545567340615351,0.00387722266381174,0.000777972032603763,0.00060149512367787,0.00994732623254315,0.00681807596483672,0.000904059775856993,0.00382600242373844,0.00144156193671478,0.00219080290666551,0.00245047573479108,0.00364577047999013,0.00275316831057605,0.000778658058662609,0.00176062769997526,0.00338364033932159,0.00666503837403846,5.64988530886424e-05,0.000866324879845471,0.00503795031717348,0.000338047328276646,0.00102239728627554,0.00083749747376623,0.00444618544440738,6.43324030805873e-07,0.00102921458348596,0.000211938105820273,0.00436315059587352,0.00412741645471217,0.00679344979955566,0.0190886293672083,0.00372809803260127,0.000522311250167423,0.000963195088713594,0.00134412890895608,0.00675519662777856,0.0039923322752764,0.0180165807228563,0.0184716877095987,0.00136351952450469,0.00402202327102477,0.00762557377293456,0.0101404566686477,0.00188860422543822,0.00296693120983917,7.23329222976408e-05
90.75,0.00718261239297913,0.00146352435394263,0.0107356597144309,0.00168730689612528,0.00012763705891407,0.000600667160475275,0.00269710099225699,0.000412529687894736,0.00325819096107828,0.00255860184971816,0.0063507095384075,0.00399261438254127,0.000621790980008564,0.00703300396830975,0.00204571698632119,0.00910567019691868,0.00136553120486943,0.0031713353750968,0.00614434202666292,0.000886884496111798,0.00206636842280747,0.00129650989036568,0.000558716256035768,0.00263476051200992,0.00159542889855758,0.0014133050095092,0.00476841059700414,0.00224266639740163,0.00114951201631282,0.00274317078569767,0.00157472968983233,0.00735470225313232,0.000114413170499737,0.00467846427199102,0.00258683380053478,0.00405355400169678,0.000517547041703222,0.0084085677061818,0.000870017547556405,0.0033538335905179,0.00138545099733625,0.000468750812485395,0.00116082568061985,0.00154274125895185,0.000463378431438141,0.0053547575578805,0.0100421074394777,0.0094443832160535,0.000408198155700712,0.00317197721100172,5.21679815796592e-06,0.00041255670057365,0.00238155346465629,0.0076056866564306,0.00634076957401691,0.00359566172280052,0.00492700141724762,0.00670505600962351,0.0039045860800817,0.0045380547327781,0.000402889863657405,0.00223628910464471,0.000228416829609623,0.00119561379902851,0.00032697126979464
91,0.0249699726524142,0.00211250194732423,0.00886189574458392,0.000152310357712503,0.00120191826078104,0.00349935697601259,0.00211969350725789,0.00194008633470368,0.00315679913315513,0.000947317888463084,0.0248748693658506,0.00251975264257044,0.00934548216347331,0.00278035712498745,0.00333926433901275,0.00485651733928945,0.00483658354647895,0.00414183256124868,0.00434223847008496,0.00639764909479641,0.0026623813368874,0.00587204760688688,5.17100385662451e-05,0.00147386932674743,0.00269020992199879,0.00373515895552506,0.000930619717957558,0.000225435603605081,0.00779949453282879,0.00072169242498524,0.000780210903727396,0.00618563902278164,0.00376752081450974,0.00266834904167065,0.00386278372980357,0.00610853962925908,0.0034834765564735,0.000500705064305755,0.00289496977755495,0.00157712760246669,0.00414661891707596,0.00339398766372019,0.00434945381541005,0.00452582635127306,0.000394095635066215,0.00872450986524633,0.00461916688229245,0.00164907645542852,0.00390058304371194,0.00866629138700926,0.00695637052991424,0.00231356850536801,0.012887368639967,0.000194988935970558,0.00320035261238118,0.004497656799093,0.000506952465577227,0.00471586963136568,0.000652748119113351,0.00846359550248776,0.00403958855163171,0.00164566494404179,0.000667251848868688,0.00719692074660707,0.00127734383516506
91.25,0.00684187228512999,0.000237065582246916,0.00284343367282722,0.00164250691066976,3.23304145851979e-06,0.000881466698601173,0.000189038219713867,0.0010330287913428,0.00422807316647879,0.00409628891840405,0.00620575965754883,0.000373863394692242,0.00318696240490783,0.0108743155871068,0.000964496390744704,0.00232648537640797,0.0052718788209624,1.00833922338906e-05,0.0010179165487955,0.00284083774022366,0.0029722943027075,0.000125487288386435,0.00137133200112633,0.00102495142360754,0.00370732300167277,0.00405298003740557,0.00624653471143384,0.00234192042250016,0.000747450857030209,0.00033926746748549,0.00265447971593116,0.0061921617714198,0.00181531323635432,0.0014103742299957,0.000383466561826741,9.91897202048466e-05,0.0029528697317029,0.00207172860436209,0.00287387725425481,0.00326968649712786,0.00062023309342486,0.00251998255386521,0.00238643251625483,0.000438885455840561,0.000179646341345291,0.00203872027581729,0.0051804510988851,0.00638281767579462,0.00583431323051716,0.00505773878788483,0.000348538334466543,0.00403700432199569,0.00995010311805389,0.000754422051987711,0.000103805254163487,0.00496277374353741,0.00153393654180745,0.0036890157764445,0.000583492803126546,0.00114990865900462,0.00151999798614237,0.000883276669225167,0.00556273072629999,0.00219842971975303,0.000351763024070623
91.5,0.00179155446765429,0.00134129069513746,0.00288737637246734,0.00836565582905019,0.000171024918578834,0.00034136403231856,0.000751805460933767,0.0010327343540654,0.00138935028637736,0.00389846571200013,0.000689461056682063,0.000622629727573679,0.0104252402566617,0.00692744825787888,4.54409330323012e-05,0.000571249596621535,0.00453748321876647,0.00068875264061483,0.00146759406024862,0.00136363803610687,0.00218255228449263,0.00101318284083051,0.00158131601588959,0.000768980451051814,0.000975477943625113,0.00180176653409179,0.00223393840980631,0.00231520778673732,0.00181798214424153,0.00108020000560719,0.00250143347007436,0.00650324447321304,0.000805302633959785,0.00791334868295127,0.000238335031246528,0.00263822959957778,0.00286583865765371,0.000527326982758116,0.000252902848141884,0.00432044632243915,0.00328585440716403,0.00147539500713109,0.00218115740903026,0.00238162366403191,0.00450869618342861,0.00189274334142332,0.000101341399474541,0.00189348206705173,0.00180111408687882,0.000172433018230239,0.00343681153116366,0.00206734290111638,0.000598295375652401,0.00826042723538007,0.000484710913469272,0.000399022865129382,0.00015875032524861,0.000180865105643114,0.00470427285750272,0.000994099180518885,0.0239308907141711,0.000764357891686881,0.00231953905063657,0.00369065824421149,0.000108298730191673
91.75,0.00154718879925196,0.00749649457584949,0.00139617239189157,0.000835147016680661,0.00170673051843714,0.00198829825840064,0.00308900710058315,0.00182513755375024,0.00204901312438381,0.00110603928886104,0.00128240521819351,0.00153798515068879,0.0263473721613052,0.000123106693935423,0.0047532913501028,0.00076689346766964,0.0100695499561673,0.000984416448749356,0.00499465129555248,0.00248343996975198,0.00341411404657063,0.00149205602743458,0.00256167887368433,0.000531714292899254,0.00786462051301429,0.00232728549712788,0.0095109847072091,0.000759459551280848,0.00423507186437317,0.00143912569205958,0.000327633580771333,0.00176058847369604,0.001665054684321,0.00125727689388147,0.0012061156769773,0.000611659393948571,7.65697178878939e-05,0.000582019235516152,0.00537907577539125,0.00639493515379298,0.000882761146673446,0.000946869459568471,0.00110795962494768,0.00127687344608862,0.000198568643206073,0.00201380418425105,0.0047018907753316,0.00070008966702145,0.00131829241707819,0.00415410092828113,0.00183041118550578,0.00147697211158903,0.00152698490827942,0.002152089694061,0.000922684630186232,0.00213479438216648,0.000209477209543861,7.39929584497908e-05,4.01844383495164e-05,0.00248980010936633,0.0137260781406628,5.06830283391518e-06,0.00112888211814452,0.00184732580794002,0.00207927054723613
92,0.00785614170716883,0.00196765060801256,0.00111205202221953,0.00166549979002893,0.000196699927165021,0.00380254804565266,0.00823980089841629,0.00259973695168309,0.00677653446266944,0.0010604242853974,0.00460735823530125,0.00536669959142158,0.00311806225045108,0.00321876043000963,0.00352306442275816,0.000291053490113716,0.00212332411168121,0.00483320521073936,0.00499005905501794,0.00527285958456476,0.00306822936134368,0.00146871500643164,0.000665258109282281,0.000521893588984838,0.000315058613663177,0.00247715009623718,0.00101970615786157,0.00176970712616543,0.00721915155399286,0.00851530897378596,0.00977933795714764,0.00563467800486853,9.03250831391024e-05,0.00115620104166639,0.000268006928766514,0.00312808016920739,0.0011722837195525,0.000429146657348298,0.00286935028074898,0.00314675698862792,0.00238216758446226,0.00053750430889416,0.00240473358840146,0.00294056616964424,0.00197016061033149,1.06535908478534e-05,0.00145873481454634,0.00358874783939822,0.00249145085920025,0.0211101010192687,0.000383619766859797,0.00179185320189364,0.00299722653850793,0.000802173833740498,0.000538967026769982,0.00352261238106846,0.0178868616169567,0.0137455724491013,0.00422731904231294,0.010235454586562,0.0170439351267441,0.00204334328059417,0.00147260045237854,0.000169915456094148,0.00242308772164038
92.25,0.00763689444850434,0.00584142441904717,0.000370373116949761,0.00115332698405955,0.00220361687450924,0.00577445836141102,0.00240240750388952,0.00371491092404104,0.00301606716369863,0.00158103237998758,0.00353179972877558,0.00723487749014428,0.00533900415883604,0.00764068735894577,0.00115115843722877,0.00466897285334301,0.00540495965330064,0.00343221466404378,0.00267798340319382,0.000464008871411372,0.000938802450078092,0.000515039631531203,0.00628541396170833,0.00271613869993916,0.0024330992791921,0.00225539426910384,0.000746472046189483,0.00162868599453897,0.00781833721597382,0.00735075450038504,0.00157411144572148,0.00393794982381876,0.000895066745768511,0.00490919834516105,2.67725834726944e-05,0.00538805682919328,0.000270533067150247,0.00201591047916444,0.00395171627958198,0.00715569761284128,0.00188366493820025,0.00565303539425446,0.000203091015461761,0.00470684180907577,0.00264058986683829,0.00367125606575926,0.00466119135304636,0.00271160619000784,0.0225698352067568,0.00127623823094123,0.00228984822208919,0.000199484760325112,0.00452872283237987,0.00574109750911001,0.000808455756855532,0.0161626370445021,0.0059175669892365,0.00296780033014301,0.0028388422844917,0.000683734029883706,0.00184899348430652,0.000613864619889795,0.0013228254161482,0.00120347383298966,0.000649545521415999
92.5,0.00271475516678043,0.00601319962150745,0.00380298348350771,0.000611047171269212,0.00409099885447973,0.00130410943597623,0.000818027669428791,0.00821461144359736,0.000257544622679409,0.00270400643767175,0.00810438363845163,0.0043770874160147,0.0020302172456132,0.00141272166965063,0.000610994591760325,0.0143795245471081,0.00518647197545102,0.0089260106446887,0.00292669257235393,0.00143721693651387,0.000615676343661942,0.000254603566684999,0.00288877351891431,0.00133815451562908,0.0025348272265814,0.00236888651342847,0.00131724389286942,0.00226567196349174,0.00127848830971017,0.00395915017631068,0.0023018571496692,0.00173464613968507,0.00194414889231044,0.000843068931384454,0.000356626531052587,0.00196352053396379,0.000743360307908476,0.000313015095078539,0.00144747951829761,0.00585840355216356,0.000168986458121514,0.000857873651147383,0.00186524250979975,0.000138728947122343,0.00118163423912953,0.00853598237671493,0.0046804184119609,0.00181400554938151,0.00136480998684838,0.000971007388706608,0.00276859822251257,0.000744247314144213,0.00556710013794166,0.00760185142236817,0.00095295395757858,0.0117522341595863,1.58938184955168e-05,0.00942597997659373,0.00338083980635522,0.00212981706703525,0.000582199504608923,0.0027332869377705,0.000693477704897818,0.00103764159785493,0.00148755374096805
92.75,0.00748598656804493,0.00552235225495993,0.00518189045825926,0.00213812003914361,0.00632146349696986,0.000779456139988121,0.00239827007048742,0.00290536366594525,0.00309705598159023,0.00374448082573924,0.00307960024189868,0.00474074176747063,0.0204020198073601,0.00533172696750839,0.000340426293283324,0.000602752513344605,0.00594304424659629,0.00287724483739135,0.0036060990866401,0.00118196412980523,0.00271044485687388,0.00896167720963433,0.00157881896248878,0.0107036547561949,0.00428526140693088,0.00192890397328487,0.00919883359547792,0.0024315771805224,0.000609009834413165,0.00611103145125453,0.0152072964799439,0.00223144254133751,0.000466953836789571,0.00251877081290087,0.00434978405072024,0.00133966746437222,0.00154298835644055,0.000633789713999131,0.00396303117142842,0.00570507018120082,0.00188389350382094,0.00167031597443645,0.000888238785762074,0.00250304605215466,0.000149293250733213,0.00284106352930383,0.00343285642498927,0.00162368643959634,0.00379145863264846,0.00809464717098054,0.00128150113342486,0.00275537147658587,0.00242015030292958,0.0100587004626593,0.00204477892961413,0.000781422157598942,0.012269711429541,0.0135966675689439,0.00113263460382591,0.00178235984083864,0.0101232781943785,0.000863420325837973,0.00234274519343362,0.00308146855173246,0.000957872705357521
93,0.00905885312419897,0.00589228304909377,0.000482027227648817,0.00299678050667101,0.00274003458530173,0.000636293354197852,0.00116612793243146,0.00497349692861556,0.00453709703320938,0.0127094244348406,0.0114991234874142,0.00515959416425736,0.0186446682314541,0.00614489234089753,0.0133670638307808,0.00152446563001518,0.0123505619488255,0.00276622705739016,0.00156578829193381,0.00848780063395482,0.00572847031479457,0.00291323728748628,0.000864580371799603,0.00306234841607486,0.011382744676004,0.000530270732730647,0.000995706293515658,0.00172694334138316,0.00583895134169031,0.000383214239106911,0.000962959329068057,0.000836156473914275,0.00668050465352673,0.00117702689558456,0.00256816756368497,0.00328643968706662,0.00444959003505444,0.0028629256804716,0.0117310222255499,0.0182684085600731,0.00232553358135687,1.92548965052582e-05,1.84621289519913e-05,0.00601985623277051,0.00198759364282267,0.0049235452213922,0.00377502576709603,0.00579952999785723,0.0024430244958371,0.0023612476787605,0.00450493182872136,0.00692941066203945,0.00557094944904412,0.0110633757951178,0.0170095173497399,0.0118140134088437,0.0145503269293098,0.00628597399485224,0.00265868157027781,0.000977411537920137,0.0104327664624919,0.00430390551777845,0.000494483002119221,0.000312180106070064,0.00204669322932936
93.25,0.00174038705114896,0.0144579543377046,0.00612231779941376,0.000801460846055493,0.000394280095983804,0.00101624521188301,0.00230798693264468,0.00237519116904377,0.00894743533844395,0.00409451887388965,0.00656891663348963,0.00434253760384998,0.00876211201008068,0.0100242941584239,0.00361583562120663,0.000415840366116804,3.18385676924526e-06,0.000653491228471634,0.000983570414295547,0.00392603419240296,0.000250904908231025,0.00038080508001261,0.00279361816426249,0.00266183002990913,0.00312730900501993,0.00784315360666022,0.00346042799229392,0.0037841622776817,0.00542690861904145,0.00337887306952234,0.00642355033963022,0.00650875476833279,0.000208062957072878,0.000412257799393594,0.00277742928775385,0.000913850279644213,0.000492600350556558,0.000285025558399882,0.00325178080483879,0.0110222896931518,0.000863632503643927,0.00612719364624364,0.000744747956873588,0.00698665725793665,0.00306206056183787,0.00364436085914904,0.00679830483619888,0.0051551664186245,0.000201379634104283,0.018155441324237,0.00244676061626583,0.00213207039729283,0.00378738031709223,0.0136365742458465,0.00528216410468008,0.00477643600274439,0.0118285092838711,0.0048423357440087,0.00177004714721736,1.61278108171493e-05,0.011585482910344,0.00287120765797624,0.000574382211046228,0.00308557823291827,8.33650063911788e-06
93.5,0.00757097086545462,0.00570004779876713,0.00193011907517696,0.000484571065143704,0.00039789990634872,0.00152185017091987,0.000980399520409748,0.000977871095754846,0.00183470706896706,0.000917309010207132,0.000228293405375292,0.000838316335542165,0.00837796239768023,0.0109536769518662,0.000509985801989264,0.00110619737204982,0.0123360083039354,0.00468562094454342,0.000265434640545368,0.00274671030950786,0.00107653827014752,0.000353601046076221,0.000174061151745872,0.00133440138249954,0.00345692968024293,0.000572598426491521,0.00566551036490366,0.00238588157663266,0.00334739788169471,0.00126428486014675,0.00194682223980608,0.0097898696898848,0.000408453777728228,5.58582715016449e-05,0.000702556510411057,0.00144679988388471,0.00052754031599599,0.00180511785524772,0.0041704814846497,0.00333224227216892,0.00250217395006901,0.000629754753303297,0.00165404987563252,9.06929463620352e-05,0.00323472189028729,0.00416710688915329,0.000903082285978772,0.00364501259648074,0.0028653891917205,0.0113938743516462,0.00111238575825448,0.000747592003011944,0.000645098576424254,0.00181532670321701,0.00595706305047554,0.00130272807094025,0.00012537163721208,0.00593792321141306,0.00473259389726589,0.0138066007755206,0.0031751935181456,0.00149441379077026,0.00112989728834617,0.00140202395502934,0.000507637000535534
93.75,0.0142601779622699,0.00216944261351879,0.0115589590212027,0.00471572369611587,0.00346873104687475,0.000999467864237665,0.00117111060429882,0.00845801940046142,0.00416255853248123,0.00730271682306247,0.0154398555800259,0.00122859183174883,0.00991639859966554,0.000577603720143624,0.00709057671744354,0.00289729611352165,0.00513676871548714,0.00142112943306334,0.00164180994186399,0.0028445661593441,0.0078461196229363,0.00210907328348139,0.00158358580852147,0.00409994429770372,0.00107725170037021,5.85925753778321e-05,0.00643187798982252,0.00136119038670091,0.00960867196294067,0.000340594419815091,0.012521048463722,0.000460194776623894,0.000369491645494175,0.00159976150370851,0.000619300766084163,0.00350000777407937,0.000274050576292555,0.00257482848109592,0.0136570834545295,0.00623007892685781,0.000109509425089822,0.000252490848809387,0.00409356648954789,0.00195262844391,0.00236260372547536,0.00229691066144621,0.00173465519894806,0.0008419300275135,0.026530696131769,0.00147524654163897,0.000270934208031967,0.00114453009216035,0.0103637915781969,0.000282109368918767,0.00546055999212134,0.000156078117436547,0.00628953687009567,0.0251916958979464,0.00024401227717782,0.00906244181723719,0.00257616234997539,0.0068999705064805,0.00329597522568541,0.00384119925993555,0.000424369942547132
94,0.00679718399129674,0.00333875567508075,0.00619506621709055,0.00305223732557488,0.00177262559134398,0.00491570385615569,0.00207361459452571,0.000516686992049354,0.00289637294784247,0.00220077749193438,0.00210663313762347,0.000405889394904994,0.00101419897518331,0.0063721584408052,0.00502478337387703,0.00318548845420281,0.00441210459695452,1.89228185149578e-05,0.000289408001804032,0.000709564805044655,0.00048645314258759,0.00226348016061797,0.0022054285222907,0.00375107273296451,0.00318994267304581,0.00274545886370997,0.000861071343121491,0.0041558735785642,0.00757982549452658,0.000845579896040569,0.00379071458220229,0.00482349573332356,0.000395767266932657,0.000625302410395876,0.00216409776523231,0.000833782355393484,0.000835472838223849,0.00381580488451213,0.00304241021752943,0.000524124088806232,0.00303849679968164,0.00177445799954051,0.00220932747435522,0.00324077391164091,0.000369781445713124,0.00119864905840885,2.3375498335741e-05,0.00116172068364765,0.00871111371902569,0.0128079839496325,0.00301092393383748,0.000241270655615371,0.000374118888425552,0.00600540047572439,0.00493393483971794,0.00368416572436778,0.00539764175948298,0.00674317904280097,0.00123606063036824,0.00147380857301617,0.00154936821796332,0.00277342932885687,0.010350280999579,0.000412348443121536,0.000799582886885797
94.25,0.0038752333065064,0.00879652540319539,0.00355893764537044,0.00816533961346595,0.0054110233023078,0.00493257940889588,0.00524150102608154,0.00324769174841937,0.00168724483753514,0.00235372133168845,0.00920081817839456,0.00948087559171939,0.00742457427874205,0.000527652677766589,0.00641000211962149,0.00756155381240673,0.00449725916761959,0.00112804769588915,0.00361795936350678,0.00221293638776895,0.00379773281538074,0.000677174183835304,0.00177359666607078,0.000517063120751619,0.0168060728001859,0.0156232652402897,0.0066694777506304,0.00330493495272474,0.00315376275730418,0.00894283643296258,0.00338087263801523,0.000295245172250644,0.00282097479663402,0.00104938067387428,0.000466051184714661,0.00562121410701564,0.000783911128660806,0.00197519541237049,0.00650869808346463,0.00485375064968128,0.00179412447398447,0.002447037632441,0.000363055874528166,0.00286174124674903,0.00079599302967667,0.000528569764313344,0.0041303500563779,0.016609034647279,0.0255666010911262,0.0133229431982353,0.00108180128588558,0.00685258021634998,0.0036916242030494,0.0127316155856003,0.00950346351153042,0.00521115352793461,0.00135686721317088,0.0070056539000404,0.0011621433643648,0.00220104429143556,0.00655784088704496,0.00011243799384602,0.00323661103633006,0.000484302952826779,0.00173566495255847
94.5,0.00424201327630433,0.00102662783035552,0.00043409401900658,0.00317491356333486,0.00113835199330646,0.00529841360485855,0.0013868743203192,0.00253096047638809,0.00824598803153299,0.00381599996380875,0.00104596020494463,0.000684882050058371,0.00132607624434951,0.00257979279779075,0.00118839353459664,0.00284341838512158,0.000111096990770251,0.000401719828392212,0.000374399128907304,0.000750655612154063,0.00225689187660481,0.00246396800206093,0.000643123742782467,0.000595238552842287,0.000659022877030965,0.00561289355257743,0.000344688788791746,0.0122511916617768,0.00639921114998271,0.000196109339616718,0.000350109020639756,0.00807563765791412,0.0046735591908533,0.00139918831663797,0.000467303378418969,0.00268469027570039,0.000517090612691536,0.00211665892030578,0.005374801908338,0.00757709531477563,0.00197997721397375,0.0107916953222308,0.00370614316394999,0.0171118592898321,0.0243747513363806,0.00190259839115924,0.00382093357456052,0.000689158299985193,0.00616058398154542,0.0131426202255121,0.00172975790537348,0.000913957534907261,0.00241394212902658,0.00434105167435029,0.000506091716339744,0.00423132543569622,0.00535379674607906,0.000300168292472411,0.00803163308440825,0.00506800495661859,0.0363273219011762,0.0010787258966775,0.000176372059397002,0.00226354982926816,0.000427601827135269
94.75,0.00452337780511719,0.0117201960687847,0.000368242763666822,0.00161319662611262,0.00288443726686316,0.00172725502585612,0.00100578726364554,0.00263148495423808,0.00168932419769534,0.00124238140029811,0.00135327099457115,0.00805696616317235,0.00286587801065298,0.00285705811845944,0.00238448432660246,0.000521898554037512,0.00758491692934545,0.00104393894847542,0.00218088558071025,0.00248892033299504,0.00176353527378293,3.30373865595954e-05,0.000495205364307949,0.00419794982609006,0.000462216776413766,0.00284248009637069,0.00549955781867963,0.00159091322275535,0.00116567396036074,0.0119380078435813,0.00145546666001533,0.00334206773348017,0.00273128392857327,0.000845583850371218,0.00267774476487291,0.00125734665128077,0.000447672061825635,0.002936369757858,0.00133061115918065,0.0102169517518117,0.000241449757675669,0.000829176557873771,0.000811846469500946,0.00031329959337722,0.000108579342526169,0.00151370789233848,0.000109779593376487,0.00184044588580719,0.0033989887422299,0.00423742057897309,0.0022267367023141,0.00425472055534482,0.00316573173365418,0.00486606770187962,0.0013475004695254,0.00205615156495107,0.0033226648139914,0.023638406627428,0.000674670946240186,0.00530827371300049,0.00565711178303148,0.00361104140272927,0.00226949455170228,0.00768951037480691,0.000196736434562297
95,0.0108538909482746,0.000128545904453028,0.00485889515086711,0.00503477691658204,0.00235788733592474,0.00522722444232798,1.12394766877555e-05,0.00445112668411923,0.0011731476884667,0.000402708215372963,0.0110048890742648,0.00911953975936395,0.0243034816786586,0.00485721389144372,0.0015614217297559,7.51378117518517e-05,0.00215596882555339,0.00741260877389712,0.00490161175308254,0.00206535359547126,0.000484003135471429,0.00105124702749894,0.00337898861036473,0.00337212050301951,0.00550375833694719,0.00412707916302881,0.00325930865517828,0.00724335212647327,0.00112314404884329,0.00196485365712734,0.00188814517193171,0.00645910386042378,0.00300005717332585,0.00333112229016288,0.00590503225749171,0.0043339548499965,0.0010784696722608,0.000760159741776476,0.0123282757633243,0.00715069937742221,0.00143507948344216,0.00671237356737539,0.00235626910463304,0.0061811357631409,0.00471200257921281,0.000472817590231616,0.00203817188519561,0.00663276479073481,0.00332900803868587,0.00600277737884996,0.00789171458618381,0.000187732052728506,0.0110396992340205,0.00215508690540798,0.00893097170731236,0.00663695901259534,0.000228130305678907,0.000350483063870025,0.00388530481598702,0.00186619187257583,0.0234357109863855,0.000543154479067296,1.05768693476058e-05,0.00169524567169156,0.00178613572562681
95.25,0.0021638005887766,0.0109032888538828,0.00613412779874912,0.00284484398172482,0.00171758723103668,0.000882033422852473,0.00335037115065939,0.00161858609351422,0.00265241610435286,0.00441865818990407,0.00339667872544821,0.00422952168826251,0.0011857482345612,0.00225218135067035,0.00367404817020528,0.000398987799178777,0.00753634046509375,0.00371875418290889,0.0019573885440595,0.000778359749315663,0.00392405438096063,0.000113722060684372,0.000291298707339059,0.0022377874382402,0.00317973602703524,0.0122253969368218,0.003597525518425,0.000503450496329578,0.0118642291753152,0.00229471804473345,0.000790419585305056,0.00138498154297183,6.91764294811345e-05,0.00154012714371176,0.00237587669111307,0.00307054337539313,0.00198141151113233,0.000453124050636857,0.00109643211032296,0.0167656190066166,0.000551635768617053,0.00368535507725999,0.000729253174304512,0.000222430062670175,0.000747900052250461,0.000111987020138921,0.000538372233571735,0.00797663037004501,0.00719480583286494,0.00874773747967524,0.00243634636028081,0.00142147134031265,0.0111972684963351,0.00316534500269116,0.00214939612714191,0.000223044159313067,0.0071169788213207,0.00310510641558563,0.0172482791083755,0.00313518320229229,0.0148976047803085,0.000924904585861949,0.00696639801958825,0.000213269744709677,0.000449767315647379
95.5,0.0139344394721048,0.00520354915626911,0.00147265821502785,0.00141785611361741,8.74426559939119e-05,0.00338334580049324,0.00176187255708705,0.000934503926958008,0.00396555558395706,0.0090808628355241,0.00522372141655782,0.00423857833244641,0.00496947838948856,0.0042676440561205,0.00223030183513442,0.000685054913008045,0.0011349596660231,0.00167503584547544,0.00356900994534389,0.00173636824289717,0.00389719828446954,0.00583488938083818,0.00026057718461064,0.00381853977870854,0.003533446222553,0.00412469084608757,0.000206797675046738,0.00773590636243148,0.0110857435968564,0.00327226450509183,0.00323233323293224,0.00163890594443916,0.000765948165037858,0.00330761207907669,5.35781314491571e-06,0.000664469761276173,4.02683995447532e-05,0.000544653484261513,0.000140784820268397,0.00667724957901021,0.00165577744182105,0.00504710918830767,0.000196502884199136,0.0053681383220341,0.00207043319057646,0.000297810459478494,0.00262419385370347,0.00932543245493441,0.00203720052960843,0.0128012198570066,0.000820641720937735,8.65532039322828e-05,0.00340346154447532,0.0132723769556062,0.00900394825357762,0.0193740295131842,0.0100876966551151,0.00193037270992326,0.00967368080946383,0.00398564711865732,0.0145917607861042,0.00160412220775575,0.000579350974012314,0.000929198047385961,0.00249593547028115
95.75,0.000771224985109917,0.0105245458026613,0.0023619737709751,0.00549172780234453,0.000356691888966403,0.00518110816152742,0.00065063616301534,0.000787120636438769,0.000807480444035336,0.000638772658278618,0.000973032137058446,0.00610118248341326,0.00422658442998675,0.00100944798966829,0.00270635662685711,0.00381025872906192,0.0060445822625983,0.00100565294220518,0.00246948603022102,0.00329091933844994,0.000599084812274731,0.00213476653485845,0.00286564015689373,0.000526162585170342,0.000456290979670851,0.00136057085126822,0.00158717519152761,0.000783049116821374,0.00187033721629865,0.00328085110174511,0.000117998192222453,0.00221469565526219,0.000835806975423265,0.00123903864846961,0.000392543456057467,0.00222199600699378,0.000509188709910935,0.000890590995253387,0.00164554395005642,0.00567885697121728,0.00401157919355028,0.000140392512079221,0.00744467777562589,0.000858035533981703,0.00174461578780066,0.000200469395925849,0.0111430920586595,0.0113396764152638,0.00224470802937409,0.0062320769583346,0.000549086951014511,0.000782632821375944,0.00354317175855894,0.0234403451157856,0.00224999879379429,0.000734238813935602,0.0103605108631037,0.0292049371874471,0.00475487754019286,0.00480549877737401,0.00307147748565509,0.00403258277624574,0.000661317294349974,0.00299589723406894,0.000993766333588632
96,0.00249049747800311,0.000966796744301241,0.00346650961388184,0.00215899457145804,0.00567425490757513,0.00970041008274472,0.000216185534899453,6.35528911719175e-05,0.0109623292173591,0.00522993967515545,0.0113947347535237,0.00615616199455985,0.0114171583214617,0.0189757828919185,0.0017700138608629,0.000480607950966507,0.000679064186446429,4.8906815887683e-05,0.00530420502436288,0.00333886657014382,0.000728565576149478,0.00292289515123083,0.000960660473759429,0.0049874097216009,0.00297160928700533,0.00725414617864893,9.94264330885297e-05,0.00490471031443181,0.00317382802626937,0.00843457263596057,0.00109378246617702,0.00998623455406888,0.000961618061272836,0.00289701879347121,0.00400537049114381,0.00289717695176324,0.0107897353817076,0.000604886799221572,0.0191324374079995,0.00502673382412781,0.000343169547603693,0.000418380861343283,0.000466810725851852,0.00102793644039628,0.000795149962421488,0.00062990320201634,0.00952766207440593,0.00427796129870776,0.00144343453921393,0.00211753284530005,0.00170768863657777,0.000301885951820294,0.00724052232304006,0.00136604603409651,0.00110280227961436,0.00633965841146205,0.00384624139102834,0.00727153768781092,0.00367464882110451,0.00899709617770659,0.00992471903973782,0.00211992200746019,0.0115065663654102,0.000619840481248031,0.00111033243617192
96.25,0.000168151545383761,0.00174357602213302,0.0058211393800354,0.00489323117678221,0.00846832152770076,0.0026361480513421,0.00235885187239752,0.00110273496168195,0.00644166479521483,0.00310851942566779,0.000364954071167213,0.000846517164630549,0.00540993738239735,0.00078551139659065,0.00699809425166073,0.000306797614745007,0.000929593314855125,0.0020950778255618,0.00228188880099078,0.000768750969444613,0.00253545209097258,0.00369916299772736,0.00344388078223638,0.00572136452606376,0.00315725142403858,0.000411361488800058,0.00387657870964273,0.00149515969112584,0.00260307513605814,0.000108135222985459,0.00259283468926802,0.00265255707613682,0.00089692395420757,0.000483628899017205,0.00146115778139401,0.000992602316975812,0.000999947920731278,0.00164482977968346,0.00510359358492872,0.00201798570797862,0.00615139997855031,0.000729572407836259,0.00226802526159866,0.00584980463205854,0.000232581794704764,0.000968705782436217,0.000843959206223626,0.000546772514341802,0.00816304484771873,0.00137417411082238,0.000163434507232951,0.0011313245984509,0.00127113469059829,0.0101087512587862,0.00380642821466304,0.00202274133213306,0.00488731262711433,0.00422649151939792,0.00100088529427193,0.00140545560226257,0.00421091276362338,0.00311002513327819,0.00337165357575588,0.000308539573915028,0.00331094782247829
96.5,0.00264048532912427,0.004564220402212,0.00323274121987051,0.000216562380251274,0.000403338458585731,0.00214747876142477,0.000169581599907803,0.0100343613182276,0.000304450261686372,0.000218077545717409,0.00244289559850062,0.00127797214652651,0.00955076803575767,0.000546282212635936,0.00110428248531743,0.00450355718404518,0.000761542996375421,0.000487570498038241,0.0065696454304086,0.000301481071916011,0.0116961479707529,0.000798955408853553,0.0038749409117316,0.0040552502357262,0.000283713812145377,0.00201378074748045,9.48463284248167e-05,0.000859900011717003,0.0118232037799024,0.00587188147807616,0.00574348742007789,0.000569384470247744,0.000663644842143514,0.000998969048886527,0.00166592280522593,0.00144811143397481,0.00386174561735201,0.00263587332711391,0.0107871532824211,0.000697209267887759,0.00127525816502275,0.00160291657396878,5.41192899339175e-05,0.00130472014116133,0.00478696862309454,0.0111906657497253,0.00489317562556808,0.000679352301940496,0.0117546917547104,0.00121356263620896,0.00261754086354711,0.000304573614115384,0.00264816588197579,0.00208761619653026,0.00019508937172455,0.00185787206281006,0.001507113179032,2.25517860293186e-05,0.00435560705814853,0.000822161302861625,0.00376726250744879,0.000613111869685275,0.00842892550094293,0.00121940842329569,0.00259732957093865
96.75,0.00337512641179941,0.000185982913193127,0.000945648602581485,0.00205617798258276,0.00169196189946122,0.00661136392484942,0.00150287966510029,0.00197959123006693,0.0182316873209997,0.00508463050960802,0.00108079549653776,0.00242088339369969,0.000926801580582776,0.00938229697445278,0.00203828258609324,0.00409641830725468,0.00435536999440972,0.000970356174097329,0.00360929110106052,0.000386928704795074,0.000161731546521559,0.00230147263868717,0.00163531310800257,0.00226904426364546,0.00204571930698238,0.00389584291275647,0.000952994183129497,0.00530629223307144,0.009998692819587,0.00176668639218287,0.0112250604174435,0.00324101976941851,0.00567598048351379,0.0151082356010595,0.00426386858746484,0.0010152796271904,0.000293937196112863,0.00200861874793564,0.00150996302847103,0.00254918807501654,0.0102757130740869,0.00341909210479965,0.00602420428004635,0.00380765327327383,0.00519936600204404,0.00213243986982195,0.00119016378534113,0.00194797992997899,0.00262369784248331,0.00185115115470548,0.00309806925407243,0.00288492942026413,0.000395505431176366,0.000140695075865989,0.0099995156074282,0.00376924845539718,0.0101653237427284,0.00201540113180566,0.00511406425188255,0.00486180749621686,0.0254632946122757,0.00358626176414713,0.00164207554902891,0.0041192519491255,0.00139929783032564
97,0.000392201294718785,0.00504480642827269,0.00649730049920123,0.00186564104850045,0.000524641694511474,0.000463483019035425,0.00024260810036048,0.00839037738093582,0.00709406940153283,0.00517896898573154,0.000407843908984497,0.00365803736560359,0.0070218663614096,0.00179302325387019,0.0091354641305349,0.00990595178396364,0.000406319564532036,0.00315852656830815,0.00196143413853275,0.000360292572483538,0.000431132838306178,0.00197762940453893,0.00331908579913615,0.00303043824556857,0.0018447085460046,0.000510394053058396,0.00182459333360311,0.00124168151365172,0.0061688843767319,0.000306260175706281,0.00249297179095646,0.00222743502633042,0.00411270748279204,0.00113347822271097,0.00215912043349427,0.00112217599516568,0.00432856952439104,0.0014721845456567,0.000646946060842335,0.00367141556045158,0.000158362943403491,0.00123679207168176,0.00221549935145021,0.00765980250503723,0.000398511941999494,0.00350778446105668,0.0047553277404079,3.74082211879089e-05,0.0158482919356593,0.00945430039287034,0.000683966063795154,0.00411525533557609,0.00177875278764013,0.00270990989379627,0.00548375875539315,0.00225702310001981,0.0215852330552373,0.00203883131750465,0.000984347505680723,0.00218137194182134,0.0104108018745662,0.000157603820768295,0.00379680079957311,0.000513453490390867,0.00108417910466773
97.25,0.00640795296598124,0.0221494354618498,0.00142010363687447,3.15110667228451e-05,0.00312187289694792,0.00315127740526247,0.00214743004634063,7.85792699676649e-05,0.000536820391954793,0.00107639451941053,0.0153598358610539,0.000773101955564779,0.00267283255196837,0.000380096857528159,0.00297242741591728,0.000843693207757236,0.00151364669260079,0.000652833411178485,0.000195600886028844,0.00125579868387948,0.0013704152607598,0.00028446928525486,0.000484736647897235,0.000328875946377089,0.00368421917234007,0.000631240859110492,0.00673696338028913,0.00437250331344282,0.00684253876579796,0.0031099754231531,0.00092699938496654,0.000152850699119543,0.00307121818643198,0.00193901413746177,7.29819816921302e-05,0.00149250824860314,0.00205336618294116,0.000845126880980592,0.0163337642013433,0.00387532274568332,0.00211202466118544,2.0053808259814e-05,0.00204947947458665,0.00223308512687189,0.000942713964491786,0.00481319714782187,0.00443857236784032,0.0076854828436428,0.00423571724485455,0.0150677936721537,0.00399020106151352,0.00278886634033789,0.00645684306348589,0.00511721436803813,0.00408459285737748,0.0008967554759912,0.000352118366962284,0.0101813570860412,0.00252712767427393,0.00254382721504728,0.00197034009960729,0.00134101891267774,0.000844419995026431,0.00188114916576737,5.42360875104627e-05
97.5,0.000846272440769125,0.00234617026320086,0.00167365862571922,0.000932505145862636,0.000689489724420661,0.00263337914474604,0.000739054970573839,0.00484391350747769,0.00481604232413141,0.000708501940461919,0.00185920991235598,0.00111945157594275,0.0110644603948405,0.00318987341748686,0.00150141360365786,0.00274497258320779,0.000560449434974507,0.0014223391686654,0.00284943176128036,0.00274742045907331,0.00174371843488777,0.000208652839454454,0.000836742802770752,0.00417632521716534,0.00166787493303241,0.000698302565081247,0.00269367270503317,0.000629130691919949,0.0128724365509138,0.00512100959692705,0.00369623896121113,8.69572876880591e-06,0.00116966692385548,0.00121106742290922,0.00129416037918334,0.00134778492832895,0.00473081994971427,0.00064953026337765,0.00341247367405527,0.00195209373261036,0.000453278448525255,0.000248574670955729,0.000944607427510275,0.000655664246776364,0.00882940250656298,9.7848074767732e-05,0.000726286651240673,0.00966881362954827,0.00942881882699628,3.28173488026816e-05,0.00132936973677246,0.00471387610024576,0.00187073208375044,0.00267839068794835,0.00491895202312102,0.000436609005920208,0.00470382553171755,0.00671296941836158,0.00371893119574596,0.000408997773423298,0.000386316940525877,5.38565489587839e-05,0.00588904931244489,0.00167813740989617,3.26064662844465e-06
97.75,0.00591647565206351,0.00657102843073346,0.00125260266787771,0.000760786764994976,0.00344395249021246,0.00128923782316508,0.000109401185819683,9.21528971622612e-06,0.00217717827315828,0.000586566144008871,0.00369371006783338,0.0031725718669199,0.0126061491035027,0.00163787680898856,0.00317457976301821,0.00214811199033854,0.00242393918878167,0.00468157575214287,8.85199451492241e-05,0.000792643059839924,0.00489377160241863,0.00084779577583011,0.0037022752826752,0.00502765008129464,0.00315687087254628,0.00443717109935039,0.00189152853789723,0.00269431488603965,0.00644219035758868,0.00259599091130648,0.00108846751685606,0.00249074316306252,0.000594511950310553,0.00543343432566649,0.000575710304614533,0.0018807306137256,0.00215534955138753,0.000342673142900969,0.000800097788241433,0.00335074749675258,0.0112821952537657,0.000302759579088262,0.000175295369359018,0.00663181900946524,0.00391669848914438,0.00257565836580124,0.00850325877829116,0.00598598834016757,0.000884736038604562,0.00708521077820326,0.00393111198047123,0.000967315310204642,0.00233537858059817,0.01088322691745,0.00375579728270043,0.00116941247117018,0.00218059675525632,0.00731956222602704,0.0012620166055072,0.00102660004040078,0.00146983045122057,0.00177027091712013,0.00476990651697128,0.00167998565284266,0.00127887550778895
98,0.00720469189565106,0.00655270277754328,0.00390315033766785,0.000481648109876369,0.000905362962347578,7.98815027517551e-05,0.00111805526777525,0.00382898268111748,0.000122353577494703,0.00487768206462709,0.0112987884820174,0.00350616326101445,0.00605638356151452,0.0107083035834044,0.000441321389478238,0.00302873438154548,0.000402590358296287,0.000985659264137769,0.00222984779784388,0.000361834608320027,0.00147587228429655,0.000264124085173812,0.00118607472804676,0.00153889090047667,0.00488821378131094,0.00388551802427932,0.00349975844991917,0.00394557460095235,0.0066087822212399,0.00208789849115321,0.00448563418699762,0.00633359008113521,0.00418780800096966,0.00791866973576808,0.00121119850327289,0.00288078410832906,0.00380902568716692,0.00178458716542251,0.00287710406684624,0.00434584007001702,0.000347059936734311,0.00117485937665873,0.00206621810016942,2.98444552074702e-05,0.000928600190260275,0.00183151216274685,0.00794657717478801,0.00674520520724219,0.00751022538183018,0.00380792320167681,0.000278517572811019,0.00424196540835654,0.00746650761773333,0.00262349458585808,0.00989417661318211,0.00824797131962403,0.00869127958497343,0.00410357718953576,0.002337778450529,0.00435157580484698,0.00787107809510591,0.000292191170521823,0.000606565933721019,0.00458584883233826,0.000445044958320724
98.25,0.00474278139985596,0.00337046614214812,0.00248589726700268,0.000995944101450283,0.00112960536914696,0.00316556774054516,0.00257850877837991,0.00643387319808094,0.00392388341998368,0.000305643565712463,0.00511017771674491,0.00265353303900367,0.00023580974314709,0.00391770239556214,0.000413878003133063,0.00193892153870327,0.000110201290742123,0.00281481942360225,0.00143976020422345,6.46872335381643e-05,0.00488727296038896,0.00121917280325012,6.68700613416381e-05,0.00161233489554631,0.000906907589042888,0.0020213929237405,0.00410217327854312,0.00130658253967043,0.0111910566016528,0.000411152702783906,0.00237927376050793,0.00427064902910214,0.000338766801322363,0.00179144323163427,0.00175854344067995,0.00198129123037425,0.00185637519267509,0.00055687471975254,0.00363249213955963,0.000781408398072235,0.00151177816377301,0.00821116637624328,0.00121073222070818,0.00411008656202306,0.0052930937053528,0.0026782776347703,0.00432391037819761,0.000582870002962448,0.00131448579445129,0.00942877714219416,0.0024427247726846,0.00621254847230967,0.00232786306197204,0.000393677977013792,0.00110333168158319,0.00311626564827627,0.00362444209851128,0.00207337230242958,0.0118101222925253,0.000310919374014659,0.0124254964452964,0.00275846731591339,0.00107696107008517,0.00331431125164275,0.00170148733553002
98.5,0.00522581978618416,0.0122979957931635,0.00493103326658584,0.000234457057458166,0.00140235808859949,0.000127817667556136,0.00544434220764964,0.00380222178370965,0.00762441693265455,0.0111054244011772,0.00737213269405834,0.00229405672797708,0.00841395952895886,0.00337461210702888,0.00409848117102372,0.00832817679457274,0.00350141082281263,0.00432080045143734,0.0020933709885222,0.000186803599290419,0.00588159631589446,0.00584009881326402,0.000454259087010435,0.0010296417646705,0.00140495744064394,0.00135958315239986,0.00803406390123115,0.00199296773089278,0.00729451783858234,0.00312537581780391,0.00057020011156354,0.01202187477703,0.00158373365212144,0.00321565115162683,0.00111482801074049,0.00230839258458477,0.000412242988285839,0.00059918772177506,0.00618448512508558,0.0121622537616228,0.000492374981103105,0.00637021335617157,0.00129053995855087,0.00108825530589272,0.00315648857095187,0.0019684935851203,0.00179127358508339,0.00373515296454844,0.00124293156339496,0.0049268560116982,0.00123144419816214,0.010874876556369,0.00449033521953414,0.00261400641907714,0.00186264755313632,0.000133476890217235,0.00955842353089769,0.00449037598846561,0.00363753950879293,0.00391178550758901,0.0321220517695691,0.00278415020977365,0.0018633849597962,0.000929576481177359,0.0044852856972062
98.75,0.0115756750173098,0.011954262506952,0.0140130395969426,5.72254498151324e-05,0.00220698487361602,0.00377896316980365,0.000542292443222779,0.00376041286782746,0.00145555956024019,0.000877103572529133,0.00430709609832787,0.00409337981193552,0.0220498024474939,0.000805654452763279,0.00561958177402259,0.00775020523576616,0.0159421973149895,0.00362661023769271,0.00508515940858102,2.80300549024614e-05,0.00295440023663206,0.00134901016911997,0.00289213793714618,0.00529600832290469,0.00212619617605339,0.00269320257640886,0.00403910779449424,0.000892901803973189,0.00556403072418325,0.00135378427899642,0.00525844974442964,0.00155727135660044,0.000631679085844411,0.000444763201410109,0.00204485018964042,0.00228168712610273,0.0055489013384291,0.00237616706007597,0.00812881532061504,0.00641513895342971,0.00100486606472947,0.00117216096599367,0.00975602635704188,0.00402618323810643,1.26006905317115e-05,0.0111474880554812,0.00213953290875643,0.00118317745445915,0.00683251927155357,0.000357948162187907,0.0056963085024423,0.00575767725941528,0.0175675873225412,0.00824963004889849,0.00237680442569067,0.00514946986309498,0.00282263661923082,0.0097894234145729,0.000417276123106341,0.00906541094791984,0.00977470893950093,0.00160029624737106,0.00617423149516204,0.00117278233720537,0.00127633149167265
99,0.0112725781741328,0.00166907506679278,0.00915759680300882,0.000298451615623996,0.00413019985296974,0.000842069484242593,0.000223768950244918,0.00301694872931337,0.00912175182434768,0.00219230610862766,0.0128903062851053,0.00436975533812842,0.00508196333000925,0.00303016309553378,0.000573754743586432,0.00110592724396822,0.00228250671508336,0.00582437903023486,0.000345800028169231,0.000891977347416307,0.000449406642429088,0.00105045778335372,0.00473706091112096,0.0023501278984986,0.00282722224754624,0.00271712788272949,0.00135222893479693,0.00127379194120078,0.00857123857217306,0.00110596311120908,0.000444676421160736,0.0044338119018812,0.00300303152139455,0.00313631089330423,0.000106916424176126,0.00178901464397754,0.00133496523673863,0.00196907752520541,0.00440148236113105,0.00153125709010082,0.000518003193978821,0.000407649341325072,0.00126116053418021,0.00393514228111586,0.00191427706217502,0.00451722390343622,0.00383433602700659,0.00112549439223141,0.00228437296903925,0.000177661023573577,0.00184142017789149,0.00129633499117201,0.00542331541884664,0.00293739301876318,0.0136187434828096,0.0154672839296636,0.00333821059350942,0.000376587481695733,0.0100178235765394,0.00183662165544929,0.0326716763586936,0.000342654701335236,0.00278876381458206,0.00174255315548768,0.00155744521337984
99.25,0.00108445016340435,0.0043761483300034,0.00140614870722386,0.00200549498380745,0.000624288743298681,0.00255780528696355,8.57598289195987e-05,0.000219582142168343,0.000419622269565677,0.000725512534885941,0.00149776744602486,0.0012569574051418,0.00156713737065705,0.0020961130282592,0.00274331063873468,0.00630265245341451,0.00131163051335984,0.00056365927505429,8.30789981785095e-05,0.000709004833058405,0.000184605699386155,0.00223161107692347,0.00724700129336333,0.00422738386308079,0.000984417227189511,6.0834013324841e-06,0.000579353013627683,0.000243307357418975,0.00112247432275538,7.72026197409469e-05,0.00582716593665149,0.0053219759711697,2.70830774221689e-05,0.000522866743878795,0.000544435269937102,0.00324105681105179,0.00043532663594335,9.99044697538184e-05,0.00572263383053723,0.000549050411687081,0.00238810026816597,0.00693109606991018,0.000108274968379868,0.00182176085087761,0.00050244824733688,0.00377250741424688,0.00184493470229963,0.0109467903583882,0.00181624526846586,0.00772002111329521,0.000331297001716467,0.00398051348487576,0.000880727078762826,0.00355724641273878,0.00556453005362915,0.00154212963038818,0.0182568416803595,0.00322796376157645,0.00192369855134131,0.00940979906989927,0.00374521991298578,0.00144932466770927,0.000676714903861308,0.00358779858016891,0.000206056967239325
99.5,0.0146426078299651,0.000934471338599948,0.00109560360111821,0.00115607672331895,0.000952915912140509,0.00216737837512576,0.00137691984520229,0.00134708379595662,0.000960528302277812,0.00474275721552017,0.0118365562561651,0.00134966181012421,0.00451116993532471,0.0091333266733068,0.000986082253369302,0.00244508194233302,0.00659877368534571,0.00119558396411378,0.00015306007307417,0.00165894689588371,0.000144686139907241,0.000211977423055025,0.00210641090168454,0.00636851235368641,0.00217167604283031,0.000261514154452707,0.000914330389145754,0.00560234094927936,0.00355584032101214,0.00227350609710284,0.000846782696170272,0.00658077920084969,0.00419547376060595,0.00115740640421533,0.00066243728914252,0.000693181084288355,0.0053120908831406,0.00048490019246193,0.00992699785499224,0.000464168236477249,0.00124251457324348,5.79388629681035e-05,0.000757397008479573,0.000488894553259808,0.00629843645541418,0.00128224571334155,0.00872705448485917,0.00393401709862859,0.00522247370085074,0.00443765179755067,0.00203802100568814,0.00315682818716691,0.00467774503795146,0.00111468201372044,0.000559385083819823,0.0110345694846317,7.58364547036199e-05,0.00263324621707472,0.000794048271910714,0.00325690511771568,0.00510505467250632,0.00159074994380028,0.00504566779243498,0.00106115951491161,0.000232698210782434
99.75,0.000992052106543965,0.0108253072601696,0.00663098609132708,0.00559348634070997,0.00266027701124054,0.000539450001571591,0.00117919063286309,0.00157010083592743,0.00747076968450589,4.546370769023e-05,0.00213183729528706,0.00892853938261049,0.000519726065186877,0.00294036478532133,0.00925058298431193,0.000346902770719371,0.00266705450325418,0.00135284209250856,0.00154712954951352,0.000651133781146857,0.00046373790581878,0.000569893420695796,0.000349900043978186,0.000116848616260085,0.000649792261571838,0.001473810970026,0.00285485660045115,0.00833790741695034,0.00152904461105926,0.00269476261987222,0.000388873143351584,0.00391731545306273,0.00568995360853755,0.000156841774275378,8.53928410346005e-05,0.00235258572609405,0.000370879330705026,0.000701041274703323,0.00139439470037959,0.000238585577988073,0.00187755089297181,0.00140645909666475,0.00207911290101077,0.00569287354813647,0.000443741766112001,0.00256775812432181,0.000535041179396601,0.003018827443955,0.0051787849320762,0.00641001293929291,0.00171624674693298,0.00194057198119817,0.000162424801169048,0.00422858276646673,0.000629714599516231,0.00431818779218143,0.00178565312269898,0.00307620905308131,0.00331701319711071,0.00291133226631538,0.00888990058625629,0.0017474941468503,0.00301480386376301,0.00114695429407325,0.000367005527233717
100,0.0140270064938564,0.00310066824028356,0.002981794197399,0.00692024469977386,0.00291267688733257,0.00193848114630659,0.00212431684672934,0.00441660982202146,0.00114699361416974,0.00207306419022759,0.00947025600181974,0.0143628823117065,0.00299062847705212,0.00600498840011951,0.000710107074613933,0.00423990958929657,0.00136334773792092,0.00255541233290724,0.00463177393577259,0.00330154660988938,0.00392257256025176,0.000228994119688954,0.000419336751239688,0.000804255227223532,0.00721746464632588,0.0148162554972576,0.00228991132143028,0.00364348012635442,0.01598959369885,0.002890917470402,0.000524587198661545,0.00095676021002008,0.00346653525216263,0.000795149797675177,0.00311815707619101,0.0020206346658114,0.00203292430989231,0.00572646207613104,0.0119692478535231,0.000472923110296249,0.00110945331614191,0.00400217861444752,0.00346667743295414,0.00453447840551703,0.00222896987741229,0.00263288290725456,0.0234272255803279,0.0116536005847924,0.0164956275083155,0.00751844459216994,0.000495195618396722,0.0034471023762982,0.0157885456385576,0.0103259324153902,0.00779363344663076,0.00901343895518901,0.00266675338928651,0.00284255997956006,0.00453983145592181,0.00412828637716435,0.00735429646360956,0.00466889058298124,0.00943603326254838,0.00127253557448992,0.00205814034442018
100.25,0.00377088032092809,0.00113287077232037,0.00663950617248053,0.00219322445766094,0.00203129715145319,0.00624253340960821,0.00344328657083538,0.000373847614665035,0.00174478192068264,0.00189631165342508,0.00150661387164022,0.0110726314236385,0.0088168174113012,0.0033696764302795,9.53772173786836e-05,0.00595532427992611,0.0029911563759715,0.00443603639265766,0.001659520679852,8.9753521081887e-06,0.00641308236190071,0.00204463731827014,0.00131366472828558,0.000323621772516704,0.000484960909054534,0.0080197163822261,0.00628387713076812,0.00226046201341234,0.00269560451202346,0.0019188140910655,0.000494395016816044,0.00237813420982407,0.00176889493468803,0.00170151580214919,0.0007955719149231,0.000368329901126219,0.00597816152244861,0.00141324603612693,0.00502744861901313,0.0124762934003514,0.000828193473774957,0.00178085679852635,0.000504253586479606,0.000231351520015145,0.00135817106676722,0.0162950222832594,0.00187640831411405,0.00284542294118548,0.00321531023475182,0.0105024759921959,0.000633415528685314,0.00144973716681414,0.00367412797559437,0.0101273004006466,0.000123938508259461,0.00325898597406455,0.0079222651004363,0.0186720068187267,0.000631964285136841,0.012035228652692,0.005443550697619,0.00745276594117058,0.00206302375187581,0.00186586933262528,0.000348568456079743
100.5,0.00392030536115177,0.00446629375109147,0.00117291170049335,0.00343871738823141,0.00471841959187994,0.0021639069240088,0.000380746451554522,0.00172449695471498,0.00422963261289029,0.000991108331046804,0.00573053979134631,0.00218682922989297,0.0123810321632965,0.00149698420390425,0.00409434362008012,0.0106691345831727,0.000306912954156458,0.00289394732677305,0.00300694892490024,0.00426602207986748,0.00236138694351563,0.00142704244101669,0.000503226027852908,0.000203311272649519,0.000265310523917808,0.00274897370689171,0.00139233565814566,2.51838742757809e-05,0.000229319840127091,0.00301089601007751,0.00169935939114274,0.00285667202313587,0.00211728864889827,0.00117278300288231,0.000692333791957197,0.000795909044638216,0.00535264497244647,0.00343123355061739,0.000266165447114381,0.0106779074370322,0.000370479971294089,0.00333037148658341,0.00408812956668465,0.00244428324998389,0.00735474197521412,0.00157475110037994,0.00119315139195498,0.000759056558210701,0.00232636857363563,0.000193438076100601,0.00190969422934821,0.000354256787902606,0.00104728295294969,0.000753339345279563,8.89693286976907e-05,0.00222894978105356,0.00532396503253131,0.0123836814596603,0.00371995048542115,0.00462900213279576,0.00504318853755573,0.00785399615684344,0.000737032194518714,0.00822846780454151,0.00147272599262276
100.75,0.00687039523066802,0.00181678685920519,0.000521003320195124,0.000385237485163707,0.00159703396457036,0.00443863259568164,0.000143906115665941,0.00022723385383295,0.00462525977701725,0.00302984400473129,0.00231143994510938,0.000282475926048224,0.00362378725013999,0.00662024192134483,0.00267979000521534,8.67007007651747e-05,0.00403866152437411,0.00900530106046421,9.23333009565358e-05,0.00131863981952733,0.00110771335111267,0.00069829642338907,0.00213831282673184,0.000598441788780949,0.000747045223218384,0.00384886119506351,0.000333092525842219,0.000631717105738244,0.00181711935200821,0.00130818094358453,0.000166404365644838,0.00600849747290704,0.00261171377474888,0.00313367369694033,0.00496939892128828,0.000498137110388973,0.0032035848074342,5.22659446035907e-05,0.00114424793338487,0.00162919910304838,0.000153121380531011,0.00565792030338511,7.11065860905145e-05,0.000602547915531044,0.00707716464819926,0.00896224399292311,5.29322176120786e-05,0.0021678988978826,0.0032750546330031,0.0106981152678779,0.000667516822481599,0.000915359556055515,0.000356666236682834,0.00259300312922848,0.00290729356679182,0.00388263199869952,0.00116785338957308,0.012400877248142,0.000481485536195622,0.000478738581363516,0.00835704603667973,0.00280026252073443,0.000846699008685705,0.00417223282767163,0.000720572080033232
101,0.00141796015479296,0.00300066332362763,0.0019208887907035,0.00204844816996117,0.00339757051123518,0.0048702483341876,0.0018453150340255,0.00245806223274624,0.000658605090305939,0.000261411422326263,0.000611884536129584,0.0041999607465233,0.0044538435881251,0.00473699607375046,0.00387396913165504,0.000109324156254141,0.0031067535991877,0.00116622959814027,0.00593749849350664,0.000250568486168229,0.00360392260326538,0.00117553241606435,0.00106352063559001,0.000242096826510614,0.00161033349386194,0.00607878576237288,0.00114565987473438,0.00550890841014895,0.00917125035604369,0.00309051124318353,0.00039086091757509,6.03911723221456e-05,0.000344040686461423,0.00353384637792,0.000800063140154024,1.88358921245101e-05,0.000599614106300115,0.000581977128014934,0.00235574266342946,0.000851844845413545,0.000782883556983698,0.0072810935876149,0.000476463414801818,0.00126895947851944,0.000175132594591479,0.000646022483229834,0.00191230951460777,0.000116145492860714,0.00220408607572441,0.0119683150442406,0.000135575676053219,0.00132458474063083,0.00159711256846359,0.00355389071753072,0.00179387040844905,0.00865211769026999,0.00344629909208442,0.00261444548879436,0.00244963118310343,0.00323087898654567,0.00563517293321458,0.00222658147383051,0.000899812875120622,0.00021229029665849,0.000567600606615645
101.25,0.000135246774468363,0.00918422060403059,0.000999318528084208,0.00850966678821783,0.0058579139833067,0.00582360601351645,0.00382916450950407,0.0033323144219307,0.00746664555108408,0.0147088351981457,6.78001997204048e-05,0.0113689088930741,0.000515433488605796,0.00774332312386845,0.000683449865083465,0.00397599478817531,0.00190349816011786,0.00167937260039601,0.00491054569699146,0.000118187985155393,0.0012158978823542,0.00181569961546784,0.00290655327901011,0.000734289319067689,0.00163278992549712,0.00884883055429224,0.000668607947595046,0.00279106325411162,0.00115530454401265,0.00709725008302957,0.00227050324575666,0.000844203400908906,0.000988660428885087,0.0042940440965975,0.00465897196094931,0.00803884186664844,0.000119431725822633,0.0018418875686088,0.000511524381903298,0.00152502913530232,0.0010789354645328,0.000207022864135383,0.00986012902435751,0.000389592580969719,0.00175878402454616,0.0126990357567638,0.00118522333833525,0.00613401168792137,0.000344763249646695,0.00689771102976141,0.00110098481825423,0.00412368683818121,9.35000670730817e-05,0.00767935443107411,0.00176657305761785,0.0032152617379864,0.007301100763921,0.0047214474967152,0.00109425775455383,0.0145494801597067,0.00114852007610953,0.00569775063264087,0.00243617795792075,0.00259844417293116,0.00018606097282538
101.5,0.00144059378648553,0.00620736879386871,6.97166866737432e-05,0.00204298615061907,0.00103259429614179,0.00355477122634412,0.00116821716758309,0.000315317526612313,0.0011443601659639,0.0019792386596747,0.000261981112924299,0.000991595498074669,0.00655960905641613,0.00395468275722549,0.00163878972591149,0.00013305271681787,0.00219595016727874,5.08742948331993e-05,0.00383273425075333,0.00190638975661665,0.00164700015551563,0.00104704803624874,0.00122959997195472,0.00118520676497434,0.00287445423062534,0.00163410292669243,0.0005767766915898,0.000157625798598592,0.00763573192779823,0.00134910361269399,0.00347803541311072,0.00313355010858855,9.66731143718983e-05,0.00027912836175459,0.00379241128973981,0.00654636072952382,0.000107692852400718,0.00169747698327237,0.00583085707341088,0.00229410990648513,0.00147284462173072,0.000835830382014381,3.25629721507702e-05,0.00527063236347055,0.00228727815420885,0.0036911967992806,0.00212215960947653,0.00193251475433983,0.00468580107867836,0.00584577637429404,0.000421141790493625,0.00044694638857878,0.00267180350200743,0.0018474944789685,0.00229308701551502,2.06066860387852e-05,0.0186209029372952,0.0178758436406756,0.00336660599875723,0.00156759159658177,0.00329422288958728,0.00158969695111265,0.00409836739627811,0.000300013366492511,0.000889229382333111
101.75,0.00191524599814278,0.00659934644164664,0.00122099397104867,0.00294135308443019,0.00116279670187275,0.00353185965774875,0.00131355964624341,0.00239029284501962,0.00314311374525413,0.00746966990517519,0.00229853705144304,0.00185054915712777,0.00417203660751505,0.00462771879176238,0.000209535134313585,0.00945281792544872,0.00782062397247795,0.00289367709198105,0.00267496545001516,0.00746145623402911,0.000221031294832772,0.000147442172227264,0.000119779789086444,0.00219997846642005,0.000164502927921409,0.000341715394156038,0.00623014852949827,0.00481640674524203,0.00376219955330212,0.00192796058525593,0.00295975119768039,0.002968791935762,0.00109040167180473,0.00172174829498315,0.0106184816966172,0.000352089205497822,0.00140620998600571,0.00472045219744233,0.000595318662846391,0.00150288226965247,0.00309026539526636,0.000541340709024421,0.00121457524766967,0.00406588425549442,0.00408066904460656,0.00121597211259812,0.0125750442173359,0.00183366261406455,0.000927002077539547,0.00353061827008729,0.000983071485447504,0.00244740780349593,0.000874476306777805,0.00918100052598439,0.00178277079186026,0.00213702410506347,0.00522531094687474,0.0167782465119523,0.00409998238026649,0.00226169007632194,0.00528706831470023,0.00702026250275325,0.0019201198137121,0.00298773672537047,0.000844960463192032
102,0.00241589035836809,0.00892034783470944,0.00109493355507694,0.0012144256916031,0.00113208182573439,0.000270133398639071,0.000227969531225273,0.00185481185259774,0.000598467760035429,0.005755901251906,0.00246913629593098,0.00235771751305988,0.000976702061293979,0.00559040347591759,0.00642632413271811,0.00382018860609465,0.00854050364849906,0.000392037628356983,0.00172277301114805,0.00177254559330128,0.00748308702138227,8.60874399337355e-06,0.00521360408690499,0.00318923715302475,0.000119693690946115,0.00237445857993719,0.00133039589824134,0.0028002884051019,0.00455072474593919,0.00088813408906303,0.00975091029294717,0.0100270124979415,0.000863648414487048,0.00170157208475323,0.00317854505534786,0.000414463502814961,0.00166863329476196,0.00236687784568934,0.00182794521000998,0.00422754532459653,0.00361811445581046,0.00141908704140189,0.00116112294207535,0.000462826505480567,0.000110308162595002,0.00174349077160433,0.00364560120147073,0.00162593460465568,0.00122400279939433,0.00118643858274961,0.00578689392457641,0.00083548974960991,0.000253510724577585,0.0156992167035089,0.00110262193973402,0.00230897056893306,0.00532138566464003,0.00083424082239739,0.00283744861240508,0.000930387791873089,0.00146325727621763,0.000895019576351864,0.00316117423732689,0.0001118658912698,0.00113711976874436
102.25,0.0020299719353496,0.00186248821615786,0.00792687021529143,0.000672494219743773,0.000115774486555969,0.000883029175138485,0.00591378717326654,0.00130061261664838,0.00025505249537426,0.00715708846251473,0.0102534454356192,0.00075581839689526,0.00763640308017965,0.00413232256872169,0.000556652448185747,0.00267057617354047,0.000302276395244937,0.00126477817667788,0.0061066184250304,0.0084470156580213,5.82829796770879e-05,0.0081385095793278,0.000560978908689891,0.000195736573056792,0.00315662966421564,0.000374878160930323,0.00408017989723532,0.00227528932179181,0.00217541867744948,0.000206812702865621,0.00318187628502524,0.00676049439347672,6.83150923016381e-05,0.00355055110704849,0.000104888083990607,0.00497970929565065,0.00121419857627405,0.00195157215524868,0.00324631262285939,0.00302604865812922,0.000830729908405406,0.00388641561953268,0.000289357775589299,0.000769305043655315,0.00268272056439285,0.0021313956237678,0.00281433774675858,0.000930040056161849,0.00339650001231097,0.015631678438965,0.000261722301660498,0.00321293054507916,0.00798336679161721,0.00574002364800799,0.00266546319644011,0.0093861317198954,0.00769849248272551,0.00162677889200491,6.04479176402871e-05,0.0018653508109801,0.000360086538664895,0.000551666797442509,0.00465282089794654,0.00235634241231008,0.00245430512274704
102.5,0.000845910937589411,0.00384655856099624,0.000261292119303692,0.00217941891558652,0.00176181317779065,0.00517643772111965,0.00461711309736774,0.000419981320323993,0.0117567213463701,0.00417730057245051,0.00144961603919298,0.000611120039915042,0.00768744816594855,0.00590689804658746,0.000421735135570587,0.00077652868022882,0.00167528015246733,0.000497016897268482,0.00472675129626707,0.0008005769904823,0.000201050874309064,0.00271229539629179,0.000148268080627661,0.0050255182556376,0.000559945149661225,0.00213131685576859,0.000584360803069474,0.00596835063770053,0.000167764588603787,0.000331435154729196,0.00249634135845294,0.00374539976226654,0.0111138569961216,0.00196843527890477,0.00312357676820783,0.00165729867697551,0.00151804393080312,0.0035272622089626,0.00205902510957229,0.00423125819173914,0.00146205550263856,0.000404087105470478,0.00044259584702277,5.21763937412952e-05,0.0022543933535815,0.00182909151858605,0.001943134984341,0.000966549788751016,0.0158137550721183,2.98393960951215e-05,0.000376275549081375,0.00214907057391715,0.00664006633880718,0.00144681363940042,0.00239090692239909,0.00092442236161935,0.00438714698264083,0.00252806870772717,0.00327033249813386,1.70654018285393e-05,0.0115816532304234,0.000318548217510658,0.000824789309850875,0.000442458396940426,0.00104458423663967
102.75,0.0115829172592819,0.000463627829024499,0.00523930838786751,0.000834519519119063,0.00158782724640448,0.00267500510613282,0.00504931216752659,0.002319546409668,0.00602027941833751,0.00193146323812506,0.00191134749528748,7.95946015556488e-05,0.0241433315824892,0.00370034209476058,0.00130419589109293,0.000887251103692455,0.00276904907389549,0.00267722348718945,0.00182244003159031,0.00533461942380643,0.00160097680872789,0.000901495617229526,0.00226887101326793,0.00463438442788471,0.00314483472904113,0.0097522647316463,0.000200452106594649,0.000770344740785544,0.00106955526991787,0.000407198621656267,8.46706179087532e-05,0.00245568310354828,0.00320169068116214,0.00120097590939869,2.21878513196188e-05,0.000846922318868065,0.000540067057935489,0.000295425088482938,0.00740357422972348,0.000912427861201227,0.000688485097243542,0.000563052469922939,0.00016519409559503,0.00137245152371666,0.00288145243585326,0.00103951090411337,0.00194891199303443,0.000739737754973998,0.00576761666276457,0.000177184531741403,0.000157959629701153,0.000718532676755315,0.00730855762738797,0.00506050712486692,0.000775884879599514,0.000155432002534382,0.000264556298984738,0.000516111276455203,0.0075898147767612,9.8278229905192e-05,0.00461666060939742,5.98500511655236e-05,0.00364453443143541,0.000552599093146588,0.000233131001834429
103,0.0168337535934649,0.00359958109992581,0.00153014035580992,0.00262423758941871,0.000300664911147725,0.000154468956136116,0.000169641415886178,0.00240086802605105,0.00189060477154151,0.00768880507816607,0.00271777446306666,0.00938719497465951,0.0100280452380047,0.000228609233603693,0.0094172601113622,0.00325646200815697,0.0112060068567492,0.000730033998953682,0.0013083287048559,0.00196492088569773,0.00257402705470755,0.00161356468105189,0.00280494855744156,4.94773720077019e-05,0.000370165857042549,0.00325331138462783,0.00289746052081837,0.00119886956645961,0.00207311863892382,0.00411352506771913,0.00770722655768794,0.00207987553404507,0.00226368311339431,0.00487461406557138,0.00368829855155137,0.00168113420231002,0.00126617908695387,0.00220487828360335,0.00724523061513742,0.000834635871891941,0.00533368971022291,0.00335045651561901,0.00269339310832107,0.00283348041366606,0.00115120404705891,0.00944650107782821,0.00343652133663,0.002493424952442,0.00110784739396256,0.0173930026287412,0.00461106170196223,0.00011653154349923,0.0046184402415555,0.00592734678813669,0.00130250800538447,0.00145756144273223,0.00405121461969028,0.00264213365355869,0.00802773434037054,0.00945645552580461,0.0106692792188494,0.0028427752981088,0.0026814128985164,0.00442648844688021,0.00122045311727662
103.25,0.00376385522731422,0.00476466710236238,0.000910126709792745,0.00236587229004264,0.00184627127210273,0.00125926761811377,0.00545443653831045,0.000813996813433645,0.00116357546115928,0.00052349914009495,0.000615415807528768,0.000876510900177634,0.0249443894518259,0.0112013138846253,9.12446253338032e-05,0.00122635660134421,0.00130425773420353,0.00271036705271573,0.00478343953811343,0.00602809654870243,0.00305975569242092,0.00119647236445177,0.00062423494716912,0.00103563005839547,0.00221414390067995,0.00408076297466559,0.00136533529168358,0.00468550112518918,0.0119727281942513,8.25179316150492e-05,0.00231179086850877,0.00605074337595669,0.00407140483830588,0.00408337302552118,0.000835832024493681,0.0016111441866337,0.00108844057909106,0.00018550953748521,0.00810285078804457,5.85720952308457e-05,0.00218831179339668,0.00250091317459093,0.000241440592962666,0.00418135429093789,0.00210816574675844,0.00237647680497617,0.00152744457176418,0.000455119888067887,0.00299408853942666,0.0109212344480808,0.00361419801739605,0.000746549588717053,0.00398983651573656,0.00293233060320155,0.000472600247480804,0.00370055278288328,0.00245007115818758,5.74453684546677e-05,0.00017148625334393,0.000625719685879998,0.00783376577374388,0.00134633189700677,0.00213162264863256,0.00206830491301439,0.000916376226039121
103.5,0.00312357799460205,0.00192621691239064,0.00256862856859252,0.00348820303586571,0.00180690039327279,0.00210889698637442,5.46370518421493e-05,0.00239397541329277,0.000966106874498016,0.0167250063388206,0.0092500098296518,0.00185462716171524,0.00111696109877106,0.00116410300145742,0.00161158906077313,0.00798485269025352,0.00242580678532705,0.00170347885582318,0.00147618596610635,0.00100244636079036,0.00335854890484041,0.000208083641412251,0.000485224607059498,0.00278379735719807,0.003716608381156,6.76005107636851e-05,0.00161470718728147,0.000726234005392306,0.000577148375616835,0.00104671718447244,0.00316743603730606,0.00266900825867838,0.00586823226162803,0.000912757435903932,1.6583413349571e-05,0.00254093750296658,0.00014097405551371,0.00387172420348652,0.00570072410550865,0.0112636226353017,0.00892800035560923,0.00283216974502924,0.000508082494759964,0.00592807097357879,0.00136689898785332,0.00058825729452116,0.00244393663936752,0.00988569015324523,0.0112976040619605,0.00426648769471501,0.000656050102335523,0.00163147289099281,0.00209989686067993,0.0172994532591719,0.0020726941302223,0.00354354350628117,0.00625872278854246,0.00605468863065234,0.000448016439277429,0.0120114718460454,0.000872901705944296,0.00556615255914169,0.0036730249381224,0.00118403809846209,0.000426699784542091
103.75,0.0026580485409322,0.00677477004417988,0.000211894398768183,0.00143463916304488,0.00290252313339335,0.00179634113981415,2.17290644336362e-05,0.000228287044921812,0.0034905022474686,0.000951196823253692,0.00579794287880916,0.00211210216079685,0.00317530405718332,0.0175816462099617,0.00318235491219576,0.00182746497633236,0.00421937571003621,0.00334231052181308,0.00319951704295316,0.00227896301994993,0.00204462811415122,0.00131748709804769,0.000133074174238302,0.000294066330861344,0.00406037784157941,0.00932090673589823,0.00638805477937345,0.00413068271888387,0.00046472064908414,0.00322684434367338,0.00657142365218951,0.00951723200239045,0.00409066448979265,0.00130558757881582,0.00208293859159566,0.0051531387828346,0.000566473713722294,0.00404376831470008,9.54034306642304e-05,0.000158383719134631,0.00203790228826181,0.00274186947748043,0.00150655690487404,0.00600718676344872,0.000512446601079199,0.00743743058194561,0.00872521397390654,0.00380075402559538,0.0032695878139118,0.00348852194010967,0.00137945972148617,0.00354137928816349,0.00582385627882561,0.00317235549665606,0.00370081859463815,0.00195851507491853,0.0139721123094356,0.00955981083939678,0.00218109865830138,0.000114775326372366,0.0108286737464355,0.00169649866712513,0.000282306226637644,0.00278437820382552,0.000142585712870254
104,0.00354713911235565,0.0159627156485292,0.0018261413346063,0.000191070204342617,0.00128872154657522,0.00302780756543766,0.00146050007331486,0.000971628140731582,0.00234631497153185,0.000745805755000697,0.000922513964152555,0.00819045488805305,0.00905352877199117,0.00302591106743949,0.000705476487338861,0.000681014058899604,0.0167998468592853,0.00558122906619925,0.000117682472883214,0.00247658171579864,0.002380484121522,0.000528422884334757,0.000263090780581713,0.00222060877596646,0.00124425381230679,0.00170090394719114,0.00891290792388493,0.00379669533804273,0.00159903075779127,0.00224200967235868,0.0104611699604666,0.000373025124351199,0.000661063994437626,0.00537098332961114,0.000463426080199743,0.00275207032279962,0.000107361294722454,0.000121537392967861,0.00156197677129757,0.00603794601841053,0.000536164614451357,0.00085284989534939,0.00609848230822865,0.00137084972903665,0.0118340681859543,0.000339803293219997,0.00030009882225351,0.00824973835838358,0.00540564513595029,0.00223086854302234,0.00318074902864961,0.00419163466693651,0.00220602100761828,0.00525613099368192,0.00468233489163802,0.000751409301741589,0.00420171237297977,0.00190410716835451,0.00210272045782465,0.0081669946771404,0.0123824034169019,0.00153471378180339,0.00212977071791061,0.000278353493351401,0.000462977231422252
104.25,0.00311072893710941,0.000226055316212247,0.00394362361665785,0.000690529264263087,0.00292828601923404,0.00156686970631768,0.000838910501151811,0.00176579040490994,0.00606184686960526,0.00580321072572835,0.00343065632543154,0.00169262160024584,0.00256185472478777,0.00203004701337861,0.000420366050463669,0.00132822631045963,0.00123479545407501,0.00347271620959664,9.38328701270757e-05,0.000444065270416814,0.000463200452841386,0.00130580424433204,0.0023954599617953,0.00264874958531374,0.00118265572655049,0.00196168507992314,0.00369887932392899,0.00116512216838634,0.0035073355571371,0.00119490314107804,0.00112507407741588,0.00328542677560567,0.00391199710682703,0.00399430732050165,0.00138144220806199,0.00673509296110469,9.00438883011934e-05,0.00237447524218807,0.00562156501553783,0.00588246300216355,0.000992261952138254,0.00129410046830446,0.0021227692819157,0.00267891937842463,0.000900201593309126,0.00169273211723815,0.000342986934039273,0.00201970895618095,0.00237775132384477,0.00741263398465885,0.00122168498998993,0.00312173300256,0.00440860279258273,0.000637729022051372,5.55120481033746e-05,0.00377135321272883,0.000413600467739562,0.00897879952097219,0.000956128706584711,0.000868934697292346,0.000384376528058141,0.00237066441135195,0.000776912638503689,0.000464956460319984,0.000185188516259205
104.5,0.00193652037233233,0.00394107330709728,0.000729716728825757,0.00176542462114971,0.000330846024831468,0.00688512729671571,0.00213913931092668,0.00228069571587311,0.000695875693622609,0.000233909701361192,0.00664399268946525,0.000875815385463249,0.00339486511259383,0.00335551245624957,0.00041926452364478,0.00109813088727085,0.00134977594102086,0.000276832032688494,0.000209850642324625,5.87842521801363e-05,0.000299332533895548,0.000110709532709256,0.00168294212068888,0.00548449355188704,0.000309159402020414,5.72158524807819e-05,0.000393973260776117,0.00394325348474108,0.000534540818101774,0.00421883931671349,0.000995316222047545,0.0111792470695476,0.00585810728162975,0.00209055359133729,0.000328121236424575,0.000591777544040207,0.00239599652596782,0.00214130033400929,0.00359025676564229,0.000674173548564793,0.000734737088521073,0.00347788626453072,0.000454173961526904,0.00305601167113803,0.00353841982093708,0.00134211030927365,0.00132491647549775,0.0027647049678096,0.00370706670241839,0.00483459152264028,0.000453281747934823,0.00311531441501915,0.000748143957326684,0.00181054176311352,0.000331143534217958,0.00152290558675926,0.00414422140946988,0.0239732808942724,0.00011226258729842,0.00224515217707501,0.0040324448251554,0.00407428027945541,0.000869492702392519,0.00727402264142371,1.45038268849414e-05
104.75,0.000471917825078183,0.000740182330487576,0.00367959816318342,0.000581160846381374,0.000984034698552153,0.00104597350775097,0.000147523165904999,0.00184828811153343,0.00155474186704414,0.000362684301959771,0.000303567254766087,0.00402165948679408,0.00318866349233669,0.00440140780060856,0.00168113383036794,0.00197761702668248,0.00234007575887478,0.000508359916149709,0.000340431677537288,0.000295154416746296,0.000753418231301648,0.0043937580904603,0.00327612949848062,0.000883020299390381,0.000100945981178507,0.00111537572454871,0.000106377446391673,0.00492405980153161,0.00122302425696532,0.00211351990062193,0.000770592559626234,0.00100647873464285,0.000428183629767114,0.0047928763801213,0.00398448561262463,0.000155986241129896,0.00251385494532783,0.000486796699128512,0.00400161169686578,0.00121330697844457,0.00127099872358808,0.000761197716374526,0.00250596167849742,0.00177710527727512,2.99652324545956e-05,0.00112428928044785,0.00694660489180715,0.00229267118755369,0.000137090778047267,0.000387567328708487,0.000540066179872203,0.00586758358228673,0.000395912859479349,0.000663998957392401,0.000784693532260024,0.000286279235934602,0.00448172049674004,0.000641787942948617,0.000826901918118563,0.00201271276500057,0.000229764361170793,9.05580101026099e-05,0.000568529764911411,0.00320120728345522,0.00155002074760733
105,3.12121625031672e-05,0.0178069434792518,0.0031328294055562,0.00665330882024416,0.0012604704204431,0.00141141570377676,0.00365753442846877,0.000281404035075459,0.00151433220047177,0.00027895733962449,0.00272473345704914,0.00300146428196234,0.000296385803197733,0.000193841769241321,0.00228693772530663,0.00671718616816451,0.00158845897612634,0.00433949383281554,0.00388070426152989,0.00121808313226353,0.000773214994521607,3.84265106521819e-05,0.00144153822545824,0.00129122718988588,0.000684385636481562,0.000865502250184588,0.000588632694351936,0.00456424790789015,0.00364910455501218,0.00407160922245932,0.0025592317602848,0.000908799441043978,0.00459715381080179,0.00111873936656608,0.000923127542109333,0.00282329040789661,0.000427613494155136,0.00386634930300541,0.00105937329182651,0.00608093037931808,0.00495433342831611,0.00205080483915147,0.00392465855770127,0.000637820836457206,0.00202054255071711,0.00549610134321253,0.000651978444168139,0.00110773023410432,0.0192786263781375,0.0010636687017507,0.00133543389808005,0.00162445901226467,0.00283954440905531,0.00799476877844574,0.00135342535778948,0.00182479504223579,0.00199560386188584,0.00572659986323692,0.000405787664254495,0.0109021849329003,7.77271677183148e-05,0.00344772879338227,0.00164162275288387,0.00128248173448028,0.000140885197235157
105.25,0.000993756815060029,0.00200378811216077,0.00285318416564629,0.00198504776630905,0.00109457477409107,0.00339283291118513,7.23826337144137e-06,0.000295299427564296,0.000423714270242976,0.00271755081513795,0.000706535923441906,0.000956781912778524,0.00694602680245132,0.0068496625878126,0.0015196681726402,0.00088062970777071,0.00132307426658881,0.000397854702080622,0.00144828759702296,0.0024257523017166,0.00282587520533183,0.00552949792584509,0.0055142032043435,0.00413261218235855,0.000137506996455917,0.00239145315079915,0.000456428643352078,0.00317508750047325,0.00472528559645621,0.00155775915174841,0.00165525939296285,0.00815283435746874,0.00426735912209954,0.000582315972915757,0.000250298259430019,0.0018636848159511,0.000219364204759801,0.00122353105994006,0.00114285897980804,0.00203123913562292,0.000305774926542492,0.000667929632629143,0.000954773950472205,0.0030302960833742,0.000242402327226513,0.00246008116430561,0.000396697160695249,0.000460528965550435,0.00366958963577782,0.0234520250616809,0.00252477848830621,0.00186124941326431,0.00102429881849022,0.00311755053488215,0.00106615385597524,0.000364587038294112,0.000199833899338409,0.00821543902973272,0.00832923978019137,0.00484170146746829,0.00668715534669802,0.00547270792395272,0.00168775425057928,0.00598870844328836,0.00155506382261088
105.5,0.00447592669501237,0.00113352018649037,0.00335565335866222,0.00540731963284373,0.00281333899766476,0.00180986826322702,0.00197201817496156,0.00300725357337081,0.000457048186138962,0.00034735563846727,0.000894553882406337,0.00602254435569664,0.00192816618867866,0.000572943938765202,0.00236541620095482,0.000912190009692415,0.00688017610182182,0.00138750334223758,0.00684666125879505,0.000217877418887332,0.000940954270035092,0.00230036153262284,0.00607147878481365,0.00153642919265443,0.00262526972859087,0.00459155998091227,0.00510724176297864,0.000835996023759768,0.00141521637367544,0.00404941504942756,0.014121186509173,0.000501322484529968,0.00121256589208088,0.00290057156542544,2.59153387149251e-05,0.000250028778946459,0.00194044819005539,0.0010970688228777,0.00260135924973892,0.00244979124606085,0.000102326789435797,0.000727889397675002,0.00380224348877011,0.000184338921849774,0.000426307024635795,0.00171946951563494,0.00240262848234534,0.00634032351680966,0.00218449142180801,0.000229951532945461,0.000130324801976845,0.000364829315662729,0.00363709397345923,0.0020482046109253,0.00393309174693594,0.000342072173263115,0.00955668815820439,0.00464383381590213,0.000800123106950532,0.00255017454101611,0.00748068701271186,0.00174263858066867,0.000362607065933036,0.000186509493372492,0.00105022691437934
105.75,0.0046139049384555,0.00330400831845118,0.00277357251409476,0.00690642871111626,0.00136639779425287,0.0074205793079454,0.000797853255684569,0.000923322653570935,0.0133339807913863,0.003552118347887,0.00826032649956467,0.00818283061176927,0.00548601112784698,0.00216998902097032,0.0180954577738513,0.000458312660888425,0.00220332378485491,0.00250029560969337,0.00257290908748545,0.00328777387676682,0.000902070365420148,0.00730124973490685,0.000305653365793483,0.00160548580605722,0.00372072576430923,0.00669361887272208,0.00446141095714401,0.00255727622588195,0.000415338669893198,0.0021484720810727,0.00861980171815181,0.00020378171781741,0.00449248209308135,0.000125377132406042,0.00189967405839891,0.00136918117631455,0.00253655597521448,0.00107122914337777,0.000533575106735437,0.0092403850478823,0.00257120634561772,0.00483353918155909,1.3205301337933e-05,0.00764955272435587,0.00117903258506253,0.0040499833304092,0.00294052691089831,0.00364532713087969,0.00724551693848344,0.00875998242612913,0.00237937849015854,0.000104184830857217,0.00430195257476756,0.00706441785233776,0.000879745545354407,0.00159868802395745,0.00953433220396897,0.00132903968126674,0.0036076754451568,0.0017426334270273,0.0214784771534897,0.00312473481772075,0.00610806055162633,0.000331369460589768,0.000687324614453202
106,0.00042393145635084,0.00502348098399682,0.00279436658929302,0.00209174199762718,0.000621683162831506,0.000941732857708784,0.00113032537198768,0.000239552358722418,0.00558158529752628,0.00276282996472868,0.00160221268980433,0.000562471221459994,0.0029689590970409,0.00709413777924563,0.00271724404274323,0.000825710710989548,0.000839568556092194,0.00121795527343426,4.81068222306918e-05,0.00743463088354111,0.00513539999707387,0.000841357990014786,0.00325254738650618,0.00356910734654849,0.00215710587924333,0.00133317424657016,0.000436409625134751,0.00358928738962764,0.00107094129659424,0.000431297429653154,0.00016690453038598,0.001550834904545,0.0070694973473875,0.00297897223188085,0.000121275566531893,0.000491083032248645,0.000497800035281171,0.00284398152990011,0.000203344409056677,0.00127889483549576,0.00397550028951199,0.00143865807053382,0.000234904262954171,0.00135359015128485,6.18064172279201e-05,0.00107011517676208,0.00149744103159034,0.00192199268947342,0.000387789364918617,0.00396424165768483,0.00638452064605723,0.000420734296747248,0.000338082994200148,0.000739410820564376,0.0076756418884592,0.000800826822280244,0.0020428310554648,0.00115469394418996,0.00114184552967155,0.00303144878170147,0.00134912969949146,0.000365761923460874,0.000594162920641134,0.000843665823133787,0.000686495497129687
106.25,0.00442931672704103,0.00424259151283736,0.000619663809378573,0.000127245659782388,0.00671017293859336,0.000325773089609942,0.00267047127743795,0.00258717340897644,6.20643372183734e-05,0.00215694708919995,0.00216228739879512,0.0216034465162262,0.00285264474354159,0.00066292264661211,0.00781882945645124,0.000248235225292072,0.00363629749660058,0.000273208550175502,0.00517051771647547,0.00262374727745128,0.000530738910675229,0.000378864366803515,0.000910713469785697,0.0057135250412366,0.000201770599255764,0.00250951690342766,0.000612516097847876,4.66746837532752e-05,0.0019428113121613,0.00748731045233326,0.00629662185674871,0.00439812466518127,0.00335830740375229,0.00296517521045867,0.00175697793397439,0.000550302604298636,0.00263000741054246,0.00365787238546145,0.006689520498202,0.00475845390884738,2.35447826321264e-05,0.00110869807096523,0.000882937808497057,0.00520168230485563,0.00336004453107471,0.00269152377111467,0.0017158009114575,0.00304439182509159,0.0103210161026895,0.000443334425960095,0.000976105949163857,0.00115721146579049,0.00489446395742417,0.0235047572240633,0.001436034306955,0.000232731120398219,0.0170962598518667,0.00465927481735563,0.00572555870070613,0.00248349478663575,0.00183772848725695,0.00209384053094598,0.00250684965695994,0.00103060553271878,0.000319674132592632
106.5,9.01246538195422e-05,0.000187233891410482,0.000240645756516129,0.00393980125238028,0.00283321825777791,0.00351627860089622,0.00117166770779333,0.00127360292176472,0.0025041055013908,0.00191154437527678,0.00456185579182593,0.00154918710176521,0.00505413397662187,0.00554185432638581,0.00120572623476169,0.00021746413293609,0.00175398408589028,0.000289546709839469,0.00232618352219878,0.00221609996615996,0.00131691326958446,0.00182997528021599,0.00385467168146448,0.00379464246523394,0.00444856599559109,0.00159347327232123,0.00176459714912799,8.52499675046348e-05,0.00114555862628797,0.000583806310269377,0.0117388399012371,0.000440594819104143,0.00148964984700598,0.00753526199799525,0.000149823688822221,5.77442058518214e-05,0.000422052030394319,3.02444906328491e-05,0.00253837737489711,0.000830581029595796,2.40981922583352e-05,0.00279546268330376,0.00376017681668839,0.000480465438172891,0.00264631630306607,0.00502957149761042,5.76740032085332e-05,0.00864098358587636,0.000938860815699408,0.00744286867557346,7.70586821129526e-05,0.00150332234143515,0.00741030106389058,0.000100691757987672,0.0048074941670278,0.000810315468428766,0.00902100043465609,0.00124101380241518,0.000669960656596083,0.0243142389913825,0.000438607452479273,0.000458426762589099,0.000287329971300864,0.00458917801633303,0.000434338316477352
106.75,0.00286833299655436,0.00217525896746223,0.00604335863787571,0.00325834885951625,0.00274674250180916,6.40119042091894e-05,0.00373615653203292,0.00113058931407671,0.002384160523042,0.00282267976520468,0.00969188776167576,0.00301931975724569,0.00909464537192124,0.00316222447862822,0.00345031292690797,0.00110944716123734,0.00100768463777349,0.000189643648200665,0.00168087905607517,7.47298805104446e-05,0.00187644525409016,0.00123182550706745,0.00291549836174271,0.00143175856993868,0.00872995543748103,0.00095448488899402,0.00301795247934629,8.11254186676505e-05,0.00450262737412524,0.0031841369530626,0.000923830916889884,0.0108181003582986,0.00270078164604512,0.000980398689242302,0.00209007734232507,0.00083233049330445,0.0055283520708413,0.000188648607276169,0.00239078934240893,0.0054539855354577,0.000271490574971658,0.00591732768152341,0.00103182232258726,0.00380618506941038,0.0008640647136749,0.00776417782046348,0.00633981351500847,0.00113845160272431,0.00689698379665902,0.00264967525356754,0.00206732574850247,0.00659512456353606,0.00233724981157041,0.00656035637243642,0.00456986293050655,0.00495474620871931,0.000968457884588646,0.00629252535810287,0.000278789351794976,0.000196265842854187,0.00189736270143619,0.00192092063556682,0.000757030063737858,0.00218723177393613,0.000185918369956983
107,0.000800429625038558,0.0081643193616156,0.00415515819596207,0.00766244342262363,0.000761546718791707,0.00561443370681764,0.00304462566471232,0.00319881700486642,0.00453181818353635,0.0211170041094048,0.00576453156362486,0.00476161271592004,0.0208464623911844,0.00188226971516799,0.000513063639482881,0.00255479214563312,2.25462128982211e-05,0.000646402540995451,0.00735725085910555,0.0034470908962202,0.000711881294569712,0.000492056473856613,0.00304053201943545,0.00111328998805651,0.00532324554562575,0.0048647747020699,0.0139718640144775,1.03149810638966e-05,0.0164383069368412,0.0053419727888525,0.00694490762175233,0.00621498595169956,0.000525766801040575,0.00042296445713729,0.00416742193338558,0.00139578672761298,0.000737667762227971,0.00405289817275808,0.00254361466728512,0.0113247297833494,0.00136419583603829,0.00148752956014249,0.000297763663360842,0.000434552315776979,0.000799275036782709,0.000432574297342804,0.00220529341991682,0.00249791882374562,0.00851538976774172,0.00147529785109752,0.001329907373669,0.00136363811614219,0.00041587734101739,0.00668892082039113,0.00864726947974281,0.00940341711237176,0.000168435637273709,0.0237006821170092,0.00147979545667971,0.000960644895836084,0.00593270278969891,0.0105760198954317,0.00524147127020718,0.00147201310992386,0.00120441954325155
107.25,0.00522958608908759,0.0033566560914246,0.000897935444111757,0.0021139605421241,0.00103470743265608,0.00242351269875936,0.000380741465405473,0.00144855451433378,0.00120872582382475,0.00920872165675371,0.00551211850194967,0.00064499946242954,0.00318576985784615,7.52493207319829e-05,0.000394857242090145,0.0021292811293018,0.000766874950582261,0.000666381826008973,0.00269688779691933,0.00078648757207448,0.00628260258187843,4.0072742442238e-05,0.00149156097171196,0.00170358307297955,0.000568212343147659,0.00059063301331658,0.000733804052194652,0.00267334458918289,0.00830055040966891,0.00133387541667903,0.00491687144201953,5.18057069673045e-05,0.00161489918853193,8.72443263956972e-05,0.00268642730339862,0.000213097657456055,0.00107279949869986,0.000878186096091912,0.000697053673094357,0.00762255527853001,0.00413829434996092,0.00171686501405637,0.00211659830992705,0.0056894750433308,9.61217214161132e-06,0.00738983109124955,0.000881410151891706,0.00911638008859842,0.000176775427666006,0.00702822269351308,0.00372327611874326,0.0032839338311614,0.000212904731999805,0.00344239502899629,0.00318638924532153,0.000786412120269365,0.00252390907831052,0.00685451854482723,0.00529817935850431,0.00941055123143262,0.00944758978580093,0.00658200304224489,7.03734531183358e-06,0.00197890133256708,0.000584995315241008
107.5,0.00882772506597709,0.00727097644522076,0.000498024534561759,1.05290243991852e-05,0.000241277978001675,0.0060064548246318,0.00451081073025814,0.000258985172553919,0.00034620171768784,0.000327621341767972,0.00414783594385461,0.0018578503516201,0.00212176534364992,0.00398685411836349,8.99159292848856e-05,0.000695392251635149,0.0045399504212518,0.000621476789684765,0.00306521699280924,0.00050668189890516,0.00431501152856424,0.00281578498932473,0.00171732885818858,0.00706924126841208,0.00058875148410116,0.00244085860713429,0.00266832538094555,0.00287849973103871,0.00309956666911998,0.00138045176027375,0.000485757034520562,0.000608991017638052,0.00256780272507163,0.00226937697739206,0.00026367749508407,3.84696136690469e-05,0.000975329151924329,0.00103093638901319,0.00246585172571734,0.00197881684402389,0.000589152303796884,7.15436553208927e-05,0.000901274263668981,0.00468202034864919,0.00165357806353297,0.000152250387686958,0.0030450531491813,0.000971633298226831,0.000837738253798441,0.00105008157625748,0.00232963864833363,0.000463958082907046,0.00255639476226162,0.00150828362205266,0.000700319410568743,0.00301615283439691,0.00023380670140315,0.00540120790904266,0.00306432383150256,0.000508285793903386,0.0169567163604113,0.00170509998036614,0.00116972125575953,0.0021737896180998,0.00226741331404959
107.75,0.000882258200733364,0.00487747512192205,0.00217606910562557,0.00323914361345577,0.0016154173688753,0.00183392119127635,0.00171809009332786,0.0054793835623426,0.00151711745531363,0.000131008844326898,0.00569148540365205,0.0121359606039879,0.0112094499599388,0.00675006525110425,0.00288318590192402,0.00211681585572753,0.000430452045423254,0.00131080429784419,0.00818931381107098,0.00016983455609124,0.00349378961059972,0.000410012608719452,0.00135016456816672,0.000703091376744629,0.0022445268803375,0.0126386919181699,0.00308279942964999,0.0112461892711001,0.00888368089858229,0.00662448257791106,0.0124019681348413,8.3584808085499e-05,0.00224525973662177,0.00107303179842451,0.000715656522026574,0.00143083599187688,0.000527136638375429,0.00166916351738157,0.00179715583744226,0.00194234989442427,0.00163683223219206,0.00137645748077472,0.00107262555444126,0.00137816740147647,0.00166745724991233,0.00333811718579245,0.000986104064301029,0.00170165161710554,0.000377226259923414,0.00569613644951311,0.000489303427049198,0.000982450945443258,0.00379930968366528,0.00484845670197456,0.0074744411977882,0.00416748401564106,0.0100741928539944,0.00080764320510719,0.0039122408343753,0.00308300889891366,0.0232514974382589,0.00548660432208246,0.00301035044503956,0.00667116912346502,0.00270696469518252
108,0.00488025017135153,0.00484894782493747,0.00198544734396058,0.00196605324944313,0.0028271422668118,0.00118408092928258,0.000434328258185227,0.000813624178663784,0.00283811961255334,0.000173391868172243,0.00267939489891471,0.000899232203687881,0.00379260542608573,0.000450716408668637,0.000867753559428568,0.00519721602510869,0.00387494428071648,0.000173847969392753,0.000520337553937162,0.000385926160937592,0.000382085957837384,0.00145416387669337,0.00216009397797389,0.00569724149958364,0.000847236243325602,5.04363527155679e-05,0.000217795477405711,0.000905272261965388,0.00219300848077538,0.0016735708379591,0.000533645570287329,0.000182880468079046,0.000946252339045541,0.000619738269834487,0.00394472231748118,0.00209707268084605,0.00529679437769672,0.000843040042140673,0.00681727929156251,0.00249913003917394,0.004613133587748,0.000458128073466379,0.00220777427796637,0.00197076748879493,7.60473836110808e-05,0.000571343192564633,0.00178827540089703,0.000285511850452977,0.00383443539446465,0.00153745191041836,0.00274053623814958,0.00342072324693498,0.00356116920775826,0.00589779442265129,0.00039862060069214,0.0101396087785151,0.0131314843578699,0.00870851941982167,0.000203224989035402,0.000674928724886496,0.00302786143718309,0.000348518056581492,0.00324063072126797,0.000577971715855974,0.000589132673726429
108.25,0.00102390098582989,0.00270175116520057,0.00944824607161413,0.00093368258908206,0.000660846000274617,0.0061798495711265,0.0022855902364808,0.000339141478119682,0.000402297935096968,0.0161611452823833,0.000685302131434689,0.00025890038841788,0.00323879789024123,0.00290955048935525,0.000651905278008053,0.00427603763379625,0.00146628124866408,0.000193589266543817,0.00166373137720295,0.00187396144943141,0.000125678646046044,0.00124631952572726,0.000917177605830669,0.00204891939257086,0.00262089989593812,0.00350921305973478,0.000990805903877085,0.00610842842751884,0.00733276267315018,0.00151833892807637,0.00372225639741642,0.00182456691365172,0.00225081484572096,0.000834242216948603,0.00170773998654172,0.00325089844229287,0.00160681931319537,0.000395189853330184,0.00238690904864617,0.00158772013341212,0.000269941691588954,0.000317478133381988,0.00183195684897438,0.00297225864072302,0.00101720061889135,0.00139405968471386,0.00132642733020703,0.00124065768636152,4.28344003965553e-05,0.00186608885500977,0.00228582237248386,0.00110393622811217,0.0039214582702072,0.0137245440573137,0.00454996745895573,0.000321758139015344,0.00991625198017362,0.00425372746718266,0.00199535410768929,0.00561678425629371,0.00322338939451732,0.00450824667728705,0.00162058158127565,0.0067175969627459,0.000451954434897012
108.5,0.000288216063676305,0.00296776981366579,0.00131714869314861,0.00409784265618922,0.000346671769998584,0.00631311878959427,0.00042328800276815,8.93067640428627e-05,0.00869821507068891,0.00231527923218862,0.00329800184447342,0.000258409307940901,0.00903765308813957,0.00072677826493894,0.00108376473746071,0.000268332041190824,0.000239101639494945,0.00306152625398468,0.00465151113385821,0.00291146328256614,0.000262852132957293,1.66879864668673e-05,0.00206624775844552,0.000368860413227237,0.000303219544501978,0.000502908390256277,0.00240136341450414,0.000968164094776181,0.000115243501801369,0.000339090065854065,0.00954067885247755,0.00150370096598421,8.86648826784728e-05,0.000154097142442279,0.000422678924811526,0.000293635915351921,0.000815025127062897,0.000758924553509279,0.0015987842878218,0.00671897648292372,0.00300962408654213,0.000717017014674192,0.00211578304566231,0.000138992136359214,0.00297533103177695,0.00074021182463465,0.0036656061360238,0.000981155444837016,0.0062292179270228,0.0142541043478479,0.00319088509887426,0.000356304238103571,0.000686269236926307,0.0122703748163103,0.000354354618337547,0.00414348961420772,0.00138852259156973,0.000559842420855134,0.00101594702698009,0.00255173711936077,0.00203091057705087,0.000122503289531502,0.0021213709769798,0.00126594339508139,0.000114997496617489
108.75,0.000851399539105462,0.0064313946077303,0.00767287196192724,0.00273771117066072,0.000942924034259093,0.00223827656176916,0.000889585258991084,0.00552929689558651,0.0121917166880437,0.00643186266263621,0.00271610851231558,0.00765340825344615,0.0114735284963585,0.000992938769241896,0.001133396876566,0.00393517378595471,0.00269965268322962,8.84172052360048e-05,0.00091225096191264,0.0014242626723002,0.00530818994399727,0.00220763151834905,0.00465226506051986,0.00300485100214717,0.00208221042408812,0.00122299471834985,0.00214908941066291,0.00169939276319528,0.00596288778394249,0.0026976983038458,0.0202383250248989,0.00307019542197307,0.000429291829296953,0.0016075437326279,0.00405693973877182,0.00414876069798402,0.00186119325851844,0.000360244370975764,0.00169650221654689,0.00197904523085592,0.00188602207343338,0.000170499351487406,0.00103363658529677,0.000608104577843756,0.00501780007830624,0.000181033663389416,0.0111098151582908,0.000747101147298325,0.00413053994457255,0.000570912336965645,0.0027405346222988,0.000507733397477871,0.000823782274606636,0.00732148831539425,0.00525896652574977,0.000897695367594139,0.0166556374843443,0.00425434374531007,0.00423085504084095,0.000953412392703491,0.0118050857191237,0.00406048113504109,0.00436447995842117,0.00245854921309527,0.00164148547828863
109,0.00350272073483761,0.00874556293782282,0.000236188836514238,0.00048878036092756,0.00238459219752764,0.00347021054599898,0.00207682319098418,0.00330098223859805,0.00341735381228893,0.00184511112844602,0.00511941540761266,0.000749817653003133,0.00376037615143481,0.00155996860044008,0.00544553956430774,0.000938564396113334,0.00318293982525665,0.000310570462810721,0.00393081129160731,0.00486387164819973,0.00445487937347946,0.00212525433171598,0.00532001643364011,0.00235315536833894,0.00506764306016491,0.0032498489082588,0.00193240554042512,0.00446909085447136,0.0123186609280055,0.00118696690224337,0.000182050424653411,0.000563814187784127,1.81900523610814e-05,0.000144870188863736,0.000111748017288237,0.00220175759156584,0.00128355106084298,0.00593260941008577,0.00465990806307357,0.00174899026208993,0.0042751830227228,0.00108860031482324,0.000697178165263722,0.0102822206020508,0.00361391803708343,0.00885517215234404,0.00343795162796689,0.000147344065082119,0.0222752570876924,0.0067988189304639,0.00264797862513502,0.00154620094554136,0.00273452905588904,0.000432020152255949,0.00355366889575601,0.00241776237303878,0.000605019914931583,0.000807437712980179,0.000124408020819164,0.00445833623979241,0.0172311006621663,0.000905910471570202,0.000784621389677931,9.89483360370598e-05,0.00261654896608257
109.25,0.00045522906985244,0.00129137374981928,0.00315329135770035,0.00176560007797076,0.00204819074002489,0.00382609520841457,0.00328228869345606,0.00238941250815756,0.0010304913191218,0.00115002961721782,0.000374803336417428,0.00974623452448506,0.00299722555876809,0.0033360125624805,0.00324865385924644,0.0066505779751531,0.00140130630114225,0.00029191589590626,4.16442793105817e-05,0.000411502097752309,0.00433363232457828,0.00239399503071293,0.000369479872754271,0.00114021312380351,0.000248480205182661,0.00293488127921076,0.00176302647575859,0.000703925225264769,0.00456048667338013,0.00201258582322,0.00198233709721141,0.000241455588912939,3.49699899295554e-05,0.00244910634047174,0.00587292954760067,0.00157487019160228,0.00203311331223755,0.00180360536008644,0.000913982175087295,0.000802584564439675,0.000271630146610514,1.90500887379739e-05,0.000626932398847911,0.0060667836567381,0.00584990278638812,0.00474712675129141,0.000145945441543675,0.00768902423559202,0.00488738679832296,0.00178346131196093,0.000720727784849856,0.00385143409254377,0.00218643669788914,0.00794224119634459,0.00249760570324795,0.00114412765062427,0.00237876507340204,0.0169938490313299,0.000716010993341025,0.00384080367891074,0.00121806061377508,0.00672058789478842,0.00173089613381856,0.0018795566759757,0.000659919015667479
109.5,0.00195016451715318,0.0067951741519115,0.000862319789356002,0.00174786217323731,0.00310264640033969,0.00803288591885978,0.00204383009201675,0.00125456442561975,0.00698886440557199,0.00537743950412121,0.00728909958172655,0.00641032908334205,0.00701955308390217,0.00106092250339045,0.00373093039874195,0.000591182062097107,0.0022317705129925,0.00192688449971857,0.000156375054426044,0.00344645820441964,0.00481702837924715,0.000593928787611267,0.00130674422572624,0.00127641911010992,0.00299544224361201,0.000700132409629457,0.00085739217491151,0.000431437469917849,0.00333829693739924,0.00321859321660789,0.0111696732860865,0.00592004369861177,0.00441281589760594,0.00237643482402583,0.00150771793188772,0.00144439487656563,0.00364545553078091,0.00315735379245217,0.00125930206411058,0.00162049400178953,0.00110238733478179,0.000306420281269715,0.000900540047446975,0.00454234991641325,0.000574130616997178,0.00227484854037549,0.0037811137597419,0.000451199839872077,0.00785038970368916,0.00896481295433692,0.000691613874555984,0.00455496775076632,0.000470612017604866,0.00674994326047362,0.000551254019746822,0.00106077881109091,0.00644384986161296,0.00208657599674613,0.000146713624274683,0.00512457689976945,0.00882578355537491,4.23948430100056e-05,0.000855302355074019,0.000308878469765709,0.00152971708288108
109.75,0.00509574134348028,0.00815355341294132,0.00400242465085831,0.00344773249619638,0.00162367810633815,0.00393577970287515,0.00178321497285942,0.00661933983394519,0.00131673838586858,0.00119108319730645,0.00353643898241687,0.000971629151993919,0.00467550903944588,0.00234567061741586,0.00157483994676144,0.00158837902796787,0.00327682280773525,0.000180705587638589,0.000376148704346208,0.00143732548791885,0.00188409273884978,0.00234037872087381,6.00312091173477e-05,0.00120250989870721,0.00813022190831894,0.00528599411406689,0.000638967689424478,0.0018250640427821,0.00935581297602584,0.00112859159618599,0.00335332700423171,0.00225051935846315,0.00103454670042985,0.00157553319038443,0.0038779081909845,0.00225767539423678,0.00450408264171754,0.00334860783977451,0.00287211515276047,0.000354149061372673,0.00721043096614165,0.00431168803429529,0.00698682555441173,0.00707734614602762,0.000858940449530233,3.74371843118179e-06,0.00394111991129602,0.00188442068581399,0.00355280041904262,0.00269699758833596,0.000209475365109651,0.00255765278042301,0.0113478168199713,0.00321775976226774,0.0210052802717514,0.00477617998941217,0.00341728207495492,0.00448323647976134,0.00307023434598685,0.00173552730479672,0.0133377673017967,0.00392324977916274,0.00457939364633044,0.000823591541579813,0.00034254153162586
110,0.00795146692917593,0.0031564519094584,0.00329524108716649,0.000457957825308742,0.000516941610851938,0.00799774123334419,0.00253022424996722,0.00191355945239423,0.0014384594896398,0.00312024774363084,0.000334252876561328,0.00186907490468113,0.0107664234802063,0.000500347343678261,0.000301509257338345,0.00131055992235052,0.00545525548779953,0.00244624193086086,0.00854564255143004,0.00232533912375173,2.27948262420181e-05,0.00321471238793151,0.000441986681461188,0.00203323500654231,0.00310984753758339,0.000142203410303869,0.00343958153566165,0.00301114013324449,0.00136815275841601,0.000801395117102928,0.000483345188485809,0.00120050764890168,0.00256347455864918,0.00693630871533694,0.000893078101601392,0.00147518958978143,0.000141630822566931,0.00117724227329851,0.00938613912268342,0.00965901842191097,0.000864365026500572,0.000571676498574971,0.00121495943706531,0.00253078343835646,0.00199080381942042,0.00407837380742761,0.000323728854186314,0.000987060013005076,0.000798000048284606,0.00415180891945823,0.00353936552636252,0.00760814037016289,0.00487210148165421,0.00203052858802856,0.000394702956977397,0.00265659785654112,0.00148272293215123,0.022526179076245,0.00231984380456414,0.0121024904106387,0.000732097849526276,0.0100398566372437,0.00134457391197916,0.000319120989075178,5.07169482676944e-05
110.25,0.0170923545074901,0.00179935690389047,0.00481087420192936,0.000412901299114631,0.00180708588390669,0.00297966855750315,0.00197218235765089,0.00203790967610211,0.00448473841767998,0.000735238893854286,0.00460641612842166,0.000221757612017236,0.000677813171947076,0.00284127523538968,0.00503863964980805,0.00266129559928567,0.0118254149762127,0.000490234504317439,0.000330035324456654,0.00931344531890866,0.00186023389000103,0.00261756392562117,0.00270606983817889,0.0135750779514694,0.00512653258979551,0.00182057938677101,6.30316673499948e-05,0.00349753638799813,0.000337734770695527,0.00272226238363572,0.00432917656130805,0.00735233468356333,0.00718083361465782,0.00152495235432737,0.00070387632602572,0.00183841448253962,7.55758132878692e-05,0.000872300326819466,0.0210617463905884,0.0127977811827693,0.00031263581945495,2.46898041431608e-06,0.00528113390668035,0.00363453370000895,0.00417142789199842,0.00393751348331044,0.00827988174431446,0.000863576091300894,0.00283423250369723,0.00449754926886174,0.00282558363874637,0.000856108005163945,0.0129384194153258,0.00192735449055594,0.00169240984055335,0.00661520085232041,0.00505798045770551,0.00830433236760737,0.00118198037223557,0.00339609963882673,0.00144037805184744,0.00303071356639428,2.6942935649087e-05,0.000496423595878702,0.000948531853240617
110.5,0.00127461323709592,0.00334651941571009,0.000485080445022549,0.00134845189173851,0.000319440696756547,0.000487288631110698,0.00179058596357183,0.000531111897382577,0.00693760368880711,0.000579946210468566,0.00222680127815457,0.00306967088891989,0.00169644098493173,0.000625496973599684,0.00761035945503054,0.000608195135806902,0.00464018614057649,0.00364586604252568,0.00294876583086061,0.000355939300775754,0.000487172483492053,0.000169974663083258,0.00102386284408417,0.00276437426817256,0.000158475630344919,0.00289859080372399,0.00633712108448647,9.40709718793266e-05,0.00064327954677247,0.00144901112183958,0.000271621643352308,0.00169951583558627,0.00427006958651515,0.00112541149777401,0.000817249728376454,0.00154572611408148,0.00280438563971052,0.0003591112798924,0.00131540025755153,0.00128776632155496,0.000370800759106975,0.000570822502264406,0.000953492629221611,0.00116384722665109,0.000502652430603675,0.00231688364904725,0.00267837242933346,0.00294479492346894,0.00180318140570971,4.11320062751336e-05,0.000510243307501891,0.00158058104488085,0.00101836604590144,0.00115173251656876,0.0017194398091658,0.00856773893773553,0.000794754325374398,0.00135964389437263,0.000975020882795855,0.00186894841013428,0.016096961755701,0.00181755038611498,0.00180838431768839,0.000694853902590991,0.000442023428248822
110.75,0.000280558156428849,0.000367757284135535,0.00182313035134481,0.00134671537212494,0.00685002553176321,0.00156033213906134,0.00406471238856956,0.00238018672088227,0.0086606613042155,0.00220024603490274,0.000977382529702738,0.00230437868232394,0.00197278567467283,0.0013439345674515,0.00757491543341611,0.000702546125137044,0.000913209115555372,0.00115854997037451,0.00554603413120071,0.000261415262423858,0.00592774052280618,0.00260726336233215,0.00263922079493837,0.000763987845093163,0.00657507180671593,0.00056283231313396,0.00379437467168515,0.000734694223929594,0.00695359149918777,0.00248731276705027,0.00371949183224002,0.000350981624201891,0.000837555076228732,0.000659191347987496,0.00363604179114227,0.0063160891455727,0.00127454977234724,0.000533741284107947,0.00466621317056853,0.00339668995802186,0.00329975304302655,0.000265768839389923,0.00121898846009631,0.00218287925605802,0.00448414096590007,8.11420052263809e-05,0.00879647523708029,0.00303908318207137,0.00347864815432512,0.00206404585612666,5.49634098946983e-05,0.001466257386639,0.0042558728936379,0.0016900990506421,0.00546579481334392,0.00743811304319094,0.00926727700777845,0.00549059569365607,0.00404554165314344,0.000974230193366589,0.00513219860483459,0.00204590408905149,0.000885396360257626,0.00774421415164102,0.00376921025911929
111,0.000530671929630914,0.00294206370251763,0.000645322738847596,0.000775268876386951,0.000101811380830906,0.000493256587306987,0.00124282297949381,0.000404431781508932,0.000472129715174528,0.0030328982910925,0.000575314662984642,0.00103293191126379,0.000206579932931926,0.00232973742302266,0.00609506599715158,0.00114384780960916,0.00138494924344163,0.004174025063224,0.00032104551156569,0.00221559605871938,0.00134513356300503,0.00161077775453627,0.00656739542645135,0.000338979154163034,0.00051402322928532,0.00429706151597173,0.000612797483610028,0.000374774350944271,0.00146747612551772,0.000777722903117603,0.00135043767540115,0.000269340276186259,0.0026543739363722,0.000512153998166578,0.0026348948453761,0.000701970326679064,0.00103901071250879,0.000126253208037599,0.00176782046155131,0.00115600022591152,0.00352433036530031,0.00367393670936916,8.66460105548746e-05,0.00146663582752663,0.00024345678830155,0.00499238901042488,0.0001278855930486,0.00160933893696791,0.000799757833468259,0.00211401845334198,0.000113280611870315,0.00135746661305647,0.000180319683810874,0.0033175437625238,0.00322694812140592,0.00303049227957966,0.00141820471640335,0.0231328653875317,0.00364199161440489,0.00112176277173629,0.00976455055822619,0.00865349936481973,2.865052055265e-05,0.00235123822297185,0.000520318183638741
111.25,0.00141212881274963,0.0044776942867024,0.00260136961001412,0.00162993193104424,0.00029909347542218,0.000442903782100245,0.00322572415515414,0.00219402653232442,0.000214947288976247,0.00643034586827604,0.00259233707776711,0.00122940357600704,0.000443978067441328,0.00186617063179274,0.000230108948393729,0.000107290491760765,0.00191690316813421,0.000978560526797247,0.000835759577132883,0.000471991387847602,0.00495506257093337,0.000548675010284091,0.000717352157046771,0.000899266290915073,0.00155163995497072,0.000886173405397491,0.00423783685072288,0.00262235478077338,0.00941918959139,6.75568442763908e-05,0.00536259401097859,0.00184074120289058,0.00319728194572999,0.000569639613133345,0.00350245724697847,0.000978988759608935,0.00633134962082235,0.000782314323755641,0.000882882361371692,0.00436576602233411,0.000322642644504104,0.0026141217602085,0.00547613069942848,6.10657875379417e-05,0.00784581897153994,0.00189566918169957,0.0097020865430583,0.00154307792821172,0.0173160844802313,0.00182093732864224,0.00250999490911406,0.00136473639728318,0.00230890034354768,0.00983898579666617,0.00366589874996594,0.00452297456880556,0.00991402298101071,0.00770514941222967,0.00189303563106366,0.00158188731451545,0.00575604797697308,0.00142507536180477,0.000475310518936526,0.000449066718877856,0.000704745732335406
111.5,0.00193442863969889,0.00704402386984353,0.0022999561131942,0.0027425654892734,0.00105777515874417,0.00392473757121193,0.000245596655460015,0.00292927474169096,0.00148641979897787,0.00498648314705583,0.000767086508447241,0.00552198451566639,0.0179496001076985,0.00550167433946382,0.00115450507307905,0.00488062555007259,0.00473178683844826,0.00159335364139546,0.00436390086242253,0.000568525322935751,0.00127462832400735,0.000147647577209025,0.00187154211128548,0.00321863573438837,0.00143982273589541,0.00122772532230777,0.00241472037739942,0.000311310190694677,0.00350399189122337,0.000185274935854212,0.00303721288281979,0.00468083217793708,0.00490560302621905,0.00273490595179645,0.00128937752814135,0.00378111055520472,0.00154799743464558,0.000177105870678021,0.0103073755933367,1.13419057605595e-05,0.00191588078872192,0.00513369004927762,0.00145294108035756,0.001361262946153,0.000181046223496357,0.0052228223219711,0.00156816734951483,0.00257990078349706,0.000964368996385381,0.000122282749340279,0.00720075442952796,0.000835142737972923,0.00942566371277086,0.00923856433485193,0.00106303045172283,0.00272834837425608,0.00785465346681699,0.00699920088507725,0.000835790756486671,0.00174165429397916,0.00258620878264179,0.000206449197287159,0.0014811846549206,0.00463673707935605,0.00112460489614208
111.75,0.0116813052216398,0.0024932093200184,0.00123060612586559,0.000408513495043457,0.0022308389972153,0.00288902880326864,0.00866012737978378,0.000252006259893839,0.00392217759723391,0.00484985867786009,0.0137727775265827,0.000281229619556753,0.00011227707327057,0.0080206751946083,0.00295513467443334,0.00552971610636858,0.00242524196593672,0.000467573194386271,0.00470756221726788,0.0026696343101493,0.00156557745848712,0.0125791381247535,0.000540944610797279,0.00123133137677939,0.00409520943787485,0.00173824315859353,0.000852744329240058,0.00170432123494682,0.00111777622643422,0.000198304583629017,0.00593792800605735,0.00605441363997147,0.000490611330465855,0.00309587712487354,0.000651890807068227,0.000564607985546505,0.00174016235769286,0.00108227153117155,0.0094474241586067,0.00126783242430361,0.00524630718538323,0.00326190723682537,0.00416334137649409,0.00410964986000614,0.00483117402140482,0.00155605602112482,0.00697379649771615,0.000921785970756739,0.00289078024368047,0.00351903111452145,0.00148865091726344,0.000486880973330131,0.00381317310447486,0.00467435613988429,0.0051405112192481,0.000277899847782308,0.0149765663718182,0.00204064304847947,0.00455650762813811,0.00232285326236831,0.00177739381273363,0.00176749999903084,0.00420101249431875,0.00178424061343036,0.00183364193688374
112,0.00183633348126823,0.00823470451875926,0.000449376709337441,0.000398962818986737,0.00139666377451922,0.00104922043302453,0.00210353219366271,0.00130396360758234,0.00485066587978318,0.0179515756622085,0.00350858762164455,0.000446529978305893,0.00622451210730758,0.00259399442865536,0.00270365247934138,0.00162396570804547,0.0148072196422489,0.000268943543814154,0.00110750842289581,0.00357307904080531,0.00344454129674152,0.00135106734532329,0.000577530772878776,0.000412926303088063,0.0021340153576244,0.00625939761786945,0.00511086639956228,0.00184427443205659,0.00284267365130718,4.78055016999186e-05,0.00372322967435588,0.00320038529244829,0.0033457452923977,0.000912323393217376,0.00433052142307096,0.00015390340059883,0.00207136121514028,0.00113658117292933,0.0069983731108471,0.00507187545830221,0.000266338724053367,0.00362306837050167,0.00270314497974381,0.000326145945015088,0.00173853065724782,0.00397733166229302,0.01054781045047,0.00012473366142866,0.00193243762044789,0.00071419407471032,0.00367646692530961,0.00172643229485406,0.00585798421346773,0.00714930786620736,0.00453905626788503,0.00186953868373492,0.00674907408605843,0.0168072049788197,0.000798031469331695,0.00431350117992416,0.00118864276524336,0.00668030556665985,0.0006968485274879,0.00463783662476004,1.70024157862268e-05
112.25,0.00358518487023889,0.00439354500931396,0.0014916494132469,0.000249205456527664,0.00104838428531956,0.00203598357540454,0.000190662967461396,0.00200137547341219,0.00180124390037578,0.000461274876966937,0.0070136102348468,0.00333380016518605,0.00689948956684736,0.0010538092634278,0.0114447921685752,0.000630771337259502,0.000908894111081662,0.00097984534230601,0.000655297732358224,0.000466184612806135,0.00294026451408716,0.00288739379279598,0.00038998650706038,0.00463164317590076,0.00541412146120336,0.00383702627706188,0.00235786968829898,0.00297952694078366,0.00492967857220865,0.000341105606662781,0.00110477030322402,7.98235641867844e-05,0.00615552067743148,0.00126373810754058,0.00117782756216533,0.000485516699775318,0.00158818731594027,0.000535090108134432,0.000211871939149416,0.000563641005602918,0.000627529247319862,0.00106430481738733,0.00252778320689467,0.00533134916152586,0.00299085125586685,5.24354691269871e-05,0.00153482594479531,0.000893005955147804,0.00735597900560677,0.00133192175065298,0.00416225505354233,0.000603591649129716,0.00646803582317677,0.00393813180336574,0.00729162760449478,0.00219123890234631,0.0107144255038129,0.000302782972509049,0.00290673960507637,0.00083123769714024,0.000986564499762169,0.000554965941603774,0.000102609896898777,0.00278001465663631,0.001175211709323
112.5,0.00223397677127042,0.00112642763238533,0.000742658699020941,0.00552220644452965,0.00177881849887154,1.30300602273288e-05,0.000798630630080384,0.000191701918393716,0.00421759333140543,0.00887610460217322,0.00189813534629873,0.00293867665293843,0.00128914546412066,0.00241395602223118,2.28524196670506e-06,0.00145194625019537,0.000367105557807031,0.00811290123802241,0.000395926698847396,0.000733671438142839,0.000180831129719508,0.000690883580766155,0.000193836728534878,0.00299553865255417,2.54750551967416e-05,0.00258733631423607,0.00198273001684074,0.00285111076574551,0.00420059958978739,0.0039780677748083,0.00176515415520101,0.000984276786879406,0.00174457476652945,0.00273445276200451,0.0010926681156772,0.00275689975739646,0.000127075132399976,9.38171662691648e-05,0.00109893091734002,0.00291947077885256,0.00235317731028749,0.00248844291012789,0.0003606733781238,0.00186998701196565,0.00172430052034214,0.00185727360041293,0.000484242340233565,0.00849717202786968,0.000704994040052117,0.00393008247996827,0.000679769956153393,1.50098111828077e-05,0.00059424121531841,0.00117930160089532,0.0066425466857734,0.00061609558910912,0.00561365166727013,0.00741487882056986,0.00378758008726085,0.00859134860066898,0.00934457373809189,0.00093560712689333,0.00421414883651906,0.000794832678747538,0.00071253844221321
112.75,0.00954291352440453,0.00425629221895763,0.013688340231827,0.00290654404270276,0.000619888562550857,0.00586356948649765,0.00263089197610269,0.000640112298984101,0.00656145360681861,0.00682201490153834,0.00945777374646002,0.00375761066875747,0.0130919180891052,0.00345120472258987,0.000723007959919632,0.00522840376317325,0.000188677938855932,0.000605789761406979,0.000290073112692581,0.00652686718232539,0.00138947357524933,0.00108990314673328,0.000286472176538961,0.00219994175829946,0.00793329119837603,0.00406829417727099,0.000173534253954106,0.000517279993435722,0.000758033481115136,0.000958365347640558,0.00447485347776175,0.000595911299228064,0.00270468268842296,0.00251671947170353,0.00093833113098911,0.00237436903739176,0.00616163441910672,0.00158573284661513,0.00366096713144531,4.1761179747708e-05,6.21788252102995e-05,0.00223961953830226,0.000133221503937097,0.000135169384561014,0.0031313869342753,0.00175897520790799,0.00896434001736595,0.0139151764003839,0.00109528239306275,0.00659511596470012,0.00129623997449507,0.00148387609391369,0.0106462371388315,0.0008557705794778,0.00525042757143878,0.00764371866492764,0.00447855841823663,0.0128677691777919,0.000820464426713914,0.005990209506286,0.00578859695300196,0.00484545878503444,0.00629226570287997,1.58316843481261e-05,0.000273250358400675
113,0.00892996942656196,0.00128438370255991,0.00823017658902655,0.00380253135556692,0.000316128215634601,0.00294671589791186,0.00148839204543508,0.000664120326979241,0.00273943552178361,0.0127654934058536,0.0059843555766902,0.00138562145840174,0.0023228419161772,0.000159938722145657,0.000151157481415792,0.00153244220665852,0.0109981046566935,0.005425690305294,0.00108955394421628,0.00445312048357461,0.0041676740578918,0.00130742060414258,0.00193596909359892,3.65568303360782e-05,0.0014168538593653,0.00117498925580654,0.00450313687525739,0.00318745249050125,0.0048775288261746,0.00211451628084637,0.000358474117956179,0.000161099253543596,0.00120436541332022,0.00455577689876637,0.00207189960756525,0.00104002727619879,0.00298822156079511,0.000186389995039458,0.00642113596520862,0.00909340270447222,0.00058449870518808,0.00267334505274675,0.000208565522999632,0.000104249721651046,0.00225107024364214,0.000809808713907016,0.00211321431714009,0.0111948035151099,0.00317886928547648,0.00542697435945968,0.00019035957602203,0.000136490806366048,0.00568887423952875,0.00310830501020128,0.00402242120818456,0.00250207206337024,0.00526574662773358,0.00510280064850728,0.00450253452412756,0.0120005482841713,0.0114193780187372,0.00665255185436514,0.000779277065856456,0.00256658157579892,0.00101018152581584
113.25,0.00784107317262071,0.00234058685215981,0.00257128232342869,0.00455274783332383,0.00148845748459916,0.00152270676851016,0.00323002115758096,0.001640799998549,0.000218573073051843,0.00224505936545033,0.0018024594913991,0.000827185763069851,0.0122382584024548,0.0032764147630235,0.0055042100240795,0.000411443955847768,0.0094035903894958,0.000578782689693945,0.00740780180455263,0.00348027715455135,0.000307887767631264,0.000582384219398974,0.00268761490646677,0.00289688895366755,0.000969746445880234,0.000535471280623315,0.00320218778576069,0.00189279207186684,0.00127377343747245,0.00216326576938006,0.000657552087774056,0.00126059724477143,0.00079007305237314,0.00616266132975489,0.00362651384825262,0.000187353601804653,0.00505112765337527,0.00131914021465673,0.00695849370181946,0.00741391161263784,1.14267225854891e-05,0.00174348331514948,0.00309791662946406,0.00537440273610616,0.000197231761703604,0.00146340836896458,0.00046466999358577,0.00268604698704482,0.000455415987675759,0.00227598211876535,0.00363061997832614,0.00258647111096245,9.97154094271655e-06,0.00521032027627526,0.000280509709689723,0.00128111241147609,0.00520937543107029,0.0167718493699813,0.00495612814164774,0.00176121762395727,0.020391061538107,0.00289378079700113,0.00101455083287594,0.000551357866921986,0.00109058673591726
113.5,0.00710823360298657,0.000374163107249815,0.00250072845433317,0.00352486201773107,0.000352489548674321,0.00416572358315272,0.00282531289272876,0.00117012147725858,0.000582847503826674,0.00912037650798326,0.00804261365129681,0.00467875735253086,0.000697342152015936,9.51742926482232e-05,0.00236483627899601,0.00525369835669872,9.70881551124178e-05,0.00303637096241438,0.000240055783902805,7.38906855353454e-06,0.000507966227022139,0.00439841390397369,0.00044615097166058,0.0023896764448029,0.00611886065248866,0.00393710326180151,0.00196501881351978,0.00188119084149815,0.0197373494123516,0.00103168052112088,0.00238745435263827,4.74490813345675e-05,0.00808685633384255,0.00603559872117946,0.00254377076823849,0.00045217092757837,1.0510320828838e-05,0.00489678900765002,0.0070143812009216,0.00296447971325649,0.00140741248495205,3.87702683347825e-05,0.00086263781413505,0.000801757293476002,0.00287056257755637,0.00130454116435201,0.00401312355215868,0.00307382741125955,0.00648681549699857,0.0115841654640308,0.000749304700989535,0.000871839775074459,0.00503647109616256,0.00708475986624667,0.0138764073743292,0.00823496592429926,0.0137916038236918,0.00495359665264464,0.0022835350537974,0.00914351524931392,0.0129398386002369,0.007095670057421,0.000163781787874719,0.00015539793767923,4.11720180362046e-05
113.75,0.00415141901604898,0.00096359182494949,0.00327700275129118,0.000578230698928952,0.00182879513565067,0.000558014863702608,0.00326206533251493,0.000980025237917343,0.00123035097556337,0.000860848989766195,0.00638601108894611,0.00375687863063196,0.00351887658193689,1.14448968212719e-05,0.00688855824046004,0.00326205093453106,0.000652988554173994,0.000866636647636815,0.00189204206784582,0.000919343007386313,0.00169951032975547,8.28214552575794e-05,0.000120342234520227,0.00074674578481078,0.000719153780867122,0.00359217368129345,0.00135086924538791,0.000886146169154647,0.00684051151616303,0.00515091947924433,0.0119763268904521,0.00285701183442012,0.000413166702087332,0.000364114830588144,0.000494005545446241,0.00536231530530816,0.00310198290199284,0.000874865930132473,0.00727833382474053,0.000354686658082816,1.21777662019851e-05,0.000936217025992939,0.00116207107978031,0.00109989290904215,0.000214201288975705,0.000503069592276512,0.00111929594180834,0.00148453149231656,0.00330721927541717,0.00608189677528895,0.00478348077548848,0.00177060895414628,0.00176920512863735,0.0015109275028089,0.00224517090252567,0.0124419568872825,0.00724791974050345,0.00103340631417914,0.00171602129083951,0.000791092166951355,0.0011752730611708,0.000398910231054651,0.00310998111466317,0.0016940491482058,0.000513351994126642
114,0.00135728796016963,0.0080200667028563,0.00329062635308703,0.00695666966353299,0.00166120069658705,8.814735898956e-05,0.000430746470708706,0.000933987509594323,0.00257542235923065,0.00704079484572878,0.00120418171401889,0.00123453492993959,0.00117227973911402,0.00226048625614561,0.00357407352758226,0.00474431985222493,0.00114664854407134,0.000135946963274259,0.00253793045906336,0.00335645055630998,0.00146294644911475,0.000887708244393128,0.000833082773742742,8.96964531755676e-05,0.000566220383326185,0.0102837612903715,0.017584569431414,0.000409783407088452,0.00198663681128116,0.00451567331446767,0.00460221657649657,0.00112169192702283,0.00124598791824533,0.00812198133288649,0.00237537256667542,0.00306191636786588,0.00123028246738527,0.000490269489693778,0.000628919197084428,0.00259013347940764,2.69027247027454e-06,0.00717606715118811,0.00356473288549863,0.00433892943511096,0.0060503950896007,0.00372456552530594,0.00352328321409501,0.0106175199557536,0.00288646136393858,0.00635223091371422,0.00370715384619867,0.00280213356599226,1.10708454347684e-05,0.0141348319455951,0.00229905726807539,0.00432089529480813,0.00330547472326883,0.00161175405442749,0.000144783283508424,0.00722830564296733,0.0113246122343035,0.000934534156762162,0.000105678929966436,0.00188902895408254,0.000156671766266564
114.25,0.00706985143869715,0.00616802543274411,0.000716255677775594,0.000624641162405638,0.000430331987802817,0.000908565076358572,0.000185002732893958,0.00546051306932974,0.00150833582846202,0.00140968313274608,0.00362133101457594,0.00157040579187102,0.0284861620742661,0.00166817902577193,0.000227604537755124,0.00247355112765623,0.000411825067202855,0.00187600576932765,0.00286143321505144,0.00520591274854717,0.00229073319396061,0.00405954655935657,0.00252103461916992,0.00113150363103339,0.00160465976947579,0.00674664804951442,0.00427696888704951,0.00292130288892683,0.012663287664274,0.000660663899418063,0.0117036167193796,4.67280758492055e-05,0.000664666723069706,0.00108733998347631,0.00333597154857113,0.00456812198283853,0.00444744817377934,0.00601849229143898,0.000299491736108664,0.00196772382495642,0.000601233201707063,0.000433104861003874,0.000602232377361423,0.000557767316359026,0.00866517156629946,0.00116810878678371,0.0047623120579582,0.00259358970815134,0.00223240520196208,0.00148969370005563,0.000762187230436413,0.00167890997696383,0.00614278505308372,0.00507975512546803,0.00232902842526995,0.000325163292843628,0.00935630756354515,0.00414687864488417,0.00404806540627885,0.00073761809680871,0.00544430872648082,0.000824044591275475,0.00164915944598973,9.36276292175253e-06,0.0015272668398604
114.5,0.00102424717792583,0.00852862644487736,0.00262843575941105,0.000132506508186785,0.000826252541716341,0.000494907083163538,0.00370822178693039,0.00247179976406341,0.00252069153192896,0.000446179882394001,0.000512889715857483,0.00123660819730953,0.00191289384599641,0.00176872706569068,0.00154918206507761,0.00105549404846103,0.00067657331568987,0.00878395033581785,0.00112161478632633,0.00144349589355607,0.000831468284900854,0.00235288161360518,0.00829611376427761,0.00192677306687211,0.000391395506804672,0.0005758672462294,0.00432018899204655,0.00219850494356159,0.00232047421873022,0.000191638900608738,0.0031234591810986,0.00109571228260818,0.00101216457370139,0.0011344231514823,0.00200087738153324,0.000602948302824584,0.00148457380819742,0.00181896423665753,0.00377415557694574,0.00129009805883645,0.000504370110228086,0.00476573246293207,0.00164363291314266,0.00238112344644626,0.00032219555856559,0.00124772645392129,0.00196595037884848,6.02302640359447e-06,0.000586845130258121,0.00445624507646425,7.35528224635095e-05,0.00298023745639324,0.000239991751636642,0.00296453663240435,0.00433914948393951,0.00474031352648366,0.00278219007019344,0.000242491673826394,0.000129682635021578,0.00293559831341023,0.0163927411722023,1.24375578288255e-06,0.00112422964231727,0.00612492271718962,0.00090011511697239
114.75,0.0044784852876232,0.0026811250877828,0.000836928265545014,0.00114460865570542,0.00139360494928847,0.000880236706214128,6.16653459108087e-05,0.00557435657575161,0.00162181087155303,0.00463146216622724,0.00124960020006319,0.00172978438678259,0.00412867866603048,0.00296285623447233,2.15626886269238e-05,0.000927474689780068,0.00152257649587443,0.000155928989056895,0.00180555437351115,0.00121564366911686,0.00293901795418421,0.00115993276026887,0.00121769940332276,0.000630876126463395,0.000348490054023882,0.00204451387252737,0.000851084218597027,0.00189888701025936,0.00213156343471782,0.00152473055952638,0.00502710466200833,0.00142015485517724,0.000245903255765218,0.00150919389184467,0.000608910959393337,0.000596919483237516,0.000493235483702031,0.00223411355967972,0.0027767085069408,0.00269629218355018,0.00194598911405108,0.00244029869145476,0.000281703706760785,0.000322525150717179,0.00107125003381675,0.00115224518835394,0.00149704745917515,0.000470762691337032,0.00717208208356399,0.000484177606593902,0.00313953323376554,0.00234741106670135,0.00726919935375697,5.34890334743508e-05,0.000245369075772317,0.00136748680682833,0.0032293193863777,0.000309333115897041,0.00386949797371016,0.012414395010458,0.00401404473430765,0.000813177889198246,0.00143987303724039,1.66610729926174e-07,4.63427632239176e-05
115,0.00389889813400296,0.00224451496198587,0.000531995473274162,0.000912189521855014,0.00985613545809121,0.000694078038254608,0.000757755976661321,0.00169663513590336,0.00200052175995242,0.00176812486279396,0.000150185894106667,0.00325224345766486,0.00633309753782106,0.00613881394661342,0.000102869051461494,0.00193672673560125,0.00241621117877766,4.78357459353349e-05,0.000209603067223838,0.000653376683289013,0.000476087671813807,0.000656858050512822,0.00800648077226721,0.000288264384036188,0.00517117670896982,0.00153522543763422,0.00399740621061331,0.0028267410641376,0.00132332785224384,0.00196685527081872,0.000564185848733986,0.00791005085280003,0.00029697585436383,0.0063518893807083,0.000956305619753009,0.00171289952055713,0.000623632021925779,0.00153843272344722,0.000558447491687563,0.00219224763563496,0.000371214653851867,0.00157020092166463,0.00241440640867871,0.000689908987268266,0.00457498853962178,0.000322174456522944,0.00501285074299235,0.00534043574289099,0.00816761792311671,0.000407179573827448,0.00129771518262081,0.00295621578711101,0.0037841124381029,0.000839083092009176,0.00426102559019246,0.00209388925548501,0.00826978468310796,0.00165831147234566,0.00108821243616816,0.00177192858627606,0.00351514992447192,0.00121388236753938,0.0014436742442469,0.00247177485363805,2.72543359324909e-05
115.25,0.00126999029232957,0.00057244858635895,0.000897826527306134,0.00225636525632103,0.000616826621213615,0.00131915178066723,0.00170793899904645,0.000417153660716437,0.00390241431309353,0.0155859953991511,0.000387176710272165,0.00100546260456603,0.00182142924795204,0.00032051452090333,0.00104047850490011,0.00619912674011941,0.000276201369356376,0.0032466654907882,0.000894325828864099,0.000228387697572298,0.00059555962497832,0.00202603161792097,4.26146147641264e-05,0.000842027209146212,0.000983505139886214,0.00224277994722279,0.00052501093513743,0.00683693034674996,0.000969351342018853,0.000335928980329776,0.0012613179016326,0.00240753946548842,0.00137727976901287,0.0064382041019044,0.00328352690955946,0.000492447550915105,0.00158501914321245,0.0011814240837703,0.0018211975197159,0.00273410241394541,0.00501350479323743,0.00290624206078804,0.00013370444514356,0.00152816852714713,0.0020912335936779,0.00121323075502811,0.00354896654545311,0.00166819284066572,0.00242552266758258,0.0097829256422819,0.00177467191240693,0.00442543826057765,0.0023478800572302,0.000394124539402917,0.000906003097088926,0.000943801913078196,0.00189685321988976,0.00165545557630844,0.00315076095312927,0.00525119774916665,0.00543417235984362,0.00462202268150979,0.00236234698418038,0.00398444699172271,0.000462968935248333
115.5,0.00123048140514684,0.000954266918932719,0.000521846405995064,0.000977381136429236,0.00138403251188703,0.00046531294702542,4.72621714044265e-05,0.000637567708963096,0.00119920128763574,0.00109263205921788,0.00147322472964787,0.000378544045362391,7.87483689161756e-05,0.0019286107479674,0.00349077980745652,0.00284416176741919,0.00451852431327677,0.00555363170717614,0.00221027712509959,0.000205526456363701,0.00211196148291429,0.0025126791708402,0.000620418716215208,0.0027965241165886,0.00202117512454306,0.000756032836903152,0.000323723914275334,0.00100311665234498,0.000218719671430335,0.000475218585020863,0.00150792603256654,0.00231659178534936,0.00043906818235718,0.00420549986599332,0.0019789005498383,0.000605671375149737,0.00226248680100094,0.00146267675497544,0.00265210322342926,0.00208522928234953,0.00203437179454411,0.000901305353458017,0.000691075089739408,0.00245897917861421,0.00592029523624929,0.00477867595925065,0.00194862926204712,5.00695370414576e-05,0.00519211184807245,0.00173766782808973,0.00392442563174243,0.000353992765550555,0.0019048232483338,0.00120533963966519,0.00213661354104224,0.00257294562281668,0.000811824984987799,0.000995118196425064,0.00357429322821951,0.000659423741792961,0.00194565105306564,0.000587085508474118,0.000457417322553859,0.000381647605635639,0.000771263673242913
115.75,0.00612737713515136,0.00383660167983447,0.000619104246576432,0.000808840643396101,0.0012149311102751,0.00125255121000619,0.000642526029188326,0.00195279361578042,0.00104018126769358,0.00687302697528383,0.00230546250751881,0.00136857011790592,0.00933289284826926,0.000276123390814604,0.00018690473837992,0.000705600004706603,0.0032640926257668,0.000629348622763019,0.00298318135803122,0.00128476807819102,0.000170613767417188,1.4599220990361e-05,0.00177413445550811,0.00100274743236266,0.00263325347731724,0.000196716725790281,0.00234888891362999,0.00177917346891194,0.00146337539848202,0.00238674103546675,1.95451040235839e-05,0.00189061665993586,0.000233043469329729,0.000291340373379164,0.00169823687754336,0.00401456167517384,0.000894041504957776,0.000219598341737055,0.00487025008298737,0.00214795397696448,0.0019541226180421,0.00295273950084773,0.00243629326637097,0.00243333554204243,0.00282966650936254,5.33547346810445e-05,0.000969330895222209,0.00064183657545717,0.00913884936324146,0.0048554678487536,0.000381943741452471,0.00102842631269433,0.00536151469565443,0.000792958325837036,0.00074620116234233,0.00193957786547236,0.00193290433830412,0.00387895653158267,0.000808531480587819,0.000465475578028492,0.0019355199150864,0.00132770260841133,0.00208411901869953,0.0024666494292703,0.000134959007811042
116,0.00148331733025451,0.0036605158060996,0.000160479655736431,0.002550357088759,0.00110292109621057,0.00352638353356125,0.00168165948961236,0.00204149859027193,0.00137756353126483,0.000245575438142428,0.0047581684191809,0.000279621527706379,0.000788272528708957,0.00210190606537769,0.00384573979564035,0.00122240125368764,0.00483512163797267,0.000792947093356332,0.00119601758128988,0.00517468058163643,0.0021385059529411,0.00275804102036866,0.000338531481958325,0.00275245686566135,0.000519510161128881,0.000581899500237646,0.000952241245823485,0.00171058608697709,0.000313662398243014,0.000271051707549461,0.00219929213390336,0.00417488821003505,0.00111366561681977,0.000827266275201165,0.000388515599843383,0.000482413680473725,1.36334659558511e-05,0.00262673210227747,0.00440842068951234,0.0073585650739593,0.000494381653689372,0.000227404561150185,5.02155047037899e-05,0.00177706736738303,0.000865261858823613,0.00051907341342985,0.00238278516538579,0.00662227273205455,0.00322748656828028,0.000503192842130044,0.00333260885421214,0.00101838573234205,0.00123420681800361,0.00426709084606346,0.000571955142069977,0.00607868052531363,0.000749948889446406,0.00206261287356918,0.001377682478686,0.0014985403113728,0.00819141852328256,0.000414430464166702,0.000319768103232548,0.00231933969019562,0.000368396391883809
116.25,0.00170415261509599,0.00187571402381148,0.00153198919177314,0.00497189809589545,0.0024162232906214,0.00188100366456511,0.00141998849356831,0.000812202555103691,0.00476090483608838,0.0025075985197401,0.00461797245617425,0.00183583315507578,0.00165742585999856,0.00525208636927942,0.00230569777228589,0.0075703148641212,0.00353409695658547,0.000254730601978506,0.00396581116678631,0.00275458279225987,0.0037348784930373,0.00204926511405737,0.00218773491009634,0.00929203380825178,0.000936411427597765,0.00341015296445484,0.00046764680140165,0.00418778524126182,0.000596340726175723,0.00204884671135965,0.00226417967632186,0.000862046347533363,0.00158743890910146,0.000285491140267296,0.00329804415596106,0.00991760913573244,0.00326877199494206,0.00211422830965824,0.00302371484120362,0.000902081715614863,0.000104583680580019,0.00533133435863302,0.00272122356360785,0.00397735461692932,0.00395162826267286,0.00548919119627646,0.00029680905739517,0.00945721507908004,0.0050395226854305,0.00951284849578398,0.000275828272400562,0.00773140474804408,0.00175264233052562,0.010992425553173,0.00076246494899195,0.00111783558615959,0.0224952487380004,0.0138409751858945,0.00282954445538603,0.00541054116311124,0.0219462161653288,0.0103461210012251,0.00010868072714341,0.00288213429375764,0.00126608502052452
116.5,0.0195896687711227,0.00551453816675103,0.000662380414839382,0.00200383797876664,0.00168156742659992,0.00367301538973205,7.76934084859835e-05,0.000919593570313199,0.000593249219761279,0.00159773552084567,0.00381538794214015,0.00120651764763078,0.00125466763723467,0.00377041785112003,0.000111653568962533,0.00343015064748659,0.00699593360041981,0.00027726897971355,0.00718032760173259,6.42041806796873e-05,6.73208331994864e-05,0.00257794932334045,0.00122414493655041,0.00151676182626822,0.000459906010022886,0.000227591370054475,7.22068156430723e-05,8.5164748780314e-05,0.0023093030147275,0.00280077077660787,0.00548459038591376,0.00254264267194857,0.00222832968475319,0.0007609479460428,7.63881700275691e-05,0.000256643263105772,7.47404981716391e-05,0.0016438104386628,0.00989292543516975,0.000600290511427671,0.000622083757451097,5.10710947241839e-05,0.00400916435653792,0.00153259887043805,0.00208569271773785,0.00161086451929689,0.00142390535880238,0.0022221214605741,0.000396904542174606,0.00534720116220198,0.00620566620694439,0.000537295129597012,0.00898584667480849,0.00300376764635938,0.00189846284529748,0.000879548645710684,0.00292493369815888,0.00365320869677745,0.000102934654535214,0.00159043344671298,0.00304756713769394,0.00138749852772288,0.000248834167561552,0.00357096016541105,0.00071408724470958
116.75,0.000202668540246245,0.000121182956144943,0.00203429190581262,0.00486891044393411,0.00100020905322109,0.00115598517653668,0.000255732139621722,0.000964218073378005,0.00160091612969829,0.00370925827103624,0.00512503919954885,0.000684043098838587,0.0014031267175983,0.00106842539224811,0.000393864429835336,0.000411316835272148,0.00559060025308719,0.000382421260913147,0.00103081194314363,0.00462242754092567,0.00540212822143511,0.00432135198046912,0.000229525945221967,0.0032096436407385,0.00257825957043256,0.00738393481867921,0.000312143967073608,0.00193776499678065,0.000543891367484192,0.00284977359791266,0.0015267792872454,0.00169402825121424,0.00174217006684398,0.00117479396395173,0.000848015328457603,0.000870537109110779,0.00535400252975621,0.000386017968163433,0.000825458310899995,0.00461014121350987,0.00670225626247443,0.0027609328409143,0.000345633973398237,0.0012560536322624,0.00458843771056185,0.00287416245864094,0.00296932076878559,0.00280468874496962,0.00216059771000482,0.00727931520327484,0.00356224622435092,0.000337789365441311,0.00693679052065948,0.000661768878003841,0.000583239412559989,0.000273835488976881,0.000583856956882466,0.0133506836226079,0.00371107139992959,0.00273214338086729,0.000831498903562328,0.00258410539240138,0.000284964949380177,0.00944217651561411,0.000842197610646313
117,0.00593922429204704,0.00171154423776659,1.74627219627385e-05,0.00371241353212315,0.00117366597719181,0.000868406534311912,0.000278350828330169,0.000369513515856932,0.00194405965504082,0.00424786419653653,0.00242674154442955,0.0019898921957793,0.00193278834363864,0.00527743165674984,0.0016712298790503,0.00697948025595319,0.00120589556163652,0.00393323215237449,0.00168462300964692,0.00465125355834849,0.000442517037284764,0.00222713214128318,0.000506366726939977,0.000484638213871541,0.00207713440713929,0.00225936859674012,0.0049316515856033,0.000189076568246716,0.000501932466043078,0.000390855805659227,0.00154379375846283,0.00774464138689745,0.00216749565421062,0.000462682164358094,0.00136693226997391,0.00136514132172644,0.00204534314419281,0.00403997274756034,0.00591043223302179,0.00266736004496189,0.000887426610144381,0.00225228107048119,0.00276018323454303,0.000743101029430516,0.0025956899841513,4.08742711182438e-05,0.000155095497640056,0.00264775182268102,0.00705709500365934,0.00486972149379778,0.000535716329452088,0.00196504052429976,0.00127898871296877,0.000382960674842186,0.0054328977787437,0.000581840215428519,0.00397086010579143,0.0100704984137397,0.00226269789993386,0.00245112911846546,0.0149009431227631,0.00290713898923522,0.000305630395376025,9.67796266224978e-05,0.000929537797566613
117.25,0.00268983220855896,0.00174300401056752,0.00465161890678911,0.000755900259336131,0.0024760618163538,0.00268095724681076,0.00158537296770873,0.000952745719957993,0.00698023850921727,0.00950020610497795,0.00312994771512218,0.000104652754532354,0.00559309369400319,0.00351182089530005,0.00560238996446195,0.00153450999389378,0.00278155406768283,0.00245990055528124,0.00353875231970555,0.00246359529328599,0.0012984730320058,0.00742573124142801,0.00071416872969895,0.00477068544508275,0.00268812526235305,0.00108895872764943,0.00156120778578946,0.000860657518121194,0.00805555502837992,0.000423765243946681,0.00170879348713716,0.00708423935120874,0.00060890055699765,0.00261478965246115,0.000273974093992615,0.00365704406159336,0.000307964782428306,0.00539248441475489,0.00261831898744136,0.00409569733584048,0.00371976065349022,0.00560286686127042,0.00307877223279949,0.00390877341774172,0.00728929820392734,0.00145831564159289,0.0023249874227576,0.00120927074979919,0.00343955608483383,0.00200971438304631,0.000628470958624299,0.000431953651159096,0.00395665493911192,0.000109895360022081,0.00527503066748782,0.0125012987293795,0.00160634216722724,0.00260795807350716,0.0014677931139804,0.00925769885132782,0.022289250047267,0.00525373975426184,0.00181688812397336,3.06413603189327e-05,0.00108299472979148
117.5,0.0003124719833362,0.000320651320959993,0.00385236171249932,0.000319185910368466,0.000133436472718609,9.39985467058845e-05,0.00143184535677986,4.61307109599155e-06,9.52163953007717e-05,0.000459187027927134,0.000755661728353172,0.00323674902621815,0.0172299760570455,0.000314392938473772,0.00188798831798154,0.000471002796826397,0.00068851323682073,0.000667977921439944,0.00224206832863803,0.00429699041253102,0.000193351749307294,0.00328903094227289,0.000680643764203505,0.000999726362196384,0.00185108937639708,0.00061229613310173,0.00798392054437025,0.000689467326764259,0.00127896135839163,0.00108491502553864,0.00790281868182621,0.00013181228368599,0.00233724833648511,0.000138809872086848,0.000210682241049354,0.000213278103977779,0.00102987403603646,0.00114314744749238,0.000211092803935093,0.000682504088370709,0.000136835734242344,0.000837310051565197,0.00278445266739779,0.00163323413213907,0.0030058992106026,0.00163634047267418,3.10893240071809e-05,0.00228751267380361,0.000363293367973193,0.00574136038552442,0.00069326707812222,0.00211420015010946,0.00124288960709674,0.00120939364299454,0.000637265633710652,0.00104737786091586,0.00441645031045335,0.00456413366026449,4.20380342174255e-05,0.00207794706500627,0.00419084023058698,0.000178734948150804,8.21057982973676e-05,0.00170870337509024,0.000689668116070354
117.75,0.00242715805264604,0.000309435701330064,0.002321696704676,0.00332413820169644,0.000958411400014289,0.00546566074845044,0.00121349368341388,0.000781484222577285,0.000117843701982261,0.00451062752471585,0.01086746261223,0.00480854568642092,0.0061913970947514,0.00203414774918892,0.000148120040773267,0.00363281998018617,0.000711919775152813,0.0024594713775355,4.37112347291107e-05,0.00037959386647356,0.00163180676824476,0.00636017390821869,0.00120985395318118,0.000881474362737121,0.00413794150517536,0.00424357210539292,0.00278205762701642,0.00326712386186479,0.00461647635617263,0.00479397956526189,0.00215156649005791,0.00115507844313754,0.00123438560421775,0.00580579099081808,0.0106394735842713,0.0037957239569121,0.00304842184930858,0.00531870102429606,0.00173243509059765,0.000699295288782963,5.96730663118804e-05,0.000768333905451986,0.00128671009893267,0.00756578852869515,0.00158556630355709,0.000701629403569361,0.0042125462182895,0.00182574797563688,0.00925766325849407,0.0052924848352552,0.005061806548909,0.00134139434302299,0.00428904311838824,0.000277460065189219,0.00351810849747589,0.00214501179458445,0.000880245857926393,0.00234733652533574,0.00334404668730728,0.00507856696038149,0.000485360884620021,0.000367293737010964,0.00101667361476586,0.000112200075322838,0.000572072567478267
118,0.0044116344126912,0.00238087533154785,0.00143671400629058,0.000109923798344646,0.0014804657452544,0.0076626811451364,0.00399722004832685,0.00140014914667831,4.30801056961284e-05,0.00633024380026637,0.00272873820951952,0.000870936855624758,0.00250998028072755,0.000772145612804594,0.00034654216226677,0.0039245020554085,0.00165225830663371,0.00201646256913845,0.00355334530926293,0.00487047304137841,0.000118854437116861,0.00206284810180649,0.00360562913144193,0.00172020897281361,0.000562249032351961,0.00206362763143826,0.000158294908995737,0.000970915417522892,0.00135108381183485,0.00308238734440553,0.00118251514802841,0.00143398959463295,0.00261814521803311,0.000593544075014818,0.00397902975643413,0.00320966624226238,0.00174375651454509,5.35281622574939e-05,0.00381645121169545,0.00064814165016259,0.00675886205908901,0.00163588163472971,0.00106268030528026,0.00104686348380783,8.83763437098897e-05,0.0024272593211755,0.0024557944123216,0.000260701664801878,0.00479089536659338,1.39372077926397e-05,0.000801973208714577,0.0110938715377212,0.00245445782364591,0.00225355162356106,2.22134175466672e-06,0.00206592842864913,0.00165606730609277,0.0141607498178696,0.00284409850941078,0.00659073216903936,0.0101644051767649,0.00495295988810104,0.00099932540438942,0.0028015802029883,0.0020721029075966
118.25,0.00414431866670542,0.00521442369843987,0.000448667883655224,0.000414435253660429,0.00411564150063008,0.0012215037254336,0.000370729150428094,0.00132132288956244,0.00441553624196635,0.000282852397491833,0.00195129485686582,0.00106962583026721,0.000380141976189889,0.000662532680453096,0.00512566044248749,0.00425412576256355,0.0156185429932863,0.00142969610329623,0.00118972577371353,0.0109903286695743,0.000482441468681935,0.00250757396844757,0.00224535598151346,0.00101078165316054,0.000387017542160614,0.0112460668053345,0.000559102913860577,0.00445838142231993,0.00380996499367612,0.00315760406219751,0.00388555641151687,0.00139436324687262,0.00135412503352194,0.00221537866817527,0.001015478253471,0.00355089116211484,0.00072105935854641,0.000961752509175703,0.0075065257690715,0.00111819198888324,0.00262799864560887,0.00205012022244913,0.000972651496792078,0.00209821770342118,0.000269451227655597,0.000422614242335061,0.00182661192752421,0.000224249337644079,0.00182495562814864,0.00100534252346875,0.00791203235266072,0.000178597066671886,0.00383063974853389,0.000962239783897453,0.00128324482955415,0.000406771617991842,0.0106060749351514,0.000556770974028268,0.00143935582557964,0.00238884561094886,0.00932065001839373,0.00017382617912955,0.000683233422203265,0.000767405104960248,0.00194972001007446
118.5,0.00290606931642592,0.00094429548199995,0.00556892404626556,0.0005539709226595,5.60724206250638e-05,0.000156232726098161,0.00105809521480651,0.000149622275253927,0.00609888109749298,0.00805551120570084,0.000472930124062292,0.000783272775139816,0.000388406328014038,0.000200910299950667,0.00392561866876188,0.00191368841296415,0.000648945749373716,0.00432098719744173,0.00384960525830435,0.00336373731368313,0.00179980589970832,0.00150801751704062,0.00137731976814416,0.000432215334840063,0.00111383307009074,0.00222207637199811,0.00238281060114634,0.00286061464132142,0.00122711955334613,0.000152144372361434,0.00390531560146391,0.00211771189214664,0.00159304241628627,0.00361376126245323,0.000130818053742095,0.00237590914768066,0.00209143133581438,0.000584509109990958,0.00385256294177881,0.000701569270093978,0.000567991077646928,0.00341386286252108,0.00483058152651918,0.00453842326002561,0.000634052692417464,0.00193013986329013,0.0078787183268273,0.00367189153801853,0.00259144100608369,0.00625714298536906,0.000962624328725457,0.00194275241625711,0.00131644635005946,0.00291022605653053,0.00251487755773619,0.00036731208901921,0.0164479799435543,0.000433166819699343,0.000105574345945204,0.000742929802818716,0.00607385159929434,0.0017898151010072,0.000259447345908232,0.000940556339953603,0.00118094438015099
118.75,0.0048739336937112,0.00223123111913807,0.00114300408886311,0.000178370397352504,0.00301913730430777,0.00283556885258384,0.00251484334166915,0.00667374480314807,0.00466128125850319,0.00115682746955459,0.00119296392669774,0.00226881356212978,0.00821359326353094,0.000757923427165779,0.00152865898298343,0.00444252997739278,0.00561991118500997,0.00273829220561884,0.000792939065243155,0.00215496066133851,0.00161389916422901,0.00051328073906057,0.000345561432197761,0.00124430507320274,0.0015620923394638,0.00111458185158866,0.00412895572071024,0.000264852011809241,0.00571863292964341,0.000690252674645695,0.00496283318986471,0.00378733301028322,0.00421790214824805,0.000312445929006907,0.00162516953260503,0.000653805271440412,0.00337486217891825,0.000888441008585251,0.00149250407121488,0.000402440335916691,0.00197713771907499,0.00380049278686928,0.00798226760241931,0.00035281625514998,0.00258072241529643,0.00182777934785513,0.000299928507377734,0.000318444332560591,0.00437494906416567,0.013423873107377,0.00180587813505987,0.00716396020949131,0.00525484308331902,0.00230219132079076,0.000925841128452068,8.68101184188389e-06,0.000236217453115874,5.31187579736895e-05,0.0024028003605871,0.0108935076209093,0.00173693373881879,0.00283128464134887,0.00202430566057578,0.000355281482589802,0.000905537191192794
119,0.00355807108090016,0.0033952962119999,0.00828114635773487,0.003477903815777,0.000581843310875646,0.000495198420630606,0.00674711745972704,0.0036487769096789,1.34979718806533e-05,0.00271023477277953,0.00536495923262207,0.00217312473047451,0.000552999686526918,0.000834107367317956,0.00167729218401409,0.00144655103790127,0.00235255187044997,0.00165650266852286,0.00129243299968388,0.000134199583810855,0.0016265112046807,3.71561717630795e-05,0.000662597140049499,0.00590549730510394,0.00124831817099268,3.84105631814676e-05,0.00131384852470864,0.00618012616322606,0.00157828246892833,0.000840731649286235,0.00530362807739712,0.000299387963463303,0.00288145762079933,0.000775844734464924,0.00409459071304406,0.00479956942501348,0.00081654792564135,0.0020661581269159,0.000930570983676868,0.000831215776700857,0.00476612739849049,0.00380826974409058,0.000146620486016947,0.00168640840240627,0.00317979820292752,0.00174406784854076,0.00327029612897006,0.000423015323049072,0.000120776197841056,0.00111064790235456,0.00443520146736589,0.00163491248536478,0.00197593726462721,0.00537195348721491,0.00313546837750991,0.0166271349223568,0.014197359892055,0.00311904860130914,0.00148671801107692,0.00234505523568019,0.0206062498034667,0.000135168249642645,0.00218749816268166,0.000207451015618055,0.00129376761730015
119.25,0.000207530472239367,0.00929997358990579,0.00329733513685254,0.0142753633100489,0.000220886828828005,0.00110430956181857,0.00575891513538461,0.00212079630918132,0.00233861288962772,0.000475154653142719,0.00276659754754622,0.00619741316068609,0.00781637289147985,0.00447333085479044,0.0129436139931241,0.00441009529937917,0.00302207416761104,4.58784284672029e-05,0.0025686746796858,0.00306319078109374,0.000369306484846591,1.05592801148903e-05,0.00183313781723192,0.00639982962497331,0.0045922113935651,0.00306873137082271,0.00388296837175293,0.00469209813106943,0.00299329634495541,0.000575563944931019,0.00886434836920139,0.000628630704426848,0.00416339291408587,0.00126721328478971,0.000683473191467915,0.00322766198726767,0.00485289460956111,0.00439237782706972,0.0011193632990898,0.00492842023448609,1.98566967412965e-05,0.00103832869241555,0.00116506527411426,0.00162588983921788,0.0045830728324942,0.00312000843872429,0.00273974456654191,0.0118731927262386,0.000397670445801066,0.00218538777686801,0.00766558538685177,0.00434556167878489,0.00150230091423626,0.0115872242909936,0.00706679225432133,0.00520046243708786,0.0363577683187045,0.00272283170062777,0.000467301036915182,0.0015695283151136,0.0171938333863871,0.00255474376664784,0.00212905799783871,0.00272686806207474,0.000563763678333319
119.5,0.00579252565737576,0.00361293423526137,6.13190152973155e-05,0.0019353840473751,0.00239800843505346,0.00141120726493621,0.0010339153425754,0.000678296140225598,5.59982675206775e-05,0.00199544598562901,0.00365590610191765,0.00633468626104754,0.00203458933742292,0.00551060298063922,0.00090109617412453,0.000114786719820808,0.00390506517206567,0.0017817351260083,0.000105626285422397,0.000220146398302546,5.88325637970743e-05,0.000694664323637265,4.92067393640567e-05,0.000420578061182589,0.00104544033318516,0.00570455263128379,0.00184558680644255,0.00374148320787426,0.00385228826389353,0.000391516425136909,0.00119207209561094,0.00116340497796855,0.00521939718255701,0.000382387847379807,0.00139252479444819,0.00148602126020947,0.00133181625246087,0.000258624346711964,0.0028063691121401,0.00262679635961371,0.00185884157885919,0.00292466350466494,6.56295008126704e-05,0.00153819372095862,0.00343323219210254,0.0018322846515893,0.00834923056803496,0.00587348369029078,0.00424278330418482,0.00123267400609568,0.000122324197298461,6.35070883660422e-05,0.0066307056259064,0.00620997252869634,0.00011747126624809,0.00490770007518155,0.00230721693507482,0.0101234123605301,0.00322309204717966,0.00551534534120965,0.00369706022810967,0.00307957687247831,0.00146241421054653,0.000907861948040521,7.48857856174307e-07
119.75,0.00182321233188767,0.00336009543078562,0.0036476575201551,0.00295313036946849,0.00219008169702584,0.00105898581645992,0.000791875735028172,0.00479400861587968,0.000873810126169373,0.00251884044005554,0.00364157777657006,0.00528168745528788,0.00781095958465877,1.89721907960467e-05,0.00300639937570502,0.00115602169099244,6.25207248631848e-05,0.000774763441344998,0.00616107868544558,0.00102318762643111,6.95349388100466e-06,0.000444675029749463,0.00168494712007913,0.000269409432621757,0.0014384115388261,0.0069846123153901,0.0053433528657631,0.00687620079220696,0.00704575036822247,0.00677878672170182,0.00222194441801398,0.00309142408408948,0.00213982034822697,0.000149660937800884,0.000898580174279902,0.00483232896058932,0.000976498071637764,0.00418509362244365,0.000696655337198606,0.00218230079852598,0.00958605949384603,0.00308439826588733,0.00247599495360681,0.00248189420849307,0.00164197358027371,0.00500606717574492,0.00169475886514122,1.08067700179246e-05,0.012509380859482,0.00264147455544995,0.00017564691244338,0.00129046834229862,0.00375848521444568,0.00271294113504156,0.0046432646337739,0.00362005300942482,0.00288343995713394,0.00368607996629492,0.00183382238068531,0.00102686492629223,0.000714696921241818,0.00077281010794728,0.00137397125060572,0.000571794513697135,0.000562646607472637
120,0.00541537722041986,2.81396241162424e-05,0.000387892235534474,0.000258740915628,0.00140736707249386,0.000429008666446669,0.000908718542460671,0.00170809252271968,0.000953557576717089,0.00198339404659317,0.00694167940060703,0.00011790145061355,0.00530369811959067,0.00527270430112785,0.00284938493529727,0.00160639539443017,0.00342723710172,0.000486254154759555,0.00166492598860859,0.00939625370500042,0.000578599800366109,0.00105551202220152,0.000238659182713396,0.000724707013751051,0.00248260946200392,0.00247587627809898,0.00198004480848203,0.00110200432172322,0.00306266972500404,0.00102821436993344,0.000378602006386192,0.00370480195183971,0.00164098034793826,0.00197488608933487,0.00208412329623607,0.00156982373780499,0.0062209129602792,0.00125785195484607,0.00400577767699965,0.00255997711041126,1.05891301815377e-05,0.00624854175094596,0.000310498563215471,0.00226474424121645,0.000142906632784175,0.000744253254205318,0.0015574891375228,0.000631727705750254,0.000593095624843293,0.0153618709662289,0.00188416530202992,0.00132696003752755,0.00454273543233642,0.00184489522224234,0.00814934902832463,0.00232133342914997,0.00293746951040624,0.00575390749156848,0.00391698691830038,0.000777985071836902,0.00284230803227443,0.00137314539210269,0.00083210168941006,0.000185424197173488,3.35935618466831e-05
120.25,0.00281324390027406,0.000505150328789526,0.000582161813389714,0.00276054576075361,0.000604983528223175,0.00172184082941689,3.58968922559028e-05,0.00173547170718394,0.00257902107762181,0.000131923839369272,0.00227751945517097,1.22732099674459e-05,0.00627178688623142,0.000373126912209199,0.00175582932564841,0.00026961616221874,0.000193407679548641,0.00250170223839635,0.000181612753097971,0.00480368372626607,0.00773644846249036,0.00499046073598677,0.00205634694230236,0.00386024318660141,0.000723676182809316,0.00094503729501635,0.00177793588568343,0.00224753223115176,0.000876914828087601,0.000327690277766623,0.00367521127011186,0.00207950272564031,0.000953731696369434,0.0011717645632551,0.000278414766861535,0.000167610473040928,0.00211400146301855,0.00287320398142162,0.00416601315629647,0.00325024664551139,0.000701543907939614,6.65038687597719e-05,0.000409366220613799,0.000673219713351315,0.000915357822395735,0.000688242620346474,0.00120851538499319,0.000238076809529029,0.00103973976044277,0.00261557683386375,0.000649996603678189,0.00113083639263276,0.00125784399110388,7.34770316066438e-05,0.000711693789134213,0.00376427299000415,0.0013013531987288,0.00199490048644527,0.00417326338765312,0.00146741566051396,0.00339330192836655,0.000467448074695191,2.29703127731613e-05,6.23378684093602e-05,0.00361779476857708
120.5,0.00160824649056813,9.84392912120722e-05,0.00452081503750942,0.000619650003598612,0.0056803031300627,0.00251500948884507,0.000689214930901682,0.000943508228718161,0.00340969807765283,2.3519372232279e-05,0.00631133091017533,0.00167348526903299,0.00995304347461,0.00630537777382712,0.00126709365803835,0.000548536746532425,0.00017993311466715,0.00184992924479561,0.000638873846268696,0.000364718956648052,0.00135690039148171,0.0063427887277529,0.00222393179807118,0.000493706025167675,0.00126999686281673,0.000442721183534649,0.000304999405293392,0.0041392651288838,0.00358497491341006,0.00102711081661859,0.00246512727880442,0.00320530549902933,0.00152892162275828,0.00030719808245808,0.00116349797021403,0.000994968196006831,0.000397392489181479,0.00355028657539865,0.000925092939953189,0.000260557582774449,0.00280800950460352,0.000348290175777308,0.00280289464610251,0.000193546933925198,0.00258285384786748,0.000603103631302122,0.00313252200924982,0.00212108568703214,0.00296075273497188,0.00797500048023032,0.000518860679796361,0.00205197762519623,0.000535230349617558,0.00158892428375452,0.00462654594058285,0.00103343387412902,0.00452899013215695,0.00265469295829371,0.00130178742755383,0.000269139711598864,0.000481064146162796,0.000107190375434322,0.00104674515596679,1.12506396391076e-05,0.000656487677506252
120.75,0.00228551141613043,0.00198620815611464,0.00175026581874689,0.00367156395621606,0.0039020466787258,0.00587675078936234,0.00090416918710298,0.000162349258416618,0.00943606047750877,0.00330082017733883,0.00155906370763346,0.00286364129618283,0.00176756961862437,0.00261853319166977,0.0111270843815208,0.00113732239624323,0.0110554176573684,0.00132079923523534,0.00219387807247438,0.00742916628851695,0.000711853664008509,0.00523657759853896,0.000396558829929516,0.000731712453246036,0.00132621050122407,0.000485348249594006,0.00247043130317287,0.00245814088443028,0.00548163269698762,0.000770043320635893,0.00551680511425616,0.0041979033983496,0.000654353398085603,0.000309466596873475,0.00162627969949767,0.00163016739056472,0.000537897401870899,0.000618148846198384,0.00145806812147875,0.00303858205446609,8.15444648198055e-06,0.00293349672867508,0.000163986832450647,0.00413894730451129,0.00221385881259053,0.000168377299970733,0.000403762187326859,0.00209371087428205,0.00291242520665636,0.0174456727202469,0.000835560568119384,0.0033798754295975,0.000141530556773467,0.00255694886596098,0.00139673025783123,0.000313570611624496,0.0180710087384486,0.00464895797823007,0.00329196529994639,0.0015175248190566,0.00592422477534648,0.000693001639138386,0.000152381334072119,0.000293098291767978,0.000560166482474692
121,0.00206862664522501,0.00444997301992232,0.0022833700562557,0.00695000180099084,0.00487740319453413,0.000575083646371786,0.000195818309269459,0.00688593546483433,0.00442674224534419,0.00126980537304401,0.00407752957335166,0.0127371132738862,0.00246935525990809,0.00489221099582617,0.00718721373990629,0.000858162117026657,0.00072963361157482,0.00223540635360496,0.000545862607196641,0.000747672721950416,0.00176556158431124,0.00105047507677779,0.00119772051429673,0.00168180204384045,0.000731990404354749,0.0193648700740798,0.000929172213460869,0.00034860753820928,0.00273715511156924,0.00850154302574259,0.0199564860428463,0.000462842530276326,0.00756390177557736,0.00260472470991533,0.00041042863779904,0.000700313668272338,0.00251310997738021,0.000994151431522761,0.00202276604597284,0.00211835042574478,0.000622146025439183,0.00190034239118689,0.00320544381643451,0.000109000766509928,0.000917120487909681,0.000121771771642406,0.00750004339074135,0.0100575887366953,0.00245453948075359,0.00243977884941376,0.00433508479367329,0.000583555199403038,0.00560526056870847,0.00470514101035991,0.0022605019586288,0.000424185882144756,0.0361850000203912,0.000243076940866837,0.00757813753591179,0.000803469746072289,0.0161434683091998,0.000681478691677976,0.000678838216813774,0.000423152645773863,0.00289552062318071
121.25,9.294085746185e-05,0.00556810503685026,0.000817929153097206,0.00600759380269452,0.00287289521110973,0.00101648133391293,0.00306703008002326,0.00479351188100164,0.00119313299301386,0.000460862146243919,0.00406528273226204,0.00631706848369588,0.000623494176173333,0.00163527051014365,0.00328242536552492,0.000936212638024799,0.00606436358506841,1.98172733382597e-05,0.00023402762679063,0.00618868152538823,0.00236645858057885,0.000220494008639292,0.000825725536390635,0.00167860916801022,0.00402903352177611,0.00375759278568276,0.00704576338876054,0.00374687924349183,0.00315598921261026,0.0016949136415476,0.000132543253021181,0.000774906004112736,0.0011127719690902,0.00288734565491466,0.00488022941226067,0.00221000032904443,0.000473977398300841,0.000827490967032772,9.47029176501781e-06,0.00560228555325013,0.000765342901616031,0.00063877446348378,0.00042824765158129,0.000823942225162814,8.21452721760354e-05,0.00104335662578268,0.00140885751898183,0.0106457223665744,0.00195033610957196,0.0054125302725343,0.00648378026160087,0.000376099801806219,0.000111695661844813,0.00408941873556965,0.00484554316645004,0.00129618733454662,0.000924780350509575,0.00389108400948696,0.000739675683091963,0.000105452049641654,0.00461421932648427,0.00239396123956192,0.000786601011070295,0.0030167021108666,0.000381087259889071
121.5,0.00415139425064388,0.00224293117952143,9.13736227429321e-05,0.000181480413398159,0.00311291162642592,0.00155044380652631,0.000385873555171126,0.00390826359992992,5.51458572004627e-05,0.000140255742774845,0.00351107382023632,0.000119083825489983,0.0193944355606905,0.00278995310413065,0.00438862546023891,0.00595309463772803,0.000172570751968324,0.000234821140313738,0.00401613353118251,0.00730944401233553,0.0016679832539024,0.00191188045676417,0.00170156123266658,0.00111525106951234,0.00231378784975017,0.00431789037120189,0.000543789054100624,0.000367839695545101,0.00301608670170597,0.000872292531820397,0.00992985285961121,0.00567427455337208,0.000662557735465548,0.00028344932600822,0.00311997776340164,0.000113585840292893,0.00144513861530988,0.000189026073682105,0.00112002257711947,0.00319477804928291,0.00306103680507589,0.000896371791944824,0.000438856051181255,0.00374235234326269,0.00122760044320714,0.00407526383977796,9.95840887641069e-05,0.00271217463419785,0.00228794853353681,0.00329036520844078,2.90149824241582e-05,0.000501368504188493,0.00185018185316675,0.00314689948474289,0.00244897925303375,4.02393997173603e-05,0.00112348520278422,0.00391908182586216,0.00175129500079911,0.00476779086955725,0.00655675337952878,0.00145101417534707,0.000470528963441726,0.000456440737677397,0.00204563750681238
121.75,0.00192826314436136,0.00239759019489294,0.000222706913067619,0.00316986783410806,0.000326019061229197,0.00284083168804605,0.003191680580635,0.000516991316306624,0.0025620903016314,0.0029940536744802,0.00447239210241769,0.00115866548980379,0.00273387284330414,0.00689820801240401,0.00107948768830703,0.0115287278380522,0.00111371072072228,0.000133417109101763,0.0010677193670464,6.4830821659519e-05,0.00269145246014254,0.000439446256863184,0.000252596283921956,0.00834385088159135,0.00117402928811793,0.000641723201231418,0.00176985287781113,0.00473282319971896,0.0026798742791016,1.9465957803346e-05,0.000163411080499224,0.00695075466408659,0.00135459062191638,0.00668996881057355,0.00364614032820589,0.000639505262459851,0.0017657682787024,0.00387417597519123,0.00142455470799419,0.00375965518125525,0.000980107151291538,0.00199219485205923,0.00060308284497995,0.000825256013167259,0.0066691217204848,7.11187656946536e-05,0.0050337803147108,0.00393922751422771,0.00745922550373741,0.00524429733788932,0.00164327539191022,0.000255253506011496,0.000617544033968145,0.00168707449335123,0.000398930289629149,0.000383864982003906,0.00314183600451177,0.00187205551527751,0.00769403337831301,0.00206724259874561,0.00751939582284289,0.000568250409891388,0.000524754329937328,0.00264707802745845,0.000217491896611421
122,0.00138111486251916,0.00151905927307025,0.000894506459097487,0.00136062496568469,0.00518796418190175,0.00642341424663513,0.00140813669566712,0.000782743250270334,0.0053139004578376,0.00183935792599504,0.00213222948250211,0.000246074401664184,0.00133903671714276,2.39464514553023e-05,0.00414514551087379,0.00876063252203639,0.000643960315601228,0.00608875725974027,0.000863167655453508,0.00415639956119466,0.00113381844755231,0.00557292258789628,0.00656060167970065,9.00136713172945e-05,0.000880059144824404,0.00110573110512549,0.00329586900161089,6.55731296835599e-05,0.00132658884702979,0.00130914773918896,0.00178880289443009,0.000419585312307126,0.000561859483112434,0.00723648914540658,0.000998918630558084,0.00901518494955016,0.000112966157948116,0.00341960114611564,0.000632914949887057,0.00229406086299284,0.0010773734725998,0.00752724917568743,0.00105392925967852,0.00132120514544717,0.000377325281795814,0.00586461917300437,0.000348509270170578,4.10115604635477e-05,0.0102938887401801,0.00170934167734355,0.0015808470712055,0.00474818650780199,0.000414779853831191,0.00162403483377925,0.00176905886876095,0.00151162858378241,0.00463311559690939,0.00149838797507084,0.00592926961087163,0.00694759231064553,0.0226777220024038,0.000712352806529841,0.000950022338813488,0.000376103188430877,0.00167757495188872
122.25,0.00127118875461158,0.00618573624689613,0.000964551544240011,0.00322567316513624,0.00154629460176041,0.000376511024223307,0.00112608348894511,0.00125390940977934,0.0114341775287395,0.00156834689982675,0.00190728640843202,0.00375365782508624,0.0211552181474864,0.00658971174596227,0.00206749944197868,0.00283940847441191,0.00473766732373435,0.00145360011070647,0.000517523990432836,0.000117229078018945,8.42986263772629e-05,0.00688629848482008,0.000675101806994093,0.000353736456242494,0.00563710078756018,0.00415195069239593,0.000690722839082249,4.8062152842534e-05,0.0148506481974613,0.000902691985844513,0.00421549244356075,0.00532571640598757,0.000403487793958846,0.00765942073958987,0.00201590882738481,0.000414818076835072,0.00137789569877764,0.000983917472648164,0.00553618197059495,0.00512280361719052,0.00157534904915988,0.00137910277561276,0.00519218595286833,0.000887229580512377,0.00126792442052773,0.00532294143062457,0.00043246189657336,0.0011408467149192,0.000144581683275107,0.00244765790710114,0.00225196820356844,0.00178436670374784,0.00129435840171207,0.0185920396914315,0.0106185631104547,0.00745219329065238,0.006828747554064,0.00354460185879198,0.00173885379609571,0.00232990096878691,0.0177152993326095,0.00471987850995496,0.000745558478213202,0.000558407943882388,0.000396314397055058
122.5,0.00743435991184505,0.00115776316621348,0.000857034886108985,0.00101999570748426,0.00373965336178334,0.0019043785653855,0.000419942282890631,0.0039625448159499,0.00173503737425154,0.00323996461323359,0.0017111036016271,0.000270696684591721,0.000197441470328038,0.00393493236245901,0.00361859599715942,0.00492309809024071,0.000467872179446399,0.00423114229163837,0.000809296084482222,0.000340168679430537,0.00258253110479883,0.00384918631236984,0.00561435986497311,0.000812136776209268,0.000442219658858096,0.00162455180500672,0.00709918365284301,0.000492128272317297,0.00200002252097655,0.000219246032679596,0.00308460893225055,0.00260922067484033,0.00204493019197688,0.000572505383350451,0.000694433711227502,0.00162674521316484,0.00471935442200233,0.000384701504029034,0.000954367688535971,0.000971753999772172,0.00328730333164406,0.00123103410372959,0.00180658568479068,0.000869279499317055,0.000991017870001602,0.00304450801868673,0.00118351924139287,0.000821498400258804,0.00463279836169621,0.0100961221003122,0.000822056683011817,0.000525475230813611,0.00259068016005054,0.00102004246835533,0.000930652676526862,0.00407823571813281,0.00995838900366912,0.000211298344137605,0.00433246491704934,0.000746322818307513,0.000308957110140872,0.000958502486130787,0.00281293415806195,0.000591172588904426,0.00454066480472045
122.75,0.00537868994246349,0.00356137394812197,0.00577429393164514,0.000927349053284426,0.00476053989943922,0.00666103100824374,0.000693460478440284,0.00326246487931369,0.00429269418004348,0.00089040933049037,0.00763014620437748,0.000311861891061369,0.00178541968597607,0.00625759276131743,0.00218783747833116,0.000562453708981337,0.000158441623377542,0.00575943455177907,0.00115902945275094,0.00172064336598445,0.00118949415507346,0.00529729196335573,0.00143472365369288,0.00124829280381451,0.000831198457985361,0.00444386766929147,0.00728451528194715,0.000921463884827127,0.00445925376520837,7.07624210928695e-05,0.00164847823857561,0.000949403705111421,0.0020180303832239,0.00622486904791895,0.00019218457043022,0.000741046389316529,0.00787070305406635,0.00121941955729477,0.00480022376593964,0.00201262075935146,0.00736630053159003,0.00390905362124117,0.00031055965987259,0.000791391321649839,0.00527662286055438,0.00765720635949949,0.000417770261305835,0.00150261327960692,0.00448787892829257,0.0012951947175506,0.00119792621380351,0.00146225249389242,0.00173833116345178,0.000474864624110949,0.00255658936510476,0.000230699975030883,0.00585791033036265,0.0098387187588908,0.00384038240550459,0.0028669633571252,0.00124210841448417,0.00255602907943002,0.00273258217524951,0.00019719856933815,1.17509507172932e-05
123,0.00435055824745144,0.00366636621255796,0.000288606265999918,0.000598560070640539,0.000554783061686702,0.000310711614886296,0.000945678714499395,0.000943647280477689,0.00227918596438224,0.000370792080309583,0.00512922633071173,0.00528606493648489,0.00955560436470603,0.00301803073483177,0.0012169408060421,0.00091756480722613,0.00740272007246721,0.00134064054094065,2.84982662233304e-06,0.00709210653600947,0.00247598678471478,0.0010233457712088,0.00224086072552872,0.00134711586083491,0.000506681011482487,0.000998461028633949,0.00220333502947091,0.00491716195465447,0.0020059497406967,0.000554098841248957,0.00117026551205929,0.00597440908135886,0.000684317126995005,0.00329727137295655,0.00307382410929945,0.00581447646576545,0.000890759794477299,0.00218773455939198,0.00364153589820086,0.000148349300472497,0.000533180255295634,0.000309965325838081,4.6201753455891e-06,0.00354247645465778,0.00128532461737048,0.0016333999746698,0.00019023419301514,0.00244581570140881,0.000682162958990186,0.00233892288024239,0.000551990430998157,0.000313581618335147,0.00543829624395606,0.00275159810151076,0.0013745326099348,0.00148697668753115,0.000129271859905679,0.0022724672455918,0.00292354804102922,0.00242931595979019,0.000867965389989272,0.00126346833377895,0.00256525641412367,0.00130500167413633,0.000452945202918667
123.25,0.00570871536236963,0.00159143338402175,0.000834875848759922,0.000842285499697529,0.000111293608910241,0.000123484909157732,0.00222805181455343,0.00033501107065887,0.00132180188963203,0.000433838182643137,0.000635674658388054,0.00072659784922992,0.00376853996747525,0.00167569489659849,0.000390936840160225,0.0020625817755152,0.00933562947584647,0.000252009227733624,0.00329911338246404,0.00159542859009971,0.00198346224998462,5.53626917271506e-05,0.000390349033029551,0.00454063948163064,0.0020565320888163,2.9676685787409e-05,0.00120956923078084,0.00055805529688808,0.00405190507652848,0.00504614206111913,0.000744673189411691,0.00341593503611052,0.0014374375046306,0.000377714727487824,0.00535649865689715,0.00258563985025926,0.00109440878972348,0.00610649719271234,0.00111121495299481,0.000764557472398166,0.000833354253550193,0.00561830784023068,0.000358120835645865,0.000601270467740724,0.000459487258604377,0.00157593621107901,0.000170549934180175,0.00400973782290157,0.00215717011158531,0.00350462276976986,0.00126232617087132,0.00553986589016074,0.000643322568610665,0.00824217736937555,0.00365334489777826,0.00645450565677644,0.0121416200461148,0.0215309703282409,0.000807231659690763,0.00415180937774236,0.00515447476834923,0.00811770605990103,0.00316840013526505,0.000175305421772796,0.000391313051880956
123.5,0.00377037823101979,0.00924955536159174,0.00366932457344587,0.00188826556916636,0.000205418339197833,0.00339305438087615,0.00205055500182373,0.00013233114981996,0.00422378898372905,0.00461026511254316,0.00642042836838251,0.00294576730738395,0.000942826064567918,0.00222391602438745,0.000145529038174015,0.00247350934398876,0.00545081932978034,0.00334194864642873,0.000927889398443726,0.000281527985295213,0.000503419212704758,0.00270332580537168,0.00106879685246487,0.000473532758730039,0.000511516874885488,0.0035394162289338,0.000914440605409297,7.02753533632359e-05,0.00145339415306128,0.00269710426454084,0.00165626677385932,0.00344167926317999,0.00010312999890702,0.00448785332000688,0.00080791032764014,0.00103001686870832,0.00382255891742174,0.00229792652038469,0.000522057779141969,0.00208222544926792,0.000296839478324893,0.00868648038613821,0.00398928784246162,0.00382622341937203,0.00370865714715878,0.00637736044849397,0.00111995650743448,1.19624524523626e-05,0.00667434357510365,0.000567463882443337,0.00202547871765592,0.000872457967586693,0.0018479970250049,0.00156572313137327,0.00246130133136747,0.00136618024619874,0.00584648886810252,0.00113296918683734,0.00301702578059452,0.00200504976672383,0.00954410723504184,0.000749632105566913,6.40685827392238e-05,0.0051803858997744,0.000867996142059727
123.75,0.0033035316684269,0.00759171539775054,0.00108614166239884,0.00392329433878216,0.0015527682945191,0.00382760795830117,0.00026404560766926,0.000111141690444709,0.00692675100514499,0.00444207711378114,0.00131425097568318,0.00486193891221045,0.0044169027898471,0.000280287113614412,0.00245703663438433,3.16150531609593e-05,0.00110537802400848,0.00117407214805905,0.000410825902985249,0.00362508927214393,0.0056171101901937,0.00290230788126011,0.000798420953749549,0.0016928062203142,0.00045155047666998,0.00143502730656577,0.000624677783962875,0.00233338178122167,0.001839568301924,0.00435708182079802,0.00212482558421214,0.000402405173918314,0.00172010053830306,0.00257720816314051,0.00097183378185683,0.0102338899800077,0.0015244336128426,0.00607512387009883,0.00178017771178386,0.00152069944521106,0.00155738732459314,2.39903366639156e-05,0.000819998854627824,0.00204605155191922,0.00115844185533839,0.000448724098945612,0.000636852554344108,0.00125016315215339,0.00527865370715765,0.00563634723669491,0.00686889008699764,0.00299719506423435,0.00291169538116425,0.000535486577823922,0.000912581995820905,0.00100346369631513,0.000741337204067104,0.00120802183128584,0.0055425818649915,0.00178479019391214,0.00367995857656273,0.000431032667741631,0.00227979628080486,0.00670648255834951,0.00170443859983184
124,0.00552895724702195,0.000221404145797005,0.000416543865110386,0.00147353856304603,0.000197070192579027,0.00215838111845304,0.00251654062105491,0.00103028795461282,7.86430285957311e-06,0.00660361179115309,0.0114275978199464,0.00204891932764961,0.00472919256023878,0.000793927090556682,0.00148181865601799,0.00266243410272736,3.16612924356716e-05,0.00901052106042438,0.000852807345633749,0.00017264959012375,0.000836401589682235,0.0016424611320782,0.000376388602042115,0.00388732197363829,0.00099000506193209,0.00212732466006873,0.000357787740025746,0.00119491796919888,0.00159034811725697,0.00215649189482748,0.000978582250187729,0.00364563504858453,0.00207966961429183,0.000437807668179702,5.85473842400086e-05,0.00274125202387959,0.00151572064584282,9.3566470828833e-05,0.00211739364041627,0.00398856676784487,0.0120970538666653,0.00318872933583018,0.00255359371464824,0.003988943905006,0.00167350798597034,0.000927562281627008,0.0053269319889848,0.000847711796205343,0.000362847678911628,0.00867957894741839,0.00221455021777721,0.00427703965162993,0.00450425958510827,0.00653564166948142,0.00361178101310853,0.000152022313278073,0.00324912132629831,0.00556500938203663,0.00738276039343315,0.0078074276752474,0.00742543303008194,0.00476116783154214,0.00345169846386217,0.00287115908138377,0.000735964905685658
124.25,0.00347029920524557,0.00410653400176514,0.00287767483606922,5.05082243229145e-05,0.00343243748799573,0.00307570806781825,0.00158004862995195,0.0027918413458065,0.00747764902934575,0.00471792925990033,0.0095107409891006,0.00378884523372408,0.00415317246463687,0.00124424994620728,0.00342179201282693,0.000472069652130631,0.00404416631648993,0.00231036782789577,0.000619921009645577,0.00218906126883492,0.00186879424665432,0.000752393008239145,0.00102114296656291,0.000626495169833607,0.00282381272142462,0.00186407542822514,0.0012236565683497,0.000521821583010727,0.00254389726666485,0.00211659745910366,0.00150657570823618,0.000219767464662152,0.000449253545155544,0.000339082630372348,0.000378746788916398,0.0064024584693241,0.00418703046163067,0.000638723439113094,0.00152702393257047,0.00225563124742005,0.00145358433658802,0.000919456076716724,0.00495384019194098,0.000317628986360967,0.00612159223911747,0.00206526677871786,0.000780431528829667,0.000678185399441016,0.0101194165713208,0.00307717331407776,0.0014143203465414,0.000265799836004061,0.00106940692511306,0.00865460067810448,0.00331219922821216,0.00210388758131229,0.00864665056264446,0.00313595248858671,1.74629506192927e-05,0.00023447404632202,0.00405346697780891,0.00143855185663586,0.000598867862021502,0.000498130299631037,0.000921068269204108
124.5,0.00726316323148793,0.000741059913159234,0.000104155931609259,0.00234343825929423,0.000324806291690737,0.00177529311724171,0.00417943258923286,0.00214196158202112,0.00301246009772965,0.000333310525095868,0.00354656933895846,0.000365670653889911,0.0124404342793075,0.0023394450009783,0.00428352705432678,0.00104029596983984,0.00269640059253426,0.00218241055006476,0.000759983905509598,0.00383328062654437,0.00368764324920882,0.00364058620148868,0.0012197591965001,0.00472780099017371,0.00613422404366838,0.00314124262946122,0.00402444060597472,0.00381539868833873,0.00186796185887095,0.000833061150960587,0.00526143873753973,0.00429330091692155,0.0037444446096192,0.00206472444542626,0.00183155200604748,0.00104123904902992,0.000710444112622597,0.00506107776077848,0.00485177025697217,0.0022328890863819,0.00187894237028611,0.00298016653628031,0.00119123882697841,0.00319664706854614,0.00567379727612348,0.000679966122626302,0.000737824681474646,0.000365705276497545,0.00319066979729528,0.0100334470790795,0.00926691051239632,0.00351199028375694,0.00142367162807536,0.00400297284052182,0.00306175075414908,0.00219361189691566,0.00181725658342171,0.00316652874184401,0.00622120477565259,0.00339864439993114,0.0106390281728802,0.000603459948819534,0.00169817258262414,0.00249682243616202,0.000486929269932304
124.75,0.000155818982353913,6.63097122588721e-05,0.00143975576557038,0.00230305377350932,0.00686423342900551,0.00111981455552789,0.000536160507910612,0.000168052440259251,0.00433749831006897,0.00887828875394008,0.00236675700759058,0.000194034512282072,0.0134906287426088,0.00171333617049322,0.00025189260638133,0.000460733338805716,0.00398425436109155,0.00167952336288187,0.0005117363325679,0.00295144876111438,0.000802071143303484,0.00135386074750898,3.54931730901615e-05,0.00646610630802715,0.00330272666256647,5.36189673401216e-05,0.000497837135794523,0.000140873146681329,0.00459335785776738,0.00116737884678671,0.00363003908951279,0.00180385519054162,2.97507631483999e-05,0.000697286899048253,0.00155377164753701,0.000129615492223604,0.00913863883457829,0.00151705214569669,0.00150997705028128,0.00326021663396249,0.00144120486847648,0.000772232998166022,0.000165955697449071,0.000893089714677643,0.00202256036298329,0.00262826368182045,0.00286916609098768,0.00186919539668185,0.000546706116183086,0.00601184113627697,0.00105199389929009,0.00186315171328785,0.00279395081341399,0.00127131011073279,0.0061937190760485,0.00194070340949853,0.00116627559864722,0.0181429289502855,0.00242763483873395,0.000945657005329903,0.00118019994393315,0.00600306310970426,0.0015862773142443,0.000229950134911762,0.000260946059767288
125,0.000170987799970115,0.000478504028088224,1.17790603861694e-05,0.000257596558276777,0.000329973230901329,0.000445063309966025,0.000186071582151809,0.000937845511543582,0.00128787262492899,2.71266135566364e-05,0.000502964545987703,0.00198702224522388,0.00282228767180144,0.000381096637456715,0.00167770316250946,6.07739490082009e-05,0.000514525783119103,0.000352036248887741,0.00166510078702142,3.92162630847281e-05,7.99363406095159e-05,0.0015572022952045,8.51600474546964e-05,0.000105302865188637,0.00131531863411438,0.000567471794135947,0.000461449379078759,1.6390660634286e-05,6.05340603821767e-07,0.00157090254848815,0.00132019624974839,0.000185027702236907,0.000116317969526294,6.73602882498321e-06,0.00123707898003472,8.96476372720824e-06,0.000180978172396535,3.56233310844332e-05,0.000973832580350491,5.56723462957807e-05,0.000100399640081091,3.5134634160196e-06,4.60468103742177e-06,8.00657156712867e-05,0.000193187228650903,0.000744982741084087,0.000164146057289965,0.000479209172176149,0.000453617314213071,0.000949753460168194,9.18418534824741e-05,0.00077423448261962,3.57078435128485e-06,0.00250432094671551,0.000475887085537594,1.10527392920988e-05,0.0102242177518915,0.000593935728524753,0.000373813743172029,0.00328371565822457,0.000886289045043005,4.35401120591385e-05,0.000535184212234529,0.000105466929408134,0.000886006287293313
