Frequency_Hz,Ch_1,Ch_2,Ch_3,Ch_4,Ch_5,Ch_6,Ch_7,Ch_8,Ch_9,Ch_10,Ch_11,Ch_12,Ch_13,Ch_14,Ch_15,Ch_16,Ch_17,Ch_18,Ch_19,Ch_20,Ch_21,Ch_22,Ch_23,Ch_24,Ch_25,Ch_26,Ch_27,Ch_28,Ch_29,Ch_30,Ch_31,Ch_32,Ch_33,Ch_34,Ch_35,Ch_36,Ch_37,Ch_38,Ch_39,Ch_40,Ch_41,Ch_42,Ch_43,Ch_44,Ch_45,Ch_46,Ch_47,Ch_48,Ch_49,Ch_50,Ch_51,Ch_52,Ch_53,Ch_54,Ch_55,Ch_56,Ch_57,Ch_58,Ch_59,Ch_60,Ch_61,Ch_62,Ch_63,Ch_64,Ch_65
0,0.0148022790884867,0.0278831218883309,0.0167143628240886,0.0233698089895019,0.000215956878629411,0.000113409583069647,0.0114843960671008,0.0220276123154929,0.0236483190343735,0.0321154906125466,0.00639599402638645,0.0271218311438937,0.00232576735410549,0.000459123862278759,0.0113177855914828,0.0464059749082374,0.0262792870270089,0.0205693779054479,3.91449101175357e-05,0.0206126520967048,0.0116903952576809,0.00408554832685668,0.0035560244213332,0.0066916061440329,0.00553476112950036,0.00869729054151874,0.000725173555887365,0.00444831426859609,0.00258569101254663,0.00451885274561567,0.000400350418769869,0.00303114576156301,0.024056228853746,0.0173841330201631,0.000358677475171589,1.54717962832974e-06,0.0154520605178115,0.0228815475174678,0.0245413154054508,0.0244475325179579,0.00731999269375846,0.01150013531279,0.00102322002558663,0.00932568097836618,0.0140489578402606,0.035940748978585,0.0121174543833409,0.0242038283493427,0.00132814643879509,0.000646282993589374,0.0109856077849021,0.0314357194010796,0.0199133563376087,0.0223934950869503,0.00388146513594012,0.0063224475452671,0.00110393443382816,0.00619429713394134,0.0194282766950351,0.0363238836316913,0.0133120539280334,0.0157034411246638,0.00502048788650612,0.037808339079799,0.00802134869621707
0.25,0.0617231839611186,0.122593955551084,0.0698499909108315,0.100330542055235,0.00147699482236198,0.00265158556003063,0.0492773365167364,0.0939435441117584,0.101979764976203,0.135670200884626,0.0293706264062721,0.120237416035339,0.011215062324196,0.00457658406945625,0.0493245010918381,0.197467959525889,0.109940950813529,0.0846901723229283,0.000266322358682091,0.0867224847138275,0.0482315766992164,0.0173878555610389,0.0151670848978545,0.0287421050065654,0.0254036326934274,0.0390607558744374,0.00370574929609456,0.0210999265771079,0.0128608138270092,0.02026001599155,0.00248310438650714,0.0129752436546382,0.0992050424969809,0.0739387766876957,0.00143492532036855,0.000690270566601423,0.0652463624891009,0.096848141329076,0.102397883387524,0.105381487678898,0.030893094169723,0.0495038087499642,0.00444016704127,0.0400532467473718,0.0599232170651314,0.152933266829587,0.052452257352154,0.105925492831943,0.00714185157637454,0.00488683657177591,0.0475175618109516,0.133947324889792,0.08418037652776,0.0984807454538865,0.0185615215246273,0.0283641203502173,0.00578177122562246,0.0258002631161316,0.0838279632003349,0.153446854415336,0.0569332251405942,0.0663299182320388,0.021045896226788,0.160459426636526,0.0324639643594501
0.5,0.0764484658887173,0.177587497360493,0.0804049519795573,0.128999280089557,0.00407608500670782,0.0113855207585421,0.0643215445888675,0.123240989080288,0.133748091371473,0.17015976350276,0.048510684163259,0.171838228125717,0.0175893510702451,0.015624713067,0.0653640318381935,0.247962017953724,0.132154973532362,0.0963663349375638,0.000611162633058726,0.10740012346038,0.0547374540966531,0.0220601920604993,0.0191174772167477,0.0357607558558747,0.0378756712261061,0.0550564734111635,0.00722144434980212,0.0341270436419582,0.0226080785406767,0.0302999427027355,0.00549568234215972,0.0186254331716701,0.113691224953532,0.0935376870062499,0.00174333768937387,0.00345176259207543,0.0813057532813509,0.120773603368652,0.122838890758862,0.140637688413845,0.0371069218343484,0.0629724918652353,0.00620206712284992,0.0519756765497685,0.0742155393550623,0.19332601824517,0.0684723603965015,0.142901979426119,0.013221902572717,0.0129441729531317,0.0625675713316997,0.171229108336298,0.104293619283015,0.140100649472819,0.0300520074459401,0.0410458112461012,0.00940979450136903,0.0320608911515,0.108613647990064,0.19152595910836,0.068435049468822,0.0816242261200348,0.0250228073701012,0.204176986960616,0.0361830454856451
0.75,0.172936679640272,0.626510460328183,0.104626050851697,0.322624181638189,0.0696344566690147,0.0340388404002141,0.266803590922919,0.19998315421952,0.401843789782192,0.371459496739325,0.173313280653064,0.621784464061079,0.0337371757487549,0.17923509503202,0.17604304376165,0.373592191863877,0.316359069870273,0.125972867243018,0.0645448925211922,0.297693146527981,0.0402381131666773,0.00911849959611998,0.152138000937116,0.125671611204959,0.0954966447021685,0.252912625588676,0.0460436275639573,0.0913983105574798,0.0908155535963564,0.222300744647211,0.0198687957229016,0.00128853119724562,0.123548546412581,0.192309270252196,0.0614126928248521,0.00742701627999919,0.271692942946857,0.269929706722171,0.203145434498794,0.451871861883416,0.0517683437784746,0.147163560020321,0.0597357140857243,0.0800311881575689,0.224978014847645,0.354241583433492,0.138563173917453,0.548420187963534,0.047809051751866,0.108817750280986,0.203477726926413,0.268888498410891,0.239507682663795,0.548395390213559,0.0868402736034141,0.25516182782417,0.0159200090869982,0.0277822011627137,0.296828443731729,0.286128782962563,0.109001414944016,0.108383239152058,0.143374493664421,0.461738792932563,0.00492809618821654
1,0.332185471616374,0.842044907002262,0.901260131035558,1.18133144936295,1.54648747803089,0.256580128426009,0.651751469820029,0.790922832232343,0.376286671820811,1.19834236079503,1.30736601175792,1.23614960047764,0.645277210448432,1.68915986626285,0.484881587463221,2.14022338616254,0.402589930071663,0.697711529636888,0.991286535881242,0.0927319922940533,1.68289623935711,0.718333494727921,0.772579231705302,0.0447044946441058,0.815590360104885,1.22489900509465,0.663473171391601,1.14450041385407,0.748607611299476,1.13573454701706,0.66023012585669,1.56639258170928,0.720910597060039,0.755743721943708,1.45784223684922,0.344739932655322,0.251785360742411,0.116420906341455,0.00623175984587405,0.739235253437738,1.51414693886135,1.11150875085002,0.845924829425628,0.259986479888278,0.221153889980002,1.30640014318195,0.864804585772127,1.49849584749961,0.767664624800262,1.20746381885917,0.435356192641554,1.55995507338905,0.503638062886682,0.853579390131698,0.601370149700724,1.32148823860161,0.559621774944711,0.927100482770751,0.458923171150357,1.38875033071357,0.571861723282334,1.03411613226619,0.246538988658807,0.535314392870392,1.34267062583034
1.25,0.853992996319326,0.638808056303768,0.102848599263351,0.0907034227034927,0.528950305923564,0.409254904335247,0.045787630384178,1.40406403724461,0.0319188992697792,0.623085751858907,0.5264832985091,0.971007904228243,0.914257629588787,0.416100561133257,0.367044903538387,0.643613551436424,0.178387188372619,0.00626518344454899,0.589419447096585,0.494316369745963,0.320234327784075,0.0585220379223663,0.646580350450746,0.233361412954939,0.753231168029817,0.481615376343733,0.249924582761199,0.521128756824126,2.33249026569093,0.595650050264017,0.605844056967653,0.189033870478886,0.116363431757074,0.156007529449019,0.201475672014593,0.042790114906486,0.164604605013893,0.927856322321791,0.118407699142022,0.5355049009222,0.31630329854382,0.0759270349558531,0.135400932983768,0.690153616484879,0.224717596628306,1.3160408862772,0.309174841769567,1.15002951066501,0.644993649733845,0.272965191832462,0.25060316242886,1.17901759188609,1.06525909215553,0.846426614621627,1.43315446970927,0.586440992754986,0.79832708037473,0.397439598293913,0.488822661895673,0.643973971009775,0.0551063431588709,0.144958074409921,0.361624730375033,0.44657305378209,0.0642738460047921
1.5,0.0191089361189951,1.3528671422621,1.00953928578719,0.557148686134996,0.858295128781383,0.0684281486374491,0.504738997369559,0.0888740488264485,0.121631786629236,0.626045798169453,0.344154329990594,0.960224652077734,0.158943489642862,0.476758544715191,0.569988136332111,0.475258410884216,0.313866340187306,0.163933064841361,0.166700636365259,0.0950987874749468,0.647419609800414,0.01410038390762,0.497145573270898,0.0130879755919854,0.249849950985331,0.30644501323476,0.595124584373408,0.178873750673178,0.0568572531575124,1.53265156353351,0.0974846530906807,0.238661531296493,0.458790315997039,0.391191502000942,0.407682012892531,0.00394446555038016,0.487189060232574,0.0634630015882936,0.176416297443768,1.03043829885437,0.902081979951758,0.178119589683513,1.01479331445181,0.041415029194291,0.304101542688789,0.701761583599653,0.76208819224704,1.28027180624796,0.127323827853169,0.0792851130942889,0.653058051403298,0.126274394586716,0.163885794087059,1.49553859609477,0.0654235505077633,0.785996835738034,0.186910084340476,2.55993791410852,0.63441305856627,0.501726530284899,0.00764094056451968,1.1644019079725,0.172811757591923,0.152603397517393,0.237503068323835
1.75,1.68870987117666,1.83333267608243,1.72381023574233,1.12649669175792,0.86615292562341,0.0960303028547278,0.535845243560449,2.72480892736773,1.19724600024146,2.5188614084042,0.160049586589883,1.7050647318995,0.150808667007817,2.36985870475844,0.412626987429293,3.4604239064428,3.24713683084304,2.32537156094756,0.632785075097964,1.05457053233471,0.983590421999581,0.39937443601943,0.558760701156233,0.56538730012689,0.533511243777545,1.28742751232648,0.346957502349414,1.87181709362067,0.111026297129157,1.32710839178813,0.145220049802819,1.31761878162439,2.45220193831104,1.86473423567889,0.446596483757166,0.163152797660274,0.755502452921671,1.39608007486358,2.82796715633783,1.9088876786081,0.817672487740385,0.365006317457103,0.51168812420502,0.860408944670764,0.969499427778193,3.70960448320103,0.803187380730805,1.05160028753458,0.198994950712099,1.30749524864322,0.322297448572394,2.79983716114348,1.17741601952889,1.34091728961278,0.408350347635544,1.66132514041417,0.000638067800635803,1.17643545053883,0.892677070535835,2.82117251710522,0.298119817815461,0.79281168103199,0.370579728154931,2.81199945703019,1.17104826178924
2,1.68302353270275,1.65061814110523,1.09245204222704,0.635970139286451,0.148115857955867,0.224494642437599,0.845213273917061,0.892090030408102,3.06022269960153,1.26020255974412,1.13300042918969,1.28915399834106,0.0230037050059155,0.530969695063519,2.81266802544606,1.34165125088266,1.19029383570995,0.324972764751093,0.830030442664902,0.737348967790106,0.0516981707504052,0.0656987211528024,0.657827197253254,0.478246931169363,0.63229196636501,0.502850679908711,0.311391021060146,0.500653769306086,0.660394051923025,1.05352375607237,0.106654967521259,0.0221579457280094,0.348039508939931,0.190120759958335,0.68648041249438,0.581832093277364,0.743439794181442,0.431061861188261,0.739996617385935,1.15005400647545,0.741836350642042,0.200162241502333,0.436995342564097,0.254086260242754,1.99477124208504,1.52191317450411,1.39460088045605,2.01582757317878,0.0815786137266823,0.127247998829661,1.40166428540155,1.67570005606193,1.28655962366631,1.65581833960622,0.358676824488835,1.18500549465664,0.158100593854654,0.74562495063572,6.0154158037281,1.1973975358715,2.51329555560307,0.472351997435534,1.52518550080058,0.915841525060485,0.0332132428536821
2.25,0.0387993973545617,0.260364743434165,1.46524457210978,1.53429740104923,0.00167577806665289,0.211102397051915,0.287179217148757,0.0244816318952303,1.90118772283897,0.195293371699818,0.012567230628233,0.0878708095980687,0.450794602202808,0.19331421347334,0.786070860326881,0.0868822647019136,0.331757132958637,1.34715551551316,0.125643990526347,0.082304306319764,0.89293002269916,0.859171585493019,0.0312626189292136,0.0781463632116133,0.0219280259209301,0.134146360331621,0.196892039854392,0.104416112116998,0.537789806820063,0.23534060781201,0.357815954431743,0.787763633250996,1.28386703156104,1.79909386820446,0.0324668637207684,0.0696500373228952,0.0927699985795345,0.00820068358337433,0.21617548877684,0.552263188964922,0.525591570714755,0.659223518564288,0.0401852291247176,0.118829553331231,0.380409291316597,0.0432956613238997,0.454189249419699,0.409007855843266,0.102187833005466,0.194767466273393,0.678718862156763,0.00352995191876271,0.0484483657133093,0.0946075429700729,0.312713044183807,0.0151373433424296,0.77209854298106,0.803429264445007,1.28468931680791,0.0386033924796061,1.26454554703031,0.595042390360328,0.0791823950601853,0.1702304220443,1.20906429578596
2.5,0.865145566023356,0.512427201171885,0.0183768668009353,0.280688451024528,0.0407198415090079,0.067543135284249,0.331060654722161,0.485954876573757,0.116026442526299,0.457038242395282,0.697752679569015,0.436506412120093,0.385808963489864,0.0746135922936555,0.00438675348571693,0.514148426557749,0.552081462077096,0.130234434733617,0.454202491108218,0.605877154977587,0.0830784534687047,0.0162474274431133,0.349715966102878,0.428260874287153,0.330432534323181,0.0631485543143827,0.132618612851472,0.326247781502634,0.746418301125216,0.315097257224094,0.102980068750975,0.0961655622295571,0.00301678496529418,0.364577948120338,0.240721986473856,0.0766844249439182,0.367200832805693,0.472914315989329,0.367451439056916,0.561511743953666,0.0318329582438499,0.0407035779059066,0.190977497649857,0.384834654356934,0.0861104340995529,0.856924763177016,0.157674249592882,0.275442535634014,0.168346190535799,0.0400338819756981,0.146305178292797,0.359148868087365,0.59403541586033,0.533289719148918,0.575537691464044,0.13582944395545,0.310561784593994,0.494240583453262,0.107745931886078,0.322482076301488,0.187745989795698,0.0687929605110003,0.563009592751141,0.578303073238683,0.086371946140405
2.75,0.340186508162599,1.15812511085991,0.474190624488671,0.575633352505117,0.478566889308267,0.00256208082647128,0.854656366862196,0.612734411726126,0.475878967823241,0.80869237714907,0.73173013734447,0.913900093845794,0.206955660387711,0.485175467489142,0.267442611696012,0.580153494654316,0.27238436429585,0.361935789768998,0.473606539112372,1.12225402873381,0.867057222867865,0.364646377721704,0.427609256209486,0.42560883925002,0.497247535312681,0.42973599599895,0.25722085769483,0.222814084723789,0.115257931415318,1.26260399156614,0.202994734452609,0.443312566315693,0.301840130452743,0.849689629266068,0.627704845410264,0.167725934645682,0.962725749115615,0.75183259003893,0.221580274699206,0.654366775209777,0.481436876939635,0.21238525470394,0.406353223921429,0.153396063879005,0.869687450836672,0.885014919477211,0.608397820511628,0.209646079251869,0.362571826869941,0.297129836982508,0.769905010226614,0.887762944243504,0.204938191863753,0.791315675650617,0.253863947458717,1.00244868706077,0.0173728898126146,0.22703379013009,0.487622387217851,0.736097085850355,0.0712638294873798,0.206661993391398,0.841195455539606,1.1275703146376,1.01126705200583
3,0.545419605639923,0.884406558283714,0.0493605541028875,0.47101457997738,0.173458651075037,0.00230635233085973,0.279053089722476,0.730604828894826,0.241931007282463,0.536660386965871,0.521365320325995,1.27171503225747,0.719910334591933,0.481711648662964,0.0426756568941955,0.407266471299973,0.404309834495792,0.20165310478113,1.01953957857091,0.969888427820611,0.448275009561082,0.200292629647071,0.525246372516658,0.252453882417244,0.126218431317432,0.703392123712118,0.167251983630536,0.0535294585875194,1.44052825975366,0.879961336385343,0.337967876569779,0.0576749057608505,0.191060615646346,0.095510579363415,0.660560565227852,0.285894991565584,0.505710736106405,0.638596787613526,0.243081742513221,0.589631459759713,0.263913035557417,0.234865410814811,0.125733043033372,0.108248011080271,0.168961236740971,1.09796130809891,0.0481795535863214,1.51079255013533,0.187175185111219,0.28399385890555,0.077202635699693,0.653053807158137,0.379430953926785,1.24649514653994,0.698110620201875,1.19664715466628,0.285142025635986,0.0832838207050102,0.440472309789959,0.598454223123878,0.0781758771133057,0.0196294729656943,0.55525340011285,0.657040906337255,0.468184524200683
3.25,0.483393405756239,0.186970798818967,0.844811085775657,0.650964681520108,0.035166834169258,0.293325931173919,0.252600784700668,0.303133972323954,0.343978437051971,0.395026097353107,0.25572168418791,0.0772738923587746,0.120531002850612,0.0936138913038694,0.824837853976561,0.861697076820443,0.863895682950492,1.30703286876945,0.801521176252258,0.130413117584668,0.601947526516666,0.827624679976827,0.152121703232451,0.504308384767555,0.104224999582225,0.13490866758085,0.461323049326157,0.277481710334623,0.0433685607131705,0.00141671141846984,0.388647997395222,0.282667816962774,0.843757531520581,1.12116447335652,0.304745145713812,0.558637147862616,0.0391087462106813,0.192386949238765,0.806564736742693,0.446683704256811,0.154807166363584,0.360653402705962,0.15323986239147,0.366653184993767,0.330352326768354,0.226528580233831,0.54553147854931,0.109738415444075,0.119056136446343,0.058194175093676,0.582457872959588,0.439570341360668,0.298197253078993,0.145395181032657,0.0952790265656338,0.0147819877268471,0.258805880320575,0.240036346563259,0.936874156436282,0.645276476470191,0.732937418330287,0.362743585054065,0.279151200588796,0.065369090131928,1.09315769696122
3.5,0.439396891246602,0.628955674845226,0.695497367095204,1.83286663269575,0.278177510408111,1.34780170158875,0.588018843552492,0.176112808577381,1.01552741389382,0.030775181427195,1.04221888456208,1.17684074150423,1.92013280845279,1.80728902792674,1.48722892447739,0.162175489347487,0.127110143889873,0.462005024254847,0.478477029105722,0.150004833570745,0.611378397257274,1.46832483327614,0.231561800982884,0.39455280449685,0.891002877992709,1.81499856565273,1.38605519154765,1.11029480940268,1.50898927302195,0.894320584773007,1.97556537846442,1.24952998727898,0.376445669792797,1.23081955611426,0.320630079177641,1.24382473146161,0.244891188786364,0.130558284313172,0.561396121355782,0.896089971830908,0.476525286015574,1.89828656219866,0.456442989372733,0.478747889918196,0.589511625140438,0.30179834943585,0.942434528301804,1.81904455517625,1.23017630680005,1.88439052084124,0.947345988289027,0.241788051217996,0.93697178390583,0.977572176888211,1.34695184674258,1.84115088795296,1.24731310042301,0.300900818432189,1.20823086129577,0.0924943965486212,0.844783911734531,0.0157783784855339,0.141327651558824,0.293435693805312,1.08704068676636
3.75,0.104566162764525,0.0232840203588796,0.0567857980047753,0.583172282830245,0.0544470629221733,0.312719454978812,0.10567800841825,0.0450230202302963,0.285776273098893,0.230555564833794,0.211453586095892,0.0110289494768646,0.485082942455884,0.0602180261630395,1.11266255651833,0.0589703877900356,0.0357532902525658,0.233815024873891,0.220318602725885,0.0205664422895006,0.255098730714099,0.771073532392496,0.0493301162997387,0.312215584957438,0.11283226657994,0.198036913922514,0.239257284167556,0.110571360297547,0.592272100701669,0.0627130317983522,0.678547744189179,0.150350370775224,0.224374089989522,0.614122648819625,0.203067828242073,0.485544181188953,0.030215038331158,0.0703213170707677,0.0912738172021675,0.115401397830587,0.058417404887907,0.480867932718473,0.0313362579096886,0.189004138904004,0.115999253576456,0.0367751285181233,0.0198988853096594,0.333832057525888,0.120600171554842,0.187742088448703,0.556038632770587,0.0207745790850765,0.195869490928076,0.0418702653511161,0.430027019911542,0.0188033542640334,0.669789367677154,0.0521123437437623,0.900303960788281,0.175946584656081,0.799881063838617,0.124504153299575,0.0998206953865289,0.0115480378844205,0.619991005868388
4,0.0409672856627459,0.128926176252605,0.125447762808665,0.0442824408583799,0.0484521288549309,0.0485278189994469,0.295074931404783,0.0120047652904443,0.336040928786899,0.136339445401133,0.165845512295206,0.231822929678576,0.366411670675931,0.324123129907499,0.413375441626414,0.248685739078228,0.0464387018940807,0.0247431514361076,0.0764649079634433,0.12589886217,0.0890618757151289,0.00718587703951392,0.18990071279261,0.0448628908229214,0.0457958180667083,0.321692875442622,0.0706134336000657,0.0989710937143374,0.43928826511881,0.187727602630639,0.186002952190912,0.0374292825716263,0.106455592680345,0.055328686811129,0.168218031905691,0.00415679795444229,0.158556816916788,0.0622959902688577,0.0758470395101955,0.0340643903407875,0.0724285260194513,0.0585927880898616,0.217236718242292,0.0326053312720328,0.23685388509985,0.0301364305258207,0.0654479205587609,0.210819843203771,0.0222475072869245,0.205830473543821,0.282583952089633,0.144505629652317,0.0121276102002397,0.180211863171885,0.140856879714636,0.415442437162067,0.243305819642616,0.0574283395545869,0.470551574164089,0.144324313543568,0.558074031441842,0.0514388839110315,0.128794280626077,0.169258280042122,0.0298684324436367
4.25,0.512462553873575,0.33278056002634,0.98939317217011,0.0162165593944319,0.325553947395614,0.942981955872366,0.117086347007357,0.97369579659502,0.260808505591221,0.449218578024285,1.17934457543555,0.123726423620089,0.433635870540025,0.132666351096436,0.464761444719226,1.34642950152607,0.315087630938628,0.144163492006882,0.032509048585875,0.359340599903486,0.570175254815108,0.0782853168152164,0.0932848807439361,0.485103660859974,0.975699788396401,0.113136070495469,0.105639385419469,0.865791189627965,0.782375906091159,0.0360702898589853,0.240244649787505,0.145671762288688,0.655026266754143,0.0501130368806223,0.0440211012073111,0.63711040445194,0.148070464628217,0.738821559470027,0.673788252400494,0.161257860599891,0.924360203407684,0.101062281997364,0.015946840494478,0.941363646170555,0.284527925891433,1.20985963365394,1.24095489908055,0.122554032186396,0.491523028695457,0.2681261365786,0.178655016210634,1.77565523714516,0.935104819880879,0.243827156011865,0.733508023962646,0.0166831329346337,0.234752496153513,0.0521839092285358,1.04179446347559,0.96538366824522,0.21168814025136,0.0829131650593859,0.199153487919898,0.403065146290987,0.0949955945531429
4.5,0.769854348123438,0.0995962705388238,0.376203046224173,0.677190573407878,0.0135681488153521,1.04504317166544,0.0835733571116298,0.241883742319395,0.440407546617968,0.65478877780188,0.783753326240859,0.149741439737439,0.983241890529002,0.252937650258619,0.649851413879791,0.187109015064656,0.0967565991884537,0.0284615628084024,0.79623986424068,0.303978895343141,0.139560501639298,0.782502093786423,0.159392646481779,0.911193870751751,0.609131750314007,0.682854061385441,0.234589669594631,0.40256996133515,1.04938541958211,0.0562108282579667,0.663576560622844,0.243327596810091,0.0883592787103544,0.408734118761705,0.333802693633578,1.07160568420861,0.0668275421100344,0.214042180637962,0.422234284768477,0.256228950141963,0.0966426318835818,0.68307810894561,0.0357405816828003,0.562522890151219,0.0902144410726238,0.532833103617492,0.703990580404253,0.713784273923137,0.402356718182449,0.664553840046037,0.310655422835681,0.273711295424701,0.73521157788016,0.152220737296911,0.900958855787905,0.31329901447928,0.947800794156204,0.150993894151264,0.566538362621103,0.477458177636064,0.766612644325239,0.32332333701843,0.696772808466107,0.188763117698721,0.241805860302598
4.75,0.321430527721984,0.159209836357393,0.125357460115931,0.0566593281439153,0.0843592544065501,0.0289812528282152,0.0694739409178202,0.382062499973179,0.0532085599281162,0.280297367605293,0.628852554564329,0.0917201270508453,0.298993440300862,0.0159960419772902,0.0121475330382952,0.626803897102971,0.545282848344669,0.296779125272774,0.0336582500959579,0.221175085478658,0.0294621902676014,0.0167125953277194,0.0766512513726481,0.186373599664459,0.271332014814707,0.00173239269839569,0.0640610917914388,0.147951700066251,0.417617388583194,0.029227220115094,0.306960084435435,0.0488355635854073,0.170108867779208,0.150303916317686,0.0412643289412297,0.0740725517896639,0.153198487127455,0.262420408933425,0.490403237025194,0.229342620152234,0.00384695637398571,0.0129004890430261,0.107535315817932,0.102591162672893,0.107446035821312,0.723959358619287,0.272041393730449,0.0715591207607211,0.218328891188259,0.00765114437649049,0.022752005052336,0.658316463802594,0.498921968403857,0.131700811964663,0.415579305295426,0.0206610956113911,0.191487998232007,0.061631022373448,0.147284305674228,0.654678712802516,0.153386559178322,0.0746397572701992,0.10033906160629,0.514173586987695,0.0846151050350868
5,0.0324413841245551,0.140990259486814,0.112591272932346,0.40976728098653,0.483723475461913,0.897335124321654,0.445969858714628,0.225520448727667,0.702540712292069,0.134794182717796,0.291994755570641,0.277814556433277,0.358315599878949,0.741091187389551,0.588250778855595,0.0951526032530536,0.267543286581538,0.43773629334724,0.0171104139956737,0.13523756618957,0.0254164665040038,0.375796727777779,0.245471428008062,0.19216250339761,0.381227902147391,0.770264804136314,0.325024142059997,0.793092697421411,0.173276392391379,0.292936307191583,0.243374978355899,0.408647970216433,0.0677931979161777,0.53271251615929,0.272380787911098,0.198423586945788,0.297954845086229,0.105456624154099,0.082768478792341,0.236843550037552,0.3884700228771,0.500230903336328,0.523549646764573,0.622853139913418,0.829837874805106,0.0298273097690898,0.296052144914183,0.290290251901145,0.346474587812352,0.917131288937207,0.421816472305038,0.231779371465181,0.116462185264913,0.151085399738655,0.258218021937355,0.681152443597827,0.142467433413453,0.210873637339699,1.09078493160438,0.0173569142832188,0.597005025787734,0.0689469177216973,0.0699653599581103,0.231033362215181,0.120978578583796
5.25,0.363810671185993,0.687390780186582,0.11026099118482,0.299458291199677,0.172541888541069,0.0936989614950899,0.613328383961823,0.409884704323164,0.22638942957099,0.124305193372524,0.242496078992877,0.527851538793896,0.0749720951693829,0.266593116349451,0.568404575766497,0.0535773011099423,0.682923092041066,0.417279205097526,0.22368338834957,0.293480863000144,0.144287414162985,0.0575530637748021,0.214095135124217,0.256808287908847,0.0980229356834061,0.361296296263808,0.471987696017913,0.0823985267207505,0.354572364128311,0.359937520999317,0.275209619302914,0.127911554405641,0.423886674949848,0.298686546402762,0.145671265369829,0.190251264999659,0.314731780615697,0.420901723895292,0.551240594702112,0.608890231309,0.00828874406711009,0.138859478483608,0.383178571083792,0.285664043647184,0.402623563711203,0.993579474478351,0.127367881333776,0.793019526560965,0.125051571763468,0.193130373044982,0.787237372479311,0.209979620034611,0.196265184637356,0.638867208182287,0.277517627170131,0.428606688692387,0.203541189766656,0.230899679250071,0.586965797708578,0.0473224539648154,0.0777253105789247,0.0778913223524626,0.147175660579761,0.558124788678952,0.196567645148733
5.5,0.284667081037431,0.302627493095691,0.305301419597131,0.108829555331144,0.368704555909621,0.17766889484823,0.0234016308508326,0.222288774310382,0.197293795975731,0.0988870980446181,0.05516180081733,0.631256228402467,0.014376664719127,0.274406093079049,0.405456169434493,0.145792485057531,0.0532568810049421,0.294143671257589,0.515787733897889,0.0254372720620693,0.357106785783203,0.222716084076699,0.262546841680748,0.178374176991649,0.00582451843624953,0.162896256945639,0.0632849068041707,0.130583810604312,0.0648115737524855,0.56147837017763,0.162311616753191,0.191309723909482,0.356410720420955,0.207641546603752,0.601331040793095,0.102899273622569,0.0973277250956416,0.112863071325524,0.0703715470971346,0.122663358493514,0.248265023968296,0.023759332465622,0.208079855510305,0.186776461168756,0.0213566941375329,0.603175236707783,0.0378436645361623,0.553162696190738,0.0371757307133708,0.102332843855346,0.103960114614867,0.0741170349937162,0.090408619133379,0.509364147836868,0.0134169057050124,0.328830595362872,0.242865236617369,0.504257028776027,0.529711021586072,0.0475237876168105,0.249526957141678,0.212456784352644,0.306081628959804,0.0306039196647367,0.558162822778424
5.75,0.0284841837081475,0.117436396742645,0.2111704281971,0.42424298972516,0.00986665862578606,0.28732617947882,0.18193835187356,0.00388343326514211,0.308091517996439,0.118519542707901,0.18769282027928,0.0558735912966108,0.0844280974945111,0.067567774349563,0.677989461940068,0.0866742724337526,0.213662331429493,0.462118677658217,0.586104473955767,0.0540482090736403,0.172732480859461,0.832370852041054,0.0335326317471398,0.207013621421712,0.0524464409711096,0.173842058419393,0.229748613297549,0.046781758086662,0.227292225344176,0.102601014886495,0.388433740166638,0.0504670995235093,0.217923436547429,0.59168095750128,0.134997376935975,0.436609343263438,0.0341781170091452,0.013389405037635,0.132915161901734,0.232068018566344,0.0375370314804991,0.401502512269465,0.111359467331361,0.0655959731014522,0.257766400577324,0.142144329338816,0.084961577430325,0.110051960569964,0.0350569527709399,0.121062241407987,0.38175927425865,0.0721375781306626,0.10223207655149,0.0629783100023305,0.0804041671658159,0.105259893465922,0.337211752299469,0.100944430745818,0.706145920153565,0.260151271374838,0.549613955717493,0.151028022211979,0.131318518929976,0.00420386713678622,0.643981929499911
6,0.0565325636403799,0.0305729359652574,0.109991420405308,0.129665368650841,0.0206588340069861,0.141687226364477,0.150982354794791,0.207047253686761,0.337082789829118,0.0612681340966924,0.306091405105788,0.0403159380076455,0.553849463641217,0.125958981117946,0.658560264329848,0.301712765804988,0.291665555028456,0.5135017557623,0.146020852707226,0.164077296552274,0.21922930340025,0.207408987015272,0.0550761738218321,0.0679417879365558,0.192466375100713,0.0715012953914818,0.261957611361003,0.2526529116266,0.487314860774291,0.0644405366691467,0.541056098370653,0.153577661163299,0.33987502153214,0.394143248320521,0.0360733971863882,0.197813161402818,0.0552691138516728,0.0593674827629765,0.106155193429723,0.161655775911793,0.019286267742626,0.0411223679571888,0.187006882409988,0.279844200009136,0.355558075419551,0.226111688140785,0.0763658481581422,0.0209822639514693,0.309766653603455,0.166497403340972,0.398802695246953,0.437566072209164,0.0441201712504168,0.000945351355196511,0.323404172689858,0.0823348537703856,0.429035024980519,0.012864630597555,0.81794095110001,0.22669916362299,0.392742036451495,0.0143710833245028,0.055579947212802,0.123738771312676,0.391657432759285
6.25,0.14606907266328,0.0506736128034865,0.462566457310362,0.00126303616926068,0.0566031040910247,0.0551406127463507,0.346701476694312,0.0965547796573141,0.154341227590609,0.0916674692907122,0.103685954001215,0.215139200318988,0.0100895443425287,0.17489784777638,0.605947521531824,0.0278010380169671,0.0651765485668817,0.343789315312481,0.0388258440040501,0.00143667649643608,0.380751936629272,0.116662107713662,0.0245632887414116,0.018553416572384,0.0788707460453391,0.154178429414741,0.31263468808092,0.0706765619252482,0.0457302043159795,0.362319566758877,0.16111251156049,0.0791611264471495,0.474198572124542,0.0715681340953298,0.0243264364351664,0.0590847225984989,0.109570135215127,0.0449848340381407,0.251114652869838,0.00191819926294864,0.125297025953185,0.0274074803973092,0.204599807075172,0.0811219037108257,0.209930805359859,0.26021644452462,0.24038261359745,0.185978646939228,0.0668178269910998,0.10686211326771,0.474521034034709,0.0696787640075899,0.115464103401971,0.147966767257059,0.0381940553971806,0.216405933656248,0.045734096387384,0.452990602881883,0.629384039250117,0.0824309026443562,0.275872457775371,0.167371638902617,0.0180379724640252,0.000505058306336524,0.295682738574477
6.5,0.244444768061084,0.226249502819265,0.612009453146169,0.406932479670909,0.274557390554586,0.18677625177601,1.04593592491175,0.0334958257776846,1.38141164123196,0.728919984030036,0.231554476775364,0.395838168404871,0.256706763391825,0.620631778998678,1.99896389696967,1.04069496582824,0.294527874040377,0.635886979959104,0.216554916907372,0.366976232265444,0.747591911431432,0.491829009916163,0.242990120485583,0.0346980305887747,0.325836461316801,0.474053982011058,0.687005818935952,0.373531493662264,0.0957978579805341,0.550049116031807,0.588736072342198,0.977892899283414,0.829533489928554,0.512107659219029,0.154682606486274,0.208031465293676,0.535838661035437,0.0706232990675838,0.540796122918557,0.307860696296173,0.415672153048757,0.382157113335467,0.672839686733442,0.0772969161356878,1.22215099231183,0.52962761496975,0.448230141189959,0.448122298762505,0.411765325190289,0.45964664014883,1.57758764276799,0.295041119599906,0.455087385766335,0.255440076223264,0.185035386986662,0.531058640283964,0.341645674101959,1.03359843779764,2.82858401956616,0.544439465406806,1.11414504274936,0.627185596296063,0.133905164413737,0.688974805605164,0.856415121178609
6.75,0.44496135402202,0.173134320611352,0.0949843249347291,0.0599443770115769,0.100175014457135,0.140097304572126,0.0294590173941416,0.118469624492413,0.0252794282827255,0.0525261428325373,0.610314011650995,0.195571368232514,0.122386386137109,0.0977528475686377,0.119647371827559,0.204004005219732,0.165415060940964,0.0666389453508407,0.131011506805487,0.0521252073778129,0.037668254334223,0.028022641046021,0.100581463540681,0.153442843168387,0.0897432205175555,0.0651424260365325,0.120842098765964,0.317313155529761,0.20662627143108,0.0678216042119071,0.119519620930642,0.22055720672529,0.123503517879499,0.018679495828528,0.11968318884071,0.104064731087139,0.0469055872366267,0.0841989810918438,0.222515140953856,0.0915358247232702,0.0170298241992039,0.0736975161542723,0.0998678782315504,0.267374220343403,0.052598774963735,0.0654265117241325,0.205623031643389,0.0874553247238622,0.0886966746995353,0.171744610992635,0.0880642361288144,0.179967665530129,0.637578163999509,0.195954604434332,0.20841533751674,0.137546929092666,0.0516808326338154,0.0498491643488916,0.0342122601268328,0.0837016825616427,0.101875373077669,0.0194881325786819,0.202204409709073,0.0187333310797169,0.00215545588128263
7,0.155688481107156,0.150611828989759,0.170208021348379,0.0750666373861842,0.0902341856609482,0.022886076644691,0.492032778719983,0.264787017522649,0.0216382330958047,0.380966567851594,0.0433317027453261,0.344363495932896,0.0700000490769145,0.255124438140571,0.0333334921583377,0.0760297817468211,0.1709995004699,0.284902708489781,0.271082928909318,0.562540644381251,0.246579571109933,0.0214756868171769,0.289261763323662,0.229443928168584,0.0302081409866518,0.114673969956612,0.12851280372083,0.0765389670319988,0.30625717744065,0.440872248078542,0.00889288030259157,0.339645332987158,0.373765815549142,0.0647711948757356,0.302589202000674,0.124281132667863,0.426335129036998,0.279426433348289,0.166623307501089,0.0843064186759673,0.0775264088034599,0.0479984465573936,0.353178803229486,0.107309469863506,0.511016616510494,0.597922474426705,0.0602565558483586,0.297222449310396,0.0167786173737344,0.0943333808001055,0.189949029294287,0.07817478923113,0.275360315933923,0.247820233164495,0.0938828189724275,0.322545752203798,0.184060271047492,0.220685181988714,0.0937742097422452,0.231318039618423,0.167386626568902,0.187528179845071,0.319554715249893,0.451836867435749,0.232444306967321
7.25,0.175150432844865,0.674980352474783,0.162335484354108,0.0777734014297763,0.310104615414729,0.00934857547636623,0.414974137388887,0.319461046275276,0.194165910126993,0.467772213932634,0.152851405132097,0.75215913277225,0.273676977899,0.626662696394287,0.450825799129234,0.360918113558329,0.00319919970242123,0.177626312418314,0.153040610244645,0.392486654405575,0.399174209465152,0.0665968022399332,0.396246235763404,0.232004987003003,0.022140748792232,0.453933102200457,0.163810140570504,0.0648739633321113,0.54462498733516,1.10942806247703,0.338799557593982,0.489857618736402,0.244427241443524,0.104556243825709,0.328598037245807,0.0522356759134472,0.369001219777948,0.384674257155014,0.0307336867207026,0.140517659251163,0.181393386852377,0.059018784279441,0.402504853031137,0.0968656928032217,0.264381247526316,0.801193502690478,0.00495678827855186,0.597167859938396,0.0605692884247948,0.261863733524107,0.481153039030142,0.451431274029555,0.107696365418076,0.755418769044897,0.27792523568488,0.642523166731345,0.511135490460359,1.19947723031526,0.603949762830424,0.581518854175283,0.151188993086297,0.517365568104605,0.361768640014603,0.41649303936392,0.280217404414974
7.5,0.00907961372272931,0.00282776881112837,0.21290857419945,0.100576988069427,0.244050941007913,0.0596227184953829,0.15585635275138,0.316381616026153,0.118549050732563,1.08962753699828,0.172455217295025,0.0411113307376566,0.629414847104637,0.342030310055919,0.323785097871255,0.678120549190394,0.155868684386364,0.221279539233168,0.0726265417464567,0.0109902079249832,0.278938432953261,0.0254832088472709,0.0739371810197117,0.014585477605671,0.280185799653479,0.111072016830442,0.367568683446414,0.299234187350771,0.445854169707937,0.26638668422056,0.353589979367024,0.566660942605161,0.332648142897312,0.105416503394677,0.134879430823928,0.0549163807831784,0.040795023317321,0.0589947628341716,0.112721659923635,0.0676709220197634,0.219494006103147,0.039535977378045,0.0979838023439845,0.0722947102334991,0.190813596175182,1.01247167399976,0.0341281546445037,0.0947083893485701,0.539908878232114,0.181255679402606,0.283197656906187,0.642151635303907,0.0318615182152476,0.0220895389795839,0.312033859361008,0.104623243848191,0.319371925104016,0.122080115387086,0.141220585189285,0.799803720101559,0.224154504983631,0.30707063149438,0.0535504879415224,0.121071206870793,0.160802452661689
7.75,0.169699646129148,0.116265032165201,0.0856802800512212,0.0886421369715881,0.0811385135834148,0.109622802043474,0.147691641961672,0.0380232887309618,0.0974531130997653,0.625480513967759,0.038587158228469,0.396415766016412,0.113297098911594,0.60824162629046,0.110222864733442,0.1847473775375,0.246179284756966,0.568959941653652,0.04860643712256,0.25432348161978,0.266927136169767,0.0858974765437419,0.0756287084345012,0.0255919709053215,0.0161140657208791,0.306521555376566,0.0264106410840661,0.164275845215113,0.310844294020547,0.824827654320679,0.0456234633982823,0.611946203282046,0.445840461541817,0.461304133424878,0.106334352361922,0.0330778824779077,0.180374354849924,0.127968137663753,0.220737041602501,0.086562608188058,0.0662675717448254,0.0276895597949069,0.193056619222824,0.0744627949559942,0.118417448718385,0.598142809280157,0.00173209432038656,0.157833813901522,0.00471055414315639,0.366012381677256,0.0317171365658481,0.0186370624747374,0.042546191280844,0.237117626307708,0.128168927246437,0.586088066558017,0.142840841672627,0.682559043660786,0.126320550683444,0.102782037502025,0.0237927768753144,0.0926912405785106,0.0516281905073386,0.479991641396739,0.303462166728929
8,0.199953838871803,0.186287255056533,0.124703343016892,0.205231605874008,0.0438410241299966,0.0534249791838836,0.0433008717987822,0.500943768783909,0.132147170537316,0.454747768401537,0.0400468110880598,0.285494303494843,0.115522077722361,0.147174276883547,0.157871406577963,0.0768793882791284,0.447279134975406,0.318360865638262,0.104237699013984,0.0958595545086209,0.00887365834165297,0.0147624893260962,0.0128109372335735,0.26656483603779,0.0915746475338176,0.113234151952914,0.00209477842523517,0.0406566784607443,0.0797432538929143,0.365495639257052,0.023141307798265,0.0659672842606401,0.164843929569639,0.27320221967344,0.0164397720858097,0.0846207762083479,0.0340928629193908,0.258621118983102,0.225875107274255,0.225696260108979,0.0898774219449312,0.0454036305952742,0.000538113752720223,0.113659456622674,0.115023145836328,1.08379367455896,0.0785769690906615,0.182831501583515,0.074839209516887,0.06082709748544,0.111181914340769,0.414651613825759,0.100104811330788,0.182966263927885,0.099841309922842,0.260207372653662,0.0929346277923572,0.310101285900956,0.58523365627296,0.580835915492621,0.110797697382297,0.0376669857479504,0.0668658123949708,0.143607158678405,0.000778588023531016
8.25,0.179499804780496,0.133482436734495,1.86989744724635,0.765197091018096,0.223758890223235,0.294184296594117,0.202182911326285,1.37799828922203,2.08992743953248,4.36080902798374,0.484731376678967,0.205981863627164,0.693029493129954,0.143572584047355,0.345662917884842,1.09818712622599,1.11852294881643,2.29608222552292,0.696500996243846,0.53590031641891,1.2138890677545,1.04694072114604,0.0114001057902745,0.255168547920337,0.581086469387251,0.15342001553325,0.255410175975507,0.0346796013777106,0.421893911076645,0.303820367468866,0.465580391514456,0.357796064782098,2.18349457082642,1.47451851308888,0.389527911749404,0.555688414864358,0.174369229957773,0.792210253334644,1.13972299394832,0.54335164620523,0.840166711495287,0.461410343037074,0.0726739546851943,0.108366513102837,0.958981248223194,4.58633206462244,1.14027562599742,0.185251197210218,0.33133531072338,0.0764070611066973,0.235169634306948,1.0879449473574,0.414443739211076,0.0791704698822664,0.55102772294728,0.118026347467011,0.445286349117481,0.798396105779438,0.618439200187433,2.56918479171883,0.643744284708908,1.45235607657853,0.263320898168197,2.49274650755623,1.56930149033321
8.5,0.0315540584631104,0.0237730195729226,0.422729682427201,0.297681137974131,0.333118845721961,0.0664881730054825,0.291220399742257,1.52483173430186,0.0938087653678638,1.45126582263733,0.0956363757761504,0.0278987932023939,0.0542242004504403,0.288992460922383,0.577679405618372,1.69943388373165,0.309295348073216,0.615603509981817,0.229274841022738,0.551286053870507,0.659739849847921,0.520370899698754,0.111857615569673,0.0972046210054389,0.0975428106982703,0.0304085986845895,0.16452474203324,0.519485078954105,0.015346198637155,0.197106976959431,0.0481004594566769,0.687859788337272,0.628372086555348,0.563281188225338,0.42532860579931,0.126785218604309,0.0069550230117101,1.14412645960306,0.303189412002697,0.167680980704835,0.370332919601003,0.15390133275665,0.336720252310419,0.308560949323367,0.266694063166812,4.57460798763128,0.230820276634856,0.0385191052596551,0.0171508897081341,0.11079010778684,0.570742277206057,2.20382180221883,0.160320978604985,0.00433492127560534,0.0246881398510999,0.0807556796991464,0.0359806503379703,0.615842112574923,1.34444646346291,1.77021883743296,0.0216927426985045,0.682098518529358,0.0337132174016547,1.77188677433306,0.696648780163677
8.75,0.0471111552814563,0.120028239193843,0.536224190569711,0.0677019263766206,0.144382877475481,0.00813039063263938,0.143826647802649,0.466422816171886,0.0338165338205258,1.27456508374442,0.0250840895667595,0.185169190486983,0.167757812849828,0.274423326760394,0.526040062905857,0.861063527601926,0.115533903473926,0.379176620499097,0.46578503066324,0.184778558713198,0.740443311895728,0.156498340687957,0.228077199769604,0.0577341569208509,0.153764362151529,0.0501305642886715,0.288460439229557,0.106813620106923,0.165866804006143,0.36148703872913,0.593551474797848,0.461540547887118,0.559687427270734,0.126195649439072,0.365917583402123,0.268274728780692,0.133322721112026,0.235426686077874,0.118653347343357,0.0161300686075418,0.467166233232591,0.0163320327242705,0.261020710347226,0.035146947770847,0.0139917005188446,2.87063327236779,0.266462926273921,0.0330739619813169,0.138696367196766,0.0865705052246034,0.282213094263495,0.890096757276135,0.0270872966435116,0.134224558705868,0.0369525582629277,0.204631059041205,0.450004498445331,0.306100294411953,0.429592606085489,1.62184625438927,0.405748915909959,0.407863804536188,0.27669721124696,0.740607785557642,0.494441698891517
9,0.711403939561691,0.349346460674463,0.301654271237081,0.0825568649971964,0.239609928909681,0.0630795266172721,0.796333208900809,0.438971915598494,0.505512251060147,0.298294889254419,0.438124598082487,0.415550967069056,0.361542101880178,0.304627586576184,0.42174366258777,1.27405630458113,0.452983968534954,0.376548807508858,0.295551838409567,0.408381064367663,0.650589804083787,0.153990808532757,0.457313251165988,0.101947810337179,0.24560386718342,0.250782105803353,0.11917212030857,0.293620272737148,0.724269195835559,0.581061567904058,0.184144867100708,0.526664747983189,0.431933620654899,0.125405018699194,0.471136606702986,0.0884975781960768,0.611144985801716,0.254546736449153,0.655069917436751,0.2580769943208,0.197300731486001,0.0528647974557882,0.372166852021179,0.117178809115648,0.856479287236367,1.5064887429357,0.341609501850116,0.306998027705168,0.0311034614726337,0.209220825833856,0.638551248296936,0.862205845197126,0.7095702399632,0.407046188304697,0.483834342669583,0.280627826681273,0.1993417578005,0.243990425245778,0.724231184576475,0.599113461345493,0.00399286134903863,0.173443569662298,0.262075702611806,0.425640956600448,0.635245450460845
9.25,0.270864296137749,0.136947255930724,0.526685745204669,0.0653587709059041,0.123641129823213,0.181728457455008,0.114746351457319,1.05465404787335,0.944928888984573,3.5684154051659,0.209666536840009,0.265868502384828,0.111359794215329,0.122791313799973,0.298788570891536,0.255328714846406,0.637342081783763,0.451958147468953,0.0936219597729074,0.161003595117877,0.282779675970102,0.0220486117771223,0.107802244357083,0.119824204607461,0.158143989546378,0.175282197891879,0.00607950468812149,0.0971044697142957,0.266754272161187,0.312336758724693,0.0642955234142036,0.133284865757451,0.434462802303497,0.0901398426363375,0.185215073215974,0.0648382070653279,0.0932318020210965,0.668712757196152,0.705330999701892,0.188096523844218,0.159241933601383,0.0625094968383201,0.0811918743168974,0.221861677400384,0.581220542829855,5.35748575265692,0.343486086952519,0.180317207161326,0.0954566805563841,0.104742068350519,0.2527742771391,0.394367096791014,0.303528038820476,0.196807046052683,0.188454885804037,0.277984483753437,0.104690004042082,0.282319191458595,1.00236366320461,1.39026817412421,0.164202335267154,0.107631405787467,0.0421676860947132,1.12273521740759,0.330416804821279
9.5,0.980550166736952,0.8752498418694,1.70764775661859,0.460463572285697,1.29850610738374,0.0337175776199834,0.9150526945983,7.81622461977103,1.84395279652816,14.2023541317585,1.38988558264702,0.691270492991532,0.663230089941243,0.344581740494237,0.370515738668377,8.8325744655081,0.741950235497693,0.796309148351807,0.723788843283185,2.13776568842613,1.65680593373703,0.317755358036626,0.815829463773954,0.539933120737183,1.12107072876212,0.179686011954204,0.774761632281258,2.39862510493631,0.811917512892321,0.568209442263066,0.51693799487572,1.65835227751172,1.20320745840895,0.454289657955484,1.16264470476957,0.0950255126510625,1.17953126654046,3.40313224460482,1.15767664825015,0.642026453654137,1.43616996478189,0.199272072606823,0.947742262756952,1.99866226579076,2.03639628070132,21.8383280927883,1.67708707886885,0.735330160510819,0.876427608716269,0.29019227537098,0.641610905366864,13.0915922029094,1.5335471562378,0.75609405757913,1.0982370782196,0.365627982176547,0.496185285150063,0.658495406055829,0.190921787699273,15.2177866899848,0.177267155120356,2.52342457906386,0.467626454532087,7.50319503051912,0.895609947107094
9.75,1.21844593728661,0.858767121446584,0.822376058820588,0.254946139097739,0.415278409287198,0.89977563788359,2.00927811362948,5.881374612109,3.35980070863251,2.02115914121041,1.82173537871136,0.299885803157332,2.4990595610374,0.102060800061016,2.60157676266052,2.34175783002532,0.746359355070527,0.542871407906879,0.251095896341416,2.71763402964226,0.27944145329645,0.152902859905876,0.364269430160929,1.93978900672841,1.56638779502156,0.0336691111017937,1.54047318320434,1.11247158602161,2.41696182080867,0.308404780257653,2.56448263496011,0.245567317347343,0.584200993037629,0.322790345943187,0.00211705424004804,0.74215344861542,1.1996767339768,5.08035545290594,0.761775579132444,0.519142174894612,0.451197501254331,0.0781674447949189,0.774674906025661,2.29115919398446,5.00895319383482,10.7747359518469,1.18870679710339,0.255134932649998,1.6393121598252,0.214575858886875,2.58707042114393,4.0977520874745,1.04127111772478,0.568954626929932,2.29670403076179,0.101688343515247,2.65794387959744,0.598623848115801,3.53374524441907,2.89173882915015,2.46896490775255,0.30413054232051,1.00569091980664,6.87807102255537,0.346744621925041
10,0.375813489280675,0.497574409885273,0.275997039793693,0.153071091978382,0.0437968554683914,0.335163773078071,1.19574797938578,0.0499991471124374,1.93409475617586,4.16055110026076,0.335647917137163,0.500469687578505,0.0982989455586636,0.807559358823493,0.209391187266209,1.127267980922,0.116832795760159,0.069118873158594,0.342020729053072,3.59510590780016,0.00147895449947271,0.223027484809809,0.793837068508127,0.801162515932695,0.318800516621932,0.32807253583381,0.0715774259255972,0.526749056276443,0.331621510518216,0.802193823510845,0.0168984340187109,1.02766073745752,0.0234484322953139,0.0514788051637743,0.117966782156321,0.410776087081229,2.0877723989916,1.24063482376204,0.155310335211283,0.156815339738103,0.1474189475983,0.279141064081728,0.384468776809294,0.441661062090964,2.56255098339855,6.81913934595327,0.435712336353774,0.40885551601635,0.0541523775042238,0.448222390984778,0.439951823920073,0.524502432509025,0.408213286620455,0.458589953824041,0.252860351051533,0.570952158034061,0.211474116641978,0.69097306337326,0.7976483951953,1.5430516239958,0.462233660976874,0.336690163411463,0.895315451032478,8.03152354459526,0.133854537924277
10.25,0.4552661802224,0.363568354982246,1.0644493995678,1.00140507410032,0.45832520194116,0.112040631990482,1.87676111100062,1.81801103480806,7.80274638707644,3.24378797707806,0.703622680142424,0.0887299103966059,0.17263789505,0.577138214797084,1.3497588359633,1.11233996822003,1.08560523175181,1.65802989190541,0.150111009040817,0.43041136509081,0.94741986418684,0.933409701930166,0.152621445314294,0.131959167787729,0.66126161155147,0.27811508522535,0.19035906737653,0.527315985491298,0.664867281423019,0.498004173242834,0.14497698706232,1.01508044836088,1.40625914876505,1.48915090263486,0.206180342639424,0.0971470490560149,0.708584638332526,1.19382753326824,0.980679642687977,0.811904710849447,0.896578071760334,0.45309014358639,0.463558305222592,0.328171800678123,6.71917688429259,10.7012125634068,0.883426223857293,0.336235984986099,0.0938774374936211,0.321659988633792,1.85966422333941,1.26406684605992,0.657132125677258,0.262062516074557,0.480068681390916,0.202536054301917,0.498132641500591,1.41521369358927,5.40712158997512,1.43756710820461,0.815044532184575,0.577460806600877,0.087424561097536,5.05229604154726,1.44377458438001
10.5,0.167534837863673,0.17445943118974,0.27965294790358,0.085089059065291,0.387565581798969,0.171554706223761,0.146923711526669,2.93449324884682,0.880796598819527,2.05451112047948,0.567352504593363,0.119144937686262,0.786250641697473,0.059892452828837,3.02303754865631,0.824143260085459,0.0365703641911925,0.0242113881435657,0.111893103203327,1.59414219014403,0.078538463186262,0.0151588080183298,0.024405552011446,0.536312196088547,0.579454967968972,0.00553844003462118,1.20005205470074,0.404685922228274,0.40054444024819,0.0108682694686272,1.50591882578554,0.285929133135131,0.058927173994167,0.0559795069274635,0.0383590807505823,0.281666667234083,0.155342790435336,2.63092557757568,0.12792114855652,0.119203849186915,0.282889773163118,0.00225492317682898,0.320291424286209,0.671594106665258,0.304528628432713,8.40387923794945,0.481411050503724,0.121990378450079,1.08188776329866,0.0778343486323903,1.43766965252728,2.50890648606711,0.338918883275231,0.162380840266488,0.623150209380177,0.000884582070315218,0.859493623684698,0.0878848891950605,3.63391440117488,2.68811381227851,0.708730593315336,0.284248429105017,0.519673952826455,5.14905046242833,0.0143080461235532
10.75,0.63512484677179,0.5733380820204,0.564338157117128,0.554077861052448,0.352171538431674,0.954737138600485,0.307362575222952,8.39814079165679,4.00480013362798,7.25976641513205,0.474836574934097,0.507310258908502,0.933052361912534,0.0288169550713489,3.60220498403192,1.21978395418227,0.51576178917082,0.318200518515073,0.32583339365168,3.2865155057649,0.309021886405873,0.728664392903313,0.0152434278035464,1.55052171366453,0.708333244099758,0.250726204974558,0.837485689980319,0.747057882746916,0.778072122868004,0.446807704298737,1.40761122337562,0.0473265383200416,0.454038853078413,0.472412938537996,0.160366176725172,0.995786457749593,0.552742236023493,6.3064242901926,0.644840076059106,0.541966212487489,0.428919121007667,0.516115807587417,0.172148192930826,2.01669371759277,1.30561333572155,28.0247994713757,0.66127731338054,0.698279441169255,0.727829661824193,0.120188382210666,1.7313967948037,5.25669542298727,0.564703530163731,0.648429850645402,0.63930301070208,0.215351247609366,1.73180005103861,0.210744502651189,6.81824222225422,4.83439901460277,3.34231866583305,0.17048469468618,0.531506106518306,10.5839464232582,0.453113189750916
11,0.0334167005215295,0.620422041944647,0.0284418061140477,0.365466128144332,0.705351424221678,0.134638677811415,1.76521879001975,0.690681378935969,1.5797009319896,0.398376010662919,0.0746707503628335,0.508874890115713,0.280050170744421,0.287765816680625,3.90595106688435,0.755750506350283,0.129032730875696,0.0212324438836934,0.0431483522671278,0.181905639269769,0.0158168784600706,0.0341892176311675,0.496195837196483,0.0209397221412784,0.0283834796003986,0.35594672378074,1.15340023972151,0.352081858425856,0.223292741168842,0.35223944007498,1.00615048872658,0.339966068246722,0.0100692838919237,0.145794861879377,0.142655771102126,0.0351883093941755,0.709695013509349,0.351032939261915,0.0339680150410886,0.433120819015514,0.114972104667268,0.251788032201112,1.20353008499871,0.212638403794829,2.00877207264542,1.20990193754313,0.000617607338175504,0.762034446212155,0.30290732412498,0.273960872741977,3.05887758728727,0.734214353757874,0.0348529359567073,0.68567227572401,0.104508477407461,0.307277760851479,0.657673151816708,0.611346661579172,6.82365613737837,0.640588098132573,0.981738245068917,0.297043475904304,0.0766444070383887,1.09410988976183,0.0254202089204463
11.25,0.228213260792864,0.0118427264333288,0.366525780639429,0.0796567344603871,1.45675811441941,1.01050393904133,0.237176914465553,0.208462792023246,1.9750428869921,0.143725785920374,0.226560904471078,0.194212905780015,0.542360971767588,0.304133648315075,0.305842521589134,0.453643336214125,0.0443783425186463,0.108243426413655,0.00871732924168928,0.271278423098212,0.367095701493492,0.0557090834793131,0.0281520218190525,0.312946145486849,0.605074664473893,0.377565078197932,0.364342088928495,0.544654488602535,0.473574387673485,0.11806529511082,0.182784210155477,0.23106457531418,0.239195318548664,0.0367220996635266,0.278863126761777,0.29065866412971,0.155283481240275,0.299882038676111,0.17438599461637,0.0222245623669693,0.671511054134767,0.329926887454185,0.352670187245072,0.549905060526934,0.981939504829846,1.06591365619765,0.417707163131499,0.259976880387349,0.902543885977751,0.55492215112401,0.311932044811659,0.427795512165108,0.414383088102131,0.0765471320000198,0.491489609160365,0.259329148107174,0.139749126069029,0.00403047469728976,1.67743436673658,0.183078827264381,0.221739613615836,0.0182069677576573,0.0551035869062346,1.09802115833452,0.179477486225543
11.5,0.662066940927592,0.85140114276056,0.0991528605869119,0.753682358686253,1.40564094767098,2.20742148488532,1.56748683358737,0.695490866828038,1.99206774048203,0.91535170322672,0.588930818799198,1.01652152106137,0.398494531162835,0.608985159151223,2.29829212481306,0.285825019533149,0.378909170772208,0.509862790650481,0.441824348746596,0.866253517239805,0.20655231659988,1.33885615217423,0.310288212393452,0.574893907687083,0.15364188954055,0.908010279071293,1.55643540212275,0.513059710610141,0.644553459496957,1.19390770659266,0.612063062650009,0.520989277788489,0.380228822975662,0.75433735689445,0.0606088377557816,1.83952856989437,0.801073732120081,0.209161330931334,0.197379122554924,0.664045242372813,0.106041430326798,1.15088538170053,1.49760616345013,1.0101899455865,2.74830385067731,3.51178780499914,0.225947145745597,0.883350848729608,0.694371126486414,0.915515636390653,1.99226993331548,1.10288302840766,0.624062696923972,1.11096645334319,0.257824507051063,1.01294917625009,0.19662563009531,0.850294123751267,4.32091599512515,0.528347592587731,0.425005146274659,0.0967346118367077,0.0420536831663738,3.27844522694623,0.803795359559455
11.75,0.0336506090445822,0.0924308785930463,0.0880477070744778,0.109132562355218,2.01352091683453,0.734994025904174,0.146553556568935,1.32451621214881,0.254897137206894,3.22807384956972,0.0323039526642411,0.0591506213477902,0.264893917632082,0.0026377229799473,0.774681933748629,2.04427797591682,0.194492084653592,0.229330307406742,0.297590663583533,0.450286837416176,0.0955731625308972,0.53787774183654,0.395271416452625,0.18029381112908,0.0565138683332352,0.0886871799996668,0.999883725817617,0.20751976845166,0.039346141013761,0.0117668515401474,0.78099128582518,0.352268731416291,0.147152486715282,0.158234320760597,0.273059448003079,0.82071860424281,0.140871752294319,0.368656290939175,0.0898477787154988,0.0872427005408961,0.218881433349722,0.354511849884241,1.35283493346234,0.00857086773769301,0.0861816191880504,5.4602777810831,0.0420321615057527,0.0482802090944484,0.642479214782756,0.00622844602150715,0.426334857600765,3.16865667495996,0.0546230135130581,0.0308136257605646,0.0398300681546272,0.00451035483723486,0.350229335678013,0.0603008263726038,0.921290242090687,4.15024676270558,0.18584937828037,0.450346424104701,0.220309266522332,1.68327540768568,0.298389381052763
12,1.25648194195786,1.92187356678423,0.392340728653439,1.18336954491144,5.98549463418941,2.22939569540819,1.65305943802942,0.0794422706290987,0.496212252341975,0.00391183614316809,0.154742095552123,1.17747116011593,0.241523712724619,0.451977862916859,1.79512142986301,0.0399946089540134,1.91989839443801,1.22951035933457,0.347943986393789,0.243552769683009,0.346518968172424,0.418827306918512,1.08539549134623,0.428069925775329,0.162678158662909,0.478327889810389,3.60271770595844,0.575166072600146,0.163202185328385,0.898851053774182,0.987902330655788,0.420272350203844,0.844640260690221,1.32865024034411,0.331273204345258,0.397617052925637,0.64438082214171,0.0177643383770427,1.44926588454147,1.86444290608423,0.592852616459746,0.435295512437797,4.90604166420221,1.15260884740678,0.808133251983619,0.00894465644966128,0.193576495836854,1.16371728458055,2.2074101917018,0.726068521825224,2.12748939628105,0.0289505295435878,0.845933848160381,1.70671608220005,0.00155703055077592,0.630123265437263,0.261049119964301,0.325444407964058,1.95235264702063,0.00294721317861895,0.475324992578127,0.056950884844687,0.0134305921292351,0.530488005725276,1.23571487598269
12.25,0.326118370936198,0.574418999991695,0.255797179196715,0.753886712849074,4.56114407475542,1.34170342396957,0.613781752604679,0.69985285945147,0.0582937191120163,1.11657971156613,0.239767492695193,0.504171341305948,1.17559091246149,0.597527081353192,1.14279861967503,0.820788612045823,0.908974248703453,0.899997530696877,0.24697583243792,0.352950641275513,0.575806745033314,0.384265498574915,0.506994103837093,0.674823531816237,0.558562121177519,0.600129028969428,1.99344689359564,1.05134526129086,0.570277416562106,0.212405994382529,1.12941804822953,0.492762643954766,0.514020696547348,0.897903058527294,0.816658884289225,0.354524416672738,0.209112498961021,0.463723731984915,0.595296060546715,0.861482401076128,1.04119012973863,0.496854862118701,2.56226001947756,1.12151325691272,0.188248380997015,0.827812191291797,0.142320565962667,0.724448256596886,2.02623717976611,0.753186807385695,0.906816242601896,0.761254876539473,0.0978293573982272,0.482304441881907,0.464637610237598,0.376379032955005,0.804664095675933,0.442973410683009,0.867902994695362,0.855706202424534,0.408483727085738,0.486273845758395,0.0394930166508951,0.60954688033409,0.762806481198588
12.5,0.162369326790986,0.369000024319005,0.263071414241627,0.302275770301391,0.671933530967873,0.602167691759117,0.530067601185193,0.0814355799072843,0.752743038793067,0.198438988378437,0.138229162979722,0.305061248660416,0.167645657540235,0.0502089081017796,0.68350240836498,0.0582926839577984,0.310214642680413,0.25949450889954,0.0276442187296698,0.651429796750756,0.243786996555814,0.236675469684748,0.217413315150115,0.0938280396737455,0.0300100892839924,0.239335814008762,0.567680325929617,0.0501801586635174,0.0271631536954569,0.169478715926384,0.618699501822232,0.0326900902041084,0.312249416598181,0.21515182968954,0.072230473802189,0.208515864689587,0.54456722079354,0.0676875623466883,0.390161926626817,0.260847906915964,0.254391811699842,0.459080104478721,0.44077410127768,0.0816540192616911,0.941028912733631,0.256977964167453,0.159162759329569,0.302082364722885,0.304100112187314,0.166037819335348,0.503896856699661,0.185276678464122,0.156200792556288,0.304812190188572,4.97565712757059e-05,0.167466218827575,0.368300626131293,0.0494670019193989,0.786971209924841,0.190300694575419,0.793709036292473,0.0314736118332905,0.185754569185498,0.73977404885976,0.0972117938559016
12.75,0.0802959478130221,0.0845956217419442,0.0574971832780046,0.114288924725157,0.0485939119100177,0.153655567350729,0.0695233714121897,0.338474296380227,0.0299354507100863,0.154876762780924,0.403243967471564,0.0225610705197025,0.42593983970709,0.0249668928397175,0.560086492883079,0.147742871055888,0.0884843444866607,0.377180255845024,0.222809209485387,0.0175176301788422,0.295336910364979,0.313897739083756,0.0753139336367347,0.139280047197947,0.215838250510797,0.0104658002072721,0.288161511423058,0.186350050226133,0.74690643764957,0.0952359680297271,0.703118554976912,0.0305274005811958,0.270489533229,0.285280655304807,0.0786918258985734,0.167013159604254,0.0871375027518547,0.223768536443881,0.0363703987409468,0.0685255766456209,0.051656527302902,0.0510320887045181,0.0712997371478873,0.294577378408327,0.0413767175260225,0.691979713669196,0.104562442419997,0.0151541058450579,0.210146990796611,0.0444480452108033,0.104020963903976,0.559777093682053,0.189030716137867,0.0864762258973302,0.530967114724057,0.037208085527868,0.806776256367213,0.0832635136991492,0.373539768559225,0.415593777145489,0.683401701223921,0.0262199261602384,0.105172226530667,0.087024016768712,0.476349526034258
13,0.0605021192705163,0.0882017000958023,0.180372137999865,0.0174886198409576,0.0236216685483734,0.027940199167916,0.341255538991239,0.320306298282965,0.671207421661747,0.598306824643337,0.0276120031902959,0.0542781092112578,0.076460124437307,0.0970497820505731,0.865827251618034,1.15291096336367,0.0771150036913859,0.032740654946118,0.155715377398063,0.133242420466516,0.0449959749979628,0.00156224199154463,0.186822552054726,0.143257946840132,0.0370722436174214,0.0194241977715637,0.0800586935661854,0.177157843003423,0.0883494746019381,0.117455370311792,0.131841818628264,0.484581881339208,0.144565604694246,0.0195594704161399,0.0386747816893215,0.116804387740758,0.23355247143826,0.068903120505946,0.161160033353761,0.042355436257031,0.0911134274788989,0.0103171812310922,0.0871305644682668,0.00623707953936674,0.667361979894882,1.13931528982596,0.0983480274565866,0.030177435791584,0.0226711419269953,0.0429713744462749,0.49219500262333,1.32060066797683,0.0833095708109237,0.0526951094034669,0.0687796088086604,0.0240967399983639,0.152490202794729,0.0921735047877732,1.8410674731923,1.69196668077714,1.3090785000846,0.188885160758558,0.244604661997493,0.0125544966106103,0.00168032951715196
13.25,0.172946431799277,0.0364758401603928,0.128041197695344,0.0585365011881501,0.0701917572783875,0.160879542293825,0.0163006861142501,0.0684263097008574,0.0483891668874423,0.140976577466579,0.130328907256516,0.0678470260564343,0.273652612594132,0.137878104552631,0.184766709318371,0.127549402751902,0.0721001331199173,0.0828447169045635,0.0442561010541865,0.0373262922660549,0.0727593633494865,0.134078508380649,0.0160251690000424,0.011489747185987,0.0661891166110035,0.0939054706453216,0.232036641228558,0.079572179016526,0.0280293488771899,0.11190057697318,0.167637806797641,0.287232904348129,0.0919355828092435,0.105646095340534,0.0342474356733414,0.0678929830813911,0.00561126023496832,0.0119573255046958,0.110950616093969,0.0603447167119772,0.103386087887184,0.126260883443146,0.0863221182317548,0.0462434378004876,0.0126897143746225,0.451319306276883,0.170574368077353,0.039257149573962,0.206569435890607,0.1453172410965,0.11949947868,0.0210183493696349,0.257229622832508,0.0515366911531521,0.0581878192392533,0.101129797849879,0.130905617092222,0.384004352944485,0.0833255766148027,0.0561379155021499,0.255325307571549,0.113723170881172,0.0169510770131393,0.0724152446423566,0.128587156693125
13.5,0.194114920070496,0.462931141215522,0.147418840641125,0.539708856797229,0.329785699884484,0.143325572479462,0.684766511808429,1.021407084765,0.289896675041475,1.04613906551379,0.101671795455816,0.528716465364772,0.295250102400757,0.532501190808934,0.268003025405748,0.86002611941068,0.350347440473594,0.337092988753826,0.265181469822049,0.43799763349829,0.417231507370051,0.320574278674654,0.518873235259305,0.0964083699547173,0.11952814159099,0.341417973328954,0.406935086299533,0.533048490247054,0.204756315188296,0.338029783431583,0.139225363379494,0.356476161667004,0.202966738945777,0.513026703057224,0.397813723709145,0.03471474581772,0.658621942938838,0.464034064958217,0.1763844762938,0.5630372129905,0.27523606611147,0.310725742479838,0.631950049019401,0.324145529605277,0.630147832386943,1.89735807290417,0.0939820743215127,0.873788674189444,0.19338897324018,0.388404001597389,0.501209514701427,1.81673137561581,0.126722894870554,0.550740952986138,0.120241543874778,0.491288140848588,0.100549690064554,0.245031553820226,0.364089322233611,1.82559887498685,0.0121616817086668,0.224315359822602,0.289394410126331,0.340988693280483,0.443987812980365
13.75,0.373960196639597,0.0784440617992477,0.377846633038202,0.0803231045400316,0.00673120050200549,0.312384517438622,0.160157105164085,0.225049282570479,0.493545815206176,0.0673998327680121,0.229159028936237,0.0518038018055421,0.217036791824826,0.0856732873771829,1.18696850173344,0.22370218843787,0.0835779286428494,0.0745322808833406,0.0936731135536686,0.0183596776073319,0.0667568619603868,0.135270897492529,0.0254098943031807,0.143448498595096,0.289339577450276,0.0679049469132652,0.226873459573047,0.289101959335467,0.412686048509519,0.0588468672281392,0.551497051499437,0.145451007713732,0.197644607373016,0.0517983633882316,0.00904210079141063,0.211202454698196,0.0673845111952961,0.0775116954174322,0.238859788041781,0.0238192715119493,0.18938771314199,0.133176714435856,0.0759722894343083,0.301697346517894,0.385618124721898,0.0550714673700133,0.42578821706985,0.0391624642510224,0.188417659922779,0.17230652959868,0.504087264549588,0.658051583025591,0.404350085071938,0.0393853301614939,0.306595113790978,0.0242605708331101,0.444745265943067,0.0813926608868219,1.8617461461591,0.549739654397337,0.824973317925577,0.0141586161609735,0.11455892293671,0.0752136680888995,0.0422533395414971
14,0.12014487293125,0.242192915711461,0.0493686313960875,0.229701112206751,0.0157575944840504,0.0905253657430549,0.0934879612535773,0.115536098830949,1.0048237516215,0.732759044175851,0.033007772679089,0.253616434241762,0.0263602062983639,0.126646579291438,0.875895461027225,0.351220639052023,0.0506941707696543,0.0999673778615774,0.184858227262288,0.0303454994318754,0.0664843383039688,0.208779333707391,0.0163675756669904,0.0369781953018886,0.0118558981190898,0.19950661411894,0.158481870735922,0.00159901230512939,0.000480471273510569,0.122436728885845,0.0652418954408005,0.142052931823859,0.0593715304712008,0.211138272489491,0.0535619895770824,0.165932650170253,0.00231301942396623,0.0117228443864519,0.0317456885942154,0.18969689922992,0.0429119289586105,0.183322171940419,0.0514416487041656,0.00405638767135695,0.319367374336296,0.725483639016427,0.0432523127114841,0.277068023084461,0.038965575249593,0.0950644138527129,0.347506321818264,0.37109547509052,0.0740858043341744,0.215691067305435,0.0305703134096801,0.17144560277078,0.100698783687721,0.0905368178745655,1.10225716810623,0.832994378722672,0.7405234322252,0.158240059702272,0.0613366813267249,0.099265125245527,0.182924378479302
14.25,0.179771460317166,0.110837049781147,0.161160671979541,0.142779316801853,0.297172464953517,0.118607334551936,0.146605656359809,0.621622245569785,0.235320893744028,0.512463896002318,0.143748436874101,0.179495927923106,0.403169505322979,0.181187654508432,0.864020424532899,0.692223442156079,0.137791395990565,0.109563633184438,0.0395969180834479,0.118287466566745,0.154636767501798,0.109766161265308,0.097183595149664,0.025793193372086,0.161655131252081,0.17983538256716,0.291798958576328,0.389070096199663,0.0840641183031247,0.0837698415455029,0.403909985508788,0.290062655999532,0.155430807266155,0.104825845112326,0.14691317112832,0.0254737367281617,0.103599488273501,0.219990667458701,0.159019390885708,0.123810630969459,0.205514224999528,0.153410123081798,0.201566274477708,0.253576617953092,0.139156268464439,1.71569264992072,0.124133894914743,0.230470693950011,0.308586879632013,0.210860699480287,0.344746632566197,1.76906856625322,0.155077797297816,0.145682324919226,0.125051429998231,0.1454437207035,0.372173851311242,0.0713560315382565,0.795965708684138,1.3054536567302,0.603901698740463,0.0553134339473125,0.0315018103609345,0.558315050975293,0.0921039699069806
14.5,0.0893603931334521,0.0122276353744244,0.250957408121004,0.0530723248348562,0.111885655945359,0.00809234278911476,0.1221162802466,0.702135782241598,0.105724128237649,0.602002358585327,0.062885573308974,0.0924649640902373,0.267716035880505,0.212991982100185,0.0820106371544079,1.0221179492192,0.177707346519123,0.179368340013865,0.103449891201958,0.0312297561197733,0.259229495190302,0.0792644136181823,0.107647821433094,0.00389371899546095,0.0584126116796553,0.0649899686598463,0.114682972898371,0.308520775858846,0.0575924050135341,0.154539579329667,0.119096590570193,0.335023614495431,0.314958980514738,0.0696916710671215,0.14007201107817,0.0206022504206974,0.118151592831083,0.228608701391648,0.290607212035976,0.0228559441577704,0.17999308538183,0.0494826406318479,0.0712954481689989,0.100833776757585,0.0606947312892524,2.15191276548352,0.131619488102076,0.0516616195119317,0.0719048572426937,0.0994110884092421,0.125066062019532,1.44852580741993,0.0788536989062384,0.0201948767470705,0.0308606725283667,0.114854124786347,0.0237918171325955,0.561742890570295,0.117415711150467,1.30999098744274,0.0887466994437582,0.32739921840852,0.0446386320635517,0.366600764147378,0.163907072993606
14.75,0.0588253657351069,0.16986088042153,0.0277477145728158,0.11708374953079,0.0545697133557771,0.0158315207667731,0.291068704763686,0.232696977143907,0.435334902315352,0.141034461253489,0.0837231045681708,0.138730472195033,0.101734659097181,0.140541070529188,0.47667220351029,0.324426913176596,0.122979618222903,0.0620621785627671,0.127712734406122,0.270116141960565,0.0254958900631691,0.0166405808206421,0.15513314486349,0.0868561076721387,0.032767309959528,0.0973237357390837,0.0212164137716257,0.1363373563319,0.118248474677912,0.0717925807026864,0.10269561425807,0.468790924126855,0.0347081065948316,0.084282509650926,0.0831905063723681,0.0265408329742821,0.25819341675334,0.190167958705861,0.11951709887938,0.162749852408191,0.00169006953587917,0.0293222540763833,0.0766381811522206,0.0973919990613072,0.512596835134997,0.390898703278051,0.0509030513366397,0.220755698931191,0.0106750249084349,0.102463302535577,0.316408420936226,0.299650245742342,0.0993314487977981,0.145699595892948,0.0820356887013542,0.0675435992713629,0.116362733458074,0.311802285422513,1.13162480333979,0.145874088664773,0.297210578466015,0.107238781649689,0.134368727557898,0.44733888061175,0.0719264429707143
15,0.0846335371590766,0.101373861368695,0.0815432863983841,0.130938241574109,0.0314239658867639,0.153704258266752,0.421665143060306,0.544825779407295,1.31098725466664,0.137991194179618,0.128623714952721,0.0664826750691163,0.301212141149875,0.393779747172002,2.84700051168133,0.100853730296475,0.0126932640758492,0.0543114910274933,0.293942818362331,0.0334124791856485,0.0971895157068,0.168248285402483,0.0276985044625943,0.161375231516132,0.0732224487430777,0.149208652584598,0.223587924026236,0.256897450972143,0.307796940120006,0.15082675512396,0.299402707795725,0.625943800907082,0.00705893193920315,0.108620379351771,0.0837978904570133,0.232196824673919,0.0217023589313233,0.30690970248818,0.0337980329297047,0.0731634481709692,0.0669886264376435,0.177509087915873,0.10200779081771,0.200627317608154,0.797194313972636,1.02337024399146,0.164245542414412,0.0749570933792024,0.0235146556536785,0.250656608606899,1.4970483925037,0.32147206741461,0.149338417181523,0.0889384238740281,0.126931911940196,0.159395404800043,0.445649217527569,0.352629177830629,4.52418358880854,0.206249782943185,1.6289847063781,0.187627074949709,0.106912730923428,0.0908471837793444,0.18680782423567
15.25,0.0745414559548781,0.0109165655008329,0.138573925362763,0.0610701378096894,0.100631101113998,0.150407864435629,0.276204131479842,0.286790633189449,0.145256218528432,0.0947557169585048,0.224912692476217,0.0201503151871647,0.109614790383043,0.331528172559327,0.67905367350843,0.625174197336753,0.0126460119536302,0.00451163262298907,0.0391364151868108,0.250987461433908,0.102077124353084,0.0286427198045615,0.118923310668284,0.0530186918728564,0.323280545350912,0.126880297975297,0.20591574376054,0.471103577388709,0.281341456299771,0.0308499104703708,0.0979135360617764,0.764912119697724,0.0386155146074291,0.0388772638906041,0.0583938623311585,0.0238407347061874,0.289177240220429,0.0889897455197753,0.0469784721803336,0.00206878729028651,0.158578027760075,0.116191754882325,0.135552092012947,0.242576474245045,0.27793145123505,0.320465081653411,0.221751799329674,0.0185643413579247,0.225047928200344,0.320949283004514,0.396251641435309,0.502182424878777,0.164226303310558,0.00729738935383853,0.323757760784014,0.0592191802878944,0.0224319667443592,0.488300044805599,1.21425299511706,0.241548237967284,0.20128507832743,0.178913736942648,0.0582091241559047,0.42337222768625,0.0316116372599886
15.5,0.223890442428603,0.0913520439503905,0.0505224435508857,0.0960512031013577,0.0930167427199428,0.374484356790488,0.8860354989032,0.642756944561201,0.510615699396252,0.539455524443933,0.20591961905869,0.0987390114322686,0.550038605528499,0.180442261601288,2.17358192830397,1.05583275641941,0.00757477959085321,0.0127806423128428,0.244889582270313,0.607675643025115,0.0465691494991588,0.245991906310927,0.285994028223226,0.480366323060029,0.18607128881537,0.114516168549063,0.666848144065019,0.382537101219783,0.434955998921565,0.142305431571501,1.01985767345255,0.478425708512897,0.0214208336143537,0.0538667215088602,0.145217077835171,0.496865997055913,0.501624076184505,0.389051908806879,0.00307580020260932,0.0381931164369502,0.0626165326871246,0.250551547129142,0.334175748885382,0.504118460323351,1.1076135030755,0.698633071424153,0.0862772668983317,0.0400815678745977,0.336547463792987,0.216962785171054,1.43462598258738,1.00569151211562,0.133413088056849,0.0789460624892387,0.320835715951856,0.137988291083373,0.937973566176641,0.538860282584025,1.75425159857251,0.997160621638033,0.629220614025262,0.373327974914432,0.487699570810438,0.397840101239486,0.100826346376196
15.75,0.0371916893489721,0.0039233376111942,0.199139304857384,0.0659329150015441,0.215312908490102,0.0725198277263951,0.0104912224088933,0.135444381114766,0.613178494626146,0.111979746697187,0.00394449871811825,0.0101601306231719,0.0331073977543184,0.0201946042253085,1.61215484237943,0.0238011071061208,0.107828459291509,0.200824338990947,0.0902938316326634,0.0770179191562859,0.327602413343116,0.232867037607203,0.0356292387565442,0.0894781511249362,0.00362353722436359,0.0100198353043521,0.0247188260402118,0.00253287311549036,0.0354575979659869,0.0494820635505142,0.221300585269304,0.0246345020646629,0.334721344925222,0.139070358615356,0.204781140697253,0.130572002874368,0.0298993395108517,0.0867793952314485,0.149854048608657,0.0237725693460431,0.119416976473512,0.095232533134544,0.0602465686062897,0.0339642983586316,0.106769357412452,0.316163450906275,0.0342254530506761,0.0012693706219093,0.000951756231766782,0.000821061468916883,0.381140404772019,0.0548508095999643,0.0176588664338637,0.00434805466788063,0.042383797747575,0.00380437965667432,0.503787480315947,0.0708231828109893,2.29208933448403,0.0931795801883613,1.61122691315519,0.0888810214767452,0.042908499940319,0.0805888763381568,0.291422992993791
16,0.0143306617609727,0.164173964356723,0.170676074891067,0.077420282976237,0.218539386357896,0.0167112673560414,0.215024281740012,0.135319690214005,0.173221105157061,0.118789126013053,0.0892410985518324,0.228245506291467,0.124887069419727,0.243032498285948,0.0294534705264572,0.204804965194832,0.0786924534972546,0.136212606475404,0.0961830199085881,0.165594997566399,0.198745754940196,0.0899872988291095,0.131520023661578,0.0517300188367741,0.121182749483832,0.230847518049657,0.206812757022195,0.0503541811881292,0.123682620981391,0.24879383546666,0.068831410355194,0.19973568232588,0.161095270968799,0.102899472032865,0.108322841701387,0.0285847246732349,0.226936640135972,0.174116993357077,0.0161254753846663,0.115097154894961,0.228633544117808,0.0611333048753884,0.164177610311973,0.0212094704393938,0.258018335749374,0.161385053543675,0.102752978395268,0.160853664713933,0.110430942114084,0.157243596318669,0.095174990347371,0.112451385389914,0.0272959480013624,0.185747662946736,0.096214720234585,0.223874042709188,0.0694978605754711,0.29038496818768,0.03226300279351,0.17524253862667,0.720867430128621,0.226313495330694,0.0931315894955895,0.157100565293761,0.178750502244497
16.25,0.279915955500483,0.0244934147120234,0.36900400577836,0.0218222238763093,0.267914311123596,0.00103996295069795,0.0374484772640954,0.000480921447955467,0.893298019909636,0.136966343258197,0.172129793118523,0.0147070313630353,0.00152212011184634,0.0174864906602893,2.17381346874863,0.10361943967485,0.208982127907084,0.278132153542032,0.0351590130370933,0.0351222162511935,0.373199409592422,0.068430220574999,0.0621463791310766,0.0336023180258884,0.168301538102587,0.0400723222102468,0.0207121547684604,0.021292886407246,0.0402088236869879,0.0447269235457348,0.0661531296540445,0.129445516308883,0.325766536161306,0.208391936577755,0.148902285436802,0.0009375023909713,0.0195953771799341,0.00905241921889785,0.220890563678552,0.0968785973832966,0.339127186108714,0.0112287070315731,0.125256406249731,0.00829528150469498,0.165897852013557,0.0743800743264301,0.250648239941368,0.0225077463145002,0.118851117217174,0.0396767813832975,0.373882441670799,0.00343878228374812,0.182295932659183,0.00366473408198013,0.149414492432401,0.0426211020248968,0.348328317949325,0.228288408353682,2.9684525015366,0.00277041504208697,1.69675042943765,0.151258251015403,0.0224037924969302,0.0283334040145197,0.24644817262605
16.5,0.0380912946074347,0.201149550881156,0.0110829500744832,0.0621833829916815,0.401369208083036,0.00332580206173411,0.000557811816604181,0.385467321598504,0.392008967912676,0.143922083222711,0.00701586447319286,0.136269454716893,0.15765395096853,0.0940378720731208,0.714489358675649,0.103784118174366,0.142663236164233,0.035349915393208,0.178393109349854,0.0411554160487207,0.215327439846413,0.0568059115286058,0.120896274242348,0.0699933470520666,0.0556458875990621,0.0934421245053142,0.0638090478791278,0.102034453432978,0.0604117917967994,0.0825959779635529,0.28295465831457,0.0759112789603186,0.0172248098756739,0.0652606479972946,0.259839853456417,0.121134011635852,0.0174482559864396,0.124916627333986,0.0922093964347788,0.157800929979655,0.207642571420686,0.00832714242731368,0.151026439588765,0.0617435916374185,0.109907522179706,0.812401437402799,0.00887708845927587,0.0806624499198322,0.115074385556551,0.0631633074048076,0.0852620168394781,0.53073922590347,0.0220922228499033,0.15461223974149,0.0090277515296109,0.0787179880454931,0.401814949382685,0.314788582770795,0.596872543228009,0.362741669701342,0.956081613788437,0.102326681867929,0.0878293280518117,0.00741950411886236,0.142937395386592
16.75,0.0918290864679308,0.135497979269636,0.201889959192244,0.0601105200580466,0.162525374412604,0.0784199977362251,0.0120965513880819,0.655369417479831,0.0360095080345555,0.247487538493168,0.134197022875799,0.227517527348262,0.0442422396568383,0.260647230107966,0.140893235051551,0.580827784995862,0.0974934831670942,0.227439679045217,0.0737329701425927,0.0166280124257083,0.191068904117285,0.117955569798663,0.0836408379351574,0.0450073804574255,0.0950647485808363,0.251140546878027,0.0332309662526476,0.425212669985599,0.0137671300824694,0.0548029535144308,0.0418873588253111,0.496716484541282,0.230130766493708,0.0991954464309024,0.144214211455959,0.0372409059059389,0.0237558696695319,0.209527473561845,0.136001108573436,0.0815623243572157,0.197583977148162,0.0234268883313317,0.152488419036538,0.222432982116569,0.015575639514813,1.0387052544074,0.185735624577405,0.186612724673106,0.0472053999795881,0.307691998266214,0.0185853052084311,0.962759212354016,0.139365605216338,0.139356958608588,0.019676082453379,0.288668530345449,0.0944033230185715,0.0128084568790445,0.145771655234896,0.516320273528817,0.210240527801894,0.0418371777341938,0.0425554116267628,0.0841620698530452,0.27242683275637
17,0.0265737342111061,0.0205494244511359,0.0379454629695066,0.00127628087773415,0.0894478674396796,0.194795939472265,0.154296840637358,0.413826656087248,0.146706135241118,0.0103917910036072,0.152557339481326,0.0267270436125663,0.101296735030992,0.0204331739013772,1.02254431177826,0.0512069885054065,0.0420448539088832,0.0377966937761139,0.0483995906920257,0.371243652306859,0.0629772750194992,0.0235541238633099,0.121695051471558,0.377738312678843,0.0592327073242553,0.000465928565495581,0.112836309940836,0.229644087406873,0.210536925775786,0.0561476220394478,0.127374278677249,0.0214720953983725,0.0362762214506874,0.0121703435792121,0.0561986615563713,0.223590665805644,0.114903329258529,0.43883608711489,0.0119462529069757,0.00061497209666952,0.0227799612468056,0.00913212405588223,0.0876729103394375,0.399123382418664,0.0872575266617881,0.190273520576421,0.0221145392232817,0.00496667461397816,0.00831350476377661,0.0501746612904601,0.401082895612722,0.281756890785828,0.0828746493485193,0.0292817451668918,0.166440109131377,0.0153412651023166,0.290237580355851,0.109626606099495,1.38347629013965,0.0304211646101708,0.56950505739118,0.0513508166011162,0.181131777029387,0.214988550676061,0.00362785855564212
17.25,0.0158863681142506,0.0027619448052486,0.439019735226349,0.129768156941528,0.665389983325717,0.499880923931452,0.464788959473188,0.428826838844712,0.581543671822621,0.676271768624398,0.0475775254772409,0.0549973138320565,0.0375347769499851,0.968166218036804,0.403434592474907,2.30098894823219,0.165543525979517,0.337031258633912,0.493866230094936,0.053243927830156,0.611365377851909,0.406963136180012,0.495254709470307,0.131259655107242,0.0813706315202617,0.336001195362064,0.198110237825137,1.15717267096857,0.16002784333511,0.360024593597702,0.0742003048308071,1.82821680350659,0.433278661009083,0.277874553564079,0.74731320471962,0.418275359554581,0.28160805048758,0.0517363886466494,0.136198940028809,0.0772808760125239,0.521108468532394,0.205262215345884,0.756645837628238,0.440504351381664,0.429897441125971,0.331231371015871,0.142538268504872,0.0944425061053251,0.0923875036185554,0.73964337855741,0.401273710943051,1.42382407775598,0.0340008572302767,0.00615747555246276,0.0115756694952759,0.387084919010276,0.33388675512088,1.37684707392191,0.880781413734429,1.60081324885972,0.656585134796966,1.16688596873111,0.28220271050613,0.0593030012129294,0.643675196417241
17.5,0.403576550255691,0.383504841340605,0.312708414840855,0.271466369693602,0.231925779056722,0.0209911128237006,0.912103117424658,0.518927959579162,0.556459714389537,0.50977077905844,0.479475206785184,0.278940305887625,0.142999463219239,0.157605767540565,0.80657938382063,0.0637655552142195,0.474836307160466,0.423718607821202,0.0818045146134168,0.457872685962663,0.0752985569852211,0.0926849783831045,0.519472357500834,0.453522412332439,0.118700452738915,0.112995194085234,0.288174840869387,0.0740006968870435,0.418486305461416,0.31505598096512,0.0779367206954814,0.161856891107469,0.397524042871959,0.340998270017473,0.157685888865168,0.0617492092881105,0.717963894911401,0.767807694970376,0.615577172988141,0.358688782004343,0.0217907374933753,0.0977886503710057,0.711429445993018,0.286072450090043,1.15510346568398,1.16359319859294,0.380031282321239,0.17103148878746,0.138798740197755,0.0486906411344274,0.835208725058616,0.13743876707074,0.573343350406869,0.316998165589054,0.289468028238011,0.181931856228494,0.0084100054624907,0.454631999894814,1.74045408192002,0.138400986570379,0.224417927116078,0.0674030602028038,0.37130538050323,0.656170467998685,0.219667838872343
17.75,0.145589573552413,0.157812424163762,0.313918107513315,0.0537058853018924,0.347036037964337,0.0134032907041827,0.336497294823851,0.457292829336709,0.047402855297869,0.3831449596906,0.323623328080546,0.131159208259116,0.130716846684647,0.315344699735827,0.0943934866248251,0.472419183076345,0.173875813891601,0.124822314664944,0.15761695448349,0.789413876331073,0.0840437944742137,0.11666876883126,0.575467309888125,0.208348330154801,0.210268579146913,0.0896929281976454,0.20331951372997,0.0594600629925328,0.187159890619386,0.258065852094131,0.0272529669904175,0.470066607060249,0.191144896287251,0.0605952969379297,0.252283069509051,0.100326960928525,0.699868556304398,0.640198277035727,0.444784982477189,0.105214912847634,0.0528256825036889,0.0239689844514835,0.615867546369803,0.066815206899396,0.226132036165029,1.55824060998348,0.369233128591481,0.161607569477894,0.113349296440566,0.0814148070648017,0.0358706775571244,0.0459625845778213,0.226505354703453,0.170801067766439,0.234420091586025,0.119018390505833,0.148085167761097,1.29828209033113,0.134677839389453,0.0271600414027459,0.346503463473879,0.346337148188925,0.434130763968044,1.10320269040709,0.129903767262956
18,0.0926246568076236,0.134134307534336,0.0909512441261097,0.23535995738868,0.177141260147097,0.650937673065144,0.830178023001049,0.0542483395662143,1.73300637296662,1.02237587995774,0.0587186115228212,0.0635995739954627,0.0135057008888973,0.0203086028235095,1.96764208425003,0.412315202423469,0.136681250672063,0.232814877069951,0.830657386032725,0.0215106118265718,0.292184057650444,0.752009508330556,0.0937768258545679,0.436949114289062,0.0543214449767004,0.148315427714846,0.417764823170651,0.0345639469662282,0.0586583887178067,0.042008584156599,0.197676165277176,0.0598351082629559,0.223203775014355,0.239936447447855,0.212852634214107,0.905113969615757,0.250632761815825,0.0437949828573709,0.284089246847656,0.110888192643707,0.109616170210609,0.445427841755819,0.484994289305371,0.221249587402647,1.34381909059889,0.551400157033047,0.0514192121713953,0.163942172232452,0.0615099065095754,0.110308240590496,1.31869696318577,0.424800393402785,0.0405601306264157,0.0862138526549517,0.100060035567907,0.0637413700083892,0.263026749987244,0.027076102551926,3.56371222056622,0.910529011651728,1.23052321966955,0.302078999795955,0.170959011321248,0.230228895711946,0.514394565839666
18.25,0.145229302047873,0.102091080760979,0.202756390500734,0.0450834093347491,0.179777343386794,0.265912009020415,0.0709403139831974,0.110165641121399,0.226153858140882,0.351615248160364,0.481760087868149,0.206242593371811,0.206287527840483,0.211684225991125,0.23754688330928,0.0664786759735359,0.04668674520992,0.133611306780443,0.696491639585851,0.768860588951714,0.266199030812904,0.436382841883299,0.440295389667798,0.665667276698675,0.129756711913431,0.0857200273511189,0.0154199721677728,0.0100644017897,0.670789890089713,0.354737587456535,0.281765111001627,0.250464822624464,0.141906683815204,0.122721330726762,0.389735655742977,0.731489904526715,0.40521819298615,0.621281749453972,0.0683650473868479,0.00622979166838027,0.147500626854128,0.0818617740466049,0.139522104153417,0.261393986686054,0.0791358791442719,0.303885056434097,0.325871692345602,0.11568610092826,0.00703326493432372,0.0248972676698001,0.0025544824000256,0.0678195015773943,0.315687510241654,0.135047888666776,0.341700661014091,0.178642984940873,0.635490273517792,0.546453755122924,0.0614392805108908,0.208633317702955,0.456987776269082,0.25192566248544,0.816024570630446,0.670642962315966,0.4926763953613
18.5,0.0171104603700485,0.101426509964375,0.117363754876686,0.0714393307985088,0.259754333825894,0.0937728223651364,0.119010165199898,0.209984638809276,0.0225916022429978,0.145839392654401,0.00347583390504388,0.237715218913365,0.00392539649476344,0.0472294003926998,0.156452435771656,0.0144675944271501,0.0779089205731098,0.0755852858907163,0.127717531882065,0.0731810089578836,0.165165153986876,0.00467827342172696,0.25965707675479,0.0677168481558315,0.0387684062010438,0.125876400062323,0.103984971996393,0.0373997474029877,0.0191970886876344,0.210966236625564,0.0268155814367452,0.0230415177353935,0.136678902255147,0.0482435350431852,0.281781834257375,0.00722397306835449,0.103923108612261,0.132600167057867,0.056898590667956,0.0888315606224628,0.230324709003099,0.0594497290110112,0.271403149022427,0.0950142300638741,0.101283698838,0.374523471452772,0.0377553843103555,0.132054631067993,0.105092674851313,0.0419796652201027,0.0462107710972003,0.210990952032733,0.00404178645278274,0.163231280845623,0.0133335112421818,0.14934797209347,0.0911511615132657,0.138989550162309,0.165595722208576,0.076242267641877,0.127956509911529,0.0452135756684832,0.0807224364826353,0.144954283836566,0.103942251986193
18.75,0.113102964139919,0.0442148228336699,0.224914412039386,0.38696966591458,0.264300094470032,0.357100934381264,0.319772479281372,0.110394378527226,0.744921392948761,2.54237297939326,0.156363821701216,0.0534256032439903,0.513227803857157,3.1648303288235e-05,1.04074135675966,0.829873849720958,0.101039814219331,0.387792447105974,0.423992133002917,0.154188380101043,0.299935390996464,0.513714800862523,0.33152156715452,0.428742158842151,0.216955622531956,0.117157515121462,0.311708758780232,0.00171717237873053,0.183739153624767,0.00502611033536562,0.512628957180208,0.0760385575904937,0.246088505169587,0.377719649396749,0.308975119405716,0.584612964677289,0.323283487506653,0.0255185401927998,0.173300386344118,0.0882486235626559,0.265007190182091,0.435780642512573,0.374082302480694,0.174434241689804,0.211426186769655,2.67213963760723,0.244680933921119,0.066184748990437,0.259829032353886,0.0514566998087141,0.456402364876822,0.405871214335198,0.177037580571816,0.0325477082478225,0.228604106774087,0.0188262081036387,0.402071147445408,0.372709704751642,1.31012932696179,1.97851886086051,0.61122956375123,0.723558659266369,0.344609943004011,0.746080951318174,0.418119960868725
19,0.155666385750677,0.325259157128006,0.78076864892268,0.090006569177055,0.159080510466966,0.150363830332665,0.421487679117012,1.51008867147724,0.0761374196795482,0.828068203698615,0.681914879540542,0.13514434616013,0.188488990987306,0.319563194335467,0.365538602910232,1.06702016906622,0.244589469114887,0.313742862251839,0.358289173894011,0.859759661291278,0.245701835384354,0.229238782448429,0.384625039595551,0.60874915926384,0.569215321829945,0.034702955191498,0.0708083459250293,0.447505589672471,0.390451232930362,0.428121649097025,0.0799340480640392,0.37146256933867,0.425685944043146,0.201202337516126,0.244243160751207,0.374573408995387,0.595236789140956,1.27565227041915,0.353822341406794,0.214412879472742,0.260541635480806,0.0406872342010945,0.360994185141178,0.587969365950988,0.439083567130459,2.4864255662332,0.935478085709578,0.0653664885622488,0.0423859255138013,0.119528996530872,0.259750242909561,1.51270705064102,0.60486899013463,0.235744372287011,0.49611349675963,0.223158390249401,0.31991722952052,0.597507838119398,0.342630480532412,1.40976952074216,0.0559701050143591,0.423526699184712,0.59170876013346,1.32012382125375,0.260711122542838
19.25,0.0797127418710561,0.154730317570154,0.173633679036888,0.111772924674867,0.184612915832401,0.235391337862073,0.146370295590148,0.0255192876161653,0.451058185189595,0.725999049786527,0.0122630557123672,0.0962234929179308,0.142897352029956,0.0397432328189208,1.95312161132924,0.301376874354058,0.129145337810929,0.343341264414543,0.0797633401549786,0.0202132351839585,0.189409275001459,0.332331680926832,0.0457616527310888,0.0811077254148431,0.0017323124823129,0.0983151863026321,0.212157809841686,0.0210097700907906,0.0754439369856274,0.129335835896226,0.698283957353348,0.00409399469701318,0.383056522461575,0.248378399520577,0.0560368391142936,0.256450821779109,0.034972837519423,0.000668416899089555,0.0955524105202344,0.12283672229775,0.124273823057191,0.127484451764781,0.218806760324093,0.0433980261638826,0.350979428798111,0.466042073249044,0.0664131394705537,0.0521643128028278,0.0923389398759312,0.0777401716821747,0.479237363712929,0.0914191611945377,0.0753982995889328,0.0995534111084268,0.00739234524080829,0.0804158132519398,0.706894979588187,0.105968137152028,1.84170359683267,0.335452440484815,1.51669545060847,0.101299526621205,0.0340422337735118,0.165176623509864,0.322140661024363
19.5,0.259570778741333,0.209852840101217,0.150360940487604,0.142202793087417,0.247963707379481,0.0236988417632646,0.400228761454821,0.428015244412254,0.0566502569516609,1.22715452505186,0.320354750769146,0.294697351537418,0.42058866070297,0.404723969842811,0.0137000845078397,1.23968155674115,0.0360977489392312,0.0333452579446039,0.281457521179612,0.813127248826317,0.140938900689413,0.0369924273154125,0.59047069641916,0.621171401535874,0.307027371030076,0.235136025280068,0.0274856533556712,0.0312572768222507,0.598922150089106,0.532472017074638,0.225526406857612,0.46807727912547,0.0450933439388901,0.0119506471463789,0.371098171176407,0.159186554037023,0.569388320910656,0.565710003095661,0.0491101291055505,0.129480979820511,0.131559668897659,0.0883846553723704,0.33480975277731,0.267439450897517,0.562979322580121,1.33279096978625,0.305149919034229,0.338882561841366,0.13510942158522,0.133171789642463,0.129117457492117,0.993773345737998,0.288573869459941,0.342923555692374,0.273550961154413,0.379985666866879,0.385596229458121,0.790504375891459,0.0678026752995417,2.0504260890279,0.194370069329453,0.818457071250411,0.717078135278715,0.368833706293035,0.156286257214344
19.75,0.424876036172401,0.285860292217719,0.219954359870466,0.299724397736356,0.0194905194749659,0.401118505176614,0.456442879827306,0.735481636102773,0.558906294674355,0.987446676392292,0.605058233688023,0.257688178983693,0.194873739012047,0.0401403253225813,0.86239944880919,0.964736580415888,0.314531252554508,0.211492595581679,0.0211982486687104,0.105665392527583,0.0516636323666762,0.233564935548961,0.0500127076885764,0.0266343539286832,0.44725311796984,0.287274988023975,0.111123410699958,0.124043447423747,0.502115967632536,0.0523000518914046,0.0596005272788042,0.0595060345628443,0.218711801889273,0.290577085675425,0.0054145056133521,0.123766037848645,0.149506277489237,0.305900555921595,0.514877057079688,0.30056946988256,0.117773216940733,0.312231419984305,0.145874771732357,0.159408364807186,0.583564966924831,1.70811978754675,0.452401020445668,0.25902750462173,0.138782455048808,0.130818582112077,0.762761719906095,1.24267756514652,0.810593912726182,0.240808255423059,0.474288043592884,0.172271754149326,0.0426011468572878,0.0520186529291531,2.05457734910206,1.28688801416946,0.262786454928638,0.215032918975345,0.0154584328673355,0.500982586987685,0.103782861902931
20,0.355412102407008,0.327088275231983,0.259847781008849,0.472944208354746,0.542137194776048,0.479872121352279,0.978745926353382,1.82360873111569,0.180621779874356,1.98615710948839,0.619617094719316,0.225093567117334,0.60281250158187,0.188570436080342,0.617079030639168,0.0616835375494111,0.391078843654887,0.492307708594045,0.0484951032356458,1.64095152055628,0.217389653712521,0.121548487887428,0.604163140472118,0.787335710509872,0.362474723448839,0.363906171582747,0.576412456157929,0.349374222780605,0.834109841660677,0.225921307404091,0.479676850638424,0.13673648382144,0.249094231598181,0.408146255116724,0.196308992213077,0.132556137791015,1.09418588505508,1.8413867790868,0.347216081740613,0.402605559479618,0.263496090722043,0.299492897301628,0.84444244399529,0.964733646092353,0.94480512745625,4.58072639301616,0.348489239628117,0.558518241104336,0.447950550364639,0.330428136567774,0.549777320393783,1.27257666515542,0.488512976813383,0.318463707287559,0.694213356346982,0.265163249051057,0.838507769293268,0.157362832596732,0.302203765040232,1.39232679772741,0.416212768971822,0.0188010848973567,0.510855078956278,2.73998584025721,0.258746481976041
20.25,0.22004902860528,0.0247062733398221,0.608428506715008,0.0297250871804413,0.223931907243672,0.12444394094308,0.11788838460793,0.0225626815373582,0.400872707677113,0.0440669538642489,0.273001349358133,0.0158521505243195,0.111772014884514,0.192462216605063,0.907879539518276,0.276185089027787,0.0526994662397095,0.0619811930750472,0.0294736169313517,0.11470037299568,0.253136536413244,0.0104439217472512,0.0409731272748002,0.0191105595575252,0.398322002029585,0.151874069705207,0.00696329554482957,0.188194626689707,0.175190660604015,0.0269475270080928,0.184394729128526,0.266958658381044,0.225936598459605,0.062085722290992,0.111886971488244,0.00760496363865333,0.046679133011189,0.035900208384453,0.163207342574369,0.0524563854876122,0.485159363146741,0.0382432778026413,0.0276180439289523,0.0128953777216171,0.352984822207876,0.240767134468858,0.633229349896625,0.0274006546445847,0.0712707812709555,0.187869357230846,0.385051666643662,0.0454162656749966,0.207513740613744,0.017634080389826,0.246913118837143,0.0739060589763985,0.121330468176205,0.205628499073442,1.42486253738247,0.0362391016724729,0.421126477542031,0.0773749997696069,0.00889003761215669,0.177818024119629,0.0649255544933975
20.5,0.139578846531366,0.330378235071881,0.154748271104128,0.569500451663454,0.0798564358883852,0.0904312962556381,0.957906138638919,0.144599358256064,0.90169585881068,0.231617761882901,0.191626083987138,0.0811036011092176,0.0980678029774401,0.0103509132273551,0.792374453865922,0.627556750740615,0.243165450419088,0.516835757825326,0.352287863092123,0.0246253718215287,0.475353019007728,0.569516454576216,0.169763300527745,0.0970780449683218,0.0497495250037125,0.0582103321142024,0.235517534564047,0.0172754968142364,0.209171859831672,0.0458232926294132,0.165124315354732,0.00775764111622021,0.474531600103388,0.624667698834862,0.221452927556855,0.291169168651856,0.347029678440293,0.00951564572069431,0.163434858932809,0.406909130676109,0.1132273240518,0.329976589413193,0.374965648361886,0.00505029882119059,1.22732584691418,0.246609616541607,0.0946528953043281,0.315343884103682,0.035574620024245,0.0279508240506867,1.02722856326876,0.507508248586213,0.18456650466811,0.147611176412611,0.12860827316279,0.020801864843587,0.17231071863312,0.0760102506617468,1.60145439708064,0.436782104297137,0.237068381014713,0.189508643987168,0.147401213089457,0.215125605203736,0.646521940097734
20.75,0.115888137536756,0.15985077988429,0.00375308554759904,0.350608043490926,0.44070101996959,0.278548600970284,0.286856674393908,2.09539980028075,0.184969119266124,5.87886232870952,0.0224126621777403,0.139751851379749,0.0521458876273462,0.119831713968654,0.0917145149435269,4.40863678449773,0.200808723750808,0.514602067293158,1.40691029099737,0.0644779146912248,0.547422465334529,0.968049681715104,0.811736418052206,0.279772548815343,0.0250687090515035,0.113137428772593,0.182519979904755,0.457186242283238,0.00356491851962082,0.0603643230699653,0.0108295992301553,0.455550399196644,0.217003432342914,0.573277732689426,1.01733497629287,1.02635181637868,0.349833257465036,0.351061554445659,0.161268125362823,0.261532274624187,0.138138408418351,0.340516907207041,0.58438116607241,0.0672646709824929,0.19620704627693,8.18058045653908,0.0122514805431986,0.214846182395561,0.121630193799516,0.0163853802505824,0.202965719882931,4.99321297171439,0.067807619316172,0.102738645500891,0.00991540702743605,0.0291251680325581,0.0164649484933121,0.467656884063643,0.180909618667901,7.37215283022244,0.203240238067724,1.60602283777904,0.652423200494041,1.34702779898823,1.15301886068977
21,0.326448530282011,0.332153121444881,0.475765962542614,0.203145366360242,0.124664408029236,0.167761299371396,0.560064151781519,0.451585882224514,0.193440691730699,0.188950457833319,0.378277286814475,0.0700208168592469,0.0164506711788896,0.0189558966786797,0.420311455838241,0.671433311099921,0.472956776272215,0.458381932121666,0.0837208489444417,0.202111761945596,0.369414309311472,0.100425843854811,0.264180874714902,0.326616937599505,0.157224500158272,0.00680479023351854,0.258174258445984,0.157949075121718,0.231670533525063,0.0896211110247218,0.0274319064458635,0.137038002786275,0.580337676041483,0.339614481225113,0.0766939727933269,0.125202241637917,0.309769488073105,0.230104816453932,0.421610598763989,0.331952847479016,0.148506071696597,0.0107346975251076,0.363887117092041,0.261112202613671,0.392343672080841,0.434296272622118,0.379376425055211,0.124555638887319,0.0133299574446673,0.0627770498418689,0.508428498534514,0.525621585345833,0.287787044090419,0.202261867456655,0.195026324450782,0.0199975425803842,0.0220874674664745,0.221783911606097,0.704241994124953,0.380424308745944,0.00441790551034549,0.198802054796657,0.260006194472511,0.10830705489296,0.349726476908347
21.25,0.26204986522773,0.593700415700974,0.218900299558741,0.481569671421698,1.2235636290491,0.202705489676552,1.02082233864975,0.602959987432034,0.216993945774637,0.485912994678265,0.172884389016128,0.701575229894925,0.123603956461108,0.58180546767054,0.0110380492853739,1.7222624160241,0.28811470177053,0.104675994981709,1.02312249390267,1.0683924384863,0.570787957740103,0.00384351068446609,1.73292322920131,0.85014093988434,0.120157018680665,0.389808920818677,0.281292553763513,0.287808234886305,0.28104156386237,0.8179672786145,0.0581772181207941,0.946929763063694,0.245146443838137,0.249331620894536,1.45002794737912,0.32024721914733,1.38503646233572,0.600276125510289,0.39114757889398,0.514668931020957,0.368861367390457,0.185293193444895,1.49097476054016,0.425040151149174,0.864710671564278,1.09681729100199,0.237519718212728,0.604639914769814,0.0943107802567208,0.241103131000203,0.295027901287162,1.04385305114247,0.277111552846912,0.685899701217834,0.134631630451648,0.657822578472497,0.297688561317545,1.4391046086724,0.146184413735878,1.39465038694099,0.17301050186379,0.937268217926989,1.42408501973903,0.48972980983329,0.232390525306231
21.5,0.46403045146512,0.00874903317339575,0.103924495075808,0.00530392298429473,0.0703734119529539,0.162325770402713,0.223233605094451,0.253058748143267,0.0183931194687975,0.183393438805165,0.317823647686036,0.00338623676935892,0.17979545504868,3.24562658712326e-05,0.0360375445576417,0.524657011344894,0.0882966990748563,0.0508477121976053,0.212516858586994,0.743095197455034,0.0995498126154979,0.00810463450809962,0.156177678564289,0.377851007016244,0.218726219787076,0.0415934896314122,0.011774276790898,0.0332694369823629,0.23730084777869,0.0447191010140009,0.0435138905709913,0.035924424943261,0.140332797625355,0.00333408289822697,0.0237144827064443,0.159451620804701,0.449241703689457,0.337898550727444,0.186789578099839,0.00516942233717798,0.141588956171385,0.0309769861062476,0.0180782427765532,0.176868603514419,0.291830678849985,0.457712763277165,0.178974778178568,0.0207729592436445,0.12529129587151,0.038324692655093,0.0402154616688461,0.14627289201664,0.265360777000539,0.00111997968322856,0.26794009463181,0.00400701764777938,0.15456453891281,0.170601174970766,0.0719986098162322,0.317713331791868,0.13876293640641,0.221278762917003,0.385126713082032,0.518266731552918,0.0326958939868779
21.75,0.00985010122063776,0.0247919600070875,0.0502386776843476,0.452846319702741,0.272582113154506,0.361638471918033,0.112079211411144,0.0726178628156762,0.220782145231762,0.316931264360018,0.230047126959884,0.193960053809202,0.330184663165555,0.115770143753144,0.223579543228335,0.519844185280656,0.0825037229418342,0.297079921067367,0.439401646377874,0.178573579092247,0.126391777800172,0.737239380701854,0.116554639538264,0.408393667830668,0.362532336444352,0.327017589388638,0.260213655077051,0.0100320986044329,0.343969012185593,0.0469437781324443,0.260861714524561,0.1323367479662,0.0433655856533649,0.402354089582559,0.323660979685661,0.408155735800386,0.0103124832340433,0.195596134823239,0.040685333333309,0.142279444540041,0.174051798524699,0.556365321987277,0.102441691002396,0.303377841204122,0.0934463257234836,0.49465375431654,0.167559857469037,0.442728185826043,0.399039819682371,0.133694328539958,0.19470569626837,0.127230907940426,0.0767203619361473,0.0687552939371422,0.296246544209027,0.14428438793381,0.411004445133735,0.751791773230474,0.17547209510545,0.532589377048508,0.364607950761999,0.595485635731979,0.240819155003143,0.0835374683542278,0.476190245314561
22,0.415974739954968,0.298315733790378,0.415913337193178,0.301375691505498,0.132806144073939,0.233345288684029,1.11128786385043,0.359549486693942,0.34447921396452,0.011069966684198,0.562807170448075,0.30656798949729,0.0241414794255844,0.191490300286096,0.54007269887827,0.1022066051259,0.115674789410828,0.104552564243281,0.0596795447504005,0.565848134597203,0.169306665129316,0.213688614532938,0.2991462509065,0.156967202110847,0.213610214641517,0.148963074335199,0.49545982287384,0.0149658070459412,0.296141296164972,0.310008568681389,0.0912883472956541,0.244449833286155,0.242730771137451,0.164304044098488,0.00550692593366927,0.207677392271533,0.772321482598885,0.573938838770834,0.332808068345852,0.195073778167075,0.176724844600876,0.30396319753093,0.779194746328038,0.144314716992518,1.27815313179938,0.943213642272238,0.561977628328476,0.366062769711209,0.0516439678608776,0.105877252709395,0.980173428635651,0.0484761867647798,0.682797478554567,0.275746151448003,0.199409386382679,0.181730141945841,0.0722028488780378,0.557291512352346,0.955327236093398,0.0234178835973493,0.0396083201340199,0.235571929624099,0.101725375747839,0.909643670948449,0.0893900462146747
22.25,0.343412258048504,0.232391736467171,0.0464446056939621,0.435980787832851,0.0396836314811126,0.881972508910815,0.218456764256409,1.04955275796072,1.45903752384313,0.574921828243957,0.23381941988347,0.239441184602743,0.424008264273119,0.0194656368026332,1.56795129434689,1.02208852206763,0.323703426288067,0.323909948443522,0.867533411690109,0.284831211507171,0.257069233214461,0.553029589944188,0.087604505035352,0.930001786507453,0.0669104867949763,0.236862296712738,0.387027659857486,0.364695925893739,0.191157719121042,0.0111925078323557,0.871448583713794,0.254763555270341,0.122013885570813,0.401468205114045,0.288890670406531,0.736643828693902,0.0234934775691377,0.703801156716073,0.227746687384059,0.337623643920216,0.00252704099740282,0.378566453621455,0.0652649349775769,0.983608334684837,0.762173260398775,1.06560411531818,0.0716206661914919,0.377645010867773,0.292449723000335,0.200848435920746,0.833192981938796,1.21520182192264,0.222984358030166,0.228070562053103,0.135760237002517,0.0754573192426209,0.956083297402544,0.589214268742405,2.17572678592379,1.15639001303362,1.83265634516328,0.731285086528238,0.55561055881727,0.0624295899361341,0.466118663487736
22.5,0.198043925301572,0.294518806126484,0.744186926286365,0.263886826710818,0.117058532309364,0.043901736094758,0.30551185549794,0.845299146444182,0.360069548712803,0.455326384205123,0.190078970584185,0.0976695501642542,0.0654843313876661,0.0339343567607159,0.175297652499711,0.363045685789536,0.474507287239645,0.713306766148424,0.10495816130859,1.1143012757045,0.70375708337225,0.162532921892563,0.140003640958283,0.267040693005858,0.164798862641493,0.0539328775898591,0.0491091447277485,0.150835833148653,0.0689630562362249,0.0606046617608857,0.00832674894379007,0.0436539685130752,0.769380071373181,0.414676888074573,0.148085693275155,0.00143141117813287,0.534927062580131,0.936526730042742,0.456177963419142,0.36947756817843,0.445358583966519,0.0797859997336366,0.032939865350664,0.316650472702986,0.502179128707488,1.49699894161703,0.431581521885219,0.234293776777443,0.0900962427396582,0.0326700105337805,0.205790783721324,0.694371754059226,0.243779127671769,0.165862197660276,0.066940772280106,0.0174149901720223,0.00222732013886454,0.0494859786177978,0.54072402372463,0.383155856121436,0.13661477461321,0.0804461801029212,0.280598212940071,1.32595274317668,0.590652511766239
22.75,0.184641575848285,0.163010111787154,0.0811680330773959,0.270320371110552,0.0965078754101922,0.0773697686023335,0.238863116553928,0.0426862783977361,0.929733150719864,0.347267428496913,0.0951681148710315,0.189086040211499,0.000421386926479133,0.139321543523584,1.18548037174418,0.760641918749888,0.15798917425183,0.144464006747148,0.271533205637458,0.308980811406989,0.107787042172829,0.107994703078601,0.0994993812806535,0.0563568109856841,0.0597254908626889,0.145606787024677,0.10457723008905,0.123991823439441,0.0134137096590066,0.155499023607373,0.145961082165286,0.295518690281168,0.122709497115026,0.186263331955319,0.122558334863461,0.0953214356588756,0.147911043901658,0.165895409824466,0.12672536487418,0.235944820816224,0.114294309656499,0.139576722958813,0.0883910780550609,0.00425654885270031,0.63107725548792,0.252811008760802,0.0838592305366888,0.373750518751396,0.00310791646159872,0.139727607042571,0.45183894522554,0.171277252333587,0.129194948178007,0.190880352863223,0.040857262665406,0.113312828297525,0.261474358332707,0.66465045738545,1.79562750311008,0.508568582397575,1.02745029434559,0.522244430560803,0.19488516672711,0.171441685786753,0.188484622280095
23,0.207146071028847,0.291721869029061,0.266026120109074,0.0161240603508689,0.0309942275363713,0.0622670796608366,0.687116637980044,0.465531914307989,0.655742629969501,0.175210629117192,0.264892346512495,0.163646409744774,0.189314578348816,0.0845092167140055,0.649826676076241,0.0214088477810971,0.235260563312377,0.143448411001367,0.0850827205872173,0.495970894488281,0.35570667903249,0.0525717610147801,0.146674900355908,0.256695433903844,0.302497231172898,0.0570220032853759,0.0155410627168427,0.0103278333947737,0.291093217381801,0.256018682846927,0.166921644502198,0.126769408054233,0.265384021825295,0.0578442144380869,0.0948556353780815,0.152751699687511,0.603574338325579,0.493202501090041,0.253162695077983,0.154473104035547,0.197816618380362,8.46124254680757e-05,0.159585213489654,0.164936634900044,1.47988670459387,1.11815206025292,0.275899927489067,0.0608153108854451,0.0933807131524407,0.0218991064714004,0.500112660251472,0.2369715668429,0.146065236701789,0.196658892142606,0.32226293952681,0.0747290184288537,0.307580826594889,0.401429266987754,1.21075737260029,0.08533682962223,0.339065859688263,0.119794379658646,0.168844759472722,1.09468201379269,0.282806380827866
23.25,0.409765339145524,0.264914022895572,0.60253517915581,0.0332898407404227,1.09706438023698,0.339677644275731,0.0705191594209855,0.909413812931949,0.742124195662613,0.480863548152009,0.492379899700705,0.0243824416076936,0.333518387505485,0.177211963682979,0.817517674303379,0.965483810320421,0.237178221957574,0.346328754680571,0.2714960868593,0.399287997492203,0.695760799989305,0.0585673110392183,0.0861033323535257,0.474684964059447,0.731960808267768,0.0335841213401565,0.182846132148159,0.599872116054303,0.365148749593699,0.00566731760856535,0.0463164872657335,0.383327424236817,0.625702474144633,0.105380836517052,0.555147667913386,0.134426326531826,0.0785916735357406,0.854610917015617,0.327626216296105,0.152523186200038,1.08919801409917,0.00817560469697756,0.218282175045336,0.682977840501501,0.824787629249672,0.961591713788916,0.525161895239504,0.0611817174886801,0.592836021841414,0.210656372206747,0.24511390426461,0.931408876238285,0.325740024468396,0.0890807019088928,0.506102761920722,0.0204075510799838,0.0293648789459007,0.261643041999113,1.50828803604797,0.57276015144598,0.333694719924791,0.215729283966071,0.134648753555998,0.867868466766329,0.34599663129681
23.5,0.107244902100772,0.265435589564622,0.542316669362754,0.193423173211399,0.228530853356257,0.36951861849444,0.0197960497616954,0.298605688520727,0.224603452802947,0.608480608246475,0.266857188573945,0.0406267439343966,0.118990392724684,0.0464197421341997,0.155216276518386,0.646862133483454,0.506068244385301,0.500143462641844,0.00928083829669248,0.135639230571336,0.33170936185208,0.0206400385652995,0.00280582305054536,0.168710343621618,0.250013949123001,0.0337332583067196,0.0151730995987241,0.241122389047533,0.111171571825181,0.00125563553920674,0.0172853320382662,0.127828057439272,0.458839739459019,0.334914340049525,0.075145835804112,0.218299909258061,0.0410471036051079,0.15551040712264,0.528580637809119,0.34802953695383,0.493832811428939,0.0251173365697344,0.00773906084561598,0.363515805815849,0.117281299509519,0.525510130862274,0.421218483246318,0.118766919634652,0.101002983895345,0.116858625108896,0.0531706428040766,0.553474790941801,0.295408561050176,0.134518497150002,0.0959759449123254,0.0244460408653178,0.00861610987439285,0.136192142505623,0.357470678700923,0.789400362057123,0.069415269830225,0.260970296138562,0.0505158118610297,0.169399703980085,0.176506766267882
23.75,0.023817973661917,0.235935183329762,0.151084642063217,0.250050683411121,0.423718705426156,0.249598710178022,0.103824150560126,0.102427255045887,0.182652317940893,0.551568276631159,0.0897009262321492,0.0922023897458931,0.0884585963318878,0.0330214896660315,0.229816623205356,0.281100457148005,0.0986945759119271,0.172443694352079,0.181098617426109,0.0113559088019705,0.147439486515573,0.13732479794734,0.0125281724319816,0.0157750897455305,0.0320188632951057,0.107061117996356,0.241985206693909,0.0285115494864842,0.0269564163602486,0.0027704966800583,0.0736244102716962,0.00772063457504683,0.210587146680897,0.228157612260403,0.00885994940771462,0.00717139823856092,0.0193319229124839,0.0481205141068377,0.121279544913097,0.178001800360943,0.0157363964171401,0.146152373834347,0.326243536915147,0.0670765728011165,0.0998565033303679,0.305328473941741,0.0993444171900466,0.188600775739434,0.156498806045695,0.0748844474911686,0.126993556466372,0.241938711883501,0.0309640836113805,0.153706835532377,0.0740948619940784,0.0483379648265612,0.0300626806761487,0.0360581025896485,0.381453033470929,0.538201956416111,0.112731523457184,0.153827870905429,0.0100591234674752,0.0521054268437891,0.271983981083342
24,0.583005995210055,0.201209979136815,0.0377071782812606,0.158704235290186,0.851409069373602,1.27995758899047,0.402324040777237,0.0119848400122777,0.126599845214846,0.347088657862018,0.0950646526198949,0.11902884963621,0.0015312311824134,0.048788691937818,0.216597369137778,0.812096016817716,0.292282883622852,0.196764101277821,0.0263828347958584,0.178554144960895,0.109215619542262,0.202033660179622,0.253549481996214,0.40727219045608,0.002601644468219,0.182926990702678,0.38953171087672,0.0659073274408575,0.0516472767829074,0.21235173523328,0.0714278205218641,0.064951851290016,0.117047001053165,0.177774346168731,0.243467214890296,0.664607549240966,0.276349173897153,0.128773976390543,0.21792100524629,0.204450744689724,0.075218457516364,0.352972443036507,0.826962063053573,0.526199723520425,0.313672072878734,0.259572888351761,0.0551510513516864,0.0760503385163672,0.166665696199532,0.225184282234732,0.414145074184052,0.361512815798779,0.299035232753549,0.140761582380843,0.0219309082977624,0.0876032649112135,0.00931935111227892,0.0776942926849819,0.350235005606388,0.789919588217338,0.0667985529551661,0.248637290599259,0.0832112434528846,0.0336649806090801,0.0452410174739499
24.25,0.444110211543515,0.374523081211398,0.578957771414656,0.00962437240927152,1.90868959050068,0.416713806863807,0.186030862020546,0.222698983288142,0.250006949183737,0.0932409799782018,0.561701828723201,0.0818237557124698,0.170536837262279,0.158527533742275,0.0700118659891868,0.0882012705422816,0.472655564267088,0.337577837096404,0.0210737717587576,0.437223367351725,0.367264378780349,0.0156299540228729,0.420109345930456,0.308176134274176,0.355140293480581,0.0755812369214169,0.4291344148376,0.287938677196879,0.429355015672258,0.0972810031730189,0.0468231890605582,0.149810922497745,0.524879823397168,0.100518369312541,0.308283382909649,0.207812377557769,0.297199758478235,0.348691927242445,0.682911372415763,0.277917555883044,0.597304470685411,0.0982273255410433,1.0422043779138,0.379918568544409,0.183516541696746,0.258118759059484,0.626588914135244,0.0766095252827206,0.44621356887339,0.229650690097054,0.0811195773126701,0.184982200382525,0.705123584865659,0.181213493523122,0.289610158935907,0.0677827367859891,0.0580557711535606,0.15111115961316,0.301765642156303,0.122474247410194,0.191225066398088,0.0584763068347409,0.237180123736395,0.45068245789923,0.10162992423585
24.5,0.052777086352584,0.463204588470517,0.0978564033450756,0.46295353047363,0.0674161877587384,0.540816567055876,0.200547189505317,0.00235856937424615,0.777000137225473,0.510014865308503,0.0952758907347497,0.173897512390706,0.0587719830684007,0.00888105750232748,0.835711839250798,0.637006977551125,0.222935395043203,0.186320480087719,0.558662274730664,0.185338676455343,0.0699232458127077,0.40735235193912,0.266111437685333,0.64028203323151,0.0402638433717345,0.110484481529389,0.179055833534013,0.0634107825770879,0.0985938610538611,0.0240270998981484,0.129027569149515,0.0314003943526778,0.17631476899575,0.471944320031353,0.234594910815162,0.67875158982219,0.200680472418728,0.103803823613479,0.201294146449038,0.47602275022584,0.0100445974280368,0.253719434469796,0.160386575581935,0.314706288948237,0.323863241766452,0.692421898884064,0.0849082989392635,0.414463983300802,0.0418373606063681,0.114671966910182,0.470719369201407,0.18327647387424,0.0766962438655797,0.355370682159392,0.0724480209484973,0.0573314879356344,0.153790521209507,0.0920804874342982,1.74935431212553,0.658801477924085,0.967927107788348,0.307004356032315,0.622410432043461,0.127164000861026,0.223434203178124
24.75,0.270642624560558,0.268200996217787,0.107201130810233,0.256774443980037,0.333694160091712,0.235446411524807,0.796396779418922,0.0366803330196978,0.259999029076364,0.131012467656822,0.0831364888886868,0.424127101040078,0.00490751621207562,0.255865466558737,0.402894400571072,0.071010568108699,0.133149405399747,0.0740976889114172,0.0423187392478474,0.22447298005423,0.117559346058528,0.0163586984244233,0.312142556679568,0.0483614434222417,0.00651877217942594,0.304922759340355,0.523675977242134,0.0512859018778838,0.0385061574546449,0.300199153127947,0.156751082929986,0.10028604440577,0.117366196841828,0.140928340265551,0.0656924838701385,0.00700831096724546,0.402223225186674,0.058631030478958,0.115018270899134,0.250033966150568,0.0462506728433707,0.190417388282195,0.756012968334728,0.0374687151717305,0.862992771305844,0.188116445146381,0.0931936183699571,0.423961159310308,0.111652806730785,0.214982215515187,0.805218893941578,0.0988951179559725,0.118759232152012,0.354062600320753,0.0125187111682409,0.294244547458344,0.0141331300168544,0.127428777559788,0.691531062154347,0.266898805864883,0.202700586826023,0.0885015734093117,0.101129044217655,0.0933809674150129,0.0639515251572697
25,0.464030925775214,0.0182544681777241,0.110769560012552,0.0022360858186467,0.0632865944331514,0.00751337260984604,0.130058985110186,0.0167630067446487,0.20863061068629,0.0657734813916833,0.327241686383437,0.0394636884485775,0.0979455218256007,0.0527235485585205,0.0147624659516859,0.0826805353873652,0.00424347912955983,0.00619979815232475,0.176362495016654,0.301515177796919,0.0120418825526733,0.00193508255592416,0.200740761045077,0.151814003088713,0.206863286297799,0.0350266536693077,0.005030191882724,0.0319686712102413,0.202090632598073,0.0601078490255651,0.0133526187714348,0.115202458581171,0.00400298644535041,0.00291980953870787,0.121479035161904,0.0362206774456277,0.242572760400403,0.140252286051108,0.0746390786190465,0.00594870776854619,0.0318277369236728,0.00934265403011473,0.0996269139290049,0.00239488502379864,0.277726955709178,0.0720997001318137,0.28898610115874,0.00391142752480129,0.03383074314509,0.0290983516029438,0.0221571003154464,0.0260762236391884,0.254368106787892,0.0244940249748367,0.178352390546471,0.0375968446241635,0.0235595555741262,0.275248180174324,0.040280701399498,8.43760644874702e-05,0.086828011784516,0.0377056613315663,0.309682409159001,0.326039150235762,0.0342142469627099
25.25,0.177693066243079,0.0860089067265027,0.110227341068797,0.163868955631497,0.372675573613593,0.271680383692597,0.323635952325573,0.10103559568534,0.082033982558785,0.144481693539976,0.263376800165251,0.284110116094569,0.0667372315866788,0.256510735809235,0.363702966743676,0.334650372671322,0.0764105585061137,0.154110902528864,0.232114593963732,0.153018904077391,0.278520302780063,0.243130662117127,0.328936858580259,0.0666090671758648,0.0537608935842835,0.354633798081617,0.34099696061531,0.181621355502661,0.0368301256916401,0.205812905249254,0.199761297156829,0.22233047299756,0.218981507530106,0.0546424713307659,0.32682081608448,0.153396024278257,0.290686113746126,0.122989648378718,0.113382278824782,0.0586602103861889,0.130383209975503,0.300264557059636,0.461076591582385,0.0288599321960513,0.207105514030467,0.188689950110677,0.183174695594799,0.269630119571038,0.0924274607615797,0.289778652673497,0.382086297428021,0.350217656116069,0.150383890348143,0.196784693966721,0.0624247324179207,0.297149719478451,0.0329099533951761,0.1425386290293,0.325892291961658,0.400641738934664,0.279309586503204,0.0903731761878925,0.296929707792395,0.0640716619019349,0.332134067082962
25.5,0.208920466996197,0.485092777437188,0.0933116189763478,0.277770360274172,0.0891335033992891,0.250507256894105,0.213374318997232,0.425821389957876,0.0994517182381277,0.0559744021203251,0.306250945833122,0.266799581176542,0.171823312309796,0.0256074545696549,0.11037266923207,0.00418110328967136,0.471353392419172,0.241571974795325,0.125093914890896,0.304801110969763,0.116995823552056,0.171657221813312,0.130586132352763,0.501676467602691,0.0230509065321361,0.0673802845735407,0.168901758724982,0.0438212766291246,0.260656671938224,0.191417412245098,0.0889773442284768,0.0366167938617123,0.217863308556943,0.273621621307743,0.0211951555288999,0.464144285143092,0.209169037381111,0.436680666292291,0.543020466109971,0.436173489832721,0.0217051761892545,0.0701407167519019,0.163510126210537,0.343902019919651,0.20543407185083,0.616938777157577,0.111667976531137,0.263489183389265,0.114741531193166,0.000425461988047545,0.179158564037787,0.164213621430946,0.342509594233345,0.423010897533938,0.190888900150452,0.0820826995410857,0.062567273262547,0.133094423614941,0.162525535681725,0.0482144430390807,0.0240540948797595,0.0599263002882536,0.210631788752969,0.37791049823257,0.191791456839155
25.75,0.169204723122213,0.0790677967528875,0.674985670811437,0.0310367153481498,0.0155059450791997,0.0489319803226952,0.236894196683089,0.0668542230602082,0.157682243942732,0.0776703030409619,0.391384036316409,0.020014023734244,0.00379877253872328,0.0345373416156535,0.158197892688263,0.0408173355338767,0.259777992671086,0.250114965336084,0.0873913634023097,0.170597881202033,0.234838574443103,0.0922934394068507,0.0645520616151255,0.0779692945631231,0.32355687137932,0.013161675307925,0.129092271986719,0.042255592723595,0.0893126307485103,0.0184966050649851,0.0736055289383127,0.0233683869134559,0.426025751621507,0.11539904046406,0.0371008861059148,0.142387388730002,0.182914757132466,0.0849656445945099,0.37066927566451,0.0647567135301189,0.306152825481454,0.0211981641981456,0.189075422498358,0.0480903272653427,0.354051770508774,0.133976556127219,0.609197211471722,0.00920317696305492,0.0153992146466441,0.0183957322044421,0.268355931587338,0.08812045959208,0.278432538690484,0.0272701280739212,0.236745735168314,0.0215154419150195,0.0262301594983116,0.0360259494097507,0.167311256520394,0.0657521331741821,0.21581085794007,0.0183636746646938,0.0689148942530358,0.271145837268933,0.167220342100522
26,0.330782181029267,0.0901871917816,0.0263456539874142,0.00405286441087269,0.0244077678656496,0.13665639239556,0.0318924754283183,0.0221677505334023,0.0137796831610465,0.223067789930776,0.0390431710884753,0.0556920234093854,0.0100167635723424,0.139785814249219,0.0230351802169347,0.36128024242546,0.0214581255823333,0.0571678692077066,0.0012698465383044,0.0249821859642327,0.0853725670001045,0.0513854803196721,0.013662892217408,0.0580493031364888,0.0692014196915752,0.100107417070964,0.0433728971424373,0.0704376675046477,0.0494557848764069,0.0831864328267484,0.055690642747412,0.043008491733797,0.071405183418345,0.0259468859297534,0.00432777290145019,0.0131581626905542,0.0443769599890317,0.00978794187031901,0.0125252224710171,0.00832421009966353,0.0337874296875273,0.02403270023976,0.0128440793510241,0.0841514756597473,0.00876150826310563,0.349704168074112,0.0322544515001712,0.0184758426431559,0.0799135454585632,0.126032901286189,0.0332282867950111,0.342310818336444,0.0503645519873598,0.0567749436274724,0.0488786198591465,0.134764312310921,0.0125932675660479,0.0350682231256166,0.0457695106007669,0.440361642840013,0.062351782952463,0.112566613999304,0.0340638224906593,0.0602309540747595,0.087068577358534
26.25,0.116669016833916,0.0752975633117792,0.0116526100823485,0.114301680427372,0.0706074149912463,0.620352280277248,0.424530776249936,0.226041253720934,0.799744199195255,0.0831035978585355,0.0987721535868466,0.0816030931345071,0.121845825120493,0.134068881102701,0.583800649304152,0.00634538447427009,0.00763371164716631,0.0441006134828098,0.284195931628998,0.018854692289538,0.120667657825659,0.381247125865447,0.0492507247933204,0.358734012092873,0.0672230610823995,0.164796130969865,0.265825312190923,0.219816340272007,0.121065370489389,0.0916365870134314,0.275058724080354,0.0521371441993407,0.0539409333591632,0.114559229003804,0.146456723208871,0.779889372479672,0.155234517283692,0.0824284837560359,0.00399105620382037,0.0701862893790175,0.0339964867442896,0.25333479660496,0.114517736670967,0.396793691508701,0.805528748717986,0.0258344322635408,0.030306792433929,0.104401659098257,0.160913024894474,0.242948541224968,0.635898390772386,0.143063919616656,0.16229145210268,0.0676835719247026,0.0670020459374596,0.110687158246356,0.234440657922486,0.0683941756887882,1.13288503843801,0.00971904518286443,0.508006226434652,0.0267519848022126,0.081846072303388,0.229477185950455,0.199585238156834
26.5,0.147387089423219,0.292081135454239,0.289770525889829,0.245197831081838,0.120971024662567,0.0794966720115045,0.0914975219675234,0.841637536522149,0.256050834656061,0.985170504688838,0.105745985161273,0.254425789001682,0.0151869904938112,0.0169988189987859,0.204619162281963,0.667902087862731,0.339229051445973,0.331060053920906,0.184644169926066,0.216015587101268,0.311007339926094,0.0985811224078657,0.0237513784633701,0.230992508959155,0.131886342864708,0.199171024927485,0.00348976824192101,0.0730871788616308,0.0670676646594106,0.0635402339540676,0.0187895996746658,0.0406284783725178,0.320384752353444,0.185691159186997,0.159597754314609,0.167478040751847,0.0637306953742012,0.561262785973125,0.252665709481587,0.216454083407949,0.195019355836687,0.157493517997464,0.0158786683581558,0.274788702619164,0.430025511050109,2.34070985498716,0.178437209601055,0.15734847480426,0.0568585041159961,0.0218667527236101,0.155098723061679,1.11877907934722,0.182986710778886,0.223658168831524,0.0851215675067962,0.108321594503335,0.00331585557650883,0.0267781006827731,0.374623020560245,1.28266423162404,0.0290906448770621,0.13414372805415,0.121776796440675,0.720876212320302,0.233643183829105
26.75,0.0336291866444433,0.00164520245935599,0.0151305680162432,0.0226997848241393,0.00286697160595098,0.130288635007106,0.118328720916952,0.0223240279745469,0.0855108768658901,0.220553265411803,0.0147091284573842,0.029529666982473,0.034782237551544,0.0433584818390123,0.00935676217782403,0.720059950384138,0.0112432179699077,0.00504335343300713,0.0520340005536221,0.302549245894859,0.0410097339245285,0.00880698640847924,0.0836762938378079,0.171820195627672,0.0389520787417732,0.0359594071618822,0.000383525086112039,0.0532324334497254,0.0330391889997564,0.0152237880616781,0.025870080375948,0.203784855656332,0.0316901713259588,0.0118132307920389,0.0231907303983933,0.0890886146049106,0.207867439623578,0.160645533830228,0.00102226837297707,0.0142383094513686,0.0373282630027077,0.0184947863790492,0.0329070454880354,0.115834780394229,0.282722531289425,0.109033038619774,0.0157091828409681,0.00831566141247287,0.0374967465899544,0.0665715567861368,0.0390252952560588,0.173155106098898,0.00694081096917357,0.0109494061348549,0.0124404143420128,0.0583467734023428,0.0198801716045606,0.231667693319734,0.0816747214175956,0.428926247402785,0.0451960311312498,0.286333407974611,0.132181726817202,0.355692703742137,0.0334464993955107
27,0.0069541920519755,0.029945894946388,0.203698260175172,0.00953072179962493,0.101485569544884,0.0871963076480312,0.416657553695714,0.200706295454183,0.825818602116226,0.355116575133498,0.18943920352636,0.0218398893006948,0.0474193473475062,0.00707098757731498,0.731442222749555,0.41252355957919,0.0900293990054919,0.142705579359564,0.116743035101986,0.0357072556545159,0.112159434232891,0.185278712656473,0.0287868349927893,0.0401353591537588,0.0722348846899822,0.000662433930738469,0.207928857439324,0.0230680496960896,0.164367209748841,0.00389075513464556,0.176824629650639,0.0744509668128482,0.128935375442035,0.0721781331232937,0.0420676420623643,0.257791522220641,0.135606228365453,0.055384670880837,0.178629946308377,0.0199412427660592,0.0972283136891044,0.0142516846308496,0.176490031709925,0.0015916220276526,0.666664480382489,0.723802512352681,0.221390837077119,0.0336632885530892,0.0805010327029259,0.00196273622218582,0.63189153890006,0.479559789930345,0.296507371110768,0.0243584730101009,0.126084747268386,0.00505644096599335,0.0649617053628292,0.25660239892922,1.50914392089253,0.680371894114201,1.12820789231651,0.18727479697133,0.00131760524862035,0.185500349517117,0.142584593969788
27.25,0.0384570892856368,0.00797672297874074,0.198741592406896,0.22658460996283,4.61358122819085e-05,0.146747668931821,0.0851763678078875,0.00146064519718272,0.553145796279924,0.431824712855633,0.030613606427651,0.0195239346002963,0.127190181739207,0.0234712618731706,0.454460526558856,0.209907841461291,0.167393409481468,0.240670550641958,0.128672017496875,0.00984306901214571,0.0254795580934352,0.218661347004963,0.0104915223649221,0.0714056858142355,0.0415257719954476,0.0561094125958794,0.0391461772789062,0.0295070469881813,0.0192966416937705,0.00266335843720306,0.147886297899855,0.0338872575320854,0.206316915867823,0.313053533815314,0.0109435034702606,0.307480956086403,0.0183127069473483,0.000485714523339475,0.159007082350948,0.103778504185758,0.0236007091633592,0.181252451650499,0.00584670281673259,0.0533661265736883,0.163494455929436,0.231413615589794,0.134722240445071,0.0302471632363213,0.00172010541454896,0.0421791833737678,0.20894916553458,0.0706193279134951,0.0894238362650309,0.0120568820421363,0.0109755172781651,0.0204447146919485,0.197323245732518,0.105430281306053,0.692405904468267,0.240954219613959,0.980359811229116,0.235889619572342,0.0536278019604712,0.164304462663956,0.120458397580616
27.5,0.188314496936673,0.103416705781958,0.141746762373972,0.181450987918125,0.000291149560735031,0.204124899365401,0.0914854289251607,0.12051515938739,0.410320379249418,0.319649646365946,0.125784260834016,0.0313654433832546,0.0121323489008098,0.0292133360772781,0.248429993414881,0.0225689501158147,0.205449058463055,0.24843016714644,0.00659766192684128,0.170038347601742,0.062939337117168,0.0853288352370318,0.011574277413546,0.173750369569667,0.054441858030678,0.0309542813531686,0.0429326445699784,0.0569519730867102,0.115074481234413,0.0314173269723805,0.0331590017929108,0.00919720437215486,0.138743323730429,0.268935040979989,0.0150953969663489,0.145417505234453,0.0735119537619737,0.167869070945164,0.156658623643496,0.18512391089785,0.0456965839192106,0.0512750447092902,0.0216325428561222,0.198065339810472,0.227007156280544,0.12384824249476,0.134590446153109,0.0882572354789529,0.00624437899580844,0.0506348247207319,0.175005156947317,0.0475485624257581,0.210379208969456,0.0901456862091337,0.0770554602383064,0.0214612884429651,0.00890383884598677,0.0110307989517159,0.553777684615451,0.170159736962897,0.349880757897265,0.060627984691337,0.012722680205961,0.273402588641631,0.144891212861481
27.75,0.117817633167086,0.0155399990213122,0.124999379315281,0.011543323624931,0.0142642159067348,0.030432209460101,0.107460053140731,0.0299077871833152,0.425202674556233,0.123772432208781,0.110073654925727,0.010091509506945,0.0804645164606703,0.00649782480638661,0.258896626902104,0.158823167792877,0.0537903352437983,0.0584861842898996,0.0170871610814968,0.00670777303585971,0.0677123653953605,0.0173920698335396,0.0180728411186869,0.0277271392130479,0.0231426796492865,0.00345227406087893,0.0799989119273951,0.0185526254323279,0.00701185394601391,0.00556436943793109,0.0937374319107447,0.0711098153341467,0.0936193960641921,0.0183052315284658,0.0629548211410115,0.00711066333015877,0.0154193319289443,0.00574853440101084,0.0863277712515652,0.0101324082009688,0.0780839834374302,0.0442306971665554,0.0429040432210905,0.0303972442583592,0.257033325063213,0.042687376497051,0.0985868976050939,0.03662430492717,0.0224125597456515,0.00601943337097126,0.230819218404244,0.0510516561374666,0.101708865160985,0.00865453628377689,0.0246394921822495,0.00137425309561634,0.0271552392132854,0.063341365016625,0.435542533429885,0.0030963746156267,0.262525137064347,0.0065009555252768,0.0335844135947347,0.105643841731194,0.0463681992794491
28,0.0326128562528895,0.00835947156048178,0.0157982009387288,0.0583203443191198,0.0453729045298443,0.00418826347186511,0.0192183226388085,0.054343986547655,0.0241273300448088,0.0160673200788931,0.00831993485252249,0.0181423266403125,0.0350461650595637,0.103496964307731,0.0215686624568768,0.0373220316366447,0.0313992186080154,0.0266189180252546,0.0306332761605026,0.0918271661376445,0.0385534847961155,0.0601701340963769,0.0530463865838363,0.0663948414709397,0.0123623359109686,0.0461210258468116,0.0249944286106579,0.0150556691582778,0.0173817862321269,0.110546900950938,0.00103084750451872,0.0805358804494204,0.0447974383726671,0.0383461332736825,0.0249340163628211,0.0401213279571961,0.0559394050237315,0.0829648279216195,0.0271064652041136,0.0124310868781693,0.0137039852579262,0.0625681155189458,0.0460432972439017,0.0112788596578617,0.0316202847288978,0.060205396210983,0.00511531870346456,0.0377626293834394,0.0498821496610145,0.0299174087548798,0.0121729088771161,0.0179886785485255,0.00247045888579207,0.0179072392420068,0.0140117071869116,0.0592079066711554,0.002101995089529,0.0227855672430029,0.0408896070049899,0.0225287337274255,0.0895834958477368,0.0275146672037979,0.0762350560687754,0.0649768118182725,0.045268490226611
28.25,0.0298562259909264,0.201488331449502,0.00151625825306854,0.205329656563426,0.0813554191258904,0.0438989588215162,0.0408493788855543,0.279793190465785,0.182674079526646,0.207307996037848,0.166731538735592,0.0786045262138719,0.035053669016941,0.00445601129212524,0.238447223995327,0.460389746718211,0.122241200939575,0.220363687576794,0.35887033054329,0.0270553808477861,0.220487744294003,0.253340511266808,0.101872929846235,0.00600568626632793,0.137000692318582,0.0999293977261404,0.0218709877458033,0.103690595294421,0.0266019424490304,0.0672814247377575,0.117909423756301,0.0548829547320175,0.0961613040136954,0.178519259742293,0.260900682680669,0.0876534314432806,0.00766672981689592,0.135320603081128,0.0451779828927425,0.139122284738668,0.0152269760580018,0.183643114613339,0.0178489806581976,0.0854726220194201,0.0908252877189309,0.330893857773006,0.129660597052843,0.133132055013233,0.0434591322936998,0.0202230668091004,0.0893710486426328,0.465497685423515,0.0812202641911101,0.0885570509314533,0.0816416545544648,0.033952257004085,0.125082464406655,0.00609760800446001,0.282988242926643,0.368539611298217,0.20499341040284,0.0414954782013391,0.0196691043619621,0.0584907010630467,0.274110449942308
28.5,0.0726728785025602,0.00228592356481291,0.118226219555973,0.069137935200224,0.10944747608024,0.029939562787755,0.113971920310438,0.21436293268368,0.128655466868928,0.165461363390885,0.0449904952612279,0.00388452012967882,0.0509852628950922,0.00262834350288441,0.249968954590199,0.153106688290241,0.0327049583115864,0.143630619904662,0.310980298481592,0.0414739488762814,0.239970056744892,0.138024424767429,0.0605746547778743,0.0394733200865614,0.0698114960563848,0.00760617259541387,0.0835825543852764,0.00994842109031384,0.108526040811795,0.0038301885979159,0.173801554083875,0.0193119467578099,0.198456459933545,0.0947193002020939,0.331647849756902,0.0834523329568584,0.0277285702828798,0.113507661611295,0.0910846749710308,0.025619775504337,0.0693091388652446,0.0398669912672739,0.0439053277609527,0.0524214087327116,0.308950128405998,0.584094020719815,0.0288044321606442,0.047993852953105,0.116889057988321,0.00090986649112229,0.201464420869853,0.218289591524312,0.024798287959449,0.0126290079167622,0.151950857607926,0.00339081127467658,0.175483730965284,0.0319392119934024,0.3084777089155,0.216884089845317,0.301048723066479,0.0216980912668499,0.036282928655177,0.19948241104586,0.288870718865212
28.75,0.0994525785886817,0.0333565003653981,0.0459106227394813,0.0262606482541029,0.0520719557567389,0.0620069131003482,0.059615379819288,0.0688574229936527,0.0791658601953638,0.148011959158196,0.0404943900307216,0.0339808940896378,0.0254835453319786,0.024320302815652,0.00905953580352359,0.00503769270876314,0.0106401153236805,0.00224046348643832,0.0334699447078343,0.0590023635807118,0.0564679523710557,0.027890856534787,0.0301163887594618,0.084289484010281,0.0402041574013132,0.0254603950679759,0.00737388934233006,0.00504400313180927,0.0102929998275789,0.0229229315140194,0.0148006531999534,0.0155914210953469,0.00457213318054076,0.0253472746252897,0.0596395588975298,0.104109496943788,0.058078464316307,0.07783947225666,0.0353038097762927,0.015197390096459,0.061014686037034,0.0341287353459805,0.013394146304511,0.0282200397612671,0.137113677546675,0.353557537567125,0.0584646550757118,0.0278815219779636,0.0472611424375771,0.0174766158683156,0.0462067686212044,0.114781942773213,0.0835700545430578,0.0219070676339758,0.0110488093231229,0.0119286266591067,0.0287425202341465,0.0512109785627818,0.0976531414629879,0.116924280407326,0.159113036125421,0.0157033712677708,0.128660495011739,0.0775160894045507,0.00379022193365042
29,0.148918995340857,0.159852647630258,0.12267058192248,0.115944215672282,0.0191961308712089,0.0356600929178017,0.146943072903163,0.195885318880705,0.638497604117295,0.331028115933483,0.0283748833404999,0.157207251961931,0.0187949277890903,0.0860566403816337,0.281211657760715,0.124970963362459,0.17814723057128,0.117076828759782,0.201573789955685,0.125972254176627,0.0590738105842113,0.0527472364755241,0.0282857032079068,0.0711399435398644,0.0578270092092468,0.0994695591519389,0.0399265706910273,0.00135709891244532,0.0194830899930254,0.12260160936842,0.0419381878559843,0.0386195930493478,0.152213488456905,0.122154269619545,0.0557427497855508,0.172560857645144,0.110152104153805,0.155304166668023,0.208163813932223,0.187335361745627,0.0813249812490951,0.0723643377177487,0.0368432850451019,0.0234084203040111,0.371204499403632,0.62577125657265,0.0974043918232827,0.21769912092737,0.00168478367410669,0.0592988465575037,0.199206910149794,0.218938658679846,0.134018278836021,0.153081956283028,0.0323244079696597,0.141227671052888,0.071844045855711,0.0746349466557487,0.698831965164375,0.268068390082171,0.793631626520792,0.123901227574055,0.0714490582185109,0.389085267054238,0.0665075529324408
29.25,0.317433053650185,0.279666306162031,0.122127022944223,0.125717436034019,0.0253286453650488,0.0192414892947962,0.084907568379537,0.282316830105738,0.295115095425183,0.341693814191392,0.0630818972670149,0.261916265925969,0.0504645211722152,0.0227659865513536,0.223943860779426,0.17572304181868,0.274998712473338,0.17520967611173,0.000568590319293069,0.0787088427231625,0.0611992523687244,0.0110485757894547,0.0177614590557113,0.0753249184207096,0.0203938174654156,0.0747438314599043,0.0226587479250421,0.0647921368624673,0.1303080030168,0.174862839593603,0.0278952108808788,0.0143391985855327,0.130399875106899,0.125037606643159,0.00280469319494255,0.00663654704848813,0.0257840139003109,0.158474221279343,0.25358032404739,0.244042146336628,0.0689589892168899,0.0345475539019706,0.0348908776459326,0.111629226606055,0.164318385702551,0.588537201983286,0.0821408867867633,0.213948741934869,0.0255674882605417,0.000798536452075275,0.190357381630917,0.413613082686861,0.194622430172687,0.253367578491315,0.0167871360740698,0.102799300751557,0.0113203143937703,0.0165843710072772,0.510928527809112,0.475192055202941,0.27281250162954,0.0311787712779504,0.0366875568546187,0.0962294461158332,0.0636793933596322
29.5,0.00607645263976709,0.171156385557963,0.0228425333902767,0.0783553406368811,0.114494895257516,0.134656714858413,0.0456058472898651,0.237015789266119,0.00617240227564688,0.297593763484651,0.0621458746819111,0.0727560123856017,0.0120584943672698,0.0164282577748075,0.0448658257235025,0.265119096197469,0.0520495745730153,0.028707634872517,0.132393911686632,0.00723368899369843,0.0627826910121704,0.00185058870209499,0.0471133104591563,0.0302832091172469,0.028023528392676,0.00648185675335154,0.0741075444469391,0.0733242748723195,0.0419565309246058,0.136691520004916,0.108368000395813,0.00384104938773034,0.0502945506508861,0.0584440519181946,0.134685256183209,0.0805503673683877,0.0288233416580474,0.0490894332572037,0.0737538715166056,0.120848572646192,0.0451698523379142,0.0182631940789337,0.100755701999797,0.108456489974913,0.0237469894477007,0.467701264532468,0.0368265726169542,0.0820575589711258,0.0731396592040946,0.0130346620066874,0.0255594678383841,0.413192147136019,0.0953591714293838,0.148126809650954,0.0365080886806118,0.043183974591492,0.0813455544761405,0.0959444632718759,0.00643646884176183,0.424821899274968,0.283743747875079,0.112082210120073,0.0206445834453928,0.0436343428680805,0.0473196133909645
29.75,0.0971950615483562,0.00672323471263906,0.046119762630105,0.180920960057322,0.040084809982879,0.0383619475743741,0.0703504028189372,0.141767084738096,0.177302590012344,0.165054882638628,0.0202406661696383,0.0371758869841149,0.228892858971182,0.0175809086986908,0.22497143732441,0.162162608771814,0.0585309012653317,0.0718983318524983,0.0713500184276698,0.0940990911044909,0.0389546185339779,0.0513746663846198,0.0876355467025544,0.0638920155537135,0.0749722874740592,0.027191339351321,0.129551982536484,0.0529406680854189,0.183715196552972,0.000777580307853176,0.199047955580954,0.0179281133105001,0.024237318814513,0.173573143491233,0.0716739467925581,0.0473659590039201,0.0561841049910559,0.110904256079213,0.0258612652443981,0.0956827878845444,0.0141053359035089,0.0636425549948906,0.0800693740086733,0.101594297991527,0.117147992691558,0.418582279335534,0.048694126398561,0.167377632007065,0.136071990347938,0.0206868304582325,0.107565301869105,0.216687424939651,0.0621910769453873,0.0276001383739056,0.0858969496555541,0.0196228695625159,0.192678820175283,0.0741483783759915,0.11729780264036,0.24888500246292,0.144609121517944,0.0227614181942162,0.108661350305679,0.124344300647424,0.0482246419188323
30,0.0678351573330572,0.286574058199356,0.043212035373104,0.24702348877436,0.064053968566771,0.0591257774125807,0.211777556911354,0.0276931070281665,0.332569646473626,0.0584258372372309,0.00392016067203602,0.200704401835367,0.0153363041651619,0.118358705865725,0.203869205582403,0.0951231785711526,0.0748933288339062,0.0397307317353392,0.184909648977812,0.086959555822872,0.0273228182570285,0.0564447819801478,0.105411378675897,0.0379038572898673,0.012426555213649,0.13596784365668,0.081782314172543,0.041415961124459,0.00622698306876695,0.0964362380451039,0.0235526335905682,0.156760631824661,0.0143987736691324,0.115743745388997,0.1069878801813,0.114137306031498,0.114174681431927,0.0369682664960185,0.0169256850872891,0.203467906647848,0.0225727270630175,0.173393688780906,0.133075800115952,0.00779868302556302,0.310320855432323,0.109948256439811,0.0286416002434752,0.260650335964781,0.00741040403863002,0.0977957649552102,0.207423413836752,0.00311037426335446,0.0394359501125769,0.220872889924274,0.00606777722114571,0.114154531821023,0.0134695802171491,0.182029869040503,0.56825337326342,0.00264662005382358,0.292501319504724,0.0159535807995134,0.10518330764951,0.152140160120251,0.0338732634354846
30.25,0.046686332023852,0.0986228597751486,0.0293510227675756,0.12633190671438,0.0568730440684935,0.00597707396864187,0.0776922739328829,0.140256616898847,0.129535499772018,0.0224864828171505,0.0320826176643292,0.10354328912819,0.0666416472749227,0.121426229610133,0.122217373231403,0.145815270554923,0.0941934062164111,0.127273750772772,0.694541285872504,0.294728614705539,0.166589683745995,0.104842111710179,0.267081627311674,0.208176461054845,0.0131496479501553,0.0586661308419728,0.0056916062181147,0.0272065962324398,0.132887165198224,0.0833514310809212,0.118437876791159,0.203599617280453,0.102651032701022,0.173002335675017,0.336650233274507,0.228103588083045,0.145124158169376,0.275632705290327,0.0259310089382486,0.153304102690419,0.0272289661933265,0.0165287249916093,0.0504905956549355,0.0590236822584944,0.0747631898251192,0.264308476662279,0.00921549578110723,0.18076329071332,0.0196064746752816,0.0536560142569887,0.0561010222784826,0.0926622382288183,0.0138878717222395,0.112525157676218,0.037961063604481,0.15124322734251,0.244787999941237,0.145415339356217,0.374169297590795,0.0624538419591904,0.981341773747727,0.144442347911329,0.354798455078393,0.244096265680209,0.215880932482314
30.5,0.45806093209871,0.0406908898098361,0.29165359129095,0.179749302333396,0.0666798711440993,0.0491913512724227,0.140596529458479,0.108912743067618,0.499543281072088,0.552575613427674,0.0575592009932738,0.0232467429518797,0.0233797005789698,0.00641913619278992,0.320039613052322,0.28827917733176,0.187728790022555,0.329918149908722,0.2622833824372,0.0415260897538765,0.367332150455813,0.213493051061575,0.00763752759755323,0.0510454918846514,0.0417325720397109,0.0125930445244764,0.0662121122684708,0.0408353359895829,0.000785770982875712,0.00508656856295063,0.124609881834026,0.0356517509496817,0.376410608313718,0.277328538758414,0.228928847185549,0.103085331680847,0.0397491147244186,0.0431645748591576,0.222950590245712,0.113622812186847,0.157324939372554,0.0986916699727604,0.0162461717843198,0.047090764738267,0.25920134406583,0.345164363965393,0.159969546199582,0.0451272380641592,0.0200710966047241,0.00759821438891948,0.237007462127159,0.333986012559073,0.202426169098616,0.0308385895116389,0.0324245860616762,0.0014960923292268,0.128365254120148,0.0394823863378753,0.356494983350407,0.487102816892703,1.1286329919399,0.147666866192691,0.0290214537748314,0.215050888486828,0.422164851030957
30.75,0.0511174894247355,0.0463617213959386,0.132073846836198,0.113670778600202,0.0370322055138991,0.00396719849835395,0.0821072165325693,0.0386871480076151,0.223683875657927,0.212499537539091,0.017811822539211,0.0521353937232387,0.0190890683333654,0.0298095008586289,0.26112992499434,0.213273751347168,0.0911914366000441,0.102521123591043,0.201421577643832,0.0506001541645183,0.181734138163637,0.090623069133656,0.0201059962494215,0.00167428503372021,0.0432396396387168,0.0284532710956203,0.0397638797445631,0.0165982199962768,0.00108631398786518,0.023522199770201,0.0962210211902674,0.020556761811436,0.109400598729844,0.113166981821174,0.13311308871218,0.078409164841032,0.0388294687044141,0.0133069029804453,0.0500353079117029,0.107633751825694,0.132452171400826,0.0664683768636702,0.013222830073377,0.0074206557762067,0.270769050587208,0.217680196531664,0.0716891481263783,0.120845620742437,0.0407988378150061,0.00783603580596224,0.131500252986718,0.182762625345408,0.0054734362239423,0.056097876149253,0.0133565743657964,0.0196005483435774,0.0856357956426387,0.104952990053644,0.294295966151601,0.302887168003898,0.238054015915972,0.142149399023336,0.0190495240466995,0.0585854068402686,0.173871890835954
31,0.0750330176147772,0.0119166259615901,0.125910151757211,0.0479317088795442,0.0631054703399435,0.144920166870411,0.103086695765944,0.0627033051517088,0.332931196649334,0.231710301224345,0.129726452162969,0.013426614875709,0.164065732282514,0.0218835518999042,0.302687280527331,0.0817144737898185,0.0219086438606374,0.0366665279027765,0.0249408460580651,0.0155687477992828,0.0449304788173507,0.150225818886009,0.015270574046423,0.0683893993983613,0.107325459601734,0.0770453010215475,0.143207620768368,0.0490953185832559,0.0712449121009443,0.00674224740173795,0.184948390272565,0.0259780849131059,0.0657420464390582,0.0291745601028422,0.0174534398693453,0.17328385262988,0.0335982367655315,0.053602719275927,0.0547211875842013,0.000277303346166056,0.120493890035562,0.165897451230025,0.0552455051496757,0.0718118956668587,0.207730103404973,0.207465416472222,0.160325480398793,0.0035288287679642,0.0809709659484291,0.0780554366238842,0.188631850585947,0.120358367926606,0.0858682530261119,0.00264064589101722,0.0500665606825003,0.0471658672466237,0.146069115474779,0.00314085818005985,0.423155054398586,0.159400707501206,0.774462536778743,0.0520987249430195,0.0108283028678384,0.112670677413577,0.0377503535644554
31.25,0.278217677166498,0.095678578777708,0.0585098002275841,0.0387768951617197,0.0141491991545621,0.028348092092514,0.0596212918475003,0.375994194180673,0.174391089293762,0.500421164575726,0.136053952884971,0.0807731653073984,0.023062331850712,0.11986360119087,0.0119229846500457,0.0597794084563916,0.127279628580169,0.0600176215343818,0.0408360035140089,0.23330956507727,0.0114389572583063,0.0143915332441029,0.0483207109250915,0.071181273139205,0.101044840090219,0.0714576658743674,0.0133735946135618,0.0425621706565698,0.169106415679702,0.111616766472946,0.0053515035364711,0.0679768343159053,0.0530582142935748,0.0729122322402077,0.0427391619881502,0.00982662521456834,0.0925527635103246,0.255423728727109,0.160491550912568,0.132403441124982,0.0221894695197211,0.0155373385585664,0.0265161287697306,0.0655968225712224,0.165505939916818,1.09075154923033,0.109221590323664,0.157574039117634,0.0440464158951668,0.0708552417652546,0.0239952251114075,0.347973011151219,0.213319309422531,0.0952577585716357,0.142787918460751,0.119133239138857,0.0526906421899928,0.00840939421903496,0.072004284867956,0.310782168238196,0.0711816115570382,0.0108153217145904,0.0779001304190907,0.427390521183196,0.00406206214726478
31.5,0.0112447122889288,0.000259877868416172,0.0185849450432637,0.0178265622467287,0.00168109947350838,0.0647461321875347,0.00295130949511104,0.0420795852017489,0.0212769738712857,0.0104953205423112,0.0245662518503764,0.0313100568548774,0.0454101865595699,0.0187481366976763,0.0524645406593865,0.0218728292741895,0.010906044265507,0.0129675775639298,0.0110946044566413,0.0164635582200501,0.0134603280736397,0.00432911216638966,0.0192787559327117,0.0369510509552867,0.0222829155364271,0.0431046532119929,0.00164523575822823,0.0138739585127782,0.0733570102167494,0.0301521595317815,0.0302409567905636,0.00240247941255983,0.0132054520793314,0.000850175793228947,0.0175629337474563,0.0334770417898408,0.0140412488182103,0.0300758503049248,0.0247891042670813,0.00254547825018302,0.0108976760057465,0.0660914112604237,0.00321296936300543,0.0266046269718697,0.0150942119490021,0.0132004266226863,0.0194605529043947,0.00927648998918889,0.0326656762710292,0.0159701667487525,0.00692697685788131,0.047837723745495,0.0109594449706734,0.00947631014875364,0.0564350245048678,0.0108606943119664,0.0620980804050787,0.00154500882540072,0.0745852499312358,0.0363785360648224,0.107914732343811,0.00447833218872873,0.0209973625597248,0.0370416412072797,0.00566834141955426
31.75,0.0319745172656371,0.0547926186902492,0.00991765800334585,0.0299652335641689,0.0383799797422952,0.136610745307634,0.0150282806940729,0.056349288291215,0.00514125549972671,0.00648746919950728,0.0124101691428544,0.0404268009937084,0.136392576605131,0.00421122460078167,0.00406914577240927,0.0344618676492843,0.0136190034343445,0.0421626832892434,0.0727155082712943,0.017724188740079,0.0169919683106579,0.0224617065866634,0.00334271784800819,0.141856553300021,0.00745887899522053,0.00283450402520164,0.0639846887318946,0.0639518817629827,0.0348437174549385,0.0678151523792423,0.0717665129162994,0.000943256431793718,0.0261690881212613,0.0333103470339225,0.0057042160107198,0.142037146221641,8.38553079656291e-07,0.0413055923709051,0.0105218897532572,0.0322290278061762,0.0048395320678604,0.00189052191001339,0.0370275380285086,0.128683611180414,0.00951197783051919,0.0144067619835029,0.000650742644461022,0.0447380446080751,0.0329151488581104,0.0175481595820642,0.0266090901726985,0.0651922665074026,0.0122004062675991,0.0462514961781406,0.0191950076896766,0.00573651181999958,0.0315705177677292,0.0152342256572921,0.00717968376988011,0.0253636294606145,0.0217078671347971,0.0082152677254701,0.0547191617418285,0.00817220377864693,0.052443830792172
32,0.0214084100137743,0.0110966703094961,0.0548400742789198,0.0278773312132498,0.0464178230942624,0.0985765051408767,0.0138071196764691,0.00503424640496946,0.195840592193602,0.128307385679116,0.000538797412484661,0.0229400471501917,0.0839207068820301,0.0392815714601317,0.183015984615156,0.00894351664488798,0.0143172813245365,0.0107691836751409,0.038018599790757,0.0473327006825916,0.0310742413780992,0.00956691135509668,0.0409094644136237,0.0269998108604423,0.00457565862471838,0.0417837671177702,0.0317237525192252,0.026732175904121,0.000427756054561352,0.0309893351578673,0.0769744132627572,0.0394699649851921,0.0118236675125248,0.0143011016239275,0.0510867406031071,0.0380661656607434,0.00531104470953777,0.0208326714983387,0.00163780823674504,0.0125148826015131,0.0500489529462528,0.0462164688706706,0.0141744256371986,0.0428198842270087,0.0519207399537098,0.0413286589095245,0.0236718763912549,0.0166746791104217,0.0168758617274169,0.0661475310785729,0.102018431661287,0.0141571558441608,0.00316616393239241,0.0175042680721508,0.00379308412052401,0.0644643591970695,0.0374557626184286,0.0808120187616385,0.366952213127527,0.100959385764254,0.23048607476463,0.0125859423890748,0.0333837917302021,0.0167131358874747,0.00992790153870259
32.25,0.0621665925266976,0.0694093774515838,0.05544118976326,0.0824103987708112,0.00841574459193067,0.0263813039181233,0.00920098806107205,0.0149220072382014,0.0705171470341013,0.0700302456951505,0.23246032759239,0.0197522224537749,0.152240331400514,0.0125496535149856,0.135554433028243,0.0201870767243557,0.0422801088692728,0.170490505139724,0.323863997106029,0.0196156322342602,0.154500182830228,0.201314201416173,0.040472337990565,0.0168243097334799,0.0736578748038873,0.00990910904685569,0.081178092316911,0.010383499159161,0.293800341056802,0.00555134320512892,0.172074910686613,0.0173579786041552,0.138148664172844,0.145081044375473,0.206959774592556,0.116884280279401,0.00442030930807465,0.0178754805760401,0.0280900609279154,0.0604156091547569,0.0422908221786293,0.0664255163806064,0.0106269054109102,0.0104182575423393,0.026783539370387,0.0340459630102901,0.0445436049874791,0.039666513489284,0.100454523890127,0.0137976379670128,0.0530557307049219,0.00845373484322805,0.123678727757786,0.0238738480236564,0.11783383899455,0.00946648410049143,0.233222415061232,0.11598776244636,0.12364151839505,0.00676071606710477,0.122377714796929,0.0763927840266192,0.0930759302446588,0.044175092847021,0.307778165855343
32.5,0.010210815914431,0.0289568793534193,0.0165158368023189,0.0310672218459512,0.00805104038990296,0.0280405535205549,0.0334669067543385,0.180737182178934,0.0686688572331092,0.164297130294969,0.0488471985809758,0.0153296523882083,0.0573179357371128,0.017981763416251,0.104156248410802,0.116390640440897,0.0468017316423852,0.0172357056045306,0.0212176160875978,0.0728624222693363,0.00750010865600843,0.00736008586287202,0.0125791327879269,0.0263537441191791,0.0353539032723409,0.00799154713554649,0.0123439541770701,0.0545290747680668,0.104620056182322,0.00496193976119281,0.0212530249249209,0.0622578441610081,0.0216161391185425,0.0226634637411017,0.00248062149416935,0.00594305741478952,0.0374347819710492,0.114218438755151,0.0299689064946267,0.0360489090035858,0.0405524455032752,0.021867675647588,0.000385390411664759,0.0561916952486249,0.0442241125561212,0.278607748423023,0.0307182651164164,0.0276875398203077,0.0422037571282049,0.0241297308681637,0.0494704664422362,0.185822879548141,0.046301249602674,0.0273844427502789,0.0725243301128913,0.0133761847824544,0.034603794556344,0.0709151694535336,0.130512544386138,0.189241786481345,0.157622073202226,0.0621997975212849,0.0207758747271118,0.180775751191801,0.0043171706009975
32.75,0.0606871285559669,0.0543834714268368,0.0176955261403527,0.0118915403493627,0.0284516612468329,0.0468367586116796,0.0564532911038732,0.198057881389623,0.00741757702883798,0.102129034771664,0.176667309133151,0.0348742936214838,0.202062428268409,0.000138214238840581,0.0746974159319047,0.110504858394623,0.0186925733229241,0.0144492356497426,0.250758901542671,0.0535107487350357,0.0612056212221172,0.0796460181702021,0.0519610926388836,0.122669290085595,0.110288213685283,0.0173983713647548,0.123875623244245,0.039766398562941,0.217624433579513,0.0230766589865369,0.132458546411686,0.0123303611831306,0.00777561798797017,0.0196189719813322,0.0969351385351152,0.185429225666825,0.0303305463797081,0.153889633008865,0.0684681914023521,0.0322200865165115,0.00730132791385054,0.0176686367860296,0.074509183372164,0.0838947876506406,0.0516148002209884,0.399632778109605,0.100538466615691,0.0330135935788595,0.134197306831535,0.00501729686568612,0.090471986544964,0.230109483973437,0.169071626236312,0.0538127406348241,0.153315002192807,0.00786924171019968,0.135529177963625,0.0263135606089343,0.0594070944931002,0.183458651218883,0.349996632149493,0.0224463942509014,0.108851046334111,0.108556467720117,0.101979260612635
33,0.0860613337415502,0.0889457749299585,0.111144413416078,0.0354772180156329,0.048672514551195,0.0567985513048844,0.036930221588056,0.261413521153486,0.0300392016854884,0.165902730473418,0.0206232870600987,0.0387571890683191,0.0229610680016925,0.00465954086100649,0.00286733241865148,0.341104966431705,0.111986090829238,0.0776755816120276,0.00252105347269615,0.0715734384950145,0.132096504021569,0.00338141821027563,0.0147189649392093,0.0620546395027322,0.0549039005302768,0.00286117161525098,0.0175555336488292,0.0962500086809767,0.0100768746634646,0.0547859887587295,0.0137238982300915,0.0223037048026246,0.138301754416903,0.0693731588114615,0.0407865378944794,0.0306395144254525,0.03432226234203,0.17371380925732,0.0758506282255826,0.0947457837831716,0.111380645621543,0.00540007097080808,0.0104903029086833,0.159143053207473,0.0578808552930053,0.306390720272304,0.0596784422480558,0.0264060954252609,0.0318684125629724,0.0096459582049722,0.0111656599396541,0.439627201166685,0.0447537944041266,0.0640527005289341,0.0316455232766528,0.011236269436616,0.0159738142258842,0.00164601970360888,0.0119060822261055,0.251182227415062,0.0144959847439246,0.028792894583917,0.00965577939946448,0.155637342507254,0.0733455317457232
33.25,0.0154017847034317,0.0179854335156142,0.0120771102343811,0.0125964419299368,0.0344899395542981,0.00599503146078201,0.046559797392105,0.108859013878869,0.0473422631507842,0.135783986659382,0.0306968882014494,0.0432785355560435,0.0562050785227203,0.0538347605004056,0.0902432195329897,0.221276957556843,0.0173269990749153,0.0426646471635761,0.0441865220213911,0.00099818665636366,0.00728192276776614,0.0243780452137007,0.0555262648255996,0.00328889548629917,0.0155941424959399,0.011649765225781,0.043681424493288,0.0677803676564193,0.0369626746551368,0.052795439413542,0.00873522468432382,0.0801358036103447,0.023305434963691,0.0321213763736644,0.041906823030528,0.0149572548373497,0.0272781676825641,0.0113345936765728,0.0424370033321983,0.00713861443395164,0.0172164874161531,0.00742757343178992,0.0541561342809838,0.0180007237237335,0.0264442653224822,0.187647489583358,0.019437400999804,0.0189021515642299,0.0341763511779328,0.026491395833624,0.0642159275361117,0.219196417682203,0.0502359580641968,0.0195215071412592,0.0368929578079291,0.0412634475860076,0.0123634350565811,0.112311368121716,0.155428197887906,0.226280429976785,0.00781119851744549,0.0751978132613643,0.0281308887128961,0.00907659218145353,0.0253536712624302
33.5,0.026314158072732,0.184917693351447,0.00586343338310555,0.143494779577286,0.0476751637406106,0.00929966958847769,0.0665227513633325,0.0114074713743312,0.113167734943124,0.0420488885847246,0.00589536872201925,0.102548336528911,0.00790618533679358,0.0289907065107541,0.0995753037330318,0.0636286252567786,0.0205578373519618,0.0379590786755163,0.0149862633804298,0.0394377000877354,0.032949795756317,0.051069599349249,0.014338584779523,0.00320486088055183,0.000532604969373711,0.0486456098146157,0.0214428652205099,0.012561582574364,0.00919799437759198,0.147177947539504,0.0310861173282758,0.0172852900552776,0.0149853449800681,0.0949299268545608,0.0172436586245565,0.0115482828795174,0.0496592714361851,0.0227753142352976,0.000644002310731837,0.0982747612715293,0.00947068550353119,0.0871036208984022,0.0209706409448538,0.00460054044937828,0.105415498005902,0.0344088692828633,0.00124958156619934,0.102545517612521,0.00736339622761659,0.0124236201283685,0.0846798508768545,0.0448519353549406,0.000384554583171659,0.176957592925285,0.0023948524694801,0.0793159909239525,0.0229416805626425,0.010299817816608,0.161018726785477,0.020049992663843,0.438356672836078,0.000410000281048902,0.00679638103830759,0.0847184080209393,0.0443933415581203
33.75,0.163658107186184,0.0131019225504001,0.019123372297925,0.0346756502038044,0.0277112171508722,0.0331344130160962,0.011042801894073,0.00176382504087915,0.0235519865054925,0.0385018121893075,0.0833583083670446,0.000162093096386579,0.0130326639127921,0.0071251670454048,0.0420257470203528,0.000991569552978753,0.00931952102151165,0.0283876233447156,0.0115027601461849,0.00166993269214648,0.00761939140697849,0.0348321250968873,0.0134607097650067,0.00962878394854776,0.0241189364614358,0.0128437586277546,0.00613424039340332,0.0198166059088715,0.0755303548251288,0.0479793164644732,0.0135137036031321,0.032106281544118,0.000138463998242626,0.0457438390447731,0.00771914877083179,0.0314401168809443,0.0102734591230369,0.00653366439504636,0.0135321635698623,0.0158532703861593,0.00633756614288907,0.0182981791161604,0.0349215814814253,0.0120984122979845,0.0204409291574143,0.0562935699370161,0.0525777442957197,0.0140309853106226,0.00336152907400866,0.025794507951035,0.032537015893367,0.00391435610759308,0.088311505169268,0.0106588654027808,0.0257975397089302,0.00113807536083121,0.0161700752108908,0.0819550995218005,0.0864446921391366,0.0399267478815508,0.11297138183077,0.053896426954013,0.026350194752443,0.0250686882381371,0.0207290173018122
34,0.00305542079401503,0.111168343194817,0.0152959912728478,0.0267619473281388,0.00471644411631721,0.0408205049437507,0.0523322906434363,0.246607994865943,0.11027810218666,0.0868711225785098,0.0142068478320828,0.0260258164774995,0.00199588786091525,0.0162492105808505,0.109330189942475,0.145574079002608,0.0256148277307552,0.0212317861416172,0.013843367000357,0.0485108843078034,0.00825181408144572,0.00863144453214593,0.0136288227388499,0.0554210787631468,0.0111249581487811,0.00803549200919492,0.0317665591794005,0.101851120609621,0.00407930659468806,0.00290131014341833,0.0210312598690742,0.0683805631393335,0.0198929546019322,0.0461047471817176,0.00161958815437671,0.0176920536764331,0.0181008340929276,0.121209032697656,0.000160460972332927,0.0704721161480124,0.0134772918173148,0.00248120502452683,0.0155005265819035,0.120092335488753,0.0618931733623082,0.34667218100805,0.00771342576475494,0.0291710389976611,0.0105939143417668,0.0371911279265876,0.0769168992441837,0.288068520879609,0.00287597436673409,0.0505584858922994,0.0113268489465495,0.00218984345344996,0.0349711363851818,0.038285845259308,0.269214715401275,0.167500629694674,0.284615268831597,0.00962908874041764,0.00824593909773809,0.106647190509348,0.0154282760313247
34.25,0.290410752710107,0.0696050576107197,0.105576803009871,0.0781022401789969,0.0883942918059459,0.0237235631381493,0.0284857249033279,0.232820760640322,0.0108759555251207,0.2584338176859,0.229293722600106,0.0617189229041523,0.256035486159292,0.085055759598099,0.152616150645166,0.151144731067954,0.00951258838511392,0.0108260613556822,0.00436007041071763,0.15116001394174,0.0666567105343688,0.000559094109035553,0.000352747424671627,0.0540748232572293,0.133836710787343,0.0684904788461751,0.0746667308787404,0.0981953360190743,0.177572340432819,0.00592177056123625,0.15057862650433,0.0939077761137493,0.0495548250170253,0.0468012429492934,0.0210654453231094,0.00953604688849607,0.0241142371941532,0.152728343997332,0.102953799797932,0.0682151798291377,0.144806341313413,0.0230501769553533,0.0342827790379584,0.0604917537805161,0.0230565586319694,0.518213795323206,0.179343179331754,0.149663219294342,0.0908057557056421,0.0967657404422439,0.0818270917415707,0.280983468553902,0.282095229373153,0.0743830985257767,0.208227866854992,0.0695963743937388,0.163028495854414,0.0768656784430319,0.1091173046407,0.309869623411287,0.265423597465856,0.0917999216937888,0.0349146067330746,0.162548617307118,0.0141615175769997
34.5,0.0605213144754702,0.0503918884728635,0.0614426678769648,0.0355043928889021,0.0515617403985034,0.0377766508007467,0.011704208858652,0.0789345025482392,0.00711816724492871,0.0542740001087486,0.0611167685146242,0.0084546064970627,0.0689060150052256,0.0272083802790943,0.00957626344359474,0.136215474089181,0.024732300334488,0.00884628199793821,0.00449537429811285,0.0617313946445028,0.0365843310140336,0.0131895250919652,0.00135014389729826,0.0339416873180406,0.0856279892526527,0.00229150625798834,0.00682458797412485,0.0610546822813849,0.0344736469611254,0.00111905027699748,0.00142749537502599,0.0542958751796454,0.0229017219372781,0.0243368786983992,0.0100618530383333,0.0507348512957951,0.0113887503455461,0.0678227764762093,0.0663248424911164,0.0281561934645462,0.0817175417582799,0.00619956199558079,0.0149460858798429,0.0621352498654398,0.0159380661293397,0.177630241334118,0.0901987590293411,0.0285214489404252,0.0422501250590421,0.0183708807642084,0.017514868154043,0.122928212414877,0.0645121997094618,0.028771843032816,0.0605926183810343,0.000762471696143908,0.000481572101309572,0.046775054061616,0.0186595724134888,0.145769619666733,0.00236749517558251,0.0243082017256334,0.0143746692894729,0.0543728181613639,0.00531631002622381
34.75,0.0591873125497069,0.0036284786469323,0.0474850046481884,0.0112344036368215,0.0579376921410096,0.0278393273087293,0.00231802302359646,0.0320064865840318,0.00242861145255665,0.014235048839803,0.105998647146789,0.0136787337202241,0.00590918306277654,0.00246713703354338,0.000648986490690011,0.0243663746040464,0.0750063813248912,0.0185947038884282,0.0291436874379695,0.0223703808517505,0.000474313608578584,0.00175158458729706,0.0121724397826842,0.0130953371619791,0.0179524105391423,0.0205378535296497,0.00816250165348156,0.00370979473843869,0.0716462333832567,0.00484694248313814,0.00908058997231163,0.00130238258413763,0.0380234660416716,0.00486382940973612,0.0150722284835842,0.00414979170166575,0.00918889243471269,0.031543412154656,0.0765145548454706,0.0176537218413707,0.000423727501218683,0.035105043358224,0.0348489933829082,0.0111420869114544,0.000612774822608039,0.0453945874338968,0.068950678781438,0.0441245680793605,0.00389605272422046,0.0104067611131417,0.000874670534655564,0.0357718504412069,0.134174167947107,0.00679667830931379,0.0379159612954877,0.0119847805035261,0.0149804964676465,0.0236841302188495,0.0164059376093827,0.0476308577854411,0.159495300649622,0.00276763662055797,0.0329598088200577,0.0241950198971074,0.00619007864919573
35,0.1142156847927,0.162809549757444,0.0335347423149511,0.0910989366528918,0.0927174892466135,0.068413726926224,0.0794560578770533,0.0323069793503495,0.244057612372372,0.0063520879165013,0.0130996820254659,0.187875156502588,0.0461047646784523,0.104533046745126,0.362487464966529,0.019620557363309,0.0547428301311894,0.0455121885756638,0.00168697308877186,0.0402929645265862,0.0451951399708861,0.0120501514574299,0.0102576429767652,0.0369884202350676,0.0293594438749849,0.122891567854781,0.0754751596790312,0.0339832698103438,0.0104257988308585,0.168576537881501,0.162291978555137,0.023755839403528,0.0436641434628606,0.089519086951637,0.00999720361573072,0.0449939403591333,0.0429440775054819,0.0284679519957611,0.00184312446475435,0.135387417003023,0.0835533429210754,0.0434501533182797,0.0243703857330177,0.0325107161566341,0.17108373932526,0.0151429528216398,0.0174206183158477,0.196848727735962,0.0566172621682017,0.0630559077185916,0.202828465593721,0.0403133853879644,0.00438760624319035,0.166246296727981,0.0146122359863732,0.130892477527475,0.12641896330903,0.106269680237246,0.450642260659211,0.0155502948124085,0.994473256635768,0.00242488005273698,0.011260993587111,0.0296304948425129,0.0200570279603144
35.25,0.211660025724301,0.0424544813382392,0.0530831645823656,0.119351284074207,0.0213776311265683,0.0384676041644651,0.0855183608817769,0.0831184365460824,0.092366776062726,0.120525392864743,0.106724729081427,0.0382540415293721,0.0163821302360653,0.000385669386136478,0.123972410640856,0.0165350622938917,0.0523406547479541,0.0559521676128158,0.00553998902719175,0.0456079774818235,0.00896074138393746,0.0516055254534949,0.0193877227126273,0.0127444695298545,0.012979688731235,0.0402398295313291,0.0218997295151986,0.011606219634481,0.0677073994247259,0.00907449120508791,0.0326705872353297,0.000959886253457491,0.0424062971283832,0.0953893065039447,0.00206740298583656,0.0224623122154636,0.0452578290606188,0.0791956701455077,0.0680074974536459,0.0746331800809761,0.00863603165436239,0.0749834391435525,0.0445302550741145,0.0232436213243405,0.142214431829928,0.31555646056405,0.0796354461341128,0.0949924371224987,0.0112755087036325,0.00924243549768393,0.0638822958452917,0.0474978075538934,0.135753883113627,0.0467036838357548,0.0281263840693176,0.00671704668698298,0.0225117327191721,0.104405290494251,0.134955204184245,0.0471875822029553,0.203631774073622,0.0106438070429786,0.00801695560507613,0.18049843574015,0.0269179215153331
35.5,0.0736164097996176,0.0817262288660991,0.0197999900901439,0.00242218830980048,0.063618005083073,0.00715767673846529,0.038625560989831,0.0219244450076484,0.0749870422104776,0.0157876364924011,0.0447620732473963,0.0451360000380499,0.0297413751320119,0.00452555744033053,0.0270424739403841,0.0298207909233296,0.0277555412469093,0.0149377269077858,0.0231968421225892,0.0222134233764374,0.0130240944533587,0.0126705563084842,0.00677318617920843,0.0094836877456008,0.0412099784766075,0.00200014921824563,0.0273738487603924,0.0143768538312855,0.0222031176237961,0.0385828117097861,0.00325847581313379,0.0240851215788447,0.0243982430572817,0.00276997021194765,0.00264129427414695,0.00766745015360499,0.0276459273419168,0.0292862571120654,0.0557126062559364,0.0225067868880975,0.0264563931681275,0.00177980905707017,0.0282669081026325,0.00880492659403729,0.0882963000570204,0.0832827877226307,0.0332335420916677,0.0180414373781467,0.0627809968978782,0.00526383966826906,0.0243957692570494,0.0252108807332877,0.0681348928392782,0.0487125600604307,0.0461816522096246,0.0022384138249414,0.0114718412061697,0.021068935649635,0.0504771529507167,0.00898439757967019,0.354510066563399,0.0017890801961114,0.0130764261663639,0.0643053009315717,0.0275203027507742
35.75,0.00926713720839028,0.134402503059182,0.00640109948614369,0.031070237544123,0.0245940680387673,0.00823056400575487,0.0568387664761249,0.00674826288046152,0.11803400576871,0.00542333325397373,0.0523005651525866,0.0956992788893544,0.0335834860484763,0.0223424066740419,0.151842874068089,0.0290128079682224,0.00761739465616051,0.037076864450693,0.0594758109372641,0.00316415702862041,0.0640985008220462,0.0280834566850481,0.0038719228673903,0.000660288547015116,0.0160017283736025,0.0331826974334173,0.0616900969224384,0.00619116719085905,0.0235643373469634,0.0825642102766491,0.0669840315479555,0.0111081736568804,0.021130575229411,0.0254470029149032,0.0523057215993023,0.00266382269779318,0.0194722865274131,0.000618287049684514,0.0162087509083232,0.0363538709575875,0.0106746243725022,0.0248409697499509,0.0145738836057612,0.0024762069626124,0.0998954553430648,0.00902762676087409,0.0107613671534713,0.0485328328489192,0.0465913220223539,0.0122705668268481,0.141202359975862,0.0329705491133309,0.0502895158298964,0.0785388362562386,0.0408804989458513,0.0682560183721925,0.0547145795024424,0.0279461756381094,0.293150963430262,0.00960430650248166,0.212501476981911,0.00231016644987021,0.00403260989082751,0.0356798752492168,0.0716027887779535
36,0.0264072919843725,0.0218331036183474,0.000534447540912221,0.0292466452840516,0.0299986065119234,0.0761322154639285,0.0177113058817329,0.0237751374902478,0.0642100167778415,0.0284610613466585,0.0185507246729766,0.0404468019494917,0.0126527168919559,0.00479748033248996,0.121088664703513,0.00341851279269445,0.0125900557041559,0.00978454382799342,0.0321112432552562,0.0167951818234133,0.00101250235071751,0.0478137826709639,0.000346604702104815,0.0735669095431398,0.00324650264741611,0.0100243982810689,0.0287451570796572,0.0332007949422999,0.00319493011070064,0.0135469571571313,0.0573654731838708,0.0307275057773883,0.00420934169262737,0.0197459683732036,0.00046694473480236,0.0786301057908313,0.00674687205072768,0.0477396470857522,0.0237783669285303,0.0199779448042924,0.00426909244903752,0.0345156282342038,0.0181721020451829,0.0753703825415884,0.0358151997614318,0.0313054845378497,0.00331401071541532,0.0373425167453965,0.0166534409398153,0.0156264165390144,0.0416341028971728,0.0107973485960787,0.0218866987455803,0.0360169598882788,0.0116492495356429,5.17349991516062e-06,0.0348550397061771,0.013205875419841,0.144768152262647,0.0136117343514308,0.154214155930056,0.0107259042596534,0.0135731771102276,0.00938698681785238,0.0234530741639658
36.25,0.102122764174597,0.0166647664237434,0.00267797432837192,0.005968399873045,0.0983921117704036,0.0279100385051876,0.0148059154360929,0.0500189111675853,0.00204282154276504,0.0187038352833464,0.0493598862674908,0.0090670041939967,0.0632609336383737,0.020462724038762,0.0475914160642441,0.0568139422231026,0.0240273909620357,0.000498157009278175,0.0179714038906523,0.00547459610320615,0.0168742696291424,0.00588981297981286,0.0229452178298896,0.00458422200093955,0.0485625656462861,0.0159273718415093,0.0555013217890978,0.0388528491684297,0.0127024312708854,0.00497045983856669,0.0249983012065412,0.0352782524575741,0.000334195384100202,0.00694631691157918,0.0459116897984386,0.00339663855716868,0.00797571263872764,0.0335019559097014,0.00941863443897343,0.00589772473893106,0.0384465215637643,0.0165007373028781,0.0769086984461337,0.0373371919675819,0.000430975060549838,0.0851591696347738,0.0286407511722205,0.00200818134794314,0.0557102296280147,0.0255699047778354,0.0225161981356102,0.0641740875335443,0.0962594389725931,0.00181244835290056,0.0543740833640049,0.0178025015945823,0.0376521035390016,0.0568005731189981,0.0277960163524664,0.0316633467128296,0.102805067181792,0.0171471249978956,0.000428144593396863,0.0185428116368971,0.00831596806875093
36.5,0.0919636852978696,0.0127336831292679,0.0124618041442307,0.0145194178490385,0.018920091091401,0.00409129829515263,0.0141625399924444,0.0404629453783634,0.00193044635300094,0.0268400028912937,0.0229210563648298,0.00427643992753229,0.0199957943526562,0.0405002855350283,0.012046693968036,0.0811420585249006,0.0120552247960884,0.00615618855509248,0.0296059418568339,0.00449774502902582,0.0148427698186078,0.0220252338175049,0.00994254459787868,0.00120050584033342,0.0484324674716798,0.0180049753098342,0.0226407477919019,0.0429843377234685,0.0122268993282405,0.00778891877028367,0.0207453595569255,0.0499370318640609,0.00551975506011597,0.0242043222500646,0.0201053824839333,0.010835238187391,0.00674442897951261,0.0139624770668416,0.0185417013531581,0.0122996945034537,0.0233701007700198,0.00560194585135489,0.0226457530728762,0.0318088425663558,0.0130983774685448,0.0723580709662288,0.0231162988600484,0.000765476827405312,0.0229816279427013,0.0315768536235636,0.0185192545798474,0.0869589288484164,0.0323545285480988,0.00321076132037304,0.0150565358013419,0.0163368909655638,0.00257222151613801,0.0341437879007293,0.00635507215983794,0.0863874244621573,0.0224315510386849,0.00894766063490715,0.00663342580803268,0.00313957575880877,0.0281085328636193
36.75,0.0817112914328706,0.0894272871643265,0.0650719014676373,0.0504764600650738,0.121974369207321,0.0410821118786571,0.104425281155274,0.0253924316447926,0.100665485032655,0.006426852129175,0.0559022097917212,0.119790674059055,0.00561272224783162,0.0508551318175749,0.195254400610077,0.048449436644583,0.0551415495373819,0.0199435969376675,0.0285703843628742,0.0459499285125461,0.055579279110949,0.00190792512748205,0.090747397814134,0.00511505423401124,0.0470480642864406,0.0811047450802623,0.0725532197976413,0.0149994988058076,0.00729250762219883,0.12974495822573,0.0594015371350038,0.0418288344456845,0.0502506876119484,0.0346864327220137,0.0816986442259796,0.000178955972780149,0.0617628225695071,0.0104845961523071,0.0708755154604614,0.0887567153271329,0.0767442065887243,0.0298686394814649,0.128499579197183,0.0213390267689425,0.0995643868774257,0.0295188677343611,0.0719653723583992,0.172341670826786,0.0386056854886545,0.0351152615929262,0.128528165815666,0.0433201690058612,0.104853252119881,0.113457056073623,0.0279110225142667,0.0840963240965276,0.0205797501304445,0.0292978354345993,0.227757547814009,0.0306667196717626,0.0512627559539891,0.0167317859850757,0.0255778339604574,0.0372823889375614,0.0154119578542288
37,0.0301667666005501,0.0193762499497681,0.0649198480760314,0.00390484104579646,0.0166604399569506,0.0288740246853529,0.010846964308031,0.120123890755078,0.00723871461914235,0.138043002344175,0.136756101399781,0.029192509827164,0.0744454706913185,0.0535540384743187,0.0244698402859088,0.179088034361105,0.0171990825764402,0.0175833765683446,0.0144020454659696,0.0109742832626482,0.0298187267009358,0.00370013320275895,0.00247819234570875,0.0225752855660351,0.0824221134573685,0.031100697937144,0.0431791404944813,0.0675173184571217,0.0770124994746458,0.0428322378869594,0.0354980455333192,0.0833747532511254,0.0562387271939427,0.013013404696012,0.0142398944951802,0.000314400605247477,0.00120882063030577,0.0565895493515272,0.0620927004299454,0.00569895786339702,0.0453345824105967,0.0016522879772569,0.0328792257544258,0.0561011086303821,0.00172512631431877,0.158567616567199,0.102841248651514,0.0288945388905195,0.0822134302818952,0.0370527093542708,0.0209577739141219,0.200962621165827,0.119508177716445,0.0107285483538484,0.103610984411408,0.0344176933283768,0.0331802070750988,0.0614845697929662,0.0126666046625345,0.182063138644508,0.0529938752521138,0.0597106309103088,0.000290028225924103,0.0343387957449265,0.0270522400474086
37.25,0.0760292907090489,0.0555521925333705,0.0376894687540228,0.00952546357252476,0.0567602027084858,0.013382581091989,0.0179045513551691,0.00506152221924515,0.0182424061698802,0.00756447256492935,0.00343238870394502,0.102017015761621,0.0183229916128127,0.0258084583329187,0.0285556768340484,0.0390786263293055,0.00201563130832077,0.0104793889735859,0.0456803580703892,0.00560015895937128,0.0346611649445472,0.00589732493125432,0.0440312720619559,0.00790560077657997,0.00677388881734762,0.0196162436463227,0.0190557612394142,0.0175396517496813,0.00122541184805819,0.0491334525709717,0.00632032829199233,0.0185638731364718,0.045404463025108,0.00151641911133426,0.0553136616099176,0.0114069987432323,0.0225504223821193,0.00287092008694223,0.0111095961159293,0.0243139232951027,0.0473585703550976,0.00591106288616538,0.0301961692428709,0.0106366911065368,0.00786072460712193,0.0263749613640297,0.00938883316161094,0.0683454818704625,0.0190760803852836,0.0191921244590016,0.00869501846396189,0.0230883311729513,0.00350640613883071,0.0591042841021776,0.00135355593124227,0.0241514878473614,0.0033937616244296,0.00607708134365499,0.0624709626841761,0.0281440943799377,0.0117508898359615,0.00795581177648728,0.0264825142707627,0.00150382256857938,0.0277460663294844
37.5,0.0185964593390558,0.0111995557513107,0.022481621586569,0.00757237301243619,0.0373895085362441,0.00863933343636197,0.00708712355662757,0.04061339114885,0.0291912712167075,0.00246596038318655,0.0250497409326131,0.00728192990014857,0.0407871561708656,0.0120236694313174,0.0334069677800692,0.0232307821014052,0.00404310839927173,1.95794794269775e-05,0.00619709886697011,0.0114039544223119,0.00484469352914836,0.0157107845549257,0.0231853146469607,0.0285472726985815,0.00805225485943494,0.0163984853121685,0.0328903442894145,0.00910225944049925,0.0522674020094109,0.0146455283621881,0.0160422524451527,0.00908753058269573,0.000415526321639344,0.00293000682336755,0.0225915046252649,0.00620996371464903,0.00968472987282752,0.0365032184025997,0.0105407003223805,0.00193310574778582,0.0064124072981193,0.0213870268745928,0.0325468583839871,0.0188025780541967,0.008569135727394,0.0515566234982006,0.024403401879732,0.00170885923751438,0.0320392944155099,0.0113060303566398,0.0103427872500071,0.034148519085483,0.0361480201958238,0.00532353906257232,0.0286104922109246,0.024007389214887,0.0189475245020511,0.0547153191337628,0.0649749641402257,0.0227528600180509,0.187727743755218,0.0267186961435544,0.0196307044066626,0.013839558153582,0.00168330683406299
37.75,0.0475598340225459,0.0147567394855176,0.0209563544142874,0.00174023017240521,0.0185258216333774,0.00692400887458717,0.00781845379416769,0.00888510119991902,0.0173577146277739,0.0095269404124748,0.0376161190349358,0.0219065182210173,0.00884988481951711,0.0203891911459732,0.0248971245197049,0.017845753123015,0.00996550449231034,0.014636407744852,0.0144032927213739,0.00794663451830452,0.0240460835245685,0.00776902574577271,0.0032837464794177,0.0135296758316126,0.00930226347962319,0.0061778606131639,0.00632416746132773,0.00381017823215792,0.0298067214535684,0.0427471249457021,0.0142414606783893,0.014914456946411,0.0190749167583841,0.00829802691066378,0.0092199095040771,0.0231786047835543,0.000481618079742248,0.00484385698398322,0.0171605935561869,0.0009365309418795,0.037960313959846,0.000275816550644731,0.0086918199245486,0.00990035326696811,0.056506146142644,0.0067548716659987,0.0152227927027659,0.0207647238314526,0.0059506905770268,0.00367309395750984,0.0146233410162766,0.0139831014877106,0.0367429978700801,0.0216106935888263,0.0140634115224193,0.00943548050522099,0.00244330599921138,0.0549797690388401,0.043594183942867,0.00584267672638292,0.00176149301624147,0.0142113051364309,0.00879659969629057,0.0056368959835005,0.0158327666257379
38,0.0877300252927732,0.00141552924364728,0.0303701516379769,0.0110623470115424,0.0184211753213243,0.0102742520038899,0.000170516868571418,0.0091124712765501,0.0473993464777931,0.0178928656543474,0.0754270600647942,0.00726363927219595,0.0170506365878925,0.00401922955475875,0.022895746195333,0.0189996212730216,0.0200269624161337,0.027616582352131,0.00601661035562788,0.0169488594164355,0.0753005267815288,0.0170884036142248,0.00848539893025024,0.0129301950332089,0.0220951993166705,0.000374379552514025,0.0021543502446068,0.00352978972387861,0.0816463556156009,0.0157792047360099,0.00217575439382696,0.00885455439313377,0.0320337663254101,0.0147117842833994,0.0331068503837688,0.00304903692888198,0.00418296471924934,0.0179971235530739,0.0151096930189778,0.00209040010907456,0.0703367560601685,0.0059115566307586,0.00893989966863291,0.0117105245118521,0.000804844105824921,0.0214168773150578,0.0367579291369124,0.00281382703561844,0.0170672832917302,0.00114165696143245,0.00816081817336991,0.00569648780080599,0.0610303318485406,0.00255642900354317,0.0394664565623455,0.00105850862941891,0.00532694765111751,0.031118709078175,0.0294049108998319,0.0117684113676621,0.311501532538593,0.0177265813524034,0.0158965443270207,0.0346428763010328,0.0493109222570191
38.25,0.0462601112945641,0.0778983360792705,0.00907797558789702,0.000866444520096274,0.00298793451875891,0.0129149049871524,0.0181829474289637,0.0717702510071191,0.0466218724145291,0.0116688330030168,0.00775404796930078,0.0370623846071761,0.108325575721686,0.0211550607935507,0.0566587584176419,0.0268937990740831,0.00221145551822969,0.00491945009397203,0.0235024021288137,0.0129635309967663,0.00674028339495745,0.00385001927808886,0.00105014876454127,0.0131297030350591,0.0177570670400488,0.00688308320313354,0.0397509462783199,0.0452826939649583,0.0378892975630599,0.0701204713992726,0.0756171439589745,0.0138195783118576,0.0190894957641628,0.00148897795519101,0.0147153936320539,0.0111871153434084,0.00335084130490904,0.0469940765806251,0.0162521366443522,0.00958369755149905,0.00235264590109127,0.00703645849650318,0.00540992322504858,0.051888146694481,0.0193334620035696,0.123000501247532,0.00519882924649834,0.00927686178759321,0.0304930025443136,0.0174133304393861,0.0302960398502396,0.080253587141324,0.0407554742116221,0.0388665269570437,0.00911583423782537,0.0196859596984413,0.0594109446441324,0.021924805608409,0.0527660309276988,0.0358475659306062,0.152404094956374,0.00861897174586059,0.00886278400610831,0.00337454324574205,0.00662736198355193
38.5,0.109287327709977,0.146036972542068,0.0384269843315986,0.0168366855562163,0.00715752538923853,0.040833820560423,0.0248774179460671,0.0294512716284506,0.0913451831669346,0.011561044481353,0.0391299211337949,0.052557485170911,0.0404170891479854,0.0050508740218854,0.121780614464153,0.0200013895175579,0.0215286855195096,0.0254748036008952,0.00635955746408263,0.00558549117880859,0.0234462658704985,0.0086705618100577,0.00256680194217275,0.038868875915838,0.0123067058569361,0.0307757874399415,0.0252248650488249,0.0145134924065711,0.0278627299923214,0.0102762865418605,0.0442303697436152,0.000315489441889216,0.0251629462503703,0.0126787748506393,0.00917767658162178,0.0133277778309959,0.00468563586181841,0.0165251618142914,0.0581338197584096,0.0215354490991368,0.0182338309483135,0.0246750390659438,0.0140111251609749,0.0492661367079536,0.0298964095289261,0.0263547298743511,0.0465174886050392,0.0154425680802261,0.0100635126413986,0.015219015673452,0.0645157554874516,0.0309151962117083,0.0811758271650677,0.0522284548320912,0.0112341425339048,0.021673927342831,0.033721210433384,0.0326027153292138,0.199293715154929,0.0335281733195658,0.202019596491735,0.0121682990668094,0.00319653323735255,0.0114502221304363,0.019904973701344
38.75,0.0722055370633496,0.0506848523163621,0.0630977413664792,0.021762055858861,0.000856439025458186,0.0128933515720977,0.0303452685635361,0.033267143424548,0.0120612482976478,0.0332325309188289,0.0967850200965298,0.0274625832834556,0.016272131664035,0.0390220303447525,0.000979537741975781,0.0294744514634552,0.0119814147397192,0.0337036144124088,0.00264797959342172,0.0051803379736621,0.0213878288107786,0.00323965764238457,0.00597578984205928,0.00112441761590402,0.0201530634782007,0.0260573969899188,0.00093448385146116,0.0331469417937439,0.0622515235409705,0.0154988251885204,0.00131711560993591,0.0405263542227755,0.0368838352713942,0.00831380651469335,0.0115875673451242,0.000812656881985285,0.0135088448220348,0.0134136025373413,0.0514967729342778,0.0111295946441841,0.0234180623503906,0.0188813436872232,0.0097833710245813,0.0129702492470552,0.0300183998073567,0.064485200587381,0.0812441635227534,0.0241586123023748,0.00216234169570252,0.034141583203697,0.0224767400572516,0.046383913603066,0.116679430960167,0.0257232356134323,0.038542851232589,0.0350772159349775,0.019452479723002,0.0474073004919584,0.0125450200432997,0.0472402007438144,0.0172691565029282,0.0121882377869927,0.00203371199061113,0.0467126022500639,0.0202326429338274
39,0.0580755173624168,0.00358655387768618,0.0106776110899347,0.00265027211993767,0.0153845893441124,0.000902893228366056,6.19242129787116e-05,0.00800550316074132,0.0103112401711474,0.058323418521736,0.0363148832630773,0.00828016633144407,0.00691731153404788,0.0221864637261325,0.00930115533735104,0.0381002270041601,0.00391016563093345,0.012236678951213,0.016097041635068,0.00190599315822295,0.0210821556605077,0.00257928653621282,0.0110703177120079,0.00228738841652416,0.0119706496283807,0.00404947888119129,0.00154247430290618,0.00891490903937378,0.00606629069854745,0.0136375931711902,0.00528072834644272,0.0440278271733979,0.0249614497231166,0.000190892391938373,0.016295653391313,0.011612613107394,0.00269526665984101,0.00630764991788554,0.0604384023903156,0.0024753193292795,0.0252688208359669,0.00445759209602813,0.0109080865046045,0.00616628137095844,0.000472747670236826,0.0226221312359291,0.0245067248390296,0.00626512882364809,0.00666882136676391,0.00598929061785589,0.00147536131020528,0.00677335526987133,0.0612825725637011,0.00349583199020856,0.0241620782134606,0.00600400289770092,0.00708286280619973,0.0326259328446224,0.0263988787518378,0.0255781565853063,0.122311134437964,0.0391231361552559,0.0157839623382963,0.0145907075640529,0.0114435288712
39.25,0.0511818925261579,0.0194780458709426,0.0071746083152988,0.0113527559807662,0.00536106062166601,0.00417227150154213,0.00519636944623515,0.0330104731695408,0.00799338478975596,0.0087920800837056,0.0129131210759094,0.0336402835859318,0.00785362678922309,0.0398665848264676,0.0162887576701111,0.000742591312413379,0.0166989813561754,0.0133310409941472,0.0151625272985856,0.00859227949419623,0.00167827893948383,0.0228857788365557,0.00214470462009124,0.00900720355468674,0.00156074059455909,0.00120421407577149,0.00893702533522566,0.00218497104856811,0.0222845649910592,0.0811940209423315,0.0191081190976882,0.0321296968396436,0.00254505237684814,0.0196569844198821,0.00331510120792739,0.0164473863874294,0.000513384255235506,0.0151875282273577,0.0192295627227085,0.00532294915469444,0.00307492580011249,0.00937230977326547,0.0116355921783426,0.00995162473791463,0.000562130982512502,0.0445459379451409,0.00158321193469871,0.00660068154741333,0.0104870831507446,0.00367017124991729,0.0145950985019814,0.0131226469564273,0.0064855011290585,0.0145419671562841,0.0045101799085743,0.0185300104782093,0.0170227822675919,0.0524421621191849,0.00699166910131446,0.00754365361476179,0.000360225251039721,0.00695272280798149,0.00765681026035293,0.0143526760914975,0.0112894511954552
39.5,0.0642462597464698,0.0258439932216503,0.032957763310183,0.00939566003527471,0.00494356946470034,0.00203890072824923,0.00316985542112812,0.0105158632274372,0.0242189294935918,0.0365688740587943,0.0123030508520903,0.0430963883789644,0.00560125715884768,0.014867535906057,0.0274976633653951,0.0264405043884463,0.000137108702612061,0.000967831313612279,0.00867665511441973,0.00848282782203284,0.00396650435813838,0.000830918898799172,0.00830725174934604,0.0121490207561381,0.0224527735044707,0.0331346751847338,0.00574086373811219,0.0011641648341698,0.0076922859436429,0.0653525056287741,0.00967875648281268,0.00219927820463794,0.00761411486996505,0.000665760714566784,0.00252164158017737,0.000806295531365742,0.00778355946724166,0.00699836517769948,0.00119012670364142,0.00427282667067221,0.0210718583758998,0.0135164751434684,0.00594780119205687,0.00694877900498283,0.00509647098944011,0.0419838084071803,0.0333967077612476,0.0227967567593696,0.0036607382361397,0.00733531243912301,0.00978458874667656,0.0126692302718192,0.0258917228387389,0.0294800452308785,0.0083733840749811,0.019879778527193,0.0119227192667745,0.00154296216013607,0.0385342836170982,0.0377625854870024,0.161677615498715,0.016745996545559,0.0138656779166321,0.00267522829467027,0.00198479165614691
39.75,0.00841829701413434,0.0374040723936532,0.0149184079331372,0.0175845686582755,0.011804478210968,0.0156484109423102,0.012617053574387,0.00173447392296643,0.0869936337180564,0.0311058269454261,0.0401435810219027,0.025773236244079,0.00634767989070718,0.0117555851096291,0.0609369264388726,0.0241861074505993,0.0136285896890869,0.0135111715022762,0.00313935239999174,0.00336151688253754,0.0062209862493518,0.00405971598491701,0.0055870613278073,0.00357588040332725,0.0107732330472435,0.018150342087383,0.00806208820702192,0.00592854897144521,0.0151389550724224,0.0100500175266439,0.0180433794442039,0.000985078708004645,0.00846499310508591,0.0208652069845007,0.00941962729492249,0.00276467803926994,0.00977451264768048,0.00152309317216758,0.0129903786117997,0.0368012668659066,0.0072402259661413,0.00399587656418879,0.0140980087576494,0.00206339759801417,0.0416543512904025,0.0117729709138063,0.0121741029248195,0.0578591757086751,0.00504064248132263,0.0111865750097913,0.026380321253836,0.00875581275112011,0.0139198720714833,0.0344855345246724,0.0240586908221657,0.0140598694702033,0.0416184884629132,0.00773361823940759,0.108952133640073,0.0414396114172654,0.46090592925853,0.0362379193720443,0.00285698272383556,0.0219926263721839,0.00255530740584682
40,0.183506303881269,0.0465225103499221,0.01783136475854,0.0104403508132836,0.0107986555273185,0.0159305253383804,0.0148815532681945,0.0309531482610225,0.000159217610931775,0.00712910650375071,0.130627199562868,0.0179502776652098,0.0148508888662229,0.0193244307970585,3.63697759141916e-07,0.00327625248476419,0.0116987981482463,0.00215421238055275,0.00589286783223395,0.00957418260172486,0.00211564928822137,0.008336545250104,0.00898779654423543,0.0275252061215325,0.0278218334455107,0.0172915244570856,0.0140969708090248,0.0184493921441745,0.0483641329275079,0.01815983720915,0.0333548563125703,0.01100354148165,0.0109947918668349,0.00649804722464225,0.00340632909461011,0.0178642988346235,0.00915520639680719,0.0153147961292563,0.0285365502423747,0.0191238336039106,0.0137742777957928,0.0132393368473814,0.00689975293508428,0.0317280173306597,0.00794344295458277,0.0382293542341527,0.0521015512409024,0.0292032772354176,0.0186399419201752,0.021008873650185,0.00122062029381889,0.0200889640059772,0.139224053942628,0.0238915253971307,0.0396698911538681,0.0267740821201425,0.00344989919644078,0.0110094518074981,0.0064014460257855,0.00749203440750505,0.129172828115773,0.00619758270288651,0.00572753622276913,0.0104970482942987,0.00237421433865327
40.25,0.0117432127342497,0.00577400228030451,0.0114966080425931,0.0119306291595444,0.0516615978734488,0.00856490259597943,0.027008220686408,0.000515067007585483,0.00186783588270167,0.0120263093913616,0.0432403138735577,0.0153314227361629,0.0137876346803052,0.0292084471004562,0.0133482129727764,0.000276681837409257,0.0219192190943202,0.00313353960281035,0.0144900345502154,0.00705280290884823,0.00975793722371721,0.000157352056638971,0.0276757837649707,0.00013872133443856,0.00647776539213837,0.0307758559474833,0.0326335856840106,0.0070362731019034,0.00553402187456571,0.0116119048508103,0.0420928620184365,0.00868150953500786,0.00979680449217163,0.00549070307888899,0.0188444612991383,0.0011636485887294,0.0188740250107248,0.0017325069680282,0.0331154916248987,0.0136209738335029,0.00994346762967124,0.0110142064314598,0.0439303046393889,0.000685622140324186,0.0117395539883873,0.0107124975158576,0.028938705006615,0.0226865357725911,0.00827490528504701,0.0214469170524086,0.0183797625711337,0.00126299319111436,0.0522770818891379,0.0123058996998855,0.0354279002454901,0.0201067557437426,0.0111144941812674,0.00805635202044138,0.00506409731593163,0.000488199126952293,0.0919301582066595,0.000264089410679575,0.0104629876647097,0.00251345033370603,0.0033975482447557
40.5,0.0663883123674653,0.0222756045835475,0.00785129955707358,0.00025048972513587,0.00211829994061611,0.00326248177232364,0.00032282634036155,0.0125805358071488,0.00161069153063338,0.0361399591205855,0.0263512385042466,0.0199349994880999,0.0405420994379373,0.00529119282595259,0.00873182799696452,0.0136093279496693,5.04860499885667e-05,0.000564433714150238,0.00719050105322697,0.00139372766391596,0.00222987518509411,0.00320483560505188,0.00311857109935689,0.00425995906725413,0.0112492473176667,0.00184940722881706,0.00396560706131306,0.0131460160336039,0.000886053107533765,0.00390292715529231,0.00233071225122646,0.00791098197077012,0.000101292168305767,0.000639422502653148,0.00273975861775725,0.00540742966942583,0.00151276185581953,0.00284269199700772,0.000925463600745134,0.00586230996534823,0.00528269646509747,0.000843067281023139,0.00275457711206925,0.00456865602225452,0.00196691902587276,0.0396447492997082,0.0139869114248457,0.0232093181259889,0.01152230252354,0.00945123379736666,0.00447667381823455,0.0177478813069026,0.014703484724745,0.0150552765990227,0.0117439284840242,0.00654372637206981,0.0135109582807467,0.0236974321583502,0.00747807598605645,0.0145875884414329,0.0685444596058238,0.0125490986358995,0.000653058293953537,0.00908449931701298,0.00771177064794824
40.75,0.0122181978708545,0.00245549187935,0.0113321973629627,0.00456804919411705,0.016771454622395,0.00362515922610105,0.00566275298703795,0.00910160035780376,0.0953399875634929,0.0271645276210371,0.0165311984059716,0.000522441178047995,0.0244959877472277,0.0152289888623654,0.0541998581007073,0.00274134117904048,0.0236399790150221,0.0323636355853395,0.0397863620864871,0.00194987264616783,0.0316512636131305,0.0105759150433145,0.00815399295277159,0.007686751901231,0.0278483404245982,0.00491757071463073,0.00368460285806251,0.0019431812805967,0.00776975306041123,0.0155157291637856,0.03601554637994,0.00259368828544129,0.032454254191468,0.0160509724196204,0.041321059519358,0.0170162986715406,0.00141302728214293,0.00516616502440803,0.0198017397790897,0.0054114152125551,0.0378437479039468,0.00144454583145101,0.00172790047513521,0.00611502985027291,0.0157247150569923,0.0120063834249226,0.0158295162487997,0.00315084788776556,0.0110333685680717,0.00202707858859608,0.0234203205522502,0.00627175186523868,0.0353418803378434,0.000129171142669639,0.0179391877740743,0.00395234006142404,0.0427584127483282,0.00692146712744225,0.0689257742416291,0.0165785100964504,0.546159378249544,0.0294228318657882,0.0158438357581914,0.00848700269671256,0.0351429506138209
41,0.0318240145463142,0.0164987983087241,0.0127556719619686,0.00150997937537487,0.0061268924458509,0.000829058388685062,0.012844098961977,0.0243986065791218,0.0215652104701571,0.0113746470208711,0.0194770657114098,0.00345513574276211,0.0115322228241443,0.00304001167973294,0.0440677616800638,0.0183587578822914,0.000540569357368251,0.00232465862527502,0.00862794682197576,0.0113634648806037,0.0157978230802258,0.00776643496329352,0.00326661458715867,0.00609898206100585,0.0188379666590548,0.0041183960356968,0.00692227842550221,0.00624442928979871,0.000246675229448869,0.00529134621732793,0.015547367329981,0.0145831981402744,0.00809312977352802,0.00579250994315636,0.00434960749316428,0.000367026544546105,0.00415094993472831,0.0152463496988067,0.00464176766316319,0.00486986421994934,0.0124193156695965,0.00531166948833127,0.00191695171171489,0.00837600628965085,0.0167121031001083,0.0376697112475562,0.0160718028476662,0.00191853610030803,0.0026384021437767,0.00284886460046892,0.0250765807256945,0.0348360363088977,0.00195731422533651,0.00683532930537902,0.00479103919427314,0.000835327828759768,0.0138507122620275,0.00479937957802728,0.0597959188379856,0.0276123286370593,0.161228165404801,0.000727452458642583,0.00679923100342509,0.00577556313752129,0.0154360773988908
41.25,0.0215324178678391,0.027668731336756,0.0185653092276911,0.023125103086545,0.00764114224272385,0.00893540609144037,0.0181419893693218,0.0320232080035846,0.0320568719723052,0.0396985386472088,0.0224038915180208,0.0104320136009182,0.0035552173977072,0.00341383775120969,0.0111390978074368,0.0134572523360373,0.019177774325839,0.0164244864633717,0.00185045316664007,0.0218926386768055,0.00718804920753004,0.00950416993495653,0.0174858639590302,0.00569255327022611,0.0062031964017359,0.0053380548335699,0.00336202192913171,0.00291721820764399,0.00774081732205337,0.0130206219353239,0.00315922170646042,0.00209644629297316,0.0182245636649253,0.0206809166070798,0.00457387035747499,0.00323570976254559,0.0186813651780164,0.0130452429447266,0.0185135304128019,0.0274652719318198,0.00430897049326325,0.0165021131855043,0.0201582740748493,0.00622786233459661,0.0214188790135386,0.0690867727195885,0.0188130128942661,0.0345446126360761,0.00288222305275326,0.00198413017059671,0.0139176945736064,0.0207689533307625,0.0234540864814157,0.0232017394161296,0.0190594729422736,0.00844978837856067,0.00457972667090849,0.00104214998913835,0.0449873605625513,0.0184603447037026,0.0936648642892681,0.00548029791328024,0.00768799427685309,0.0433136723932834,0.0107385604925038
41.5,0.00713755113969989,0.00394194254830182,0.0308322415837371,0.0132980746347007,0.0115567735061626,0.00287893891693884,0.00937330716607014,0.0420792419179897,0.00846793757486882,0.0395705818818129,0.011126054128865,0.00103112571273813,0.0279346353201339,0.0207907939511096,0.00173939050235522,0.110048434820714,0.00482053745492079,0.0191170040911797,0.0113842052060245,0.00390728890920152,0.0323448542990258,0.0128251690941212,0.00775027864283011,0.00134228351002294,0.0293150426037847,0.00044679655672024,0.00928642929173626,0.039795162648079,0.00312454609304724,0.00730205857863116,0.00429631543559525,0.0284500742179331,0.0226683665501934,0.00674692425563766,0.0118934055238394,0.00121000216567413,0.0182686724778624,0.00785481950527537,0.00241025471299656,0.00361096803532629,0.0131829187880319,0.0163128622260818,0.00720427196239438,0.0160262921016597,0.0121174005454296,0.0857893109283132,0.0228126749508069,0.00380077677257643,0.0064913216323293,0.00608068636552967,0.00359216419805652,0.130454480464696,8.53356213477295e-05,0.00195269072788224,0.0166934338948785,0.00169258120193686,0.00438445410797767,0.115101990210286,0.00891784580882771,0.123088327892384,0.0887707341017333,0.0549786775959124,0.0118309279102625,0.00221604329703898,0.0239365644446199
41.75,0.0680231597857097,0.016551941628373,0.00550383907178984,0.0248698354091632,0.00836526586657818,0.00303955989152469,0.0171813631024431,0.0165174041191733,0.0356261302389214,0.0201810310472136,0.0326660143498319,0.0177102665545887,0.036494993600141,0.00227038889639269,0.0102271765806281,0.0158055022345504,0.011473846440585,0.00874601555053327,0.00755570163830455,0.0133474028018999,0.00768778436177899,0.0131238014695774,0.0151389733047854,0.00641323887396974,0.0222949097338857,0.0111045329712444,0.0194658043073651,0.0168075613930954,0.0392514568432824,0.0461886252463402,0.00259008649439917,0.00565073015869082,0.0037387035198844,0.0199722976270343,0.00599594482390474,0.00034205221960033,0.0121748996544968,0.0208520443000357,0.0239746105535658,0.00785527496712389,0.00367273941199417,0.0235539489402875,0.00779564920569283,0.0118496157543331,0.0276217810177968,0.0296227404466489,0.0219317906800575,0.01193805344357,0.0149968283122358,0.00432080880995019,0.00570220626198212,0.0294608354515562,0.0342403956861772,0.0202018760583882,0.0495316510685664,0.0161543828878224,0.00137805013060656,0.00478067456433286,0.0170280152026193,0.0182788739759565,0.0878851391561862,0.00143268623236164,0.00898118053880127,0.017695487582228,0.0144433507275817
42,0.0461541531319388,0.0194011669240275,0.00748166635623323,0.0246870557044766,0.0211119670253566,0.00917395656437251,0.0182429751148321,0.00123674736570386,0.0142236383196549,0.00874403169246574,0.147536492997138,0.0157770525518445,0.0288428973059375,0.00965474276015512,0.0125745339079933,0.001442860658426,0.0238860567471998,0.0158826039705506,0.0252120452814418,0.0149907789760712,0.0036497502760215,0.00820899854299671,0.0360587701548158,0.030894675654184,0.0265498741703623,0.0221053577846558,0.0154260256677744,0.000658269449486886,0.0860695928860438,0.0154750143209244,0.0462093121962784,0.00619125238513391,0.00656695133228547,0.0391988674558208,0.0226510296941218,0.033293173774567,0.0184501776280243,0.0129906454126347,0.0173503753235573,0.0402548868221309,0.000996748500078431,0.0017917834617357,0.0229352762978879,0.011460543528369,0.020625915872198,0.0108045986191639,0.0504968151524086,0.0289669596721511,0.000111383782449169,0.00261282208029598,0.0167145825372153,0.000381815995638485,0.0952748194426919,0.0174478458717322,0.072864170104919,0.00418235726034473,0.0191099072201342,0.00371694152375562,0.00507733849280595,0.00467562802269984,0.0678013037055045,0.00588709392636111,0.0454346359230974,0.0230596262359781,0.0096008715188428
42.25,0.0130152944242505,0.0132269158151397,0.0047616515309892,0.0127445608149893,0.00796027243523135,0.0240885952626736,0.0211182663269341,0.0108663056201514,0.0194489144485697,0.000250006112657125,0.0239451682088085,0.0455543991007419,0.00407489223006973,0.00981682876584445,0.0429264265746524,0.0220721030144975,0.00966083311262717,0.000245121567297276,0.00932029548026824,0.0107007161351757,0.0113222658213728,0.0049073935357783,0.00450797222646712,0.00900355538134082,0.00807286841683588,0.0169951789107342,0.00992809748408606,0.00701234307407621,0.00971857787275032,0.0184084906177577,0.00502512396052012,0.00196368534578143,0.00252422114935052,0.00932309206007314,0.0114203129478789,0.0175600464114071,0.00736306352092547,0.00534307596439468,0.00165697008388937,0.0209439797958058,0.00643508177944644,0.0108536101635908,0.0163255114958319,0.00632465818547138,0.0212059959753639,0.0180835064789804,0.0170547053285642,0.0314805486255535,0.0104993498378467,0.00729196770080624,0.0337826037112241,0.0259627477597697,0.0262966496640879,0.0205621999174258,0.00310462714967961,0.0200038787406615,0.0141823404624427,0.0464493964389786,0.0533301070524524,0.00826760695933303,0.102153504154092,0.0138911236401907,0.0130637723384757,0.0176580247261522,0.00135569152447499
42.5,0.0500070275759531,0.0233752939998349,0.00157313968205217,0.00316820916333271,0.00191690345324457,0.00694674867536763,0.00226204023571663,0.00573325984499292,0.0114250417878263,0.0228136036225415,0.00897176553256879,0.0259573051260901,0.0291117279174968,0.020497070456745,0.00749966495444314,0.00107618967249786,0.00927823996887255,0.000443087486846579,0.00326611150048659,0.0173658307188212,0.00356950046694944,0.010051304032427,0.000920417763294578,0.00581311792761362,0.00126208438104543,0.00569683012805015,0.00344955447335882,0.00891766334816552,0.0286693734611953,0.0310268612289195,0.00655363120999217,0.0194522138360816,0.000489169107547583,0.00336814580764628,0.00607290462084503,0.00634307198905588,0.00560095683995383,0.0130344619098969,0.0090796790022471,0.0116730897791062,0.00406411675985971,0.00805215705778134,0.00257535687715637,0.00716615115358284,0.00943969047441344,0.0291469607483539,0.00257089799757551,0.0169693521377299,0.00353728016970499,0.0111165328227083,0.00338171986619641,0.00417072032046988,0.00844511370038324,0.0195894481178016,0.000915534390692535,0.0101782451342578,0.00884146046017557,0.0121935228296863,0.00702033304259094,0.0149028533829135,0.082088171083694,0.0119833710930962,0.00229444656899473,0.0310515125472878,0.00415269834073443
42.75,0.00785501743978429,0.000817395317723171,0.0187819308222818,0.00445296079957419,0.00357398401623697,0.00930440805054138,0.00154751603040363,0.0234420471791226,0.00218982541586011,0.0133839094523768,0.0823467966078006,8.90044429618737e-05,0.00444234316937794,0.00667562731228495,0.00182869050923426,0.0177488844486465,0.00184001897405751,0.000409803731323304,0.0109257093879659,0.0218260190425861,0.00174469537451801,0.00141512002922578,0.00355525239811884,0.0150763224207633,0.041804429643838,0.00033646227077203,0.00211028984865752,0.000486241771764108,0.0473470286960919,0.00908467882251576,0.0216485250214046,0.00940297618539833,0.00158149616769809,0.00646787241638225,0.000677084943156231,0.0118855474060337,0.00948463687825913,0.0194379822232444,0.0118027317867532,0.00950437292070761,0.0135790904590899,0.00180542859017065,0.00117144696030407,0.0124943839422872,0.00540115130456338,0.0511934288920497,0.0481171287011613,0.0225962233243689,0.00906483376687039,0.000758525357294831,0.00145460467293909,0.0467259131281593,0.0348281983617124,0.00152877981954627,0.0414814070702185,0.00284769798992729,0.0200490943364453,0.00951944033894155,0.00273695799793099,0.044691511542861,0.0265318737211201,0.00421396671941835,0.0109530534396903,0.0262368275798725,6.08103862134751e-05
43,0.00031287081269173,0.00736146984372667,0.00226006725964495,0.0188281758034446,0.00980962910016424,0.00533139858615679,0.00230995966253409,0.00663673153696948,7.98488107087858e-05,0.00222795991782653,0.00464872648356054,0.00327416615849808,0.0125388015486445,0.00347280319742038,0.00466633599278412,0.00613297268295425,0.0112875657546452,0.0101971532153262,0.00925073233810949,0.00475766983459951,0.00482372577220182,0.00103639577195951,0.0166504064067598,0.00438153915966227,0.00878863238672668,0.00155970265995724,0.0071139412577266,0.002987027609225,0.000212162918935987,0.00791648102031292,0.00327857247179966,0.0223456562884745,0.00845676211699924,0.0181716118858461,0.00621124264105351,0.00756205724116054,0.00317363136671152,0.00158232959778163,0.0260267605239977,0.0171492341939678,0.00818174746589458,0.00282966759500083,0.00430021994825517,0.00287888493448081,0.000290827903300009,0.0116301713561425,0.00673470528030496,0.0109556915022561,0.00250367791760229,0.00295992405669051,0.00161474032153599,0.00877824315542533,0.00829778061370932,0.00449558593441921,0.00356880257546172,0.00200484244937078,0.0013472790584708,0.0115993543789949,0.00324497540163771,0.00711643981275557,0.00505382079368508,0.00131248920494693,0.00333513746306924,0.00620566432151441,1.19788754403994e-05
43.25,0.126052333639987,0.0199304460761473,0.0194103259793719,0.00731736836251711,0.00386790878259853,0.00715347155303405,0.00790661653583388,0.0153005064260842,0.051370550857021,0.0658946290144354,0.0625922950746137,0.0262978187988752,0.0174142846660752,0.0267488762996883,0.0191205670787519,0.00796511960573712,0.00987634308144718,0.000236483910639074,0.0350341055288072,0.0200790945913295,0.00649393615850887,0.00490168204870127,0.0187662216399873,0.0125734799702959,0.0382094394485305,0.0187750228906333,0.00204974102027252,0.013306848870323,0.0520523812262556,0.0067200448155198,0.00397557464992635,0.022265815192858,0.00102856727977631,0.00313855481755625,0.0219125534030169,0.0105100701833442,0.00885564668204934,0.0163216257037193,0.0422527272006947,0.0103883383950927,0.00125453754748524,0.0135694576098863,0.00383193890368291,0.0132324920839445,0.0205016261487674,0.0353273712665321,0.0641180370159419,0.0184108217854934,0.0153246244870878,0.0305519673032996,0.00939560754888024,0.00849215017928181,0.119456050966473,0.015697392010771,0.0401414510661927,0.0309835980297053,0.00183841722012732,0.026858406266086,0.0293041551945071,0.0390794956827935,0.104994714908195,0.0407783999614796,0.0211958570880845,0.0345047946956481,0.0071502123388892
43.5,0.0465863674272652,0.0631640784123658,0.0128467569332679,0.0454570945292302,0.00589817194345475,0.0042631104718501,0.0109303672730375,0.0376809343731316,0.0173596307922536,0.0405659752257157,0.0278713095322936,0.041116959165701,0.0524952133246972,0.00252953426727465,0.00420491454953156,0.058582596782055,0.0207758851962509,0.026035808885856,0.00058064947686096,0.0243107758222538,0.00856133845035942,0.0207283344249831,0.00211359430481349,0.018740629786381,0.0041480895267471,0.0111599833760545,0.0171102404576513,0.0264638866405194,0.00604534725649319,0.0140729090021597,0.00409480967453903,0.0247033742892226,0.0156654028679188,0.0415557394021772,0.000450569874934887,0.00114380121659612,0.0110262666056278,0.0267366746903114,0.0513941005286849,0.0457388842144486,0.000531710059834426,0.0173628562697417,0.010142333824479,0.022174676367371,0.0124355557934704,0.0316198737639837,0.0181818090067737,0.0418615143726503,0.00312845252605924,0.00606767991242485,0.00561640102837347,0.0640365502642045,0.0401035324010785,0.048411688846952,0.0124585305646353,0.00712981013066805,0.00467584153465493,0.00471686634729987,0.00115268483518582,0.0611753524704825,0.0904146835059352,0.0155171566120348,0.00835209202114222,0.0194746598467052,0.011276332384037
43.75,0.00157652107362979,0.0177799306792213,0.00923088381608005,0.00827735265407096,0.0195440750018874,0.0104439233242751,0.00251763012404039,0.020113553903117,0.00826025039944549,0.0194902618877396,0.0166297394426682,0.00928781748822669,0.0741027405242128,0.00350716816888009,0.0268827135976819,0.00675269869644584,0.00707671611817998,0.00564036932546828,0.021204444036048,0.00152467370477313,0.008071828126914,0.00225053087291774,0.0113726120281154,0.00111303660072448,0.00669392639332006,0.00799125887281739,0.0160780801030296,0.00771836330305517,0.0334628148863475,0.0181360240235177,0.0226790525101818,0.00854874935893462,0.00214427650825995,0.00107176277321095,0.0132067864953112,0.00478269770307734,0.0121194930558443,0.00317339323894712,0.0234094436313888,0.00141790728428966,0.00780124745965217,0.0212591556101266,0.0191490290097226,0.00795071077604684,0.00281727721986454,0.0573024662481478,0.0133596294427374,0.000904665870449879,0.00776839423795352,0.00916533418375736,0.00419946350949821,0.0212056229095914,0.0216473125885149,0.00637344095831128,0.0194259227756413,0.0032126082297206,0.0140903791184476,0.0125934905554826,0.0258213088298205,0.0182697452156944,0.104079841838417,0.00436319594761194,0.00266893472651684,0.00137736768694428,0.00613640299628944
44,0.0813140018900801,0.010252932983764,0.00504106791030334,0.0034199022630751,0.0122873468064059,0.0247687151493746,0.00935318604150298,0.0146088767296734,0.0629510466286126,0.00922395892523456,0.0214447173292225,0.00101299322488633,0.00560951273567201,0.0104075901193641,0.0670843525067823,0.0279810975743061,0.00756593991053527,0.00178347026968576,0.00338934368599565,0.00453413217430773,0.00200425165555849,0.00129980599162504,0.00722563086870863,0.00691308436280961,0.00936909305068219,0.001709855863584,0.00137966654480826,0.0348260614255724,0.0134164077249072,0.00437862047344586,0.00526062279162386,0.0451471102987083,0.00160737894082506,0.00260976687180229,0.00937993463441292,0.00119896221504573,0.00521225464756615,0.00433591647562517,0.00986132244378855,0.00797361390867577,0.0186368660454409,0.000635251656461728,0.00660465851134124,0.0188703447226147,0.0218908945545722,0.0174920885625708,7.14585480224514e-05,0.01066686500767,0.0216250789041992,0.0197589352427427,0.0264606369907945,0.0290210470978433,0.042721182319275,0.00627220901456711,0.00147218395542511,0.00444718675608047,0.00216169241440287,0.12572242631949,0.149642676988715,0.0102277036473159,0.149527341699584,0.0117375386886747,0.00352910114962924,0.00532806187937855,0.000696773707920268
44.25,0.0121109011206825,0.00383233763002612,0.00131656616481291,0.0159102572464377,0.00984528999791247,0.00918418633002333,0.0121783837659615,0.00801789548803498,0.0550628580414712,0.00175181415368436,0.00155127737342565,0.00359248301245927,0.0345576984770319,0.0104949583132495,0.0664513926510812,0.00475627467074231,0.00826633045020379,0.00302228741748328,0.00611388153216978,0.00922441842870555,0.000865989278188341,0.00416030834754715,0.000134902670302542,0.0070612436287262,0.000551737030431407,0.0158081928866117,0.0182612141233488,0.00778256132189308,0.00265431268222549,0.018964403519985,0.0296830134149653,0.0127620940894941,0.00260129360007685,0.0164486861370321,0.000774139387170621,0.00694207020530159,0.00065023048417454,0.0107908690414636,0.0221104636072406,0.0118928190231702,0.00139117702714353,0.0274791464893718,0.00670816091350352,0.0133389520097326,0.0166093469864087,0.0082640248573663,0.00531514695702477,0.00659766042312543,0.00687628208252395,0.0192314244358573,0.03244892266729,0.00314907815480134,0.0153910689633493,0.00634445876848356,3.38783707603726e-05,0.0159080006315296,0.0398988014459338,0.00272168761724766,0.122117731965337,0.00250836198061785,0.248870304222941,0.0135829417982651,0.00326481141271207,0.000529554053649804,0.00157110142472332
44.5,0.101741580589058,0.026034387496226,0.00493152188621276,0.0119793505944505,0.0138468571009427,0.000441109426469151,0.00196303215162401,0.00910770376602,0.00367710337377627,0.0164002414331595,0.0011884345562004,0.00801163489847519,0.0272865931942878,0.00288665720256025,0.0164498799391587,0.045060138857753,0.00939756010434284,0.00156439150974492,0.014742612489327,0.005789955588229,0.00070142781246289,0.000197077443805857,0.00564458057365346,0.0122139796702247,0.00186788771631684,0.00653962797009631,0.0135510822868847,0.000375952349531961,0.0108222029167407,0.00202796198910159,0.0501038395329303,0.00133424291083896,0.000318883893752937,0.0100896529789519,0.012307361830952,0.00827032678711431,0.00523363440312035,0.0136518067645939,0.0209216326282744,0.0231740742881792,0.0099856538593399,0.00568942437474531,0.00498542529075225,0.00279468578170115,0.00109049728621117,0.00323181309710436,0.00159471361401055,0.027057033271192,0.00906516850080605,0.00487122451926239,0.00870689806139102,0.0243231312456034,0.00279712551071501,0.0225930899356782,0.0092620271972478,0.00400868336093303,0.0211614502177435,0.00502901769434631,0.000177462828746853,0.0535708437684201,0.0350658683367011,0.0116556943086639,0.0115659927281805,0.00758730585125604,0.000782791557374648
44.75,0.107709483217322,0.067280302980883,0.0135144463995919,0.00976615277170543,0.0166822789147539,0.00136073645351605,0.0358451333606158,0.0764482694976521,0.0445658207858038,0.06913406859736,0.145092832983923,0.0449745214177171,0.0241410238705678,0.00178191641299732,0.00804914669029531,0.0199530796449483,0.0248130110264895,0.00479423448157028,0.00351553121195154,0.0680547708879662,0.000213514844200659,0.00178105014162289,0.0315219741796374,0.0205359639161999,0.0250385658667895,0.000135339314744439,0.00967115950437772,0.0221900675529588,0.0955401263955255,0.0336452135297334,0.00659005120753703,0.0298199341732722,0.00425393485958765,0.0117397680166868,0.00577037858175899,0.000167628040661225,0.0364726409087811,0.0517385328715338,0.0466639476054509,0.0385698415574626,0.00103521490019687,0.0028974202130208,0.0172711187392223,0.0163582510232481,0.0383304980974835,0.116735597281462,0.0568034338414745,0.0311607451037375,0.00708990808846858,0.00358396898422201,0.0237973747449765,0.0572632935722751,0.116624397911256,0.0554728920254136,0.0546751215755006,0.0136132651939183,0.0107546186420562,0.00224261050525487,0.016539194272534,0.031960843410635,0.0337557753588001,0.00559173283500901,0.0303206156121706,0.0591079055073724,0.00028141977772198
45,0.0348708981021685,0.0199621939961876,0.0110644891047703,0.00718368247023429,0.00465526262576798,0.00644564743546186,0.00868267094444462,0.00517014844630917,0.0117345601312612,0.00962648866223334,0.0348953842872234,0.0116940572081686,0.0104583060051288,0.0035555557912708,0.0228757153062677,0.00256117421200264,0.0031108756904276,0.00290123054257962,0.0104351557053603,0.00105811132039156,0.00749788344754552,0.00580650328298263,0.00193303363873156,0.0048176383529806,0.0167861607276313,0.00305098269150051,0.00292755398511769,0.00254100581241889,0.0485787157894446,0.00977587793335328,0.02374462953743,0.0058792881164188,0.00356109012483327,0.000744411247886635,0.00528507607229713,0.0060143746377582,0.00876195774865266,0.00114099338207055,0.0293040239911098,0.0105805566962562,0.00546122269966789,0.0171266237258629,0.00538206425520889,0.00179838421922912,0.0119218176958555,0.00859788915958299,0.0192176891347835,0.013696078666641,0.00732555741780733,0.00757779491374276,0.0172204703351385,0.00414137266547003,0.0449347908279154,0.0131761837129574,0.0339910938451107,0.00353871755612021,0.0346393489977888,0.000473579885273885,0.015902056946865,0.00445598361152329,0.0937704662256438,0.00136870788180144,0.00157957029314938,0.0079770777959194,0.00610390848716714
45.25,0.00774268701037483,0.0222882216959767,0.00111506164506349,0.00627138708941869,0.00132502646033382,0.00691211949233535,0.00397138007627054,0.017383949128365,0.00208224293164153,0.00932825827176388,0.0175738839907195,0.0241672200348172,0.003775690067125,0.0115556161578649,0.0254524192703848,0.0140437232395377,0.0071181250592562,0.00466093906283677,1.20658237624043e-05,0.00399391377246941,0.000613946161160071,0.0021748340765349,0.00435795843251242,0.00269100644632625,0.00484448944917173,0.0082843476503418,0.0019814155843026,0.000984735918776354,0.00507119086455431,0.0179349998616437,0.00366364706961833,0.00746497776261619,0.00103767854649285,0.00534756152134752,0.00128902804942936,0.00154084138161484,0.00632656798846762,0.00582411303131332,0.0130751145509559,0.0148850028056978,0.000306917455010493,0.00558567434201716,0.00404811728887393,0.00861826836920739,0.00148461900028574,0.0345533295886869,0.00378083863226544,0.0215196564946832,7.34811538044858e-05,0.0074252089905146,0.00559621417259084,0.0239832782554453,0.0151358465650794,0.0202673437737374,0.0158258978980228,0.0102929162847431,0.0133858353320962,0.0141559209006171,0.0265000964162631,0.0299496083671262,0.113010750870596,0.00354823507281234,0.00146419921816587,0.00482230068822078,0.00060283110924557
45.5,0.0199646347384767,0.00633308748030953,0.00146628505947902,0.00166626739845037,0.000686982889712766,0.0146441106502308,0.000151861197577927,0.0148327303953361,0.0178650893593686,0.00693154147449901,0.00766921346761325,0.0021849386070611,0.00455073810354657,0.000328855407748799,0.0268087053315687,0.00148944470833315,0.00384001985764097,0.00924371205726423,0.0219467470541759,0.0013718702411166,0.00814644888309905,0.01060098679155,0.0146891439261156,0.0235398595122242,0.00260399557018008,0.00490421252122678,0.00151274425928116,0.00593261774977199,0.021512096436224,0.0159825919806303,0.0148168018630215,0.00310473327624572,0.00425277959479987,0.00960772017699276,0.0137659708616361,0.0190335284765112,0.00345755417901096,0.00810386964170581,0.00208087425215253,0.00257194398629371,9.91829246345992e-05,0.00224970359906042,0.00116176919324147,0.00827459883950287,0.00379757957213752,0.0229206552951762,0.00542439873180361,0.00435315278823682,0.00601954841914529,0.00389137493395831,0.0100619217801908,0.0144026014285658,0.0351129182381061,0.0046898527315964,0.00192269900303892,0.00913967146100509,0.0388800060387976,0.057994825010609,0.0475164275350687,0.000223539793060631,0.0462744385180179,0.0199927206767825,0.0102524852411632,0.00190475332402677,0.0181527730957686
45.75,0.0531211093245698,0.0227181446793186,0.0252448739884147,0.00149028198602095,0.00700197655292836,0.00370059990419174,0.0114091931187864,0.0212084435559758,0.0660640102957325,0.033909946037315,0.0229734694727644,0.00729494390026166,0.00792066264534376,0.00362343004870326,0.0413809877931897,0.00754634880715315,0.0232042558994878,0.00568318349827206,0.00183305412103025,0.00833985367238154,0.00585913532230537,0.000326929690641587,0.00534076709622572,0.000541762432998972,0.0113825005468541,0.00120895726221033,0.00567738641299249,0.0235780752397153,0.0289097578913607,0.0256337694485036,0.0153787345110906,0.0209436612329503,0.0157711558450023,0.0019228534825849,0.00164821083496538,0.000196505059594916,0.0167354850418533,0.00746448944576554,0.0591895351822286,0.0151503510989688,0.00888616786677632,0.00823053636785052,0.00445967020749468,0.00726926783392369,0.0276561176012957,0.0332507713985232,0.03041040099794,0.00947379336826172,0.00353060161835594,0.0101469379472203,0.026925253077844,0.040998382974264,0.0662064225312346,0.0199630880743296,0.0263678708564442,0.00513826131167394,0.0120692639005238,0.00476319819793452,0.0805613614026828,0.0274919697372483,0.211020664091918,0.00319814555569592,0.00241170592814188,0.0195753996386258,0.00145672938703238
46,0.0724306363649217,0.00625238117950867,0.00213691241876752,0.0127459802968226,0.0127549544870539,0.00247055805230082,0.00514286858181875,0.0490037607870853,0.00837324290247693,0.0291384454866332,0.0130424027376954,0.00615242690552328,0.00420308885476736,0.00410168333346934,0.0112511821858089,0.0301934535419405,0.0112169289995071,0.0118886062815543,0.00968393025316474,0.0149681829077212,0.0122020281779663,0.00890093109454823,0.00378219525806716,0.0129058940755595,0.0081377157722393,0.00942019338253608,0.014750321821991,0.0006705728518153,0.0170905026711224,8.56986394115804e-06,0.0144381193187906,0.0197306246044889,0.00765443827599581,0.0121824262467692,0.00758321961679462,0.00134926648612416,0.0109631646130914,0.0222438836472462,0.0231161074230165,0.00620486893291871,0.00214114805202034,0.0115224207645292,0.019479706010875,0.00660156071886257,0.00335926191489087,0.0693570009821487,0.000622992425495107,0.00160023343051882,0.0174397356096296,0.0073562167029449,0.00693597873244759,0.038915852870721,0.0331721286748451,0.0035650658228517,0.0118542398107239,0.00337032698425302,0.00568980441290921,0.0214627544998699,0.0103626980384744,0.0459127030344288,0.00266527274685385,0.0107395096401407,0.00372987448343893,0.0269317910937043,0.0182211703996834
46.25,0.08828118769879,0.00404113598353917,0.004200566437837,0.0021023617545892,0.00603980961847346,0.00721901363572714,0.00525139562173862,0.00100501370814487,0.01117888935781,0.00664697918970591,0.000571333348227291,0.00615413268932953,0.00691280138922203,0.00400116371689171,0.0144400969050491,0.000377457854878139,0.00531684245454132,0.00229727020785077,0.0201625061738239,0.00436551428336741,0.00263409975422912,0.00213861894656765,0.00825921573667307,0.0025600529439867,0.00448054443314881,0.00075361415217779,0.0074671276912556,0.00163005470966845,0.0022489957945007,0.0251343369314582,0.00132060724867271,0.00218588164467405,0.00449872683482676,0.00393150878132672,0.00396679592362007,0.00752567048445495,0.00454419331275834,0.00205436073297039,0.0171638263456612,0.00385143519689696,0.00273895291298184,0.00463648606658902,0.00707938287295555,0.00578288313466869,0.00353593121632083,0.000987909360729491,0.00130442970782028,0.000348379302343436,0.0091282591028505,0.00187756066182229,0.00540223693546443,0.00213326003520456,0.0121171844863508,1.7643330932996e-05,0.000571937751748728,0.00110581911892577,0.00409349585235791,0.00369070099055831,0.0159288156142042,0.00194381129724283,0.152805678889785,0.00470211421306579,0.000576296440210333,0.000442523041733262,0.00141898930227053
46.5,0.00742292679513135,0.00397372328414071,4.64215827757952e-05,0.00094893501437898,0.00976455737704199,0.000350858808274017,0.00656103945390566,0.0132550403043358,0.014394302213868,0.0121422569457382,0.0149518120930387,0.0010854908291764,0.00401902306077824,0.00207199715254351,0.00834610098456644,0.00327344400679457,0.00167044093314124,0.00959152651069883,0.0275909683860932,0.00330054114825063,0.00683315263764691,0.00409006747856264,0.0100594994278385,0.0112959771264863,0.0018482670429436,0.002868093042066,0.0121349986635246,0.00143999798064031,0.00200917634659792,0.0059164573463676,0.0135620101862876,0.000455497624657187,0.00551899633900909,0.00561968577550276,0.00985035060368613,0.00973976077743706,0.00264737777148526,0.00621436629887691,0.00206147382366788,0.0012304117298134,0.00235686868203616,0.00147765399465744,0.00891815915959488,0.00211330761826943,0.00521284631225437,0.00254065821644369,0.00250767658603019,0.00157185151970605,0.00895513007217999,0.0025895733061712,0.00970046867427967,0.00394409807258315,0.0072553335801902,0.00155094253263152,0.00174913897686208,0.00426130545807577,0.0149160112133518,0.00248872865923772,0.0151082375975515,0.0076137133754899,0.121368253842673,0.00349875831890844,0.0105209283985303,0.000714013274452431,0.0133624620437612
46.75,0.0131595876209641,0.018476976314647,0.0276649392591532,0.0015330857091756,0.00332242103492977,0.0111526251966641,0.00333902925053299,0.0114671627551722,0.0358894911821349,0.0421770241643399,0.0315271262802521,0.0033104488226139,0.0076083475233142,0.0135903673154328,0.0283958888439753,0.0320479016672499,0.0184494633667332,0.00585734930450642,0.0239014008554828,0.0204664658206432,0.0112498829523395,0.00132861147768881,0.00894984106730334,0.0161760478901953,0.0222453640831427,0.00449334731846956,0.00344759086540528,0.00788782529171096,0.00985215339192172,0.0202360458492019,0.0152679538547813,0.00604382193789312,0.0120845295251118,0.00580255344565384,0.00263324942724232,0.00940046868235379,0.00726678926887367,0.015427812098893,0.0161620263618174,0.000801625082254849,0.0164621663963023,0.00340908417255642,3.99332336245976e-05,0.015760961888278,0.0172024292035706,0.0294551468249592,0.0310951224110519,0.00316412759348797,0.0219352190823781,0.00726398489741923,0.00816904207812606,0.0379479072725206,0.038644140616416,0.00854895040969809,0.0153986858292282,0.013329715627624,0.026389029475289,0.0340628234798863,0.0183077329145207,0.0357574310422771,0.185933732297563,0.0114241154782348,0.0130791961144562,0.00985173365708971,0.0028853152121185
47,0.00205051633716063,0.00010457513457696,0.00318756432734422,0.0106647227778343,0.0206334725635897,0.00856594617029931,0.00977386631953598,0.00460719211423377,0.0176292712249635,0.0635032520656268,0.0170214909035358,0.00150491427732911,0.0055614033721432,0.000396598971540767,0.0128937874754944,0.0520203194289634,0.00162188998036804,0.0121373172097055,0.0229027490678573,0.00197788973598016,0.0221368788885168,0.0342471048373003,0.00689796810489642,0.0171555752818963,0.00400795419337955,0.00342362319656534,0.0172012612146623,0.00450360972098063,0.0083717380296281,0.0112841222022832,0.0172859172049735,0.00199019635814755,0.0134222125360393,0.0124117486162119,0.0119740414015093,0.0243629210724192,0.00166863660470633,3.27586555745282e-05,0.00442684396559441,8.22748751809508e-05,0.0117239815704656,0.0174522059188565,0.0197130896132285,0.00429652289347555,0.0126122924992287,0.0376022382747451,0.0052083698981869,0.00352973314459084,0.0183172894812449,0.00278423387779958,0.0132933580447566,0.0263474424953905,0.0228055793982056,0.00382604760019333,0.00895502215738427,0.00582309566166163,0.00623716561550624,0.0317789267223821,0.00193703227564869,0.0796807262430043,0.0309109895086876,0.0388886724095411,0.00355408033538166,0.0107466053969944,0.0229311004413441
47.25,0.0071459680214818,0.0157220913419628,0.00651804162448602,0.0118366049823178,0.00267459681152602,0.0194829591762312,0.0044057891953289,0.00461147001327036,0.0161126140270926,0.0195469851575205,0.0501785305047364,0.0126955097690144,0.0491217860729755,0.0125291477889382,0.0431847845799341,0.0120300085969172,0.00254112676158845,0.00855501697633793,0.0128466435663822,0.00529560667048447,0.0106414140071939,0.00930146222415326,0.000361836626236642,0.00068879540233516,0.00460608763274083,0.022570828592472,0.0174020445739108,0.00667359112797861,0.0740973351209056,0.0176911830290567,0.0386838699526115,0.00110964325650046,0.00661550262959624,0.00997775255134971,0.00242034772372921,0.00706408446634972,0.00137242762273002,0.00363610448400788,0.00642021857268269,0.0106930397870857,3.7020388387094e-05,0.02009804398627,0.00662263066390195,0.00201558100498779,0.0117925240986491,0.0283588303271649,0.0203257734154027,0.01344496501501,0.00626240173218858,0.0123304571252981,0.0181000373208356,0.0106325182365725,0.0460492480797868,0.00838611380930161,0.012402793600462,0.0150337667463108,0.0417338678224165,0.0464905757032624,0.0395537334424123,0.0304339282939547,0.169779784357275,0.00968353882187091,0.000260247921589988,0.00726554520007393,0.0124461716784742
47.5,0.00821814039005618,0.00508704113493739,0.0177513650706409,0.00314195929084228,0.00188584255559935,0.0503677455439232,0.00492947313435828,0.0082909995377576,0.0436178993389337,0.0021722759521489,0.00349467230527025,0.00256622966470966,0.00471478167633115,0.0102006717815697,0.0282680549467675,0.00683497876702812,0.00264594997171614,0.000986698314603642,0.0166491494286078,0.00554798908615084,0.00355975616338602,0.0324776630178546,0.00212367620743794,0.0326099129028609,0.0161084564454803,0.0136592718997922,0.00394663477580538,0.0158976471056706,0.0046496358534681,0.00279200821134839,0.0137535947921345,0.0125711232427706,0.00088273571906258,0.0036516277592193,0.00684063453718222,0.0473060131299379,0.000605468248713238,0.00616604455152372,0.00416850834467527,0.00534341651881486,0.0148642753758379,0.034183951536779,0.000474327441313316,0.0172988076595783,0.0156326573131356,0.00564752510920006,0.0233024342265465,0.00368495026175389,0.00823866904463259,0.0219843943697792,0.00837648238484268,0.0125134780130947,0.0111232916674016,0.00340035132355262,0.00916039425853982,0.00395607530236497,0.0289698809076909,0.0038493947713515,0.0361329152185191,0.00797427065810318,0.196512610315714,0.00553353321544283,0.00465075611080703,0.00286346307158006,0.0194287320603411
47.75,0.0559940177044616,0.0288065940486758,0.0080447601896194,0.00362125899573232,0.00319951345762065,0.0161139940732867,0.00976596623222223,0.025463496038848,0.0391435529870667,0.0414728910029198,0.00612854979982026,0.011151166418254,0.0127925396464732,0.000296649139563057,0.0389153166674331,0.0133028615846937,0.0232643460999767,0.00722609510947954,0.0114055168423261,0.0217689220476161,0.00773349374221399,0.00345666621111666,0.000444996224930958,0.0203641769983093,0.0140068888394599,0.00784903527360687,0.0111534011503837,0.013133952538681,0.00366268274882147,0.00844617489018783,0.023340205764904,0.00120238229971302,0.00921798279774853,0.00137333846718749,0.00222957636813225,0.0147157986687769,0.00744019359769947,0.0246687154124725,0.00719082879327719,0.0106466487386027,0.0147408173407246,0.00425065864798353,0.00474310961929486,0.0317828736865823,0.0254706892479507,0.0233966456729313,0.00827632120421833,0.0088337231852403,0.0145053723139703,0.00334944879699469,0.0276144858470686,0.0193062547727548,0.0101085184995553,0.0162567700733687,0.00329709799064196,0.00101335178055265,0.0257465709730992,0.00661961669740078,0.0685379548069808,0.00942170026865563,0.119078748595,0.000613416324566353,0.00946664007805967,0.0216441864336389,0.0036719520951474
48,0.00418550625188185,0.00109342786904973,0.0146756039430179,0.00118756987529338,0.0108389409543636,0.0106153086914671,0.00510170651178312,0.00980532540300787,0.0133138307504466,0.0074814097321155,0.00222322010156086,0.00825924069575344,0.00124261482878286,0.0274927897152208,0.00957102622376471,0.0348935301805112,0.00128198365301184,0.0102167520677604,0.0178228194117296,0.000512086290582948,0.0213672328032876,0.00534007046857581,0.00690635271708341,0.00137396005734467,0.00313111697315261,0.00791753151328181,0.00471766891947837,0.0225031288367724,0.00230505039694265,0.0370499670826255,0.0136917644024265,0.0158736063501527,0.0342782227799971,0.00686092977121474,0.0221047264242565,0.00707823356839569,0.00816580376334512,0.00196614067558228,0.000209119070545071,0.000540624432704579,0.0144763031432382,0.00661625294308297,0.00709049810828497,0.011650436620595,0.0137339948879136,0.0125861796127277,0.00592356612568672,0.00464189945489751,0.00123261485645394,0.0146868159308376,0.00559045310425648,0.0166071058983896,0.00228551101112952,0.00332661711001077,0.00268121998468931,0.0104435779498339,0.00389298265178793,0.0346988458051651,0.00523023983283962,0.0307254411428142,0.0444535004570301,0.0152044157461972,0.00442554471709141,0.00423215712178101,0.0213119212899029
48.25,0.152709895812709,0.00652193599269705,0.0433408523842636,0.0278276430114625,0.000788090520022906,0.00824650479933312,0.0285399198967158,0.00595596359356816,0.104241047725248,0.0342695121811028,0.151801633094119,0.0019806311129861,0.0109217216032688,0.0012894103147696,0.0486283787638963,0.00322211679703256,0.0116083943860806,0.0176009457220917,0.00361933109011675,0.0261515221666394,0.010011415578964,0.0216574924442578,0.00979149673309825,0.0199538005014439,0.058257675278396,0.0114762931922828,0.00435203356255086,0.00308374471947627,0.0226665901444563,0.00659504477002722,0.000896983733779704,2.48860574698826e-05,0.024048065678518,0.0124361782430635,0.0047936974936781,0.0098067647732625,0.0203092244387331,0.0142802282087245,0.0489075356319967,0.00336288712202624,0.0268953039931544,0.0390655985527973,0.00702286472333462,0.00674647256582304,0.0468297739807113,0.0334426589872018,0.0940703211182045,0.00245104670480931,0.00827130236772471,0.00506929480781976,0.0280911906264363,0.00442526629963372,0.140425963508815,0.00315072172315362,0.0496950488447278,0.000800632009918007,0.00820094436269819,0.00725444241460338,0.087750283140032,0.0161452641441458,0.35081738781961,0.00930697848165528,0.0167115482720337,0.0328669039568993,0.0102507289387933
48.5,0.0449592446374839,0.00779460394594626,0.00817271726699875,0.00230138162538356,0.000727433810112478,0.00235758131295204,0.00417948274145442,0.0230713351794896,0.0156279405021095,0.0269452884429559,0.00271500815182349,0.013186203423535,0.00162839852996978,0.0026484128522416,0.0368974289642065,0.0184406719988591,0.00733134199963085,0.00202464926685925,0.00574243759629924,0.00480982067839914,0.000248423851088472,0.000485417825593105,0.0016911259434921,0.00636580757287654,0.012195632505616,0.00090112358146247,0.00331100933338206,0.00187152742519766,0.000632053732028726,0.0201128003062051,0.00507905076005596,0.00232162807879678,0.00201401750231054,0.00341930460280864,0.0055384692536148,0.00637769659216042,0.00669230736074,0.0140772027761453,0.0062324919706969,0.00673563600636481,0.00383997659168918,0.00135232586110293,0.000126745883198629,0.00466392276224873,0.00510493961724097,0.0353951539889126,0.00625089532554567,0.0123377452154888,0.0125592211801945,0.00228085820644935,0.0173885063994977,0.0137610785999647,0.0133893517727463,0.00966161579959064,0.00703927365527203,0.0184249404831755,0.013815295825273,0.0209277599290748,0.052256526607548,0.0228329566035771,0.111756313733013,0.00880603323615908,0.0130546682790557,0.0102112869467951,0.000532257543751981
48.75,0.0510849093079453,0.00918960837766173,0.0105474585911692,0.00089431602113253,0.0226513664261792,0.00334276063236517,0.0030052892908259,0.00263618025019843,0.0694318354597087,0.0497031094797627,0.0385268412625875,0.0175497370066721,0.0348788776288799,0.0265749592347727,0.00716117830394336,0.00433257823884641,0.0261269721257701,0.0098105927310137,0.0243852367595871,0.00123809821024518,0.0247824108699119,0.000584063744412573,0.00524848294607292,0.00189309443538567,0.0163081884293905,0.00857388179395407,0.000973545162496723,0.0102754853812783,0.0285386666670214,0.0159822488637397,0.00340000678333474,0.0285777837646893,0.0121943164182036,0.00215667594207241,0.0302693526459508,0.00175240134618515,0.00506970257983802,0.00354922740074478,0.0475747377637438,0.00167316524813395,0.020961175542523,0.0040383434593811,0.00685272389234331,0.00130673048402101,0.0108438651537799,0.00471327486211785,0.0244655602060739,0.00805845388383384,0.00501518735270421,0.0104136371417659,0.00586653290927484,0.0010896411153887,0.0715998815134078,0.0108294286169663,0.0237961890286449,0.00908138871590836,0.010364956198212,0.0332744293763403,0.0447325117028033,0.0232919889969967,0.179290518383708,0.0361449599642701,0.0118505706428097,0.0261974448678009,0.0112663818683669
49,0.0343368753880524,0.0254437486259613,0.0100330259261051,0.0103740922455215,0.0110150405994587,0.0153711616837608,0.00407155503562358,0.00912906779514846,0.0721874404049378,0.0236601228728342,0.00147949103704492,0.0138520729844378,0.00402464007709037,0.024566039117065,0.0200296753309464,0.000782669009192855,0.00679844575943441,0.00496801766623544,0.00151477631833106,0.000789474001756721,0.00795222936874671,0.00404665685700142,0.00141247065579951,0.00330042700744773,0.00453050977781643,0.019683929056036,0.00660982390783202,0.0124360149563018,0.00320762092683032,0.0113979832370893,0.00875220622273488,0.00868608657791971,0.00516734460953136,0.00776727063159508,0.00136215485735949,0.00347775221751749,0.000661926344256628,0.00236697834250242,0.00731041203170727,0.0122279995608486,0.00936791248215207,0.0073471581333537,0.00604101162312283,0.00518196915358734,0.0359510870776192,0.00430505979159287,0.00420701093745953,0.0104448540843557,0.00940219494501888,0.0180124536990681,0.015301999912611,0.00126884677635647,0.00110494377232347,0.016863704795461,0.0042764363975346,0.0163610972577433,0.0294484034028622,0.0165623506413758,0.0676984263994342,0.00353429255920441,0.323855126325965,0.0182626458634394,0.000808771345360114,0.00969111684635929,0.00130115847645813
49.25,0.0236024485549287,0.0218504139666748,0.00251430716271315,0.0102159370374335,0.00655905552019247,0.0071808143870937,0.00863478201304124,0.00358005883319779,0.00697603721974315,0.0330560848884867,0.0180995446257097,0.0139869496189966,0.0158695041859274,0.0010597112536212,0.0306178871713612,0.0128886516005813,0.00377454448986827,0.000170042855143825,0.0123253125823866,0.00715364931056011,0.00461681664670359,0.00144759425326382,0.00689784772964717,0.000655181700509417,0.00157007009708714,0.00951071601832297,0.0101005237484548,0.00416005919856592,0.017245611062577,0.0126099211762367,0.0177725129555178,0.0124740916394155,0.00733271253595813,0.00254260727905585,0.0161685777004105,0.00278339142219412,0.00500405695800607,0.00774342617636446,0.0210808119049789,0.00754911419006137,0.00813269370894872,0.00704581421145239,0.00974911834492955,0.000530557935190475,0.0229215207232849,0.0256804033756687,0.00871069865946585,0.0175248670093191,0.000626189753893408,0.00171413102578306,0.0109390386530275,0.0140709394528546,0.0512577143881373,0.0127043753377865,0.01347206900133,0.00167622436248822,0.0232494429256693,0.000866806423271974,0.0260686096410019,0.0132845334375333,0.041679161282712,0.00165962249209192,0.0100931305334768,0.0147293936000536,0.00400116865770304
49.5,0.0619470338782468,0.000535576418835906,0.013390517970221,2.12883657660304e-05,0.0126634307323025,0.00850373346874633,0.00281011229034271,0.00418015683974208,0.0047803099106871,0.0282569906214687,0.00416218903717503,0.00376256150749388,0.0188964863682175,0.019905753546088,0.0022492360280033,0.0264601991874027,0.0141902086648176,0.00074841647372295,0.00575576336559357,0.00388902352845614,0.00263113056003884,0.00382961739884884,0.00284964116124059,0.0201794915538015,0.0165973697496594,0.00398221298588723,0.00613185811229179,0.0222016797268068,0.00159582075602951,0.011866325970467,0.0109708861862318,0.0322931307290902,0.00379229520486989,0.00189641452656646,0.00515976967207897,0.0133399877823522,0.00153868910331304,0.000696084978535101,0.00577075426280327,0.00922977222173625,0.0195844071891758,0.00834919463538096,0.00921942004020577,0.00755465393029758,0.00246344821845858,0.00299430798011574,0.0171665529957935,0.0132589827148057,0.0094628112302276,0.0169733383483513,0.00358633280713856,0.0106375727657232,0.0348703560412875,0.00321220819360519,0.000424945719758753,0.00461834765604074,0.017609023874681,0.0490849216500504,0.00346758891322845,0.0180721014399289,0.0530572392482532,0.0376482307340709,0.00570784501796491,0.0044683652157674,0.00459077316790469
49.75,0.0309668117905119,0.0189985834396421,0.00476096979479727,0.0227173791384265,0.00894131469216706,0.0415611095225888,0.00793326914742921,0.00678128728446914,0.0508240949341031,0.020803659211639,0.0230152876530872,0.027675542018496,0.0316772414640814,0.0386574711151681,0.0746423529235882,0.0138011837678403,0.0016398068172991,0.000596073743761023,0.00406390882608298,0.000581370577137597,0.000330967158895581,0.00907258603566172,0.00234970449745649,0.0125301408375905,0.0122108151915351,0.0290339960565063,0.0125434282804796,0.0553437120950311,0.0194904865381534,0.00430464806417352,0.027422152769221,0.0448082699876614,0.000114730559204259,0.0186374349790097,0.0023246156321952,0.0225036883425145,0.00219201283382127,0.00388692950345471,0.00366411852472894,0.02351591701583,0.00470469930686384,0.0192719381322809,0.0120926781021849,0.0209705002874703,0.00895075083601051,0.00719019556638666,0.013523841218213,0.0335546211702438,0.0144501904802743,0.0558595260119569,0.0331367554700638,0.0128126076030876,0.0150783740314354,0.0189509341137539,0.0309948724008012,0.0283505341673934,0.05676045536212,0.00258779248155521,0.0980211524372344,0.0120508543739334,0.410763003245787,0.00755513371306611,0.00630961090414927,0.00498518297590868,0.00130349820427542
50,0.00984531093173692,0.0124109251097659,0.00141477271780817,0.0182858272543317,0.000657711248883756,0.00676608817867337,0.00289478181463759,0.0105307492040356,0.00655455299942578,0.00850942915871127,0.00297237657932228,0.0307678832720786,0.00350730519946933,0.0087146656650859,0.000543167238120335,0.00863970426591584,0.000483810776832939,0.00316084242558434,0.00127429419705912,0.0052421291840593,0.000362971417896935,0.0103428273794493,0.00131252674833344,0.00277061489654572,0.00146774542500309,0.022732109012814,0.00101689176590176,0.000519033238451344,0.00255927966841454,0.0139752714737785,0.00975410430884545,0.00709736016689685,0.00330003321180481,0.0166535880838122,0.00161690327950655,0.000279355045544515,0.00111157617617481,0.00624439286177572,0.00242942430334417,0.0065773177657454,0.00042327286774333,0.0140715854528653,0.000295106341091416,0.000536654039726967,0.00283570019640625,0.0475065082248385,0.00356336690870238,0.0117349961436112,0.000475671874478876,0.0131359770894428,0.00386888824040039,0.0203045674415131,0.00513204579053518,0.0121567692168468,0.00470415201187213,0.034376284972702,0.0012364457452275,0.000522739855925177,0.014300371998764,0.0143116064339826,0.0387840905828382,0.00265437899540135,0.00302957834638452,0.00411946374304892,0.00306680325120724
50.25,0.0247462908416637,0.0469154992277128,0.00137384251842865,0.0142179347551044,0.00800574571744208,0.0124352806254349,0.0252203522201729,0.00420401794533104,0.0855055037831334,0.0395460808291476,0.0103260861197492,0.0354254745844459,0.00634714709063959,0.0274811226154774,0.0363985709383264,0.00264008699029452,0.00902261186351393,0.0109425878218568,0.00138793476335596,0.00234368885494233,0.00117010862960153,0.00329493685719281,0.00456403994702593,6.79927845810904e-05,0.0110479351481787,0.0326805681400877,0.019766903372386,0.00957067113662227,0.0034919449356065,0.0369308190988342,0.027133967646197,0.0293722949664418,0.00173774914437507,0.0138505795317556,0.000660364290287567,0.00920492795651754,0.00544725866156151,0.000227763862434826,0.0165688484083059,0.0334235982082889,0.00373577151455701,0.0113379544620859,0.0129845296131454,0.00249247013272493,0.0366151397892363,0.00816558735838765,0.00765317653995626,0.0534015248787761,0.0132608010573729,0.0206295627909149,0.0322460648047683,0.00240690307081041,0.0111137568275459,0.0413134514829342,0.00383571913836116,0.0204981926252558,0.0203260535707515,0.00332475624579435,0.0617719002632209,0.00406532356041631,0.163614470813533,0.0109543191672619,0.00145020102217186,0.0150110328691525,0.00322518565284776
50.5,0.0766738860681418,0.0250280418394429,0.0404436359129837,0.00177071202416529,0.00147885103165706,0.00332665138263212,0.00735258706007102,0.0039967339443249,0.0214742542181236,0.0139501893290692,0.0385086879379653,0.0046416411370483,0.00221125771504642,1.13122095151829e-05,0.0163612988460204,0.00475625501170563,0.00802945560219005,0.00890660051447762,0.000629427240075791,0.00122830243277272,0.00871322029093039,0.00526491463823118,0.00551990256215023,0.000916576467955704,0.0216011235477351,0.00219480912949437,0.00584299691638927,0.000213919707318176,0.00480611341077496,0.0269866749539673,0.00390035831495016,0.00014690252925035,0.0244894011196033,0.00695257623437365,0.000226253819484796,0.00120348322920792,0.00636585772827078,0.00452077826677232,0.00563156657871462,0.00190254896646755,0.0196879213638985,0.00391601129241826,0.00746811924960919,0.00507419824860682,0.0242581002013147,0.00928268334610971,0.0426298466736651,0.00224178235939358,0.00218738470268732,0.000314069410390025,0.00627482762534951,0.00932909857779964,0.0613112740773035,0.0131681745772198,0.00857733879730134,0.001774723867559,0.00427216710467912,0.0497252742768796,0.0399049084502077,0.0140830342873416,0.114795664343051,0.0196613969063813,0.00310207804035998,0.00467574248082811,0.00683275702209256
50.75,0.0170861062017497,0.000470297968104156,0.0286500894179007,0.00249261716063564,0.0011019833783374,0.0144024153362924,0.000969897830752375,0.0123695324561151,0.014418885381686,0.000123795092077211,0.00377670747741178,0.00825862123359448,0.0129834900005467,0.0207254026590132,0.012509462494984,0.00404681895862225,0.0170938554557045,0.00836147046051317,0.0250692618212009,0.00266685044464222,0.0121454868092436,0.00650976388297257,0.00328525944098281,0.00331069937388795,0.00356350560001387,0.0101526762174954,0.00352063249334068,0.0176848390883495,0.00183472890133159,0.00452428231012979,0.00481625132714376,0.0292135740179137,0.022499911689729,0.00945351062976851,0.00596465907542593,0.00720629055388012,0.000457409273253549,0.00322716434675395,0.031208617121571,0.00443708909441348,0.0105869752675146,0.000738551946202477,0.00327278173531362,0.012934808599259,0.00325815009678655,0.00397345245106594,0.0237069954477024,3.43126949417204e-05,0.000196110076157714,0.0249821970740628,0.00600709895180607,0.000396796585678976,0.059652658887114,0.000283130840374631,0.000400663474250195,0.0165811750005662,0.0123298200212153,0.00280731256836712,0.0185085109593235,0.0025443548405107,0.243166423075317,0.00512388314766838,0.00736038454428496,0.00265563963387722,0.0101093162410365
51,0.106303911990261,0.0200387412640043,0.00477580876173623,0.00615538636111817,0.0028232998049224,0.00681485747792077,0.0117247043706617,0.00231791265275547,0.0172294643221291,0.0445640416326593,0.00174740875643275,0.0204298687007093,0.00505313473599632,0.0324684531320325,0.049922522783581,0.00676141082449072,0.0084277832505888,0.00930197715876142,0.00109724617764187,0.00150862189394091,0.00219183021159458,0.00210346872591872,0.00705074599515954,0.00198195730625659,0.00138416148773555,0.0318948660271052,0.0117416620416958,0.0113811733929184,0.0037008037380578,0.0440935575257389,0.0271965963537424,0.0269445910278095,0.0056154939577431,0.000201737763192534,0.00377316724715525,0.00127971957391116,0.00746109646975198,0.001136377847933,0.0367070108611314,0.00286321572913971,0.00320912744585313,0.0167877824095882,0.00531294731820222,0.000470553605772287,0.0133309387350716,0.0214837798376252,0.00717472853964444,0.0126509411162854,0.00844502627091587,0.0310573815923269,0.0197378078374713,0.00299342396371034,0.0105586119883073,0.0133002807789323,0.000532149335409237,0.0182508738531971,0.0129409795970511,0.0521469262398623,0.0392271303089802,0.019664419336345,0.12412499032828,0.0205453699276773,0.0012455445487883,0.0205961399312345,0.00273066710926873
51.25,0.0463551934680203,0.00583963922903518,0.01570240350074,0.00589454675946751,0.00458823590516469,0.0169099476164626,0.00441051637968735,0.0157746225873556,0.0191002076261917,0.0203404413830211,0.0411903428359429,0.0187925184542499,0.0123682133142149,0.023691600695983,0.0700621369314121,0.0314251553914367,0.00337756001002618,0.00131044189006428,0.0025562203305566,0.00303936672203107,0.00415358586363107,0.00471966429102367,0.00354977996790596,0.0177551761345683,0.0152614384209392,0.0208819942021578,0.0137195643004661,0.0307606488494403,0.0282586313545193,0.0136227628417265,0.0265852468295845,0.0345613515655786,0.00340013685290165,0.00465207600459343,0.000399118373278908,0.0140168173718475,0.000666134350433031,0.00203127841551622,0.0248073117569899,0.00625244325765929,0.00526150379682809,0.0129413102834227,0.00907140617827293,0.0170985223482611,0.00588393287773416,0.00723618347799701,0.0296967211299973,0.012615209622523,0.0182411875833742,0.0327752763740723,0.0290905691365992,0.028614300051394,0.0234300729755691,0.00568090544551143,0.0439312064049793,0.0279611901696463,0.0337034411470567,0.0512606702926588,0.0567578461252947,0.0167931954644479,0.0969318818435015,0.0223755426801643,0.00296239596433547,0.000810540505908306,2.56948137611182e-05
51.5,0.00159129000415972,0.00010820471211335,0.0050050518242839,0.00015037442438656,0.000827905782215662,0.005619880963932,0.00415807809543027,0.0029036647942821,0.0330250149622724,0.00660283832986178,0.00121537849015212,0.00025864206113349,0.0102434237094824,0.0193097358568628,0.0290557960205125,0.0465431225541107,0.00326106956512132,0.00218907557969544,0.0169771738492724,0.00634710119323477,0.00514482609591421,0.00589510775575807,0.0107563349974232,0.000440689936590596,0.00705497316005012,0.00768003484530484,0.000613683709392872,0.021643348089995,0.00164825454416042,0.00397883694626037,0.0167849853393552,0.0483261608874486,0.00277772834505184,0.00131899679586532,0.000810525984435126,0.0124900329046288,0.00293634404698802,0.000972439061913716,0.00806765328127059,0.00256217817354271,0.00529214910574348,0.00774070891677485,0.00669264868303046,0.00304582660013499,0.0121190677753928,0.00176338546185149,0.00451506478297872,0.00104197058091938,0.00366924746493518,0.0145605350734034,0.0113234369199687,0.0212152820984107,0.00304897180076255,0.000137742056957247,0.00567760834547136,0.00290850970566781,0.00904106466709469,0.0784732844785723,0.0455829781878705,0.0144008930126783,0.385969678442006,0.00938541021009975,0.0042702883788472,0.000944230565749321,0.00617023757533151
51.75,0.0294426021815594,0.0466450550178021,0.00227051156449185,0.0104636473418643,0.00606126003576836,0.00874965021837593,0.00179768684316012,0.000225854404251076,0.00549634436583179,0.00220180326429484,0.0179849955315695,0.0194326795292921,0.0422222080768418,0.00120599404189891,0.00542196058959226,0.000979273308383136,0.0104948751972341,0.00157178669225961,0.00151768391578123,0.000203060188516225,0.00265835618857783,0.00269513120355656,0.0118068833659647,0.00170723866064773,0.0017004905754453,0.0113074600052494,0.00227658242237134,0.00125507487585501,0.0401508073498958,0.0183252933472382,0.00356660338734309,0.0042488245637338,0.00140208925559159,0.00367533674898167,0.0090261160259108,0.00295134395947074,0.00282981373580935,0.000562547295640277,0.0105655360106685,0.0150451903298766,0.00454959043766213,0.011234886687587,0.00243226753105388,0.00177039428854186,0.000123076891823531,0.000667050323328421,0.000847741147304869,0.0156809576513131,0.00154961262992107,0.00500493242884967,0.00293266482373131,0.000459599789811486,0.0157381218883435,0.0340454218642036,0.00792454976759054,0.00652712506041445,0.0071652407055783,0.00936873227335459,0.0111429357035809,0.00266408880050126,0.0292046737866242,0.00383751750290588,0.00151227785619968,0.0014534386476144,0.00536301183728907
52,0.0208427830541347,0.00756593808593893,0.00150762829476637,0.00874633016261743,0.00371245001848592,0.0100408150961062,0.00152216807198553,0.0105863998670647,0.0120321101412812,0.0050508709813373,0.00546620742953535,0.00743287241138884,0.0181792437463892,0.00525597096596257,0.0234896061851978,0.00126985444282486,0.0041010676981067,0.0109069374137118,0.00676379193833843,0.013082801860208,0.00324317103923602,0.0140205947563012,0.000569081974284602,0.00627290867068947,0.00496197792749333,0.0020140137303067,0.0057042422086669,0.00875988651471691,0.030212497287379,0.0219180553757517,0.0253646043234112,0.00809744915850125,0.00340203956944169,0.0140692337654694,0.00484114425335343,0.0127374421269595,0.00355027783952016,0.00920971839018651,0.00343709556239488,0.00741249209652839,0.000271143461909534,0.00765032600805883,0.0015726132206879,0.00807679299565594,0.00046968339278417,0.0154111036836974,0.00348448088914728,0.00717545772022709,0.00567801076113022,0.00584152945041237,0.00376398946842021,0.00391607687140112,0.00526037005382047,0.008582945738784,0.00560092923843177,0.000155939717568538,0.0593452148205356,0.0273390300300874,0.024909254451494,0.0100307677497428,0.185818726386837,0.0195749064013974,0.00331174178195865,0.00447808665722006,0.00835845038188429
52.25,0.0215255724512159,0.00124633044358806,0.0214228782361983,0.00564498238013757,0.00307686526786415,0.00265080961982811,0.00250513605472485,0.00494703033980376,0.057683431871774,0.0222671277814765,0.0162194219840443,0.000880288861218238,0.000538797948851935,0.018436138995914,0.0243915245935215,0.00714279339372898,0.012585055510962,0.0187101590421691,0.0105584299442795,0.00305956410462549,0.023092912893582,0.00986593058864349,0.000459076505586744,0.00466220336367662,0.0131965771529908,0.00880963747535756,0.000605381652820048,0.0198785037369357,0.00375541081021737,0.00297253229673492,0.0171071413157998,0.0150551156681684,0.0140185975325054,0.0077329044275537,0.00445711330503805,0.00259648478967234,0.00197587314926433,0.00321467407504901,0.0140640589489392,0.00366194575426296,0.00996832548232366,0.00297855634522167,0.000149287411180453,0.00184288327539252,0.014875498732821,0.000757012622774031,0.025732920783436,0.00366085571145189,0.00383023414673213,0.0118721671134505,0.00703084744399115,0.00176810415429204,0.037710651422339,0.00487471650257819,0.00943035678698109,0.00133954833339046,0.0462679342256696,0.0136554586507748,0.0471022763736496,0.0097068497302822,0.510661398030654,0.0447925640559286,0.00418454278789548,0.000478356456827303,0.0231779795121363
52.5,0.0135826261330874,0.00674132244882235,0.00111507750660263,0.00249577949887811,0.00787982392880438,0.0184065085827392,0.0254823380235497,0.000538167170956573,0.0440779610816069,0.0120966795134663,0.00382015906065194,0.0105846828532609,0.0105067596670729,0.0216493798167234,0.0567339297620465,0.0200010987089096,0.00126009997298533,0.0119426133424372,0.00317827251697918,0.00338450838783291,0.00373063525290776,0.0100623159615516,0.0136095564471309,0.00945585466234829,0.0012098906483842,0.00791736021726092,0.0131824479708159,0.0236343816804607,0.00415091257320143,0.0069776105195764,0.0175032387409651,0.0363659074599567,0.000911975934213302,0.000920403725787435,0.00618358377226371,0.0180064053391057,0.0125049647617241,0.00262771814518583,0.00250810441872585,0.00139844665504164,0.00248466320319393,0.0152069803187208,0.0144703947808373,0.00923040350440031,0.030959291368743,0.00849565390832689,0.000565680683747476,0.00343970108084181,0.00201755564507949,0.0265340511536633,0.0226041600494212,0.0039581539626247,0.0105486867533679,0.00736633965334434,0.00182638515306769,0.0112696251438261,0.0168792984736658,0.0206979967413163,0.0332042708417666,0.00319872455426593,0.166218035494331,0.0176249001309293,0.0155200855964261,0.0148965659855612,0.0119710348111208
52.75,0.01952439354026,0.000480504172512535,0.00171150147880448,0.0172380754055778,0.00706831200494873,0.00996768053843274,0.00115252804892311,0.0108826557485709,0.00364445169406349,0.0104565578758381,0.0106663065548569,0.000208643712664834,0.0021216488677962,0.0036035967673612,0.00125786762840202,0.00186205040640552,0.00350553686946324,0.0031763947971832,0.00705901368565444,0.000639419165481863,0.00462225375068646,0.00155532902607691,0.00249010204090272,0.00245099806757808,0.00389088324868861,0.00296433180930362,0.00580673776372277,0.00803263400363343,0.0293428790058655,0.000246891768378647,0.0204697386543302,0.00107904804433554,0.000866307059707334,0.0169552026248761,0.011009074755994,0.00301616354202507,0.00129499346377497,0.00219646566394936,0.00191004402196702,0.00831636632590157,0.00253399489665552,0.0175647652257044,0.00542734703174093,0.00603049803290112,0.00162515707465714,0.0168922292107323,0.00316134920268778,0.00311212293961167,0.00131381398474657,0.00442109772216626,0.00193092986546803,0.0100339070696578,0.0141071117556855,0.00057842879956697,0.00913420478812126,0.00134189364129762,0.0073622028327812,0.0035397550144034,0.00540192856565738,0.0034341475354348,0.0859035522779984,0.000243250660266653,0.00119560334637574,0.00174844561910216,0.000504367373547562
53,0.000587228764569381,0.00549208617591393,0.00126501231953888,0.000415143880185758,0.00290917755470938,0.0239680637916292,0.00271624959610525,0.000916004927407401,0.0148709196419505,0.010545276087853,0.00212941481428057,0.000218598528309169,0.010348368347808,0.0188222690886815,0.016491004054965,0.00643270801670665,0.00214871108468075,0.0049925804192848,0.00845243411868712,0.00270306842769615,0.00189371606072953,0.00251245782249535,0.00727340778911303,0.00406883783185728,0.00142976882041341,0.0166126839274159,0.00373857976138919,0.012995015517827,0.0158490035869782,0.000867503339865632,0.00622724250369171,0.0222573637088176,0.000518832805205947,0.00439074835355854,0.00267768118761939,0.0070373847385637,0.00323299418583408,0.00147363652307649,0.00151219878228452,0.00984448899056849,0.0010339753461581,0.0237724702945416,0.00360608703444209,0.00643892363697698,0.00757843463093159,0.00851207077317295,0.00113783281301361,0.00240663625925145,0.0024944156119916,0.0246542261561246,0.013770016687584,0.00204624801349921,0.000469464236805537,0.00179886087737506,0.00325478251908546,0.0116072034087208,0.00487482110375652,0.00240137096509577,0.0249921802130236,0.0071073820250174,0.158980528753813,0.00594714075506164,0.00195260254894693,0.00103392800094965,0.00218878299957552
53.25,0.0945707580694245,0.0149754677144855,0.00911887653683959,0.00250535686026875,0.000543138435291657,0.00448401302350382,0.00501946829483615,0.0108872867188387,0.00302056133127379,0.011247539841519,0.00938930688118603,0.00692535222557982,0.0106332823498533,0.00549067411368778,0.00765307613055139,0.00132177484171565,0.00132247400365039,0.00491937559748937,0.00131473806686026,0.00536514797781124,0.00273283907107882,0.00138617754600757,0.000872730187904628,0.00902652035657789,0.0084195840666177,0.00314331153602136,0.00335649664827707,0.013446392091649,0.00471197721700279,0.00027400165080003,0.00162163347048958,0.0137558476561148,0.00523282588276195,0.00407425073424967,0.00164367272101779,0.00189952623114537,0.00421983606248116,0.00523310202048912,0.00640790560293968,0.00485425157145599,0.00494009178739906,0.00138765736654232,0.000239293600278275,0.00731475007251195,0.0112927705441385,0.0140355938596929,0.0136984012661382,0.0136666945356891,0.00570279038304989,0.0114619824679401,0.0104839982643678,0.00773275862730555,0.0266621962551804,0.00700687617333992,0.00758665557273979,0.00797964194144156,0.0063937780291767,0.0183137441626873,0.0161213069946913,0.00253969946346545,0.046217358735639,0.00325169886593602,0.00217506668686218,0.00300476497555656,0.000218758251838299
53.5,0.0032635353852956,0.00993882892180978,0.00183756609323119,0.00406394169763565,0.000587768619002912,0.021201512163876,0.00118990690794561,0.0430463586173952,0.047161677607794,0.00630374738552726,0.0355020395501221,0.0101830321722225,0.0172642881678482,0.0107931569677471,0.0548898559162959,0.0107629813093466,0.000619472311165529,0.00107566331488733,0.00222613977621929,0.0149925220828073,0.00200690734276998,0.0026745048243347,0.00478561750018167,0.0237720154527173,0.00989077301519701,0.0153818965168176,0.00654815665759467,0.0246298865898447,0.0163417902835562,0.00763931320118311,0.0329969433001031,0.0135151371359395,0.00348959687071166,0.00167078618436603,0.000139921937683121,0.0111005226371262,0.00539778720155527,0.0245764806213124,0.0236243916985321,0.00202320077621942,0.0049914054643774,0.00910371568413964,0.000559252363381038,0.0287327684618849,0.00281259479008397,0.0385693914764116,0.0152964885182189,0.00441156699961296,0.00375916022163431,0.0188162826239647,0.0201476829028216,0.0507606400611408,0.0439897972785476,0.00507592609007722,0.0283634869229777,0.0120519458849452,0.0646976983563929,0.0103334630126477,0.0778055437055357,0.0173230293588011,0.463766050964319,0.00748961768211782,0.00417106137069805,0.0050969088091488,0.000138158691097737
53.75,0.0291817231682423,0.00602326222396624,0.000711563425489624,0.00351482390983282,0.00512848296958328,0.00232597472667371,0.00177063878410828,0.00812660600356902,0.00114443138991265,0.00431686696249652,0.0324276025544108,0.00654352541294299,0.0126392625146972,0.0222667727000653,0.00300312894213976,0.00980641092767143,0.00578508248559957,0.00397279999673034,0.000741446747116465,0.00334937527927621,0.00108295352169748,0.000175238016210064,0.0037586486801767,0.000531576005659409,0.00864730018450237,0.00625275161155564,0.00384817390396618,0.0132683836391451,0.0228432122272043,0.00625111573512224,0.00572332788993248,0.0365162755061402,0.00210994639085355,0.0036558267903269,0.00266232968308981,0.00028049959333205,0.000509765741338833,0.00104306734867505,0.0226401934367786,0.00229226519691226,0.0039750970433619,0.00113682437342707,0.00633385648653803,0.00222660198327632,0.000875291292633919,0.0119608854327104,0.0049789517205198,0.00653217314217274,0.00150402294263083,0.0151469858936007,0.00112138990489071,0.0138058105357904,0.0412815312219822,0.00387694646993575,0.00904147602035596,0.0143216889543758,0.00481229460600336,0.000746062513196998,0.00272344011786472,0.0054411645743751,0.0967080003183907,0.0013162481665417,0.00242395641002037,0.00401716692100487,0.000552252798615842
54,0.0190744728246141,0.00951302485402933,0.00603424037357742,0.00462460973436569,0.00620501739919371,0.0131946245467047,0.00314988188770063,0.00247619959016056,0.000198380948098117,0.00497501066045419,0.00147485504726369,0.00467294911966674,0.0100607156422233,0.0166298374046517,0.00563217579677185,0.00193359078415704,0.00203319028527754,0.000818836186041572,0.00664605697169408,0.00498418896516815,0.00251514789133829,0.00156913466323768,0.00128296423720033,0.00795388175782257,0.00364728017615063,0.0131736726562097,0.00120343879192475,0.0140050976869338,0.00211224501837678,0.00176854650448172,0.000896781747217332,0.0290788088683407,0.00423437858463647,0.00294632012935744,0.000831321926851335,0.00130490890980823,0.00185980126924274,0.00167301594981779,0.00386839887282094,0.00409964221662833,0.00321355523582212,0.00173222010070415,0.00508921180240512,0.00329316228481905,0.000177246926222816,9.1641414300667e-06,0.00504533179001733,0.00177372988753245,0.00504657325545003,0.0176999790011887,0.000793322876350447,0.00120379077644567,0.0075743858912523,0.00375206555630972,0.000251582969971762,0.00139538334579098,0.0113074825436794,0.00472044898462148,0.00314381383453888,0.000665191076099156,0.148652974085072,0.00586291220175823,0.000191582828076317,0.00118896039392603,2.51858644679236e-06
54.25,0.0478714949894119,0.00292083305745517,0.00419635942807674,0.00302746356962373,0.00422474310574131,0.000576832760698137,0.00222945176326365,0.00182824101853981,0.00909395599477433,0.00183554726448968,0.00455734905745013,0.000640123185309099,0.00212358326091392,0.00114129748153317,0.0027909874139118,0.00533668424187161,0.00236461959570225,0.00365714617053613,0.00351785688044082,0.000908738543167978,0.00692298584780195,0.00948165106430744,0.00193482237123758,0.00324896775148637,0.00239055018742141,0.000380636102592761,0.00107001420558138,0.00323944939724182,0.00438352360013741,0.00308170412618976,0.0136545448619469,0.00240625844453129,0.00922157497440801,0.00351040932957903,0.00292728518687385,0.00264220134623544,0.00198125618065921,0.000237036542357335,0.000572683479448274,0.00278383254619414,0.00266511440786924,0.000620599022281298,0.00209558057381081,0.000344739031421886,0.0017541957370038,0.000503404171569851,0.000762825520765754,0.00111054207937869,0.00522427783671143,0.00136641366675222,0.00117153060052448,0.00101067342564462,0.016128568563551,0.000145723011672636,0.00110247826955729,0.00210049121009693,0.00398027557129901,0.0564716357866126,0.00100096930903964,0.00092003751987845,0.0443513081476291,0.00959086442962656,0.00296321298472038,0.000503275270585276,0.0069682600368944
54.5,0.00305366308713045,0.00685933333766636,0.00124093330251003,0.00109567080704195,0.00651566401066757,0.000848246932212898,0.000294773392448587,0.0115995398947935,0.00321780251284433,0.0165730880391788,0.0233843132092023,0.00613856741578161,0.00375532022550806,0.000244535168443822,0.00275308616568143,0.000537188748834364,0.00131489201445124,0.00164728699539688,0.00362949472068486,0.00697807407652588,0.000694462077722364,0.000584185555879728,0.00200199145884963,0.00604800465743388,0.0101409903232828,0.000240686671934331,0.00846245349638505,0.00198064775320554,0.0160725963103775,0.0063538570283462,0.012229235265667,0.00536783046557607,0.000913000162409796,0.00808121930101841,0.000752766626161136,0.00358800297631333,0.000330998759108382,0.0106069673974121,0.0134881563865711,0.00596965943951583,0.00690102923195264,0.00163645175508471,0.00507185766638791,0.00443818505122116,0.00516890301199885,0.00357868172211474,0.00779724872427556,0.00204559426550757,0.0110348161722416,0.00112548562124489,0.000126993541898029,0.000550662102478499,0.0058996248589271,0.0033653519415234,0.00726864139009454,0.000704604404053383,0.000537094066973815,0.0026667949140269,0.00240621229983361,0.0027882991248442,0.122565895342671,0.00366636405825516,0.00360784179353073,0.00430181273947428,0.000702883784471361
54.75,0.0257229447972388,0.0126896672047162,0.0520466593791276,0.00902503389265608,0.00363203039742014,0.0053453792915127,0.00711689656470781,0.00719421423502491,0.0271817876328558,0.0211271986175599,0.00748929034146186,0.0124576725576659,0.00222471110553523,0.00208054815240122,0.0159257670458215,0.0143127773819996,0.0229559159687625,0.0137518406805088,0.000549149044365415,0.00637790304995614,0.0205020879765241,0.00276963865881596,0.000595636540388257,0.00919946868579599,0.0177832339077252,0.00204751763629084,0.000836003571474433,0.00743027077193983,0.00268032770802811,0.0132520258270623,0.0062106049655451,0.0156571684623549,0.0241128551487878,0.0127192497146652,0.00176293862289779,0.000778492541356284,0.00645468913014966,0.00782573970290427,0.0223819314585928,0.00831592453869856,0.022482573961083,0.00965739156075437,0.00209725149044616,0.00514414954644078,0.00995051474914414,0.00382346020633596,0.04065907476231,0.00199074369147717,0.00245770156476134,0.00235280961215003,0.00851168808455434,0.0109740386020794,0.041308597065549,0.00941790824039523,0.00281735623218838,0.00556830263892753,0.00932616547298971,0.00234831922047578,0.0389175590187837,0.0165058799075615,0.134118075643582,0.00909961464795547,0.00512479622260089,0.0088903216068848,0.0108265971203572
55,0.0167315236279502,0.00434666152981353,0.00505464064804578,0.00115185819111215,0.00331916797359696,0.00395739985822797,0.00583736653301398,0.00423369970553011,0.050879678204601,0.031745932532352,0.0433183625817005,0.00117561999116949,0.0055979840510618,0.0278501304830496,0.0335340392578182,0.00564320713263521,0.00123724635809398,0.00109467692837937,0.00589724370181974,0.0120239362192608,0.0111780197272986,0.00512183302202395,0.00466609410776995,0.00164369991904853,0.00702118168261795,0.0115720630782784,0.00249911198501327,0.0091485961789831,0.0165336275971322,0.00355786433054785,0.00859398873664761,0.0154681047711573,0.00219853719154093,0.000144524690074305,0.00228269137824696,0.00165989058382073,0.0035270637605705,0.00258405178275565,2.37193562748198e-06,0.000953410231756418,0.00239753415660627,0.00569257730200982,0.00675697048295814,0.000515116282412526,0.0252608082825422,0.0146817114349185,0.0109269129840292,0.00796488120774901,3.57969542040985e-05,0.0177948769271491,0.013120177281151,0.00279964618376911,0.0226542399290497,0.00191788550442708,0.0116910473204329,0.0141658978291312,0.00723620436734775,0.00643311672209607,0.0510570416285667,0.0213035256639156,0.13586698282242,0.00860569038390001,0.00228018560716183,0.010675371843871,0.00684226431253507
55.25,0.00319740223079047,0.00787709187516008,0.0192468181176857,0.00460968239174075,0.00624545651470904,0.00517272502209782,0.00144690583442991,0.00647967181997861,0.0349224774481481,0.012918236000029,0.0131888959480332,0.0068942911086341,0.00742687557438403,0.00991086076931496,0.011901536078224,0.00434199757507138,0.00595468557545773,0.00674544187679358,0.00480272494742072,0.00405188400046747,0.0066754678497092,0.00267160419583999,0.00571486656936482,0.00232360819218709,0.0237408992456947,0.000197310956631274,0.000638048299239324,0.00886564341355981,0.0022862645335374,0.00195529210970664,0.0090779626059377,0.00735534465268728,0.00973828659616036,0.00989243029179628,0.0041116227843981,0.00551967581394324,0.00168981872066966,0.0056390815878868,0.00958595187492513,0.0122414162979847,0.0064579329518813,9.4318362308594e-05,0.000274828427858023,0.00218337471567777,0.00593660488999036,0.0140141328165565,0.0232166719481881,0.0202775838299248,0.0174763318587334,0.00231124386563363,0.00347012709496762,0.00365974536016062,0.0158406817838054,0.00741068358562851,0.00458874932433065,0.000615367183797473,0.0156971309795594,0.023770593333038,0.0264056668467954,0.00404435205372619,0.275429672802602,0.00567168434188811,0.0043703504248924,0.010006540440752,0.00388180067761683
55.5,0.0385626776865655,0.0137864443797586,0.0151129922180743,0.000472392453658923,0.000804627780249509,0.016350493217294,0.00161172178233381,0.0199459663677977,0.0136948393340192,0.0115709360575844,0.0049523810597667,0.00616203845509325,0.00613061615489504,0.0132915745704089,0.0101647650115991,0.0177591297340186,0.00861511391786706,0.00789268236174491,0.00666948332076843,0.00260452651738243,0.00711935634493947,0.000367145240710641,0.000374248196357123,0.00440615693863032,0.00281465043067568,0.0029380626177468,0.0046140642742325,0.0245142434246441,0.0111150180359972,0.00146515512022567,0.0237235770337752,0.0389213036561612,0.00549538721703845,0.0051686514440804,0.0020200498429822,0.00451731362824784,0.00032522668186845,0.0166066789910112,0.00144886459456037,0.0108438586132588,0.00249428790313047,0.00317006279864716,0.00175150599024215,0.0152473906614801,0.00336671395334436,0.0183304739138371,0.00997402461516966,0.00565508787008378,0.00122941546545555,0.0221381643668522,0.00212529646583375,0.0290747092833807,0.00499009591907112,0.0060976539652978,0.00424649797472095,0.00477356754326208,0.0190699363908795,7.51455746478033e-05,0.00878621975451718,0.0112279138943678,0.183487679114236,0.00640767630420438,0.0028002074184708,0.00968661148432573,0.00671541504742098
55.75,0.010430485977303,0.0200708733367245,0.0159388584559722,0.0142367171390215,0.00297756521337229,0.00039673916283212,0.0101841004137815,0.00941934224454481,0.0264858860152791,0.0103348812330885,0.0228737626981777,0.0117745183513004,0.034544396251851,0.00444810238009283,0.0549474597763955,0.0104526883584991,0.0173958419547879,0.0172477184167645,0.00465555882990231,0.000588356023388034,0.0256529501467563,0.00968380593663832,0.000918840382026983,0.000898379057893205,0.000992976672785277,0.00505996351618816,0.00564798245673727,0.00309274821774328,0.0449951597557855,0.0113044842633807,0.045597790972912,0.000663333335479463,0.0181445744276334,0.0138315415061096,0.00443792674058273,0.00214547486365609,0.00450579701238494,0.00432602894029157,0.00883451944170806,0.0187758673420717,0.0106612549989183,0.00775245980628322,0.001780775119743,0.00478843784907009,0.0155089290494727,0.0159767913420541,0.00129849682729957,0.0220141495615933,0.000155631043596369,0.00303826433920519,0.0245924088396869,0.0153176629385174,0.0122606097580549,0.0159168616127528,0.0162575401374921,0.00368476634146064,0.0466743761469195,0.0142452230604428,0.0450858276298683,0.0172636160829828,0.102879755624171,0.0163846487076342,0.0021848443707799,0.00476295477425211,0.0180707990191718
56,0.0625496537133555,0.00306615866588335,0.000316202105898862,0.00102427173704959,0.00221837624882333,0.00799226793300649,2.22130064228969e-05,0.00407427337474659,0.00421387009408493,0.00786026449499209,0.0136169342799227,0.00808035252851265,0.0131986367222312,0.000635758120948707,0.0232405745288094,0.00196620059032533,0.00067989235265418,0.000283427834826529,0.00196580496402855,0.0015792222238348,0.00325772287906978,0.00350258668673036,0.00348718740153499,0.000355140796892642,0.00254380018364904,0.00074899134635136,0.00126187758121312,0.00127628207842252,0.035302408482991,0.00577447092151703,0.0117574528831252,0.00682046913786045,0.000647235754713499,0.00151277876223723,0.000692210721349995,0.000749392965600618,0.00354840071630876,0.00355600600704976,0.00379182557433632,0.00582116201429537,0.00104053540000866,0.0026636283402275,0.00211934452457219,0.0021378733631601,0.00122946745284107,0.00439048407084058,0.00437123549801092,0.00808822127764732,0.00257606755339401,0.000154961862017144,0.00225814283179902,0.00244971491540173,0.0230905877889406,0.00131246955572968,0.015116490362561,0.00161077378701203,0.0187982361001931,0.0402228937646597,0.0168869021927662,5.23096688764765e-05,0.119506038004284,0.00367103757398851,0.00302812547007163,0.0103660407126163,0.00335547191285221
56.25,0.0275843818558219,0.000619817755027281,0.00133661997029718,1.72954925229723e-05,0.00132714086066087,0.00101982309925534,0.000604554430392921,0.00151112386677009,0.00835296300431194,0.00976628866995688,0.0050621542944835,0.0008388296967488,0.000967720965536743,0.00129517437354623,0.000981404687954893,0.00303511720415768,0.00186513921249934,0.00148388075874469,0.00405758648742183,0.000416185956736532,0.00408724898037024,0.00143742515729136,0.000977499076749052,0.00165919458927183,0.00491445760881247,0.000731202283981586,0.000177472537468885,0.00614169123655796,0.00103634231787219,0.0120407040205174,0.0045022190636515,0.00254023318552437,0.000541642717608371,0.000909359295729442,0.000497258586969541,0.000725737688510115,0.000571717484439671,0.000243734296361443,0.0117449915316365,0.000967445796368501,0.00123698045003083,0.000974058009532158,0.000400629272301769,0.00174337967918272,0.000444177015269042,0.00810054383531067,0.00287606859618401,4.69827238735958e-05,0.00593817584407384,0.00190929216526577,0.000141337161800157,0.00222568009719306,0.00475196816760372,0.000400418507272395,0.00407545225129912,0.000909965365245854,0.000793933610805406,0.00345716028344613,0.00277530259312986,0.00201733005182045,0.0108601373140345,0.00180550902887939,0.000529987192163871,0.00011996902725388,0.00299347887782174
56.5,0.00858894390714492,0.0237902028250207,0.0140173229796496,0.00220280769814442,0.00124750276871247,0.00600865215289924,0.00410518944296603,0.00496101463211582,0.00875575156171546,0.00317554206288805,0.0159259561716727,0.0155974764420624,0.00724568185072797,0.0042319322571298,0.00837585402774744,0.0164943929016529,0.00149750965400933,0.00224108474469679,0.0137052654029918,0.0025516086215399,0.00268668100940371,0.00489070230034192,0.00626140962319029,0.0082081011702021,0.00821984436736218,0.00420689221120144,0.00142545858059564,0.00551391145005299,0.00311427434393926,0.00241789496303165,0.000320511079304876,0.0132687876892601,0.00227290098185577,0.00487452490522791,0.00362992668693339,0.00753045565327269,0.00491810644216586,0.00123419639950071,0.00460582901846872,0.0115243741614076,0.00542318404722421,0.0014792476386072,0.00348157262813921,0.00425811041605369,0.00666830961638727,0.0114384264912894,0.0249807116598586,0.0166421121802766,0.00287913013910793,0.00467354374829099,0.00613470930856681,0.0128606422030479,0.0374227698649451,0.0106244796175741,0.00241816138969011,0.00358027889135622,0.00179808304867945,0.0227007481325431,0.000627800252219791,0.00257234424376436,0.027275281895977,0.00378581214677654,0.00602425728634091,0.00214171177558809,0.00677842025017355
56.75,0.00164947273730679,0.0375857087863277,0.0247018410565874,0.00570721688579287,0.009431636438138,0.0010899690754706,0.00259136177402482,0.00464699996304222,0.0468515744149144,0.0266594338348695,0.0204034468377511,0.0224803623354582,0.00719503265298901,0.00533733642481743,0.0398497609816773,0.00552820252956329,0.0114381032742263,0.00681657938493502,0.00889542499673344,0.00172300635530907,0.00642455382461101,0.00381372017610487,0.00126666702017659,0.00434323431199928,0.0180154127781423,0.00389737685651098,0.00117811120292592,0.00181549719061683,0.00670968388148821,0.0260068273361046,0.00645240862624265,0.00950495169820136,0.0139867956364593,0.00659371158806752,0.00907214653429741,0.00348787200130651,0.00116825351096443,0.0012088562879529,0.00555556164443543,0.0195892575898089,0.0206826031810469,0.00599310899639362,3.26653089563779e-05,0.000101959843551373,0.00951044326253714,0.00616655233116526,0.0282396524163118,0.0184053552614529,0.00582221230271775,0.00314473776806583,0.00925163030869207,0.0101047696602788,0.0208019131645891,0.0284861485892788,0.00199241155734143,0.0185552127688607,0.0208311569634661,0.0132822715604698,0.0606126315990216,0.0267272746654149,0.521729011391094,0.00851911113446499,0.00536714688594193,0.0048844309291126,0.00598318798211231
57,0.0111012318726162,0.008647134987799,0.00743371670119404,0.00322910667921475,0.00326888424625936,0.0154705993385401,0.00406974063190455,0.00210236652750339,0.0198828740289412,0.00353571400638754,0.0187022233832219,0.0156978084301074,0.00198290598194429,0.0271772290062282,0.00302990261464388,0.00163896139722669,0.00852038304902383,0.00240924119179558,0.00155511259526432,0.000390801385925197,0.00199204059721909,0.00218053759611579,0.00455479714582401,0.00237244106609778,0.0104131991921665,0.0345242157159633,0.00520195294205787,0.0103834190998992,0.003827645439429,0.00543550139123363,0.00979757685617706,0.0120500463263161,0.00483878422187598,0.000382829455997097,0.00403220748644013,0.00467790662101714,0.000285569144990781,0.000759116811072199,0.0222726839671815,0.00185293352795576,0.004502760779611,0.00898122008590416,0.00255962512480474,0.00417097476109925,0.00279918125425553,0.00535632078049391,0.0213685521779644,0.0138476639687163,0.00563478563529448,0.0291069563960102,0.00497528086758034,0.00806566239995037,0.0600600865096528,0.00479042521768953,0.00557023263331381,0.0332508304606914,0.00395275989367992,0.0209322781971209,0.00162496043383929,0.000612155402524256,0.00335529055710717,0.00175204959970033,0.000642704226004683,0.00122637881298543,0.00129546927791725
57.25,0.0876793076795057,0.0163776355881601,0.00190934895531759,0.00142005869482624,0.00229391840924374,0.00610920080610607,0.00706016696959799,0.0120892392243107,0.00314780290562943,0.00715384051875835,0.0273486350951477,0.00574710364469048,0.00137680904616138,0.00852820048487941,0.0114471074041759,0.00202628043638251,1.8742482102507e-05,0.000210670010547707,0.000684800433388828,0.00478708116830492,7.38879765020099e-05,0.000685133548291576,0.0107911306440983,0.00150035782777808,0.000344587989105653,0.00676935616855509,0.00244514899372454,0.00630999258058883,0.00328318416048915,0.00018723665773175,0.010490262603783,0.0185514317763756,0.000228964487204982,0.00129006446494984,0.00077697636653449,0.000692669972020223,0.00858216151992744,0.00437714088531573,0.00235039600415802,0.00291939485928224,0.000245897596101937,0.00130231690219469,0.00685669580218211,0.00114799930325169,0.00530884216559801,0.00176756414626794,0.0066752773553591,0.00048246038833833,0.00574416137760241,0.00996206140175173,0.00845258264230372,0.00117802766507862,0.0307560117731985,0.00711421276372722,0.00298123627810252,0.00463544547177027,0.00832188444645311,0.00326157338818857,0.0138950762863565,0.00291826630611025,0.0268415733143855,0.000781327413424801,0.00155659343884704,0.00250216674581593,4.83008235937956e-05
57.5,0.0175672164614594,0.00792548710421754,0.00121847376059146,0.00143732048709234,0.000231624389091409,0.00164448197656791,0.0018769354305255,0.0109026112334945,0.00794112932380518,0.00831337701717067,0.0140613989878813,0.00271909708567414,9.00600715403565e-06,0.006351710632347,0.00352051642226559,0.00275223917599625,0.00202877684762703,0.00109188566908138,0.00344978657284186,0.00572835164456502,0.00392109885198837,0.00307971773520516,1.82374309877122e-05,7.31978714789223e-05,0.00374526323309126,0.00593936476336271,0.00207802344166381,0.0016571106798109,0.00195342190192144,0.000642499902571537,0.000438417890868342,0.00841189848665263,0.00323337364698221,0.00162166728976148,0.00262234577309277,0.00411494454215517,0.00237130746624409,0.00491904051174176,0.000836337937451305,0.00018136286096992,0.000146409366522824,0.00443482847896477,0.00120604581369146,9.62375291284817e-05,0.00625966183344466,0.0187394383881357,0.00472971048551725,0.00379233353047422,0.000935595517264487,0.00480755160476752,0.00268338162778613,0.00590369307221951,0.00530680150332459,0.00142898375643052,0.00523202914665017,0.0010980637782625,0.000762368430842438,0.0477826923513124,0.00237943994706499,0.00230896629835222,0.0177183188709808,0.00482756354116375,0.000669740656798798,0.0107027304852477,0.00421343552534666
57.75,0.0173313005430079,0.00322201202695992,0.00491265945498271,0.00222983629322766,0.00402812921149028,0.00552084387578234,0.000466502342309687,0.00604947693723407,0.0139489747272303,0.0023643850197183,0.00770774495771818,0.00101793151520996,0.0140959681739209,0.0209086795188317,0.0097643848054109,0.00479407963609616,0.0113555667453015,0.00310103953926395,0.00303940689195952,0.00109692672274898,0.00244929321980238,0.00146425111824076,0.00138812031356847,0.00355788973459446,0.0117915815667111,0.00974432261107942,0.00255789529062741,0.0230926224070139,0.0007719027787726,0.00529451391001393,0.00427258281168889,0.0236596277998184,0.00217241649904007,0.000704401937600046,0.00555964055851191,0.00102348822715262,0.000260778606637952,0.00361770024501004,0.00985206830485884,0.00879380894225201,0.00365772062669503,0.0198244412134561,0.00240401689704626,0.00550879602526367,0.00201718918412075,0.0103988832854385,0.0114712154729775,0.00533763779147106,0.00862328469211556,0.0247960545585743,0.000244119678581724,0.00931690168158372,0.0191556012879643,0.00228534007023091,0.00473771384622256,0.0121507368576891,0.00795327217711823,0.00361383118170705,0.0161241306555901,0.000580104113963825,0.120573224108299,0.00256762054015815,0.000109707512195137,0.000611935454961588,0.0020998341848225
58,0.0350403542993303,0.0219050796031015,0.00536620098112552,0.00600839682599404,0.00261276558229852,0.000103243771564373,0.000117338228166315,0.00326676476772755,0.00585002148802537,0.0260802813061453,0.0144656617377874,0.00303813332573818,0.0235349018739786,0.000331767703860448,0.000952017475642696,0.0177953966611245,0.000478112689971434,0.00873797861115999,0.00116212555192506,0.00177134154903672,0.00327899504558737,0.00428063889197611,0.000160540892861309,3.16349658466409e-05,0.010217261035952,0.0017972322421369,0.00114166785749258,1.3609212048264e-05,0.0286307042052643,0.00252721119902469,0.00573927834870042,0.0023934765064754,0.00295043309020612,0.0115159376635519,0.000751041089704401,0.00368473807083789,0.000231783916669204,0.00365920044418543,0.00185382336648957,0.0129042668403521,0.00338992875343423,0.00181856515496474,0.0022633341861031,0.000110933041070798,0.000813629249547561,0.0184925547849957,0.0118947463045254,0.0070633734506721,0.00457938427985443,0.00315376491627894,0.000196386774313395,0.0105874052531133,0.0201752603715388,0.00931434221313564,0.026624451785197,0.000671833011946035,0.00261426495557758,0.0434059189010642,0.00192143496114382,0.0185659110358885,0.00401858354756013,0.0244774829803946,0.00100162706276714,0.00438517015891887,0.006011256983549
58.25,0.0429992128353541,0.00599056853942287,0.00289832964195079,0.00394840696935424,0.000516623697974292,0.000628545279715192,0.0062845928163752,0.0045812075527098,0.0267963343585233,0.0166296748102278,0.0240813866645229,0.00585023539209903,0.0125432648758958,0.00678760257256062,0.0198935249609473,0.00918028321512946,0.00140727855382238,0.00148799397115174,0.00166754701678268,0.00561967270829824,0.00511389505939756,0.000863907535817814,0.00352212921026012,0.000667585586934573,0.0023840423046184,0.0086453716351076,0.00131828528969647,0.00171922972871269,0.0116393418342785,0.00441083011913289,0.00287947133358079,0.00173873909564041,0.00441049893364792,0.00173541617519133,0.00122574056388983,0.000853202302150205,0.00556439877108898,0.00764362772206346,0.00218315501495476,0.00384696849334801,0.00455512784147226,0.00421306662950371,0.000908385901887684,0.000122476476733847,0.00858495020207025,0.00682977960051773,0.00552649244663594,0.00648708535341996,0.00261622470173465,0.00745657540037089,0.00976151687548316,0.00525359080062595,0.0277281672549738,0.00617042972958634,0.0261595719633068,0.0068184241733947,0.00580974576082123,0.00972618033698566,0.0282196455941573,0.00860565013673883,0.125642051277653,0.0156901876485294,0.000594762171754958,0.00621547868503052,0.00161170739569032
58.5,0.00774203362029154,0.00584019350026341,0.020419153640042,0.010582657540138,0.00213668500509226,0.000391033930278784,0.00981041820922915,0.00174017450659622,0.0314450302624712,0.0180250097331529,0.0146447049815735,0.0101364692499305,0.00314931383429009,0.00187665771494795,0.032215696163619,0.00780527192046798,0.0241713449671434,0.0116726210194374,7.33891578700892e-06,0.00823132544037468,0.00744917391552053,0.0030593298897266,0.00622993056117957,0.00207568253930322,0.00852566052643798,0.0123135521847597,0.00230005698703178,0.000710722548209412,0.0144275662510185,0.000762603436589785,0.00979068307933871,0.00351804517769726,0.00918471368476281,0.00891736878135255,0.00209150197112862,0.000256954734250519,0.0112880322851809,0.00726849645479247,0.0202773725208493,0.0135066349921849,0.0036301664940051,0.00441097105707651,0.00218866762493266,0.000595088996300591,0.0155773373009407,0.00725366324779613,0.0211132699572845,0.0174797555820828,0.000353293175213922,0.00456364316720313,0.0151922141768467,0.00558393457576046,0.0226097884465217,0.0104130332184023,0.00759716514629526,0.00828279351054372,0.0144783183846071,0.00782660456047354,0.0493922267419068,0.0182545774048448,0.172635623511842,0.0145709018336324,0.00730348702996548,0.012973813081486,0.0036950438225765
58.75,0.0367534809733461,0.00437490546676284,0.00915190934104147,0.00347135710624411,0.00452119783558039,0.000687776997244871,0.00650736916627657,0.00777572475648403,0.0132853985310705,0.00031811294874518,0.0299182495778415,0.000410526680960188,0.0106739355095961,0.00207663624467891,0.0153829208139666,0.00193436492742365,8.64106015995128e-05,0.00583729568710292,0.00311332811870586,0.00106993635427106,0.00238067847902024,0.00967079438439106,0.00331191347275445,6.41002524644066e-05,0.0169073460292209,0.00248808502107197,0.00454578675825261,0.000939519146222937,0.0179909246438712,0.0010768553427432,0.00343604743198373,0.00551238304132782,0.00137741323304001,0.00211925137646793,0.000123071004095361,0.00149171696509785,0.00219999827505482,0.000421458043886314,0.00300875190866036,0.000673760424811801,0.00421603978118841,0.00834080025850857,0.00776451825742022,0.00132460196217148,0.00175186444538659,0.00770082412388268,0.0265893880100851,0.00118769580483129,0.0120971758533853,0.00230055965102261,0.00660681736239353,0.00541388978814347,0.0430162018117207,0.00163177658150961,0.00912712613526413,0.00430162200399142,0.00401537473016698,0.015808706525045,0.0126952924548571,0.00235392367934417,0.044158212852432,0.00424858810642805,0.00124836269147665,0.00048614164083518,0.0112436460359804
59,0.00570131536679356,0.00156352165587967,0.00322886237357878,0.000242250074807538,0.00323845235000721,0.00143483399488835,0.000441215410986586,0.00906368320393593,0.00267384351217309,0.021508585685628,0.0301556666881574,0.00278717746201506,0.00739960483525111,0.00620789559126488,0.00137027592242513,0.00579121826910705,0.00428192565421699,0.00546357346000209,0.00104827156234412,0.00308524786143009,0.0133188506021201,0.00231668684973786,0.000153720104166553,0.000546519664055279,0.0100678591651655,0.0062997816161434,0.000160839219361537,0.00550130874113578,0.00728536186186234,0.00737568605340889,0.00247839310955277,0.00480105451772063,0.00696806582795351,0.00372436606568615,0.00224003987706321,0.00140580361706022,0.00386052740952098,0.00259553036093119,0.0344790496392378,0.00136828697854648,0.00209193241589408,0.000921362641481128,0.00139246316798024,0.00243993896987384,0.00935654824963641,0.0102483689922263,0.00997644377883968,0.000564827973958401,0.00448769354201117,0.00676027793660355,9.09841219368076e-05,0.00548883872115047,0.0310375962977249,0.000682029081105206,0.0218540312673376,0.00985390602236691,0.000714365207892768,0.0107118051525139,0.00123767760667667,0.00974876824202524,0.024572225485777,0.0114626932918837,0.0012116691213302,0.0058062022258353,0.00821517024567783
59.25,0.0175600888286685,0.0102842583175415,0.00336583032243907,0.0180657272662425,0.00619821862129735,0.018635927865366,0.00232774622889608,0.00490176456042754,0.063424370354994,0.0199583021066451,0.00711366947002444,0.0073386635253753,0.00644782208036998,0.0150233481716008,0.0883842938688975,0.00460725674170244,0.0212522363629264,0.0185458422967026,0.021018144519507,0.00433844788326369,0.00979511224115044,0.0292188790309652,0.00964954448833146,0.0115441752816747,0.00846185160932254,0.0233173273926636,0.0173394262417058,0.0139429948485984,0.00942646380127531,0.0113445996887141,0.0379674807204256,0.0145180760824432,0.0116486338650492,0.0270548290876231,0.00803776101699731,0.0219213356462855,0.002015706457293,0.00565645399701479,0.0277825912788429,0.018179939343878,0.00625031266224257,0.0182294555731066,0.00707623527778145,0.013563202195743,0.00890686857992593,0.00368887290013524,0.00353698711005455,0.00764647488181927,0.022099582191586,0.0209381482251255,0.019486242601042,0.00512491237134159,0.000385528402919625,0.00976414109074414,0.00524279634077303,0.014093628358615,0.0817836974273795,0.0255114617016259,0.0888444796452994,0.0050803975087115,0.43148892828481,0.0412747434758669,0.00810916636448145,0.000421487720306336,0.0207244994337794
59.5,0.0118755841270433,0.00569997998576121,0.0276519772367895,0.00213592886043391,0.000939052741728302,0.00104002150452789,0.00539668770923794,0.000873584744259306,0.0443083942417146,0.00759969116506708,0.0173715495472977,0.000995865866289042,0.0016273445680125,0.00262700361652719,0.057768053649273,0.000277236237122579,0.0206245008740105,0.0130798654702778,0.00182593136096647,0.000660961629757807,0.00876069222788899,0.00410491585731543,0.00171027034363372,0.00183344186197062,0.00606177074824355,0.00225674251123555,0.00558068800343395,0.00176113322708891,0.00789037027398381,0.00672489712285828,0.0116218111899974,0.00411939773022937,0.0167766903067847,0.00922276939525074,0.00427037793800235,0.00356199106524119,0.000848620079915408,0.00167148237965215,0.033351100425242,0.0104187422825606,0.00991389286173777,0.00437398478141701,0.00147756746782094,0.000466094350345905,0.0189915420126674,0.00269251959070215,0.0224911849921223,0.00339851645083996,0.00134292747096277,0.00344583943759418,0.0109300650938738,0.000320558133881312,0.024317739625751,0.0046099202349307,0.00315317538733572,0.00237396001705879,0.01903302541801,0.000697916631981747,0.0838393934894722,0.00107211782921748,0.242689787706521,0.00536670885183617,0.00201764803044528,0.0100291314343189,0.00632072340018162
59.75,0.00934152988998342,0.00214729181450225,3.58954638652762e-05,0.0083059881911373,0.00363329218283402,0.0191504320568958,0.000290641719396243,0.00748631322435753,0.0123899990216357,0.0148036259826849,0.0165522731643099,0.00200148843712452,0.014757798461286,0.0157989208153326,0.00398955304346156,0.0150164966109074,0.00170461592482456,0.00698286406726283,0.00148168089292505,0.000360482729295572,0.0055176475226412,0.00980541399889362,0.000498766826853039,0.00087048723645672,0.0054138339054548,0.0112952159000286,0.00454425687551029,0.0233244887520901,0.0240203860391448,0.00216900318108293,0.00854325337302176,0.0293844584845891,0.00349279075052939,0.00644514372105439,0.00239052604906437,0.00253953691204015,0.000257888215034091,0.0012241586884963,0.00532862694477627,0.00305610716885777,0.00300121855432229,0.0140109711836989,0.00541240177753319,0.0111533303027092,0.000535628848060812,0.0116184571318571,0.00377082243244301,0.00408405635321976,0.00620842917968817,0.0257056011226902,0.00194553083325129,0.0145520828861196,0.0112273118807687,0.000444700254161907,0.00674155847502424,0.0139076437765026,0.00986573385866216,0.0103578027555757,0.0035155454175031,0.0117011977764151,0.0619759835849157,0.0030645772270732,0.000940836498093693,0.00123580860283723,0.00849624951152593
60,0.00612215599442316,0.00279334376621649,0.000100485874929755,0.00316301070903924,0.00237738842549754,0.00291009549945637,0.000345511841086013,0.0061041528836213,0.00461237226389172,0.0045069969834931,0.000803574875800714,1.66256365262727e-05,0.0242723097767082,0.000754292922187145,0.00474464082055383,0.00310211421165371,0.00246358400628516,0.00277192426460244,0.000293142960798243,0.0123481462917465,2.38148067275375e-05,0.000217773244672391,9.77262800101887e-05,0.00294164215029099,0.00359967488527063,0.0023752357160483,0.00405126370462935,5.38307120023971e-05,0.0187592243365225,0.00202531153303913,0.00475191926949862,0.00243524206557843,0.00046874012704739,0.00163472126406409,0.000803009382640232,0.00117186555763606,0.00224365431019731,0.00487389962363276,0.00926167146325861,0.00182406356114596,0.000214236303583827,0.0062528342318123,0.000358477504376427,0.00184698163707641,0.000998395036304885,0.0152683314352467,0.00115656019840044,0.00134883039733023,0.00195842340580508,0.00126772411554954,0.00205691760359067,0.00768228626483629,1.15191964627252e-05,0.00142409133527063,0.00623240759104671,0.000515984650451697,0.00924328493351681,0.00874128393656428,0.00783975849331559,0.00291757292758539,0.0687377616412232,0.000125440468618551,0.00339829470016036,0.00450705061847339,0.000457089695556788
60.25,0.0197395793884196,0.00126915534701648,0.0227599321486242,0.000471614651697258,0.000324373090569521,0.00625950124065839,0.00577399771136885,0.00195515800284663,0.0476843354053616,0.0223194659824739,0.0268075093368258,0.000961624439431636,0.0105572712570843,0.00960383644633921,0.0352060678246418,0.00949428620597282,0.00800916897610983,0.00710063630385071,0.000540483539788677,0.00348934830654791,0.00958297305380061,0.00364179687823143,0.00115285463843912,0.000391092541062523,0.0051137137626664,0.0117503632202159,0.00390544024017848,0.00770163112180695,0.0148498194718883,0.00215058229213405,0.00720883718774487,0.0204703072760469,0.011906213945549,0.00485274889133682,0.00104321986538434,0.00285336340045232,0.00304811017828911,0.00366055087629664,0.0158113986731873,0.00311953460785504,0.00632648118951784,0.00187196896436953,0.00331857241347239,0.00280538180043724,0.0245742949464796,0.00532366683920378,0.0269468340313208,0.00258881230516917,0.00147629739573084,0.0106727833120155,0.00953223889121026,0.00590694778348022,0.0433479499877628,0.00087453423268784,0.00372285226575625,0.00588600634616846,0.00168365747914692,0.0589065453506741,0.0353868507850788,0.010277207066263,0.0835647944604896,0.0122532398042571,0.000292412574581026,0.0127476479954638,0.00472912749462586
60.5,0.00373240289427276,0.00416086909164524,0.0121678919452683,0.00867649977126839,0.00440812637716697,0.0112985401527491,0.00153143860992543,0.000510223192739093,0.0344682506968624,0.0339260281744618,0.00117971370937235,0.00426419940514463,0.00351117986887811,0.0174940843876881,0.0235009827813964,0.00058759503302582,0.0122086456297469,0.00419275008538904,0.00222599663806942,0.000192698717133164,0.00269814366060734,0.00822743740673862,0.00130597647183367,0.00156912820439725,0.00198904750826481,0.00819557448230638,0.0103267745542771,0.0046522488602082,0.00923017035712447,0.0125034960418655,0.0142236590678158,0.00436044168127638,0.007120117469695,0.00841794916379285,0.00204519946493828,0.00355292767308997,0.00143197477277532,0.000613199899164757,0.0184901607279147,0.00503680731295997,0.00182639936137659,0.0101718948044983,0.00752614817518964,0.0014100428742028,0.00480613372561789,0.00291983794897645,0.00160946784803305,0.00915033078164869,0.00839076629797327,0.00963994325865698,0.00907143804942597,0.000776207616849439,0.0039953077380925,0.00536669755471202,0.000379335009155127,0.0194654611898979,0.0332959473657704,0.00467045338887227,0.0103375122863275,0.00891215768757958,0.218634793441689,0.00979022462129069,0.00135744510599398,0.00461934256163828,0.00560142199970416
60.75,0.0196707639626347,0.000402732213922415,0.000988225189074043,0.0014560468366944,0.00104428429420808,0.00567602800305635,0.000480846396681455,0.0015455812786284,0.0508534289067016,0.018206086359735,0.00871744805012535,0.00580057449010119,0.00356138336452566,0.0166312624074323,0.0319270766652186,0.000200927988985536,0.00438251356565053,0.00425855115293329,0.0207648718549474,0.00167113510775402,0.0118849251987678,0.00513478502651874,0.00256888839899395,0.0018828494067341,0.00413267986979205,0.0193874086451412,0.00452516917910789,0.00905251028735281,0.00644269730322826,6.50512822282206e-05,0.0278924962349441,0.00886799343821059,0.00338310752794836,0.00101029765520977,0.00911919450182668,0.00701942504993319,0.00483332460971354,0.00399807035056076,0.00550132740870828,0.00190141138139091,0.00194147042592238,0.0138758793347747,0.0003205872025541,0.00270858570740559,0.00528612695504994,0.0109343457462909,0.00143936236111318,0.00466013091929967,0.00148119840420377,0.0153825497419267,0.0100695223736595,0.00322510138026736,0.00173720194797786,0.000132744455354916,0.01080121306888,0.0057781758316671,0.0263587704347827,0.018792150549414,0.042241041199313,0.0169720335565936,0.382621919355148,0.0156422725872937,0.00853402819874297,0.0138718530933326,0.00881664234296821
61,0.0784922821861086,0.00229398903288918,0.00361605869943819,0.000444354215133441,0.00523587967894273,0.0040778015969847,0.000163581363160417,0.00775891877999203,0.00508095059585433,0.0089978521616641,0.0163989028165517,0.000734666949177796,0.013041209411638,0.0026467178770859,0.000185889552894102,0.0141661596527732,0.00157768533424447,0.00137703458585371,0.000904880151708369,0.00128262024088325,0.000597527042292943,0.000333381777836134,0.000995877989800999,0.00198970841855482,0.00812611706786809,0.000370143159201096,0.00411792260186541,0.00798676629708035,0.0224040346189923,0.00729587505339418,0.00511465711108923,0.00454313837848164,3.2073503581631e-05,0.0021150450620349,0.000379560874328698,0.000976266775295366,0.00095741416679962,0.00729002309793922,0.0055229005079724,0.000376287189692424,0.0022895066780335,0.000122853185773715,0.00205797643840208,0.0072043292863414,0.000904472786843313,0.0067277766648579,0.0115386636097574,0.00200550098265905,0.00584061058694509,0.00219065032915417,0.000845842785764166,0.0110565287196177,0.0272459385424653,0.00159290656019379,0.00535870268153107,4.22177482760792e-05,0.0027246658608077,0.00723150563086943,0.000222022421947597,0.00936948510854168,0.000467899383062435,0.007833525902069,0.00325787919524034,0.00349584530699958,0.000376852998680089
61.25,0.0118572595837701,0.00168626673197729,0.00186516884790486,0.000985377096458782,0.000784092033743208,0.00435757289944297,0.000329192762224798,0.00126063416346078,0.00625160272073559,0.00951435837278354,0.0231239337920112,0.0015825791035834,0.00797282931405524,0.00482560967634999,0.00358244209199994,0.00077088921750501,0.00657448102769196,1.83966322341673e-05,0.00226648817214995,0.000320858929361312,0.000374861015126513,0.000917766908415423,0.000537247839007832,0.00484759436993579,0.00665272174001038,0.00367431846825181,0.00041181644637584,0.00496720847453428,0.00672619306456631,0.00453146766623254,0.00188439880777184,0.00826453222977437,0.000424075684684347,0.000399192344905684,0.00204518306510819,0.00101357392330837,0.000734685621839672,0.00168096647237395,0.0083616355102485,0.00137824776704287,0.00108222596217448,0.0041137312504327,2.12599309975703e-05,0.000960912910060365,0.000715608606388428,0.0013346882113001,0.00849454658401879,0.000257482333174016,0.00617158249614389,0.0031211900769139,0.00213160617017151,0.000389118274531287,0.0363859243809833,0.00410781020406112,0.00396419216417858,0.000725370007512926,0.00190046458570503,9.28040699425838e-05,0.00569207946507754,0.00148400520228823,0.0297488376105775,0.000516193796409181,0.00100495017053055,0.00212084696937207,0.00196045016043777
61.5,0.000805034778868499,0.00315983306419783,0.00401636625594503,0.00359544200317455,0.000857304048775987,0.000369520321930092,0.000192732950598408,0.000608542127629231,0.000418992889388761,0.00534319048961357,0.0203733217909106,0.00729315901298573,0.00973029835724583,0.0107633886050867,0.00206116890654288,0.00114905798468102,0.00201771389964055,0.00422339342458224,0.0037221827937437,0.000267996647528588,0.00276687547395898,0.0016709036284453,0.00222715844307481,0.000148747933399818,0.000182837227127764,0.00137190521785584,0.000102278453903779,0.00486372787377951,0.0158677709280923,0.00935226980848639,0.0022202293400681,0.00517449807334013,0.00821608358862386,0.00349960964527987,0.00339525544752626,0.00278764189723106,0.00187601050890959,0.0033721202120444,0.00546414746996155,0.00470019061363078,0.00328905718033639,0.00236139637212105,0.000234932825265571,3.12751772427496e-05,0.00111300049072366,0.00719255192735472,0.0042793991907132,0.0116554347382423,0.000292266511722172,0.00568414371252361,0.000492672373929293,0.000747444094309766,0.0129081478483083,0.00625477888878216,0.00674248067731834,0.00840746389381729,0.00973831064246765,0.0243456918898405,0.00226161232105637,0.00311969392258869,0.0864723133623731,0.00488984614101819,0.00152966101425932,0.00206159363897306,0.00347770786313803
61.75,0.0281696678503843,0.0166385163039137,0.0130936394157442,0.0158868103866412,0.00120446387279497,0.0067316862557667,0.00743513705223274,0.00209866439671048,0.0285605470550473,0.00525544296046134,0.0119440467400758,0.00879596311809914,0.00297580460795438,0.000726450599372896,0.0477919061478396,0.00169382864886538,0.00895381728576336,0.00373329042695352,0.00674995680032794,0.000470342462643272,0.00192503327710766,0.00682575428293488,0.00225482114062103,0.00211968116166285,0.00283735183842794,0.00625589797105882,0.00589849323164322,0.00115393126904118,0.000806426338197305,0.000272415456280268,0.037911118368573,0.000741228196564351,0.0018106796217024,0.00994631286903989,0.00227397675324754,0.00427719473302127,0.00353859410833097,0.000777459799555039,0.0264914819972221,0.0118240048331338,0.00252229089307301,0.0113457578498491,0.00473793032919679,0.00154620059510148,0.0111953927469568,0.00505445608189719,0.0174518946769205,0.0106741111092746,0.00300069958806873,0.00170863523435321,0.0236988928369988,0.00503641032304878,0.018517421054291,0.0122999019352931,0.000438196286197989,0.00117292733226465,0.0424323947798699,0.00861475937240554,0.0362131439132207,0.00165678883312403,0.255963703986171,0.00100891224304025,0.000434866181423509,0.00620045426623504,0.00740062399983145
62,0.00507335114865921,0.00254363896084257,0.00430289246417783,0.00218031733267651,0.00652390999614101,0.00458586980221266,0.00895322825514144,0.00100868979344544,0.00894611008825197,0.00237993874985609,0.0132464530357394,0.00459674573536134,0.000740778011261515,0.00462419306175244,0.0146182625790004,0.00322280880834212,0.00312508302754769,0.0040082736028994,0.00356406152887628,0.00266636565656226,0.00168046521196663,0.00014543581250831,0.0106640991905569,0.000222124747633135,0.00708215652117945,0.00369431812009739,0.00671676126596574,0.00570547082370833,0.00028361706736882,0.00325660458891977,0.00661330336331129,0.014777043021975,0.00367384471093611,0.00130525154644359,0.00261573438091175,0.000375296984995786,0.0059227354147902,0.00126468275924481,0.0143829944452705,0.00332581124518656,0.00108678167423816,0.00345318858849811,0.00341014586181779,0.000705743273223877,0.00710245961935239,0.00453343326003614,0.00785945160590575,0.00791737498396672,0.00239374405293827,0.00835175281103845,0.0134328532127569,0.00240360617520428,0.0252252999846196,0.00418211756052247,0.00678107549128785,0.00220749754402023,0.0131417344017893,0.00742421782580144,0.0362065376644536,0.00311042635573098,0.158936669245614,0.00812665870193115,0.00222646224468951,0.00555405394495185,0.000966648619686014
62.25,0.0263802704015179,0.0132089251066776,0.00509925420945139,0.00456586929085228,0.00153487800625237,0.00469968040728811,0.000414321952734508,0.00945672585150057,0.00364465682253913,0.0439890687694609,0.00401220939404793,0.0136866399937691,0.0120895035824148,0.00252658988963741,0.00189465425707231,0.00886462004533214,0.00787178847823564,0.00515736557901583,0.00155664288731111,0.00223713441522414,0.00424825311210777,4.19898682996286e-05,0.00159249113634181,0.00437954381046483,0.00316925503725873,0.0128938358935463,0.000770781254283723,0.00402487064920126,0.00564547493873758,0.0145753308697337,0.00167202518822443,0.00283214956745846,0.00195436698082126,0.00256004482297883,0.00126898737687244,2.92868418807689e-05,0.00276284395185576,0.00156935328887648,0.0323222490606033,0.00362318043830793,0.00234938234433186,0.00714836543296275,0.00124000655788676,0.00338929979712821,0.00104437646940946,0.00536806364945596,0.00308274652551926,0.00282730387652753,0.00363255348013987,0.00756187503708538,0.00120536169321216,0.00613422235385951,0.0165857876113055,0.0119354016143753,0.00171476179944918,0.0143636241130304,0.00336781562598101,0.00306351260058051,0.00841749489453722,0.014957466823598,0.0125041658524945,0.0078308568198869,8.95353213182328e-05,0.00308146024390484,0.00146896228685974
62.5,0.0398311201206994,0.0175787401148109,0.00118624478381679,0.00229785788418071,0.000343178133458695,0.00576722752024908,0.00396916818955112,0.0106016210766373,0.0053739914711826,0.00287775885076177,0.0400642939836704,0.00618568303098342,0.00902648809484939,0.0217401751787614,0.00817401001440663,0.00719537282983819,0.00161848905452241,6.66231605724223e-05,0.0105249415253921,0.00635695353650419,0.00589764481341964,0.00750093634628044,0.00642727296474337,0.00469823765244618,0.000761020153464289,0.00562567518797314,0.00298920537433432,0.0160980016052627,0.0132437463448486,0.013021236774009,0.00916702521920355,0.0343781355867607,0.00169575424997961,0.00237656692158741,0.00402905362838027,0.00564431474129429,0.00063898736665775,0.00173270312065452,0.0244877219836159,0.00643243763777146,0.00315132662760717,0.000673381767589893,0.00343525890693752,0.00158225535798434,0.00322137276825122,0.00300389312108303,0.00840720868269598,0.0109434755511869,0.000623033959676672,0.0131815737259707,0.00170125639710997,0.00311723154097642,0.0342155403600683,0.0135683837183556,0.0285706035082818,0.0101964992115038,0.00590170119239131,0.037182176412214,0.0100703742101471,0.00267118411558759,0.0343564595688979,0.00537298444593501,0.00220170661539707,0.000934128508255399,0.0144777172820646
62.75,0.0132263664234803,0.0023268372019206,0.00493486757093131,0.0075228050198002,0.00415421127869742,0.00628583023914819,0.00186477904668806,0.00209941953669365,0.000176337922197191,0.00160582240753472,0.0132441196094105,0.0038552063104603,0.00192396275344046,0.00144442318775426,0.000197469847300176,0.00314982278618261,0.0044261127469097,0.000473352505913661,0.00523968374658791,0.00185371084720128,0.000396214199249215,0.00278547246912354,0.00274878602970189,0.00481273588868169,0.00787195938082382,0.00299748049946905,0.00405014426547391,0.00245988694020555,0.0165645627968222,0.00578834021640196,0.000503474998055031,0.00476099136922391,0.00241694551553132,0.00350112344933109,0.00155930962436856,0.00560090233239245,0.00172931164007655,0.00304911082018149,0.00520279581316444,0.00467836368696572,0.00169178222318393,0.00900895572393909,0.00184485187299631,0.00135541056014272,0.00122048072643867,0.00277488265911423,0.00354502290942795,0.0042699893645687,0.00843685953649615,0.00280985571241982,0.000976561296463174,0.00884882966568096,0.0147322211669796,0.00442703144757679,0.0125992438975905,0.00225435165919123,0.00139766462808954,0.00464566217776898,0.00047384191492031,0.00151886629175216,0.019186878970038,0.001015097672082,0.00283494569494052,6.22109299598286e-05,0.00191138873423678
63,0.0102070753904718,0.000601167039210591,0.00354114896417753,0.00421083445840533,0.00130714659896471,0.00704590953084175,0.00102296506846347,0.00298795261853623,0.00898834770211278,0.00476030672420658,0.00307462294174374,0.00385658841569101,0.000378490269895177,0.0047720288099688,0.0235237681267776,0.00281330251191792,0.000374177950014155,0.00122917112990683,0.00030566190255888,0.000597585677439421,0.00347602935993156,0.00399385457656077,0.000473017679093098,0.0119986181851298,0.000563229683622575,0.00583206084638936,0.00164006979925523,0.00579678873069234,0.00264220387562581,0.00217664761418887,0.0100221160595276,0.00862529731068006,0.000929417039622967,0.00137770816789106,0.000208701128891348,0.00638624682593324,0.00136386568875726,0.000675871457742405,0.00417787255468741,0.00088950713805107,0.00348267668538134,0.00797744830076742,0.001070685510847,0.00574116844772353,0.00156633733471342,0.00180888860146757,0.000668289303181743,0.00668401852316821,0.000392691155891919,0.00710381025695813,0.00658595223200473,0.00550391888115698,0.00514419119501097,0.00150766235273205,0.00541503248193457,0.00745254324896016,0.0235986647520441,0.00487265860831805,0.0231130237784887,0.00235032867046096,0.192277249557719,0.00557591680882231,0.000755619239053786,0.000310968783059352,0.00131415578515397
63.25,0.00168044509282748,0.0205585412189491,0.000219266402014464,0.00678768957100927,0.00191705023169433,0.00169087971605159,0.00102061693362849,0.00282528934538894,0.00584600539717011,0.0153141900214869,0.0060340850163229,0.00977326314563569,0.00223490446359038,0.00609290720831431,0.00251768966768282,0.00643793022941563,0.00436557577696334,0.00213202945973797,0.000470369975008646,0.00215655925498471,0.000711938137988815,0.000781185959012107,0.00133109993903395,0.00373991461405795,0.000807888495238331,0.00130612951597118,6.25506560296991e-05,0.00788431880270798,0.0008086451301766,0.00483934682735738,0.00219986697515118,0.0100038867178841,0.00251336334945127,0.00584983323740837,0.0021336633260492,0.000294010790616404,0.000902822716889732,0.003347857217037,0.00133134780647157,0.0136866868343859,0.0013477360008905,0.000977973064717176,0.00202126988314394,0.00299614102348385,0.00281525321330884,0.0113120791912931,0.00125923841180544,0.0145672269369238,0.000565673995418947,0.00530960506889115,0.000680129962485535,0.00713736416266705,0.00469918284343957,0.0139523815568434,0.0049824607057401,0.00291073082241704,0.00632614626967692,0.0134247601605997,0.00219979492982108,0.00771065429363191,0.0391398575178473,0.0109615005707392,0.00159743490038683,0.00990481966206596,0.0021886587650586
63.5,0.0225508668542665,0.00348959066983397,0.00742563683618734,0.00124756958405578,3.53917362320898e-05,0.00435103354153518,0.000340416145436587,0.00922031569590899,0.000187027557910861,0.00169058211707202,0.0327609710382221,0.00505047442726929,0.00383107947090482,0.0100542648944175,0.00185180481326977,0.00199886044619594,0.00575688011303135,0.00287799280584352,0.00407377832576563,0.00282760732055111,0.00175645058430954,0.00575840610917993,0.00222512834400221,0.00369225109278453,0.0074536723468793,0.00667617750639709,0.000769491748443061,0.00705922344718312,0.0120730724769351,0.00840697970907546,0.0105269324458531,0.0142470740958636,0.00839941689603077,0.00178989713352884,0.000988055383969277,0.00699188355259786,0.00043513702039574,0.00550263748372676,0.01140605286916,0.0021193899619581,0.00165325891428037,0.0110872787581567,0.000167827224694279,0.00631434527637374,0.000901949329930504,0.00195328095568932,0.0115153685760442,0.00140190454016764,0.00437133217393859,0.0116371771100733,0.000288780254162767,0.00410886665107832,0.0128766070951293,0.000996124593052145,0.0137204443512326,0.0101995229333325,0.0109042546770478,0.0287528574942773,0.000750378458855828,0.00237476693638296,0.00731279600837905,0.00484362492204168,0.00409789591579229,0.00466606127123747,0.00242675558668255
63.75,0.00273202430792921,0.0119638881102512,0.00830179303178484,0.0147208961860716,0.00531803746438563,0.00967109869412529,0.00426904471143263,0.0149632467982093,0.00683703200607416,0.0202038333930745,0.0152604062413439,0.0184723629807624,0.0205630599431539,0.0372121598449843,0.0148421410623263,0.00116801489423619,0.00092399901257612,0.000949194856211359,0.000889049120559117,0.00173176602495939,0.00254666986985045,0.00285952619543243,0.00323329070584321,0.00117550156024742,0.0102656365305234,0.036963560775488,0.00277071783139046,0.0152809007831973,0.0153950942085062,0.0397234181347473,0.00334034767105921,0.0127285251906059,0.00324147219464321,0.00486134157925078,0.00452833732272893,0.00123683014371098,0.00212530458457135,0.00398004342408768,0.0178847416532144,0.00722638073009589,0.0026822681561631,0.0209089850000714,0.00376847306917598,0.00451891187945015,0.00434031955804131,0.0171872324335887,0.0136255380054623,0.0185845815901131,0.00889984429113552,0.02704664634584,0.00430073236898493,0.00649728141843796,0.0163186075687976,0.018935125106845,0.0249286736861262,0.0343658725495767,0.00895039135880795,0.0162630539552461,0.00564689625561466,0.0104742378685443,0.0247542421357515,0.000720632971843287,0.000506829900905898,0.00870538981540396,0.000855332447395903
64,0.00508068735825672,0.0130807172327218,0.00125685447691193,0.00712435114827183,0.000503123939639523,0.00293316862561041,0.00561491873204071,0.0013512025013601,0.0138357197282805,0.00864162853444432,0.00830629721863484,0.00640317792173423,0.00448913508323534,0.0033338199813247,0.0222348844652936,0.00367140694273774,0.000959897348826057,0.00146899282718263,0.000752290160106017,0.0026243825054321,0.000682117463293465,0.00570701951019873,0.000671481635786058,6.98393798712136e-06,0.000308043370773119,0.00478860169447642,0.00459859869916372,0.00318722389616131,0.00170415261145448,0.00767753704200842,0.0119865196202761,0.015402769578959,0.00223289345461746,0.00471184956051077,0.000731514867608399,0.00213455459157932,0.00249501135483193,0.000581853644134082,0.000330131729772853,0.00379287821205213,0.00222494063601722,0.0112703121459768,0.00448544751983783,0.00138242585612577,0.00884632518415439,0.00232855270291337,9.30902806444782e-05,0.0035002098496538,0.000646116003495048,0.00548792561201622,0.00966073311041618,0.00453632259179191,0.00218272882054356,0.00608893423796829,0.00629296152858226,0.00494624813730161,0.0116409207147288,0.0261615350916276,0.0122293784601532,0.0016081471565858,0.114494590818845,0.00265366613469948,0.00218929002402967,0.0042124745969379,0.00163133463271147
64.25,0.00216232026925212,0.00568311822892336,0.00681421567280632,0.00168398951330793,0.000924226066563499,0.00110474721521326,0.000242694106526795,0.00506633840966318,0.00976734958711406,0.0109575895620556,0.00177344407509021,0.00244785874399055,0.00105454489703172,0.00464421444737703,0.000569759988839223,0.00546804115718019,0.00896792129956155,0.000414811735856407,0.000687673167726578,0.00376915391496129,0.000455788379409245,0.00171305514924795,0.00435852118246838,0.00462485080647224,0.000648705745009649,0.00510329311207478,0.00105269817346092,0.0117362268469318,0.000521122392853601,0.00197831518998298,9.23458741557758e-07,0.00333469233348431,0.00280507632234134,0.0036252062889017,0.00180491538768017,0.00174548118854092,0.00189128431629869,0.00615590188243492,0.0075922667048154,0.00984581697896432,0.00248050031803588,0.000879918624476653,0.00476839396566076,0.00534823830531971,0.000746863243693976,0.00997220057164392,0.00436468598698885,0.00313770879756471,0.00180325015159519,0.00543552613027876,0.000218978220206465,0.00740835231345668,0.00930695692106254,0.00762788282497373,4.2364295051932e-05,0.000370587700985469,0.00304967896268584,0.00169551870402136,0.00306194933462171,0.00473600338195876,0.0684463422725725,0.00283326659819748,0.00380820839580153,0.00478176264156185,0.000118844025625598
64.5,0.00780525551009846,0.0100166252287264,0.00662440503374695,0.00648570032018135,0.00373167320228196,0.00274739650570885,0.00145487359456625,0.00989015947702322,0.023963625727098,0.0350475201711498,0.00767346005039122,0.00702177193631306,0.0219524063506518,0.00490367138481027,0.0112582962074892,0.0190984690318911,0.00142034729786025,0.00284712611919358,0.00142101530595682,0.00387092662906334,0.00249426468486765,0.002448307675795,0.000750442599331268,0.00273971043138539,0.0042317348555659,0.00956687916172874,0.00154579455671286,0.00197199907100337,0.0178531364691629,0.00600603528798495,0.00511643553982216,0.00222212695655363,0.00680310429858104,0.00147161424948414,0.00245259625835921,0.00250305776847094,0.000404269885304177,0.00682303619406135,0.00569645656074722,0.00201043416717446,0.00408901410262769,0.0124672362699902,8.51760582716006e-05,0.001683390164307,0.00405965355789556,0.0334274053096182,0.00591819523313399,0.004144294905652,0.00490892960060398,0.00617839068068595,0.00392105836431597,0.0171086224052407,0.0102048289856482,0.00737104290398089,0.00947431654248726,0.00507833003067431,0.0159518825608009,0.00347963107835802,0.0118527472566304,0.0317859633640171,0.066634296409542,0.00981858281209703,0.00039417556456165,0.008304355623545,0.0025835913653257
64.75,0.0217668712051501,0.00344470527481868,0.0178881772666973,0.0042265900110188,0.00114513889844354,0.00494641582229311,0.00103208326509817,0.00226161040352555,0.0143923580493316,0.00442706413908963,0.00830207955934723,0.00175735074548869,9.46565170158293e-05,0.00377815128013297,0.00793055990819507,0.00272145052286212,0.00566583903561082,0.000751106691138374,0.00142239795419165,0.00164520080984653,1.41310890779826e-05,0.00309483857015761,0.00038123046967447,0.00077400293437428,0.0043459817437666,0.00520714745842771,0.000661465486526413,0.00664754568618046,0.0181653696897104,0.0039079860079162,0.000188298456277856,0.00451025653136046,0.00338608878171685,0.00316700317805115,0.00155425634949269,0.00125081793436524,0.00136718201522878,0.00097295727668203,0.00119880170720743,0.00199590517326972,0.00139693134336178,0.0104019257526906,9.33993838135127e-05,0.00156540285147263,0.00298484536180636,0.00122464156955298,0.0179893698472831,0.000635604650132857,0.00226065857005445,0.00946276672536135,0.00104487638472317,0.00106751800741294,0.0351514778681252,0.00212222594356637,0.00240975002596801,0.00237552017553312,0.00414107438326713,0.00877836527419463,0.0129332550396643,0.0051906879196106,0.114882052091363,0.0158564994704241,0.000853820162898123,0.00798184845881449,0.000327472862629329
65,0.00363594833244687,0.00714519949320709,0.00357343004106452,0.00984156824821109,0.00336967648525893,0.00306088074171378,0.00183241055598599,0.00258339524023295,0.0463212757948377,0.0225195003716389,0.00382897574357201,0.00138144049948561,0.000131837539992578,0.00353746194582355,0.0100133804179301,0.000533617365029184,0.00303274085032882,0.000595081749991922,0.00167499657828,0.0025499418709123,0.00181822762642267,0.00508696236986076,0.00223493939599777,0.000803039913002512,0.00358233569295601,0.00852774376821093,0.000343612164795865,0.00169126944482218,0.00614936636371249,0.00325044897992463,0.00376993674280336,0.000754609627538948,0.00405156613872259,0.00265099844311226,0.00216934403345533,0.0019697568476761,0.001838808500667,0.00152804129755273,0.0053702199699453,0.000287332346849207,0.00179458337654503,0.0158208196923363,0.00138173483810167,0.000203117900363253,0.00493094111931445,0.0119193593413518,0.00366816128839808,0.00161614784724876,0.00152854198376808,0.00538903792194144,0.00362142116617206,0.00201210915653497,0.00499180986449365,0.00369991046935647,0.000425769490543058,0.00583710916463642,0.00267124404829655,0.00527226440518978,0.013108873422298,0.012084491104314,0.108598752793594,0.00490898384190597,0.000632017654807184,0.011371311302023,0.00251169102519502
65.25,0.0580284258019674,0.00702913013390037,0.0130268227588574,0.00362562343912097,0.00146400011139823,0.00331576908019764,0.00812847621455131,0.0015935834367116,0.0459944083640928,0.0229160201701154,0.0254303413674594,0.0106625150263632,0.00213823198402616,0.00590119867577745,0.0301018598475667,0.00887217427382711,0.0174048748811815,0.0117516255206359,0.00114766474950051,0.0116249070109603,0.00272284282824995,0.00637536497365948,0.00155024594945923,0.00108487214921923,0.0152675572438011,0.00869522081477824,0.00205385961482975,0.00110641396414485,0.010881178734302,0.00479662378603243,0.00390761463924074,0.00352836520126842,0.00785090243370934,0.00786287540864218,0.00101393398755732,0.00124021770661502,0.00356409315227152,0.00449053044589233,0.00614150283234567,0.0147579809616986,0.00942785339260333,0.0046306188536748,0.000315578741722522,0.000624888217796619,0.0129714780772448,0.00790347906978758,0.0240495318158328,0.019996389340744,0.00510498798034384,0.00772269859185291,0.0148780319624469,0.00363406949890626,0.029421106438781,0.00742741551689134,0.0104454760304785,0.0178365135427303,0.0167776617162153,0.0162561683051738,0.0379963328687045,0.0167788236991744,0.254576345750854,0.0261066592840507,0.00200673110600623,0.0179518586081644,0.00568144250004054
65.5,0.0178728645593864,0.000276745800342572,0.00382366586546319,0.00115940825671319,0.00217313481491556,0.000358014374629757,0.00125245509084836,0.00330265856513843,0.0281328865311763,0.00935634842710507,0.000490597120663979,0.000106596658867863,0.00124665268453241,0.00736995279103666,0.0187816602081549,0.00075209477488884,0.0114147023159155,0.0080352650812781,0.00925219497131206,0.000180935311400683,0.00704202244192621,0.00622498321060345,0.00520378121448346,0.00102987814410836,0.000583004020038057,0.00395229483774009,0.000919565990937845,0.00249490576587162,0.0021971822299884,0.0048184077632958,0.0101943891834239,0.00809200753535139,0.00404547866979044,0.00290832165987059,0.00350874152742858,0.00258037794877394,0.00225459503445973,0.000207987693338139,0.00989304399891049,0.00173535606827489,0.00310476934290858,0.00113659383354401,0.00140719061058198,0.00035746331688425,0.00577322442912154,0.000365187230555055,0.00169714528693959,0.00126141212393718,0.000321078294131895,0.00454181512686657,0.00615773902364774,0.000141129015088534,0.00595023962477031,0.00161068599649984,0.00273133482856558,0.00619265269960216,0.0211930434338454,0.00144768453940155,0.0347326814338409,0.00538740547032114,0.256073063301805,0.0109636923250669,0.00349269422707503,0.00163224998717124,0.00526006992594228
65.75,0.0261643848962194,0.00716745570653117,0.000998633343359303,0.00273261507449722,0.000992355200765334,0.000765362369703649,0.00335844997188807,2.04952989624418e-05,0.00538977680879212,0.0107424617099501,0.00287212449025318,0.000210625459136097,0.000978966547518797,0.00450932855058797,0.000401487460664394,0.00173913910638704,0.0047649060325602,0.00033938603200715,0.00254940288212154,0.000836498295642519,0.00152509823003805,0.000506532476009043,0.000948202908803067,0.000555950409739303,0.00966555031241009,0.00366245096104282,0.000277242675415544,0.00726783960191279,0.000244956167014299,0.00288200955946067,0.00178009457364632,0.00711348296991712,0.00135750064862947,0.000691946577115061,0.000566950076592503,0.000264543338009439,0.000420536408299998,0.000316767321852458,0.00966614972455439,0.00220412974301405,0.00145946481125446,0.00463552329219439,0.00198958346077468,0.000268601605671584,0.00403591898609426,0.000539197296764331,0.00240282573978528,0.00299618425541108,0.0103464155062842,0.00682455650958513,0.000248747656631107,0.00190164019397687,0.00529304274028028,0.00391314653797986,0.00720664613513605,0.000972207389295761,0.00157780829753084,0.00205727708091944,0.000556479195488942,0.00463629333650826,0.00423797684911646,0.002374263407894,0.00125171812444094,0.00190347996574826,0.00131126656635169
66,0.0110278304661776,0.0062907127213768,0.000874354103397151,0.00892537281520467,0.00196517979287804,0.00485094572683182,0.00374955214951757,6.48861507377666e-06,0.0115215841722413,0.00850243156797099,0.000888862942254797,0.00502186243987483,0.0146709051697988,0.000374937949098377,0.0142631367359007,0.00144065029927079,0.00378277124960685,0.00621060025757117,0.0012693304825459,0.000252746696901264,0.00308687932882419,0.00714494782507553,0.000634341584406129,0.00419112050967186,0.00178782131403863,0.00368076770520964,0.00481205662713878,0.000273235229378008,0.00815030618417654,0.00879967551351488,0.00805127551330846,0.000100464886848406,0.002726558390565,0.00791438290658746,0.000152465902989084,0.00255551280559425,0.000990468654505529,0.000415059565555102,0.000549807434214564,0.00557999421970073,0.000169385645630662,0.00746896744096168,0.00227750432024959,0.00136866485954449,0.00515275862091798,0.000393524953920917,0.00051890112508455,0.00736079157515239,0.00201005198567592,0.00064176778877845,0.00410876599331694,0.00109471252012106,0.00696451495164714,0.00548219765283237,0.00651031287703082,0.00808343911649955,0.0121871876020942,0.00613968339053941,0.0163071955483166,9.66556546643118e-05,0.0724128749285834,0.00087795084512934,0.00158445278687432,0.000940548677640458,0.0059111515206298
66.25,0.0145094369271901,5.66396515344993e-05,0.00317449661802606,0.00176360406988326,0.000997606491787366,0.00302734267133225,0.000610049780774932,0.000137739951177546,0.00510335548104421,0.00613400988079614,0.0001963259359343,0.000723953536595808,0.00719603049873705,0.000492394148399571,0.0135487733193206,0.000299651241207467,0.00482401064695519,0.000130430105121397,0.000371702679699395,0.00185460480107596,0.000401545814613082,0.00202242517224613,0.000150652907998168,0.00148749664503828,0.00255265000046036,0.0070667647004569,0.00409528840224325,2.32645003528082e-05,0.00341156989066557,0.00130864219121369,0.0123789388232816,0.00445293115700077,0.000111669314076312,0.000574015319077121,0.00230622156033144,0.000539349072733597,0.000431402753510254,0.00131211272939809,0.0015620410235238,0.000109625921593663,0.000876545783546651,0.00284434130541015,2.33385417454443e-05,0.00130173226606694,4.72295278479871e-05,0.000968511830984613,0.00198381151518994,0.00266575765794931,0.00214474007922603,0.00241524600741391,0.0100230428106788,0.000713078569315827,0.000689030070862524,0.000371127872879511,0.000808466324768197,0.00278700938278604,0.00955978876345948,0.00761565407214709,0.0134149929991419,0.0042043381891144,0.0542871807131245,0.00111296445412049,0.0015001615189183,0.000745398814040397,0.000419499648497957
66.5,0.081966476272996,0.00258009629212247,0.00111787276569951,0.000792860208248164,0.0025747676508975,0.00102009667632509,0.0024559284601236,0.00254170800917233,0.0073096856229086,0.000858621088856649,0.00644074907795316,0.00265032587628531,0.00391468539749549,0.00208880644344236,0.00450193435580848,0.00234984779249569,0.00394441209875564,0.00137510728941614,0.00218635377434156,0.000699263053609986,0.000949770850711677,0.000522326256038602,0.00239450671092915,0.000871283222798521,0.00241111714895886,0.000589780218837322,0.00422437402047627,0.00553365878747058,0.00911628732841613,0.0219789212113886,0.00972829378003544,0.00561223310101403,0.000533955976020784,0.000302106249073089,0.00209507853180357,0.00375381906823842,0.0016245418510558,0.00255978931988105,0.00128890400634273,0.00106414993382546,0.000727215622481744,0.00153459170135186,0.00278957954734565,0.00164718938682606,0.00973116538172254,0.00166596841843885,0.00312283739340594,0.00184706293802392,0.000275525913406776,0.00442152230954699,0.00229321879420298,0.00203261442424908,0.0184660418975396,0.00356494166823538,0.00374477583554692,0.00632860295505265,0.00439419760458509,0.0290977574338409,0.00361352581878164,0.00103627116391071,0.064367829690801,0.00841704509275851,0.00375579730352828,0.00286159812033615,0.000284038567599466
66.75,0.00856749994653649,0.0202098819757644,0.00237858409893269,0.002931106544534,0.00127000857264226,0.00225627058153921,0.000738219119310293,0.00237745741464229,0.0216441144187601,0.00248630108565862,0.00415208785543815,0.0134379201533581,0.00491839664426228,0.00496889978404622,0.00901752103578316,0.00328063403463641,0.000197091374231066,0.00234205451507031,0.00383020475522748,0.000546264919889148,0.00342507741044097,0.00444282526007464,0.0011426708571554,0.00120174528169462,0.00209133761075179,0.00467011999476504,0.000241172865181837,0.00565595249892877,0.00488538496544332,0.0185030522423033,0.0030447414885122,0.00234492371845521,0.00150581951398603,0.000787381641594032,0.00449390635304633,0.00459778860809589,0.000222117441823277,0.000230266053535911,0.00106478459833547,0.00219569293564795,0.00283211564830682,0.00569814803426042,0.000260540699073903,0.00334183407363665,0.00114618509112829,0.00286934465334461,0.00234511989102834,0.00532050994294401,5.45320046473164e-06,0.00823289431500667,0.00258067600637355,0.00422227604411395,0.00186086658822075,0.0135609923411278,0.00130890859107561,0.0174815054080598,0.0137077180726074,0.0171936108788955,0.00796042685016276,0.00346711364218476,0.144449214485072,0.0152018979965496,0.00121129274858165,0.000624323066553233,0.00699956297539244
67,0.0502563603183245,0.00458851372857712,0.00716562381128124,0.000896276180398256,0.00132323849496838,0.000498027345125505,0.00366240890488501,0.00367616260539954,0.0132404040823924,0.0163291261026593,0.00819771419456349,0.0169654328227864,0.00123133310893512,0.0136866406433547,0.00786729352124779,0.00211172902595947,0.00213922790775525,0.000857761387304168,0.00136097439756189,0.00287764946087657,0.00110558505974214,0.000454641125792631,0.000731971529853687,0.000292383551886522,0.000134259548456422,0.00175848940157561,0.00228593868453451,0.00487743447523401,0.000770825568170885,0.0122696721649314,0.00497341669730487,0.0100514097653113,0.00115168286693872,0.000830481169206885,0.0012448834181549,1.17388645383665e-05,0.00208801189245468,0.00217686401544306,0.00281546370574132,0.00543652767795417,0.00121431471954614,8.07279011848917e-05,0.000214566300059081,5.77943099932445e-05,0.00478211922773196,0.012221031888354,0.00204389456347106,0.0155087106822447,0.000707779908546461,0.00611199283680503,0.00419337775430523,0.00167679868403031,0.0214491941984015,0.00730107060597247,0.00395977054103649,0.0048863025662686,0.00142146144024186,0.00787012737689056,0.0112552442640877,0.0057055341735921,0.0202646426954014,0.00120838723995771,0.00129528756356655,0.00341853352906561,0.00067441461551555
67.25,0.000948514711656789,0.00129688604537597,0.000668034123994319,0.000200490783559367,0.000467992277400556,0.00239028591696608,0.000251987815695205,0.00161448082832934,0.0133526377615808,0.00452288725782478,0.00376484779105049,0.00572162806002866,0.000540742121141048,0.00342520006048163,0.0118783707933067,0.00168623953853708,0.00104426620950094,0.00166269960187837,0.00875030426985671,0.00136656973313432,0.00228389883944431,0.00329652051535186,0.000277648643637934,0.00311682051263349,0.000525988011252896,0.00395553819843455,0.00255572894783539,0.00605217122278435,0.00164927352560575,0.00181711297986071,0.00885728365237323,0.0135491491603203,0.00340302156434677,0.000136724252082062,0.00129301053902168,0.00274984684847359,0.00059991910052412,0.00108567654440584,0.00370539041258498,0.00144087490327656,0.00136904027544521,0.00300255662912851,0.000518367936633945,0.00444213572797005,0.00254605330416408,0.0020240196308364,0.000492204626731562,0.00599420615019423,0.00200119161733879,0.00644009337851548,0.00392675293557323,0.00319840519177798,0.00105021135852176,0.00183592935738403,0.000131041735721764,0.00287659285371747,0.00632329004569932,0.000430275143209179,0.0159491644873309,0.000603772982876821,0.0318730943603692,0.0027322573999971,0.00241853374995032,0.00014951159429511,0.00401432480763714
67.5,0.0320776321796718,0.00573284162658262,0.0026922934350976,0.00319409025302843,0.00227682525971307,0.00367225340636493,0.000693038653361858,0.00617764539911569,0.010442729851204,0.0131145503959614,0.00569739063327835,0.00313123898910484,0.00851613155572307,0.000704769109829325,0.00494337896440136,0.00103139821009298,0.0021187191146382,0.00147846030154453,0.00202775161518073,0.00103091698032646,0.00111420464007411,0.00143213397377276,0.000509427776071503,0.000312820930012535,8.99727232536463e-05,0.00246585581622037,0.00272138853865552,0.000929076733497711,0.0124283898288317,0.000590345886429708,0.00818696750430916,0.00219600661147903,0.00353051824572188,0.00363362850600803,0.00132282278632758,0.000898228175147905,0.000270687810464721,0.000965476456765304,0.0114411962820125,0.00188750028912782,0.00195063182233559,0.00381726196264255,0.00100755536453973,0.000264299453208846,0.00290398602391772,0.00457098228141053,0.000936333496276771,0.00159709930130343,0.000946085107235727,0.00263207850273315,0.000471809702151506,0.00165166447962195,0.0159639196623551,0.0026214362324926,0.00303747231906579,0.00164782615169648,0.00171371219639612,0.0042927205255656,0.00860813886191229,0.0025915029358418,0.0355076820626131,0.00277050655484091,0.000469447468773221,0.002758036847047,0.00252016347213553
67.75,0.0691329073658332,0.0126521079529423,0.00509733645419432,0.00200653531186136,0.000116778953868435,0.0062268353971874,0.00212860357285601,0.000850205132618125,0.0070111184526209,0.00601174163808041,0.00301279063818866,0.00318788785369065,2.32262677515503e-05,0.0056700268707933,0.0149943699685343,0.00520872517008967,0.00043352722672428,0.000352407785237359,0.00851502297182959,0.00114649303239912,0.00196974712259203,0.00453515490375888,0.00011477831816392,0.0063281516379508,0.00234538844996273,0.00543846109625153,0.00319960001794327,0.00725330109818292,0.000328423326917223,0.00426038163421635,0.0142494991206664,0.00684774538845822,0.000137811558192346,0.00121034305878772,0.00319649215836281,0.00728688288192327,0.00113549839872214,0.00562151265222757,0.00360436986448839,0.00277653855210984,0.000260706440866393,0.00422470211427203,0.000749397281046482,0.00359201955476468,0.00212004871987798,0.00346200972416925,0.00478128496025657,0.00624943234455914,0.00202242270889214,0.0112156743234819,0.00364897776858883,0.00179285641113519,0.00229167860664065,0.00645073830211388,0.00075304216496554,0.0041499022328921,0.014360529050589,0.0144621068327744,0.0126600278651616,0.010110662580918,0.0775059059622827,0.0118451335327165,0.00233674902771943,0.000320519076389267,0.00405981684829495
68,0.00317432533543642,0.0210700655541948,0.00353761718879423,0.00158684654589519,0.000561877880245823,0.00242430711078458,0.0034590136450495,4.92412917850211e-05,0.0166688664554209,0.00157633374349416,0.00062063749922868,0.0183163037957356,0.00687688210863368,0.011218584891335,0.0220670433260211,0.00194127338609252,0.00481471267310656,0.00169063171414213,0.000482347226729856,0.00310294741157438,0.000637894520274512,0.00106913582867079,0.00217504716904524,0.000760965167429987,0.00145957704855481,0.00519389388939691,0.00507949821656236,0.00418787573071626,0.000618297497474867,0.0230399148952714,0.0174535974433375,0.00580147507737242,0.00130918435542253,0.00345248667497478,0.0013313950805863,0.000830021809171118,0.00155619332022521,0.000182226330491635,0.00118435922354865,0.0145712388831167,0.000585946335328929,0.00246686889780554,0.000499697829174393,0.000383716185355276,0.00339867580914292,0.00368899248921072,0.000555508129764318,0.0177537946403822,0.00321783989510975,0.00430374908693173,0.0127730105844492,0.000756574255255634,0.000891777703634573,0.0198104196759451,0.00167690077904438,0.0116871297377992,0.013443088345081,0.0229028773755139,0.0220214564312883,0.000349444054905443,0.147691113808922,0.00128050100510383,0.000209083325165615,0.00378620412531485,0.000423836547733197
68.25,0.0122418343899725,0.0304951982035691,0.00920429553019832,0.00878760003136756,0.000993241108053934,0.00287284394305212,0.00250499096830238,0.00315970053134038,0.0108659535516884,0.00698040143504908,0.0247034499178273,0.0163491111342958,0.0107222736993084,0.00807671653286926,0.0118635845485702,0.00493098273535564,0.0076483755720813,0.00305635664170191,0.0028194818346913,0.00107634180711884,0.0016022141815846,0.00243221309902026,0.000475664095286654,0.0046027995910953,0.0134907621900551,0.00499046607101372,0.0012411088655687,0.0124216115853893,0.0219963328676961,0.0164109945268824,0.00803293669830458,0.0242217938055033,0.000411401304522197,0.00154928597185466,0.000413112696763465,0.00197830355127411,0.000650762269884152,0.00292921213916187,0.0121488030053944,0.00781816005458238,0.00530883303702564,0.011115828510448,0.000180555167162832,0.00512974616715205,0.00253784412800367,0.00168329484537442,0.0194211142477687,0.0114459875611238,0.0041977783771345,0.00912017005044881,0.00192142014187707,0.0071460662728217,0.0212129161397339,0.0195019604016403,0.0112969381074207,0.00138534884270542,0.0146230512591514,0.0190565534013792,0.0186023135415658,0.00427150897687347,0.12693193615287,0.00245427673526361,0.00193900977485776,0.000741281410418772,0.00109034141489031
68.5,0.0875064044575795,0.00290738437590255,0.00312809545501326,0.00426049341014643,0.000349942605558165,0.0024229105777419,0.00119364469697491,0.0041035537312764,0.0160827378214121,0.0130338317456575,0.00727530303731798,0.00881813157171703,0.00667520887781729,0.00632554391816929,0.019895479509757,0.00556570048192946,0.00984432300336115,0.000141860391974578,0.00287545393809161,0.00434794292234986,0.00175081410257151,0.000504376803278811,0.000340700474231331,0.000459773691367558,0.00385739400099933,0.00908984360697882,0.000549356271958489,0.0078499986863892,0.0287128188948251,0.0147636901247039,0.00464509828023935,0.00956734957275517,0.00189486841328596,0.00142739432354624,0.00046411705197568,0.000187859219629335,0.00115423959909777,0.00195474744719886,0.00451957546512012,0.00374011898185788,0.0014904726551326,0.00364693041668693,0.00083999315058435,0.00153451015239135,0.00329185363097952,0.00921201126994744,0.00574811848214526,0.00487342597518339,0.00312924039652595,0.00632699653479234,0.00370919756524271,0.00648789429832058,0.0276221335956509,0.00769672788218727,0.00629837556672868,0.00732250621060298,0.0112830972142177,0.00286792717964136,0.0175064930373935,0.0128502807897315,0.19148398712107,0.00983356731321217,0.000623700072353859,0.0102903305959038,0.000470634986696793
68.75,0.0250476343771579,0.00597815369206479,0.00120170894714992,0.00103898803977443,0.00146650972800989,0.000587986259823504,0.00202602238978055,0.00624143198185308,0.0044110843602272,0.000797136834387154,0.000382299521147647,0.00177808930973785,6.21035379784547e-05,0.00160470189727898,0.000181970026260444,0.00192096525828331,0.00324308678142317,0.000361345666466955,0.00154031518459544,0.00196389013298676,0.000982861463819908,0.0013075476170232,0.0013168516261138,0.00284263254441061,0.000354142287772503,0.00149744923188247,0.000853333183631532,0.000495104076795743,0.000531760358816975,0.00275516337240325,0.00058012245830744,0.00082875391583711,0.000463064628863062,0.00124695090168144,0.00101258164547192,0.0010877514243548,0.00584636196178105,0.00236816338724896,0.00488734565134129,0.00122130236963959,0.000779191461508901,0.00061904531014979,0.000869541564154275,0.00279047785172312,0.00296793561042638,0.00317623711890947,0.000548099945053501,0.00141461622055843,0.000195385883460925,1.94960785380947e-06,0.000305564785790262,0.00324846228108484,0.00189758786345556,0.00402807153325439,0.000623987063101418,0.001313349684362,0.00555956843483352,0.00145737166492894,0.00394705308746564,1.14199522369682e-05,0.0664149123694357,0.00384688976234346,0.00126263113531629,0.0032559523614006,0.00121393923756608
69,0.00252985753009701,7.77897559338603e-05,5.88657035316816e-05,0.000858203091201315,0.000310010195440902,0.00560102491408414,1.36849487988745e-05,0.00432974995724615,0.00837928209436437,0.00149319612733651,0.00423671040294247,0.000666656400504998,0.00123252136280203,0.00161581399107346,0.00827663275806063,0.000488652706509523,1.28453829586449e-05,0.00112992074266459,0.000768549992388206,0.00139468284719836,0.00182260667856578,0.00135787260643462,0.000993231980159769,0.00599415706256309,0.000469664090326354,0.00334372081391809,0.000448570178295955,0.00367183837846741,0.000853584880720944,0.00225883170008521,0.00697133996425828,0.00349243703292209,0.00037546086081336,0.00182251463285793,7.80660383869823e-05,0.00454490254187349,0.00174997363485095,0.00403268338336815,0.00221765179563381,0.000709489988015738,0.000474853390020331,0.000852024280142914,0.000425236893831851,0.00418431439015333,0.000198439290120702,0.00691314211803876,0.000327552937503731,0.00154685325047087,0.00132062562998473,0.00464666324340004,0.00172818097665943,0.00504762932792197,0.000941246351322235,6.57551544009233e-06,0.000346618927736387,0.000712739872714798,0.020450639267582,0.0164868669369537,0.0161902172304086,3.29626519949097e-05,0.160967667138355,0.0086626594111444,0.00237173447231396,0.00128723812970369,0.000379185079352417
69.25,0.00685352570728715,0.0166606058736284,0.01955287096013,0.00335834242326059,0.0022530592207812,0.000742039588544728,0.00735317239026188,0.00113544705045602,0.0312830918645583,0.00893061665080826,0.0122239899829139,0.00459874092782815,0.00240315794916739,0.00210403422095114,0.0368544547940255,0.000382335454557922,0.00563814832698888,0.00651641790333262,0.000529941418365339,0.00841534758597662,0.00347794728821523,0.000994431234911721,0.000686283364224807,0.00066808566470075,0.0108200984921768,0.00192296012964229,0.00227848459083743,0.00167998595984001,0.00691478053705303,0.0143359381946868,0.019178062184188,0.00583932086370896,0.0138892690763396,0.00688933895556288,0.00108630597403255,0.000849450057680271,0.00569172105084994,0.000328640538166161,0.00182396265700145,0.0108953979502519,0.00323036965147458,0.000527448803030597,0.000467055426739841,0.00053551388324535,0.0149207164579911,0.00208101150037096,0.0163960439731759,0.00676407866004145,0.00109341031326935,0.0016841594650544,0.0139243747950589,0.00105603717995151,0.00976463105676252,0.0120122007737848,0.00642524565385347,0.0027469770963421,0.0234085567081215,0.00836138866344957,0.0391054071198989,0.00226087835641123,0.211097514214794,0.0075856297860328,0.00250906931626265,0.00417045955468959,0.00174584079537302
69.5,0.00243833901006991,0.0032934768913034,0.0217259019573031,0.00152686253620402,0.00159391630681944,0.00156875666526885,0.00215691983921973,0.00551559247251134,0.00561200184878135,0.00479994952396448,0.0110207304363704,0.0011831169489262,0.00536820782234521,0.0105088632351143,0.0102229155323391,0.00387426372612323,0.00106416614541031,0.00227071753266133,0.00915880416565022,0.0014256264445968,0.00307907783655607,0.00373357337615824,0.000511957438203919,0.00196038114407471,0.00715835208005034,0.00777034311647986,0.00164818877641513,0.0106996145961292,0.00130000885706551,0.00356982737546385,0.00775197193632502,0.0143620850901795,0.00953092947243428,0.00278449527578217,0.000908115457609318,0.00320945540174784,0.000889755278954913,0.00148085009203866,0.000453583400262328,0.00150908080570642,0.00158255295347751,0.00110995416269971,0.003209777632175,0.00194942690779979,0.00557450375440479,0.00169952514614833,0.0185702057730331,0.000283233920090324,0.00679542091285712,0.00756350080630206,0.00351681830451023,0.0022386266709084,0.00944965866002079,0.00115704600369249,0.00394444284090083,0.000240752095496785,0.0120700944338701,0.000635348109328782,0.00491662320322131,0.00208061469360681,0.0810750085232528,0.0040575839188298,6.26661366677611e-05,0.00141027275138299,0.00616889486634478
69.75,0.00388281460736762,0.00116337286562963,0.0049234742518376,0.00568314877188632,0.00162968011662367,0.000621787184745165,0.000802708779649199,0.000446231603918802,0.0145982864017146,0.00857515102573458,0.0083484437908059,0.000128956263190589,0.00387794487682203,0.0138307848528903,0.00327288616441432,0.00237828021436612,0.00762476533255977,0.00531235859928061,0.000724721579213436,0.000175263421158663,0.0031512365384559,0.00468061369526189,0.00139073940748433,0.000959467729229913,0.00909174861883379,0.00444129433413038,0.00219715426402643,0.0181116339770114,0.00540617294891164,0.00501037821951821,0.00100042257518036,0.0127672063832159,0.00283848075868855,0.00764573318665619,0.00176049705255619,0.0015005070986092,0.000725401131058766,7.84270890539736e-05,0.00891700992199255,0.00485223545884428,0.00506247727202957,0.00384659905836834,0.000550292480087287,0.00248310761096356,0.0023361732929775,0.000732985755711434,0.00922074252015888,0.00215405027226106,0.00181864106459793,0.00930821548932823,0.00153846737919252,0.00512646674875419,0.00783398074666789,0.00283700366124504,0.00471637378735391,0.000518589995784035,0.0058735925312866,0.0141745171671744,0.00877512298354632,0.00445000895928781,0.0788094854966408,0.00612283747464638,0.00166183043244074,8.5214308198653e-05,0.00507324489212019
70,0.00195485355750081,0.00603066363742047,0.00185300079177609,0.000607880722099613,0.000277765284943089,0.00481019224065401,0.00464028071606763,0.00119465418732483,0.0194603166857861,0.0101579363075351,0.0204923212434877,0.00467464884898853,0.00337322010909334,0.00604622307216623,0.000666613424171778,0.000416205806277395,0.00108416271536639,0.000748392018370088,0.00165095132196153,0.00170198387469139,0.000449502598006518,0.00324932017967658,0.000859557143549515,0.00204858385655821,0.0118148322991119,0.000584955860097551,0.000793935207017878,0.00289889501734268,0.00358403861898763,0.0131181993678773,0.00230593882255952,0.00461217916262071,0.00254576832155536,0.000353237796432546,0.000195896786017041,0.00237229834582842,0.0045394550927326,0.00118164226196441,0.00016465598784881,0.000692057596824117,0.00245801582910521,0.00440198928195739,0.000478126186177557,0.000177333463060211,0.00968197931092208,0.00274920936747878,0.0102945929905568,0.00211711641303109,0.00173574667042521,0.00488652409626105,0.00258260023178988,0.000743540120322839,0.00783386077904736,0.0031279880241829,0.00537237614311102,0.00508637220211494,0.000697995810414093,0.0279479396194756,0.00307526396767357,0.00315519164100439,0.0152450430274563,0.00156446143215292,0.00126868783191437,0.00437411875069306,0.00196895699524081
70.25,0.011809447432569,0.00616251015164486,0.00387225144773044,0.0146263745587896,0.000171630695846567,0.00115948273516033,0.00120502346684732,0.00119654789137792,0.0209788393869836,0.0105575822011118,0.00238957959122595,0.00247663906739862,0.00769556851594114,0.00222539945733081,0.00714268295862712,0.00162086734973369,0.00123447068302011,0.00195019423358091,0.00219882825420608,0.000918883362466419,0.00178400098881096,0.00234989727526052,0.00149803215272411,0.000618590422631307,0.00170778142843455,0.00506773486837926,0.00210978253400083,0.000908402493836473,0.00684643105457993,0.00273697477975583,0.00601066698856129,0.000690269887879144,0.000902953934667921,0.00784900513970931,0.00166475684694999,0.000175387967966803,0.000733906855358963,0.000116895141313103,0.000445041537680015,0.00234123018292217,0.00123545252195381,0.0120837750985844,6.53036311462062e-05,0.000354930530191725,0.00426774669290524,0.00112789927990276,0.00211693292050961,0.00332723340607415,0.00100035117657913,0.00175071295342762,0.00141572072237069,0.000877080673569311,0.0024951161031003,0.00420429589627479,0.000698055394183355,0.00774529661581806,0.0026181378296313,0.0203938507347201,0.0198544415224885,0.00272948692252448,0.100486113387263,0.00846209512390643,0.000357502548735156,0.00152284385132736,0.00441847791661585
70.5,0.00516000495099235,0.00126233488496652,0.00129136584121021,0.00215743328055225,3.3957572710389e-05,0.00685610075761101,0.00220446297516053,6.7607869989386e-05,0.0320786446405647,0.00148248682246884,0.00763478895975231,0.00210407151324175,0.00107090478099272,0.0112419783618121,0.0285480842695994,0.00258282810794328,0.00144116193877185,0.00308302043462348,0.000356764496387831,0.000561571823549492,0.00257089172744854,0.00377234216880192,0.000699637303956386,0.00265680263519784,0.00232320673251114,0.00346515347806853,0.00424434720800157,0.00955016869465347,0.000344841805903244,0.000249297274342743,0.0181577100508261,0.0088037634985786,0.00211522911705946,0.000889833529348474,0.000449742894724207,0.00297412287154061,0.000361525384090254,0.000871464739275324,0.0094072798919537,0.000962785726930794,0.00126308852215324,0.00820282438223573,0.000904233015169647,0.00158415988009782,0.00652029442300606,0.00170092085741921,0.00466439527425483,0.000703838995774399,0.000425361208401798,0.011765330533845,0.0090520717817545,0.000456024685353241,0.0127726928432189,0.000211120479921107,0.000841099294982119,0.00509159673203535,0.0174953620592572,0.0320809969353885,0.0329586474656402,0.00173366699658146,0.191455938869451,0.0112942101578406,0.00150142799223054,0.00160709721162414,0.00418504983164063
70.75,0.00199584991322347,0.000157836465150334,0.00067320300674999,0.000924003327266194,0.0013140313471925,0.00039524173764738,0.000313485870400163,0.000771968058810417,0.00200894335846449,0.002498719976729,0.000439535716198572,0.00318641552298792,0.00640941499220209,1.23905278357357e-05,0.00917335129639874,0.00521790474644977,0.000588246641265157,0.000855361497362859,0.00133042875470559,5.05797363722778e-05,0.000628138267621064,0.000667211240633924,8.69178320224891e-05,0.00278697275516021,0.000351681778874127,6.86059514240201e-07,0.0023575585886258,0.000976466857097216,0.0106123506334731,0.000638491017195907,0.0043134915841006,7.60044966571265e-05,0.00193965106030847,0.00167837184351812,0.00051532723904321,1.24274994554869e-05,0.00244082938473296,0.00109389661186512,0.00201246055822731,0.000619422103424943,0.00183969992725656,0.000334024717239851,0.0011767884679153,0.00087828264123029,0.00126199799779827,0.00131186721597405,0.000462060467989884,0.000254940642449911,0.00268919417854161,7.81129883643658e-06,0.00209418014174443,0.000606593636628035,0.000884862039350175,0.000772586675597526,0.00788860076798962,0.000654304717432318,0.0034355151047964,0.0104553108920857,0.00211395824742854,0.000577413755608045,0.0773832546089398,0.00220863216306416,0.000185706335281575,0.000175899380055486,0.0008349959966347
71,0.00532993879870816,0.00846527890210569,0.000242189065049528,0.00266162743605598,0.000463812785894617,0.000921795369938935,0.00365540973971571,0.000863714609193821,0.0128613037494261,0.000461209614020466,0.00193172906637066,0.00237001000071522,0.000712568752718578,0.000111872441300477,0.0151934797269927,0.0016317749002863,0.00129669100661863,0.000996612846505229,0.00477368608866105,0.000819070958616576,0.00180311953888966,0.00217788790583871,5.60533525582183e-05,0.000189783341039143,0.000401716693670205,0.00343282788526033,0.00306956027753787,0.000201091749696479,0.0138694644647638,0.00407372495406725,0.00561211909513656,0.000121206055855143,0.00392106631461351,0.000880048240314075,0.00101235985568374,0.00312592121849122,0.000171813994386588,0.00224467984842545,0.0060874334151919,0.00314551597134068,0.00192889477950921,0.00374833262951952,0.00090169569046366,0.000624781619950565,0.0019448857655667,0.00260647115315272,0.000397178562981827,0.00755737082897907,0.0037404786854001,0.000225886693840905,0.0062915921462623,0.00226755393697842,0.00622327616288155,0.0072642605051486,0.00129402729768941,0.000190211501378166,0.0126242704158273,0.0064882101184045,0.0171515051894624,0.00219781098971304,0.1237888646529,0.0020102129697251,0.00137574588275845,0.000240814266075672,0.00212104260027117
71.25,0.00959076688035749,0.00768896870957793,0.0036515506928795,0.000643607373690327,9.83264644884771e-05,0.00395432557044884,9.70736349365877e-05,0.00268481836215301,0.000937699101644183,0.024368262683289,0.0013705319285937,0.00285180938675263,1.27663213561427e-05,0.0038836417599839,0.0031469213211549,0.000442906885317119,0.000667857902474729,0.0001596517507957,0.00243231119678862,0.000394631968808489,0.00281295380062429,0.000720287698962182,0.000683479375198424,0.000198688552126893,0.000778161758441641,0.00556315165890714,0.000926876909225248,0.00505845587979074,0.000311261079984626,0.00360040456883429,0.00393146019432114,0.00512845744645863,0.00047767622818495,0.000135203513823333,2.6744092327168e-05,9.20763462682383e-05,0.000633044527748402,0.000459398713051031,0.00318102346452509,0.00145829798311066,0.000635888946675662,0.00162554578478658,0.00190173840738624,0.000433115899011407,0.00102510838898899,0.00617471397448842,0.00140375243961058,0.000323292735725845,0.000242245611493721,0.00675860053190421,0.000484111822518409,0.000954058737382871,0.00134089474430862,0.00151514475475008,0.00149154621964728,0.000480838625802684,0.00118157521311992,0.007195975782609,0.000599083500278557,0.00419574409156496,0.0128476732568389,0.000567620208172226,0.000713144055170102,0.000604775686785872,0.000309662146914984
71.5,0.0143167807828339,0.00229828050318053,0.00218767241330484,0.00764402671936909,0.00186742143463086,0.0126491900898029,0.000763888223937631,0.00295303727848377,0.0409775977662685,0.0373065914307821,0.00334667858330246,0.000609173455494166,0.0013630675566987,0.0105919140182958,0.0190398823999134,0.00510875569259089,0.00822404169855538,0.00822527518674114,0.00425465336466237,0.00125029774192748,0.0029195227232232,0.00490998357246888,0.00195633700904409,0.00372901757392491,0.00109492755924839,0.00557239484416928,0.000509250933235474,0.00548146774609541,0.00458699260937386,0.00585931728088781,0.0109365806240044,0.000970633420842608,0.00213693685874772,0.00958481992518836,0.00346546605221324,0.00630132829312029,0.000136376728796154,0.00195035909606787,0.00499754459251172,0.00593216514662928,0.00111492467664895,0.00670991731782449,0.00293285062427658,0.00169827813619144,0.013674855694794,0.0117924899559671,0.00195430968523289,0.0117300440587337,0.00154646799559857,0.00907383018204527,0.00441019515411424,0.00480774469401207,0.0054507452233129,0.00176677245572513,0.000202396236586431,0.00361171126229499,0.0223158720784651,0.00946673045776631,0.0175677019101844,0.0201217182946972,0.142551146515151,0.0269781178935425,0.000780666034549429,0.00812057533953231,0.00530596483181544
71.75,0.0178190735172633,0.0102158120969144,0.0034066443972378,0.00906752064143112,0.000867606833764357,0.00271578724177363,0.00519735174301847,0.00191693220309446,0.0499112290610357,0.018314944568725,0.00701023326512326,0.0174972964296057,0.00330373934449949,0.00504124111083331,0.0404995539118613,0.00939119805233497,0.0104678040853551,0.00542031274456269,0.000311964493558802,0.00117584770389897,0.00336631801717901,0.00277704461398906,0.00220024853832459,0.00169967843794725,0.00148595576963361,0.00390033732187725,0.00563093229461866,0.00228731832976903,0.000346096630293579,0.00796311242583357,0.0175213368308696,0.00231551730594756,0.00392337708238356,0.00918244882855142,0.000287712820057297,0.000631860664250624,0.00159316394213355,0.00150527151229856,0.0203887284537108,0.0148756996058459,0.000914105981946336,0.00385544752812197,0.00261339799002826,0.00250383188690285,0.0116646920654863,0.00661679225543472,0.00471754525252242,0.0234984100771017,0.00139774322449403,0.00556572167592382,0.0121968712969346,0.00488678953090375,0.0186111175168498,0.0138727346226751,0.00205722179075502,0.00984017313653725,0.0338303517551626,0.00700912684879045,0.0394729685769326,0.0154203409236509,0.250663424892027,0.0192412838414653,4.37373169268066e-05,0.0057029282739441,0.00290797254619824
72,0.00252005271454484,0.000898503593603595,0.00333900652483332,0.00365904710165839,0.00021941550182367,0.0077594608353761,0.00187002402848985,8.08415240312653e-05,0.00991034783629448,0.00879777529801658,0.000978288082825403,0.00211285764237814,0.0010311422441103,0.0117383011982468,0.0108832756739509,0.00118644856365866,0.00515290269874567,0.00218290789814173,0.00283361425278907,0.000515957414116306,0.00174429070493087,0.00389902871162839,0.00092791998473872,0.00299425085284407,0.000302918108992085,0.00392590605895206,0.00474471238362782,0.0105731110890359,0.00139958303622209,0.00101580924314126,0.0109968560269096,0.00225996908207004,0.00269494121409119,0.00331839729272342,0.000902346095523397,0.00559619380729679,0.00147546306202787,0.000190813168705834,0.00454712363898657,0.00202318055974148,8.16683653697199e-05,0.0037654237918235,0.00175149993993477,0.00292714113050229,0.00400904837274385,0.00111446646043649,0.000859360776248083,0.000872006241817348,0.00663018893095412,0.00977466392284974,0.0106426628081394,0.00113463499794791,0.000267216026834448,0.0013030435053166,0.00102192599599151,0.00558697238327808,0.00819250137410205,0.00736480875635878,0.00892060062974022,0.00690979013487365,0.0462295443011931,0.00934190567113648,0.000839740183628989,0.00397745991209209,0.00224011126895889
72.25,0.0214999991590931,0.00421088892479335,0.00352384715066239,0.00957998141642216,0.000172841390831952,0.00586574233690786,0.000823416039933934,0.00066506613258255,0.0267565435998442,0.00302100377083771,0.0151451318851975,0.0058328066905694,0.00238441463724158,0.00563421753412276,0.0309937478400704,0.00297711907837905,0.0037858928657829,0.00139174457377952,0.00235022889420309,0.000614731903293665,0.000191351169607248,0.0033825348591458,0.000297932831259115,0.000183083454619519,0.0028459061217599,0.0086424465856626,0.0011015492563898,0.00462510368704317,0.00500418010551122,0.0138562534467019,0.00359082764492907,0.0127835485880014,0.000815715944965986,0.00664666997124311,0.000915867958218212,0.00218003224913322,0.000277121838940905,0.000368881838713499,0.00694745339357691,0.00378677610672778,0.00111643752498414,0.0132782152748665,0.000255139549932928,0.00263525634427174,0.00430189081472748,1.30920536559173e-05,0.00607140703471907,0.000810424435630744,0.000779027778738978,0.00927543599921793,0.00665301145204463,0.000284668096579387,0.00971093258725442,0.00489802853069059,0.00515528650673311,0.00902455098874665,0.0268486971137579,0.00164023322146277,0.0394657397786149,0.00313256248760514,0.382824165954351,0.0149528046375836,0.000200012278584692,0.0023903379746294,0.000887050799794105
72.5,0.000100195951895846,0.0038444756309018,0.00578705920258069,0.00174630339347278,0.00233864599367931,0.00430425817107779,0.00629841804163731,0.00102165784056274,0.0282443697607763,0.00439295301859206,0.0118234728936901,0.00442857883155694,0.00885124380180374,0.0110529230056903,0.0172444218682017,0.000260017194244125,0.0032791939339895,0.00514013927181321,0.0006089907385105,8.74946876376205e-05,0.00517655242989332,0.00344137425581791,0.00113980385327589,5.24270512123809e-05,0.00427893505959095,0.00898637699274512,0.00328055199735649,0.00901348163963939,0.00507944396323999,0.000848616834356343,0.0049212976191189,0.0124472051449132,0.00421694182251832,0.00420179201883879,0.00158659412842275,0.00497342163091853,0.00207891142692696,0.000226616282588729,0.00467502221995057,0.0057006585965395,0.00563543930885646,0.00177879247172667,0.00138751095518518,0.00180486574169053,0.00933559489529246,0.00206068417051493,0.00829391697015961,0.00951348809093978,0.0036193663578185,0.0139574255272614,0.0076321896940324,0.00188993657227844,0.0107784443690769,0.0030450698424527,0.00314455669025553,0.0120195586654773,0.0108475436100332,0.000557129426835094,0.0287373339815234,0.00231591758583935,0.212636466307146,0.00582453724093298,0.00044833774993721,0.00403268509203866,0.00241198860625936
72.75,0.00284697639711213,0.0178977700616835,0.000608465796767049,0.0079964463399407,0.00175458819248726,0.00191692805315066,0.00825420796627193,0.000442012496171835,0.023459273238327,0.00665765281526535,0.000996860237799377,0.00382118605709627,0.00070638633906633,0.00113731759592147,0.0218316760431185,6.17963226061427e-06,0.00976633828248266,0.0132159378454465,0.00228428699655705,0.00198144974375366,0.0042388394189061,0.00531268278220849,0.00172026035485437,0.00175723503665756,0.000408103230794671,0.00250028199032495,0.00756832384630154,0.00547753862626791,0.000458281431590479,0.00726864117695352,0.022433876450777,0.000887584682781186,0.00787941993889326,0.0172775365355172,0.00472793505371789,0.00383731097771293,0.0028251524830205,0.000477944085321648,0.00380397869230762,0.0192904522232076,0.000171157067082403,0.00159559101473226,0.00285146526046947,0.00205319051885003,0.0116196497904665,0.00224421879151823,0.000769237712358583,0.0120874553474433,0.00290703803133788,0.00411376828018334,0.0118405792068563,0.00161879772057985,0.00257072609239233,0.0132343247646346,0.00265579269566728,0.00432788138079829,0.0104098218001923,0.0136461805037445,0.0276686002311837,0.00106855184945571,0.100853050008374,0.00487517911575708,0.000940372232733923,0.00445675102022085,0.0104341593221222
73,0.0131500814581993,0.0036768684941918,0.00212415186597987,0.000570424268741561,0.0024209344136155,0.002885251923702,0.00930474656458837,0.000642396896147229,0.0170798545938131,0.00412166022532204,0.00875307761614275,0.00858920601103357,0.000204879337192804,0.00296293985721762,0.0355719932313814,0.000290445404257261,0.00880423034950713,0.00421168174977066,0.00122434453617638,0.00110451836865617,0.00398392372607861,0.00155674273837237,0.00206351695888907,0.000738614031198746,0.00200852866127473,0.00562419906583448,0.00844726156965027,0.00441267538524181,0.00750377932091133,0.00146781836620354,0.0143875700161065,0.00352927546628209,0.00136346506560408,0.00246996888471683,0.00136405887847563,0.00161042510386689,0.00344677847989864,0.000541640318779617,0.00815692074359559,0.00458485507381018,0.00108523859199566,0.000637198705138988,0.00345098514280781,0.00377591820248756,0.0114033747920612,3.89767283532291e-05,0.00441225010991438,0.00596528641950555,0.000994106268777546,0.00454328934578331,0.0191250143867075,0.000130781735983009,0.0136032601307131,0.00414546291096095,0.00171814798382436,0.000925732586690538,0.00812473570269196,0.0133978329168232,0.0294793907128247,0.000957515648448797,0.100783055805865,0.00321006971285448,0.00173364491241483,0.00540986645251915,0.00223014468988449
73.25,0.0217932378333377,0.00133034050996628,0.000463830019416457,0.00163979508709866,5.61520221441882e-05,0.00320133372152137,0.000651583657976148,0.00244062536501275,0.00561253056685567,0.00662566547733068,0.00279960277070316,0.000723205537970817,0.00236673471620072,0.00596815674208664,0.00110788226465543,0.00237107383257547,0.000816331413729044,0.000415964608000733,0.00115322535499838,0.000403854722194141,0.000878747998979518,0.000391589921997086,0.000174239692709718,5.85687375994297e-05,0.000399258131097304,0.00251295767599134,0.00117021060240198,0.00770523336565361,0.000194122507180176,0.000213609543632332,0.00324052174590265,0.00808128340296838,0.00199372939542523,0.000764663412261271,0.000330422728425113,0.00238504367582947,0.000517371930508569,0.000972512161853279,0.0122060095931033,5.89608738643885e-06,0.0019886165536059,0.00358712936445027,0.00088796985667949,0.00151081894521927,0.00138179326432576,0.00316972055830842,0.000802009451611244,0.00203604880790255,0.000995218986466361,0.00794767654779412,0.00156411265545168,0.00108122079544958,0.00473360571624522,0.000171191224460336,0.00277955660860539,0.00553825689006612,0.00103945998214365,0.0139098666014725,0.00516025417510115,0.00334057815709867,0.00194660262733556,0.00208888150920476,0.00179423368632327,0.00318712628758437,2.60678784758807e-05
73.5,0.00354258900460471,0.00198522245626607,0.00226282820416111,0.011493939084258,3.09747034008017e-06,0.00811109675743721,0.00656491512445472,0.000176225564572381,0.0500984385847507,0.012618387935667,0.00611132050821673,0.00141528584442194,0.000469097685407957,0.0129408796042109,0.0214211532808015,0.000733919269043178,0.00378928059750147,0.00719723631540307,0.00588264741357036,0.000582419199892926,0.00591906683474382,0.0121942109598165,0.00094643027674995,0.00341593788863533,0.000693753968135136,0.0171101836036641,0.00323305713847941,0.014057009894167,0.000915200899246547,0.000617636801040254,0.00932866049671865,0.0115298941107582,0.00446505855398089,0.00962333242416416,0.00238999093892262,0.00688032994633761,0.00228076823508513,6.02064719120181e-05,0.00396843809356314,0.00364810687351282,0.000575583343483007,0.0142475494897678,0.00120643948961989,0.00258252523199609,0.0169998656170421,0.00284502411226933,0.000495111458689362,0.00194885573793252,0.00239994221102563,0.017655310778274,0.0129933993829256,9.65923001161885e-05,0.00429877956009554,0.00120761432805938,0.000372120794853561,0.00316069187252031,0.0151506731298617,0.00640933796751716,0.0466760913629065,0.00562305714701247,0.168558370744732,0.0135064264241201,0.000260447519284533,0.00696441916350449,0.0072687729664214
73.75,0.00101945335467421,4.5386594474858e-05,0.0043978204208797,0.00218574760113733,0.000752279450083211,0.000317374099040722,0.00187211081175702,0.00343241927648055,0.0137147271497624,0.00145898038080115,0.0106957351938202,0.00188166447266308,0.00119460006726859,0.0012612664316679,0.0176981483893032,0.0037989666394378,0.00269837606026629,0.00114326525710955,0.00379008047750579,0.00032147479813405,0.00308644314596666,0.000762106070654389,0.00252165402571154,0.00114151361226208,0.00114954530291093,0.00126627552081016,0.00137576703575124,0.00134011840578642,0.00153825066931836,0.00487145306604136,0.00560260247974533,2.18979257196665e-05,0.00793319745585483,0.00520000155394009,0.00301127464994974,0.000389775932210962,0.00251805174335422,0.00174736161340661,0.00359458873758352,0.00322293321549242,0.00189408704183655,0.00387396219410789,0.000754117344029851,0.00286876493713365,0.00399198909031227,0.00228513089089541,0.0054986299885277,0.00101079009355912,0.00113609187243185,5.30977927194205e-05,0.00214041394821863,0.0066070009851194,0.0044786453994018,0.000702976720090472,0.00949129348164049,0.00151906098378616,0.0167517947657385,0.022209366656063,0.0167037292838102,0.00358966621050934,0.220354923872695,7.09204389153619e-05,0.00452370590942946,0.000879604464221893,0.00366570356283309
74,0.00946490623307821,0.00146941137190527,0.00624090371415878,0.00212743254974196,0.00223950182222048,0.00203356405699377,0.00315618784722264,0.000303921284544672,0.00904183110901651,0.00397187447574898,0.00130468317973634,0.00362338446569327,0.00115449769314391,0.0028172828949176,0.016476189855041,0.000834938065788778,0.00169568871302683,0.000399829749219622,0.000791733456362103,2.97458383615407e-05,0.000122667380947946,0.00134701758038055,0.000512226452928459,5.49315537784009e-05,0.000750568111857631,0.0039976670536353,0.00114433970577096,0.0043524895124654,0.00467594995820988,0.00108997951216657,0.00486669004823168,0.00453259110220189,0.000346109203287348,0.00185306672376723,0.000513327601257966,0.000442237816518546,0.001018958161389,0.000172053602496457,0.00403150458558377,0.00152664537608237,0.000775339830067354,0.00185617442634579,0.00117814855827948,0.00255951872401937,0.00498626034678414,0.000990861420530118,0.00151227950517005,0.00454638384437069,0.00238082339480086,0.0055061353705037,0.00483432363945048,0.00359773456382334,0.0043469238768101,0.00179660847466684,0.00172964016791237,0.006594941039218,0.00510478625866071,0.00112148168054962,0.01376293377149,0.000680397924514594,0.0665191617082453,0.000933149241357278,0.000427669148787374,0.000977319890433498,0.000300379595260067
74.25,0.0121078957318642,0.00109003605869423,0.00433086880754517,0.00200950711514968,2.78617269665442e-05,0.000624146580510499,0.00211323906356993,0.00372856281790071,0.0165839337160342,0.0165965766981797,0.00238718460607411,0.00204255115013577,0.000570163738583026,0.000924402864230184,0.0171596310954525,0.00453116140286662,0.0054825377791301,0.0035577824114833,0.000821457575735032,5.63416995866113e-05,0.000446671090006875,0.00225243544746109,0.000697545827601201,0.00146697598014138,0.00123139374293454,0.000837202564334373,0.00122196956441012,0.00193540188141253,0.00841378879515121,0.00211963361271529,0.00640849599256279,0.00176837908797027,0.00287011237065328,0.00458501212131884,0.000322357770825615,0.00120876312975453,0.000311992110547331,0.000970189485654062,0.00623244216679524,0.00295045411992937,0.00109840712377151,0.000823479294606858,0.00140295444791887,0.00227602708210509,0.00198595492133346,0.0043936939713574,0.00517439105138087,0.00174088798728665,0.000603360993139043,0.00133884099325896,0.00705732058451405,0.00154759392081203,0.0201646436613983,0.00156190158671982,0.00311000568104459,0.00231365688454763,0.00882470225674847,0.00691830948957562,0.0196859392708205,0.00578954477218434,0.123607987087226,0.011655707475272,8.17566403770706e-05,0.00205242222081214,0.00196322291110305
74.5,0.00471503919170223,0.00478506389760392,0.000607217662150877,0.000351139908742944,0.000299936612519014,0.00223460364047804,0.000415215853090538,0.00301583131150721,0.0115551699767181,0.00611182733170813,0.000454282997093323,0.00792457988509429,0.000933925788602089,0.00165030884184991,0.00408798334469895,0.00349479867596076,0.0019194772720693,0.00107062606083597,0.00351928389684694,0.00192245110678929,0.0024506639773772,0.00132179128515003,0.00297111868121924,0.00281015755439922,0.00197219157118108,0.00161755890331442,0.00070385119231361,0.00145697687053708,0.00180106459833406,0.00292973553839286,0.00196570192626692,0.000936724830351601,0.000265313301945918,0.000641880836191484,0.00336308460185424,0.000545637311939947,0.000733279422911032,0.00296867394525693,0.000695726883622604,0.00193757947460599,0.000212358076536502,0.000388790180742368,1.62812966587497e-06,0.00106436729995294,0.00048367373563875,0.00641394438789082,0.000207419892811661,0.00751636167746661,0.000188947682861372,0.00215712923153862,0.0021788999625523,0.00575524945330765,0.00157646982030278,0.00375295439202548,0.00219169891617572,0.00409590539897888,0.0119437089759855,0.0144468771377815,0.0122359075303089,0.00234820932952017,0.185547005731828,0.0157652417345469,0.00233302044091334,0.00237758755098988,0.0024520935416896
74.75,0.00675996024561605,0.00431780282632121,0.00688126796603893,0.00210702944169166,0.000426153768047335,0.0110809262773282,0.00483185713955787,4.46394312859193e-05,0.0454751291298744,0.00786512353825215,0.00569510624204673,0.00198145358250587,0.00392983514152201,0.00823550224564192,0.0362913429054137,0.000158584492293848,0.00654934702169047,0.00779630018825799,0.00463282906634268,9.9442675777755e-05,0.00620617875400644,0.0120000786858349,0.000867358652996387,0.00242444534639988,0.000474101940092442,0.00465444244121684,0.00396832788173526,0.00890803417962649,0.00368122721565625,0.000840944882537704,0.00777297814332306,0.0033917223576424,0.0036778325062322,0.00269298255737672,0.00347288034164685,0.0108606983949684,0.000171061330031151,0.000784053058997501,0.00358759891797675,0.000752185884640303,0.00368276373701298,0.00886799142464581,0.000606984468618148,0.00245750107353032,0.00795314466380243,0.00147592082944522,0.00401264605233982,0.00172469595077249,0.0002344928773589,0.0111003562337093,0.00888470751862936,0.000905263453666825,0.00203990147449259,0.00214942552258631,0.00340757473356453,0.0043967717099308,0.0303536730866161,0.00129969380017226,0.0417077394141154,0.00212038172446979,0.347489593588213,0.0174018927877811,0.0019587233299288,0.00349440327581134,0.0116429598886504
75,0.00246517169475444,0.00814161354148622,0.00552895577502598,0.00158897294190314,0.000844158269434053,4.64783617325535e-05,0.000532788194509141,0.00297343163371503,0.00489522473583535,0.000955807639385543,0.0083821400346211,0.00701744913594591,0.00431405556072758,0.000425205319786964,0.00631728158307822,0.00395033624461404,0.000353823302251624,9.01715108461624e-05,0.00212166328293729,0.000898960544280262,0.00187871326273988,4.11302500027293e-06,0.00176082958487443,0.0030453409465455,0.00729062243915432,0.00175724615886819,0.000677456400467483,0.000223549592672548,0.00182698568353203,0.00510387021315935,0.00195152220637066,0.00097187377354937,0.00118801854618918,0.000417435103591509,0.00275744172412491,0.000236091725742778,0.000360402598994363,0.000893815340458101,0.000171618704227736,0.00198686732405264,0.00184842073613868,0.0017051398785725,0.000246305205489057,0.000897410622084294,0.00150472722851516,0.00270813959627336,0.0084675976539327,0.00544575630135414,0.00125651732274806,0.000576904819047297,0.00120367702394566,0.00402674171645602,0.00293467823723647,0.0066506473145183,0.00660360900012511,0.00168734341386221,0.00146877231975995,0.0537662508488332,0.00423091432002546,0.00576620183498374,0.0371795301696022,0.00739817860611207,0.00222146340758258,0.0039994293271675,0.00116200015036568
75.25,0.0170726541454584,0.0138157285764386,0.000101808199642926,0.00305708448177327,0.0030089505442799,0.00270997484062995,0.00349891989312431,0.000670223247386129,0.0104841610272119,0.00225795096157846,0.00112405079494092,0.00847638706771486,0.000426626551311535,0.00412153451859964,0.00363503174893932,0.000412423174164607,0.0013166115919186,0.000222730492907695,0.00238133875289663,0.00318293987556145,0.000334336642286252,0.000353574517811049,0.00114198970496216,0.000693837895099331,0.000533638062198856,0.00653243488633056,0.00189525903867418,0.00193748173876398,0.00064910452189711,0.00307856407207301,0.00157440200582264,0.00282858610687719,0.00025126056458176,0.000560212863837568,0.000447983056689788,0.00160608564369623,0.00111558879890402,0.000977462217289963,0.00471869599340536,0.00496710738104506,0.000607882222798967,0.00196935154833976,0.00261652762857654,0.00122500503518736,0.00373239771733007,0.00507654136184343,0.00127703264841505,0.0105418514743737,0.000862297187932752,0.00542373733394259,0.00178420139571518,0.0012799308725025,0.00587843441608299,0.00963782476711115,0.00362098500057335,0.00701585933378081,0.00216042359040227,0.000641059883206561,0.0107126557427077,0.00215728145327068,0.0493879772260975,0.00168630972574317,0.000516765464458644,0.00140981939640372,0.00050805731999665
75.5,0.00135252491282318,0.00402177592017279,0.00486559759539803,4.54387839458086e-05,0.00431321707251494,0.00251291773220411,0.00372624445709813,0.00475657191480217,0.0198607674095753,0.0033648344529502,0.00891286774895859,0.00507505681691256,0.000634221621898467,0.0130929393980063,0.0108758131217458,0.00241504350697657,0.0011182099137012,0.000504625021892773,0.00403092118832751,0.00215257788328174,0.0052826358560836,0.00190049434356062,0.00532501848282045,0.00200229231238242,0.0015438853059519,0.00249940713282195,0.00171312840502789,0.0124375085728771,0.00300697101122383,0.000189019856497528,0.00786464959989,0.0152511355235696,0.000355883301439879,0.00066457977317968,0.00604779123394347,0.00373494856525259,0.00507237231548902,0.0017913535391521,0.00126755090783119,0.00226475982819917,0.00180911742017066,0.00402927323477533,0.00202715006663883,0.00355325129685152,0.00443219901123415,0.00132049612859267,0.00146643851334847,0.000957273888952178,0.00245966865712381,0.0117215378475945,0.00481835778122901,0.00226531305623615,0.00209798754956924,0.00160101787635539,0.00231651207965868,0.00290044748996911,0.00737741966623815,0.000775624755456855,0.0185655552317685,0.00145903758602506,0.149068493940158,0.00514763576642236,0.00397469753767511,0.00146409313383586,0.0026022233470491
75.75,0.0044895042823619,0.00267343033576707,0.00121183968777616,0.00185212021452511,0.000402546691022068,0.000393909820349051,0.00191935160261162,7.15306745978646e-05,0.0217245267087673,0.00491785320437496,0.00164051927549425,0.00151192898258845,0.000432142807190308,0.000860785346527519,0.0124742373121893,0.000356461354006003,0.000343965271275215,0.000333931872350961,0.000544080809075203,0.000371087140731779,0.000632682679389505,0.000410435084901551,0.000238263310591857,0.000361001952776292,0.000541590891658936,0.00121342881397421,0.000262609296730709,0.00098732499261863,0.00222417249985843,0.0010203979354874,0.00144671690802178,0.000564013639553535,0.000184173803659458,0.000953867809149488,0.000408897306832643,0.00020059235994706,0.000485062275049025,0.000141208075403282,0.00382899504604908,0.00377194912898279,0.000890024062726073,0.0048958347580524,0.000347677132547665,0.000454987876614047,0.0060010434574139,0.000191833139240064,0.000113496769994751,0.00423895103055391,1.13061353873596e-05,0.000952759446766218,0.00310771894893584,0.00148138120070326,0.00699051493916342,0.00243410143537081,0.00179329734753721,0.000679861252935568,0.0024896834689623,0.0119657992174302,0.0125110463660959,0.000572094961788962,0.0888500990503188,0.000681056165053064,0.00106366467905575,0.00150123773222758,0.0010131985612499
76,0.0117553497398435,0.00528167850005785,0.00249652748739403,0.00169634412816367,5.37057672569145e-05,0.00395664698251153,0.000950604272793132,0.00198481899861106,0.00518454135718939,0.00209071245916948,0.00244244449481531,0.00395821617326768,4.44035256361165e-05,0.00547488225905965,0.00760287535460847,0.00191522536420093,0.00059218892760756,0.00125732327337889,0.000332775693491443,0.000135859652047094,0.00206939250085843,0.000953953166097612,0.000641294420117208,0.00201364861268828,4.75170633550205e-05,0.00233015898508672,0.00377472487198072,0.00565888158912904,0.000773395840256769,0.00526708836656686,0.00284173173120714,0.00212200980993639,0.0003791488191143,0.0015601002867225,2.76969313477856e-05,0.00177009428303602,0.000201733848210427,9.97627074451503e-05,0.00055106554734719,0.00308126405093901,0.000977430471216465,0.00157108978908148,0.000107313433542202,0.00241981055960059,0.00333149537542564,0.000426216905678294,0.00119742655936938,0.00521962635106294,0.000345242694282477,0.00624535188404875,0.00412384744019417,0.001477285542365,0.00192374381896495,0.00430253038538886,0.000762375141732581,0.00558447129724512,0.00568639076811709,0.00579451708827733,0.0133467325171774,1.44183118136333e-06,0.130319372809487,0.00873748834429859,0.00150263563495893,0.000780880174300515,0.00137694047819423
76.25,0.002437376744938,0.00124818697856136,0.00193952113636621,0.0033664428352302,0.000544864903881254,0.00606891811747644,0.000449695879072397,0.00105443945903293,0.0158660601983555,0.0120488755489418,0.0027791679991843,0.00688060648215907,0.00208218460419287,0.0202951585097453,0.0182573513576747,0.000510071855290015,0.0065863849832536,0.00291251985299087,0.000287346376910396,0.000460640084299666,0.00108415531596749,0.000805272150722627,0.0011014804472405,0.000594500736035134,0.00118165288628753,0.0125394295004852,0.00214011577703996,0.0148841136074302,0.00586777161096991,0.00596024072557023,0.00638045294975579,0.00861783866249469,0.00220749957360241,0.00523852366452463,0.000991879830028887,0.000487073777242399,0.000278527842690275,0.000686755484335483,0.0017560554120105,0.0037852546409781,0.00265783438178688,0.00892325348913156,0.00061083610077602,0.00269716609433198,0.0055949029159935,0.00719116157276503,0.00149432585321036,0.000460637997029439,0.0025503341851959,0.0179607444716019,0.00354496875894877,0.00351715614348353,0.00232105739279572,0.00047554824415038,0.00213774304504077,0.00845350120238069,0.00578356679009174,0.00358073032361542,0.018007234650382,0.00185269264750747,0.0712859229092771,0.0036552489791475,0.000372442450574368,0.00327463036353314,0.00163799178351122
76.5,0.0478399383732675,0.00520927434272346,0.000496679010593604,7.28799888146424e-05,0.000721185192402411,0.00155218027703984,0.000130515024172682,0.00267641759588741,0.0026551529605798,0.00221749156727949,0.00121155172092489,0.0047711801191141,0.00153045277526772,0.000109696654299304,0.00326978989973753,0.00111119935023519,0.000409276172910051,0.00253519729460074,0.00262699319571934,0.000548005435123141,0.000825583991842677,0.000568472779994537,6.85095717825671e-07,0.00263130817925228,0.000252235205580568,0.00252205342398635,0.000366450952625544,0.000823602568259563,0.00219849680308176,0.00376670826794273,0.00088289222450147,0.00139975008002068,0.00112025316003304,0.000715373377700964,0.00263646040329923,0.00131574050917864,0.000301467438394262,0.00234034535619948,0.000578411748291216,0.000227981035616046,0.00086754278890311,0.00190970835843197,0.000499360332693687,0.00126735701474119,0.000498248727364623,0.00207290114292677,0.000168787670474029,0.000361960080989663,0.000551151126423176,0.000439593100311216,0.000350666105130252,0.00221765333949183,0.00275703282330719,0.00359148630497386,0.00121089086551865,0.003857184404556,0.00431468980228786,0.0036830490373345,0.00334703660707751,0.00019799373007847,0.0114434323528931,0.00274035516707583,0.00613161102500979,0.000291211061728072,0.00228399369074513
76.75,0.0119161264284745,0.00236529771075942,0.00960367097373276,0.00397212736390692,0.0016149548907668,0.000367379760848055,0.00110872663874812,0.00401711064355744,0.004859174645064,0.0147581153254388,0.00558869424137716,0.00128482250587513,0.00165103217420778,0.00739648395618134,0.00450746626417254,0.00799590096075044,0.00653507455387664,0.00876241399154373,0.000286921653108511,0.00106306477439643,0.00585923886571949,0.00341410980977652,0.00052489116032914,0.000754247330902731,0.00898950847504083,0.00222877280683203,0.00216685908285389,0.00510868140968068,0.00615670356726856,0.00379687312491445,0.00673541496455311,0.0170264863370257,0.0070160814480734,0.00792655167605013,0.00014715051688238,0.000393454593222513,0.000806542794417619,0.000804148922926132,0.00381248774491776,0.00469487103414077,0.00547800497184535,0.00111083738417003,0.000806416261953675,0.00214377339165349,0.00315813892927531,0.00321406524984042,0.0114518566365671,0.0030531081740508,0.00285395215139379,0.00410048379189251,0.00145631665208438,0.00387556983294616,0.0076121762076122,0.00141778991174842,0.0021873707183305,0.00714430769814146,0.00811769614287299,0.0152718065286887,0.0108935788726436,0.00323159899841126,0.0790152235998657,0.0142206146712301,0.000600259340901473,0.00389921596092459,0.00624637142297825
77,0.003969195223896,0.00259786942907428,0.000588447221731251,0.00245998270586776,0.00326981280334847,0.00174174299187843,0.000515969219783281,8.59899705494765e-05,0.00920501618814676,0.0112135503778209,0.00190548835112275,0.00662649280662119,0.00219869191673599,0.00817754958834741,0.00100238944794757,0.00194327396937979,0.0019819007492675,0.000545817511151048,0.000187361945397132,0.00111012963969732,0.00017650013304008,0.0009248694430149,0.00118185990485045,0.000148114736499422,0.00229060014527102,0.00515361506397566,0.000986143967094744,0.00356737476137725,0.000452258512093337,0.00741780774037333,0.00722028068075967,0.00523156642269828,0.000314634486392359,0.0025994637708431,0.00122001500484378,0.000776784084643173,0.00190795184059058,0.00124477641739018,0.000821562875481404,0.00512393500636617,0.00257684111438383,0.00158537989636184,0.000737777895500727,0.000708762051061006,0.000538130663739769,0.00134999597073475,2.73746438043637e-05,0.00977202850318139,0.00419801435273153,0.00441458648828088,0.00124286277735238,0.000294569811023349,0.000148864525720272,0.00497962668647044,0.00323915081444873,0.00720715133654168,0.00459344141386233,0.000939993072877102,0.0019663060975645,0.00186681927467241,0.0349849419017975,0.00169932389402198,0.000884688013437431,0.000584272050963536,7.49278390731257e-05
77.25,0.000275245146452242,0.00800626686471516,0.012521473025614,0.00115883667864578,0.00186607883788427,0.00382701664391215,0.000677382429606905,0.000376116883692408,0.0267199476065442,0.00818575186892334,0.0314502729832094,0.00804519570409511,0.003907214867766,0.00898923337915181,0.0127109019767913,0.00384113739735437,0.000747844243396992,0.00224039089899591,0.00753413339176893,0.00106155580082337,0.00106119706481681,0.00570848440318319,0.000525420093217734,0.00136534586840158,0.0116163365671568,0.00446587243344998,0.00183050733534812,0.00421087518197134,0.0234951713547686,0.00832173774622709,0.003569716501766,0.00212238721524818,0.000705006845681165,0.00176598008782571,0.00329291767136548,0.00137555078327635,0.000981806165739688,0.00074826608422508,0.00616541232932022,0.0023141328339699,0.00255051248375026,0.00139544032909684,0.00340438792696499,0.00237739904446836,0.00441579410726907,0.00606508934424697,0.0249865481644026,0.00503828941253584,0.00804166465847993,0.00366343394760841,0.0048955401793075,0.00322482605148263,0.018979207746791,0.00421634432724164,0.0178094802514543,0.00472947235876306,0.00645095465036534,0.000844296526408398,0.0260141449158022,0.00535298831925504,0.150792296994215,0.00482877187686279,0.00131537885597171,0.00361191630023497,0.00166110407330615
77.5,0.0172088064598617,0.00443771448044165,0.00125816356123455,0.000900738594462598,0.000446580184966922,0.00113816660421681,0.00079274086679715,0.000226443061438832,0.0140132304880569,0.00776284621479502,0.00240848711075219,0.00133518272455679,0.00322929408702701,0.00290840800615305,0.00455588595073917,0.0020860874045097,0.00440312383108047,0.000856410648967758,4.20298282537373e-05,0.000225399417377256,0.000998319838806002,0.00272608715026466,0.000398926115028827,9.37472639817175e-05,4.66105391270882e-05,2.51320065905198e-05,0.000279805907004142,0.00191362149075536,0.00156228168598701,0.00215631571177197,0.00176816723576435,0.000485856057655677,0.00188322873190655,0.000553836028504589,0.000292553926004204,0.00125023587230557,0.00042387267714415,0.00151974166497087,0.000567023723743119,0.00194650729382321,0.000134005970677324,0.00176114008543809,0.000834241474089959,0.000925453839236907,0.0019838913449359,0.00477064623918038,0.00178183396213325,0.00320504013462922,0.00018269974102818,0.00137118928298217,0.00120433955382777,0.0020877486847051,0.00342512972025655,0.00250753060878019,1.40850943031367e-05,0.00232789826419139,0.00212774528284196,0.00677755744772931,0.00417419425884401,0.00662118529102404,0.0245804988785133,0.00225775552912583,5.10895922499935e-05,0.00166437865243163,0.00090397027950112
77.75,0.00370656696847925,0.0017698325962762,0.00268953486630802,0.000242145513028337,0.000217289282139492,0.000124922457544518,0.000952533203579299,0.00407749056272905,0.000627567563732936,0.0103081174316383,0.0119512944562278,0.000887816065242268,0.00458933630067631,0.0026598058933913,0.00358377658382912,0.00599228565507402,0.0015348399383555,0.000251658562170577,0.000604627256158428,0.0011119809325817,1.4105070099378e-05,0.000497972993545788,0.000241240863741966,0.00115310011867592,0.00459929699757305,0.001548809498659,0.00096498237272794,0.00267450781124492,0.0074578000566294,0.000916990630888734,0.00337454579979786,0.00429220659796963,3.37844551042154e-05,0.000207044192922411,0.000158721764867255,0.000157761686749558,0.00178548189055878,0.00116282205931356,0.005174098120169,0.000618549897284484,0.00119209325208609,0.00247154607821407,0.00135670089497067,0.000418270820253882,0.00125114165353675,0.00829602979757729,0.00784373593135957,0.000338114400524975,0.00254916948972044,0.001365196771214,0.00390617983395371,0.00697869315959818,0.0121951294715112,0.000294377554565925,0.00903801543941111,0.0013007586063149,0.00319654308032935,0.00337682452658328,0.00261565746421809,0.0076439102332985,0.0128529915115847,0.00216563310141174,0.000332745367555488,0.000154872331936159,0.000324046273674436
78,0.0124245954270585,0.00520542934160709,0.00560097597342185,0.00171019284537295,0.000328338365565379,0.000696405412581917,0.00169303534904767,0.000570057652202494,0.004565659404888,0.00998235383166282,0.00437138739296005,0.000456029932714988,0.0006862140456271,0.00139334426966005,0.00273530910470914,0.000959317991280557,0.00354046929252746,0.00438989120293909,0.000859157244828419,0.000719579532585218,0.00128918521600764,0.00170555176382094,0.00173720114138132,0.000805285728447608,0.000447354216095343,4.96060313202822e-05,0.00393647162609426,0.00321628603721901,0.00182315363706377,0.0044331339347701,0.000703221865828314,0.00181730328202068,0.00420560167396137,0.00287983148617348,0.000979676887823198,3.86656362511556e-05,0.000510034103020543,0.000856287776835298,0.00479925633098814,0.00271375083960709,0.00165857151179277,0.000210848278369407,0.000206968638375221,0.0003449163941989,0.00117428597477988,0.000782544387820748,0.00288094991366079,0.000685959133940455,5.32372892049532e-05,0.00170043801860904,0.00294284765858537,0.00186110071413352,0.00511563504735493,0.00344756363295725,0.001867662252164,0.000207925166687622,0.000917842242842134,0.00853193047168385,0.00402114048713191,0.00270702681045803,0.0389714822231157,0.00282526153447516,0.000815192009135006,0.00226220446910918,0.00197702328675233
78.25,0.00521624337718455,0.00503475250579595,0.00257670838086388,0.00204634815368826,8.03685200898787e-05,0.000573620535659173,0.000205004412233933,0.00165578397594961,0.00217649835916229,0.00252798741275102,0.0109552361190757,0.00787330532950181,0.00198624899099305,0.0115091842315264,0.00335102270541723,0.00464374848341112,0.00296825410820749,0.00239896690723278,9.385844280796e-05,0.000652789091618419,0.00126195706098143,0.000446316513879393,1.28615373045168e-05,0.00101609700574746,0.0051846497605106,0.00867187007485225,0.0007581410501437,0.00584395685562994,0.0056377845969128,0.00506542697880265,0.00146968710265524,0.0109061036011063,0.00327400447691305,9.11511873230003e-05,0.000368489042731657,0.000188951862049774,0.000863459158126444,0.00205482192095601,0.0105240966189863,0.00140200728584287,0.00637695073661427,0.00335405324709313,0.000614012779609487,0.000812110050007734,0.00156991180363972,0.00635391771159355,0.00727136428581895,0.00213060195582619,0.000365123281053906,0.00961040065893783,0.0016010727120659,0.00579069022082325,0.0228151694491546,0.00633867764178938,0.00601799485691432,0.0105575232127021,0.000366286987281163,0.00325895602448586,0.000637412789831062,0.00299169037660006,0.0101157144062715,0.00217544168830149,0.00100986268355197,0.00286898800193414,0.000648341731438505
78.5,0.00669081140382482,0.00335169833020275,0.00249970496178318,0.000896361121685364,0.000772308801304056,0.00083379619557016,0.000210075416106334,0.000537236532314187,0.00488533914787594,0.00378008819071355,0.00966344090322682,0.00115137732366874,0.00858572980719038,0.00379641267742591,0.00545689157273419,0.00188756936128254,0.000479873143696338,3.99274646512479e-05,0.000555260633348172,0.00015973499006575,0.000983878318017224,0.000633141610996343,0.000411352209285028,1.90729699141232e-05,0.00131897475788981,0.00176107216997751,0.00196579225720216,0.00314137055165245,0.00573316395273217,0.00220007159176007,0.00367002743847516,0.00109573464704128,0.000785480417185354,0.000435167921540733,0.000993838612895521,8.09128036472545e-05,0.00120256905835271,9.15182304724998e-05,0.000681748939910716,9.68231999136983e-05,0.00167271583252572,0.00128951151211537,0.00180969254448514,0.000586447850773868,0.000801326003491269,0.000991741335253006,0.0039856369788755,0.00059721351388129,0.00151948436886743,0.00264708438730278,0.000618691209262358,0.000222680831189581,0.00328819661793036,0.000481722794787164,0.0033430178055124,0.00103350918160137,0.00275375683313435,0.0118155447764353,0.00354695385448275,0.0045315204465164,0.0662140872987671,0.0088545198075151,0.000524252241882443,0.000262676210024297,0.000116486595807247
78.75,0.00537829146447921,0.00300439406601427,0.00136286263021036,0.00797433312117338,0.000411535355705069,0.00495894203355203,0.0023329685173669,0.00199927801616236,0.0174185103192539,0.000657555668635387,0.00178771713903811,0.00188206961119506,0.00320769450789854,0.00060085209338099,0.0153085490091091,0.000650840086487649,0.00275326509179896,0.0054297846092817,0.00385037233139969,0.000226678194759385,0.00470581533837866,0.00848736584776634,0.000209051941253311,0.00107152338302507,0.00192719192393644,0.0022293191974801,0.00124414215230254,0.00294690044920888,0.00701976725667316,0.00593013569274789,0.00989231920649042,0.00108445988225928,0.00416687498146022,0.00510802791081003,0.0063266358604576,0.00875144295881019,0.00024556146920084,0.00139808238856411,0.0056877462634563,0.00242340387291234,0.00147881180122219,0.00958683304025169,0.000865438052936872,0.00160755665824533,0.00324996433384061,0.00121094457503688,0.00137901025425836,0.00310750047014509,0.000596565555414437,0.00311580400212068,0.0064160100819638,0.00104699335505285,0.00309638799181209,0.00253413868685515,0.00265008872141415,0.00222898754047597,0.0195260041167304,0.00351691901844815,0.0231795201140523,0.000396542621487865,0.141198687862652,0.00101680829531078,0.00320303422281607,0.000564243194993545,0.00824600065149412
79,0.00975295236439517,0.00109208788646235,0.000838060002918272,0.000175437499280958,0.00106019215551829,0.00126093023905556,0.00237880350435306,0.000273478509088037,0.000415761697407418,0.00122178159019288,0.00154800111309126,0.000893830268688862,0.000639564765885336,0.00171096096708858,0.00527567364195998,0.000272441562993874,0.000686838864239402,0.000615219891338126,0.000534319931154058,0.000403701596469526,0.000233401861411393,0.000211108286282816,0.00145588690420585,0.000496359397168829,0.001623650939566,0.00225842041370927,0.00155052234912667,0.00109484733514695,0.00476231604378364,0.000495801377633321,0.000788471388734555,0.00528865847919323,0.00144974233672517,0.000157866224387757,3.30274431284798e-05,1.01186140131075e-05,0.000675324014811615,0.000535832348547151,0.00171691854842231,0.000973676177770504,0.0012913866353719,0.00408743953273516,0.001599803466018,4.76061303042131e-05,0.00190008433230345,0.00151185399782911,0.00182551486742486,0.00230790719662592,0.00130501292211616,0.00366353153347102,0.00234107958643628,8.08117341688157e-05,0.00224937131486968,0.000441961148911483,0.000459861581607649,0.000912790076843594,0.000517150059204003,0.0175746389277218,0.00216681941051516,0.000343092901699956,0.063102081641454,0.000685344503311139,0.000391822818666978,0.00236930966968782,0.000568022624951468
79.25,0.00724911768921844,0.00410367585726425,0.00333590792714059,0.00367516413656713,0.00208056395939136,0.00103568835897506,0.00056401087096892,0.000254138438083772,0.00990144691871074,6.08390563146442e-05,0.000248103649129717,0.000529561273194856,0.00158725479347974,0.00209112657686707,0.00303483438005855,0.00142298005154431,0.000593485055372744,0.00167758608325325,4.42914376138686e-05,0.000972052173126395,0.00175803872134816,0.000867535930956581,0.000227526461179851,0.000203196784137118,0.00111471928202215,0.000602529101051527,0.000141965786426594,0.00226221756312847,0.00237955159263744,1.86945061915838e-05,0.000442101623787252,0.0025175578636781,6.8122568332342e-05,0.00231753693068646,0.000990699552922618,0.000707924218032474,0.00011429932289348,2.04893638160848e-06,0.00159549605864453,0.000765544246154922,0.000281997718647695,0.0036610621255356,0.000191749649566262,8.4895585047481e-05,0.000272447797184673,0.00023259272043355,0.00158880892079492,7.92128807681609e-05,0.00141759280343533,0.00327357553387406,0.00011633828814894,0.000565704243603718,0.00108717146152047,0.000824064955774678,0.00203865428721157,0.000257718446109407,0.00185225095742626,0.017055511475097,0.00362106278959772,0.001320441132294,0.040967287408716,0.00199708365930125,0.000836430283102951,0.000325233676698733,0.00136617872096047
79.5,0.00295331040878284,9.19760976432317e-05,0.00162578718586707,0.000286934450229597,4.35269317938035e-05,0.000103507179170541,0.000412262004161183,9.32661488213371e-05,0.000256681199078044,0.00043645015112631,0.00770658979886877,0.0003601182730006,0.000723087841885603,0.00286355393471184,0.000135119776787257,0.000799668935449187,0.000311709937815796,5.60409655227922e-06,0.000108373997228217,0.000855504000331083,0.0003871509843408,0.000285382803844774,6.99574137041776e-05,0.000565630686414458,0.00144009731613393,0.00251277568235525,0.000628449207906465,0.0018891015525207,0.000669547037520883,0.000508627331553668,0.00158454847001295,0.00277064478833216,0.000769789125366994,0.000334695627763498,7.80595853229053e-05,0.000775399164421954,0.00053714990941985,0.00029295657417094,0.000515092662329813,0.000183349219093781,0.00211858422695552,4.92587279617064e-05,4.22932850750003e-05,9.99643021420071e-05,0.000613275084350526,0.000905607243757329,0.00338207074281866,0.00160886390027379,4.47484274840409e-05,0.00106064125587421,0.000221512640618651,7.35160971277907e-05,0.00456439879394076,0.000284871670807826,0.00113435513264208,0.000920060479611134,0.000137275390599277,0.00821897312337531,0.000746576930374876,0.000332319480812247,0.00155440477841441,0.00142194809851669,0.00126870074425042,0.000288183076145367,0.000341287672268358
79.75,0.00404045739261598,0.0329748557844452,0.00450206185327402,0.00849189473167097,0.000195631815126288,0.00162061893596116,0.00692620142475237,0.00214917802293989,0.0366130273453725,0.00615625511085286,0.0054825688302502,0.0137159649707856,0.000409590097817601,0.00379500551377673,0.0255814606484424,0.00017396137843974,0.0110413466628591,0.00908608538200592,5.36987699232175e-05,0.00382261653475559,0.00258412434329387,0.00516406759703584,0.00176271600382248,0.00200782431573098,0.00188762223716389,0.0034210669728161,0.00169043430457679,0.00319905760315985,0.00992040800961879,0.00746590575480308,0.00792396405045745,0.00108413588993884,0.00458912816640564,0.0127521407192925,0.000499446368702733,0.00135000395925705,0.0012095418924228,0.00149523978423836,0.00451945233430704,0.0233820084052608,0.00122414880819037,0.00378331355451809,0.000105677730208054,0.00157626428725685,0.00904113495424349,0.00226336773445963,0.0071046205175758,0.0149548767861135,0.00182077947789703,0.00203767757205299,0.00867883377081293,0.00116613785820718,0.00576921940914131,0.0224384308970249,0.00164341075484825,0.00539203360582459,0.0181514184299118,0.000987253428873075,0.0381379795912684,0.00314486253582165,0.263452844013959,0.0064023120309172,0.000401100449428952,0.00476569738417235,0.00384811661571118
80,0.000337883772758178,0.00280272694902355,0.0129835942500071,0.00628047028591152,0.00131695878299859,0.00077220153369112,0.000806360823156078,8.97878761004156e-05,0.0266764476741419,0.0075890739321669,0.00549858004079756,5.51754791988156e-05,0.000316287276831099,0.0083682648295419,0.0127528616755555,0.00153389256076408,0.00389866113825025,0.00315594385584051,0.000777603743749047,3.34366282797433e-05,0.00707778861442062,0.00235464582979632,0.000889084879558118,0.00123642804791823,0.00410320298672972,8.35585416523914e-05,7.98682341235427e-05,0.00577645140435928,0.00244922404053693,9.136027468231e-05,7.8515309349611e-05,0.00144706028548752,0.00886681503788698,0.00551338810604868,0.0045185028069994,0.00116546291009594,0.000196158361761846,2.28376310701461e-05,0.00896759953732395,0.00346737633623474,0.00720266939633902,0.00239495172088785,0.000217028211215208,0.000241007975970167,0.0049533282186777,0.00167891644387615,0.0119566763417901,0.00267377607032819,0.0016109496198591,0.00223453967594167,0.0023280807052683,0.00119642243529478,0.00416951742349828,0.00218346662512656,0.00261937742200708,0.00244704953542814,0.00656915194898406,0.00073907878214948,0.0256667205112385,0.00347717554142115,0.153418954826696,0.0047553550975892,0.000967901490724995,0.00187255816508046,0.00416120351470972
80.25,0.0125471228075239,0.000201827694071536,0.000547515155426122,0.00274298678800238,0.000358632244666356,6.79425300672198e-05,0.000500628155257101,0.000390024150075465,0.00506654610027394,0.00038613266689978,0.00144464764486154,0.000559649003481478,3.98891244476301e-06,0.00100606013279769,0.000906943470529455,0.000816787233045506,0.00451367195753849,0.00222981673034691,0.00080490313641608,0.000537510438315563,0.00122515750337417,0.0027516997025996,0.000406777724691961,0.000132248243186901,0.000936394912732796,0.00248094293473037,0.000475101553953461,0.00024829573639686,0.000750780803988923,0.000125725352671949,1.95718818028093e-05,0.00199335951987193,0.0021773210308223,0.00264630631984391,8.25196236961219e-05,0.000637073421669141,0.00149104698603943,0.00139219360194441,0.00705788803796895,0.00157558741879313,0.000832157167037165,0.00338864131748714,0.00107465987511566,7.44063555466238e-05,0.00156009251214212,0.0018195913553826,0.000479750865385305,0.0013066899280463,0.000306212805706855,0.00119284973539053,0.000218098085105509,0.000363350741395726,0.010535177788125,5.95584489586164e-05,0.00267642486795017,0.00210808977079814,0.00150563626287586,0.000517245792532567,0.00578035913351835,0.0010041050875833,0.0234275047019948,0.000837904378182144,0.000435658858452786,0.000436623201467665,0.00281754537538959
80.5,0.0220386818232595,0.00768733064183885,0.000576088115676987,0.000342672275688802,0.000386743552857528,0.000450974302362407,0.000293496947409545,0.00101145549865753,0.000133261819844023,0.00311394911719559,0.0185701913169943,0.00308330159285428,0.00389189785014929,0.00441550402707693,0.00387319317301794,0.00498393563958515,0.00215130886676973,0.000182655885087506,0.000840004835780631,0.000409177123530851,0.000224492332534363,0.000155876501726035,0.00115935736016807,0.000852681654966142,0.00533051988493014,0.0002702682707277,0.00483067179709387,0.0063907118157142,0.00555675206657809,0.0106558128684552,0.00559681984797444,0.00497117584720756,0.00129380897492806,0.000671154452564301,0.000431422476313632,0.000385153637966469,0.000100050872118011,0.00113146332475367,0.00118189225506336,0.0024390240338811,0.000735593194736434,2.49210324010164e-05,0.000690321663705409,0.00130905977673537,0.000596763901381359,0.00102151682633253,0.00357872886293546,0.00151807709394243,0.000973371100325619,0.00386257398371355,0.000671909491398734,0.00172136238471425,0.0107140573630887,0.00657124217862746,0.00626412633064851,0.00145423604586868,0.00335314133374135,0.019919107510347,0.00554730860814323,0.00321070248505586,0.0479247879943809,0.00571787369932095,0.000988824249607208,0.000390717321975703,0.000111738400396439
80.75,0.00576912567958906,0.000736645332191817,0.00130074607573823,0.00207837215965023,0.00141779358629901,0.000432063527416539,0.000331316166761132,0.000919859670423886,8.5924603471371e-05,0.00271123279155821,0.00328749371114562,0.000313486667729738,0.000272486235168155,0.00117577230849351,0.000495953243535795,0.00166703970084105,0.00131255067540409,0.000230721615157677,0.000922939663227736,0.00239716552922678,0.000534434719225122,0.000319282250819612,0.00189941748508727,0.000859393635624238,0.00327562839377661,0.00163287995505009,0.000759911831631932,1.22773370626926e-05,0.00318126658066806,0.00333786969342539,0.00129281255109486,0.00251176170380843,3.1180914560832e-05,0.000129518916666001,0.00083610275258532,0.000229665745677398,0.000232091063453585,0.000442602438254682,0.000167533272485158,0.000464194573724819,0.0031762452061968,0.00380001092166048,0.00107185882585224,0.000304304590806518,0.000598154812591493,0.00179313292301429,0.00355133408925728,0.00131140621196263,0.00141296419639857,0.00115033650204928,8.02597503506182e-05,0.00165123415592756,0.00502609838047501,0.00111918791626558,0.00181018934712265,0.0022883353577252,4.36608998338894e-05,0.00750653472065772,0.000686234569054316,0.000738446385158362,0.011545700458305,0.0019880957313302,0.000143794365574086,0.000429262905362307,0.000158467149415092
81,0.00412067703000289,0.00311824913794234,0.00242973321128523,0.00275600456171652,0.00332714053567743,0.00198768365918487,0.00227352664731914,0.00116679371484417,0.000556425826886766,0.00385702701516421,0.00984501929181494,0.00498924752298543,0.00428416062781364,0.0120557662818203,0.00858971287159884,0.0062344922306437,0.000195774288797214,0.00157559893531037,0.000468711515813742,0.000435418358649573,0.00117443596902383,0.00110542702101027,0.00265221775025789,0.0011646194102497,0.0046907405013395,0.00262166037891899,0.00744594720232675,0.00733581642857237,0.00777961323395024,0.00937582193268515,0.0129348879166371,0.00583294740600734,0.000358251015662376,0.00198609823735202,0.000916201677058373,0.000384625888712221,0.00237987865230676,0.000261712977180697,0.00238990095895171,0.0018750258474394,0.00156801892192818,0.00192701969533189,0.00230096750412752,0.000491820648316147,0.00172548113224565,0.00355224213729603,0.00285715504750136,0.00695040854656439,0.00616659997299621,0.00434823655608879,0.0060461336419248,0.00304268254765449,0.00935655019899773,0.00340817211210631,0.0057181055370237,0.00381076547340303,0.00622261539907494,0.00531229655377641,0.00664512767677215,0.00331446889895082,0.0192961426658711,0.00222216919816329,0.000184908260936593,0.000138269088543727,0.00168046628778852
81.25,0.0046941798261457,0.000174163088769099,0.00213757570205249,0.00110023518531564,0.000141452827657239,0.000443716012788211,0.00251507285919692,0.000725433714733104,0.00470862668060698,0.00695048951440913,0.00361009489290458,0.00218757262937416,0.00135742232254849,0.000125335939666736,0.00165409209139058,0.00160563675240027,0.00184220106765328,0.0026689806658063,0.000842989006799001,0.00153731662848803,0.000217953948445702,0.000658164692504667,0.000427634567353218,0.000723017280875484,0.000809757235724536,0.00072043429095481,0.00170901311421706,0.000425202605328057,0.0038279855253141,3.89169305446248e-05,0.00582601279720404,0.000538791219567909,0.00359673113100733,0.00149581910297216,0.000107677783087016,0.00136011425233212,0.000758582296592914,0.00033098784402688,0.0018626273826798,0.00121298210249152,0.00193879848752137,0.00102847241372626,0.000242164473610424,0.000404052937226557,0.00265981700165428,0.000832223455530976,0.00223851483282467,0.00234466779923301,0.00459101485453907,5.77304738804581e-05,0.00373906178163437,0.000755866525983927,0.00936426210732074,0.000439215001022582,0.00408079919879983,0.000465796256402129,0.0031635725999937,0.00439864059087453,0.00181116026328314,0.000724016662416992,0.00086160743672174,0.00268766814915286,2.04733576457084e-05,0.00296537553270391,0.00143442837716945
81.5,0.00286208443223314,0.00226182006244394,0.00282555908650352,0.00025290203840558,0.000526362208000574,0.000338797149516371,0.00123073634146258,0.00155893825041387,0.00917189501235798,0.00146579423031562,0.00810644925178306,0.00529419140842438,0.00102140670592016,0.010836935278067,0.00599890555048837,0.0010878783647561,0.00064848219758571,0.000813136985119615,0.00155255061075881,0.00145799098547465,0.000107022831224082,0.000790538285914308,0.000740326872344332,0.0022403844211492,0.000771514560106936,0.00230941728341061,0.0019050604238891,0.00375169744662543,0.000717918523776751,0.00685140103145102,0.000934951051876473,0.0039033235832803,0.00135438825565418,0.000800976464233003,0.000430094954613468,2.43840622399136e-06,0.00129664532775775,0.00185983327140367,0.00307822486506468,0.00146094866442817,0.000212386779397279,2.22179868290517e-05,0.00132807333220213,0.000112579271020134,0.000711038944268531,0.00174788098751549,0.000457679162797905,0.00394818784911677,0.000303337038753241,0.00392127676353394,0.00244315027210944,0.00248809933108858,0.00159656225534508,0.0031801649383005,0.0010568449832742,0.00350189042758925,0.000206415274009885,0.0304759976397015,0.00702317450721261,0.000942515942756871,0.037773608993074,0.00251182086465836,0.000708378921082598,0.00292122312975802,0.000463038229637002
81.75,0.0024690741548957,0.00437528744795381,6.12456725484688e-05,0.00398491429312622,4.20744930061395e-05,0.000307337367892905,0.000740979992769679,0.000197778791717245,0.00327791374838227,0.000495223275109382,7.66564649004361e-05,0.00175052834770656,0.000285891434627602,0.000995988573450738,0.00328397032395388,0.000937414650018916,0.00343662654427566,0.00101386268978747,0.000945999783286315,0.000558996663756883,0.000397220473555483,0.000453057504187993,3.68892983133015e-05,0.000893157290520044,0.000965090745668232,0.00206269497355772,0.00162003457609069,0.0012840703135057,9.62866738368624e-07,0.00449628477943906,0.00119030280856481,0.00141938511993213,0.00062613682177481,0.00261251773314019,0.000505387315689761,0.0001823897978282,0.000613184108586934,0.000136872326326407,0.00185973140978992,0.00433856033522409,0.00122187861893656,0.00265024358328938,0.000999418849120841,0.000337450063726016,0.000986917932197478,0.00016997559561651,0.000161064089699596,0.00216218094137444,4.03783150261646e-05,0.000234935761680069,0.00161836367820608,0.00130013367037088,0.000817301392811683,0.00422021625854318,0.000265502835803645,0.00147566783829599,0.00273727350332352,0.00305578819108736,0.00702900362908399,0.0010988870967855,0.0426077994359584,0.00241448066646038,0.000255575852601512,0.000769969017689129,0.000576444569026454
82,0.0136611076778227,0.00808673689579551,0.00339158894895169,0.000631538747103129,0.000232900630613959,0.000456519032539435,0.000893490529153904,0.00236228471461286,0.00686708212386469,0.00092081480802419,0.0141113386589807,0.00674673147231881,0.00281948452293087,0.00152664773899457,0.00413328057097184,0.00139894939468852,0.00548514297290896,0.000615092638107782,0.000137046276545338,0.000875761553903715,0.000230001457615899,0.000885349959750242,0.00140975306787449,0.000359272745521998,0.00296132131722883,0.00227901937696711,0.000130961782489463,0.00060839885011818,0.0068959459951597,0.00106766435389401,0.000399128102865527,0.00276108415973218,0.000397756310146378,0.000773683237881368,0.000376344596416397,0.0010525993904754,0.00024139204876046,0.0023777254031388,0.0205434587154123,0.00573859060805354,0.00150340221647959,0.000182074882888116,0.00115158472029174,0.0013328607541533,0.00209856358465996,0.00205970403034485,0.00535134919361185,0.00374591040591384,0.000874106162861522,0.000707302961690397,0.00364549786891985,0.00361301238941578,0.0217739315528883,0.00563909189125588,0.00292444538257347,0.000759245037414227,0.00312879536248411,0.00229539251801449,0.0129205483151402,0.00348258109868233,0.111234128763093,0.00211101001837161,0.00103628824007921,0.00361313980607555,0.000982952373910032
82.25,0.042299878172371,0.0189591646456607,0.00109988289118814,0.00865421031628899,0.000423227452623186,0.00370914402262,0.0024384302179949,0.00269840547496275,0.0118948365865221,0.006478682425427,0.0106957741587494,0.0100488798592379,0.00279217266357065,0.00620630174660179,0.0191618585387384,0.00348922293330952,0.00953874051482516,0.00191953146507966,0.000523346787020928,0.00191179793307014,0.000463800053207447,0.00206782848083332,0.00139644617173347,0.000844846765493197,0.00226833452962933,0.00446060011656534,0.000288924062386166,0.00758416064316902,0.0142417192141079,0.00852227297763641,0.0013451784355118,0.00775357128833302,0.00112658599727226,0.00688188992161519,0.000262690725065739,0.00329733731661191,0.00332781743114405,0.000937486773112767,0.00799322522258811,0.0128798135852893,0.0005475807539318,0.00459786520864632,0.00125503615727757,0.00333582313403187,0.00457403089227628,0.00210376438410964,0.0019415364930647,0.0102190916687698,0.0021574768338611,0.00621970222886285,0.00448308642956507,0.00303354661138818,0.0207692681892417,0.0149375269029586,0.00646125989304078,0.00756762280777941,0.0089352916112501,0.00730028002215737,0.022782173014095,0.0017846106385021,0.0786994146005427,0.0036172579260449,0.0012860579869949,0.0021847900207385,0.00249123684276387
82.5,0.0130980830596401,0.00362900025593749,0.0028124927580798,0.002729880420893,0.00125429072426032,0.00335923918798591,0.000445336651638,0.0013333458220165,0.0313089997202608,0.0110853865852023,0.00316354690424533,0.00152072566139607,0.000750251841674753,0.00158409409219781,0.0059936795776829,0.00543848812756971,0.00331822057329324,0.00159843241898208,0.00361423902977874,0.00035880313984061,0.00110266663421154,0.000761472375266099,0.00200670571304975,0.000964156563736303,0.00766451806021494,0.00187378397361318,0.000702831850223998,0.00853433659064162,0.000957712519129181,0.00569368739750824,0.00195330406949598,0.0045560919388347,0.00243390023338122,0.00120134856303159,0.00212420352258638,0.00132450027055845,0.00119619171235796,0.000775339062474579,0.00370160539906426,0.00214763401387407,0.00418859802972152,0.00361853682806836,0.000737856430544464,0.00334283994253946,0.00539537697867799,0.00822983033679718,0.00514981122006788,0.00211368227750293,0.00347697792097823,0.00534180549487947,0.00340316395095764,0.00838266691009721,0.00849289349862609,0.00471446556887326,0.00296832578548537,0.00241841155695323,0.00557474676451109,0.000702941869135281,0.023254685829673,0.00661897588939096,0.15444683343424,0.00635222212096138,0.000132563153328191,0.00598527241479798,0.00202435297655889
82.75,0.0090890147804115,0.000429170085092117,0.000250594598856899,8.72806237870351e-05,0.000147068532641803,0.000881874662619957,0.000130350451736689,6.22167305388116e-05,0.000502928224950777,0.000201667111850376,0.00262551368375419,0.0011528405456328,0.00142979055156711,0.00161433890766021,0.00027591449991104,2.47623056595158e-05,0.000387680513353949,7.12222220315498e-05,5.13121895962875e-07,0.000869868063060756,0.000202449703356113,0.000127287043864199,0.000150977756250886,0.0008587695204774,0.00187994268379572,0.00118705379480342,0.000735154021465749,0.00116367349931672,0.00302358196843707,0.00205310350991316,0.00472594877600656,0.000263503350536762,0.000687398664666932,0.000356124272558533,0.000673424200169825,0.00127565813889151,0.000256499399638834,0.000928671454180096,0.00344610288019559,0.000294119661936677,9.66845620475896e-05,8.20722462169609e-06,5.08168412015944e-05,0.000433896316489243,0.00226047796679634,0.00105047383476915,0.00137217494109413,0.000482683347396803,0.00244370722793091,0.000946077789119108,0.00129288494599468,0.000473156102172929,0.00752554610116266,0.000507153515241766,0.00108275237646058,0.00118763317404299,0.00215729126291721,0.00132651733183082,0.00109205653268128,2.18616901982596e-05,0.00273245173272607,0.000138143249001968,0.00131467369017345,0.000203080061664355,5.24498119782352e-05
83,0.00613830441688798,0.000817370427758108,0.000854379648790272,1.32996757208722e-05,7.03694929068682e-05,0.00162085694285117,0.00197333577378483,0.001388065284689,0.0113042566984095,0.0155363911507581,0.00458787945754167,0.00169298754552307,0.00266145079399477,0.000725791700379397,0.012836303735286,0.00111349760032513,0.0018814216074166,0.00144329227559465,0.00183525926065159,0.000729887979172925,0.00138290208918416,0.00115851460954162,0.000320620290409857,0.000592731775087113,0.000475203687971344,0.00408841485826477,0.00119699424989647,0.000931252366841129,0.0031270350648687,0.000690351294714169,0.00424329923629824,0.00191503798469475,0.00075236349179276,0.0015415913377311,0.00130995864954049,0.00168637971662776,0.00217073586886275,0.000921069813450239,0.000871096374099056,0.00265855293893906,0.00131058000397893,0.00209331121546658,7.22126848825197e-05,0.000337061643529753,0.0055514957053638,0.00238551815839663,0.000812924297553275,0.00091512371917072,0.000755258762608985,0.00125033536077971,0.00218697428112973,0.000998036628957231,0.00409290887913629,0.000264410300082207,0.00466093777991665,0.00106334196037246,0.00146011903459502,0.00339873314857769,0.0133678398376893,0.00695854721777362,0.0364034216316936,0.00336882989186947,0.000425046191255298,0.00549350325864025,0.00160005821570268
83.25,5.92016413366885e-05,0.0070037279036633,0.00546057341105156,0.00293317508816609,0.000415163890586661,0.000854566230307609,0.000995292192634865,5.24758997058617e-05,0.0118694309395268,0.0129339639137326,0.00727387438692303,0.00694044850392667,0.00095904422658984,0.00427317931394254,0.00547051104826428,0.000730327842310994,0.000613395601643164,0.00109170674379087,0.00258388015819934,9.15190238200405e-05,0.00183341633765841,0.000727091981528595,0.000107684917327316,0.000717052579796661,0.00348526722375245,0.00426242313956822,0.00220162725994342,0.0022081383349696,0.00376540050981192,0.00934376049060008,0.00343062716153296,0.00116546382216973,0.000552591001476401,0.000976671151215922,0.00144170428069226,0.000583416898726377,0.000273656449906124,0.000876355310618794,0.00260194322661482,0.00217370559932946,0.000908009316541627,0.00339584725696242,0.00196690948981429,0.000150615065069087,0.00198653759781333,0.00356971925076811,0.006020429928254,0.0050342039245233,0.000515764468381042,0.00317357346280555,0.00298471675198046,0.00102172640295669,0.00239477970281576,0.00624508382399631,0.00124585344253972,0.00723289086849744,0.00163882305445107,0.00438996037058025,0.00643219805822721,0.00534416998893652,0.0199862114525847,0.00340639713392266,0.000965224270325478,0.00267973927282638,0.00233971629959989
83.5,0.017887944860817,0.00633841993151815,0.00588486858201441,0.00338223110881326,0.00120651921064586,0.000384389935516995,0.000368687324011047,0.000552296096864045,0.00593357276297238,0.00766624294782672,0.00201314748331623,0.0109569404429956,0.000576866364926168,0.000667727445049183,0.00892538977631865,0.00149103477639532,0.000901919283936795,0.00157778427451708,0.00070326398218044,0.000260778696789636,0.000488242359568382,0.000559642548974871,0.000272270203256351,0.000332399965168701,0.00231612047579226,0.00244126178130637,0.00260592652434602,0.000375023586957385,0.00194099287358601,0.0040873158764088,0.00376636207054317,0.000642063672910742,0.000492408035933497,0.00155005313868828,0.000346634952476589,0.000612430613884466,2.55092971514952e-05,0.000731746911201633,0.00130052910016969,0.00187616120376175,0.00119185284380525,0.00220105554347942,0.000261418980700905,0.000211245604799751,0.000794650691487195,0.00458018491323964,0.00513466382276456,0.00453829859044186,0.00185022424741452,0.000396424445816812,0.00266237844318943,0.00142610506821309,0.00352309279627687,0.0043717752517909,2.51934124407083e-05,0.00131884701382583,0.00878361496100631,0.00200297384556304,0.00882143801822527,0.00548088573890271,0.0426667965596409,0.0041203757591478,0.00026459630449905,0.00151041918306812,0.000296474150848432
83.75,0.00269540630823476,0.00648204383211554,0.000204965835768624,0.00270942211168076,0.000479099533933216,0.00141733174179678,0.00117076306393839,0.00145368390506752,0.00796815210683434,0.00520109689220761,0.00197189320828499,0.00210362168695682,0.000108866085877746,0.0029266169325788,0.00488800253206012,0.00118428851878451,0.00341331243647595,0.0037620620426972,2.92841625951765e-05,0.00266250149135868,0.000877998564274104,0.00147930554295721,8.89432137658707e-06,0.00054584791062932,0.000743640998325652,0.00217225493231303,0.00024138118550111,0.00317842064374165,0.00132485609553148,0.00261751044236348,0.00132710342881354,0.00834994203552802,0.00258515792170288,0.00280908821482805,0.0008509083713202,0.000619494451178921,0.00134775795519111,0.000754239053376972,0.00364013227992088,0.00245892976295136,5.15919277674674e-05,0.00284316089044953,4.66500895840718e-05,0.000862027259185234,0.00251413933505501,0.00204542437266769,0.000333641796028123,0.00104810627694164,0.000280827700643587,0.00333333265407627,0.00150152809562008,0.00313245232586868,0.0046800845791666,0.00333420576362526,0.000242765821640608,0.00287106389980909,0.0013002305109905,0.00675178860292974,0.00710809802882525,0.00160231912034188,0.0567967912545712,0.000153462728844456,0.000872436818728558,0.00123785812306148,0.00237456197108827
84,0.0101504604986353,0.0024911157780438,0.00170973280459858,0.000629388661162404,0.00189162128310351,0.00340709778746289,0.000987575380157451,0.000575098417940861,0.00102742330694443,0.000102864414873969,0.0075995641950588,0.000972795980521859,0.000226939004441821,0.00460308712383355,0.00916444557577478,1.26608675912446e-05,0.00406864082514716,0.000929297025549761,0.00260047909578862,6.75631601931275e-05,0.00212821384525913,0.00107813710939844,0.00141826124720393,0.000295696951534883,0.00202545440564399,0.00108189212111769,0.00092787526022039,0.00452945118153959,0.00131536080898359,0.00495448733188999,0.000820293894433268,0.00325387850841403,0.00100135665044488,0.00084149023336919,0.00203148610311718,0.000572319056413362,0.00011523665553756,5.15167802771488e-05,0.00615613301495131,0.00365329389076026,0.00172044993151299,0.000488829312906318,0.000452524996944817,0.0013785557356934,0.0015749731926806,0.000451881599614695,0.00429185519453704,0.000997381308768626,0.00120979366204005,0.00421078192765038,0.00196038251489616,3.03789020618193e-05,0.0102261214685631,0.00332467816890959,0.00211393869595586,0.00106103455504067,0.00280009506176865,0.00146408514287207,0.00937699641468052,0.000632144349167641,0.0451356117857934,0.000905383391360707,0.000349021533751302,0.000273497651898148,0.00149042933259266
84.25,0.000910599537963758,0.0101602275659895,0.0005822519500068,0.00117960012568383,0.0018385451800531,0.000593886365231773,0.00112676575146681,0.000214232630870022,0.0055370135005146,0.00043016784381122,0.00332845252299609,0.00446210780081634,0.00231713889511047,0.00320293383866292,0.00576134140332233,0.000158096157075713,0.00209639413774528,0.000837934842921778,3.81097571065041e-05,1.13116134125859e-05,3.54891790252313e-05,0.000132110597924057,0.00112275425158465,4.39351604961061e-05,0.00235972650531904,0.000380387799024669,0.00335762179594374,0.0026310838637596,0.00501109420084753,0.00131404534610635,0.00307099858238506,0.0025217591559083,0.00149419497649126,0.000692885200645762,0.000800869051724854,0.000205493176035232,0.000785085854656555,0.000375246182857703,0.00419735833942809,0.00238862121991236,0.000205694914630786,0.000299295282769137,0.00321210966413117,0.00075883135941888,0.00185088807119246,0.00114473975233916,0.00184927175312359,0.00142681640407858,0.000516740598212498,0.0025723800727104,0.00189826101216104,0.00286848579276523,0.00336115546424288,0.00446391570480913,0.000664157372438231,0.00243957092913111,0.00205371572460998,0.00199791159231606,0.00666696360836593,0.00109661960037827,0.0373497538223485,2.24799677492228e-05,0.00027680351478576,0.000705139664437488,4.5956374645743e-05
84.5,0.00640843117017834,0.00560157500995697,0.00110788529463992,0.00122835649163403,0.000457549409428139,0.000560372913559504,0.000241799169316306,0.000209448711974984,0.00431884318747838,0.00448257153027214,0.000119708982065834,0.00124690913759386,3.47959411627612e-05,0.00280604571315106,0.00334680895268798,8.0027991168424e-06,0.001275945048429,0.000162455489326745,0.000231730186452385,0.00140433980758797,0.000656264774794286,0.000347030566301843,0.000297459566376932,0.000680170987177203,0.000839442694227009,0.000247792022386844,0.000135679073472072,0.00262902542753765,0.000469249662910574,0.00898052446382213,0.00115476473485515,0.00143995182273835,0.000112058314202835,0.000898268664263702,9.76623699015096e-05,0.000418575647859189,0.00014745837902054,0.000249396394073508,0.00135866440156189,0.00327443593364684,0.00113985196803959,0.000663900974974178,0.000209834617981242,0.000234079444882364,0.000200867583888197,0.000964315868710336,0.000698099110702006,0.00333856481358114,0.000147306231359222,0.000674820498329076,0.000457347324837906,0.000531133207424858,0.000673075493710454,0.00536446007831324,0.00148840806804558,0.000862350107012448,0.00244829470050421,0.0128539976229584,0.00753254688445809,0.000634051978580296,0.034549404264565,0.00286683500587669,5.36099535881771e-05,4.19011808042922e-05,0.000396145420075529
84.75,0.00535103743647353,0.00497998256977035,0.000831753799698375,0.000433089031244146,0.000656767649319834,0.000830634859554036,0.000438548889217859,0.00100611681138564,0.00682811889593181,0.0153817716268235,0.00176894649571279,0.000751503103074877,9.35286811165854e-06,0.00677063810425702,0.000357782479572587,0.000159129355463132,0.00340214159049431,0.00165176031414798,2.50688560353581e-06,0.000273088183785302,0.000963970451301886,0.00153726552957473,0.000754700223768277,0.000648334036797168,0.00330170870979487,0.00068091610308194,0.000742974012534888,0.00679154188382035,0.00116384183812695,0.00222744359330675,0.00184512907282719,0.0053304128003726,0.00130099562926593,0.00015691675582074,0.000755338507874638,0.000912804417063749,0.00100042384466647,0.000428726699095078,0.000299677123679352,0.00148675571076625,0.00254352197720621,0.000286203113366827,0.000216618870016554,0.00101979156637888,0.000941237701018847,0.000635370351440587,0.000183771834665133,0.00042238678783537,0.00177143358501603,0.00465672675954795,0.00145484627182371,0.00123563446908995,0.00139868067958185,0.00248310622901275,0.000193226462652713,0.00146563500401409,0.000341178355207368,0.000534688796725092,0.00164108706767772,0.00237782125358483,0.0029231110992981,0.000300198208183196,0.00017151756334044,0.00347402212361852,0.00176036397209097
85,0.00167867031273256,0.00210520866090513,0.00397897179801322,7.67464227045316e-06,0.000206069513056684,0.000515716307613334,0.000274368749211088,0.00141548694382629,0.0066488924777934,0.000245559569105472,0.00155718226336571,0.00132624540610875,3.56196778526647e-05,0.000651508355950281,0.00423502515717821,0.000311230317032026,0.00101049551152406,0.00252241104332735,0.00282860248275179,0.000178917954040677,0.00310591485342564,0.00072059174552954,0.0003979786615755,0.00015294386496298,0.000272760320851799,0.000238872859614134,0.00145746052462253,0.00038516124032268,0.000336227956549893,0.00414450327304716,0.00392148795206842,0.000333674543278119,0.00200805775702074,0.0002318279083817,0.00170742740683262,6.95215420177129e-05,0.000763417556265251,0.000262185766972584,9.19473762027079e-06,9.20062536920049e-05,0.00207990503917904,3.54826814586229e-05,0.000304532507524446,0.000139659825391765,0.00336382566559872,0.000811748343228097,0.00219752248460328,8.64226443420739e-05,0.000625592399002599,0.00046605424580399,0.000473395366751156,0.000206426113661822,0.00109742351059394,0.00135958155981823,0.00091565779802954,0.000593483897394018,0.0027381457432865,0.0113136662538383,0.00156194038792355,0.00166902717879071,0.00357844298002569,0.00298288521065417,2.71670393370168e-05,0.00049977622510421,0.0024496505864783
85.25,0.00367269995319332,0.00292486139784565,0.00225104799650248,0.0017245081919801,0.00119852028131626,0.00364370392352416,0.00156687459352143,0.000234942976275082,0.0121204079917534,0.00446367297093575,0.0014850632546836,0.00347974240400576,0.000254207325943833,0.00370384510869512,0.00688503228723719,0.000587846460719418,0.000395821898615157,0.00117289480840036,0.0044606131683355,0.00224876953112393,0.0049134287339711,0.00147194684407445,0.000221774860213719,0.000527474223073092,0.000284900052708097,0.00350917583953872,0.00128968720829473,0.00337672471062149,0.00194320554182403,0.00326640890296376,0.00263571864225623,0.00249116452952025,0.00267048371070764,0.00068325857021329,0.00256017920096923,0.00158686655163407,0.00139298162043505,8.28668258763513e-05,0.000965544650141826,0.000283644626786008,0.00178330488263073,0.00697451937021214,0.000756816166875852,0.00103945939187386,0.00261582855872544,0.000173166599796362,0.000805253360554,0.00115728436276102,0.000410012971225273,0.00442145935322221,0.00490108783769418,0.000299211641904998,0.00121874095625778,0.0025100130067375,0.000609966253836877,0.00220546532301248,0.00559983085847865,0.00365027703946177,0.0202090765369236,0.00275964805081634,0.141308863629771,0.00199858093491182,0.000499219192112708,0.000318295581829345,0.00354627378483435
85.5,0.003849449221062,0.000472183554779105,0.00105335190214534,0.00110265632891829,6.58440542721995e-05,0.000197540925458657,0.000455478794090505,0.000294263621529706,0.000116103444336385,0.00550557816968909,0.00113268626273528,0.000657273872447224,0.00155293280921993,0.000449985490544364,0.00174000344659695,0.000732251080151445,0.000551151766967784,0.000441577787952122,5.72490048430681e-05,0.000268732202863415,0.000365021179189868,0.000516886968276912,0.000601944587283897,0.000457749656416108,0.000279894554117157,1.46906281241618e-05,0.000881528206530079,1.77954379588195e-05,0.00137234792402689,0.000484647731337904,0.00467412407351931,0.00226942153565806,0.0016040641915328,0.000201836321440834,0.000685334492643451,0.00013885211641214,0.00082723419994286,0.000165714012103285,0.00133731381482583,0.000143934472715278,0.000175969116526725,0.00175326904250492,0.000241495783446111,2.14328910750455e-05,9.95338732098848e-06,0.000574138104064845,0.000895564138984807,0.0015697281425889,0.000167676127174839,8.46969554650501e-05,0.00112523977860317,0.0004383640354588,0.0020323040979135,0.000244632024169612,0.00115075053742375,0.000295251937673864,0.00326961297978553,0.00759925818655289,0.00114401596752708,0.00169369969435296,0.0151780019412873,0.00104550459690691,1.01686312675952e-05,8.70075237925226e-05,6.40664375138284e-05
85.75,0.00909905429172034,0.00161199981511685,0.00261631355727177,0.000408818479394658,4.99153422121759e-05,0.00360093863035581,0.000183102091596447,0.00134156441634206,0.000143932229915978,0.000246387139514127,0.00925845162344408,0.000333793961290953,0.00340782357671211,0.00637289928883354,0.00218341918320688,0.000964410168343381,0.00179375540886449,0.000102253968639218,0.000684771104156168,0.00306838486624846,0.0001964591139998,0.00342072189870457,0.000550081253572159,0.00241017126421671,0.00229754841818716,0.00206520063405521,0.00192649295149209,0.0105626548366628,0.00471328638604604,0.000143402622284681,0.0050762343774979,0.00794244273245816,5.87783284518934e-05,0.000627381245150845,0.000551108582353415,0.00445127391695344,5.90636339303665e-05,0.000426696934870753,0.00273897533285427,0.00013381123625878,0.000205035474579177,0.00156975878157017,0.000171165117521553,0.00339005435253271,0.000953557420520932,0.000268868884828804,0.00447233370061402,0.000160907510266527,0.000802900318001621,0.00858717321657643,0.000480742365078185,0.00316506163505322,0.0135031706534659,0.000515005086674049,0.00602605512933197,0.00315202722876583,0.00439172058172154,0.00136128178310859,0.00308012769446363,0.000246210364793572,0.0111094963834609,0.000688291108911313,0.00271956123788762,6.08480262857892e-05,0.00126960789370241
86,0.00485074843987961,0.000922219881250145,0.00543549482399329,1.08883744247819e-05,2.00773989101932e-05,0.00108050214824161,0.000238323049930942,1.97820767881898e-05,0.000463489682817322,0.000393498621511931,0.00100439475978338,0.000326671975130943,0.00127292585500311,0.000343430774953977,0.000255267255209821,0.00462569699290284,0.000146485231076369,0.00110081820914176,0.00112890331909835,0.00059067998036142,0.00185649985064197,0.000952706412047292,8.67630937250965e-05,0.000417456634478302,0.000301656164671209,9.28418029542149e-06,2.58057872574235e-05,0.000223370114023208,0.00167458827357062,0.000618281998440641,0.000661110160385687,0.0010454229778353,0.00126451488646571,0.000555201561906097,0.000180561607606091,0.000790230157779237,0.000369351016087095,0.00141244532978993,0.00183306345925229,7.25915512245077e-06,0.000510382109800585,8.33227890854885e-05,0.000315503689668993,3.17749395602236e-05,0.00120402344637079,0.00116295724723922,0.00299777285851281,8.57363172055688e-05,0.000183224880737408,0.00022312698786321,0.000329158236019706,0.00173293241673239,0.00264865758271235,0.00027339989773819,0.000185791789419438,0.000778931964518489,5.34926915727891e-05,0.0312941827895183,0.000138910863900718,0.00244013114543407,0.00843508483466989,0.00747547318338242,0.0024609457005568,0.00184596990688425,0.00179074334384576
86.25,0.00282157190893588,0.00224726899588404,5.31192359784205e-05,0.0022134398168795,0.000211768896877516,0.00201344632814804,0.00407894880431724,0.0037464454893779,0.00186264749656699,0.000105556023525358,0.00289816183460732,0.00356982172854802,0.000401462468863449,0.00564895175327162,0.00627068350146474,0.00015396772741674,0.00124615367500113,0.000903180894764523,0.00107481230608431,0.00192822749087807,0.00116068039501069,0.00021831838081119,0.0013114225368482,0.000291584777878094,0.000534881701090585,0.00115087612764862,0.000813920983977934,0.00679964212628197,0.00116596983665152,0.00356015531852232,0.00142700807900315,0.00283283730728559,0.000324783979001074,0.000806037233518496,0.00144441695493516,0.000712920112230274,0.00119887359834734,0.00110958880733692,0.00142408419761925,0.0015942182387759,0.000973239055229158,0.00260646675390806,0.000294388869451436,0.00148925641919163,0.00419105308818462,0.00189657078522542,0.000702467754215463,0.0029126628304929,0.000664263380440292,0.00514526516478165,0.00302034141878436,0.000265493685136764,0.0049330057619578,0.0030013223106935,0.000207429773657229,0.00562798737810301,0.00301517199672513,0.0282402685387127,0.00439479387824752,0.000850070124785121,0.00994502110386313,0.00547051474920556,0.000957025602375292,0.00158215197655075,0.000892380070516788
86.5,0.00808782732887401,0.000277292939998647,0.000585542040212495,0.000189881311464638,8.5767963057976e-05,0.000587340047534331,0.000706567446921935,0.000982211847208134,0.00192168929137544,0.00932362833112588,0.0006136356091407,0.000180205446832183,0.00121862275880188,0.00157154243999854,0.00116729824642488,0.000441843125706773,0.00111794833212097,0.000520903726678155,9.78809204012629e-05,0.00128450974759892,0.000916920308609278,0.000416409188849,0.000745864909243531,0.000866522014536982,0.000294133285746028,0.000532365656147685,0.000379113338432401,0.00159922929741135,0.000467381555476951,0.000443376450875748,0.000165034409936604,0.00183651208881394,0.000532293453629353,0.000454596379535787,8.82548217103271e-05,8.72422687675728e-05,0.00018308965643584,0.000604252544558247,0.00195629495583183,8.85018772879959e-05,0.000208820933606197,0.000344183212936078,0.00109262244324735,0.000373086190243568,0.000855346117887987,0.0026020141398988,0.000325325815001021,0.000264983261488352,0.000927907274264451,0.0015158696242726,0.00104979154346081,0.00127000609762294,0.00150944926140919,1.56438380844964e-05,4.55305715107873e-05,2.44549410196323e-05,0.00420895538027998,0.00418375506276499,0.00423294835965408,0.00187842394051206,0.0667724595459128,0.000966289727422679,0.000222661265026428,0.00371747490188589,0.000600093087920556
86.75,0.00164945961717054,0.00126232395069579,0.000971980247271102,0.00106310417928335,0.000808336058762013,0.00113489476021306,0.000923501850662185,0.000849058058672126,0.030421002483207,0.00769374336182674,0.00310651123710363,0.000765062968670282,0.000274644674173496,0.00149862100592388,0.0162853975859128,0.00201253432698163,0.000128406027385478,0.000218992088158945,0.0004484688271605,0.000230126093816287,0.000835745931341018,0.00221336144308628,0.000384805110499858,0.0017646877261302,0.000280869649750184,0.000331262050707588,0.000134846555428626,0.00234375297481265,0.00552747993900885,0.00229611713433453,0.00177435791346404,0.00150038849150543,0.00212264835068421,0.00116415351964442,0.0015893144914869,0.00346938223520653,0.000313338502002142,0.000750376596187967,0.00153294739200105,0.000543149035150214,0.000784617237971854,0.00116807962997058,0.0010976444768988,0.000772989007378212,0.00674638715494881,5.51932433996515e-05,0.0013370333552884,0.000917363981236538,0.000761926435281435,0.00242106576008596,0.00152491138143124,0.000820342887843748,0.00691192641458596,0.000607959539941343,0.0017798265923444,0.00199957498987765,0.00663790647384195,0.0300078270672413,0.020414752633716,0.000643917338624926,0.176674970887168,0.00452046703277649,0.000605059915931663,0.00392949890724042,0.00129106637366083
87,0.0187529960071671,0.00171691847775813,0.00104141371311283,0.00202843846830331,0.000240098166159838,0.00522957732218108,0.00195867245478133,0.00279337519939111,0.0134998877206322,0.0014966191238996,0.00356371556756006,0.00102955834418818,0.00466710006873665,0.00962440528439645,0.0133857546944831,0.000231992984616136,0.000472083841416338,0.000356895926330807,0.000217321756298048,0.000181485879628336,0.000184532561028133,0.000359141614909604,9.20818002915852e-05,0.00368407045246951,0.000958612452344022,0.00114745624879518,0.00166844136757793,0.0150906135401896,0.00066926647789197,0.0058126199069531,0.00749819231244608,0.0107727939032231,0.000463382726578259,0.00206252555424213,0.000273216049942141,0.00102396330220709,0.000246209435634794,0.00208811985315378,7.16475862480822e-05,0.00107763226088573,0.000554667431505235,0.00247121917447008,6.68168541179262e-05,0.00499276145202529,0.00453456934912845,0.00069869093487581,0.00282743663435124,0.000845829185337089,0.000224525561708073,0.0113681117905239,0.00711804660066998,0.00610551514439476,0.00495273805095906,0.00245930194758893,0.000569101760407924,0.00467417794558569,0.0104097668873285,0.0126864734326247,0.0233577846001011,7.50786791952839e-05,0.129973043237688,0.00393960097199637,0.000712865708299768,0.000585833312666313,0.000685872446575765
87.25,0.00152235949993396,0.000268522449084524,0.000224562155513155,8.57751473588306e-05,0.000977653300143028,0.000184259258547067,0.00112457365580352,0.00193483511668869,0.00998769619112724,0.00042770341509751,0.00158733606926041,0.00150402867117799,0.0047584178096324,0.00277856676952634,0.00363227392116971,0.000831954926471841,0.000312297266827615,0.00144811651034054,0.0009274474699638,0.00158480554490426,0.000404924863191033,0.000484447251131468,0.000363830169132205,0.00161996153666934,4.86548388665611e-05,0.00401330335590203,0.00153019750044201,0.00395492769584767,0.00331029441841562,0.00151548287211542,0.00118999764909615,0.00350184668445329,0.00148641129804562,0.00038688257205048,5.33678508434394e-05,0.000240450102037908,0.000716802681331872,0.00160667037084441,0.000680689120384006,0.000330245236639124,0.000798896383387629,0.000297790446197167,0.000391765300836712,0.0018479501142445,0.00125409596176649,0.00091472113034666,7.47648415889352e-05,0.00109116010918301,0.000447820488928098,0.00386602860273173,0.00300237453648011,0.00201410408144315,0.000120869518983538,0.000426392384594624,0.00253941487583458,0.00553016697985849,0.0029707624392943,0.00275404653214153,0.00860303916749051,6.86965716975048e-05,0.0696915300657477,0.000704053876735973,0.000647906879904403,0.000548788603844285,0.000992873101137594
87.5,0.0067569874459666,0.00521549047441575,0.000165451910274001,0.00337957730996602,0.000415004145918543,0.00111290085926107,0.00113678283411629,0.000817406570887429,0.0245451125318834,0.0116881157428694,0.00330683371200589,0.0020760766166239,0.000524014114184915,0.00272520532756074,0.00937863314265986,0.000930117316955064,0.00267879666011513,0.00184912902259674,9.33920777431145e-05,0.000567133473477865,0.000976515830817169,0.000245503435014869,0.000733852497976431,0.000376089094919211,0.000813588152690662,0.00408122554973322,0.000663148127082793,0.00265643855736347,0.00237122506335669,0.0014697322111729,0.000969609415362882,0.000925511901844102,0.00232442031894402,0.00342386100628616,1.48046517349392e-05,7.51778721877952e-05,0.000403085090203435,0.00107438935876864,0.000700914749079683,0.00595508218203689,0.000103874544534633,0.00188383906668497,0.000545324640522659,0.000786657551456774,0.00215734504910379,0.00226954805269862,0.000715279680998254,0.0046603580837942,3.20142028079893e-05,0.00269686613170947,0.00510263710401658,0.00160816212661142,0.000972024714467846,0.0051778659763463,0.000484577100377689,0.00260295255364717,0.00232510489821357,0.00157279961463985,0.0162081622246524,0.00449004171782016,0.0789464056493853,0.00509908337146816,0.000432754779483338,0.00460120676189299,0.00147877925260013
87.75,8.12467969092255e-05,0.00451721886577797,0.00108332296006029,0.001003864289258,0.000693676531566372,0.00118771256266359,0.00172848088895652,0.000762437011725906,0.00491763911761614,0.00125706416587411,0.00365828186374967,0.0022479599479123,0.000698282870498473,0.000269083740988906,0.0017705812362225,0.000750179769394011,0.00089393000422182,0.00061776148502656,0.000527460512432993,0.000252392037755636,0.000632232542185236,0.000589072454599426,0.00333626820034037,0.0010955841316316,0.000269485999428787,0.000189016524248308,0.000388643763268142,0.000659536904008336,0.00228816017966808,0.000129633348138847,0.00102726346480008,0.000239026809824745,0.000772971539844011,2.56394921736282e-05,0.000944875692476044,0.000722305458858246,0.0018637881352724,0.000219053237097351,0.000925688924983333,0.000855655717220753,8.27823263045304e-05,0.00077142884681515,0.00150498464014379,0.000808065362558431,0.000803767537219175,9.70973251906137e-05,0.00193726388563098,0.0006876571514099,0.000549947892027702,0.000464788149470057,0.000379776395598016,0.000526167132048832,0.00457098247312989,0.00176397743508737,0.00148081880574706,0.000562217182799216,0.0050736221358284,5.79945715797083e-05,0.00401858837449598,0.00158986963213725,0.0780304132856215,0.00341961511573553,0.000205550512447043,2.07647084760415e-05,0.000908716666911157
88,0.00316427791143154,0.000781237617930212,1.49933271276446e-05,0.000114623190798136,6.59726481915729e-05,0.000970412093897015,0.000845492969664368,0.00144415594707187,0.00244693735464128,0.0025826955299935,0.000935743379751206,0.000689570728885744,0.00189709369294895,0.00491700779398272,0.00167883592866648,0.000259492790696716,0.000132964649264878,0.000653020110837466,0.000338621198956705,0.000462550658912726,1.15233648335466e-05,0.00150976148527703,1.69177230743711e-05,0.000220659702071336,0.0010024128608796,0.00358218054182402,0.00075122706961967,0.00417833612705046,0.00241867885135819,0.00368148534644981,0.000279489445851447,0.00323073876958962,0.000152554102208168,0.000909396730534596,0.00047718447740316,0.00114333929569816,0.000395447524490389,0.000928368376874368,0.000621402304662175,0.000983053293498597,0.000317156944275107,0.00241065732737865,5.35204786884712e-05,0.00113758001988643,0.000701823660552893,0.000623079992930686,0.000598439588208266,0.00311006342167864,0.00219107416460864,0.00380767042213064,0.00135120290075851,7.83678012312369e-05,0.00714330042218661,0.000786950472914154,0.00486761010925918,0.00135633732670714,0.000825377190034379,0.00586113893824578,0.00258133495220194,0.00037293410625108,0.00662398087851331,6.62918460199002e-05,0.00127028248984672,0.000770219664423981,0.000364559304405822
88.25,0.0144974418167376,0.00627078004655881,0.0010313705704376,0.00204482534262934,0.000265773142763299,0.000491415058719474,0.000188644754696703,0.00082257571215872,0.00115622303450547,0.00143427212874585,0.00226035205075394,0.00410713060777828,0.00212136194702303,0.000196068384450606,0.00155896085531136,8.23028975459872e-05,0.000846475210941739,0.00110824632155521,9.93888129607781e-05,0.000947809958193089,0.000194448150652966,3.98473248542783e-05,0.000130130660092787,0.00125536672761045,0.000178094293104239,0.000491696819384191,0.00219189702351948,0.00106701704109468,0.00495673320522127,0.00391831262951937,0.00781215577686006,3.44530795792479e-05,0.000150675545288824,0.00204899225166275,0.000260118033125558,7.50312314536752e-05,0.000584212439829801,0.000402664620194828,0.00479638498341298,0.00293053986000004,0.000117500212958625,0.00024364995694935,0.000597054664204483,0.00111753654761915,0.000578912926082617,0.000509373780621705,0.000234057379973242,0.00288813198642346,0.000338767514020322,0.000497027636881825,0.00153125633063566,0.00250809404591366,0.00108777204241145,0.00379711192547825,0.000342798247590233,0.000410003367655339,0.00239552254010169,0.00613328359674541,0.000986911094632981,0.000474390296968822,0.00789943066063707,0.000525796067398297,0.000324627474040524,0.000509337992837023,0.00022208990908688
88.5,0.00337371985723269,0.000822058455502934,0.00049283425957398,0.00103180618399776,7.22366207575044e-05,0.000410241954195073,0.000118937187865804,0.000331316967338555,0.00122564009517299,0.000932873301566519,0.00290093454382004,0.000197012676766141,0.00108773024454862,0.00166038512569198,0.00321308496521032,0.000498747734025898,0.00180132432832773,0.000917658314366091,5.33548602126956e-05,0.00168019982935376,0.000683224027802879,0.000162931136607704,0.000789009941021591,0.000885133450280972,0.00010958977754209,0.000687793709336499,0.00273765442326346,0.0030902987331721,0.00197562008891817,0.000439168920340177,0.010580318112918,0.00140328481942428,0.00209329917281667,0.00159727132110087,0.000532851727558908,0.000306585754932078,0.000479286388359982,0.000844734536302303,0.00481744058822505,0.000561286389489078,2.8358253362557e-05,9.37310440059503e-05,0.000172002235526169,0.000246660769841139,0.000340143434005578,0.000165992695922413,0.000924368486558061,0.00139533305267261,0.00233630191207305,0.00147142679794078,0.000925429941168466,0.000267225679538683,0.000162742689270861,0.0011481448529593,6.76898253176333e-05,0.00127118467265884,0.00545851975272061,0.00494572570447624,0.00118838433561063,0.00117931596634332,0.0453481434086809,0.00112429708169909,0.000442805056452499,0.000926128024590736,5.44850689279659e-05
88.75,0.00359575468382363,0.007028823518884,0.00044488454845348,0.00245714175976687,0.00050530081788597,0.00582521140510238,0.00260612713612488,0.00175975458045684,0.0146738681971091,0.00310763713778147,0.000826767453618146,0.00719182463702843,0.00109785430118805,0.0180383472751927,0.0240339613864937,0.00207221588715386,0.00258338260640366,8.39559543447231e-05,0.00069091995948337,0.000320974168984169,5.19221606729702e-05,0.000215054455625898,0.000421496239077319,0.000759589926825047,0.000807650794463537,0.00387309638757555,0.00309465833154474,0.006437958639114,0.00302109754345991,0.0122183674333207,0.0171016841599313,0.0105728092861316,0.00033366592649561,0.00101109421214879,9.09181003186617e-05,0.000777694378632746,0.000993406299729727,0.000176480122347116,0.00130935210498382,0.00480336846783072,0.000373539678670805,0.00181737446399955,0.00157289628922717,0.000337797461561121,0.00326018830643911,2.31139771872276e-05,0.000154973847483553,0.00752563156768061,0.00197102916550421,0.00603189020006819,0.0121882075300568,0.00124922499056895,0.000203536823112067,0.00806470624959955,0.000855116524100733,0.00728949594412869,0.0118205775371598,0.0168224676988453,0.023353935744239,0.000138199194415216,0.117550380424384,7.74468459808857e-05,4.85637255607092e-05,0.000607752317326207,0.000110131084453489
89,0.00367998103890332,0.00102015337041098,0.000670003477635616,0.000152747114157028,3.08934635344909e-05,4.12559317863564e-05,0.000263447521760882,0.000124166315394163,0.00108081447065752,0.00187101107742914,0.00501323673415605,0.000244112216250957,0.000219479492513003,0.000211543092166343,0.00143688302910603,0.00241780038741886,0.000119732867862606,0.000724998979021135,8.6829288308379e-05,9.40592086444854e-05,0.000183745704331808,0.00033707570669646,8.05277016902448e-05,0.000180943561664416,0.000516398659927421,0.000527922886065971,0.00102238229150413,8.48853485897438e-05,0.000413373981847005,0.000294598448536427,0.000386900850209011,0.000110799355981156,0.000437436643001299,1.39605077557545e-05,1.35520326600085e-05,0.00120890557041286,0.000242298887532388,1.53267122437055e-05,0.000870600056916124,0.000130314981543895,0.000402974563116593,0.000772550186263362,6.85001034579046e-05,6.9836960137042e-06,0.000358941214500298,0.000918738652128842,0.000189534080358662,2.91916056452028e-05,0.000425898132677834,0.000347031631202526,0.000664409319254942,0.000838485399555173,0.00352552845234962,1.67788451500213e-05,0.000597646307937424,0.00173234902086142,0.000141187724822708,0.00317207004384876,0.000159871007139071,0.000602465364634302,0.00542909888809523,0.00192187172672842,7.81127409276228e-06,0.000279700732469453,0.000110059763700782
89.25,0.00486630746638727,0.00600948235235703,0.00337236680772001,0.00299234078971631,0.00103476809589643,0.0011454859850606,0.000594332458452326,0.00197714386928578,0.000277190815334435,0.00861562754402381,0.00652278749554714,0.00313886323752866,0.000831477861401226,0.00120597997530504,0.00394483553941126,0.00513669976225278,0.000113635877977867,0.000193326761293444,0.000106125644603491,0.000138213073460863,0.000291324562181859,0.000282646270052161,0.00113365095587831,0.000319026334994783,0.00154616575484299,0.0030556047659388,0.00156741005776363,0.00108453842097085,0.00525118432140506,0.0018473484637453,0.00408048256393474,2.97030690174077e-05,0.000138791638794459,0.000878844661582247,0.000290019001783279,0.000103674683670725,0.000679050680201297,0.000974671674878499,0.00129417210958022,0.00136598537594334,0.00102029543917457,0.00192620428583028,0.0023912534066687,2.80695330141765e-05,0.000111522447485519,0.00368985820171336,0.00643963147004312,0.00119160599611983,0.000161382936952102,0.000919523508092082,0.00199737867485467,0.00415005111611771,0.00523360055113095,0.00298825255531991,0.00338132003141951,0.000735331868088707,0.0034420402897869,0.0169570376035152,0.00207412666536309,0.00657536813232988,0.0169711921763792,0.00703208886581675,5.60800182581909e-06,0.00114127859425527,3.56782348115126e-05
89.5,0.00216932801220391,0.00162035816013313,0.000136080455973949,0.000753381106247265,0.000521398603883437,0.000537916400401675,0.000462136272375778,0.00228836459677213,0.0107302050347771,0.00195103420887629,0.00132828215699215,0.00205067736125723,0.000538780070043989,0.00247814449766006,0.0114369023610879,0.000546320161209072,0.000444144020527938,0.000574943397086702,0.000437057086046033,0.000113297878645754,0.000316629899499565,0.000853193791941259,0.000754966574390745,0.00213579871632173,0.000371548327443917,0.00178392676824291,0.00111954522106231,0.000691623176882594,0.000230576552780859,0.00392499246631551,0.00290723808051569,0.000801993564520192,0.000330172613985432,0.0004046804300137,0.00119153631276322,0.0011233446670881,0.000190412862232914,0.00079512094385817,0.00215112651356325,9.65261645901358e-05,0.000244343739833086,0.00126399538868039,0.00104325162750479,7.30433591567677e-05,0.00120540290272356,0.000859407930339651,0.000224714909666789,0.000313172340757279,0.00050139098705727,0.000411752565452842,0.00260183477806905,0.00080584593818174,0.000528954773645329,0.00128900611089188,5.8918446107379e-05,0.00214698094929484,0.0062206072635458,0.0139528523623109,0.0100160111422173,0.0004985152490667,0.0937804550574121,0.000557837770994516,0.000572716915127661,0.000733889792855286,0.00110622218726041
89.75,0.00366953079672544,0.0113756385308654,0.000111513590348727,0.00296877125338426,0.000527943149971946,0.000673316429967733,0.00118382717008579,0.00021059399637399,0.00751157992342298,0.00162520981708387,0.00026753561573592,0.00310728595389554,0.000833069129089947,0.000676900106515185,0.00398904925405745,0.00056736321772656,0.00269873520107053,0.000317725650955591,0.000108737572914057,0.00112901553232817,0.000134450846961765,0.000790237384798237,0.00056917157215156,0.000441355636621936,0.00226866421329253,0.000523180710055902,0.000509673264980488,0.00258672154952639,0.000356701174853218,0.00663990762676614,0.000114328928874164,0.00272645804729715,0.000337839064537133,0.00190167572377159,0.000222888590452679,0.000318953107405413,0.00145439080366281,0.000614015705716741,0.000671453725049306,0.00488590124143508,2.50164189795667e-05,0.00179035352834739,0.00204722924899408,0.000528837596559322,0.00368722977342057,0.000350983384507262,0.000108226209709939,0.00177165385425275,0.00300112461026831,0.000403115907301483,0.00059078415136644,0.00111753094643041,0.00106406791907998,0.00817333133569466,0.00114466722895862,0.00298865135191014,0.00118577712394715,0.00434115665668825,0.00491328389972084,0.000563500116375938,0.02092527096368,0.000553587057125244,0.000471855266826836,0.00101797189995654,0.000568172799312304
90,0.00226059577880839,0.00205428189444109,0.000289386129968492,0.000152515237760655,0.00129762997309022,0.000716541337028622,0.00159614491796304,8.29171234045754e-05,0.00855217560352338,0.000677580199062071,0.0014826533875893,0.00658743817277857,0.0012358017794822,0.00642944676488503,0.0118697491333279,0.00158171926358448,0.000284820117860044,0.000127151495991202,0.00227268346356965,0.00263406199057108,0.000188360061895261,0.00055414967940459,0.000974639992133929,0.000811803816832537,0.000712517183887933,0.00188409825759594,0.00150746001876931,0.00340762226553407,0.000342262419620944,0.00294810533128858,0.00523405265901032,0.00159504054502607,0.000381958324938263,0.00135078754914167,0.000744613844065936,0.00135909886543752,0.00107222491487079,0.00121438594057425,0.000593447603749625,0.00153127971215425,0.000800919246082636,0.000819321292694666,0.00143165904099688,0.00039488316764992,0.00143935565159654,0.000327152190761456,0.000577160174449457,0.00540615062862076,0.00147308477058466,0.0020434628362863,0.00596510309940629,0.000558953569805671,0.000403848948404796,0.00238359824022881,0.000674243235981103,0.00219405997158212,0.00571170052158959,0.0110744157215927,0.0131918542452994,0.000935359908012536,0.113719605519836,0.000439016991478588,0.00111040437959107,9.23228451599671e-05,1.11957064057591e-05
90.25,0.000775962204441707,0.0005369116525875,0.000531352366271479,0.000637259687879764,0.000669886174772215,0.00381865601909192,0.000370816738495565,0.000475709997364279,0.00191930733076607,0.00355145747821117,0.00269688958046519,0.000491285765915106,0.00367565271057705,0.00514589554986235,0.00286312656809743,0.000767638697496379,0.00207212734528032,0.000181994715549151,0.000510482339268447,8.21788617328785e-05,0.000126990852490581,0.0005698188160549,0.00014189853291865,3.70435750915292e-05,0.00363420334268667,0.00135256513729267,0.00336194080332535,0.00538622811225296,0.00297486842865092,0.000642466684783103,0.00282050057234305,0.00581082529454698,6.15819116560141e-05,0.00149105217497575,0.000119843965701003,0.000615539473032195,8.73640448695237e-05,0.000691419958200948,0.00143021121914892,0.00228849281580657,0.00285503380127066,0.000811976838342517,0.000203629174692384,0.00254623918237998,0.00156282652713692,0.000841456419586895,0.00396672065739652,0.00268345809664938,0.00216869428097442,0.0043942889674575,0.0023575884795525,0.000867676090367138,0.0049465078952645,0.000564039923481989,0.00482746535898151,0.00107161244638548,0.00457679068154004,0.00343247846326912,0.000693929017987611,0.000257458473961093,0.0157541039614798,0.000259592356311717,0.000399588740575064,0.000441809453323864,0.000454951766547574
90.5,0.00211062075830603,0.001614857023419,0.00189337279872754,0.00023346849840572,0.000504184782958383,0.000285358894749767,0.00201770281810003,0.000322563884414023,0.0039140134622374,0.000244416890833718,0.00585109492816136,0.00264128367077151,4.24878772060095e-05,1.86289705848079e-05,0.00274660610466737,0.000266401818301379,9.74604611418657e-05,0.000267662620181429,0.000607241680450119,0.000841548295685647,0.0006412249007593,0.000227781845334588,0.000731502717406406,0.000139298687801357,0.00630874574060376,0.000829460084719483,0.000457362397453855,0.00044076530990078,0.000453979747959518,0.00519049717033639,0.00072437829969853,0.000135715577452542,0.000796463405689723,0.000372582368383026,0.000276936484837771,0.00015375836813725,0.000953137690619868,0.000602668302191241,0.00136004552476608,0.000400160409983754,0.000299575158991676,1.42992074164201e-05,0.00178619120288329,0.000555299478166403,0.00374153408534324,0.00055529689161147,0.00455572926495204,0.00160865639796003,0.000727206102700631,3.67143090865162e-06,0.00203372878314078,0.00058319764044512,0.00471639393719692,0.00187876891730989,0.000991499630673383,0.000925442198373803,0.000694736000541108,0.00452430503853216,0.0121570333902312,2.94003805972889e-05,0.0380588252003797,0.000220202059119511,0.000179835507996728,0.00242894730546783,0.000192720762380428
90.75,0.00297604414291899,0.00815179599485911,0.000170903585565554,0.00533960131128038,8.75201813240092e-06,0.000912879466433481,0.000582350812060873,0.000433443186254649,0.0152449679672024,0.0110460596569758,0.000729795003907657,0.00408253050330117,0.00146080020150915,0.00173534575964744,0.00344434942793205,1.59169399421844e-05,0.00152003823531096,0.00124856692336883,0.000932274542259415,0.00172382434147052,0.00023573162815818,0.001217640016724,0.000737730776045646,6.57306333580502e-05,0.000684526802152275,0.00114142861612858,0.000300760995203604,0.000223061753408733,0.000933983683586597,0.00369831219978371,0.000195395995657269,0.00241661279363101,0.00137015831857228,0.00313434753053296,0.000351108265882457,7.76332688677622e-05,0.00150077178734118,0.00121215583126028,0.000960961700643233,0.00438440646191089,0.000713652376735422,0.0036211296846688,0.000366418999870844,0.000154475114445197,0.00272847218982371,0.00442348986743121,0.000118683450090369,0.00479161262373779,4.40869624801323e-05,0.000829393485550979,0.00269395742766888,0.000519568045003544,0.00440728401215906,0.00570876992618595,0.00125842177306038,0.00368351757754135,0.00142939988123501,0.00770339240483843,0.0126505387037595,0.00107653513983849,0.0454847840732937,0.00195767239287732,0.000349798052874325,0.00314012648246027,0.00175187293660338
91,0.000209505542479541,0.000706390695040417,0.00115864523580003,0.000390582549281693,8.6114250514563e-05,0.00212845429941724,8.6669580963485e-05,0.000580445108498005,0.0115697303822336,0.00733487715095304,0.000308504393378071,0.00071801842976777,0.000743503471767223,0.00286753990088965,0.00612436193879709,0.00050740938873169,0.000563033051763977,0.000437154955083723,2.93880891182281e-05,0.000649137024221206,0.000204082695364264,0.000270376239872858,0.00134464349446585,5.46527747294933e-05,0.000580237882946259,0.00578560506538377,0.000859020191747987,0.00338660910143996,0.00282717075323401,0.00137347074622793,0.0050873126268957,0.00416341581769124,0.000152169095524082,0.000102567802480168,0.00011412739050394,0.00156502141452519,0.000648341633798971,0.00057502503521998,0.000159825881320497,0.000265373026427812,5.64357950077262e-05,0.00055868577504996,0.00184690256905958,0.00139506602903888,0.000187895282466001,0.00100743632722723,0.000899689580703511,4.30225422213382e-05,0.0003512285260596,0.00382789899648775,0.00134892979891512,0.000813631082728061,0.000189717975100346,0.000715648907522623,0.000982489534945658,0.00200689296319619,0.00229033849175483,0.000804798695005905,0.00605718196261109,0.0011702054898843,0.0513108566717057,0.00298131863866292,0.000157349374158891,0.000356994024768529,5.44098184884648e-05
91.25,0.00339829573399956,0.00534091792253586,0.00484376871358551,0.00423123056842614,0.0003093850547216,0.00170560174366296,0.00204214462078875,2.88384055825e-05,0.0211609052432992,0.00861064953001438,0.00211022462946915,0.0026913245910978,0.00167563957657174,0.00552272487140474,0.0110724040791498,9.09662122067731e-05,0.00284457563240975,0.00250916149050682,0.0027070882351676,0.000813176920729347,0.000672900589098837,0.00235552384896427,0.000251999309204509,0.00033684536918418,0.000306633112811204,0.00248449511272929,0.0018447771363258,0.00478778798928903,0.000735204152954638,0.00220415506893529,0.00730767770897485,0.00388976076065058,0.00379427644105015,0.00362299555510743,0.000757675349903697,0.00153035238788956,0.000766931374503683,0.000609674014456312,0.00101946273364913,0.00389624526961006,0.000660977587177879,0.00385982727338138,0.000562968133360869,0.000583108817637653,0.00488323530462306,0.00255043479841721,0.0033051227469666,0.00187142468895774,0.000695349602457898,0.00345983719677994,0.00653262665932001,9.70464180500658e-05,0.00211876005981112,0.00473044498121957,0.000186154737880742,0.00133151134442455,0.0106808980417338,0.00232319529323624,0.016427976765114,0.000914747718272921,0.118699204745749,0.00197484879752707,0.000440889624228935,0.00303316062824978,0.00262223207871601
91.5,0.0288550869340015,0.000197660307000252,0.00147496234446918,0.00203106699301771,0.000571674853044581,0.00125050478483551,0.000615848338646689,0.000159756793167291,0.0134790102348175,0.00147147113959112,0.000174160001077529,0.000713536957121388,8.77763784309549e-05,0.000610236487827662,0.00682119850439045,0.000398006990249486,0.00237242198649916,0.00163863209706721,0.00180064369877949,0.000294836829036277,0.000305105634229941,0.00242166633200211,0.00102751019567846,0.000559866814187418,0.00131018430356236,0.000189218964481894,1.02990411437692e-05,0.00087435438354759,0.00517064502327854,0.00142512412624703,0.00220637749092148,0.00159598511269864,0.00197837156833703,0.00261420002581882,0.000698098296356655,0.00166799464644254,0.000233705535471132,0.000185311600981784,0.00456561227710115,0.000836867241924298,0.000733002717520085,0.00226950332340602,0.000195013794882332,0.000442679046661537,0.0035402317989012,0.000934997628609564,0.0012081070240469,0.000472069167621294,0.000491697523077746,0.00053557282515734,0.00245685509037409,0.000520545272659041,0.00302762731358541,0.000184473343219182,6.96350247348218e-05,0.000384610233910249,0.00343176277079411,0.00355574669198947,0.0139473001550996,0.00132242542555252,0.0697096743798173,0.00397534348259292,0.00104744188020776,0.000667041314690038,0.00265236357039014
91.75,0.00200840476030647,0.00022575438872165,0.00190299554086978,0.00100417880862879,9.57282658339671e-05,0.000613461673375487,0.0006821541445139,0.000204377285611588,0.000978044794958354,0.00325263818985411,0.000749232532520315,0.000145544786137637,0.000408723077966685,0.00150182819449478,0.00257355838938678,0.000575703894421847,0.000823858159442732,0.000858609264118299,0.000741810222343407,0.000664814993118233,3.89266208042416e-05,0.00105747386910394,0.000161542146526469,0.000552452052331806,0.000424853064388724,0.000210240060084055,0.000501705967454039,0.00236049156275933,0.000103173445133942,0.00111513140586981,0.00106240421560966,0.000340533515218516,4.92499296567644e-05,0.000642010143075801,0.000504313170795745,0.000726067060904933,1.7770007389563e-05,3.59748223997558e-05,0.00302545826811933,0.00010405670913933,0.000320577454886978,0.00132280107619116,0.00028333914895307,4.14622846600375e-05,0.000630102110867741,0.00136409012201656,0.00080902633045765,0.000929241037240934,0.00161063753209688,0.000893599467110812,0.000793142619413898,0.000535469415797524,0.00032648289936371,0.000299179174737474,0.00048274702679014,0.00133187788212862,0.00352864893274322,0.00908529592338932,0.00629500524348747,0.00288532561694539,0.0522264207461519,0.00240311941641992,0.000242144919389765,0.000289403089533474,0.0005230521669283
92,0.00212271605448808,0.000392825289437028,0.000163020453321524,0.00241002887776191,0.000243331714799945,0.00204050527841695,0.00147870889125792,0.000111023027523745,0.00726830076721062,0.00843281190747648,0.00420515051784804,0.000640091056762925,0.000972792341359599,0.0044025855560751,0.00316917856443032,0.000466160040849048,0.0008153880257543,0.00217090333591951,2.03921955211494e-05,0.000117588957261845,0.000332555293371367,0.000163586978650894,0.00133692988642744,0.000525426820445943,0.000322438750039354,0.00138215288399052,0.00048315820592935,0.0023889845143575,0.00101229369859302,9.12038895738448e-05,0.00142367810236605,0.00201241003564804,0.00050287739515519,0.00171253796804882,5.00249916820082e-05,0.000722234274234851,0.00182423284772956,0.000894324118051643,0.00483034269561304,0.000972434188506477,0.000276939483688368,0.00154929667008364,0.00037100772034394,0.000195108910132534,0.00198133234312113,0.00166986605646715,0.000854906143634209,0.00135683855160879,1.26605019264459e-06,0.00384558231086753,0.00268155326184687,0.000349741624180181,0.00338456827335963,0.000448435065265772,0.00162358101265515,0.00435356574153196,0.00154725419235352,0.000692466108309583,0.00214331195244672,0.00146065211155767,0.0176068469919551,0.00153797217481842,0.000467396056650787,0.00153022180211595,0.000682580532637189
92.25,0.00474253702936438,0.000582475058303054,0.00228905924835305,0.000383514039494956,0.000785859584205866,0.000478277426861915,0.000149241392060943,0.000813986281305968,0.00127077239664466,0.00497182248445337,0.00137316972454022,7.09365494162996e-05,0.00439069664380392,0.000607652773935285,0.0023174131706106,0.000573217259266817,0.00026775402616381,0.000179011181285308,0.000358572687712952,0.0005746746599479,0.000511329817473254,0.000491975453083721,4.75776722263751e-05,0.000820854993618738,0.00243414755672544,0.00032060437692552,0.000183235636467447,0.00214271439770784,0.00118249734649624,0.00013120277320538,0.00177439083827463,0.00276638934052131,1.26048814663815e-05,0.000105550827880502,0.000699668433850361,0.000226943872632247,0.000167355353120683,0.000732704938956776,0.000757253862044548,0.000140074688234597,0.00187969335683024,0.000320988548664456,0.000919740247818303,0.00148188603694373,0.00042831945909689,0.00262035258025276,0.00314617137336804,0.000763049069225379,0.0025422195779505,0.0022910613956579,0.000621409867220754,0.00341815192036985,0.00293640288647393,0.000419214962571923,0.00364276727683212,0.00193842035889032,0.00628934632394795,0.00142982708978744,0.00120837710234535,0.00272503234202301,0.036561696469658,0.000933037517546201,9.13417507853462e-05,0.00112829421943778,2.78584454971197e-05
92.5,0.0034194821504486,0.00258345742264023,7.44957763505063e-05,0.000964755999481435,0.000202767666957498,0.00132120798247072,0.000675888831951895,0.000973561716728611,0.000892195715070934,0.000267110606479376,0.000165969103954963,0.00182978776439924,0.00280025796766258,0.000990416260171999,0.0042414231603039,0.000538947571929083,0.000793289633471582,0.000734651368198685,0.000678160431226646,0.000185707018403116,0.000890710004805576,0.000651147528647041,0.000211471658424583,7.65017948117476e-05,0.000822306864484942,0.0012942019029424,0.00168143242825527,0.000515281545000712,0.00497458122767797,0.00505500901446853,0.00213926477533066,0.00078138507220467,0.000170388302465182,0.00107044417929264,0.000209448471953562,0.000368250800002884,0.000262208227307766,0.000194154198577981,0.000265209141265055,0.00275759932229294,0.00046501879695303,0.000359408024136416,0.000173619538004789,3.77252630815827e-05,0.00188060724425026,0.000160082091503283,0.00019276136153302,0.00406392162495014,0.00147501303228863,0.000335730706238489,0.000782187984269183,0.000314224678509155,0.00159818440930995,0.00306119746071325,0.0015138257971111,0.00096443784489009,0.00658844776064484,0.00222167014542013,0.00264547942859887,2.83255755264393e-05,0.0243368698546038,0.000291750129506496,0.000314280136554926,0.000290353359930937,0.000841563796125043
92.75,0.0121899421544361,0.00707239507434086,0.00103355797634266,0.00192437705921863,0.00048600023175115,0.00018218340856911,0.00156620758740555,8.91555536900219e-05,0.0217954804904565,0.00115668040870766,0.0047524166870476,0.00547425874257003,0.000253329504188945,0.00143948300081511,0.0154600178644675,0.00162566555812306,0.00329456246070209,0.00154844433382971,0.000944776321098226,0.00104552471665568,0.00106875122201512,0.000788453542954974,0.000717373775150883,6.46140888537412e-05,0.000967728330501221,0.000972876256292847,0.00181648450517461,0.00109285498045414,0.000991083362314165,0.0100709019552316,0.00683631521284358,0.00234212338355609,0.000266742703622141,0.00140350515413069,0.000845595312958268,0.00031156288222285,0.000480527152282042,2.88705613309153e-05,0.0036243887348938,0.0030197403720352,0.00033573538110535,0.00191238858209307,0.000198630832303562,6.25366450893927e-05,0.00203057802053635,0.000415964321681865,0.00201123253349443,0.00319668596398588,5.77431072014762e-05,0.000421631687266529,0.00408084087684508,4.05982371508367e-05,0.00392948322849914,0.0058559405601913,0.00192460791225986,0.00162071738727948,0.0110212122193827,0.00120357630661387,0.0162948291803818,0.000209531296021713,0.114662488958207,0.00116767087647449,0.000253671815992732,0.000242850270114183,0.00123980917875729
93,0.00750262547972259,0.0070523676817652,0.000196461670457586,0.00221163848615284,0.000510294623985378,0.00421007718196658,0.00339884898826802,0.000964771766784361,0.00638280225605533,0.00023414458867922,0.0039434536127116,0.0124040485042104,0.00644910267446802,0.014050553590284,0.013053963932243,0.00155407409995309,0.000263967007349726,0.00100009952807927,0.00129158312592854,0.00036905233882301,0.00191179319578224,0.00268239528574314,0.000697316017305403,0.00124246873716026,0.00237800057709093,0.00330398042681923,0.00428229622107267,0.00992218465526814,0.00556485517121749,0.0113043996847081,0.00945227274044751,0.00834951959062764,0.0010759614128164,0.00193208037348011,0.000363586918838481,0.00125803293215311,0.0008436733928647,0.000491285241270983,0.00343091332092334,0.0016557647986043,3.92177905755187e-05,0.00333283848915916,0.000963543342081673,0.00225658357305298,0.00346731623296933,0.000601780897069592,0.0009000440348313,0.00475845487209651,0.00425222377534132,0.00925927292454505,0.00561071868742407,0.00265428944095543,0.0059315465673456,0.00515510511799919,0.00462147287759049,0.00986630314124267,0.0119417667842759,0.00421568421749173,0.0129891433666892,0.000383132471072365,0.0457987001602117,0.000269375292989543,6.91535891194659e-05,0.000463869559775653,0.00311342842894721
93.25,0.00854176180866819,0.00257784544391456,0.00512408322490069,0.00249046566214542,0.000525159246254691,0.00185744199307873,0.00148703833704995,0.0014259604900435,0.0179979889442421,0.00604710446152416,0.00189035321008398,0.00094854695490444,0.000514121576279515,0.00232103467887705,0.0135411177015106,0.00218133371929891,0.00552543985762115,0.00399355031050732,0.000708736042203821,0.000322689042191712,0.000858374367577584,0.00275858232902118,0.000281721888525768,0.000866537647394517,0.00248381342143284,0.00136455013924741,0.00104532631333125,0.00309987214737336,0.00124263265609134,0.00347773709674975,0.000914978395592661,0.00338722046992963,0.00620017931502338,0.00581921008835871,0.00034597523900983,0.00115666120195455,0.000586486682417859,0.000154942538135853,0.00152325839260102,0.00382027103311394,0.00358950508439845,0.000955174115014791,0.000814614431468237,0.00112141747990319,0.00323168480496665,0.000303820090167577,0.00421504893189327,0.000763069481949885,0.000658279114115367,0.00165055260107731,0.00368512336986989,0.00288416396148884,0.00840691507350686,0.00199284724083969,0.00095624061543434,0.00204700197833731,0.0101261677397985,0.00414307506920384,0.0191160301796067,0.00241629158177115,0.159659393447328,0.00974269997051914,0.000214328530364905,0.00148377766335794,0.00287767211962089
93.5,0.0124928607793752,0.00181014000752854,0.00450855454882527,0.00165609521226675,0.000636169866549422,0.000358165837968028,0.000260988846135339,0.00210491429019446,0.00184921330237232,0.00382581412872993,0.004145574895423,0.0019942215596399,5.78035474472505e-05,0.00433596956421915,0.000109135941411057,0.00250851611073062,2.09708499493614e-05,0.00136115643750561,0.00107256084711401,0.000550720095686284,0.00126542713847618,0.000153637677495232,7.74654547140424e-05,0.00319337526257543,0.000649560207138223,1.93763305430076e-05,0.000176670004113714,0.00529432419314832,0.00162945556683855,0.000127493568959725,0.000321821823185603,0.00195199840716997,0.0018967882403593,0.0012611242982797,0.000171717275619826,0.00112350471979342,0.000240689498760693,0.00145319549288609,0.00200419248454285,0.000696330329299038,0.00118499604693226,0.000264003389777936,0.000838446097117831,0.0004923922636582,0.000121393480183792,0.000792419935128411,0.00424974355243817,0.000500690896684818,0.000863921825227413,0.0014348459651332,0.00052517521557608,0.00274476665102727,0.00654251860414573,0.00108577059448378,0.0020013349118035,0.000672243261335144,9.16061930106518e-06,0.00620815839741521,0.000133990899890594,0.00171899254640587,0.00716835420387031,0.00263983960854183,6.01188121024386e-05,0.00271012230492631,0.000326065268589092
93.75,0.001128518440535,0.00192112016009293,0.00142262008976208,0.000488019780051726,0.000757405351023131,0.000638521966183076,7.49504165987843e-06,0.00135703855019082,0.00339887817451115,0.00634420304853032,0.000563825574226039,0.00119326652148625,0.000408060929122871,0.00440358349117953,0.00166258273997101,0.00111083989403589,0.00047756977186394,0.00128353014151611,0.00106928656048047,0.000503369195975041,0.00267229552960199,0.000480001835623119,0.000541883313231942,0.000449437172286348,0.000529565790112554,0.000353103636781412,0.000465440065396696,0.00126026761667259,0.00190841923391318,0.000254395722485069,0.00160871284208276,0.000942775844730355,0.00102104317809728,0.000365144316400691,0.000215370063997742,0.000606582714870495,0.00152343043885029,0.000536757380395547,0.000395045920215176,0.00022213090478151,0.000887073532361478,0.000973438465519548,0.000203243948779349,0.000419998432143385,0.000755726337419516,0.000514258799775468,0.000416362291943999,0.000781978554198068,9.54737476205937e-05,0.00110959536806785,0.00130897268278235,0.00136246359086561,0.000403132840779229,0.00083886619867415,0.00128086350981981,0.00122726034455643,0.00325341983075587,0.00365068696170445,0.00391127929596036,0.00113887235340385,0.0391825275296517,0.00095681577305862,0.00134132210993401,6.05295665069611e-05,0.00135091310182366
94,4.92194848211294e-05,0.00241434082768836,0.000772259977444186,0.00044581416845388,0.000676723753953789,0.00148519889316544,0.000442065433424776,0.000488748741293709,0.00219585143919359,0.00452535813528301,0.00020676637382817,0.00167392539817679,1.5367087190822e-05,0.00493910291244301,0.00277366542243155,0.000340469771748441,0.00114236297431472,0.000704208080770407,0.000932504751329462,0.00131415880939166,0.000206186359053991,0.00139324415425584,0.000394920013096331,0.000618434054354603,0.00260506978679023,0.00180916102212827,0.000537734420219115,0.001652725943557,0.000834699678667046,0.000700081455316082,0.00351298369938015,0.00374361889564168,0.000587771420980037,0.000610725899095763,0.000964522206096816,0.0016852436345999,0.000943386057474939,0.000319844255342,0.000145204929805235,0.00163567606629422,0.00074753884925121,0.000808372612751663,0.000726712671916147,0.00052872067351191,0.0010393346602192,0.000465231935473053,0.000927308265975345,0.00262859078167865,0.00118056684086662,0.00291878348910117,0.00211951481403724,0.000817337872671646,0.000316682264529387,0.00153230525558389,5.07995506446632e-05,0.000961533157892665,0.00515578486346355,0.0111753477426971,0.00166758772151974,0.00163676232155646,0.0081459596910021,0.00312507470793114,0.000558380205543329,0.00294198805499431,0.000610804632386558
94.25,0.00539241940018314,0.00338954796585923,4.76187331617084e-05,0.00226775526400038,0.000722278406371618,2.08067067182044e-05,0.000322758211989677,0.00169434692299653,0.0042505536980181,0.00286388574990022,0.00182762705877643,0.00241989560318216,0.000838882655704035,0.00090259447283516,0.00141729769098359,0.00175963126026839,0.00108487709029102,0.000105169084584594,0.000700226033382206,4.13455796735675e-05,0.000824173787743656,9.82646783663021e-05,0.00073781126886595,0.000467819408222065,0.000166602863150946,0.00238334352697426,0.000647981503392133,0.00019510490042527,0.000767492502317868,0.00604138370799415,0.0016600150419259,0.000210893972203185,0.000246666214005325,0.000632577479701632,7.09517284171358e-05,8.36341367565747e-06,0.000706847963887696,0.000165939849604891,0.000559795618527351,0.0023022048684117,0.000105271153514241,0.0015027701458257,0.000757821292169342,0.00020778895054668,0.000979779544756663,0.0026916626372667,0.000159999254926773,0.00326012487418101,0.00168803007412008,0.000540201934125186,0.00141891532789095,0.000342301678984136,0.000626827278015588,0.00413977345776107,8.24488571080637e-05,0.00267361945637089,0.000437025796445932,0.00388965223003963,0.00111681549214277,0.00233283897222762,0.0109275007509146,0.00289978317800077,0.000105558437443424,0.00121278579231742,6.81566506130068e-05
94.5,0.00875503825485733,0.000294489748270949,0.00101492957549042,0.000750288357977245,0.000920214774718726,0.00236779680122171,0.00148475250380541,0.00539088675479897,0.00631912914066133,0.00399758150899399,0.0019386376303135,0.00190559175095973,0.00190248269721209,0.00560202204392484,0.0053204515576401,0.00175469786512852,0.000203828914619766,0.000160084805291016,0.00100309834433492,0.00052059579039902,4.20531381380201e-05,7.22143200352429e-06,0.000339950074748622,0.00149449944111936,0.000717781728337306,0.00573921129098618,0.00168956841656173,0.0045592246986372,0.00287937522297547,0.00196500488300986,0.0051614112683683,0.00657334226799061,7.33362728254444e-05,3.04252042739856e-05,0.000902273535078752,0.000785377556065993,0.000810231005781388,0.00111081377880225,0.00107486414141397,1.85895763056496e-05,0.000991124512808515,0.00253424894227532,0.00200322175930364,0.00159709658643333,0.00152158555710134,0.00568505454334586,0.000502073054271093,6.03205633379986e-05,0.00265590151386029,0.00611389041992422,0.00393701197776493,0.00316357555889694,0.001072228217152,0.00067201704921179,0.000838244289122937,0.00691635093843781,0.0082977933552656,0.00353686848173944,0.00818049227462312,0.0023454502897381,0.0558189226628944,7.05062723909289e-05,0.00133369269251627,0.0019178462893332,0.000211403323419542
94.75,0.00131300595115519,0.00134104894935782,2.62275305183049e-05,0.000105418249700889,0.000246223305388747,0.000447264736662335,1.25138435133776e-06,4.4085202432029e-05,0.000459952166231261,0.000449835167657582,0.000760569292437868,0.00390818831596087,0.000329423027316042,0.00102747485414132,0.00207745686043559,4.21538438839008e-05,0.000178747128385055,2.8735557884789e-05,0.00088159744008935,0.000650838538497394,0.000220316430061849,0.000402824935493016,0.000256154851054897,0.00028607138526574,0.000281929313672324,0.00160215624346263,0.00062323735351346,0.000150688756474098,0.00240188893046999,0.00303122635986566,0.000187061610610238,4.87072319165841e-05,0.000642379267525175,0.00025027303375718,0.000244887696009967,0.000155683317359264,1.42273408669412e-05,1.11293095219276e-05,0.000176657854268923,0.000791713045578655,2.0165690011115e-05,7.21321683141992e-05,0.000208261220977257,0.000158438869401362,4.01765453129301e-05,0.000499568670286479,6.44317159615193e-05,0.000849451384711075,0.000567252359922622,0.000199860388629788,0.00133303764612272,0.000242025274409526,0.000762798427631089,0.0014233447453836,0.000542891190670513,0.000616307798334192,0.000156705923825736,0.000712654720459529,0.000843675645736368,0.000588158215787947,0.00639037105387209,6.91018188323347e-05,0.000131769756946969,2.73619066401401e-05,0.000236745790602069
95,0.000573155811516517,0.00225321673810555,0.001085430693908,0.00324037575232506,1.2237922571776e-05,0.000658138599011051,0.000714052583279471,0.00117023012127441,0.00418614351810137,0.000689838954343679,0.000315449015863475,0.00151958501387361,0.000388747985941844,0.00195361016351535,0.00533967192834835,0.000211075689841866,0.000140905147199472,0.00064856130542306,0.0014339317721142,5.88285373252957e-05,0.000526149405015086,0.00113513727344089,0.000252672064247647,0.000450263367247604,0.000495425080454408,0.00110450821172225,0.000222254461004668,0.000951561912121804,0.001997919091023,0.000919371652599796,0.00257742814651679,0.00135441120870743,0.000277264264696754,0.00182566018112544,7.03474793941926e-05,0.000935493872266774,0.000709751268705237,0.000456372030533734,0.0016382732946359,0.00116857247262202,0.000328043978786374,0.0019202781439546,0.000466026839946219,0.000216678086374389,0.00118221898533416,0.000352335972709215,0.000551782253682475,0.00329380583348723,4.61393133627865e-05,0.000895141919288548,0.00228226533637603,0.000527783677065112,0.00116863534908946,0.00138199137237801,0.000995963517474875,0.00133153235788402,0.00427894110353959,0.00393678658510436,0.0039867125342433,0.00036577655362858,0.055530665649246,0.00108658314346882,0.000226310699641363,0.000883485947209278,0.00154546530648449
95.25,0.00315038162277901,0.0002762585505031,0.000728632168793034,0.000353212285213706,0.000719348513852022,0.000478002100132231,0.000412045847031742,0.00115234223831904,0.00656168024776904,0.0017698236753729,0.00164010242415485,0.00032338656311773,9.95370639482975e-05,0.00168677451257457,0.0100528847906978,0.00109229613266131,2.60367327390514e-05,7.86790931508195e-05,0.00031977610695418,0.000111848921613299,0.000490501398548576,0.000790373064593512,0.000741645318836788,0.000160808857891875,0.00111725298203105,0.000239917010556292,0.00112807320194378,0.00255545918690629,0.000373299380312,0.00185310230267607,0.00405188025909038,0.00326616912649563,7.33734793729863e-05,0.00157471296043162,0.000886824547761296,0.000659786835246494,0.000118610882166187,0.000814601547819124,0.000103410320093437,0.00113856927815104,7.62351086367788e-06,0.000623718880869122,6.40651172851068e-06,0.00229830023434164,0.000663325830350914,0.00215490229256655,0.000813446724642744,0.000233438889666458,7.68860807939308e-05,0.00165539503779625,0.00201642363597268,0.00185341562338177,0.00195903141537367,1.57258913437088e-06,0.00298672933992342,0.00039231931151212,0.00245790169041074,0.0043739965889629,0.00758988383106253,0.000910119995861908,0.0335633612823413,0.000808048659197168,0.000434536754945507,0.000589884129082152,0.000737417100201372
95.5,0.00107602629267739,0.00367442170732078,0.00218384235488655,0.000598304083236624,0.00206004325625299,0.0015823861304915,0.00171237679999679,0.000228468809893786,0.000502945773676774,0.000392986427417341,0.000945899144101679,0.00284663589221802,0.00467771466564144,0.00834904367862493,7.55201963682842e-05,0.000775124694019909,0.000768053045699885,0.000426472593143672,3.24250926729412e-05,0.00100806488520275,0.000626051911760474,0.0010857251931048,0.00118350923842294,0.00030349666550889,0.00498395022470479,0.000227776772536274,0.0009937709603116,0.00416752135954045,0.00530475371652931,0.00345483377365113,0.000985318142870633,0.00416985243504474,0.000279647022505646,0.000673519990564676,0.000458835137931678,0.000358823440858953,0.00103530549702258,0.000123299010500137,2.38621247666629e-05,0.00195448244437873,0.00214343431273124,0.000429757000606782,0.00168199901851768,3.6008714646916e-05,0.00296997859971446,0.000318414084230531,0.00426930546789568,0.0021318289880107,0.00497759304442904,0.0025100207751928,0.000387039911009996,0.000302050310276944,0.0042693381058108,0.00213682184418166,0.00321075962608531,0.0015629919549137,0.00316850427088892,0.00284755437684308,6.77881644053642e-05,0.000181847466510474,0.0154948228499462,0.000930849549876064,0.000265329961941681,0.000418600790829194,0.000729840431169802
95.75,0.00201766893660865,0.00308789481562891,0.00374595614172222,0.000505796350065942,0.00107770903191553,0.000141126181724126,0.000429772883147157,0.000887830436869355,0.00448812829690492,0.00274058681777731,0.000699841241639682,0.00288494975868951,0.000485645100531779,0.00279489593370717,0.0042889242525547,0.000471218501266324,0.00124304064600267,0.00158694394837178,0.000138782984551253,0.000412976242514365,0.00208832102595252,0.00115133782145975,5.9439971550248e-05,0.000391299892168849,0.00227172314259181,0.000330120638000548,0.00029098217348539,0.00266046892429229,0.00021976260719266,0.000893238045955748,0.00061011133645832,0.00235364810968283,0.00177540892841272,0.000711129772271402,0.00067169670616221,1.70342129170433e-05,5.04583199590934e-06,0.000921760633144324,0.00153993352774698,0.000641481795802433,0.00109993442576732,0.000593051198940093,0.000215645617814677,0.000422797756198471,0.00237227874301001,0.00226681153975411,0.00270416225859187,0.000718046406118125,0.00234595871648,0.000946861874076511,0.000913867208369249,0.00040360560102422,0.00375342374412276,0.00238494465532947,0.000492993554128846,1.57098215856747e-05,0.0029780845541533,0.0101966400470224,0.00563291488400091,0.000332728651606553,0.0310486907189975,0.00180357939789563,0.00025236105964472,0.00232523181115962,0.00179645987304885
96,0.00370476053620948,0.00181045871844506,0.000352642654243918,0.000555476235344675,0.00132207543509893,0.000185853729932491,0.00026121410872945,0.00105454366379307,0.00150034822342205,0.000433484612652561,0.000398194126969333,0.00144640331157259,0.000373170984418422,0.00156807486833395,0.000550679016098132,0.00182676304633078,0.00235504150511124,0.000385186893795021,0.000297716227663285,0.000249068355578187,0.00013868745279218,0.000122858463220839,4.01218368129323e-05,6.19421371657864e-05,0.00105774467557656,0.000277198695039459,0.000436466283947853,0.00405413752731583,0.000676919141303299,0.00255154924497438,0.00206441473523933,0.00136009592802334,0.000911455815729908,0.000464693922297956,4.78429677615628e-05,0.000290814081815846,0.000270930795195335,4.40935534221597e-05,0.00028609225241426,0.00158148684494371,0.00034363898898562,0.000757430578606237,0.000753182046285083,0.00100635381737091,0.000673720537321617,0.00131741273697423,0.000220581878417485,0.00150066336500197,0.00332847958014387,0.00103088002051023,0.000563270494541482,0.00138847776315106,0.0040117679422192,0.00218774046443945,6.016495056084e-05,0.000522628609536068,0.00015045215732331,0.00552033114282114,0.00124490452814001,0.00170048147888287,0.0160375525026593,0.00177581560871996,0.00024517344342114,0.000608131378470189,2.13595787198172e-05
96.25,0.00173753969205026,0.00032165812849655,0.000490730527402801,0.000596539968955251,0.000105618675522698,0.00375386811494678,0.00180660190967166,0.00106368015567362,0.00856748492399303,0.0038359924563713,0.000408019405946909,0.000523052563639162,0.000953826708188063,0.00418981787011804,0.00698875305934299,0.00365531370321995,0.000288797829098801,8.33537679089218e-05,4.01622595932026e-05,0.000200139770797538,1.92369726062641e-05,0.00148736860772718,0.000137493742366531,0.000747857381910558,0.000740767755899072,0.000795216052938041,0.00058799051301054,0.00438687230402616,0.000824246124945824,0.000567665800470372,0.00283733391190293,0.00526608136912398,5.4558445997719e-05,0.000131126325167765,1.37492730390485e-05,0.00137280908389497,0.000271028118407154,0.000537330389089893,0.000467182439819655,9.7306509085785e-05,0.000298801602544739,0.00400172055761558,0.000191515437576342,0.000834885756959706,0.00462329542970298,0.000784286802906642,0.000105223219959884,0.00037565606879274,0.00120799013864677,0.00382546790921478,0.00291907839072577,0.00150820119559883,0.00122359159897324,0.000194269168068095,0.00090376023173091,0.00170279411022671,0.0028168572572305,0.00669141412726656,0.0105898813443629,0.00226846881991137,0.0411029393435265,0.00180130267901009,0.000332392485699613,0.00209727327603771,0.000730796045610442
96.5,0.0130947688020721,0.000735705932226674,0.00221658202221966,0.000189527330841864,0.000260818661366856,0.0010122569435322,0.000276773007127116,0.000510380129724595,0.00911963364731659,0.00181209123214505,0.00542112781862062,0.00104194905969294,0.0010383274498338,0.00793579102032706,0.00836622279902884,0.00197685876820031,0.00221290843128128,0.00112947856142153,0.000457999744093938,0.000512817799702668,0.000637896094606013,0.00023887622637275,0.000168426732900755,0.000265922602347267,0.00106038200176399,0.00114362663184598,0.000752524570590338,0.00353605385368393,0.00251160409041073,0.00158685018323831,0.00499020765894368,0.00285728758263163,0.000653641105606426,0.000376392781003372,0.000429689139397307,7.06408648849685e-05,0.000133772542266764,0.00060352398174114,0.00465707853186498,0.000601752600742173,0.000128908398526458,0.000314233809208176,0.000352115992167286,0.000127248428126841,0.00159563612093741,0.00341952119141313,0.00268554684918909,0.00291771668663861,0.00011783452991462,0.00383170341137351,0.00249065032620959,0.000995187601881296,0.00444417157339998,0.000617851337641775,0.000559842901193801,0.00391708711898052,0.00657421811095232,0.00181434178681001,0.00712445053262716,0.00240955431871759,0.0814481376634069,0.00537864397762751,0.000233875809215651,0.00127360027624046,0.000206089980068368
96.75,0.00769168990267402,0.00521831009310642,0.00328258427655703,0.00359553612486503,9.89064453551291e-05,0.000504054101589082,0.00257136150852806,0.000948376664576366,0.0115982662690798,0.00776973106461044,0.0096629983814723,0.00406371773751997,0.00226861945564324,0.00414866786931951,0.00187052537805115,0.00209704388247645,0.00176883451488446,0.00112477840927718,0.000256789116922095,0.000487404238305097,0.000222806010632813,0.000744911022017649,0.00225483977563075,0.000725368339596715,0.00588418049426813,0.0017763263407077,0.00132148674294615,0.00153355156701013,0.00317340326522384,0.00173687618891742,0.00143314840563018,0.00130278622754135,0.0010425741914471,0.00246524973471868,0.000210224206922581,5.8043051152597e-05,0.00182486845868862,0.00037212915217013,0.00481191181156222,0.0035670907397199,0.00266836179780503,0.00271145195655616,0.00127052730654894,0.000143327332557596,0.00511113388980669,0.00244085513700435,0.00850676848869706,0.00310705740267157,0.00166922704210516,0.00161439209087731,0.00213833730842498,0.00129582574801526,0.0138538924035267,0.00505697850050858,0.00279208898084069,0.00224436386053915,0.000119219930538723,0.000677576180224131,0.00413040392794495,0.00400838290311207,0.0128098657258211,0.00206424162392643,0.000118514224432602,0.00299585297750529,0.000541344334832859
97,0.00300463503511636,0.000814115338350526,0.000287997833886724,0.00031253082839433,0.000207620778576685,0.00180486268948536,0.000581175313980289,0.000308598810357098,0.000531112251978133,0.00402964299022673,0.00161081575035974,0.000730556978487424,9.38029172672832e-05,0.00155203034133571,0.00183212072096408,0.0019319252466463,3.82558327566481e-05,0.000588499103713749,0.000673063880171396,6.97654105178282e-05,0.000766280147701423,0.000319933648142818,0.000307197475391585,0.000174939070933073,0.000659550795345974,6.82634493593642e-05,0.00215283139516717,0.00109582754123929,0.00139684646374887,0.000310393126428455,0.00355763425779242,0.00255263509186992,0.000207879480714557,0.000989755647169629,0.000800672087400561,0.000238881600960278,0.000106061690316363,0.000197870757777934,0.00117517291029663,0.000673605630668064,0.000238292473706307,0.000270801752583118,0.00055573026993791,0.000211173837069592,0.000576754745721258,0.000292185958810504,0.000443479994005695,0.000451451503189333,0.000220011066833952,0.00194423427445834,0.000307445283517528,0.000192273761157863,0.000932312536944822,0.000653774452919765,0.000246082418164828,0.000780662100376042,0.00181574212888625,0.00820198191373908,0.00099765824040633,0.0019073065069943,0.00271431241606798,0.00444109582143132,0.000355698336170007,0.000324500676617993,0.00109982969174437
97.25,0.00386293368185589,1.07829903021132e-05,0.000207895212596264,0.000683582844653537,0.000293440506606852,0.000208056492641255,0.00041513201853425,0.00103141594756799,0.00706017754269141,0.000820441014956664,0.000669506758056049,0.000311619614469988,0.00242489183882692,0.000730752685200669,0.00537733240444146,0.00131787983975328,0.00151060543342978,0.00122832965232044,0.000640236968043455,0.000246068733362628,0.000718091178716445,2.78564596430086e-05,2.46607873518405e-05,0.00112770594315614,0.000893062673323355,4.28426262276486e-06,0.000511624770906585,0.00284943502402942,0.000259105175395206,0.000544482409767166,0.00631420230535825,0.00152337623599473,0.00185325532054063,0.000799861508666425,0.000852768342614609,0.000643001425283334,0.00144497894698228,0.000285956895174031,0.00555753196861755,0.000653731558254698,0.00064107516971364,0.000780690823439616,0.000536117752535697,0.000800692060836787,0.000551198006737885,0.00042339391449288,0.000550113006456789,0.000252234021050638,0.00136680637104135,0.000799363365751211,0.00154901555343852,0.00122838530276329,0.00220366434036755,1.55519205748923e-05,0.00170196851193151,0.000360957177697608,0.00692504249625025,0.000560916250600332,0.00935640691616259,0.000238692779378154,0.0510879121190876,0.000553179928718551,0.000573112474361426,7.50150554668944e-05,0.000838972267804245
97.5,0.0045204589614299,0.00473875099675752,0.0022091593543798,0.000440237633274878,0.000917915246702939,0.000677074331817316,0.000715269965710132,0.000203684069050448,0.00120541991870588,0.000806464651591605,0.000544837392762309,0.00508853166906558,0.000750079533890362,0.00204906962950034,0.00435070957610886,0.000490158541521804,0.000276323835655161,4.77541062862321e-05,0.00133924014984562,0.000955232588097521,0.000202780380836503,0.000513082457096675,0.00079540761305195,8.00336282109539e-05,0.00181355244108911,0.00164499707763561,0.000717112453842184,0.000367230512898711,0.00151715808242158,0.00834282854085426,0.00239796329986636,0.001258779723056,0.00044853072892974,4.5855958763063e-05,0.000266098975298679,0.000130683467653394,0.000833441209855901,0.000301934092966425,0.000809889268027125,0.00175401441982841,0.000741215848843453,0.000632886665944676,0.000410436606229964,0.000500683073931798,0.000452413297157566,2.71347818244385e-05,0.00125793365117404,0.00436761012011405,0.000701012588690158,0.00151561164138573,5.34055606149996e-05,9.68635691709316e-05,0.000622845557569515,0.00456747327251047,0.00125953947786883,0.00380594884876235,0.00491402758260021,0.00234924110040448,0.00221464983746443,0.00111179528525629,0.0324178405706961,0.00353239021254819,0.000452620292556988,0.000242442273849341,0.000173515333793141
97.75,0.00277932427229589,0.00670046412450174,0.00101906976791714,0.000938491792566346,0.000605113066600015,0.000473636778544966,4.08684701725637e-05,0.000608502840623647,0.0117376000257476,0.00646652025348604,0.00379948454389694,0.00255884847541402,0.000519547895840643,6.79669648375125e-05,0.00160906011185851,0.00215028762050501,0.00155730465865453,0.0013478249228956,0.000470152419612204,0.00037308494110262,0.000243847407848019,0.000172468934147799,8.04560740976865e-05,0.000222680961375116,0.00098530732627396,0.000705408675829128,0.000122843667373286,0.00228801006876298,0.000978250191728832,0.00527478623078917,0.000423353263355693,0.000178290511866864,0.000462105400054541,0.000765492490774001,0.000125533266060024,0.000118529221430229,0.000180501478679867,0.000247247753338186,0.00221838329803313,0.00253695531543049,0.00132009197599074,0.000237266162147355,3.91344165816624e-05,0.000865282528189811,0.000617065281429467,0.00448205469627404,0.00188323252123095,0.00275982277167763,0.00089764210983865,0.000206726357790545,0.000513111663966077,0.00135666761519032,0.00229294631244096,0.00469747216299075,0.00200202250831876,0.00109945470924928,0.000280900224449501,0.00519038890889464,0.00199238269034917,0.00240455468474265,0.0224910926929914,0.0019479439914316,6.51426176422885e-05,0.00155343197181543,0.000135632293074191
98,0.00154175440259157,0.00347848928653687,0.00208724931956548,0.000237206409647102,2.41715526886178e-05,0.00176572161607765,0.0011198436146198,7.08159349189727e-05,0.00549017311853174,0.00247188162033334,0.000524085213057906,0.000477303596363425,7.48598902621046e-05,0.000896573061665424,0.000938925078076175,0.000234401509521735,0.000640846357019031,0.000532243441556418,0.000658028514637353,5.61638357907838e-05,0.000394978351815158,0.000596325842486001,0.00072835947454104,0.000492254446005662,0.000563915252762998,0.000440610626773254,0.000110521571930334,0.00146279906198354,0.000825999441281221,0.000373978214617014,0.000443323992763198,0.000549999242187309,0.00112755516439769,6.01843079964116e-05,0.00107168851922455,0.00188646262299331,2.61803279542662e-05,0.000200672911190509,0.000413299371694753,0.000262943773114122,0.00109738910487816,0.00154672965599354,0.000991672434320167,0.000804811653253349,0.00162186238500599,0.000200504219687627,0.00118684051563815,0.0015022541117318,0.000530962705675194,0.0017640712678467,0.00181315981909434,3.18385109110268e-05,0.000706005209484829,0.000498535041477416,8.43997893643404e-05,0.000525040143055218,0.00358014700767866,0.0116548220016956,0.00418917533351112,0.000371537616089071,0.0222384218149827,0.00444309411256228,0.00174571162925308,0.000946331937544599,0.00138735186099077
98.25,0.000138873111842819,0.00207527479328187,0.00119245629783749,0.000188986262379464,0.000563691568798704,0.000226386730484267,0.000679513112763763,0.000146350801775938,0.00276177027550104,0.00182959045490628,0.000554905182741369,0.00287478037496797,0.000560872923371246,0.00193127866673629,0.00107039018804908,0.000789516736464002,0.00286204446279564,0.000693832547231409,0.000200959037862931,0.000188553607935138,0.000619048358695279,0.00015802954412305,0.000124714858356905,0.000203724385918126,0.000613240221364591,0.00041714701616273,0.000215865744233615,0.000785983050618005,0.000779650690146198,0.00106509409937191,0.000744764502495598,0.00285822902150524,0.000859947063735478,0.000934403083996979,0.000148708075501492,0.000201541119629244,0.000266759512842421,0.000130080197614401,0.00146530243634899,0.00154802449342296,0.000536112961360227,8.25157588620095e-05,0.000163384309057243,6.54681969674934e-05,0.00237032817631781,0.00078209216293092,0.00134314192937276,0.000427002105502974,0.000130194375795535,0.0015140141742051,0.000371715669336944,0.000273786514082282,0.000474573425522763,0.00159735056877071,0.000858772023374623,0.000387531451816858,0.000514249247671596,0.00443591583682416,0.00397435544439644,0.000778625891633554,0.0161113809463811,0.000518970958149919,3.91899591331924e-05,0.00151880354108399,0.000481444726995881
98.5,0.0027856918041718,0.00251884240799939,0.0027186811961122,0.000858679852022555,0.000834419139514739,0.000136519239731127,0.000134678937481568,0.000987194769004352,0.00153703788088745,0.00102792437387158,0.00122570251205708,0.00173057356549781,0.00224918054607876,0.000527864615595658,0.000971674548863486,0.000380906599078751,6.26377270106036e-05,0.000602084243983331,0.000397273717909074,2.23716873745549e-05,8.1212464363415e-05,0.00068835770295337,0.000218424525089409,2.95443072928091e-05,0.00238443939426147,0.00047139991827806,0.000438427055867526,0.000414238598265042,0.00383199692082438,0.000947721815498511,0.00196781543127155,0.000184274949722334,0.000219735485294278,0.000578188486590621,0.000277512784007571,0.000281896475443555,0.000105024236749746,0.000212076379923372,0.000114924536022767,0.0019409932870947,0.000629871790344431,0.000688261004705338,0.00121190558632243,3.01072197037679e-05,0.00181383869338638,0.0016257753050792,0.00149249171102837,0.00152114672522846,0.00205950754143599,0.00024626446958714,7.64673649355917e-05,0.000164034223544622,0.00241061278012473,0.00260132554551688,0.00375103039433292,0.000482640087933645,0.000130421596797961,0.00275826841882951,0.00249592782896223,0.000745743858641635,0.0194795902136882,0.00134475882675766,0.000101695718904954,0.000125681156061392,0.00042254570437051
98.75,0.00117358964712244,0.00013666037179389,0.000567981184835052,6.16999858694761e-05,0.000121531757097579,0.000827418218314678,2.43090862200668e-06,7.70792705850567e-05,0.00092554697539105,0.00280941840159346,0.000136072539428438,0.00124149174945193,0.000709489241222883,0.00577316027304973,0.00106975723416433,0.00145055444400242,0.0011966672053493,0.000232720947825662,0.000965710828739,0.00086516325197625,0.000165930700866448,0.000811731736770391,0.000537208319079439,0.000675569899860492,6.2993509142968e-06,0.00195982559498321,0.000268511360369627,0.0022612915897906,0.00336088227499841,0.00148542873243935,0.00253541705336539,0.00194102063466142,0.00059894986560969,0.000564442868943106,0.000830388428830999,0.0018724714972408,5.96443594448911e-05,0.00173565491657507,0.0024975804915621,0.000708477141609798,0.000139433666843817,0.000722641046946629,0.000843606554453125,0.000735516320230267,3.27677857121655e-05,0.00167759846446269,0.0002783615029341,6.67799268012839e-05,0.000527831489498633,0.0033389382490647,1.74230392564814e-05,0.000280439162847978,0.00122546436400849,0.000252631939953928,0.000190251176901514,0.00224553180246651,0.001880721658696,0.0029571144611568,0.000511240172660406,0.000926287268265825,0.000166495367413707,0.00177118212161146,0.000192397126427718,0.000529824011447755,0.000496387752864951
99,0.00559070977000516,0.00154191341820444,0.000944576114155105,0.00122803926253026,0.000207934115941627,9.62474458444817e-05,0.00124858892846423,0.00119275398385699,0.00703829404291011,0.00418528777967198,0.000123806728546292,0.00122556659731506,0.000655941173228548,0.00145121479739533,0.0058628754533415,0.000279855662832578,0.000333683362739128,0.000304363232073464,0.000126578617918216,0.000546275658706314,0.00022990518135946,0.00016946827319632,0.000228002446000634,0.000219733939739252,0.00156165825593089,0.000594838022613236,0.000284089243414551,0.000910811499231244,0.000287473671293851,0.00371075849552377,0.000570619215044908,0.00104600732701703,0.00132404100959994,0.0001858670253359,7.00047525459862e-05,3.42840528934935e-05,0.00107096611987483,0.00108846980692441,0.00200431269912537,0.000856871732600467,0.000235532112718951,0.001625240564975,4.98662047442716e-05,0.000115387819576459,0.00268553805470327,0.00215804396724718,0.000661845982312565,0.00271611439173926,0.000583717927813958,0.00047731839660871,0.00343812370198207,0.000370841354804272,0.000427220137753484,0.00178568797088386,0.000932439216658944,0.000435396744092521,0.00112298567756523,0.00770681316658019,0.00791302932330343,0.00188660039388978,0.0409973202412847,0.000112988505886135,0.000523781377245272,0.000707457118883554,0.000332408655708772
99.25,0.00085245336472932,0.00199241774360237,0.00221448192933122,0.00145491102030625,0.000561051023374677,0.000232526344832086,0.000280043170150299,0.000897491127454504,0.00272959019878449,0.00280339620128502,0.00355836394848118,0.000476899118851278,4.15508269446761e-05,0.00123857228010638,0.00650133304043923,0.000490932703637014,0.000517675619504816,0.000650125244300214,0.000447634014258016,2.19586501925922e-05,0.000400622501497065,0.000330631895865343,0.000312460925808182,0.000209099941383785,0.00294050692943679,0.000345525964965253,0.000705217424434243,0.0010849908639964,0.00114996274948791,0.000309579154096548,0.000861936555225866,0.00228046989573042,0.00256902176213346,0.000415164385722079,0.000647473692368109,0.000424297609839605,0.000214443679977389,2.4931912193233e-05,0.001926134385977,0.000383510000322469,0.00311779039751223,0.00147372306502298,0.000687291630746203,0.000178183032942252,7.74419184440902e-05,0.00410608867657433,0.00390019855621847,0.000127907567497192,0.000837399022287111,0.000446073680583201,0.00148656870945385,0.000937127619252152,0.00720708362516835,0.00115272392214862,0.000377688103269696,3.46739088286212e-05,0.00183497280695656,0.00104837802289545,0.00304049207309307,0.00262306480248755,0.0327043460839129,0.000524807583736177,0.000148778286430963,0.000510067106984491,0.00026987378123526
99.5,0.00120576159589493,0.0012446761229523,9.91654434612069e-05,0.00149537356985461,4.1366108247285e-05,0.000583659486852449,7.96473386317401e-05,0.0010909192301558,0.000665577534391579,0.00209183566618546,0.00185683405208082,0.00062065328958478,0.00131653308202399,0.000258591464849233,0.000536574014584546,0.000180593966459546,0.000117707143700385,0.000878466389900273,0.000292518694809871,0.000146809128706305,0.000345573819068277,0.000271738300176626,0.00024583465552695,0.000204145132258664,0.000492606825323515,0.000124884316069356,0.000871064787386437,0.000649990144000515,0.00109154658200848,0.000497582831928306,0.000405761383257939,0.00128464913324414,3.00013543738786e-05,0.000105818081623894,0.000455905843795728,0.000185376059619479,0.000712137589737272,4.14499144317121e-05,0.000100835079621738,0.000345490536477321,0.000154809545934821,0.00106139871599421,8.34456341389212e-05,0.000416278806032546,2.79463845198297e-05,0.000228996849025973,0.000548454514445184,0.000412029381948528,0.00169682043710432,0.00026718319335142,0.000428406786454549,0.000654092255009997,0.00320185170887204,0.00133885149133739,0.00049243071511829,0.000223441023393535,0.000990009549474885,0.00162282487079901,0.000403408851254956,0.00114496004908908,0.00302004832978208,2.32629746762623e-05,0.000534326540610822,0.000692442817398081,0.000229680989817837
99.75,0.000261404949515499,0.000187908392777821,0.0014131641646922,1.65126849182764e-05,0.000270803553415514,0.000501242071233162,0.000345761321845151,0.000179274802925591,0.00480490811942443,0.000575155785385867,0.000879161326483377,0.000359375233973581,2.53692237684986e-06,0.00226670905941287,0.00104157248124176,0.00210480038776213,0.0010755032387479,0.000238873846333032,0.00199975955988053,0.000115694789411441,0.000938837645379272,0.000500017623087712,0.000119301601970831,0.00148410574998951,0.0015685150315746,0.000127226389430365,1.90912290468982e-05,0.00209708482585933,0.000146325583292751,9.97449485095984e-07,0.00166371206339411,0.00123168653356478,0.000399994292254578,2.47241658343817e-05,0.000119119911758155,0.000472951353916522,7.7924088830636e-05,9.68679406049518e-05,0.000869022773910305,0.000237133230554364,0.00208518343190981,0.000363327608089298,9.142133258762e-05,0.000690846605757547,0.00169004446418425,0.000428131798303065,0.00147839161675879,0.000259836687412213,0.00115704679414188,0.00109782655655764,0.000817790246941801,0.000102769626304084,0.000347175257213339,0.000325671476404605,0.000383755096185465,0.000459386320485371,0.00154378317791294,0.00158282758149545,0.00455808118364444,0.000959972339089672,0.0258784104829673,0.00290806909313922,0.000265341546329446,0.000918366918818657,0.000853745615172221
100,0.00251495670657375,0.00836286969652691,0.000106088936932276,0.00342968590620456,0.000593070890955631,5.27993571200419e-05,0.000653862907167522,0.000702317905092772,0.00090333422958849,0.0101137638619537,0.000461641570431956,0.00200330986780636,0.000657166176168564,6.98809354112308e-06,0.00279802703774144,6.62415434628785e-05,0.000406046327043397,0.000132935022257118,7.23983016269646e-05,0.00189452296861919,0.00030064724765875,0.00176713873172115,0.000214520935974901,0.000423314114597663,0.00127633179015512,0.00143003234933897,0.00077158083771255,0.000815957978444922,0.00194531452213407,0.00171928240673635,0.00124691558377257,0.000798373556136509,0.000967090656350305,0.00296348347306483,0.000204482564049566,0.000189436408865164,0.000247493026079856,0.000284869428493233,0.000765350191637278,0.00430254281555659,0.000493324244853911,0.00138448370675517,0.00072269645865128,0.00022314263251815,0.000879901918695184,0.00270492294406507,0.000228664483146303,0.00198655192254837,0.00188217176519401,0.000172777568617583,0.000993742901315281,0.00119206532953821,4.33256683081311e-05,0.00503642273334426,0.00128118467283051,0.000316501444508035,0.00236395677810219,0.00194601785111172,0.0017787752728084,0.00096974422097079,0.0114300199294163,0.000113356107407779,0.000492207276498173,0.000285803636370343,0.000520839434769428
100.25,0.00362145667167524,0.000456064484143342,0.00184813287197733,0.00251360095741842,0.000208839624480207,0.00112103541743476,0.000961362953571512,4.44841790195342e-05,0.00930802735587708,0.0025678517238698,0.00027685114809619,4.65644018245922e-05,0.000189501986818511,0.000174353566252562,0.00565219956760397,0.000143723136083178,6.37778903080114e-05,0.000425783452959042,0.000376915258906336,0.000207402643696222,0.0010416492722296,0.000915788894582534,0.00124400932291528,0.00160876290578946,0.000721129959308881,0.00063377138603791,0.000970927369739662,0.000602077954029406,0.000523057432149961,3.75741929009714e-05,0.00194941709822826,0.00223810476028342,0.000491074054085589,0.00156782138200424,0.000327043369911636,0.000350973916866528,8.03523925163091e-05,0.000236583447326187,0.00046318311452853,0.000569223070912538,0.000394335841034599,0.00263737160562028,0.000186677491151733,0.000563177006776735,0.00114005186878214,0.000195401924606814,0.00186238047815898,0.0010394164399849,0.000197353593866153,0.00145075812957847,0.00349499645745545,0.000527269094045625,0.00341916571294813,0.000410064232886148,0.000462127175752727,0.00106290709894205,0.00416121964169358,0.0164093421690659,0.0130964997773252,0.000382244733171613,0.0686236983499652,0.000636533578127262,0.000501741175451688,5.25937955757551e-05,0.0010940486807545
100.5,0.000315050399199188,0.00144182844320854,0.000207313773213143,0.000695886394270541,0.000203724339367161,0.000287612676604016,0.000121873313186586,0.000756776826134881,0.00150095612681854,0.00361408924016553,0.000192773846680358,0.00195255596073834,0.000535443293772629,7.05739440052189e-05,0.00543810666619391,0.000235002165066245,0.00114847671249745,0.00048782155113837,7.18075413154031e-05,0.000266046541879085,0.000527553193811426,0.00123456930460952,0.000220935302582774,0.000230282905528977,0.000220865513090827,0.000737274868779487,0.000474212112020974,2.28698762004119e-06,0.00193387974250952,0.000510536213370049,0.00132141273216395,0.00125888997227534,8.15615594695445e-06,0.000603704148478188,0.000255572467509012,0.000155967537404364,0.000168827013916231,7.63648914817918e-05,0.000386775770592684,0.00147320148979507,0.000309335143762661,0.00052677520867284,0.000110344309323013,8.38785973505588e-05,0.00050886219667991,0.000914554400605059,0.000562101610636886,0.00287971982053158,0.00026516413378523,1.48222000133298e-05,0.00197943451360949,0.000209816951670136,0.00108970775522188,0.00143411182590804,0.000217179747350936,0.000334626988923558,0.00370809344404945,0.00158465249589213,0.00380153115119994,0.00145031083805721,0.0989335483628316,0.000659795307062992,9.50365183846387e-05,3.68007717480012e-05,0.000123047669685588
100.75,0.00383813921582009,0.000875580272619324,8.92881511183239e-06,5.17383753601174e-05,0.000415281251127279,0.000211351363055152,9.40073260928128e-06,0.00031252693574186,0.00626462625493176,0.000290999154678173,0.000764112249536069,0.00119866589952529,0.000542743697436749,0.000500587517850604,0.00564332238767896,0.00036225409418121,0.000855813776348962,0.00061137172696027,0.000284562981833202,0.000414766230440695,0.00063610371922789,0.000332462303513661,0.000121380360139253,0.000233730302541038,0.00047946437492746,0.00111562970151811,0.000107710373371358,0.000150403629281719,0.00228643335498022,0.00340091916275654,0.00285044826840221,0.00041581533226832,0.000153138689579568,0.000150750642285258,2.95121747970086e-05,0.000558468637770799,0.000852700589894249,0.000288699822662541,0.000622279344306053,0.000834146120849999,0.000465857441624582,5.85959224527252e-05,0.000220376682081497,0.000297845837118884,0.000379273392103935,0.0010100770757613,0.000217899018422465,0.00177996283039635,0.000584235128431673,0.000325168370182289,0.00109122843555867,1.12080274689866e-05,0.00136034216807178,0.00134517193668705,0.000353475644616766,0.000722648192146914,0.0045525921259645,0.00031876590452621,0.00983173706387638,0.000505949150249709,0.102577913383643,0.0015074316941016,0.000389749454247794,0.000314917066856136,0.000110454762225624
101,0.000355348188595698,0.00038279092331662,5.26276796063365e-05,0.000100340166620147,0.000358609905298681,0.0015568824546407,0.00014588952879506,0.000222264562747235,0.000503760302859294,0.00369405282739461,0.00041778559328514,0.00154729483306586,0.000305625926613654,0.00138460922314145,0.00183488915635657,8.47272235439165e-05,0.00075023447008838,8.5256102107145e-05,9.35463393165241e-05,0.000523419178902401,0.00031262305270864,0.000602848337868641,0.000145043093591733,0.000576184747016084,0.000417238504150947,0.00176396050176933,0.000111523480654213,0.00213063267315013,0.00177335292647224,0.0005290539706543,0.000537870376505973,0.00130707304823578,0.0016156119172218,0.000228460829443426,0.000705353508450927,0.000419906982879219,1.05227423711066e-05,0.000364337430701346,0.000399822034167693,0.000522468156202262,0.000452000145639379,0.000546418997996828,2.01470846888803e-06,0.000424114986034827,4.23932976290858e-05,0.00029100437794011,0.00017169093847244,0.00123114212247255,0.00093936787826671,0.00114217916771375,0.000431104550226075,0.00012693242657088,0.00126578018810217,0.000569887821534718,0.000761264690184963,0.000701751529645391,0.00244604222253518,0.00491357024869581,0.00133295326390895,0.000832975264211511,0.0290554658288739,0.00123429974545062,0.000189032049532565,0.000239956614075349,0.000120360884556876
101.25,0.000207381029905744,0.000121755757802817,0.000680531569667265,0.000250945831238903,0.000528994849791265,0.00019643951094978,0.00030328292286151,0.000981998451856685,0.00782978943153903,0.00229720670864222,0.00134282985617378,0.000646222427754212,0.000385150714207313,0.00179819951779679,0.000718808151964814,0.00190143557134878,0.000452453845255999,0.000101280689897051,0.000107296032923707,1.5540296597478e-05,3.40874139627084e-05,6.35435845439323e-05,0.000638408655924307,0.001677853305205,0.000399638192370468,0.00184709282446763,0.000392744200366539,0.0006872869555628,0.000911486765115437,0.00127038191842044,0.00194910711148119,0.000586060561560822,0.000314357050143033,0.000282931393437338,0.00146299475317652,0.000397257287306312,0.000324702958559627,9.31363249139938e-05,8.14237702920529e-07,6.39319996070667e-05,0.00115535562538937,0.00102533208159108,0.000508229144278174,0.000491102951623653,0.000732220337807177,0.00108921398186145,0.00116976986933067,0.00127388450844959,0.000245605618039523,0.00108825401087694,0.0004450409954884,0.00082446625168176,0.000339312456848079,0.000176358782393652,0.000523279877389179,0.000920714857580753,0.000766886020951841,0.00104485923929029,0.0030418391953328,0.00222607713454004,0.0499008092013788,0.00268177978619419,0.000985357163046416,0.00056027106612064,1.86020711345841e-05
101.5,0.000679171614841798,0.00319475508057099,0.000507209025098048,0.00104977751238015,2.37719093029519e-05,0.000357993797192016,0.00218877855700914,1.89246058409219e-05,0.00152389703612571,0.00462980221387515,0.00239118178546649,0.00204008250593088,0.00431780885981062,0.0015225234273989,0.000284347142469486,0.0014613414768791,0.00236476412124149,0.000389825871027669,9.74649939635847e-05,0.000112878166007114,9.65275971891494e-06,0.00116881646682714,0.000694113706437707,0.000545578393257501,5.99918035540104e-05,0.00098410077193074,0.00125308901270288,0.00102646163264773,0.00270581130499989,0.00486165190971165,0.00265334675059905,0.0043593588492054,0.00105601659156205,0.0022030175768896,2.16970603020055e-05,0.000432096220347752,0.000701432003691495,0.000187057719374015,0.00110565019007146,0.00324346770394773,0.000605276332038138,7.74317200880015e-05,9.41852206966823e-05,0.000367946175762479,0.00305126874116306,0.00063291853144312,0.000203809370515327,0.00158106610395442,0.000156753497913616,0.00134832667028246,0.000765839068899712,0.000843141667177242,0.00296161723048,0.00346759797517881,0.00244669119108642,0.00331126650813108,0.00188578534437726,0.0143639564639379,0.00249162481741963,4.44033772764717e-05,0.0120446629938878,0.000702011068077755,0.000285652892065548,0.000670991661371231,0.000219348909897302
101.75,0.00181959412321468,0.000565501439088624,0.000402978079430829,0.000232097755791035,8.13707390023283e-05,0.000142976941534255,0.00111453923055763,0.000286982387077357,0.00204824857603862,0.000912339932541921,0.0027988360577131,0.000253638801286746,0.00264216231326925,3.03211117594017e-05,0.00412592405284478,0.000417956776711657,0.000138708607237482,9.69750178012604e-05,0.00127791143548247,0.000374997554991911,0.000254310727496706,0.000290364408086385,0.000363256633017052,0.000797536295390291,0.000357206580919117,6.13832170037581e-05,0.00105374026356064,0.000383901109656177,0.00123918902247107,0.000793759083584546,0.00326742831585097,0.000420657372687854,5.16322477009896e-05,0.000132857592495318,0.000184661672435674,0.000918446991206716,0.000197987942222977,3.28624597918522e-05,0.00208748774081818,0.000139267283475376,0.000804925554638373,0.000171258936860429,0.000473456606402846,4.10468815848003e-05,5.11836974570388e-05,3.08424461427477e-06,0.00138916214465016,0.000426136200147771,0.000657739714950981,7.71190525117102e-05,0.00134416279416925,5.90058653426865e-06,0.0029723053343923,0.000719165172913575,0.0033245985550438,0.000152016142723285,0.00170729394384877,0.0069915514851158,0.003037306086333,0.000768534549847922,0.0285840936564467,0.00278008456651437,0.000890789349775055,0.000430096972246518,8.8747306087713e-05
102,0.00977300045481372,0.00490337824355234,8.56214458735956e-05,0.00137549340415104,0.000334838635015565,0.000290933058354251,0.000271360512938612,0.00143759752731196,0.00390728315322247,0.00987247355114818,0.00539590659551076,0.00365193099142477,0.000158741095647997,0.000231732963599284,0.00193445925541571,0.000163006162363714,2.98088592299422e-05,0.000956537022269322,0.000418240278183342,2.14790634286039e-05,7.16238841151802e-05,0.000169687494196542,5.08183394261818e-05,0.000137701860354588,0.00155592267113271,0.00110489318124483,0.000477294158330335,0.00323219329601274,0.00275591779011891,0.00319801324694553,0.00198145223540494,0.00302466995878321,0.000693663112244457,0.000104632147663571,0.000541842081298486,9.92109582613058e-05,7.59105575411498e-05,0.000195833129006587,0.000583533699945048,0.000250800485626241,0.000231397595078209,0.0017610739902337,0.000327399073014061,0.00168063836894017,0.00194057849316726,0.00319990196920106,0.000878192919197532,0.00130391289195265,0.00063387477710086,0.000759651344891681,0.000263599991974972,0.00159637890458978,0.00353133029241396,0.0023602193192808,0.000987915786492222,0.000192384865202817,0.000909165693668324,0.00119620045593072,0.000588079908245079,0.00238068077412696,0.000930159333862788,0.000867120291817292,0.000434804290771573,0.00156432789133555,4.94230076786782e-05
102.25,0.011775941233645,0.00187634843492962,0.000618646856168961,0.000948136880191291,0.000403369359295947,0.00047826502993992,0.000952942463723172,0.000214331470093639,0.00929941031040577,0.0101860205368135,0.00142227459659817,0.00104818926626853,0.0026455736128781,0.00181248936038374,0.00393552195998111,0.0009516624145728,0.00270606444789546,0.000213041665925166,0.000134000761714926,0.000125324474522805,4.50148164182159e-06,0.000143471447492506,0.000315864768003081,0.000235762606900629,0.00111468009512721,0.000178483170281793,1.30182445197875e-05,0.00127615667718461,0.00721833790606542,0.00230583894553621,0.000310882972734507,0.000167349244923536,4.56950940003788e-05,0.00105271242361386,0.000203672358028135,0.00040289627262602,0.00173250705995117,0.000110525531608444,0.000149798155390313,0.00263079894478059,0.000107730546521887,0.000237533288890594,2.13306222830183e-05,0.000557268399413184,0.00300347413691173,0.00106491870007473,0.000639514618772794,0.00200081618082815,0.00101478052555208,0.000908174092081501,0.00128688279416995,0.000863590637270645,0.0015511836796104,0.00230543225536084,0.00243100124617332,0.00146758015870337,0.000695497629003048,0.00277088337026584,0.00601858974027335,0.0023663728088516,0.0322120607593622,0.00403786788089336,0.000139114368616183,0.0021442575726878,0.000311459073770685
102.5,0.000137964668363474,0.000360664921800804,0.000445569763318674,0.000513020494612637,0.000343878584792096,9.70781349646116e-05,7.00396515387228e-05,0.000224375906962769,0.00149410317149815,0.00260372088762241,0.00160327843770298,5.52062782076516e-05,0.000931513900011387,0.000678366674522518,0.00127921900767423,0.000693266303823129,0.000881306579349591,0.00020261006735302,0.000177803011292695,0.000423097341621269,0.00100437904310044,0.000212000821590828,0.000290755045187653,6.444714783178e-05,5.40165040171718e-05,0.000102826671128123,0.000101468790379106,0.0018544826082662,0.000687365206763111,0.000383054421700529,0.00198540533793039,0.00150347069209668,0.000874998696363147,0.00111934945078231,0.000688708527448113,2.81669465756134e-06,0.000146625712131771,0.000136783662289366,1.90156785327341e-05,0.000753197519838571,0.000262456013239594,0.000142781853654691,0.000380022868514291,0.000793683489355344,0.000454561101437953,0.000319340243371033,0.00016997747341307,2.34139357962783e-05,0.000657744320093168,0.00135791472357018,9.25630289417218e-05,0.000364065887547028,0.00114201375523013,0.000261805743504706,0.000945903764860912,0.00150306253360851,0.00122060328122112,0.00315924970511404,0.000604404043455666,0.000697364541651768,0.00305912042542979,0.00196389882891029,0.000109372276812338,0.000404587027321734,0.000804582766497485
102.75,0.00179535667779701,0.00413471910375679,0.000534935249583922,0.00258935459278181,0.000100325334548152,0.000329502953145063,0.000720344258772099,7.86885203882489e-05,0.00804411825273149,0.0018267850632692,0.000471188709399973,0.00220737755037382,0.000254923401509284,0.00147597694143023,0.00727550268098274,7.12258912199146e-05,0.00174302654949868,0.00141111873894654,0.000687795751902469,0.000452357033476132,0.00156738166987281,0.00208585929073046,0.000488384120433329,0.000833849706330089,0.000862327566071974,0.00190806918431945,0.000641617966855197,0.000824463443311258,0.000598723625950924,0.000351246539827927,0.00160162779777025,0.00200959517859734,0.00136253307018497,0.0032644120379917,0.000894648112971298,0.00085565675502796,0.000544726113875796,6.80230224693625e-05,0.00145482899736239,0.00323547874303001,0.00023767635581234,0.000962160855743048,0.000926431949015756,3.98383663204323e-05,0.00294543622480914,0.000416050406741465,0.000697465781543893,0.00229294169847015,0.000138146143258663,0.00160111627501698,0.00342814556850939,2.56181141086771e-05,0.000743909294743183,0.00262298274324676,0.000944951118030489,0.00166824087179739,0.00419134129441333,0.00575516755209299,0.00844128075673562,0.00340387927206335,0.0383582959649696,0.00488999980902199,1.1651204160739e-06,0.00158463640885675,0.00186417362236299
103,0.00966558536598798,0.000957408471393113,0.000660336419534654,0.00221370298025077,9.96718225844394e-06,0.00157879468275593,0.00204190018478789,2.89431538082468e-05,0.00481987363266985,3.41315102553643e-05,0.00166623382580008,0.00151633709052034,0.00103933728358424,0.00511943397662697,0.00688959264565412,0.000323550292094917,0.00128217061727317,0.00138377413612077,0.000140699747959798,0.000170125523430973,0.000217432195174684,0.000997702957164853,0.00153935915466493,9.57915986717206e-05,0.000351344042368953,0.00220804176857349,0.000765391710401858,0.00733793988761568,0.00050196125342971,1.47661534051104e-05,0.00530145904700566,0.00411194555534769,0.000580544820849767,0.00247775777219606,0.000165206596056975,0.000408985463740524,0.000105222688531243,0.000155602879865082,0.000478426111509897,0.00233207121849255,0.000433062473388435,0.00194330388887149,0.000985174028594909,0.00150046731356728,0.00152951854862905,1.94353845601767e-05,0.000708676728154512,0.00190173399670753,0.000898117519911368,0.00447514925124794,0.00228722747257254,0.000315147137350239,0.00145940158608075,0.00150731488901505,0.000144434852845781,0.000848044993956289,0.005103006873647,0.00181754330696692,0.00427069900387962,0.000217727370650753,0.0154100161091059,0.00106100824738977,0.000117775681292895,0.00120955266287224,0.00089595449592147
103.25,0.000885122123942241,3.66505965755734e-05,0.00311440925434935,4.97406536967732e-05,0.000706988385447669,0.000191105310804086,0.00029293133906768,0.00017081598601596,0.00266183273162572,0.0001630825750023,0.000440419300203032,0.000111870788871826,0.00118910625665817,0.00180571586214312,0.00297188363213193,0.000469446766018589,0.000919254745321311,0.000102987233408032,0.00140149113591835,0.000104532789133696,0.000866761664813046,0.000474106876914228,0.000114150867433531,0.000694770287205879,0.000732719272545577,0.00016529696200948,0.000387878023824881,0.000985095498051772,4.63371823353949e-05,0.000123462254376038,0.00130386045899992,0.000941357588786594,0.000508567926862211,0.000129872561047681,0.000398054455618789,0.000154615800418829,6.71759452190225e-05,0.00012758722365826,0.00192878241950536,0.000112540020145344,0.000959860372599283,1.06928495069791e-05,0.000466881522764141,0.000379480650417995,0.000608021626584307,5.20835340706269e-05,0.00206379438602559,0.000479901351434536,0.000309973307059367,0.000499401585613779,0.000845112937725922,8.68639778469129e-05,0.000612340126947851,4.72366347454565e-05,0.000314983020671856,0.000741491345236809,0.0027534110432488,0.00348564050975813,0.0026435551420461,0.000543786099071362,0.0207027734033053,0.00177868412624448,0.000327115566906001,0.000758980408831418,0.000597770111074394
103.5,0.00126430302334253,0.00386700341792183,0.00264644441239584,0.00274746780910236,0.000328479356259679,0.00151002155478091,0.00370651209836301,0.000189747178462311,0.0123717199039252,0.00513632393026074,0.00220936572197174,0.00579769282725231,3.3914268201107e-05,0.00764207644637876,0.00724159980489126,0.000224132927705585,0.00250816858291931,0.00121305764219759,0.000797094741304454,0.000646242274081649,0.000484249777246559,0.000619615011708033,0.000498558548107726,3.75150915444342e-05,0.000292380295832575,0.00250024628444821,0.00198965302856671,0.00318294838921319,0.000324901879567597,0.00365680446563099,0.00355007499982312,0.00129645648315379,0.00218956778820247,0.00171782647358856,0.00130270963669573,0.000727224008855678,0.000628824381966837,5.6152306866864e-05,0.00104743786510206,0.00344735107731659,8.21339910409149e-05,0.002079331275533,0.000432168635867631,0.000267664763075031,0.00410807914932105,0.00109704657619213,0.00120987376756444,0.00550423605425938,0.000237966147558117,0.00332841283036656,0.0048505358623083,0.000147809995498972,0.000486026598525605,0.00413409637601748,0.00116012651800786,0.00252402158528633,0.00484806056008373,0.0026849293236425,0.0127854058391206,0.0010807568704536,0.0540543491017712,0.00337574560827867,0.000200627404349431,0.00402250106182915,0.000724543843965355
103.75,0.00464428790391314,0.00292903400845498,0.000764943742126304,0.000199462114829364,0.000969655306470226,0.000108758057983766,0.000195842271292607,0.000440640452870566,0.000614093783480468,0.00397518921196619,0.000277096246082233,0.00129033847811638,0.000237508413645281,0.00125503334321839,0.000996527008299107,0.00162862749268558,0.00109696466195605,0.000257885565550007,0.000286245503739758,0.000862297940325499,0.000422245373119355,8.7769309277277e-05,0.00070458125855696,0.000554996264107735,0.00122279485529912,0.00021588210054135,1.68752968578622e-05,0.000242781436359676,7.72946614189416e-05,0.00480986327447701,0.00102347296373673,0.00022759072884772,0.000161559188690109,0.000146566672138531,0.00033448102320019,7.71094676403901e-05,0.000198503292835487,0.00108696915554037,0.000894816061685968,0.000948905264840803,0.000358374331373972,3.25087136968457e-05,0.000204494719055595,5.44453391333102e-05,0.000470639629477071,0.00146448846047298,0.001432765328278,0.00248177829403793,0.000255926007289865,0.000217121312342609,5.65529686597765e-05,0.000464964183601615,0.000118241981597774,0.0025228015369506,0.000505215567389786,0.00111084201641169,0.000766593172926483,5.58825122917467e-05,0.00031862767403931,0.00180069919848754,0.00534322284618504,0.000993525451829855,0.00032151221697199,0.000796388183904447,0.00031473175073729
104,0.00384692122797642,7.15951688645625e-05,0.00436019416022872,0.00139428221543193,0.000361605107878887,0.000875449608653905,0.000460510754447497,0.000313656726392633,0.00584260203767299,0.00304452506876513,0.000357134541170651,0.00171990933504784,0.000401730041005552,0.00431231053085258,0.00426189556162685,7.81289784815711e-05,0.00124543331425169,0.000691700557856293,2.06660986006529e-05,0.000416082698787114,0.00039409256957574,0.000490906762781743,0.00017215699398924,6.68218084812955e-05,0.0021765665226307,0.00234148813592405,0.000162958143140855,0.00281396954871931,0.00017572387044682,0.000516813771158676,9.30790696949457e-07,0.00105659116451288,0.00155430320020747,0.00181378679246325,0.000175088255199621,0.000295694391501064,0.00132908039510578,0.000250946433800114,0.000160636619137982,0.000793424034152021,0.00128211548623442,0.000811174440020077,0.000225552499462343,0.000494758681483037,0.00235087752567089,0.000546326288383819,0.00226213894930139,0.000416000874059804,0.000289329459399388,0.00290357856976994,0.00170339024410674,0.000268815555741284,0.000710545979781592,0.000356764108130802,0.000200741815903721,0.00227126573509476,0.00270653222472385,0.00334755073840647,0.00721702910832729,0.00101448822117125,0.0416426565303528,0.00357585023828687,0.000195634156940439,0.000227084752601682,0.000300313626853955
104.25,0.00010715842261663,0.00168384168185053,0.00043548741884657,4.73619529448548e-05,0.00106682828482937,0.000334106110336526,0.000441078086077291,0.000331821787550357,0.000288884056135371,0.00115481709712031,0.000475017170690861,0.00133598182355694,0.00110927049568922,0.00079480037419077,0.00090769099478083,0.000667173591935429,0.000248313249275111,0.00026711640767926,0.00028247446824309,6.78928185763051e-05,0.000283892974643446,0.000371876719815985,0.000371602311155963,5.52812590222147e-05,0.00108538295752388,0.000726816973773417,0.000886961597274877,0.00214861878455126,0.00146256288307005,0.000487067784198523,0.00195097426446129,0.00160023862661292,3.01842183747967e-05,0.000219655068723529,3.51086139589639e-05,8.4079366512499e-05,0.000202624034141158,7.60322110093628e-05,0.00146735486968695,0.000731033884603025,0.000264263410952426,4.39780476305136e-05,0.000190126757964184,0.00110900662784312,0.000346852279934753,0.000957535998273895,0.000567258481739867,0.000228047813259413,0.00100217405487549,0.00104112011738065,0.00048620692335937,0.000899975240930091,0.00110774821994556,0.00161787125520249,0.000715072192111249,0.000380302917060777,0.000645681287861927,0.00116754309634155,9.38464985170696e-05,0.000837185556040181,0.0041055968593339,0.000223891490466366,6.25235431470545e-05,1.37998501396649e-05,0.000308247585901695
104.5,0.000366164066698702,0.000299843805522302,0.00018272109155972,0.000281792380370583,5.12332402066504e-05,0.00112939515974943,0.000533594593743256,0.000378017417447211,0.00302229164533996,0.000702937227453471,0.000406799535111144,8.77326369566437e-05,0.000322001227677183,3.33074583879169e-05,0.00327072547623101,0.000699777016179113,0.000900147035825797,0.00146539842199233,0.000321453576352299,0.00103819852819173,0.00128026219806466,0.000683153230700046,0.000171103179005559,0.000317577335943258,0.000170128125831536,0.000139722757716857,0.000499442794494905,0.00145456004239052,0.000234642531592032,0.00186585611914912,0.0028794821188091,0.00045995872224945,0.00117195359039429,0.000428824303593984,0.0010190098253235,6.04182431189021e-05,1.11817552808149e-05,0.000400302660600254,0.00247182083379046,0.000312567701781475,0.000369169618656236,0.000472025816336396,0.000150030362158762,0.000536980545486408,0.000956364404414188,0.000493359874748953,0.000368884668984322,0.000338772785239663,0.000501831501429692,0.000727559704252693,0.000895794974723733,0.000626788172077074,0.000866211476590241,0.000122638927253316,0.000414437927868664,0.000119162821806829,0.00427437880662706,0.00212972602640447,0.00283769259820744,9.0912619938399e-05,0.0351305819668975,0.000976217359689972,0.00120126164733549,0.000275352303688237,0.00140406882524667
104.75,0.00106182292723842,0.000453377993319755,0.00166402035702748,4.91263512828321e-05,0.000453573760557311,2.99282936031037e-05,0.000384243768072881,0.000882680300938967,1.5569217198148e-05,3.03243712058796e-05,0.000520174838866518,0.000281173252322885,0.000817057393798542,0.00127623065888305,0.000990727098406711,0.00138966678741102,0.00108817110100037,0.000310193337062827,7.32393952407567e-05,0.000395748027088061,0.000770095283874655,9.08567371701387e-05,0.000197935276677153,0.000523492977234753,0.000817213031098656,0.000296074993600622,0.000442415442884327,0.000729584521806369,0.00158574220961618,0.000468122859668764,0.0010733489757251,0.00108350303322806,0.000186317633670955,0.000434046350559076,2.33404790921729e-05,0.0001130817816779,0.000420156327304963,0.00010581246345991,0.00045137885808183,0.000842486496957764,0.00102793391764723,0.000767691694647473,0.00101356012901031,0.000139420159153702,9.35548168810012e-05,8.92065308399934e-06,0.00139535755672287,0.000733086718574874,0.00112833290381196,0.000538871438349355,0.000800111622985415,0.00109954895251855,0.000568213893294461,0.000460168378456424,0.000849901565278514,0.00241722785116859,0.000286365842079539,0.000103180375850447,0.000559412197955843,0.000139679370276234,0.0120912899034896,0.000384217654282045,0.000389446748190212,0.00024890428926001,0.000270177356884986
105,0.00103876027770266,0.000251355069505704,0.00111306477644813,0.000145471058425738,0.000666333432663614,0.000291228404244387,0.000129981709464432,0.000519958923514285,0.00712545939462735,0.0044925819409881,0.00107639642168461,0.000149094437781222,0.00151303919652702,0.000699059742161785,0.00329706067538519,0.000248022856596381,3.78212193746504e-05,0.000837686075620667,0.000662922983219303,0.000329634797023945,0.0010116405182551,0.000660238119917982,0.000120700446193937,0.000886783269879583,0.000661381477346385,0.000157698718760596,6.02310084700057e-05,2.29725648999462e-05,0.001778849809261,4.84869564245056e-05,0.000738787293746306,3.48957955521433e-05,0.00110718715844998,0.000812764303636857,0.000474227393717597,0.000387660510588005,1.07704646094879e-05,5.36373639422693e-05,0.00228145901658404,0.000181207483586839,0.000100918593842029,0.000363456035773918,6.45463275730867e-06,0.000289084625682294,0.000512611121052122,0.000997158083282788,0.000455360878881387,0.000244367860373689,0.000701801578295231,0.000124381659606648,0.0013438530063625,0.000371557655154662,0.000851185265044291,4.58113654628856e-05,0.00106306188793512,0.000436858399187668,0.00402320336277712,0.00968078033949936,0.00822660832145007,0.00124774430373469,0.0809242758649158,6.74627239867728e-05,0.000176889063000292,0.000420743581966979,0.00099721900723048
105.25,9.92038263876793e-05,0.00102397154187165,0.00069068234687985,0.00111787827607004,0.000275793001217781,0.00106519574430465,3.79363429457636e-05,0.00136291896308099,0.00561473798548228,0.00103646949933607,3.41776046110583e-05,0.000958472595558098,0.000381754071035328,0.000309152974732241,0.00658751183922586,0.000827812758068167,0.00447099147827152,0.000671119871636388,0.00125013099119576,0.000478200455205616,0.000594057278849856,0.00137290570199013,0.000514871970202703,0.0012729195085158,9.27853845503309e-05,0.00101626078002333,0.000915071839240138,1.50690862661577e-05,0.00136814394933928,0.000305830144189452,0.00511779699253675,0.000179452538863734,0.00130540612662543,0.00104121708973631,0.000531866612319832,0.00103505682511014,5.88986807139015e-05,0.000828838987651351,0.0013784661138909,0.00222884134991437,0.00026455401471166,0.00042528550325408,0.000334541583189752,0.000171486687245263,0.00221906776536687,0.000837706587375535,0.000264075223322138,0.000892267172654508,0.000945518674626402,0.000180878279520867,0.00189502823826362,0.000483861662057199,0.00053927423134054,0.00139725435113305,0.00010375642974482,0.000672086805842995,0.0114559935818263,0.00113762960513383,0.0102097140434979,0.000244673339331476,0.0739492704940392,0.00169005219025007,0.000893675240932412,0.000307487401275318,0.000757470480587769
105.5,0.00130209211563853,0.000213186363385399,0.000776700022863268,0.000766990429833251,0.000242479847723708,0.00135710529181961,0.000383899714077881,0.000369062970298329,0.000151245946292116,0.000679215756222317,0.00111279489988158,0.000618348699761051,0.000315897917203972,0.00215320274802433,0.00112607406483152,0.000433016498202514,0.000338700806659215,0.000194543402335005,0.000375162282422737,0.000268199551896445,0.000277869173762285,0.00106379848362471,0.000140183509774933,0.000111010214600364,0.00113194651310419,0.00247880019233567,0.00148956156744976,0.000665776660826782,0.00217345959092183,0.00215047525923993,0.000526162883707285,0.000328145821477353,5.32558753076914e-05,0.00110822854296487,0.00020330238980305,0.000773427238503639,5.74540840981943e-05,0.000280295878392043,0.000155506140375514,0.000817071864221953,0.000788305921364155,0.000876884743967893,0.000882278026277783,9.25437286277923e-05,0.000316581291099096,3.61816298889011e-05,0.00119647786070251,0.000641026621295002,0.00276886541853763,0.000691515899968899,0.000294263290404152,0.00036359300287764,0.00196365417168561,0.000251679335169258,0.000120059221141692,0.000933026615164857,0.00154463291674382,0.00187870190808249,0.000986745990769372,5.12600100582945e-05,0.00760636693830278,0.00043842254771261,0.000675923439029783,0.000374381804191393,0.000337603642222636
105.75,0.00185938268400703,0.000316429922334753,0.00125934646639624,0.000218861438342124,4.42857770261135e-05,0.00239956170277188,0.00122481586460623,0.00223530491124358,0.0137799114583028,0.00339971736150945,0.0015451770869213,4.98534017579737e-05,0.000883900753392525,0.00843437480696844,0.0154425510032573,0.00274267477883655,0.000983330648155616,0.000184823009684093,0.000313645409973452,0.000734887009826484,0.00067718770007866,0.00163525214790114,4.26183949594102e-05,0.000960276274981514,1.25642367411943e-06,0.00254031888174065,0.00114505788352773,0.0079725848738611,0.000572262412740581,0.000780495159939884,0.00323904483578665,0.00604484041387768,0.000874282031904276,0.000843594803105718,0.000497452544413548,0.00140025681415364,0.000247377064477992,0.000685540659478623,0.000366749289122414,0.000477725209882921,0.000163254016701706,0.00055087501733575,0.000228852457103986,0.00106349765948319,0.00681959580027092,0.000271321374795434,0.00107937876659362,0.000344505265953046,0.00130382720866218,0.0052300607550858,0.00299874213459514,0.00200974168431783,4.69245796158328e-05,0.000197421105882943,9.08660849709465e-05,0.00239260960802301,0.00845802906349223,0.00805239947095577,0.0105415019031772,0.00109357088755221,0.108760812166323,0.000359342868620994,2.07726223343751e-05,0.000674552845969338,0.00124957812729078
106,0.00135045286846346,0.000355368343751252,0.00288136534603865,6.50494346803025e-05,0.000211857266046935,7.38080192226305e-05,0.000770355986834183,0.000472433237524485,0.00127525386748063,0.00185022837623211,0.00615417983770548,0.000168950944147962,0.000104509990739871,0.00048892934348339,0.000972308449929883,0.00082882417435862,0.00140774179643436,0.000416546224261847,0.000520887955315928,0.000126546431011362,0.000335321239106446,0.000632553575228016,6.52782468682193e-05,7.73950813678842e-05,0.000229926090282476,0.000701223266740432,0.000723876910188278,0.000606568390184732,0.00122725193567721,0.00107667733677556,0.000576794029162282,0.00115559781808402,0.000132633300564319,0.000246941807405448,0.000335200951827835,0.000297618340373704,0.00019483401699215,0.000817933319682307,0.00075297234752208,0.000422908704615088,1.28274562030997e-05,0.000196372277282544,2.68332917105985e-05,0.00026406778261973,0.000976355925276959,0.000392742679727218,0.00200960083530918,1.33506709493256e-05,0.00015564695907462,0.00021388483199391,0.000386812432202703,0.000655188258280768,0.00552782823837881,0.000346821594015622,0.00108158243771244,3.34809486836208e-06,0.000282141562893892,0.0141575700634089,0.00295310165542043,0.000773761932239299,0.0112693684143058,0.00258980638473989,0.000163821206308347,0.000263229404353468,0.000521721347577931
106.25,0.000911249012021144,0.000725062102469686,0.000965357817348619,0.000752281474518832,0.000506065682845114,0.00043752389292381,0.00087608066695287,0.000962508660274585,0.00258813182675089,0.00435566133803866,0.00265313317133139,0.00156204694818632,9.8898829816582e-05,0.00112548159209882,0.00155117915174956,0.000335723455920471,0.000933283522883966,0.00189841835013159,0.000111997604191974,0.000184187498247295,7.13936878385914e-05,0.000809703831645961,0.000703316785712522,0.000434361265194631,0.000296898076782079,0.00129300812087623,0.000517516309284208,0.000128396949054883,0.000783241994667634,0.000306314277361306,0.00116183760844331,0.000356484874773021,0.000429619668813183,0.00102172373510479,0.000373953374859515,8.83110854177335e-05,0.000228680809269157,0.000410024782287249,0.00174016979079789,0.00102693076603556,0.000530538797835209,0.000436279036854015,6.35125011915573e-05,0.000356102753283411,0.00232610084737601,0.00231226406064398,0.000957368105904456,0.00118832312046642,0.000475677082174706,0.000461090572702656,0.000868677005565251,0.00060912239024374,0.000146943639092559,0.000617126218099078,0.00060561310344214,0.000885851944800951,0.00205088381416424,0.00881106856526493,0.00335678484010654,0.000222158799333978,0.0187985715366706,0.000865170657074904,7.95789387044232e-05,0.00209098071817634,0.000823945311596927
106.5,0.00214193387494246,0.000218740084535114,0.00227796029159448,0.000107956544932368,0.000795797259209995,5.13627965824856e-05,0.00036250952648841,1.14445946317241e-05,0.00900713037412551,0.00434683215947972,0.00586292886596458,0.000257088625518418,0.00149685662329982,0.000489589298935868,0.00473333550086033,0.000259522188966489,0.000459820264788709,0.000708436609310784,0.000216973329699703,0.000139356802955132,0.000730930745524554,0.00117310650575608,0.00103510141581736,0.000702651988746397,0.00215438715697167,0.000699875572789849,7.19546852947321e-05,0.000481963198425919,0.00227973142242583,0.000401032134103905,0.000146578529043543,9.79077958362267e-05,0.000460906735619395,0.000155099793230668,0.000453617730406536,0.000563835856258653,1.67902054615272e-05,0.000235320529897748,0.000290008488553605,0.000149003622213717,0.00264167711957834,0.000287091442087089,0.000112108886749605,9.41484289089906e-05,0.000758141321243032,0.000528069340214572,0.00379035467452852,0.000363363206705988,0.000947638179918665,0.000379247194679992,0.000990758061355481,1.09561247830222e-05,0.00533547703223048,1.10672488225856e-05,0.000484981717151076,0.00116088884529081,0.00318813945295043,0.00144764239162531,0.00740840368366473,0.00055258715633837,0.101282496293064,0.00532212732191057,0.000137006656311536,0.00044705713426377,0.000640721971725762
106.75,0.00574256592461701,0.00142590760596628,0.00256549499480908,8.80513395688528e-05,0.000261235340448806,0.000983544236194886,0.000298471291919505,0.00060465845745571,0.00238920600159415,0.000693443726162672,0.00724030635872763,0.00178109583305005,0.000987524327679293,0.00104244429342181,0.00371227876487628,0.00034807929256774,0.000738349525936465,5.35193999570487e-05,0.000187187644675656,5.89522849317129e-05,0.000427746987350581,0.000164162409956323,0.000149289423915451,0.000419779239344134,0.00266077787075613,0.000367108107129286,0.000114228427840354,0.000674611874549805,0.00644232322184855,0.000276851957247725,0.000168876717084707,0.0015259652798852,0.000413189381999107,0.00119929875073459,0.000143779435876395,0.000232270980892831,4.50359885691265e-05,0.000375791997957486,0.000920136908237686,0.000623656633167152,0.00148629274275664,0.000553503670240609,0.000133164040055305,0.000122041700982334,0.000562077292405062,0.000343890004507711,0.00489871045932819,0.000547720975982552,0.00120059391261391,0.00112273245804593,0.000824837091070345,0.000559377909488344,0.00570048843768423,0.000959508199744955,0.00486875234701006,0.00102692828395129,0.000231156852741185,0.000634024224265632,0.00422294969202069,0.000820369367763231,0.0153967307044846,0.00109352794372806,0.000202425889783996,0.000168561551082223,0.000177117037759666
107,0.000378502181898358,0.000160197528720746,0.0035499905294456,5.54055105703531e-05,0.00165503225500708,0.00134629468018327,0.000196533166950303,0.000125746764740899,0.000746206775160017,0.00302824203098838,0.00289744324613934,0.000864674524745104,0.000398146442418494,0.000235243000360859,0.000573751830574508,0.00044744324995958,0.000324988749516012,0.00110119458029576,0.000339276663902457,0.00015431104744315,0.000387960076362402,0.00034498027933768,9.34497463346685e-05,0.000186776929036513,0.00143312661051237,0.0012037674123675,0.000484003472528442,0.000562526574383721,0.00113220296210539,0.000456545355508929,0.00158086051705185,0.000150872554610802,0.00043812028764889,0.000278533435360483,0.00012390645674894,0.000465616354985833,0.000306346832933135,9.4099750495518e-06,0.000268675713414823,0.000325350547533949,0.00188407470093247,0.000197136058029152,0.00053898748192532,0.000873050517617381,0.000168860414648927,0.00130987419663322,0.00322548927680829,0.00138744382571506,0.0032628624406197,0.000647043525625021,0.000271520815588171,0.00045214245240053,0.00179281251744939,3.03680431898516e-05,0.00297334374720166,0.000490576628778938,0.000298285410679771,0.00521004184780345,0.000929122882636041,0.000660713424123533,0.00113702289813417,0.00224688878223422,4.58587408824682e-05,0.000277178572368441,0.000257689957240807
107.25,0.000969920076603705,0.000884215937456666,0.00157291175007342,0.000594092778166611,0.000196335254467916,6.47912563559126e-05,0.00036904083493414,0.000821189978065263,0.00385988967906601,0.00125270868349082,0.000253977961565892,0.00138226325197058,0.00147011237375898,0.00343049514300132,0.00318898470933258,0.000556985455548026,0.000543240931420208,0.000776028964295612,5.74663664236125e-05,0.00181436459641016,0.000613328759197892,0.000627665921354776,0.000578076392835484,0.000175365727207888,0.000865874440944618,0.000705525276653598,0.000633177592082061,0.00182318111959037,0.000288826003384315,0.000600425168618598,0.00310754406380944,0.00160368401785529,0.000230467493389263,0.00106016933272123,0.000475207053840446,0.000215716907771792,0.00119861004791307,1.28097125360087e-05,0.00111576557704055,0.000915778637566501,0.000246449524428517,0.000285521868176695,0.000299542597146925,6.44930729516826e-05,0.00124234393222617,0.000262286607645712,0.00109638696614874,0.00114755666754898,0.000967971220972855,0.000804961352309335,0.00146759891528512,4.57660269105848e-05,0.000954339236718337,0.000498492598499814,0.00021120137748608,0.0010955505924555,0.00161508203032345,0.00363643088782012,0.00368106992084708,0.00025498803361759,0.00936644378683292,7.54749192096997e-05,0.000131217026745187,0.00160236748859613,0.000697768253746809
107.5,0.00069192825748596,0.00264698804957917,0.000220169615220953,0.00373349941054446,0.000210886943844534,0.002775585834347,0.00222203194987767,0.00144209307135212,0.0137198155974177,9.91624317288728e-05,0.000136647675546842,0.00319521588625579,0.00188610341294284,0.00429907304390995,0.0212027448976247,0.00167719571395502,0.000563048002278432,0.00218855559888069,0.00138935523898535,0.00112273011945754,0.000627612422598897,0.00193264581305813,1.37283621282317e-05,0.00021715350901792,0.000158627811444599,0.00596408335717471,0.00325079371474107,0.005580002412356,0.000306946527726168,0.00263022622433461,0.0112062591510975,0.00505486169804302,0.00067764155562006,0.00302121603844995,0.000851265355442043,0.000828438549335956,0.000162980419329731,1.34759850030084e-05,0.00361864198943002,0.00145512378704058,0.000225428072078861,0.00397502602331213,0.000806960315005269,0.002220556144628,0.00443848982678549,0.000475427936104379,0.000173940083188512,0.00183294536083177,0.00132786321614097,0.00602436426268541,0.00697227785605797,0.000755545353435094,0.000379843972753926,0.00213134066028228,0.000388648551039632,0.0028929732389225,0.0134636532076368,0.0120362695845128,0.0193216340170227,0.000293417942816013,0.151330313751236,0.00133410116049795,8.21162010587432e-05,0.000274069295741251,0.00162718063697286
107.75,0.00723616163088272,0.000890676114200961,3.9572794838476e-05,0.00026714195514103,0.000211122803192537,0.000875146746605673,3.92203271581974e-05,6.50662887123298e-05,0.00374034208008751,0.00357139967724353,0.0015412300770431,0.000174746818727894,5.20330724096036e-05,0.000685240192235347,1.1331667318474e-06,0.000238036095541055,1.33343426941441e-05,0.000117108342754299,0.000344365295899246,0.000116369791535601,0.000631394755369518,0.000641778208792119,4.94655072281039e-05,0.00010077719456723,5.24985162224878e-05,0.000160844937670921,0.000290547731859457,0.000483788098080214,0.000674906292439928,0.000130339967390526,1.55983431321926e-05,0.000516997449339845,0.000812526671737047,0.000957764786525467,0.0014462148079286,0.00118632165240745,0.000417825405390472,0.000394967980760215,0.000577409391711288,0.000468655807015733,0.000844708498492224,0.00010019981325248,0.000203620683173729,0.000246162484847177,0.000574429406040314,0.000204659932808833,0.000272574727504446,6.07247102584455e-05,0.000610499017911588,0.000255865291249021,7.60447134491188e-05,0.000362321721603369,0.00162010754733907,0.000599642581700574,0.000263287511055871,0.00022013768565189,0.000271852517188565,0.000179779665325983,0.000406968513462985,0.00107397206638653,0.00270852200293237,0.00118853903996504,0.00121737630211505,3.92222413479828e-05,0.000861918089885718
108,0.00102973126341772,0.000616954522748758,0.000956803187442892,0.000607052865696369,9.75233279959934e-05,0.000225665391871436,0.000614298565264558,2.2831917256968e-05,0.00143706371105577,0.000663668987536726,7.08366714597409e-05,0.000473197838798794,9.70726422811946e-05,0.0018740490856291,0.00310994743238569,0.000516477167124917,0.00261578518219537,0.000966082799299297,4.46978871569941e-05,0.000276893530912284,0.000818842035851624,0.00109191975170834,0.00030613037610797,3.73906901785635e-05,0.000832824660692288,1.03906388754163e-05,9.31746234757519e-05,0.00310698610786834,0.000640357016957739,0.000926505470822991,0.00168536658012126,0.000251813959397077,0.000901358568660827,0.000766222420636588,0.000717504700840622,0.000458719493718071,8.96572767726812e-05,0.000190368353904615,0.000726305544157135,0.000804082654111936,0.000599497399236102,0.000565192514035456,0.000109005962431819,0.00060819778831605,0.000901751681386683,0.00035528776786643,0.000877402730305087,0.000252666703398392,0.000584100544677493,0.00146017149696143,0.000151238107372697,0.000889932518636991,0.00212702007781875,0.000672183842837735,0.000845768641095808,0.000797929648084976,0.00381559236339224,0.00335185998717605,0.00249327570375177,0.00016894262262147,0.0253099629919621,0.00296869409151632,0.000170269635996401,0.00018396537663539,0.00120790954570715
108.25,0.00428099009438374,0.00318811767461565,6.28678166408655e-05,0.00103377566903849,0.000186813749871518,6.3071570760271e-05,0.00169984240022397,0.000803069320334975,0.00982257691646126,0.00686291823192984,0.000922131574150544,0.00138227936435473,0.000479661842969946,0.00100086566064232,0.00446852849952145,0.000264648379066416,0.00065391182725687,0.00107314645506778,0.0015013639556204,0.000523922027548162,0.000359299999908718,0.000722002413222512,0.000265467175159011,7.01640400600825e-05,0.000216575473247089,0.00255017097034645,0.00100126346284017,0.000443550130987849,0.00101327797804358,0.00207481115167508,0.000455053948190505,0.000207440559563474,0.00143096543141054,0.00107458820613893,4.79893278482842e-06,0.000370018477723988,0.00022401721409511,0.00125312490078112,0.00188116047667698,0.00133135587779694,2.10599950321778e-05,0.00117425988486064,0.000293412046169292,0.000383198546905938,0.00351380719683393,0.0015309221914528,0.000206185706321115,0.00232276344905521,1.04677191485304e-05,0.00101579945391943,0.00170183742823587,0.00022863380962587,0.00315668274249566,0.00201049112809468,0.000880428860334686,0.00203563725045379,0.00154704991744873,0.00165658273943524,0.00725595248290902,0.00120860660045145,0.0281457144407814,0.00158860093888691,0.000305918540458071,0.00255222441473008,0.000425716385819821
108.5,0.00414901497182906,0.000640505199776811,9.16212684922679e-05,0.000664123207009769,0.000520322105833375,0.000201760028467501,0.000170706597502963,0.000649371268923498,0.00549938669473507,0.00959508758246999,0.00114647422417813,0.000120939455062025,0.00254704755228745,5.0496540448955e-05,0.000101814305256248,0.00132526384311032,0.000236312689401137,0.000163078237508833,0.000128068545656969,0.000590795562172121,6.39449259787103e-05,0.000197504085415374,0.000337148700048426,0.000381091809013009,0.000565618274891809,0.000100976172297078,0.000325502500398943,8.63389611798931e-05,0.000640987261705395,0.00072054180367843,0.00011083849711986,0.000249186204852792,0.000142066229099412,0.00106757925424051,0.000199010101624566,8.49160504804804e-05,0.000462593242857346,0.000182176373310035,0.000791738826880345,0.000665808684414157,0.0012820429440909,1.75204925218993e-05,0.000188333560876423,0.000239601132060437,0.000646380313846276,0.00210204436596595,0.000571796844907522,3.5566667721036e-05,0.000153618790571617,5.69698987123569e-05,0.000128556789418899,0.000522408481162272,0.00212443665663945,0.000196258014140977,0.00209667750484914,0.00019058705038851,0.000308140807968811,0.000452142420306024,0.00100124614982768,0.0032359581853761,0.00364775207342542,0.00156701919958456,0.000906593657530792,0.00472322216645372,8.18949614594711e-05
108.75,0.000578349414727464,0.00380103144035968,0.000584119121889001,0.000315767505116202,5.35819784824083e-05,0.000642598145773517,0.000278344155160686,0.00298333621133136,0.00127626236570889,0.0023045896336761,0.00198098666099828,0.00166836168653757,0.000466757247178733,0.000651630247616265,0.00114991084719575,0.00124897487884805,0.000245677629374904,6.90391587438828e-05,0.00013897027955137,0.000441000024442378,0.000339617386695524,0.000131515221905285,8.91305458966882e-06,0.0010481505066829,0.00106782093763945,0.00134161385712592,0.000123039965320282,0.00133897915765429,0.00450306954507724,0.00201158768828433,0.000304397378251236,0.000107301337652585,3.80982206406223e-05,0.00028042091847819,0.000316672815686478,2.15249990192845e-05,0.00019743772884279,0.00124929132608159,0.00233548674010201,0.00114829183207797,5.82120948864374e-05,7.5502297706956e-05,0.000566254234958083,0.000519634957890318,0.00126058049461108,0.00304991384495628,0.0012725486523344,0.00181131639142433,0.00103937690070544,0.000593454264315683,0.000243616295711404,0.00116852067935241,0.00196405205928001,0.00284853251034165,0.0024406721986144,0.000182260702215847,0.000218127081418985,0.000494901392171258,0.00162239542747388,0.00302044619740875,0.0131307780736669,0.000358081518833951,0.000435056626024663,0.00111438583800634,9.47812902966133e-05
109,0.00041952597500377,0.000741480071025266,0.0010717982261082,3.54944887091917e-05,0.000150497887800989,0.00171688256491276,0.000681906313251694,0.000601303255067071,0.00618305229504511,0.000465642723408026,0.00146670755032985,0.00138440345857902,0.00131076694565007,0.00463731409412632,0.00576162860562647,0.000676303834917725,0.000310650163380261,0.000570064424248196,0.000433749874100616,5.04883891952688e-05,0.000159620792067581,0.00125688941533856,0.000142112267686309,0.000118007711373692,0.00152536214957885,0.00108927489619247,0.00131214855004351,0.00488505670324183,0.00138651510097801,0.00149578156820123,0.00332359436992053,0.00131133669929966,0.000239942501426155,0.00032923605900487,7.52295517330101e-06,0.000348107058707613,0.000141458139472525,7.06087400002689e-05,0.000599664066237221,4.55384676793522e-05,0.000725437208404305,0.000944154806831189,8.68302783073526e-05,0.00130894819785358,0.000549571183698169,0.00111215851558363,0.00143551157365541,0.000786362353387018,0.000784887539738901,0.00343509202382396,0.0024446884729637,0.00108727897937845,0.000839541859199637,0.000499271088079444,0.00181138358068584,0.00202131982010516,0.00388548811694942,0.00215232248336147,0.00321321583299558,0.00035479489391182,0.0408559123350106,0.000489396534219013,9.24960530958748e-05,0.000122359218602319,0.000436119563860897
109.25,0.000452429802772166,0.00166884429858943,0.00197691710250526,0.000958838451380041,4.19549780101405e-05,0.00217108503207922,0.00047359483625705,0.000189276412065784,0.00649643141654178,0.00261012351483473,0.000170204113034976,0.00105079032865127,0.000118300155333426,0.000551772503662928,0.00935414088837734,0.000795408154324871,0.00295038536139416,0.00139422180743268,0.000529950961080716,0.000506432556437947,0.000171660454761472,0.00135949768740453,0.000126943361298887,0.000706200580082272,0.000152730966557791,0.00100249388700631,0.000700561627302351,0.00120787968097311,0.000531369336379124,6.56462189032275e-05,0.00156696544979161,0.000131762403173807,0.00230711623641326,0.000904339321018206,0.000675609726129366,0.00173693976007901,6.23688598263839e-05,5.86065496059131e-05,0.00106365002653047,0.00104883183558063,0.000230325249265368,0.00185264758948029,0.000487647485291522,0.000580446854529573,0.00102806530458183,0.00014037086178328,0.000523960566841778,3.16942387973135e-05,0.000332133455014077,0.00137315844764295,0.00167308185430575,0.000192086073654771,0.000250880672399324,0.000674509921601166,6.87957567985049e-05,0.000176444004883356,0.00538536053758291,0.00199939417556088,0.00979882042027753,0.00125396569690096,0.0644675223760077,0.00328316531449919,0.000706607633524918,0.000545989025310022,0.00125071450790974
109.5,0.00193206256313112,0.00128430427326974,0.0010816020874278,0.00164263143890613,8.54153774033442e-05,0.00050616585288189,0.000290031294165251,0.000370148234410345,0.00761280156162818,0.00310219983400672,0.00228145029846031,0.00194501246610622,0.000695981767659039,0.000195884232483889,0.00595707190508477,0.000189521146097011,0.00241923810385599,0.00167098933840093,0.00167404521861551,0.00059529989654754,0.000775131010625417,0.00209286125659939,7.40731382435782e-05,0.00106139593399824,0.000122992576281334,0.00117621678524845,0.000449713210953121,0.000208601752041366,0.000782256181867544,0.00192150551526325,0.00147898911841966,0.000197307632208391,0.00155565463975526,0.00134752528184835,0.000838718927065478,0.000646686152571404,0.00020274214086329,0.000135956947951635,0.000484235588347773,0.00126624266683523,0.000667624424143128,0.00203267867678156,0.000101717466052016,4.05982518413983e-05,0.00200475211446976,0.000167797598555606,0.000400846908908039,0.00148347123812392,5.34348318567795e-05,0.000280145195310232,0.00364444175469651,0.000394468056018591,0.00202678391630467,0.00138603088518435,0.000681370681640013,0.00076285824946657,0.00441024185604036,0.000291821264539529,0.0105428378956577,0.00130015215680528,0.0554553768457276,0.00263767257209857,0.000884197106785061,0.00121320011669605,0.0021718763933479
109.75,0.0010691440820759,0.00300168821553097,5.31650345609428e-05,0.000357080045002399,9.11326282145906e-05,3.209051635761e-05,0.000436364024840357,0.000181665526488842,0.00317360535794902,0.000208819391932804,0.00265271836561426,0.00315184163223441,4.97567589909302e-05,0.000872740871170523,0.0035835054129327,0.000109943695088549,0.000617979230919807,8.63424074727071e-05,1.93542109786293e-05,0.000293190443600001,0.000838953024175422,0.000397624636022742,0.000268760955074791,0.000218072297290831,0.00114838739504182,0.000334460166694891,0.000721599790468969,0.000228772987362452,0.00146613524624945,0.00122369554641614,0.00501596359163651,0.00117120092496781,0.000368741780815042,0.000299289285368382,6.2746384743979e-05,0.000389697806405442,0.000166241036566522,0.000462443712010217,0.00228936668758313,0.00106004453731937,0.000416540923804081,6.94650739298776e-05,8.15648646228118e-05,6.54719621052165e-05,0.000956084812500397,0.000349350180933897,0.000625265491004119,0.00217928344082363,0.00110418551281305,5.60062988095697e-05,0.00127725765377532,0.000151413681776095,0.00358134652120608,0.00295623477215866,0.00129968732103878,7.85953738022299e-05,0.00232549586183298,0.00687441309103177,0.00285270616667928,0.000271594086059292,0.0285205572065538,0.000289922405396419,1.66676487316057e-06,0.000189481610460049,0.000358293574591931
110,0.000850501910256517,4.34985421248651e-05,3.76280209351501e-05,6.20986899753126e-05,0.000498480635370526,8.13850751502536e-06,5.66904736282027e-05,0.000420669223394266,0.000367943959722936,0.0058007368844512,0.000619429658908041,0.000285646168602791,0.000424357260678686,7.85174794933064e-05,0.000444653332619586,0.000295481741620008,0.00112479705649186,0.000331354362700993,0.000125326956410165,0.000337234976514965,0.000728368456557115,8.06645850303056e-05,0.000128603163287816,0.00108076019792633,1.41458389315246e-05,0.000587435011297599,1.9343514509586e-05,0.000106125626026044,0.000954362070646421,0.00141732797723175,0.000243401819588613,0.000532343514659857,0.000262365940530045,0.000423271425465995,9.36222707911231e-05,0.000460904430255795,0.000127848163364262,0.000873473019983679,0.00126427948314027,0.000313117245866073,0.000106158701018664,0.000103680548569651,0.000171222585279313,0.00015162606510247,0.000348814419105748,0.00153665986840955,5.52950433823064e-05,0.000222273877328671,0.000182251705804489,0.00013147794418356,4.45096316091112e-05,0.00106394570863531,0.00214054761191897,0.000271198297385392,0.000498542203727296,0.000206835365869912,0.000808917676257129,0.00172494095105806,0.000336226734968237,0.000453295797016036,0.00376229684344944,0.00129908251471342,0.000186107267133194,0.000100509287395771,0.000475749608726157
110.25,0.00166954089279401,3.76857346446448e-06,0.000972776391387932,0.00023346029154317,0.000173990089495072,0.000546034400981348,0.000758282217586094,0.000543451222553653,0.000719004775263299,1.55009472165622e-05,0.00427611343643799,0.00029334646456498,0.000748587692931573,0.00481940175803528,0.00227197081105014,0.000659120933198351,0.000213395172825125,0.00021127465832213,2.3143333482717e-05,0.000248042095793459,0.000541175447964009,0.000161144199431546,0.000195584161277059,0.000198470730248076,0.00103126404674217,0.00202215477689713,0.000724451575908253,0.00347938654987145,0.000836984089697878,0.000958108644975362,0.00107208745577554,0.00335529610295612,0.00035218669067863,0.000553847016694442,0.000346603921924691,0.00100506431457764,0.0002265692552145,0.000426351036186071,4.39303084112935e-05,0.000333673862950545,0.000500006258500509,4.22067763015534e-05,0.000592108993469349,0.000899157949566396,8.61959857746102e-05,0.00084903643933362,0.000804930703222103,0.000186315512309922,0.00137917618562273,0.00254137246752162,0.00205243788551372,0.00169070385695674,0.00176619490191485,1.7539297363287e-05,0.00352565308233862,0.00132186704484016,0.000397589873860306,0.00977834661932833,0.00102757681425173,0.000575501648216761,0.00479540311541654,0.0013564231580536,9.02326462519152e-05,0.000766552147245096,0.000280322345751106
110.5,0.000165518409454564,0.00732104967568822,0.000224031411701913,0.00295035860284003,0.000130731542868005,0.0016095560390067,0.0016975710516394,2.53890515688154e-05,0.0241721054367338,0.0112264464649566,0.00120141939261636,0.00694189865799791,0.000105718403731391,0.00222052023423621,0.0114853613821381,0.00191566533774147,0.00307364614038773,0.00170590740048544,0.000150208419830312,0.000353934746839858,0.00107409231531783,0.000831536724354267,0.000110317674256232,0.000229742267995185,0.00110182398702245,0.0042808859800603,0.000988396434257577,0.000508552023854223,0.00191986357062299,0.00897444576342583,0.00374856512154711,0.00105113515292765,0.000524418066584782,0.00174077144675715,0.000352145704825082,0.000781186641545545,0.000267739162052997,8.46668505909116e-06,0.000828360505805588,0.00445165315690577,0.000232262733175518,0.00300861212494099,0.000336719637832478,0.000841920152242105,0.00258955512421715,0.00162362805511678,0.000592411411678553,0.00645947959172599,0.00013435377728627,0.00301968944230008,0.0038096642031988,0.000182975228547353,0.00203434431297235,0.00784138387024766,0.00110279063043995,0.0071124839375124,0.00659290791644757,0.000214334943103842,0.0200452328305541,0.00344842519942773,0.133638096237683,0.00629982514754118,0.000184712892681588,0.00171845692337251,0.000678682610619411
110.75,0.00320324691256695,0.00338898982840761,9.37193879628615e-05,0.00116490782157171,9.61923404944709e-05,1.08189495155869e-05,0.00103327359954192,0.000352066255626605,0.000431945743688916,0.00152250624078347,0.000739697491972778,0.000991522926129576,0.000576680097780544,0.000263748543212876,0.00208544568589903,8.2053078785149e-06,0.000173708496259773,0.000505955634442365,0.000400629550224162,0.00039363693896208,0.000180350080974223,0.000181047443544084,4.98811277971729e-05,6.84026543696811e-05,0.000731759712738062,0.00021548335725361,0.000170359752882353,0.00108061327162414,0.000732676793096096,0.000676098931015669,0.00108691702020365,0.00118119083784656,4.06320667764278e-05,0.000864401221573388,0.000415168867182002,0.000193309543676492,0.000241969670136224,0.000302813762990646,0.00130781753007138,0.00110859340756528,0.000204752157606238,0.000640477541005628,0.000178205007096184,8.79971471525121e-05,0.000383974024251165,5.18378765646465e-05,0.000206680977219177,0.000153593293761728,0.000928624413735191,0.000324010066832941,0.000717738562527854,0.000164978792569338,0.000195718237031922,0.00192666167331516,0.00101424351951008,0.000972484792048326,0.00146325920946504,0.00031865341462983,0.00134314677272485,0.000847032885544125,0.0187962378286277,0.0011445449198766,3.27674526354137e-05,4.70647598593651e-05,0.000350794569580177
111,0.00133043475780739,0.0022849093862722,0.000440830584366937,0.000180533760288049,0.000195195246682023,0.000389730220460109,0.000130896197571435,0.000128748248977417,0.000303256947513146,0.000475512066760735,0.00044416288883396,0.0033239895663402,0.000528851721998463,0.00448723943495235,0.000873527727608334,6.44068162208107e-05,0.000556545394107938,0.000119921088322071,0.000899445805022624,3.01748604963414e-06,0.000124702016497879,0.000142878390088802,1.4971084283306e-05,0.000349642859519185,0.000829666109252341,0.00444711704665181,0.000612386792039027,0.000551967705624753,0.000634231536188203,0.00969579571673396,0.00181177759372644,1.70396814232096e-05,0.000657540759942297,1.91030947055579e-05,0.000117233072704037,0.00101976952126976,0.000273070915271561,0.000884665016452471,6.94184537381172e-05,0.000791944077931884,0.00055954350240281,0.000223848951408894,0.000223696665559864,0.00014270565911675,0.000409911748174042,0.000421935580422602,0.000533441422188849,0.00426543882901068,0.000301933847316654,0.0017339106022456,0.00174175951307055,0.000617435496795759,0.000255381024007376,0.00360364003521068,0.00104150387337784,0.00770128935529209,0.00174051481895908,0.000531802823104489,0.00142362916897255,2.86394315192557e-05,0.0126782077948586,0.000265961537286837,0.000591719091567632,0.000203362984800034,0.000211410762437546
111.25,4.96552930798255e-05,0.000421087004418497,0.00420449846716363,0.000228874724075118,0.000212116676073012,0.000914965388606881,0.000129512350055612,0.000424951941469126,0.0092144522843845,0.00428829487723476,0.000612458111746841,0.000206015062570194,3.1745506368737e-05,0.00586063675959824,0.00523778696320698,0.000192588731716237,9.00084882394863e-05,0.00094381422377718,0.000340678006881716,0.000710032549147822,2.86187200396475e-05,4.38880730537377e-05,0.00037868540810334,6.03975793296981e-05,0.00163470011399807,0.000477624918217533,0.000148947858076052,0.00527136464824211,0.000596265718450445,0.00108959315238918,0.00178083480945885,0.00113531400238699,0.000790623182666494,0.0015269710964695,0.000171431012482933,3.34979194560155e-05,0.000338124505647404,0.000482884708242217,0.00135214434289379,0.00081945807932815,0.000994610616375029,0.00018130017448855,0.00014757934039398,0.000863886483634918,0.00163611043630684,0.000113265461983038,0.00416542007889585,0.000364029728152696,0.00057457843703014,0.00355889787532454,0.000746741527634073,4.45923516347485e-05,0.00177597561496966,0.000138130294071378,0.00131623712468566,0.00205367425516587,0.00540166445282592,0.00315938289055142,0.00904503295888055,0.000428845467914311,0.0819121889921685,0.00653551516386305,0.000101238367770206,0.00103981927579738,0.000273021260543188
111.5,0.00166871782498514,4.5308375718865e-05,0.0017634703519094,0.00011204067401054,0.000446735427133897,0.000323240569858468,0.000679161169111747,0.000165956151944115,0.0052651141309548,0.000144507788902553,0.000173709805270885,0.000134180648434526,0.000202347538916543,0.0010389854587895,0.0039121637572614,0.000410913956274893,0.000334731700167053,8.8690035253481e-05,0.000148675318623211,0.000198611522206463,0.000199926587381024,8.5621880175755e-05,0.000156508717037603,3.58649323577343e-05,0.000575358199375699,7.24852511874603e-05,0.000793630330401591,0.00177230499766092,0.000151045016685649,8.75526741856721e-06,0.0012979718921146,0.00120690692205969,9.11702926060595e-06,0.00018661811108934,0.000329620530063917,0.000499206834788568,0.00013623596695562,0.000124769945397226,0.000113415941883063,2.82339824421804e-06,0.000170659888051722,0.000206536648679936,0.00132853777270919,0.00065206441597368,0.000688263873220575,6.90012358647252e-05,0.000931685677019807,0.000149994865938095,0.00124897978988701,0.00123739426260753,0.00133200900722947,0.000392887407740774,8.41083380890802e-05,0.000192946396483655,0.000148479506552375,0.00129266109857403,0.00135042176248336,0.00179798807677912,0.00397049971866652,0.000323501604398042,0.0459581282556023,0.000339102048145593,0.000200046041513875,0.000645200871983905,4.40916470562744e-05
111.75,0.000233964565934294,0.00498460984357815,0.00286044024735883,0.000806775386278927,0.000489977774899226,0.00114491714978261,0.000271077137108098,0.000928671754189562,0.00554519333648778,0.00673210793469385,0.00111622433666492,0.00290928456978713,0.000178309498184293,0.00235474243056756,0.00804604696511417,0.00338358948326415,0.000672323961455342,0.000234975725514182,0.000369224614345164,3.23833435719334e-05,0.000112801026490911,0.000525496223969713,0.000299177680863289,0.000263364320186419,0.00147686829179556,0.000571036252535812,0.000329354359759671,0.00115912424167833,7.99500287992225e-05,0.00405858506271381,0.00206654752429907,0.000885006295989517,0.00105997404112854,0.000748950301732028,5.49862198440658e-05,0.000164678560279933,0.000184779074590846,0.000485604944296476,0.00382910559452765,0.00177808520924505,0.00105793325054438,0.0008778782180672,0.000441636730556026,1.5354618130401e-05,0.00224948652182772,0.00140174662879708,0.00207524093514745,0.00189075398197393,0.000119359900554659,0.00126795670142278,0.00205085920717856,0.00156124440951737,0.000998088807069586,0.00365534045142319,0.000373669684184652,0.00165765331682613,0.00461653108052009,0.00211872353748139,0.00705576119726752,0.00529328288442821,0.0723187227189303,0.00274265245623005,3.33263452399888e-06,0.000720048029887908,0.000273541441347572
112,0.00719854547534261,0.00534256201763334,0.00068006115117184,0.00354527303142806,0.000239066001237588,0.00178026917608011,0.00274415481264479,0.000240690876162298,0.0122255072594002,0.00322748908448721,0.00275896207940265,0.00428080950194155,0.00281468166410601,0.00135638141851564,0.0169555981580575,4.76148645398214e-05,0.00356407518917078,0.00290860127231896,0.000667548176428275,0.00025857716512482,0.0012637120532668,0.00199754172649658,0.00034199612463041,0.000261038844570187,0.000124566790981538,0.0015784364548028,0.00292241521428874,0.000234702327533578,0.00227166799117791,0.00414519453895988,0.00827012958864508,0.000286324760859964,0.00189271020844677,0.00375446568600948,0.000171811188329506,0.00147995978517183,0.00193157153874602,9.31372416894721e-05,0.00543985301577685,0.00467966449106581,0.000502277022341753,0.00191129703048329,0.0011539496393815,0.000340125080018688,0.00614547329733405,0.000626012444118167,0.00117005068896974,0.003750390300417,0.000540389727928605,0.000645221801424873,0.00612402159505695,0.00049588820690638,0.00580324838299816,0.00448687029358006,4.03831134985606e-05,0.00164487569489195,0.0112669761133439,0.00373117491788208,0.012467230161424,0.000485679010551888,0.0802164044471485,0.00134140880876913,0.000191444879311721,0.0019397699742359,0.00166233900097847
112.25,2.89303134858303e-05,0.000982466358064548,0.000198247743709887,0.00150428528700627,0.00010624015042299,0.000464216220696059,0.000315079586318451,8.69260348648791e-05,0.000299894912415457,0.000757782926214792,0.00148020877639491,0.00103109594541777,0.00284130333902288,0.00157253727475637,0.000990865593592883,1.45278733278517e-05,0.00136716563630039,0.000398255462758761,0.000270324519868904,0.000115000375823892,4.73407611011812e-05,0.000277770102339953,0.000171590702368547,2.08653121428878e-05,0.00193404836093999,0.00128552508584884,0.00149061844285376,0.000205454647828304,0.00722933527565095,0.00410804800876615,0.00151431034871838,0.00056787222934842,9.43200180816852e-05,0.000858478452384251,0.000184075799413079,7.49392264027822e-05,0.000154654084878595,2.59286831100758e-05,4.33603078380293e-05,0.00212601044033789,0.00111071171011996,0.0011867443841212,0.000609146116375663,0.000291879867452111,0.000126841718236875,0.000347972691664905,0.000866473625822053,0.00471614035440514,0.00247581393023734,0.000494483703558314,0.000413419028579217,9.60031064422508e-05,0.000376916356285862,0.0023881958731647,0.00166532811670394,0.000799145688598869,0.0019535888453129,0.000341562465670125,0.000527147542094262,0.00046742208640269,9.88362569931653e-05,0.000108173927439174,0.000529469693052988,0.000187769396595644,0.00020524874762806
112.5,0.00199337386014838,0.00108950769632182,0.000580189906159709,0.000827580121240064,0.000207919209169768,0.000865410384548611,0.000856411990254089,0.000338749071964877,0.00613115762404652,0.00292335326216487,0.000648326338969101,0.00123716052375626,0.00138603433183525,0.00274831641472594,0.000883491229731909,0.000189926304590606,0.00213473603427337,0.00093786421595737,0.000226283368156124,0.000122085580990851,0.000335319151245531,0.000762289347211579,0.000576491250570471,6.48615817640648e-05,0.00140591464496829,0.00129402888865555,0.00104577390882997,0.00166877369763297,0.000253460575535984,0.00109087442746706,0.00172648623418899,0.00290850091306794,0.000167957364032844,0.000763246018202161,0.000141715332844648,0.000541163806264875,0.000954943322168667,7.55545146346122e-05,0.000123358608967068,0.00132147874375356,0.000525512676236011,0.000946901783289282,0.000765600909192156,0.000185357382431498,0.00320935183684508,0.00046820092409425,0.00172956952500987,0.000676213551104195,0.000816913494527907,0.00172440339295721,0.000864836610189344,0.000315989194584205,0.000723227046202484,0.000931322599421512,0.000604054094510394,0.00108728101971987,0.000302786745500167,0.00183210149248307,0.00229686807322862,0.00213595406334368,0.00242276905273077,0.000625428335542343,0.000148426248166524,0.000633039821532115,0.000525521913867011
112.75,0.00411762523760368,0.000751690272399054,0.000332439983172101,0.000490703691883541,9.49557648624733e-06,7.58172011578457e-06,0.000231756948763106,0.00111713882595547,0.000426215932297035,0.0026835355169774,0.00272738689520728,0.00138166484863597,0.000151212641018412,0.00199384932819475,0.000782698514269749,0.000628002988117349,0.000601523554093914,0.000873834280811471,0.000326810787511989,0.000290557812979938,0.000227444398045142,0.000124472283261781,0.00105111791799772,1.84763254135554e-05,0.000531581926835242,0.00111927505762196,0.000534828663402355,6.41898717302063e-06,0.00345367769752774,0.00441723133270978,0.000996811369547739,0.00104658237369898,0.00117442588688134,0.000136766175550105,4.39462732580079e-05,0.000128684676718476,8.51369171531013e-05,5.28835257196914e-05,0.000631042993399721,9.84443798805409e-05,0.000268987097086883,0.000573653133531017,2.7114351322383e-05,9.85251261365059e-05,8.32959316890532e-05,0.000453211505478256,0.00040500808555168,0.000845509133182255,0.000186956125236847,0.000802038079057579,0.00086486444777286,0.000322182996306979,0.00339290341295555,0.0010914552321775,0.000795897005262122,0.00233334845183497,0.000969259548295748,0.0047244834534841,0.00115564252032923,8.00797439634681e-05,0.00885430251857548,0.000529677517455089,0.000269097822097675,0.000147768050676195,0.000357126818497679
113,0.00649591748196103,1.40515750539615e-05,0.00159992779984729,0.000900073103361638,0.000257138183606871,0.000238356913478934,0.000458385312243922,0.000211601519887057,0.0120120691387931,0.00811380460131454,0.000890142398666948,4.40258160341071e-05,0.000518704131871003,0.00030655694131037,0.00593802081473891,0.000158859888399723,0.000453626529140002,0.00203901978936503,0.00197023089829095,1.10716494021433e-05,0.0021605846208521,0.00107474572031919,0.000420017052460358,0.000489169186657676,0.00065451871736111,0.00154731132360697,0.000875566700503268,7.22498867482467e-05,0.00191904872069183,0.00208409766699272,0.0026120212842308,9.28058964549222e-05,0.00103857343792653,0.00137093993642769,0.000871586495283215,0.000773314173778542,0.000115873157923031,0.000196230387745535,0.00361319709366621,0.00022097143689344,0.001957054490716,0.000560501682878226,0.000369977520029182,5.1650028805295e-05,0.00230797518272339,0.000580613459173504,0.00224592021172011,0.000819961743308191,2.78591723969257e-05,6.89769368202042e-05,0.00159491840108818,0.000253233331342057,0.00326923570801227,8.081457585011e-05,0.000723366683090785,0.000576586822306974,0.00360266210529803,0.000920368236142304,0.0118941206276868,0.00172476845936987,0.077657858235734,0.00275225029709333,0.000497862672819992,0.000799510125243705,0.00165505607701538
113.25,0.00318790447893261,0.000903384389881897,0.000189145314837771,0.000965888666619075,0.000254745976349534,1.94029784926155e-05,0.000444112350766407,7.75099679734313e-05,0.0123866944957998,0.00842697286763924,0.000959110880979172,0.000719385459842009,0.00244537208321266,5.87909003241544e-05,0.00114224295713621,0.0013442957581817,0.000397151644211226,0.000637442009958868,0.000473750294502626,0.000219640462826741,0.000341957189731978,0.000132602816833168,0.000343706498957662,4.73283140204105e-05,0.00184777749609284,0.00151167877153332,0.00109764561763743,0.000334757714501749,0.00212999776059524,0.00237894004096829,7.26981574245384e-05,0.000162040986136099,0.000294447334576455,0.000369447357391984,0.000659513846302125,0.000344428691299366,2.03547524320154e-05,0.000360358304097893,0.000811589642729194,0.000295903198103368,0.000567187634908607,0.00151024236094375,0.000106115810102203,7.60185960298856e-05,0.00125232505755931,0.0020366658335048,0.000218338875407487,0.000493319140077592,0.000339855380978727,0.000337714627987718,0.000398949247291705,0.000363372974645431,0.00200625995518396,0.000971857874526221,0.00102082988985199,0.0011554432729173,0.000368408156740449,0.00214038918427381,0.00700433966397745,0.00337202313034132,0.0392448992967062,0.0015468835211197,0.000239180163933062,0.00116037514543282,0.00043667241775366
113.5,0.000567822383863847,0.00178910095509031,0.00511407608126416,0.000989829429135012,0.00161147654786957,0.000330779460217169,0.000126001479226249,7.62044917912032e-05,0.0109561977630934,0.00504433972928116,0.000189649902026534,0.00125997575307849,3.48045814885646e-05,0.0023107350318925,0.00345456985118504,0.000119133805452936,0.00103339981071838,0.00103442874708125,0.000608044146870728,1.77626574124725e-06,0.00176485717231738,0.00122138720950931,8.98430949549624e-05,7.80336331012564e-05,0.000464855904460898,0.000825335196858184,0.000522914387042129,0.0018651954821955,0.00247890753351404,0.00152005901014981,0.00392061699241142,0.000743881527068644,0.00100607978609333,0.00111864822711954,0.000414143258991809,0.000754324459771879,0.000148223955472871,9.79567611851175e-05,0.00153459547905944,0.00113919885277623,0.00127549515570676,0.000863033309680889,0.000107597908014679,6.42950651988165e-05,0.00121349101563025,0.00166128956513764,0.0022019160935621,0.00114540782270746,0.000790025793162865,0.00145284443337677,0.00247574171723484,0.00014693445336042,0.000778725214192341,0.00110364263110641,0.000204863721544784,0.000893747703853246,0.00316212318276356,0.000454266667488446,0.0102969543992385,0.0035355923349445,0.0761336416478065,0.00294641916838327,0.000349685632355475,0.000908644684407531,0.00040654343177793
113.75,0.000221347761072094,0.00308900697452261,0.000435805042876776,0.00580284172592445,0.000275931656907894,0.0012100853161245,0.00136915328481922,0.00132861652954981,0.00815431786478312,0.000709163200718714,0.00324296209778339,0.0037694682559885,0.00339782268087847,0.000851231445077347,0.00686194227211469,0.00205522574706201,0.00182875190991798,0.00235101561547106,0.000945394545161128,0.000257490632248931,0.00166588174703998,0.00450387337084929,1.67202880980983e-05,0.00173681006881382,0.00155409969134872,0.00402006175417669,0.00272391814733319,0.000627251041482146,0.00384653919151841,0.00142406429059492,0.00437105919947901,0.00144772108193023,0.000454430372258555,0.00268916505143474,0.000141696260648655,0.00142133305811104,0.000836642135007975,0.00142282980136112,0.000101266619523701,0.00154379410520533,1.71538408123465e-05,0.00655894956162881,0.00178160325938969,0.00149625293634721,0.00257648814998593,0.000222227172644506,0.00101472805085714,0.00224391747563861,0.00265316733538104,0.00134928936020124,0.00355472483446713,0.000642623362019157,0.00327758518323607,0.00223170903796259,0.00522340046642723,0.00311300900673435,0.00785133862402838,0.00434115426476962,0.00832389474346106,0.000525221059736838,0.0488272223484362,0.000288649307534503,0.00052196655028946,0.000370669280904309,0.00190427891861601
114,0.00127404423715636,0.00101537724793273,0.000120303096019686,0.000277831489486367,0.000225869854383624,0.000636775206606642,0.00104563704257874,0.000542502090147287,0.004504185332635,0.000483700128797768,0.000119623601441874,0.00139362664143577,6.29067839627704e-05,0.000310353982125757,0.00257914436739637,0.00121098228243357,0.000264638688872143,0.000547688633438052,0.00172697783941323,0.000377625743865696,0.000399829001608254,0.00133930428783141,0.00161205429592717,3.81643243526273e-05,0.000833949221687657,0.000687265964775353,0.000575526879094626,0.000197814558481836,0.000758979114626977,0.00196876311320264,6.3574599053633e-05,0.000599727427890525,0.000745350586680327,0.000604098117239526,0.000333016160697129,0.000195277139741637,1.47839116690104e-05,0.000293879545227722,0.00023876656644621,0.00039349721296464,0.000629277946578252,0.000227219743886636,0.000361271153934466,0.000351185494745564,0.00104906198138669,0.000457363754165524,0.000160191680646973,0.000104007569072244,0.000692615265144706,0.000120614998302944,0.001309110557716,0.000390194853216088,0.000565629927016812,0.00069619076669965,0.00031421046986755,0.00104608874642321,0.00143909710561108,0.00620164627105152,0.00358642018857425,8.98640776802303e-05,0.0264128562296569,0.000457854670090936,0.000149092952688276,0.000161573776240092,0.00112762299598823
114.25,0.0018109264678462,0.00373117142861547,0.00049938869815467,0.00204354466488093,3.35392778800155e-06,0.000253313879509077,0.00109145365908618,0.000179348471308196,0.00919971797694763,0.00389989592109515,0.000377699680795525,0.00318456690084182,0.000290908909017953,0.00199532503052484,0.0118156907728533,0.000133562267929528,0.00047084496596612,0.00117301685915996,0.000790432725812652,2.90145183263068e-05,0.00142329849067433,0.00105251551570465,0.000442789880336167,0.00107745056973671,5.13127713870904e-05,0.00513828076419627,0.00192960849959609,0.00128583541215807,0.000200609117841451,0.00309710199355658,0.00807680335098309,0.00155277077970975,0.00066268163599172,0.00237519844576791,0.000413726381616283,0.000628885668080938,9.36988908812749e-05,1.22848433684241e-05,0.00175003076303358,0.00251144563768984,2.30546431375488e-05,0.000859334347798367,0.000303974879422463,0.00061142439545925,0.00308275997898687,8.34099033905748e-06,0.000257859168125755,0.00257416055916911,0.00128868270522743,0.00255475354099329,0.00206356232771137,0.000300072922573284,0.000367215150602977,0.0036738159953239,0.000471852533810954,0.00154339212645328,0.00813338180228578,0.00232190561410316,0.00699215151319463,0.000264526893954774,0.0361622988248707,0.00336147321880985,0.000267337733356929,0.000928214124564691,0.00134378172788046
114.5,0.00159257961683644,0.000889116502711099,0.000798818192901416,1.71162887972897e-05,0.000966959431421891,0.000196092741713352,0.000221725925021385,0.00204838230933984,0.00284421020824646,0.00197261495018613,0.00126774412555642,0.000157959114364798,0.00118372336871305,0.00020260431172086,0.000495171898610854,0.00023755519180854,0.000616879197391798,2.49456057694212e-05,0.000780880703686056,0.000720579796175205,0.000577031802407148,5.33636143524256e-05,0.000262735138073648,0.000165788685953748,0.00110423141702188,5.65044287852268e-05,0.000193321216671897,0.000247627407931343,0.000425425614511822,0.000422667677411377,0.000389771044169463,0.00153925299775066,0.000273925925579977,0.000101706833520039,1.74883101443426e-05,3.40467091362577e-05,2.63543579494858e-05,0.000166334697440567,0.000815317726936885,3.42237766726865e-06,0.000248623178606799,0.000126786281483106,0.000374372272751958,0.000246222105031912,0.000283795297968573,0.00166110284065019,0.00179059837874598,0.00173185280376195,0.000616031556063037,0.000290420876120078,0.00082814681790886,0.000893714178645248,0.00118374219351568,3.28837229280037e-05,0.000431895959385266,0.000483946203474432,8.04898739153062e-05,0.000701996110271472,0.00145757932828664,0.00134495488888226,0.0109749427800394,0.000401075027262205,4.37083974573793e-05,0.00180560405134124,0.000170057463591225
114.75,0.000433547697111213,0.00143136250141034,0.00052500917941226,0.000328505143642286,2.02147676823544e-06,0.000555452142385301,0.000191002410417368,9.87198256986447e-05,5.37664967324167e-05,0.000508973120598837,0.00094224844499834,0.000876996044948369,6.31068319273145e-05,0.000250518264892043,0.000769685950087635,0.000500596293377748,0.00101250778446906,7.34105375078973e-05,0.000241387436932969,0.000661614304556582,0.000506366265890635,2.60749348012346e-06,0.000979975202129968,0.000257176755191514,0.000112703390714531,0.00121315192181369,0.000201102473491802,0.000504842582317709,0.000336813998722633,9.45214034982884e-05,0.00272191126689338,0.000773217478789686,0.000212346261755534,9.22765016432923e-05,3.04832309622353e-07,0.000278795970502316,0.000480429285022393,6.29241581601589e-05,0.00158875074457353,0.000852502998024284,3.14589731212762e-06,0.000210700241590015,0.00036311243036714,0.000103872613160038,0.000196286679850158,0.000543384593566055,0.000156188468594306,0.000400804250024663,0.00217652923526431,0.000193816526695625,0.000350547198731731,0.00027097351835546,0.00156430060560897,0.000801371126132979,3.36258567763081e-05,7.18320922434125e-05,0.000657820546510451,0.00154421598140411,0.000462454509648453,0.000490136433751625,0.00141492093567496,0.000247923516744787,7.24445018527225e-05,7.50789230689574e-05,9.33596241960634e-05
115,0.000239868539766857,0.00347762936039187,0.000927253890653494,0.00160418656877394,0.000205351866948597,0.00135356263016444,0.00114044107454788,0.000186606908272879,0.00721720359458386,0.00164631939593801,0.00160704713183198,0.00483959817059441,0.00151026952506749,0.00119010016572095,0.00593911483456689,0.000342145492567049,0.0017393334673607,0.000707289686481347,0.000916711532994678,0.000215626704675175,0.000554081780337379,0.000873861628352502,0.000182759425082763,0.00063324209437217,3.39177853579435e-05,0.00160062630734139,0.00230288143007867,0.000350806797039287,0.00060437862818007,0.00146890161299186,0.00388602778385921,0.00127615708637208,0.00050203539938256,0.00178401514076769,0.00021515692615318,0.000436449061490744,0.000302470394427579,0.000299573877619651,0.000472386460543415,0.00344608509758759,0.000155695690208802,0.000576846248853652,0.000509671720238709,0.000145808298971041,0.00328427278442942,0.00045727580540984,3.89088215394698e-07,0.00457033201541482,0.000883532486584302,0.000839978002446253,0.00281751710572396,0.000189247619923127,0.000701324580730563,0.00335211168515512,0.000419386588920727,0.00209070652861758,0.00401167176757733,0.00293163513402163,0.00686564548632103,0.000463823198156668,0.0244554764809804,9.3424196252102e-05,0.00033680707129635,0.00070206438393454,0.00118069772150926
115.25,0.000415482785649842,0.000762365572843704,0.000395195210063166,9.39061892901359e-05,0.000260907367990273,0.00018228133124771,0.000129147282968026,0.00135447262949774,0.00490202548045627,0.00326524093384142,0.00477426777363924,6.53455124653719e-06,0.00156783718135074,0.000870006705651979,0.000963621418713359,0.00171298581013391,0.000495773045142099,0.000627267498156057,0.00067719856703668,0.000477764385912057,0.000182358004124786,0.00110282891335872,0.000430190854635248,0.00030357253581877,0.00184790302835684,0.000222238094683854,0.000342067577864186,0.000717837328018817,0.00199170441731325,0.00103861029186194,0.00272999840825933,0.00178482704337941,0.000174284961339807,0.000450851372684418,0.00114958177248418,0.000347189824855808,6.14157938944961e-05,0.000394618538654887,0.00111735991977631,0.000154997200479778,0.000375018769819114,0.000133512483457803,0.000150979831362015,0.000226075070692513,0.000237655080645684,0.0013920810028295,0.000785095334590277,0.000588110662627351,0.00154346764604358,0.000549434503206932,0.000465283975099749,0.0019243706914166,0.00104355942604108,0.000167091545287633,0.00305313749795591,0.000522887356572228,0.00242367429626611,4.46670440509461e-05,0.00344273384664682,0.00124732135401345,0.0468918933049063,0.00227571124353137,0.00011129379071749,0.00049780652018547,0.000607287865760344
115.5,0.00181840352074797,0.000201475497243097,0.000233436200141671,0.000373672153860981,0.000286371864623879,0.00120618415440506,0.00104104444669365,0.000917755259185065,0.00439798186227394,0.00086935590572383,0.000261404404312515,0.000646723641112866,0.00309438577258834,0.0026290330761963,0.00270999014778153,0.000409542602462798,6.95600250483325e-05,0.00027306887481725,0.000173344253102654,0.000161374548264113,5.11204375309021e-05,0.00139330518726848,0.000190117956406775,0.00040193924451414,0.000391125158620882,0.000904566130723379,0.00042469702161813,0.00330559014687565,0.00366141592494397,0.000219295149403369,0.00154714849593519,0.00416382028137269,7.86861261913754e-06,0.000113369708245482,0.000276662278195771,0.000677569021063732,4.99134416205715e-06,0.000256325250171339,6.6227206590362e-05,9.17053416136709e-05,0.000736757785288747,0.00133759148575251,0.000155764752973539,0.00174279161804671,0.000901028400054626,0.000408468018074253,0.000208985109773619,0.000968510898118619,0.000130816005440052,0.003056519442868,0.00133158615437352,0.000169402467566559,0.000408958947151864,0.000218172411818675,0.00245638113307237,0.00108755482854685,0.00311941962596384,0.00164195523384921,0.00513364938524893,0.000433473809767324,0.0214532838151218,0.00116530521684805,0.000166536426749307,0.000185228040165848,0.000434192071057497
115.75,0.000386486754797448,0.00287172272509603,0.000306288308430337,0.000594699515990037,0.000272384961901964,0.00076582539922645,0.000774092622872019,0.000373437053837742,0.000757218481755346,0.0002290117650373,4.51247777227686e-05,0.00188412805232404,0.00267556220973591,0.000178220033351403,0.00303207686918645,0.000735030033075765,0.00228600135396409,0.00031923794034874,0.000328983230582979,4.50101269990292e-05,0.000251310476075238,0.000272967384805367,3.37004698816014e-05,4.4959774538521e-05,0.000682851843986535,0.000671892127770485,0.00100519039747298,0.000341309284314241,0.00210420838679827,0.00140858968122545,0.00143315913788943,0.000829815875201795,0.000266320406302757,0.000581821464678719,0.000110356350934051,0.000282485473385123,0.000364250554355051,0.000479831328340519,0.00176009760894675,0.00143666053359465,0.000289879386378038,0.000551915044513022,0.000762773267653044,0.00105864337087256,0.000482702396048631,0.00043681021153236,0.000454496835830036,0.000457985556365034,0.00217837849713906,0.00084745155839427,0.00113899129728286,0.000322545475261866,0.000600280885836607,0.00182027313281796,0.000258712130924213,0.000583591087502137,0.00397259191732822,0.00155449376079185,0.00269438627214743,0.000395802749303878,0.0335552894302055,0.00119805965596032,0.000500850449708232,2.47280232089661e-05,0.000369309893338692
116,0.0015100799894,0.00110202390831864,0.000400337822872807,0.000127641162894964,0.000218790621067762,0.0001784826830868,4.12702325866897e-05,0.000172777835102763,0.00318984925500399,0.0029548041492608,0.004425581836449,0.00216569091675841,0.000205709410734553,0.000505077925904269,0.000556415558648287,0.000515754522109985,7.93094018704031e-05,0.000244129320803205,2.92589667954137e-05,0.000171721183213244,0.000364812399220049,2.95080549531005e-06,0.00017860358449285,0.00100753075848228,0.000322734425509048,0.000761073430255126,6.67281390983258e-05,0.000411696016127193,0.000649382724264466,0.000786113132450983,0.000974325541568057,0.00166220049645509,5.46753807038579e-05,0.000513515970540698,0.000139028957921607,1.78427268230935e-05,9.17878281021329e-05,3.47926290898561e-05,0.00100132070021154,0.000715344319473304,0.000716554331257361,0.000127060226418188,2.17265852022785e-05,1.19899641729283e-05,0.000324156122808233,0.000626057691318305,0.00110804283455276,0.00126152942620419,0.000224085495113016,5.92567290654087e-05,3.04286784379307e-05,9.29020360546203e-05,0.00195743991652797,0.000738867494010857,0.000799166388604286,0.000619338938580105,0.00104623566496522,0.000968101172016244,0.00170719944867084,0.000917717826488423,0.0105192485639845,0.0015655754160835,0.000208884660206697,0.000302864647862365,0.000118705414628239
116.25,4.65999597758155e-05,0.00219382739352311,8.07562138931451e-05,0.00229221535359943,0.000195020902065979,0.000575065006739021,0.000921561623693799,0.000115967192347038,0.00311583038790596,0.000470101057905395,0.000127198531877261,0.00137851801362546,0.000432179902915992,0.000728393539585732,0.011455448197287,0.000448327881985035,0.00288298999657072,0.00151691215768108,0.00143136512685498,9.72450429160704e-05,0.000652543144939277,0.00157422194654522,9.04759320915025e-05,0.000280417747132295,0.000130395974809712,0.00105519985334314,0.00139470206128372,0.00179221014160515,0.000354808590338583,0.00027463507453762,0.00677245751923992,0.000791497459986943,0.000757420692055919,0.00262504174824389,7.82851177234456e-05,0.000274588756982923,0.000136407833344839,5.93381542405138e-05,0.000884538930180814,0.00259737260135708,0.000139096284041693,0.0011381683054459,5.18341709835754e-05,0.00110855354084306,0.00100655628973382,0.00014975048386471,0.000210254504155442,0.00164173627745772,0.000234311382871897,0.00152047334972987,0.00405643344784537,0.000462425623878097,5.77937931210321e-05,0.00158410125899691,0.000110653416325909,0.00171232893043923,0.00808495210680369,0.00251521287278886,0.00928282244029307,0.000395145737594756,0.0720288740830586,0.00188623648273209,0.000911547482450927,2.29518873399197e-05,0.000943909464732919
116.5,0.000608509625999002,0.000797837335462732,0.000409475294709416,8.88234015943573e-06,0.000491788845960612,0.000404716147710682,0.000869591510269471,7.93310723863152e-05,0.00533864730255404,0.00318348900446068,0.00184235529606455,0.00143278289858811,0.000133178650355927,0.00126662335537395,0.00295883340078602,0.00238620899439241,0.00028622743128791,0.00155503601365763,8.28445564477852e-05,0.000365924271691779,0.00020958092949629,0.000626531961712436,0.000369103639407061,6.59604369068681e-05,0.00127531752529116,0.00186148306553061,0.000757961474352507,0.00137574997627406,0.000693806382649762,0.000788658567437568,0.000379009718324111,0.00187871128988276,4.41451089352174e-05,0.000247727072740285,0.000255252563138457,0.000387312829542996,8.71312907414162e-05,8.06937029744699e-06,0.00102029023234862,0.000304170262358339,0.000178139773738668,3.1766249489677e-06,6.44399898819215e-05,0.000832340458039246,0.00192316174935984,0.000360906002667323,0.000863188330966475,0.00106432333783825,0.000120283638892483,0.000981358378912416,0.00122934261380724,0.000204419660324414,0.00136349405475193,0.000873610316750755,0.000329777749162814,0.000449960565314104,0.00117841060175915,0.00372244941275835,0.00271475446395996,0.00101739877567845,0.0199913961804054,0.000760742904248965,0.000446180679271234,0.000757544309561304,0.000295941339201717
116.75,0.00233946488226548,0.000896136433878985,8.46029568627138e-05,0.000794089385531975,0.000216283181702544,0.000262879771974801,0.00124125132155956,0.000427582171193935,0.0023588059484614,4.98945784583939e-05,0.000736639799311944,0.00106511814325386,0.000185284661140552,0.00240870802044538,0.00176781812453117,2.93153248341074e-05,0.000450745535958014,0.00131999330594237,0.000817508106843141,1.54013709400749e-05,0.000183310232885628,0.0010765218720215,0.000235436457306053,0.000160116199236206,0.000246975613978341,0.000887671923559657,0.000140325669511562,0.00219652193645814,0.00204932111081973,0.000719022998824071,0.00218253668949516,0.000722771189246535,0.000283195184627382,0.00130718416175191,0.000686609420495129,0.000341381858983937,6.39211158073295e-05,0.000372639907321773,0.000301979412648438,0.000563843024872951,8.08255811033375e-05,0.000461952832676372,0.000104878991495193,0.000210049271216368,0.00125013957429936,0.000423159701251529,3.4297603117457e-05,0.00118772675565916,0.000394284244958649,0.00143846136584714,0.00235445500033315,9.28237926304894e-05,2.72659469019221e-05,0.000474164711566191,0.00138144786634144,0.000532601153316667,0.00341307603139067,0.00519405173218575,0.00316524831888821,0.000513341176838435,0.0214270455030043,0.0028073132413135,0.000312641231765078,0.000240868677887673,0.00104876475456411
117,0.00117713904187945,0.000947921746965257,0.00025445127667272,0.000428903606417657,0.000193098236168662,0.000605675513823158,0.00020977428468081,0.000170983553438151,0.00183983569748199,0.00624121151620657,0.00186516351956327,2.38384564345562e-05,0.000728973531890957,0.000896570891871504,0.00392260988824968,0.000456470949384824,0.000530374968359613,0.000550161349052666,0.000192004056973864,0.000520840553600351,0.000445002685125929,0.00106021266139095,0.000702636987404164,0.00201822952006543,0.00032233603935395,0.00174119927306829,0.00123150755312868,0.00100902682097158,0.00123014167522456,0.00138517017628187,0.00208082860578131,5.94456365341851e-05,0.00145238517967447,0.000698474477888663,0.00041682871490416,0.000861908333574157,0.000208322934900184,0.000736891344915926,0.000425422497861159,0.000563511693185752,0.00020264371368899,0.000930300426549844,0.000216577948285639,0.00125320127908546,0.000799867568886087,0.00181557140611507,2.51506435919491e-05,8.69609124384208e-05,0.000837220967020144,0.000805716057186262,0.00111359352711903,0.00126863268587882,0.00168167196840095,0.000155872925241211,0.000474668622694054,0.000904280660100739,0.00478606970279788,0.00132249386836374,0.00656604272987484,0.00179957374106593,0.0408952738596507,0.00124531779414256,0.000263208710759125,0.00152130625100543,0.000532669517947051
117.25,0.000486840187375142,0.000634895239039488,0.00207825327577009,0.000240545289832772,7.18682799845669e-05,0.000267851506789361,0.000180851987587554,0.00063946543034988,3.32912042929848e-06,0.00128848401842207,0.00226115303160019,4.39786620799984e-06,0.000614174073880839,5.23746294426026e-05,0.00084938538361176,8.99451420616872e-05,0.000715590903068861,0.000258184480520823,0.000334956172766479,0.000150605631837091,0.000222213279529164,0.000532806299957924,0.000132671583499111,0.000198247669689124,5.67198696921661e-06,0.00109923812755465,2.22080292680283e-05,0.000134794578186751,0.00051916824184721,0.000233424553595359,0.000901328649169578,0.000223866850252981,0.00133565411254574,0.000552166588586567,2.38333082336206e-05,0.000394598812124891,6.63443481682399e-06,2.47542541224378e-05,0.00145740224375366,0.000318679941230094,0.000411253890513683,0.000143695473211209,5.7303105509423e-06,1.01913501794393e-05,0.000690806875148663,0.000339390002580745,0.000835861187196919,0.0001381740002497,9.04014073397433e-05,7.80232696791996e-05,7.75974806455622e-05,0.000148767802110243,0.00387435454687738,0.000195697841476266,0.00125547137399541,9.97412703477829e-05,0.000533082520484214,0.000675894270320858,0.00180994668867054,0.000253657508448992,0.00726190099078441,0.000364402142014328,1.67777662507228e-05,0.000178772372304268,0.000234099771866764
117.5,0.000149771519220345,0.000606932477261954,7.31362882547427e-05,0.000243624908474397,0.000743755459217405,2.26931170827172e-06,0.00062583181752037,0.000181321077879379,0.00135477767907556,0.0010851032451893,0.00073966690411804,0.000446485077593016,0.000470501939797198,0.000677285443380756,0.00240936866869427,0.000696306695160031,4.53514057623431e-07,0.000758075061249902,0.000343563025247907,0.00039724151062984,0.000225552562416199,0.000701515793263113,7.95490422028706e-05,6.04874356596951e-05,0.000936348736163023,0.00145120313837201,0.00133385405861553,1.88541007086712e-05,0.00118417177424274,0.00137873603984654,0.00173832201899992,0.000518380401307706,4.25962410865244e-05,0.000187250619086935,6.05126246548339e-05,0.000351234284278542,1.92481218770492e-05,0.000181412422413406,0.00333217714531994,9.43609936147433e-05,9.02508645835573e-05,0.000514845034904885,0.000934263641543557,5.25588367341089e-05,0.000236439233133042,0.000207163030636803,0.00045704177856188,0.00035859598253032,0.00114219740145035,0.000336726407788323,0.000582241148062769,0.000159232052409248,0.00235916964490742,0.000385206375500398,0.00181561265281615,0.00124089687533329,0.00112769683661208,0.000315354079144219,0.00112740450275028,0.000223651562531593,0.0225099332740467,0.000810026034954051,0.000284275092649789,0.000645212681033244,0.000715209227188688
117.75,0.00402942891927281,0.000551995440293208,0.000792850438955399,0.000548947364706559,8.92667869029832e-05,0.001540612590922,0.000115140981089953,0.000311618372242971,0.00270349702887475,0.00312180903079993,0.00985843615035028,0.000505992501351397,0.000527781441025928,0.00074382520078728,0.000621207420787305,0.00105863152434986,9.1860155413464e-05,0.000463399767049485,0.000242789003629452,0.0006840471127472,0.00146236458838365,0.0009023674151971,8.74361145501965e-05,0.000824304274193084,0.00281520652376607,0.000482502958475445,1.39619684318224e-05,0.00069676322765687,0.00180250661464454,0.000854304799306012,7.78029036121779e-05,0.000610646059553722,0.00187689654451596,0.00121831847727823,0.000146426612816117,4.22809816696719e-05,0.00036108339239865,0.000318239972820927,0.00111674039894345,9.38074557151409e-05,0.000281561036269927,1.61251368924056e-05,0.000291304995846972,0.000109224292895575,0.00167388815234543,0.000637827710350125,0.00257308724531587,0.00147875514242809,0.001329807332496,0.000840945031071431,0.000662647392807445,0.0007247878811483,0.00531877159703411,0.000125682281900905,0.000779940330156237,0.000356364935405409,0.000291341542189851,0.00200795193073606,0.00100953158304974,0.00195058551462601,0.00316635378476983,0.00216618700611227,8.99691029851291e-05,0.00138233923653196,0.000488828825346107
118,0.00123229645760673,0.000464804535013648,0.00343130561853869,5.67845266301958e-05,0.000495572034746149,0.000179695884032789,0.00030443030804674,0.000260316202785982,0.00627490752451326,0.0038926215971678,0.000709164004920287,4.79750341461922e-05,0.000871090737726728,0.000389536993805878,0.000183419335573025,0.00022917995069234,1.3393315551852e-05,0.000595313701791332,0.000257751687423591,0.000109227342072486,0.000494655096709132,0.000353960722077877,6.55377432341818e-05,1.8341708316122e-05,0.000293613267327565,7.95667347719671e-05,0.000102550646872456,0.000401039957698359,0.000507302713095015,0.000265488935405027,0.00103560543410161,0.000425482583798877,0.000410716886251891,0.00014308142078005,6.48196232135309e-05,0.000134752694615961,0.000562830423024574,6.24643436318977e-05,0.000657116964770592,0.000164069621145306,0.000493290550597287,0.000175557666281691,0.000381776995635672,0.000180787523751849,0.0018140620924679,0.00133948788287315,0.00180823598530465,0.00019086618431385,0.000437149509032,0.000165204400195306,0.000824823898224252,0.000579387953479415,0.000755090848192446,0.000167940677456605,0.000568374516054321,0.000440933228432604,0.000176090280660204,0.000362909078663037,0.00353496250326397,0.00117082130399529,0.0126227758748952,0.000672294721379479,0.0004680478234029,0.00252879638917015,0.000632480396564324
118.25,0.000355155994236793,0.000995780969905616,0.000184842891154002,0.000571901582135299,0.00034125570911075,5.18373837833408e-06,0.000168367780447409,9.38380138271267e-06,0.00108779634284072,8.87592293351416e-05,0.000659916534519208,0.000242174980721949,0.000151254607328264,9.78262978724009e-05,0.000252824440131543,0.000481501043054519,0.000306869181337819,0.000191473797066127,9.28399023001003e-05,8.34516246889801e-05,0.000114708915818822,8.71916324939927e-05,7.8469111382422e-05,3.12261753760487e-05,0.000135102986483137,9.89512281003393e-05,0.000890226819234341,8.86579121858009e-06,0.00134285215482253,0.000243443907130046,0.000302699366861344,0.000493295489810086,0.000119318766891961,0.000347752149386206,0.000192500873732237,8.59664793268075e-05,0.000157182587976483,2.22255097827517e-05,5.81633137715025e-05,0.000291828334840941,5.99085744813084e-05,0.000458842945084632,0.000112459402056288,8.20065968382424e-05,0.000168229867446006,8.36341083229811e-05,0.000604965805359865,0.000135924403535809,0.000346470489754102,0.000189251114094667,7.61909655133348e-05,0.000175751526595427,0.000330414167970138,0.00036814161853471,4.57864722993094e-05,0.000354315390703668,7.63613327677549e-05,0.00168055406570402,4.67727070383844e-05,0.00054042006440309,0.00323526858300772,0.000282910137246933,0.000166430542850637,6.0175643297274e-05,6.42342838566105e-05
118.5,0.00241270603413255,0.00181623210454974,0.000426820050027532,0.00077327905654038,1.76537739298245e-05,0.00014206519939968,3.67018613485342e-05,0.000255413978316196,0.00376715764930473,0.00300362773738457,0.000452231052529979,0.00333872655598707,0.000233500222024465,0.00331187309902188,0.00226572666334505,0.000376727217503799,0.000702462866040183,1.71075348032383e-05,0.000203431768277551,0.000335924231180047,1.17699218258283e-05,0.000219539665017853,7.84225660594244e-05,6.46794734360247e-05,0.000114013802302329,0.00086336433577978,0.000119389166341897,0.00169889015950428,0.000293513226975861,0.00340303852972155,0.000268440126519432,0.00192226318314274,0.000726135457495065,0.000246004764473942,0.000436886984854965,3.1873695848099e-06,6.97267544013886e-05,5.45574719382894e-05,6.49998347625531e-05,0.000744512567161929,5.48849708915857e-05,0.000891453144935959,2.2649395362251e-05,0.000124161137059252,3.23365997367392e-05,0.000954485314221406,0.000323394984644717,0.00100950078124536,3.06402665168228e-05,0.00242905340875059,0.00133735443939,0.000725761210632573,0.000811042415184044,0.00185451676860597,3.89933572749032e-05,0.00362799206544844,0.002462850439737,0.00335848512229936,0.00251130871786238,0.0012838483898276,0.0370335507634741,0.00355425452800228,1.47868038833966e-05,0.000249447973542041,2.35784460042909e-05
118.75,0.000280190964200262,0.000526198308249675,2.14679507263234e-05,1.7315505044585e-06,0.000568030048463379,0.000197989942167247,4.45913844854869e-05,7.87805954217522e-05,0.000380574446215995,0.000207536422445869,0.000679480875133194,0.00104527778434492,1.84454460716376e-05,0.00158687821318595,0.000209940645165058,0.00185404990703628,0.000498787250636024,0.000173606931388037,0.000381883558221642,5.72523704288964e-05,0.000345200100870654,0.000231950341044793,4.92435362306101e-05,8.02496158270108e-05,0.000212499743041373,9.29205556245432e-05,0.000367466460854714,0.000541628830237107,0.000408889537368196,0.000130090010172116,0.000858443741327435,0.000456141242080841,3.44013896145474e-06,2.50086503061365e-06,0.000474768544014025,0.000112293605737525,5.41313195111311e-05,8.47209266807678e-05,0.000140930183158075,7.08460401049709e-05,0.000315769616547483,3.81327308915434e-05,0.0010331001984534,1.12885491519365e-05,5.52169531399061e-05,0.000681594290299009,0.000402080025436121,2.10044771327564e-05,0.000807449011240763,0.000358049745657308,7.82155556591564e-06,0.000395639964158045,0.00152050002589013,7.67421387553914e-05,0.00122563280631821,0.000700442652153573,0.000482483467970379,0.000457466677427644,0.000799182949166937,5.79484420347483e-05,0.00698596777040704,0.000776177806732386,6.28300791842056e-05,0.000297455688827472,9.69864084333441e-06
119,0.00241172410918682,0.000201608627644608,6.7957719664239e-05,0.000278990770616172,0.000541663862722583,0.000380579848297359,0.00013953797198973,0.00032754426473595,0.00276403899818553,0.00333684881004971,0.000730887008508922,6.7821287373145e-05,0.000424752998823945,0.00133336821098238,0.00172787419885508,0.000335916757235299,0.00155343656650797,0.000116953856869865,0.000366615972916088,0.00013525466868971,0.000697457512337234,0.000375012083835547,0.000165009327049031,0.000258214390891525,0.000960296508189118,0.000730858091183704,0.000534440110635696,0.00171779334943927,0.000194039072985443,0.000294167210376859,0.000184871813045055,0.00140388319993146,0.000158817904398003,0.000210574566836768,0.000290077005337156,0.000436804608201499,0.000176564681519827,2.75582521013488e-05,0.0022968759425061,0.000556129850563413,0.000702135921944495,0.000205283956515218,0.000122184147434076,0.000784716991802753,0.000130651863933572,3.60134634075328e-05,0.00037247663487307,0.000819250686959118,0.000697418340121381,0.00148234461230575,0.00049464064146176,0.000740344518766307,0.00133262719907584,0.000433224438702151,0.000724780422844482,0.000315735456841953,0.00198103059239698,0.000295554416903408,0.00269297143960093,0.000342126223766394,0.0381740881320919,0.00238324991056982,0.000368495132713232,3.71526788356745e-05,0.000198372134840451
119.25,0.00268218170260391,0.00318617240027603,0.000225136802051719,0.000447395903988822,0.000298714983519085,0.000191670206176034,4.64171079622238e-05,0.000133484715514087,0.00173333362897033,3.72824952347991e-05,0.00299888722465238,0.0011678087610787,0.000324184678813229,0.000310102167090472,0.00017034336650841,5.55612743962142e-05,0.000190647482950708,0.000158023213516894,0.00057137568778032,1.32997984000328e-06,0.000513207289306283,0.000217347838646852,4.52473045431033e-05,0.000475105870646145,1.81455942802429e-05,0.000286660799521036,2.02741974669367e-05,0.000455267808227849,7.96966027225703e-05,0.00154223065531596,0.000429384510350562,0.00037819610251166,0.0013543607561955,0.00049283070961785,0.000481644930592601,0.000271267499135734,1.96659238590434e-05,2.61078860142311e-05,0.000153284747252706,0.000590530497694772,0.000209408642149337,0.000535193130599725,1.81134428541413e-05,0.000289274382769016,0.000170886113429966,0.000165255160499549,0.000581643448520797,0.000167706570992124,0.000123880922385801,2.97386486325441e-05,0.000152515614549487,0.00060953680396942,0.000280527403790049,0.00119991370416742,0.000471538533441966,0.00073777489359008,0.000360021796621996,1.35263812008726e-05,0.00118036587085504,0.000160905600387196,0.00348531576090625,1.89429166562969e-05,0.000223306277387806,0.000295936311373485,0.00035732112952517
119.5,0.00196033972715825,0.00258111312227619,0.000400237997731979,0.00018943712091863,0.000343603184023116,0.000791223101835965,0.000333209510050664,0.000406239675042696,0.000362706795408506,0.00067213475586591,0.00263492931906269,0.000571442978331065,0.000433773021187402,0.000380676500730093,0.000416681337971214,0.000567553792651279,0.000118954682728182,0.00013155831929889,0.000550902097636032,0.000606331699395816,0.000179734171409622,2.38457990426546e-05,5.05176207315223e-05,0.00010254245240427,1.42819314368136e-05,0.000361134987001503,0.000464915066493226,0.000272737227242799,0.000351685171120463,0.00146054305751079,0.00071826558707077,0.000688056100362317,0.000292067974221759,0.000633014670290722,0.00113326633189996,0.000229333853006579,0.000219810977523785,0.000447116742936406,0.000318536698144985,0.000479269732478866,0.000260080108059349,2.5256484819989e-05,0.000833934880761651,0.000113412420457799,0.000137616227995851,0.000243200372205512,0.0009050462081546,0.000285813449405469,0.000430226905637581,0.000113309214140616,0.000320651312206212,0.00022885405450367,0.00119267601060348,0.000978737451296903,0.000707153150442805,2.37020592640466e-05,0.000411233608824799,0.000482603570574335,0.000343279056495095,0.00013459887311505,0.000458904934973242,0.00021617852878033,8.08541232510853e-05,0.00018019203196894,0.000347345310550274
119.75,0.00221190061111209,0.000375984029988152,0.000506846121599794,0.000165952947450154,7.38201574686563e-05,0.000188424180368355,0.000142282288354097,0.000233023457110021,0.00271045376041325,0.00251098181002964,0.00161349814847442,6.69966334909442e-05,0.000843107774039314,0.000210220366081266,0.00177104334643951,1.680691980716e-05,0.000593461766878887,6.97453112769617e-05,0.000349352151975233,0.000638232360022749,0.00052814195250361,0.00038552331455927,0.000445093113125299,0.000860504420155736,1.77597567436631e-05,0.000329274113053854,0.000139363175379332,0.000352907092600758,1.89805098304034e-05,0.000227040857514785,2.83100113940077e-07,7.58571757802636e-05,0.00012180038310502,0.000374214645613398,0.000234336983080549,0.001144799999879,7.32202605349506e-05,0.000207911722976728,0.000694763430870017,0.000270644657609413,0.000142486853429114,0.00016939940316243,5.3575194466267e-05,0.000839795109993746,0.000441549580549958,0.000351213831036266,7.3970185400454e-05,0.000418011224491556,0.000408939829978232,0.000422097930447534,0.000515214526063797,0.000483744823376736,2.92261698421517e-05,0.0001238950188054,0.000257364698415502,0.000459846592458852,0.000847994779748246,0.00135812011991638,0.00269830865897148,0.000345447785792155,0.00724537552166296,0.00178959834901896,0.000104250797391477,0.000574463307933208,0.000567233876901339
120,0.000954108955378262,0.00328796149006842,0.000554029398873313,0.00161134889167592,9.3259974137362e-05,0.00142734593663646,0.000938949155285059,8.60439832170409e-05,0.0102823165379349,0.00756202222392,0.000220814772531892,0.00495818378947399,6.51320877120461e-05,0.00286959613843647,0.00556328755342016,0.000326874773584128,0.00106286448452865,0.000880008671352651,0.000707444840486769,0.000162661082616836,0.000676655322694492,0.000322336099723026,0.00013746991000058,0.000239523978670595,2.43999756843887e-05,0.00221675261176141,0.00100685327315481,0.00132102718836907,0.000199120329945765,0.00346339693329026,0.00204147179316221,0.00189316270839012,0.000937272684319822,0.000897806404216424,7.60351148586605e-05,0.00100761651808419,0.000551456227944935,0.000106316542639765,0.000544240524515099,0.00162233186162385,0.000253026123304616,0.00226978307642665,0.000178518041971635,0.000670331795645174,0.00217593018170811,0.00316653604092466,1.48607047824894e-05,0.00211352833659529,0.000356859942851219,0.00254604635231279,0.00212204822060067,0.000561427323179861,1.73047457646663e-05,0.00278435335697666,0.000386354123805417,0.00252066022542469,0.00435934636210562,0.000492065069669316,0.0111149493349718,0.00442061623455509,0.0709221674170927,0.00298494045573306,0.000563779145760247,0.000907845157043451,0.000592169668005748
120.25,8.61190755252608e-05,0.000195088120216005,0.000316121171982157,7.1161294847083e-05,9.46796655426251e-05,0.000142745874727734,0.000493077469664223,3.49780533223625e-05,0.00132980392227912,0.00125145075271952,0.000406208163086703,0.000664432321711788,0.000522330893880532,0.00117493819406966,0.00163719486392525,0.000611386703556532,3.47049085160483e-05,0.000213483686815419,4.47301487325348e-05,0.000803158060757775,0.000447851566462757,0.000191673753899924,3.8101203197677e-06,0.000151297708708904,0.000133701092483898,0.000223173896493887,1.28934639696994e-05,0.000908698572671699,0.00043768090114245,0.000893546177895131,0.00176833622383829,0.00144707275468087,0.000179493399293643,0.000322694492205606,6.48969056651877e-05,0.00057013155753889,0.00015480449692066,5.9473201210366e-05,0.00152627334917763,0.000146684186647408,0.000110886832614393,1.67047129976794e-05,5.88746559413726e-05,0.000345223151820728,0.000139159153216024,0.00149844411872247,0.000254156395145099,0.000782819082068475,1.76197254879148e-05,0.000646595587962453,0.000599688971449866,7.42791607216958e-05,7.44436647609887e-06,0.000243508925023837,0.000626525134546893,0.000855875041378767,0.000246680812856628,0.00312647096486458,0.000257700071584539,7.77091387961678e-05,0.00363267645301029,0.00120682473685412,0.00010886990184073,0.000401207308103459,0.000109181415589335
120.5,0.00110757139584236,9.9414211237627e-05,0.000402982582313167,6.59589469667174e-05,1.99493626014568e-05,0.000109935316196049,0.000178348502343919,0.000401705889328599,0.00086130262970262,0.000253095722047072,0.000281100596883134,0.000581848916204886,0.000282226034780188,0.000437237374342872,0.000662291624245444,0.000134389103200708,0.000263247402194964,0.000570004639622962,0.000567816922262765,0.000432843710274097,9.66273159130127e-05,0.000423775684064268,0.000155152147525444,0.00028092591913637,0.000278070453391575,1.45903671010787e-05,0.00025135250569176,0.00118316336947127,0.000343151173374113,0.000377404557744062,0.00150973452440853,0.000706888994152394,0.00035395494551153,3.26017967438308e-05,7.21429337634688e-05,0.000131636381898282,0.000189263042764615,0.000826505001025852,3.54478266754337e-05,2.63966410190764e-05,0.00132175857734212,0.000108749266418629,0.000290235871741818,0.000668552935921457,0.000175887305883458,0.000191455126147107,7.84208136822054e-05,4.363202706571e-05,0.00014664696555558,0.000353999884411206,0.000388483980496955,0.000314263511119542,0.000150171083607207,0.00015337918296285,0.000228582703535963,0.000156388971673217,0.000291868639481748,0.003783049786526,0.000512696052904687,8.81118045781541e-05,0.00212271888123598,0.000871982085538282,0.000177397861950416,0.00049614918294595,0.000361307815408969
120.75,0.00289582863273061,4.96372772300473e-05,0.000124187547525287,7.65664869264346e-05,0.000162200370571001,0.000163759974713508,9.96112745896457e-05,0.000296653340238613,0.000471250315192325,2.48579243640899e-05,0.000854571639967899,0.000329592668672085,0.000275878395737627,0.000139263663241817,0.000209970493890427,4.41104195210793e-05,0.000380260277166952,0.00073941230487233,0.00114976862539945,0.000221957932131071,0.000167433056150738,0.000898673729835962,0.000591276574894558,8.87458492719916e-05,0.000669775410724743,0.00037781864171215,0.000539289562993969,0.000159606959577047,0.00103527570469797,0.000404252712224336,0.000128985659723882,0.000128465735154787,0.000191052899891175,0.00020735203159581,0.000162009583688548,2.94874840209216e-05,0.000157972704195675,3.28123217306255e-05,0.000344826629158947,5.41138111598938e-05,0.000466483486483591,4.40248931803286e-05,0.000207926535142663,0.000106306357547519,1.92196874059793e-05,0.000172665138864438,0.00034657950490841,0.000103279530608109,0.000774443544061831,4.15852878343849e-05,2.78500989932871e-05,2.71688781489336e-05,0.000241651420862847,1.03664026765099e-05,0.00115497343847598,3.30366113140211e-05,2.00212708894993e-05,0.00398495589356159,0.000182188059887206,0.000806755241210474,0.0032732024031033,0.000648173589526515,0.000483760041579493,0.000152772191238296,0.000136916610374683
121,0.00361544552699443,0.00286454203038976,0.000106021515704813,0.00073236098135074,0.000755019814575365,0.000356820979845047,4.67959338016693e-05,0.000197863738398044,0.00414105510934897,0.00156146554793463,0.0027522990493492,0.000849231988093128,0.000273318723499636,0.000373736568601711,0.00160670368428354,3.62621919934751e-05,0.000340476731942109,0.000681572277977903,0.000240759886914945,0.00024909940793377,0.000494605468749298,0.000549666221451047,0.000290600310312105,0.000105519156092755,0.00224166338302251,0.000215174844093247,0.000883240154796159,0.000366324921918663,0.00250649410593052,7.78512131723572e-06,0.00157553997198508,6.23188951012761e-05,0.000709090613972453,0.00077840718394332,0.000126327355311052,0.000560908979517295,0.000405072658932359,0.000361605731008512,0.000171455622030436,0.00108586126800462,0.000390517665815878,0.000358552593409315,0.000315810721487468,0.000143797987932653,0.000915486106595173,0.00053729890902344,0.00150658275860904,0.000535306412698085,0.000637152260084471,0.000294750475678463,0.000361741763615658,0.000718938273122435,0.00357598533441261,0.00116731908321241,0.000947998769739235,0.000696494141371028,0.000746124126776449,0.000407221551134282,0.000514809798171742,0.000696507718748753,0.00470268940509123,0.000143670576297551,0.000425624674715156,0.00157569535304346,0.000329436090363262
121.25,0.000713065586428671,0.000898229702228716,0.00191514899401043,0.00140959247023621,0.000149207716157352,0.00188109577644388,0.000569728713859315,0.000225754990693322,0.00406969759621172,0.0047677643597906,0.000257350910974062,0.00108410613779249,0.000789322575678669,0.000346106637342694,0.00427051622467513,0.000237462030110606,0.000206435107205297,0.000586709154092637,0.000257585478963733,0.000189489606606679,0.000199836572230655,0.000813490194031462,7.09315914209662e-05,9.02710683465779e-05,0.000308321121017491,0.000278554119937621,0.000815982077537709,0.000396672179869621,0.00041264418253421,0.000666099711007268,0.0021276338010685,0.000499431487886306,0.00101347956719181,0.00134716105473191,3.26606175234527e-05,0.000217714841689156,2.09485861930224e-05,0.000102256017912328,0.000265870202534975,0.000408720873024591,0.000711115522805147,0.00151313566909608,0.000108265373400379,0.00106835044283764,0.000642027765727201,0.00126724854514175,0.000544051077273921,3.45935170278483e-05,7.98535740069595e-06,0.000984040916071173,0.00191660856369608,0.000205433810849986,4.6064133466981e-05,0.000517311867796021,0.000480519610878989,0.00134916641772576,0.00230531478145653,0.000472512292371616,0.00404153515915298,0.00109106714824207,0.0113632105448669,0.0018151223580808,2.48592851543773e-05,0.000743871642616818,0.000829728232991303
121.5,0.000443948801647252,0.00291140625451391,0.000977040793039719,0.000425097971400061,0.000788597391417037,0.000238155250871781,0.000449497234286432,0.000393788568100846,0.00185056266197737,0.00188818686173931,0.00171362523069945,0.000961721480050833,0.000877656630943904,0.00011121529102806,0.00209435680955263,0.000407139275001577,0.00161462744788058,0.000346905637265152,0.00153408658761371,7.44514149518606e-05,0.000411265086435446,0.000549489360214432,0.000142388149623754,1.33696564602201e-05,0.000946996277004361,0.000129439692174618,0.001007414385748,0.000157354096309527,0.00191138273752567,0.000611123650406818,0.000777942132511818,0.00176786540318318,3.99326128719613e-05,0.000680514082122536,7.73880503231905e-05,0.0003953380026269,0.000731648837654232,0.000578835864865544,0.00128454467571602,0.00179904253368006,9.41734338169594e-06,3.46976754930458e-05,0.000460262611560051,0.000587821516587975,0.000793734653119425,0.000140894841689038,0.0010773532573793,0.000503031922628973,0.000512806247829522,0.00030714963383565,0.00132736064875712,0.000183076031790198,7.02106447829371e-05,0.00169609658630438,0.00309976587182836,0.000655255111220545,0.000239275025326714,0.00174913952856423,0.00483713222466282,0.000360643479079328,0.0321951484119819,0.000198085036721924,5.30168482886445e-05,0.000310238649867637,0.000470671909376373
121.75,0.000783769601309919,0.000513895770682985,0.00332724483069848,0.000450653499291776,2.93756779220458e-05,0.000360484356205892,2.56663786441787e-05,0.000431445337178436,0.000379157066430945,0.00141016582898542,0.000838843143989313,0.000293762641741305,0.00355776672646502,9.86921717047635e-05,0.000337804826759758,0.000472540185087789,5.60840953340351e-05,0.000218915037959373,0.000118005588059451,0.000104881346913735,0.00024176164339844,0.000236658099082389,0.000285169633793751,7.39838861921672e-05,0.000323249606335563,0.000200561684119243,0.000827090431884513,0.00048875475562509,0.000849008055169221,0.000125103574257378,0.000531485118261245,0.000515772536890372,0.000509352053982871,0.00102199648614092,0.000253454872679803,6.67716633475844e-06,9.33637656330036e-05,1.62935027013653e-06,0.000249956990390958,0.000551348179096769,0.000365678389638351,3.79279527710204e-06,0.000156843415959588,0.000120897796088244,0.000138705171782646,0.000521631142887647,0.000724354088656654,0.00165680378048715,0.000306991979143643,0.000174854725903996,2.38096484349838e-05,0.000649153908855614,0.000459016640816331,0.000450167853402897,0.000502778616881057,0.000127217043245583,1.51855399626093e-05,0.00174428878552805,0.000166422518172979,0.000112903140773934,0.00451128564923117,0.000602868344038035,0.000167381298259118,0.00012105660001314,4.09154604306651e-05
122,0.00160173712704331,0.000436997442028081,0.000408496223386258,0.000588461499582039,0.000500655288051363,0.000145828018393303,1.04826677808084e-05,2.62224474597642e-05,0.00535084126000334,0.00540628037137997,0.000445709511074311,0.00108231164153184,0.000426515103219021,0.000726611897609642,0.00353205052105586,0.000405247418286639,0.000429709202415004,0.000147827032676996,0.00018323666705147,0.000156297359214964,0.00029941643701484,0.000138744080117541,0.000360559522556136,4.54929927495455e-05,0.00123689075461387,0.000124150822312392,0.000180534821691852,0.00120506727912647,0.000976498451303174,0.000509262341928358,0.00154484678161545,0.000196512974721264,0.000961644877415029,0.000148692185141802,9.6286035107942e-06,9.81645731340192e-05,0.000164800864908403,8.21045432815599e-05,0.000287231347187957,0.000241488986524026,0.00110823175455424,0.000955361026316668,0.00171190211604915,0.000527404759602235,3.00413215746446e-05,0.00100358221927585,0.000669736046646198,0.000306689433694163,0.000835296489510761,0.000525230148977735,0.000843994625756636,0.000310587141435103,0.00151076142155969,0.000542627005616103,0.000476658156586428,0.00026049570605592,0.000934815158082214,0.00158985891366363,0.00302717094787192,0.00104162042093469,0.048238399152581,0.00160417974109633,4.77463227566727e-05,0.000370922026931415,0.000229477656173174
122.25,7.51922250133669e-05,0.00114612240301198,0.00130929865053799,0.000253555542914479,0.000234717431420897,0.000151161928481044,0.000225865309633913,0.00040929102971156,0.00326135029784727,5.90709288249709e-05,0.0021619926735404,0.00058292589671666,0.000168631587817229,9.52441285941783e-05,0.00327647030416349,0.000109519928545025,0.000306441308805085,0.000457255010014932,0.000454084236907904,0.000388466015977124,0.000125396592815695,0.000374825828186567,2.65907996360283e-05,0.000496574409382187,0.000917837842957854,0.000230948329715973,0.000203365962411733,0.000225370863194664,0.00262450112747828,0.000556362296997857,0.000947096166569135,0.000485852270937354,0.000555784214459122,5.42802876233981e-05,0.000150829728557198,0.000288514858184788,0.000406490305375314,6.9769659067303e-05,0.00110504438893037,0.00042690481243255,0.000490366859493234,0.0006772922072108,0.00016025206114851,0.000135523109303655,0.00192771867672848,0.00057786330456577,0.000681507567453393,0.000187085330818098,0.000139894067549582,0.000148846336756902,0.000753851409481099,0.000265747569678223,0.00239332708055766,0.00101502061716745,0.0011975340995129,7.28863959047047e-05,0.00134727075024381,0.000750043070166895,0.00258254909758129,0.000684768595141924,0.0347185529180842,0.000650720057741367,1.35404475329632e-05,0.000101785332515474,0.000215784191780417
122.5,0.000465489306466472,3.0026152809078e-05,0.000206646562145677,0.000971990809142553,0.000897638822144823,0.00033593380689648,0.000305928672595645,0.00067835488035045,0.00532694777680022,0.000526773183149429,0.00140743452801634,2.40743678663187e-05,0.00109317838895408,0.00110619799543223,0.00477546382123414,0.000235514690527468,0.00018861106680639,0.000490929326922639,0.000394706263045246,1.61827779127537e-05,0.000204845594304054,0.000975637586418515,0.000128997817264624,0.00108335401133517,0.00121229262572317,0.000356091793892516,0.000122717159270793,0.00047945917975185,0.00112888013638634,0.000207428752824629,0.0006597143068967,0.00135150876580202,0.000917817225108687,0.000635924981421137,0.000581787373413451,0.000607609398973323,1.95860309873481e-05,0.000145217411986663,0.000206613196899075,0.000238135261145444,0.000508341803579803,0.000453099107417053,0.000257546811651362,1.39398982155222e-05,0.000584784838778671,0.000787658370384622,0.000451587046454717,8.12490072081827e-05,0.000213488155577051,0.000328278162675078,0.00239047259145719,0.000218483175449759,0.000415229536613733,7.29176012419261e-05,0.0004354744528041,0.00018732193050744,0.00328038181936023,0.000537974272650057,0.00475487349287125,7.8436382297159e-05,0.0242926242408329,0.00103303456038602,0.000741552703272073,0.000324065054419211,0.000672854151840055
122.75,0.0029403074539249,0.00389896134976355,0.000383751391542991,0.00148132653187818,0.000317016850934226,1.5665852752562e-05,4.40697453037317e-05,0.00044306451302035,0.00609439390998152,0.00316235451552806,0.000790102824253791,0.00367422266631992,0.00085033552931558,0.000304258972858137,0.00526143343804435,0.000389259320041029,0.000990522041709922,0.000423724616601389,0.000174077751962672,0.000185951438773112,0.00090180022429202,0.000291433635543776,0.000309089190635417,8.2386532167051e-05,0.000687468295062488,0.001463250994332,1.94578815365301e-05,0.00111569349575272,0.00112304293302346,0.00453785736726286,0.00289013075443014,0.000483174867511168,0.000227533377230408,0.000826099994109238,0.000310116376691425,0.000174141762763184,0.000383733220311332,0.000494169595623278,0.00114421533526306,0.00218624148304844,0.00094633790149655,0.000923288456270473,0.000636950986589259,1.71129631597491e-05,0.000297651266574628,0.000554026179988954,0.000885826191257341,0.00303605040260001,0.000375452635045473,4.76290196692844e-05,0.00193184355849992,0.000210905776050087,0.00175918776541012,0.00428963155239301,0.00109687675579075,0.00162036473500016,0.00552333265963101,0.00173229871567606,0.00882964561877933,0.00094115253490597,0.063414598152339,0.00333671994422036,0.000552022650931736,0.000253074738449387,0.000287265487268966
123,0.000813262713181373,7.61451451874461e-05,0.00089962747701566,2.84842653660973e-05,0.000470076085218233,0.000386795471131845,5.6215101274262e-05,0.00028872760732912,0.00185403012729271,0.00487866827479156,0.00218629817855804,4.27310181824366e-05,0.000710075626048072,0.00107295849062599,0.000393813530230088,0.000393595334387325,8.97770971679413e-05,0.000103656762826382,0.000163753116091392,0.000738487935738804,0.000282169847308236,0.000185036144400095,0.000161195960625408,6.28589734174194e-05,0.00311211152928222,0.000560504703157755,0.000472542853228952,0.000565611173471098,0.00245402023724094,0.000123999980486412,0.00105510834336608,0.000183186507527261,8.83533317392791e-05,9.4063114401035e-05,1.51306309781941e-05,0.000472546865952754,8.58531622617104e-05,0.000873365086438012,4.46027694714481e-05,0.000267444570245205,0.00175114482363136,5.21135686691219e-05,0.000254875234577209,2.61804716440909e-05,8.41240187000749e-05,0.00209785082957328,0.0020406669522328,0.000555890584967102,0.0021883385459219,0.000215424658022912,7.68581268415091e-05,0.000347834393556308,0.0011685947221111,0.000105219395322249,0.000902931169043517,0.000239825642523567,0.000591376188525167,0.00197903172617911,0.000112344739594172,0.000410602263642201,0.00434584145657818,0.00101077199402306,6.00700753050548e-05,0.000790133559906127,0.000310906686619074
123.25,0.000896289106495635,0.00192528942265454,0.00106253460243513,0.00120794004776225,0.000672038689524907,0.000236694684691757,0.000789276166316705,0.000712759968528408,0.00182202855783744,0.00329293375081877,0.000886879531114096,0.000733333329692858,0.00174088408721016,0.000347066958645451,0.00132038440512068,0.00037135921364561,0.00141077725775101,0.000688515567778176,7.68526190168001e-05,0.00031135095826741,0.000617844090715922,0.000494453590335937,4.30352277055716e-05,0.000139667696516984,0.00204653436137768,0.000633571119152391,0.0003324171131445,0.000115278998011931,0.00126098682076971,9.70007141011312e-05,0.000228067177075981,0.000519517936251872,0.00120579999613942,0.000944626696926098,0.000238593929111099,5.46882907167363e-06,0.000154068152788052,0.000914038148456322,0.00163714085860854,0.000805953403871678,0.000272923973155972,0.000519204002276924,0.000245835487915517,0.000160019723904832,0.00185468944236052,0.00081210894837856,0.00118783625281095,3.69625177667294e-05,0.000695633764861634,0.00014671325807495,0.00102542622018788,0.000798514556051459,0.000494171302873505,0.000501934826973678,0.00174117073579735,8.46622894396707e-05,0.000283044279637488,0.000169113603875182,0.00171207664652511,0.00313746947328738,0.00109644068510021,0.000750266334168344,3.69555457280285e-05,0.00107077317232522,0.000355170075950948
123.5,0.000579162215459976,0.00151468735572421,0.00103914562675912,2.38521877684577e-06,0.000237103046123337,5.31363132852976e-05,0.000118009502536616,6.11526634456266e-05,5.00315526645302e-05,0.000828501010414167,0.000512016865064016,0.00183589868994778,0.000236756401482033,0.000367166036534643,5.15278371041786e-05,0.000635308696465957,0.000333231199459022,0.000189202146461663,1.71915295233488e-05,0.00016064135486054,0.000306196696196102,0.00020605229128839,0.000166385533554373,3.094323755161e-05,0.000281779037220312,0.000303065231713886,0.000446964101832982,0.000763948456539865,0.000959826037957407,2.05856569858504e-05,0.000825636966471926,4.16265762728968e-06,7.92549717935026e-05,0.000471054105153272,3.29454101391925e-05,0.000140796475269461,7.06279077447921e-05,0.000179512555009266,0.000431472302950328,0.000285631185690307,1.43136576428972e-06,0.000219736567748587,0.000401606986830755,0.000311984729807427,0.000578596120730878,0.000674158364835621,0.000470685309562776,0.000347137161182911,0.000358150900660891,0.000698230155955253,3.32903243365524e-05,0.000427474131265942,0.000349903517815817,0.000840211912752432,0.00017216274050884,0.000368165729882194,6.68134014338433e-05,0.000602379688947798,5.40148184290045e-05,0.00016065868117507,0.00147822980263077,0.000612544735346417,0.000235814475429216,0.000738493886111194,0.000133219733196323
123.75,0.00418723924456124,0.00150487840190396,0.000209942068881629,0.000549722120459538,0.000316824894722842,8.51296380530346e-05,0.000241645218379863,0.000108472965884247,0.00449057255856036,0.00346682293392188,0.00194716372003183,0.00049365665089243,0.00114981655677321,0.000487055737371804,0.0021352441466616,0.00141474859595978,0.000873601080107674,0.000249581708257233,0.000216251727618436,0.000279077763758518,5.95579221429975e-05,0.0002060355201089,0.000420186102898019,8.84947430725086e-05,0.00204720609430735,0.000461508046078623,0.000115405960085787,0.000578045636703862,0.000572150060398246,0.00147656481113077,0.0012509604738574,0.000999189792396017,0.000660699406259183,0.000296852357191049,0.000124411903217356,0.000336927729791106,0.000396413273375459,0.000101868148877396,0.00179066303114127,0.000553858003390996,0.000213686355185893,0.000404403340658894,0.000521130564476988,7.11225142124719e-07,0.000511226285683988,4.39385086415735e-05,0.00113606834478819,0.000134058184752434,0.000196199412805808,0.000238532189393455,0.000753755494803324,0.000226016985811997,0.0022290349906233,0.000951409848658549,0.000876168992154934,1.40590713386259e-05,0.00124512827996548,0.00434208270486061,0.00434374675396172,0.0017227251192369,0.0257122608294553,0.00204812118411261,0.00035717578016608,0.000365763923547278,1.5675909182645e-05
124,0.000618373502561922,0.000516549455191259,0.00133743067225134,0.00104689232688703,0.000263708737798149,0.00016083005010343,0.0005013193379543,0.000173592400130968,0.00340883342835761,0.000405792625808065,0.000256960357194727,0.000279674277832256,0.000791828873310674,0.000358559200042611,0.00344895952523642,0.00108108253082627,0.000413131778956244,0.000132409010357053,0.000105379950630919,0.000169983610821799,0.000145563534518789,0.000238705718623169,0.000179738533361719,5.17999569761846e-05,0.000628926514788527,0.000233289485811483,0.000226728553237386,0.000192779015563979,0.000671721531417731,1.87795042507063e-05,0.00179483062371497,0.00085304097244767,0.000845939592131272,0.00160727217702481,0.000380154237554544,0.000169147080534279,0.00051071339809128,0.000276717847573448,0.00148269369409586,0.00146314114121711,0.000743897349565002,4.67805819271672e-05,0.000226010378592921,0.000126312337020337,0.00116270365745685,0.000373505987056188,0.000823714532227712,0.00056366691549951,6.49552507299087e-05,1.47919988275903e-05,0.00103392139182942,0.0010805549701725,0.000351839288224544,0.00061246511695183,0.00092372279082367,7.41526281059407e-05,0.00239379294531234,0.000689792312982892,0.00291882469109659,0.000386127268600211,0.0328048237044439,0.000872179577533372,0.000243436776807063,0.00140904878008358,0.000330997663059647
124.25,0.000481282358552094,0.000479532903237378,0.000943307142996723,0.000305852755120076,0.00018612389523247,0.000760072890738087,0.000804161224296308,1.54477414824654e-05,0.00377734791697266,0.000657254726360714,0.000259355168881365,0.00125296349779365,0.00162826035196936,0.00275149496922034,0.00180894878559342,0.000227436780917059,0.00166420844532832,0.00157809568961856,0.000247428173068594,0.000185141826368538,0.000263533267902757,0.000891253544964578,0.00013568636409174,0.00149594428515458,0.00122022348619561,0.000138102575059419,0.00147775272039618,0.00211167216521269,0.000554147575420072,0.000505768800791759,0.00218519819243102,0.000383831370360244,0.000223311916162716,0.000364263503889971,0.00010408715718711,0.000293495912177039,0.000314307766959403,0.000249734716448818,0.00208576714253942,0.000320587977140769,0.00027618892468698,0.000434192542312288,0.000251577615500962,0.000251475765479264,0.00127027852804534,0.000123209715811956,0.000487634770152896,0.000501368020948233,0.0025274347737644,0.00122060799945106,0.00174290387921819,0.000281416981106271,0.000435044184221731,0.000340621756965014,0.000796070184965559,0.00132391918834322,0.00215060661801211,0.00337679718410549,0.0010815539935716,2.57027428666527e-05,0.010791015719173,0.000141729488307305,0.000127017698753429,0.000158482636587367,0.000891978050288659
124.5,0.00129629853653617,0.00231587977267658,0.0015029644328766,0.00122571050084522,0.000262914558979374,6.09166197544179e-05,0.000484790521619139,7.07119945442248e-05,0.00233877968666456,0.00135795867948261,0.00198399175628111,0.00249686135751556,0.000133102140354227,2.97887725889905e-05,0.00280894466414358,5.81542317626555e-05,0.00117950570361606,0.000421196985646094,7.10372008613996e-05,0.000192115243266277,0.000337014160989726,9.56873991563031e-05,5.39680664990555e-05,0.000275023024143995,0.000446526336382317,0.00171404023433499,0.000298490680532615,0.000411138087646784,0.000469667265847113,0.000585117384828776,0.000598078195511303,2.67907230134461e-05,0.00090952385886759,0.000861044884847811,5.08597367993271e-05,2.83376801216793e-05,0.000482308085886395,0.000318292209241033,0.00107447363012907,0.00129409491718556,0.000202991915244646,0.000932878974152598,4.20803620374485e-05,0.000267142661008682,0.000564157864535439,0.000631363486686876,0.00160294100402175,0.00147169639231753,0.000341386513255725,0.000242885089975971,0.000628573878081004,0.000198739286170509,0.00325349076371287,0.00204892470442226,0.00058173301212771,0.00154705264052136,0.00166034253604328,0.00099780379601978,0.00200847513808312,0.000355198098378167,0.0094656235342281,0.00103327794504204,8.47716298834072e-05,0.00144399842677493,0.000191896765438103
124.75,0.000505420052604132,0.00086626329553583,0.00031616650032869,5.30016521852507e-05,0.000585861558619899,0.000131095364437893,0.000438447971259414,5.75338989179553e-05,0.000393586268071284,0.0013186743247616,4.58420843594323e-05,0.00131591734839243,0.00173269138904355,0.000410623566281593,0.00104817059441676,0.000407071171358409,0.000195955110235829,7.91691803369237e-05,0.000698325242979717,0.000439383772554016,0.000308408503792265,4.27722606330384e-06,5.08627155364211e-05,0.000117962383642085,0.000886876726806367,0.000463827862176623,6.7709266791714e-06,0.000400081705495144,0.00179908186188224,0.000348801509035469,0.00068583685564453,0.00037290251081104,0.000237521696543986,1.65337271349958e-05,4.91959481028924e-06,9.53377321224576e-05,0.000124741916037489,0.000252225102686578,0.000307650347016559,0.000544567828718275,0.000433141280559347,2.04400879653014e-06,0.000222088761314736,0.000155376919608973,0.000441953326568557,0.00110570611441927,9.6572580869013e-05,0.00207272790208806,0.00103866488575636,0.000211325633621193,0.000428196141791688,7.45767459624637e-05,0.000265153067756896,0.0011128896678674,0.00167125206624225,1.37005842941065e-05,0.00250504424945171,0.000528288944794087,0.00102278799678222,0.000126151939340083,0.00874795817491886,0.000177093065365723,1.26674610565809e-05,0.000476685654540401,0.000137950554521629
125,0.00112167103160412,2.46729320882515e-05,0.000413802987637275,7.44468710934058e-08,8.15733976834999e-06,2.50429414072368e-05,1.29547588647717e-05,1.4143763140553e-05,8.06956910776687e-06,0.00011726517584188,0.000108497831786671,1.63367711861078e-05,2.10292697801206e-05,1.56437442252901e-05,0.000152989851963927,0.000216092931553154,2.06483528672382e-07,0.000301300026590148,2.71185425943605e-08,1.29064345883443e-05,0.00012300782182094,2.13335453937691e-05,3.85459571433213e-07,3.24078922736658e-05,1.8982657936529e-05,0.00015110550316386,3.08216265629825e-05,2.87869730953859e-06,0.000599642807893168,0.00021951569626141,0.000268166642673203,6.01553528532162e-05,0.000205610561531688,4.04539242660388e-05,8.55510377601575e-05,3.07880659739025e-06,2.92447115813117e-06,3.31579160675713e-06,0.000237332990321069,6.29568444358686e-06,5.07660667078748e-05,3.85193547150527e-06,1.21503921413765e-05,6.78255093408987e-06,2.78403926335135e-06,2.67398772580627e-05,0.000166627322855282,6.49178694305187e-08,2.39763435874204e-05,3.01327718399781e-08,6.99642078841364e-05,1.23538279895431e-07,0.000201889410958859,9.12193659777423e-05,0.000117572790105644,0.000103765266844897,0.000105733299142037,0.0018739597785638,4.14032427337794e-05,3.25869693120845e-05,0.000323940800484109,0.000364014461046629,1.33561131816238e-05,5.26336687932022e-05,0.000155344393995777
