Frequency_Hz,Ch_1,Ch_2,Ch_3,Ch_4,Ch_5,Ch_6,Ch_7,Ch_8,Ch_9,Ch_10,Ch_11,Ch_12,Ch_13,Ch_14,Ch_15,Ch_16,Ch_17,Ch_18,Ch_19,Ch_20,Ch_21,Ch_22,Ch_23,Ch_24,Ch_25,Ch_26,Ch_27,Ch_28,Ch_29,Ch_30,Ch_31,Ch_32,Ch_33,Ch_34,Ch_35,Ch_36,Ch_37,Ch_38,Ch_39,Ch_40,Ch_41,Ch_42,Ch_43,Ch_44,Ch_45,Ch_46,Ch_47,Ch_48,Ch_49,Ch_50,Ch_51,Ch_52,Ch_53,Ch_54,Ch_55,Ch_56,Ch_57,Ch_58,Ch_59,Ch_60,Ch_61,Ch_62,Ch_63,Ch_64,Ch_65
0,0.0122659208464472,0.000143113866118825,0.00216956526932084,0.0058468593496819,0.000471706597273978,0.00184908441546188,0.000871242565077746,0.000584247596289353,1.82645466939954e-05,0.00257846155578514,0.00561379284664419,3.71013705553298e-06,0.0201679235925475,0.0027878686244856,0.00113164032957207,0.00284737193117832,0.000198944325054333,0.0041332116424577,0.00249060870984504,0.00204199233471161,0.00494797231622586,0.00969714859463383,0.00141252118561017,0.00161526130270017,0.00287922973694474,2.23182491194438e-05,0.00257211462419915,0.00085742130570951,0.0374692455382311,0.000608810469234602,0.00589413676148032,0.00103073219567819,0.00137571604568921,0.00762379490975803,0.00316099226493013,0.00508669722913613,0.0035026675223391,0.000391151366413789,0.00240044208083016,0.00240693840935605,0.00101857348095692,0.00487625315918356,0.00317087917277246,0.000616299710184329,4.91310728272046e-05,0.00249320126799012,6.57054030826527e-05,0.00480894571328954,0.00951393797171745,0.00226499629916896,0.000195360034310053,0.00137111985254396,0.0127770934102513,0.000583273425866126,0.0193094947326592,0.00203981233565484,0.0122357629906699,0.00106201576515491,0.000222456409500227,0.00230719122477916,0.00379581175966085,0.00296125344251638,0.00176699550401843,3.936701110192e-05,0.00982589380048875
0.25,0.0562354688927716,0.00219096931474587,0.010314572917955,0.0258631724035736,0.00207523368357576,0.00811875750651719,0.0043648070966788,0.00488140153801438,0.00266459908461179,0.0144881840600857,0.0259805385386786,0.000835398477981778,0.0862586629955559,0.0124242907650404,0.00466471268158886,0.0141972392125645,0.0039012966228793,0.0214653929517556,0.0109934231688761,0.00993748550120801,0.0224927465255744,0.0434736140687954,0.00636417820276561,0.00758736222280545,0.0136919853218027,0.000284051124413809,0.0103322802123041,0.0042556879116264,0.160682587481932,0.00301325411048482,0.023938348526017,0.00568851691070504,0.00979386302836684,0.0352054452102489,0.0137651207322534,0.0224594113476825,0.0157796420099058,0.00357849222829599,0.0143955788869851,0.011996978528287,0.00539091768096364,0.0209507009639069,0.0139110066348053,0.00317004757005432,0.00144678576310927,0.0159936642188675,0.00139692510055851,0.0207659481074038,0.0403445199358073,0.00965018659944946,0.00106485431155721,0.00918994157014463,0.0581168021722107,0.00291933794344959,0.0842570624113033,0.00903347347782802,0.0506217919852234,0.00441772471944291,0.00194480520564375,0.0131298540736971,0.015152467154873,0.0127478584516971,0.00828516452922159,0.00371674397496307,0.0457590008983132
0.5,0.0812551668063019,0.00922908381414276,0.0161805427099563,0.0392008119607443,0.00291590969782985,0.0124989104130516,0.00650036109092235,0.0120353744246392,0.0124321869210704,0.0305442519049156,0.0358142712098283,0.00437089939598368,0.107815890370953,0.0177474028444315,0.00720941533077381,0.0221062975592876,0.0157194397288615,0.0424684327300606,0.0162142952673986,0.0136618087634002,0.0350045465532974,0.0673383944892335,0.00888474611010772,0.0109346400529373,0.0186209025784444,0.00166999701059727,0.0115897312624398,0.0057854132522688,0.203318500579181,0.00553150184108869,0.0275509024830709,0.00986717913388114,0.0267620047548943,0.0576847558970265,0.0187997253269304,0.0341697122738576,0.0197811499850335,0.00816266338477165,0.0315019885781447,0.0229368734655648,0.00929289183560388,0.02979231035062,0.0186510243763812,0.00419975566025413,0.00485515918141713,0.0398524019082165,0.00263299492291259,0.0305521308333023,0.0479339881344906,0.0115286127377397,0.00281818275879833,0.0202410362790134,0.0829512459958325,0.00578386617849699,0.107590808227137,0.0134374911777802,0.0606043645706277,0.00444799071858162,0.00672237352032599,0.0265809548167744,0.0188582174442941,0.0160026929379162,0.012922274379642,0.0151916285672783,0.0769626172488956
0.75,0.222251315033563,0.0645826908340017,0.37154683823546,0.363767036122853,0.0244217925492545,0.0858332315732282,0.064396034946941,0.112696960334123,0.25796392940664,0.306042016341689,0.122497691931881,0.0204314127566991,0.307563162370363,0.108676245482944,0.103722810350545,0.152762384870939,0.247195495999672,0.537805885787414,0.0984444342681537,0.0753823820446664,0.403707722018133,0.48337297924253,0.00636615245579297,0.0166443331381051,0.0840758405492443,0.0653644768016041,0.0474766395719712,0.0307342607035126,0.576831098791475,0.0669643308563788,0.11144162616321,0.163263880034444,0.462790181610918,0.55174498091136,0.0819323870486683,0.119908178439222,0.0597815093339589,0.0511867557830511,0.23703160688419,0.214351265750717,0.288587394300556,0.226658752411092,0.0120518810677983,0.00589256860861082,0.158843853315631,0.351456085017381,0.133319177544497,0.130162061079757,0.10443720243793,0.0697121912095185,0.0830090397573374,0.164715531546959,0.330034542966842,0.0402905385945338,0.281643793027145,0.0847009540069717,0.2279303145755,0.0827685031822801,0.153942103025019,0.241390347417726,0.209905809467707,0.172135709145393,0.0272663794317854,0.232206924333189,0.582254089252898
1,3.74933556570292,2.93434087582217,1.26292813455343,3.30142311812238,0.271849590286333,0.158376705574784,1.12850784458672,2.39124971323555,3.01209089193704,3.31797701759768,1.18306814900612,2.14071757625151,0.416349230116895,0.458534692770262,1.73378074962401,3.01001190379145,4.16761626283922,2.63012372257868,0.736898507408034,2.90574906092314,0.533818941697072,0.665867996419103,1.0721113341645,1.93186792707594,0.718408801250453,2.13970075694538,0.137552821177119,0.466870456741921,1.26581829922208,1.48050175437763,0.486435855876445,0.930087187685254,2.21999819945973,2.61803320176934,0.463826707385041,1.15124205571114,1.67628866026719,2.98975297336957,2.36114937638014,2.99655107314035,0.634250489249003,1.65866617133665,0.2739802356901,1.55991303325821,1.75192000159952,3.75232294932627,0.837411691619407,1.67375941754372,0.347762697881747,0.047313713696143,1.23630493746091,2.94551726372825,2.46065781496043,2.28919187727899,0.872395449929108,1.01319876617682,0.605994297664725,0.66670233420216,2.67462477633542,3.33475210107788,2.04505007784924,1.48920522305578,1.03715653015131,4.25744706367367,0.439413217061455
1.25,0.420494392963134,2.15030626467585,1.88810877464006,5.16109027761835,0.131809608282203,0.0123284119695678,1.01528132087492,1.29820009779899,2.13945097434793,2.98427040753019,0.520397361240828,0.361017473668549,1.17847502595028,0.577984757987995,1.05524987263726,1.74895958161051,5.81132408317181,8.47471411520541,1.49903829684323,2.51280575938638,4.15885256877668,3.54016517746137,0.0619653299148623,0.118385670964993,0.170916643558297,0.495713537696967,0.395804799924935,0.429152340590393,2.60949241652387,0.376111517675018,1.29438305365683,0.625633711882885,5.61535982078553,7.80274683504595,0.628323569404838,0.983509331501222,1.56494192969632,1.43762646478715,1.95952056489469,4.61444329442524,1.15581980352619,1.85623616745998,0.132015539772327,0.190609398323553,1.80758658064489,3.47059310854781,0.500238804901588,1.14679468145405,0.324698700333177,0.31586362079012,0.599938621854662,1.50755570890099,0.624117239117013,0.704912719837284,0.776365169962978,0.201018952269765,1.39956961484687,0.134450385537567,1.46227228862988,2.48912019447224,0.799926063978757,0.976488092411896,0.0347435431356964,4.11412782724982,5.98921909935736
1.5,5.56397278778159,5.39961640752129,2.54424182172579,3.56063442918052,0.873927372202192,2.01231324892487,3.79872712899492,3.92501511016885,4.71232330221237,5.87561059646972,5.81717946766826,3.16511167623426,1.36322717948212,0.642734678734393,3.44493207685895,5.41684915069626,6.7240578769658,3.228286590701,0.602874133044783,3.02185504119547,0.889456698237037,0.970253680928388,2.5642583677339,1.32021256703028,2.16271057070573,0.434354622857021,1.38868496653371,1.63652576183385,3.27796906348853,1.18585972609504,1.34970593733311,0.823968907394049,2.93764424586111,3.70916859316402,0.448833161482626,0.753588968755437,3.84994148817468,2.40916181189493,4.50037540065314,5.35526776289317,0.859729044048376,0.883256373546347,1.77857979430028,1.75354433202004,4.67611583533387,6.82171629323575,3.27204410665386,3.35744373885439,0.824197476881486,0.699861974556937,3.69281464062192,5.07483709812826,3.77227380321564,4.38269781363399,2.87081701145945,1.39631274126226,0.574259703318881,0.482027778813036,4.04863414626994,6.34214428336321,3.00779005405516,1.55787326282489,1.48034861459775,6.10400053376428,1.60962634299539
1.75,3.41061747062326,2.49125141734681,1.46778385455134,0.747070000253575,1.97054049696287,0.403039906040018,3.33019553764894,3.93678072377143,3.21819447652875,7.00647775240078,5.69054519284375,2.93142129928524,2.27001800387263,1.24633842408969,1.71781868126887,3.76225415027219,1.26276197545524,0.21840446383886,1.5446640041955,5.22283604133709,0.717814556678703,0.359507826477966,2.82351490575685,2.31908052312257,3.62592261357076,2.61605614066524,0.844362525593815,0.669692967751216,4.75233487985643,3.65706109754894,0.0890924150684727,1.23634692146656,0.907399853846067,0.285086496830423,1.61906889087156,0.586647640045078,4.01491013022211,4.58420750151279,1.99624807284228,1.15281381794972,2.17046482029842,0.713275933067791,2.64137241487032,0.973933939105068,6.00476521679027,11.6893291467051,3.44851445842352,1.71416281016668,1.55772913604571,0.504361428269944,1.5630378044956,5.67999246425628,4.23877035196323,2.87151257280687,4.55795729652492,2.43865514078544,0.866529624750985,2.39195083809926,2.98312395127022,5.97052335561966,1.66941289217506,1.84930768604457,1.94566570430448,7.61420939888548,0.401770634680998
2,1.02807993773754,2.34024235229689,0.89097916930066,0.76155248610956,1.29957990937624,0.74876374080599,1.11522979758358,2.48115825433238,2.34412383490388,1.55525847018128,2.1477448129347,4.13416979844812,1.4933247817407,3.26300512144332,2.02517017582657,0.833434407589522,1.08641161811031,2.83975538550833,4.2106248057082,1.24324917802444,3.6040890026104,3.05706691302509,0.843104856807704,1.134021583067,0.273160608947472,4.99242722025674,0.581466451597849,0.145750489896317,2.69233590002053,6.18654344424407,1.18448603032161,1.4167635612575,1.99113118995006,1.75342560683947,3.4456603611253,2.35758399293359,0.765377262219333,1.74972134617436,0.625481599905852,1.20705411554127,1.94729139310395,0.448097111643535,0.459723438152288,0.428016101401544,2.97956585650296,3.8497599816924,0.662661048978444,1.88537725232509,0.0450617470436929,1.23882845862276,1.43311832308775,2.10933016342985,2.65951254458405,3.55246327913738,1.01682989737499,4.48271430925058,1.68904799646578,2.10796608635484,1.91851568340052,1.64726345626741,0.847017292914339,0.852683021909707,1.21762549768391,3.4064575036773,5.00705323222417
2.25,1.19628177634711,0.312722284120496,3.12722436611211,0.466184708229118,0.632624705167652,2.88070599062881,0.135460319731035,2.63238297613022,0.419431613620705,0.319721695129363,3.4640495847796,1.55535282702667,2.19935368490491,2.53344395464803,1.11534178070795,1.41000633453179,1.10488193830765,0.888842411048182,2.41833181419184,0.659721162704242,1.14792452071024,0.283525398290589,1.02151446395752,1.5850419196793,2.65166774503815,1.71005983104702,1.09589099033434,3.49569753479453,2.44594445555911,1.62982708298264,1.16105647508879,2.3689839273871,2.79524615711159,0.0912601311696929,1.55048782538828,1.4716106068786,0.396998932792631,1.84793683017085,2.45905772939736,0.427239628527528,1.34202585907893,0.824396118959795,0.591147693238963,3.9408287708674,0.204312460989243,1.25078082068013,3.2091696205521,1.02748203209179,1.50582967063041,2.76849861813495,0.436543182877222,2.53900354152935,1.85069746430419,0.607952830233052,3.40837322354486,1.97494586531097,0.935455171967714,1.23013652486861,0.720167133605077,0.748514284526639,0.322280440768461,0.282075193393495,1.88819516702004,0.0603130280612428,1.09227308872916
2.5,0.174761345655641,0.952380886290653,0.960338174155899,1.7502599465439,0.528039202090814,0.135899188250582,0.558931596356728,0.264932132918324,0.279865842835107,0.741830271369644,0.538289995992447,1.14841627997411,0.648947571558614,0.161729638896922,0.596394824747177,0.7511044376202,1.13669721425869,0.59536883689878,0.581112460899428,0.0827065196149856,0.0732606413752913,0.107615232842326,0.826589131946943,0.621247402684373,0.627196454883179,1.28113291534027,1.01945232711618,0.0036194050391753,0.305896407989197,0.310265799976907,1.04680572521894,0.346557901978031,0.290050431582272,1.06008436826019,0.342919884983173,0.594734473695284,0.337583484564756,0.164327244457856,0.674272967110226,1.26085724597125,0.275408379381355,0.659939649102445,1.03493196449855,0.156341117858102,0.156215550486541,0.658105873156301,1.07059230710778,1.55133910621548,0.496676588008806,0.0733743582702272,0.684638768290396,0.69829597056797,0.234270674938952,1.11115944301297,0.392249719273374,0.378400553303621,0.711070690407084,0.263196235397556,0.461834692579169,1.00112302309034,0.54582724110379,0.422176185263773,0.476424628563952,0.180993264018745,0.0354721403678533
2.75,1.86606459942439,1.73467676428133,0.0589287302561535,3.18441052733714,0.232026805356589,1.86762197326706,1.27483948660064,2.88609805091016,1.55032770675242,3.58411720254947,1.73318139733554,2.15094095418528,2.26199770154616,1.29677764517726,0.672925951779281,1.20235090505761,0.990686801254416,1.63338975869888,1.67695374075701,2.6930294428831,1.14937498773599,3.95500565552305,0.569513877501644,0.854750928379678,1.24987906581851,2.21361024568165,0.872546607699308,0.0270906186270905,2.53754180278689,2.78759680484481,1.22655114655451,0.215130127073368,0.419660735608406,3.12427307329895,0.498554090681505,1.74499233375643,1.44736764118191,2.15579163048323,0.335543552106044,1.88141599435979,0.109835703276025,3.00989999446052,0.838289466995821,0.407387447831595,2.10997198535313,6.8252085021802,0.80390953268761,2.49199204260482,0.978790401660924,0.852543835883649,0.903544503766268,2.17512294465408,1.45858447519256,2.13446399000838,1.968363669021,2.56984459822528,1.31656652148937,0.141631724024735,1.06459324917855,3.017762369489,0.270179765883945,0.212415148917074,0.457056502736573,4.9921341024356,3.3835851017248
3,1.03820638311667,0.67848983724966,1.17249842331497,0.441184018872217,0.00193294222298831,0.399012859795793,0.0196570149033223,0.709262425295294,1.16023645688055,2.17338432078713,0.768399468276932,0.337268551847541,0.0574368839441698,0.0528228806979094,1.22525536297725,2.49908190900594,1.14591460275084,1.17636990322236,0.511592462205609,0.113614496949669,0.786952170135835,0.765216079190728,0.0352819369570821,0.172925146790217,0.330540267052132,0.0118963210874709,0.0363374172952239,0.263175521232175,0.106175296782872,0.131157729352585,0.28806465320303,0.780421828293902,1.58137120306805,0.465028974225367,0.243055436219619,0.255220131108179,0.0418362482180663,0.332708035491875,1.18378705173543,0.620342682227209,0.392675498517522,0.441547882506934,0.0131340214438765,0.249891175901366,0.0776557263605543,1.96522263138839,0.739336161323673,0.588463234530509,0.00834248737329478,0.0652081163711522,0.228610386669129,1.69750074173231,0.9425750572765,0.43019138504163,0.257062331529632,0.0260566639016342,0.822402828545541,1.70460386647663,1.66506913428878,3.027686752842,2.83120757346825,2.12201078589062,0.325311035168247,0.408269258112543,0.878605026473307
3.25,0.880468749075373,1.94889743235537,0.832589304406029,1.84190292302457,0.167783382668881,0.117389691261778,1.20106668723217,0.421128129841505,1.38479629254012,0.264793575131705,0.284534782835487,1.35872839081738,2.86386827174196,0.584507258455831,3.29840825762648,0.0788651776904468,1.53751927849124,1.48195096935714,0.115478161292593,0.504463674784017,0.56204489072903,0.825647257517314,0.392691803327689,0.645585625283572,0.308675125049702,0.975178164671413,1.95995123127196,0.0135724482284875,2.31053727671648,1.64123830337298,3.21829163616601,0.231043007573345,1.27189809577635,1.93070989558655,0.164909763476802,0.483486416748827,0.76544708113177,0.596503525141264,0.95623366968938,1.95996926397076,0.175128672540672,0.78561802081536,1.00058206393081,0.180283229307767,1.06186409755548,0.736287990454676,0.348664249546584,1.36875881825243,1.19170623621445,0.258270416216844,2.05548604702899,0.280573678552678,0.1848202830982,1.80792173493945,1.2285090787863,0.865549452970266,2.598637054423,0.560384384196898,2.88892105575012,0.185431628687781,1.20059554649938,0.131172584877993,0.465123362082601,0.614511552733011,0.913392497555298
3.5,1.45665810279835,1.99375365452842,0.770834967517502,0.0971932461480542,2.47367594397274,0.939097332767308,2.21302551496509,1.93004341573138,0.0831053168345597,2.72811558438322,2.96237513389408,2.76385828731367,1.87643392910202,3.74827326322904,0.777247164933567,3.59518722159707,1.56788259062013,1.66987886166676,3.34656862142195,0.679549727022043,2.42712057975432,1.20081491757829,3.39201016032002,1.20031106469692,1.35451098873439,1.5304268639938,1.33784694075439,2.61815580514415,4.26167827592011,4.2138252508411,0.806495878145622,4.54340771925897,1.39223540991835,0.41712163659451,3.36602071622857,1.56027075547677,2.09268289603083,0.686082392629351,1.52182970716855,0.424669231779358,1.44411910191236,0.526624056616103,2.95307039034447,1.22346904575362,0.736234122107385,2.82969841422591,0.832984122737082,1.49873207060144,1.21546665748712,2.35767039006515,1.51002262425183,3.76933047134434,1.00186953831016,2.23225064678123,2.71533477320119,3.09692262505012,1.19319331631255,2.70649239417563,0.762398408888614,3.76730677768121,0.0356610585630125,2.18611972297558,2.28714122660485,0.630950409367135,1.83585595013304
3.75,0.432746071128881,0.988489503581187,0.357505639684395,0.398546500570967,0.259299127510849,0.525734460091568,0.331771844993375,0.197170290674537,1.29492505082072,0.443226386931145,0.138630008228137,1.12350970008986,0.0169589309971338,0.674966335956212,0.257984847562557,0.428949830541806,0.0443540316594363,0.289865799815648,0.457174079504219,0.0537186046428582,0.536309895100425,0.331401233358596,0.183270582732791,0.208791004061473,0.0433126655481771,0.297142245938347,0.16060599060253,0.335723156469797,0.195750431192896,0.668510989981418,0.0383973281964086,0.673459849622076,0.58570290738384,0.214976687918836,0.283497366884653,0.562273058816897,0.126506755710356,0.114479605944927,0.281415778773308,0.366063879108164,0.283852675524025,0.481618215226602,0.106994489864633,0.0709584948728191,0.65837475059172,0.701387823691598,0.186548148841096,0.852749573558474,0.0665651004238685,0.508789689037922,0.330418488898811,0.048514652660213,0.210562294436297,1.02635014734813,0.0262004497485512,0.684122632482849,0.0403514735897329,0.716997191590284,0.960876602398536,0.0182865464541623,0.154336851782772,0.147851416323727,0.281248688367949,0.859465033463972,0.609144548254227
4,2.4401609137335,3.04906580789173,0.748188091305092,0.078155668676632,1.75954630901177,0.403588972424909,0.860306346433016,0.499888873280955,0.229138699133919,0.431126184957995,0.913111876751882,3.29900547527684,0.770242528925722,0.934781046976699,0.280718144457198,0.461807243135928,1.35123662113925,0.247685643797498,3.97325887338278,0.790101473893658,1.34354829159283,0.959721390630787,2.54133819609046,2.16403292328408,0.106330099326972,1.09725410538436,0.41406865229806,0.207386551251736,2.60160159934939,2.93072741757318,0.105094360588738,0.410972190470827,0.517917288199429,0.0345942035525393,2.97156201635897,1.85158244523527,1.50439111754822,0.933789230361416,1.24136520402936,1.01072496132929,1.0927812407286,0.0266755520371097,1.77167316843181,0.71298492683009,0.420539853969474,0.616738758792172,0.35175652391087,1.26474243923128,0.00597590416552248,0.267500410711077,0.356730204857009,0.373571611191012,1.20054643132234,2.53844982280548,0.944303128594998,1.85653451211647,0.661568350247459,0.771857556781388,0.74613140405668,0.446527173251695,0.236358939710184,0.557726824866412,3.20303080939813,0.158608838674371,1.15577495107789
4.25,1.04163775354072,1.2450128603576,0.498126041177073,0.829940659732664,1.23929027114653,0.461825638173523,0.291964914498837,0.0227223102251112,0.28991927019595,0.593996982197955,1.25224253484567,1.38325819913992,1.41281495131891,0.883582524099568,0.639604044214808,0.97406835428318,0.483513739432182,2.30609062375948,4.3050917006436,0.353373005795661,3.72156440872507,2.91689399261027,2.13229155982261,1.56405872483041,0.377352043825221,0.0959132558820535,0.0954410030913831,0.034661602172945,2.50583736874066,2.99987246396745,1.0179142151436,0.769795441329557,1.73945513520232,1.8003172137899,3.68112118570441,2.45622263469386,0.876167138394998,0.358337565359512,0.313191174893082,0.404270500228155,0.771491731467429,0.495649105894753,0.916165570622861,0.27008612197814,0.0318866985307395,0.35592339683344,0.366640487742578,0.141255202820343,0.127081416328264,0.0941573226206902,0.0607997306164467,0.310118055016119,0.904049461551426,1.21700565664197,1.10528425323884,1.55284260633028,2.0043502163984,1.54465994985946,0.586719842962206,1.02286465054351,1.15873718914568,1.51946715188932,2.86402549425439,0.0701575687564684,5.05190908366244
4.5,0.10012479164667,0.375237516657371,0.746497455771146,0.133118112229796,0.274536856024793,0.0817328680602584,0.151633207192109,0.104149330678453,0.298506090032956,0.572709295908133,0.0486620916832315,0.5697843856321,0.0193165406348945,0.52001027072968,0.304714225738126,0.402579426528121,0.062198955571861,0.348116201936516,0.470281916154537,0.0950748259578253,0.452472159350519,0.262645977660544,0.151852324075051,0.0790679114655196,0.207492872662463,0.316631373032624,0.126832805968315,0.16485124415782,0.0308859495007946,0.818371725703987,0.0767438729013183,0.418151424760809,0.485543608779505,0.123817544648322,0.279814991432368,0.253723988885742,0.0658553584369891,0.0567124926246179,0.30940278315864,0.165689859409578,0.539750570644664,0.102410425492549,0.231862191089347,0.00676389948897253,0.118504516687538,0.524183089856336,0.500392602154976,0.294459406373908,0.145084896966322,0.268500918693661,0.208470531829538,0.293930094227822,0.20620613805112,0.529491602655589,0.062144844417838,0.893826293038045,0.0745059184761615,0.0995677224301455,0.734479926790847,0.597972249644623,0.277434241939128,0.226516666487216,0.142454760786774,0.256083711098031,0.367243911159935
4.75,0.208899300243066,0.917037106970503,0.563197133101248,0.673042187391367,1.0973894724402,0.112218686243797,0.365498846757333,0.0647351717249797,0.0843061007728477,0.242870861725738,0.110419438370231,1.46752063758763,0.0881955491919486,0.980894101987806,0.169614693278259,0.945587977360467,0.29375197464636,0.3945034512994,0.934385050163411,0.922055641897613,0.97374106317984,0.180189145130266,1.50010997536806,0.565989010460366,0.601202940715124,0.70300661277533,0.319598015686826,0.222360822942607,0.0489514549025433,1.43886475339864,0.125843778428819,0.887445182003525,0.620125012791523,0.312385007481103,1.22771435747298,0.525134681114069,0.807641198729577,0.346292089255232,0.134744872236027,0.84168426202853,0.931446439290713,0.169784643020419,0.682298621889873,0.0269468506641617,0.230065162258331,0.272657642054493,0.343523046440607,1.38561533054804,0.440365628738674,0.357179576325923,0.154840770939336,0.239535199802439,0.00522380661274019,1.49160936242058,0.212005544724472,1.18516304427756,0.0985749547957319,1.27837023438852,0.196838372529771,0.423616403762923,0.383135153290028,0.707926535983118,1.40517891559002,0.204332336502436,0.55724670690659
5,1.05379125609688,0.245382000862341,1.20027447394858,0.00936471958805356,0.293566563769755,0.327079301919503,0.393658625791259,0.767078942898908,0.276067576264477,0.281377974111231,1.18464220035932,0.580202838763873,0.259295001965547,0.773167809295375,0.221764804362973,0.749911617869401,0.264275975699687,0.752915800782937,0.388943234634667,0.691268170768495,1.24541823126089,0.337333652417723,0.37505323656501,0.426262101560316,0.666786421180664,0.349165226907933,0.247281173644939,0.886023359686355,0.34519434998964,0.589989036282087,0.280583759969121,0.80545894401744,1.29714511412314,0.129838951446054,0.347458250715756,0.175697709942531,0.46189291564829,0.553002258849911,0.849272497163258,0.0597069602643297,0.774767447517966,0.0209125847183502,0.248004556966972,0.771112524663,0.768024945489586,0.480846664721716,1.3068527516188,0.345145669997693,0.235793237620044,0.668448981727578,0.18817657210884,0.745747073106027,1.6450496318019,0.361272631118302,0.480818065897501,0.565552119638341,0.117307994238964,0.320768041511693,0.660604682608956,0.548796071899986,0.1006268549374,0.154670184574821,0.359807172357909,0.554735517335707,1.34554830350083
5.25,1.47296078891858,0.243162206415653,1.46578539681922,0.111720272547614,0.0718624767327749,0.918208041094579,0.312167842428183,1.54825243930338,0.136998647064471,1.39698289294956,1.7507410929126,0.349823688857299,1.04760869293734,0.640826295864842,0.43229008940862,0.711920300074362,0.514614807764629,0.959427890572999,0.972984976179815,1.43185525996469,0.892862783945635,0.951754993650439,0.476837739378656,1.64589671374177,1.28836222160811,0.111053983621194,0.309688114120115,0.734473084726717,1.80682435377437,1.20672182625048,0.917425355076003,0.740194698811332,1.75377608798866,0.407982350539585,0.41873869228739,1.251613884773,0.807376960851931,1.6860246741365,1.53798335170563,0.00563441099723838,0.617000321117993,0.213052405986988,0.07001988097346,1.44000862843851,0.771582289694541,2.58727166539399,1.7171420891395,0.0765098827219075,0.704521296377452,0.425583078956041,0.15850812178219,0.985634812668559,2.11414199943261,0.41294903668282,1.62584750051795,0.407141764380449,1.19271360721918,0.75059657524328,0.0290484185737249,1.24658665955915,0.550956051745068,0.893953787174084,1.20745813587423,1.83318067181537,0.861296847236656
5.5,0.462921011069684,0.00476728964759146,1.60107354553628,0.291248583279088,0.936116844421172,0.0739677051852632,1.09305873474388,0.667513450888516,2.55586175309484,1.10618279319293,0.191645277405655,0.0246870947446715,0.148603715889334,0.19778235560152,2.01264569489479,1.01501691486806,1.24951469493106,1.72428402193839,2.14489081002199,1.84088224365859,2.24537737611052,0.724577831289379,1.71358069258019,0.963009516280718,0.378712255195955,0.0877197937297633,0.1851189751361,0.111443250594744,0.570466109039923,0.337658719639579,0.761747244574229,0.404077156556883,2.10603787160414,0.669300818335271,2.02534524888046,0.878775018890764,1.45387432915864,0.957378364189462,1.44765174846304,0.293779434420515,1.31863999168062,0.168813799712674,0.621877751625799,0.21162961877236,2.11125304645062,1.08651409512098,0.703067210514639,0.158458844595295,0.0449702747648404,0.0379240625567196,1.11632688138297,0.603140844361001,0.41817225632169,0.00966933091722835,0.241398541224875,0.0958065703719439,1.22143125389499,0.742591239353377,2.72283791768744,0.835419433347046,2.46501869500763,0.951502284844159,1.61076260570726,2.04724040518198,1.73159811024902
5.75,0.862061854201441,0.16176304630329,1.92988177435595,1.7066153961351,1.05670745615883,1.79614707172116,0.309430519739556,4.62959083690428,1.13615144335934,3.4880990901303,2.15218307600734,0.448980753406708,2.69787819648091,1.68608784165463,2.42444376840727,2.30654647686501,1.7732287997044,5.66008018297176,2.80746904499099,2.10241462219605,4.48153104209236,4.32783094137253,0.17285676176325,2.02124431214745,1.80210753881675,0.3984427759286,0.958753039896285,2.04874518610659,2.99513656804337,2.52896081072823,2.74364093459405,2.09539406515101,4.93571943631444,3.26782223752967,1.66432748911467,3.08797049527809,0.587332213268605,3.08427091055087,1.35393861705876,0.488153520660019,1.732946405931,1.65528161863606,0.151746104523917,2.51085691728756,1.54223355742181,5.9811990286805,1.5166774163505,0.165371036543597,1.62562144296934,0.966670367331039,0.729758057077924,3.92232973065505,1.61403539530001,0.336107524579554,2.12769913243204,1.23981819734193,3.2205571057195,1.75971366188145,1.54516104351899,3.78027232238443,2.56045771308399,1.93497384392843,1.16512978256428,3.91956082225144,6.53716133538294
6,0.804520862865936,0.250407230723871,0.946510671997958,1.34894922878368,0.983124760609998,1.08132926879748,1.69886425481629,2.95684067740361,3.32599305944854,2.06359786225526,1.45431608769647,0.217617661722994,2.98560253182446,0.00401484418870613,2.15047426887729,0.393437755628237,1.06235084631067,2.15087753358155,0.81988801010556,1.84677831248008,1.70956163338708,1.56465002817139,0.0376335614703869,0.917789470925967,1.61773041027039,0.409404827348883,1.19911677485898,0.439036699207654,2.32977024189851,0.168678715418169,2.26879521485811,0.247879090614338,2.14419241841367,1.54122673176066,0.676850979315154,0.979824811383026,0.934059422778215,2.22354504116989,0.824055384331277,0.716617951606823,1.00486772594477,1.26120162228235,0.636805925861606,1.35256730832832,4.13208346198337,3.839975448986,0.741866554872158,0.799056470429267,1.87133006693363,0.142941486301415,1.8286203816525,1.65571015499889,0.896803966488222,0.170728622962461,2.16807023981734,0.0657465786961811,1.69402064862744,0.0320533550305627,3.38052316704888,1.12397209436661,1.00995448859252,0.261961841102804,0.200088077643323,4.66607492124144,2.08448038158401
6.25,3.35385128818176,2.23594175938611,2.98222933946643,1.22309054785244,0.880027657173825,0.30417531632274,2.95954106800953,7.61893273590743,3.71382079111653,5.73485344247629,2.39888356049854,1.27056831835398,2.05810755620969,0.294078410995021,0.212789014697285,1.66584123343322,2.33326935918806,2.09709668760448,1.3276671399137,10.1209864414073,3.12214814851861,0.640264919205447,1.76618569018092,2.93965523969883,3.21704057524578,0.357318832935385,0.0400737151021746,0.60097826540919,3.09721570458097,1.89150823443534,0.54435885662774,0.189496496350702,2.71649009470284,1.37943788274412,1.06423264152953,0.751407122329726,5.43120043165959,8.63499719467367,2.43469879090916,1.82064147070967,2.87180950949058,0.436564710865102,0.500474833103963,2.7269767039732,7.14370315374507,11.3965917127388,3.17837188408919,0.931593339929653,1.47152969249315,0.0358137929612963,0.856782358885047,4.68539419288843,3.14794906126704,1.62020052824786,2.68976242382698,0.805902176099547,1.36122293040743,0.601154647847504,1.3869864317324,4.10828195333045,0.198815383549758,0.548342183744084,3.17809378531732,13.3061640686374,2.17296315516392
6.5,0.223555631103097,1.41962791829045,0.291822045011033,0.12114831547253,0.469201380448236,1.0445875516341,0.208295195226055,2.07669483507009,0.137817983454432,0.477954135096857,0.466664515426133,0.990735614395479,1.54017996868439,0.360389894345869,1.17749605313758,1.27924303915897,0.409294382883065,1.07729936673391,2.4417273406047,2.0321716532802,1.59897380319213,1.14365502695876,1.33454206871076,2.15990262026046,0.255583109914343,0.0718335121048616,0.131777518324501,0.743494825222817,1.92400061640402,1.69347817972376,1.32760245170449,0.527176115536738,1.13263535762101,0.340667653607897,1.69905985662719,2.10917352202253,1.23720225692226,2.1563918902767,0.139327408156857,0.414066935630971,0.525159934811424,0.0984430632676531,0.281897475992893,1.51267572875567,0.532287256477623,0.866216358177394,0.0189673960077069,0.384850343816615,0.437810710301337,0.156586669970762,0.155234349457838,1.30033883175078,0.206765583048124,1.43579731150924,0.864032608916151,0.53906870816067,2.50496362170953,1.34591682162475,0.76124593297524,0.801391800952592,1.56263845976249,1.11687477386723,2.06161923278928,1.07973759952913,1.94984626578573
6.75,0.50015341427893,0.643364170372044,1.13265146313544,0.505734879451823,0.800195755867211,0.0867667515551161,0.0617358362188669,0.0815381893925322,0.572868520899808,0.117033535076102,0.701117870914192,0.280120362444327,0.913039331532293,0.823812988990348,1.90077405338572,0.819985676497769,0.350195251530389,0.947563871429481,1.63303695927947,0.479816470489453,2.27275738509881,0.890314933488005,0.728231186500471,0.423018208158297,0.320499393576455,0.163385990892055,0.199441372475052,0.282993418762153,0.962850870353742,0.78260405161695,1.20508827693928,1.08222857674733,1.16344616103995,0.695484575005808,1.81390596020958,0.963744867430495,0.23595574920345,0.316900973372443,0.555775185427845,0.37002229921783,1.05719909371202,0.349955745904126,0.159626922773695,0.0342921628388147,0.0876308984563138,0.376183516226248,1.05280692277738,0.101306488509503,0.110752567049925,0.364838483083093,0.641225421581204,0.09901204285003,1.02149617445418,0.333771787695896,0.42876330056013,0.562560966937555,1.74770851774342,0.959247266500872,1.99113302928468,0.303035934427522,1.60728979691023,0.737324595368548,1.0266926050382,0.356848893548401,1.84603776347994
7,1.01824885072613,0.665197429720623,0.651790282015346,0.399735718729841,0.370560605243334,0.181665285515225,0.356722058931826,0.244001296182342,0.00318426487469295,0.203498808416037,0.862468251689739,0.860006017207647,0.0142861229025822,0.337118080511901,0.454728681359082,0.17432667375275,0.391425476217795,0.107848445548416,0.990816871765873,0.385525910483216,0.0944577992705877,0.294238080801145,0.698678103567722,0.448669839866976,0.315303143595227,0.402313272345861,0.281800427293393,0.0215513993207627,0.154413325121012,0.927543549576735,0.101859201750102,0.0631691370693536,0.0295306889469237,0.396159642464392,0.722571985452431,0.491528846479183,0.468155086662797,0.303490722913698,0.52537845177314,0.574058262878824,0.161729643828776,0.201946831632767,0.504482074562797,0.0894478371381345,0.167882258688366,0.231364884088801,1.20832824815477,0.503155896933175,0.0278237741675348,0.226374346755256,0.408333979510325,0.109160729594322,1.32376055333773,0.650333054346997,0.115542926128102,0.682567474188549,0.0525169691228824,0.358192659272215,0.750071368406563,0.281726941186947,0.0440076117577333,0.192865733341976,0.712589240549116,0.153834309401264,0.233630003618996
7.25,1.8020636602017,0.0843483673097816,2.62128443848529,0.222417015043518,0.47069865088437,0.302899309692835,0.13933832361064,1.76670609956975,1.22708910405395,2.66673775717864,1.6597043319222,0.00998210255648756,1.12666797482343,0.487481405231426,0.288525156907929,2.6254744216865,0.875312462809602,0.840287599284469,0.0628197192532629,0.693555922100603,1.06436964210671,0.262341473027814,0.00864413271552282,0.347974311737627,1.88109194126911,0.124466495498146,0.368850204465795,1.29430998463783,1.12130319347542,0.175907921706357,0.785153977052904,1.3340865063489,1.76021750096589,0.339476147944046,0.21813397217849,0.138450861914113,0.302775232104467,1.0238937576182,2.27170552081979,0.17734974531754,1.74632232023376,0.158051860325829,0.0500035465070625,1.100855690342,0.818741842545358,2.65434484640221,2.84803954024307,0.075503988745053,0.890763111489101,0.514360647890362,0.0502829850462548,2.92260755819386,2.14210659277355,0.0164784065105111,1.31170125888949,0.105526642928447,0.24997605353215,0.332592979935615,0.804173286526014,2.87869872379148,0.373007208000542,0.895080132513674,0.0857309196341614,1.93981176618561,0.532643304057775
7.5,0.434050129713438,0.435854052049103,0.886372041403065,0.431561780124246,0.309196059931618,0.409576541923173,0.0665824540968097,1.14160781363605,0.27296680757385,0.859242806487081,1.3506627898695,0.151847816506981,1.49955184517152,0.0626475444523841,0.65044251789758,1.65700542029409,0.599045455292302,0.575746163836108,1.01679721009525,0.936979843186451,0.916244328323945,0.641989017731931,0.289113369684399,0.820409951064377,0.828473356992004,0.0113455607065273,0.402246447246436,0.439791065583115,2.85495957320529,0.0695298265340851,1.39276482219972,0.564200009781608,0.969684861738864,0.374939643857958,0.509514141183429,0.922019259875275,0.288346055985219,1.19539560849078,0.642027419474538,0.396778789834362,0.825560799194045,0.222659813780745,0.029231879557295,0.790918026074739,0.378972063699884,1.4874973272972,0.840105730009905,0.382891236738383,0.619234343441103,0.109080311199028,0.137431606597957,1.50395066057184,0.77014655345461,0.285954019789215,1.50519573804733,0.00301307134998805,1.64366099373162,0.606316010652408,0.285719254261511,1.30568007936394,0.701399969929942,0.562361958161221,0.770996477345542,0.636965089932129,0.813277789723365
7.75,0.0503620659742948,0.653458095678507,0.106554268323405,0.690356550551008,0.0674250789573488,0.129411441859899,0.631169191675715,0.133345855361999,0.500326614004573,0.319229501022997,0.00809697764378939,0.759775486230447,0.0275873378796718,0.523640615403266,0.630349275010315,0.00257308087810234,0.141718894038547,0.34951351333154,0.0266231267248493,0.71473631387635,0.101705063298983,0.575744647584473,0.280779636374758,0.0614538339314165,0.0111003214255445,0.501734251495889,0.204425950178929,0.113351348123554,0.0529380974827099,0.94825677003424,0.0724893479905338,0.435835373912931,0.166439457602707,0.618309997546575,0.0215004771203718,0.220703297220395,0.798023097254515,0.335873158640093,0.00412283427708174,0.425456805395246,0.0235276524031187,0.559758214687709,0.351194055775084,0.0152197047669828,0.542663678270432,0.799484345748455,0.0508507220492539,0.765611492910274,0.0255359097554814,0.374864176209908,0.639576218871898,0.00935627647745413,0.0169876031547037,0.654102133068606,0.00208928854176974,0.664051751464428,0.0149896513135515,0.275402078186343,1.41121458052998,0.112542212962951,0.129350741160432,0.0779361496992038,0.151342596818251,1.03548364961935,0.583930806644952
8,0.139233730895131,0.0416968532424397,0.0904081062876878,0.415012681399531,0.122849383425899,0.262348293140469,0.0618072504298404,0.0238605454467772,0.135473042466131,0.35819212466593,0.431797579757256,0.0335532383923243,0.463200757600275,0.099551468295723,0.0121328587745881,0.0605002891985419,0.244497965449564,0.411907806831592,0.443615386094517,0.280756390958163,0.104071147941008,0.67369194498368,0.0218692785763508,0.26320146796897,0.272326505169191,0.0388388274050111,0.180835691111058,0.0687009166052561,0.632831810952948,0.292894552745978,0.280944255447514,0.132963246842053,0.228013435343357,0.614489855800208,0.0376764242528347,0.65974066599294,0.158594016142806,0.121403088495016,0.0563993846928956,0.186159800144504,0.0289043471794953,0.336263030783739,0.0755243106800998,0.12036328008479,0.137875679897889,0.36860507308567,0.04020839002009,0.0505269542544949,0.294540630103599,0.048432107796187,0.00329393091255208,0.00466568209551103,0.374177316853708,0.0226048106545851,0.375449724644284,0.0295586721117667,0.328035870944217,0.242053064295656,0.270275697868715,0.0739103324937603,0.234243193504595,0.171854686808078,0.152087198018161,0.48253766068688,0.44233144777779
8.25,0.0534270454227197,0.31441879911093,0.191270442097955,0.110943647169428,0.316423128639619,0.126882978531367,0.237952007272864,0.00532041793291775,0.155082419261718,0.151825249601206,0.003412970279225,0.209323974599318,0.0247956070537846,0.144095654095804,0.124088034764011,0.742836898716041,0.321689291938341,0.379493647737932,0.419959009055558,0.431648852410911,0.219129269205409,0.244606219729167,0.558235118842366,0.325934670449329,0.0302118195384774,0.0220583244979556,0.303093206635151,0.114693396751232,0.216552907791758,0.491482176507897,0.0624006306603482,0.136710910680339,0.477831221928433,0.266315082212274,0.412545909512649,0.37677966174804,0.429488803542264,0.0951092514385246,0.26266406808558,0.166758406801871,0.08184098595404,0.0335347665699552,0.474657683844445,0.121286695579688,0.0241817342742465,0.031722489413539,0.0255283275611576,0.0668615357354235,0.248398458988277,0.0705980658752719,0.0285225944556034,0.245557259247,0.00556019029981509,0.241989133996223,0.00873002272702382,0.123153283487413,0.269855849473248,0.684418031226102,0.15389018836067,0.444888519758685,0.536748932304782,0.615294726212825,0.574690937005225,0.039538304110821,0.271315253477877
8.5,0.594496086805152,0.0565286682810574,0.378825515242937,0.22172010937321,0.159158688387061,0.0250714493223219,0.645592538742594,0.100360901082615,0.304706014702336,0.207215550330861,0.589895663175197,0.0995658188068999,0.242846527374324,0.0856168874206648,0.12778379015095,0.0263314436879068,0.423745643676099,0.394692321989453,0.133192785887983,1.02996607943967,0.0916145842913472,0.0992706373682149,0.758065564859931,0.218761486630542,0.196450431723768,0.163507909183828,0.106953932272085,0.00612023673790956,0.411630025808322,0.0783545829026028,0.0061923482351777,0.0734683111529694,0.478432922919612,0.274266985159093,0.163558357612102,0.0379047421787696,1.06421685064578,0.328957374277568,0.462404976638439,0.138808095954545,0.0704825213276938,0.167677239403394,0.472103866802143,0.0502643264168242,0.681196626071885,0.0372122496897904,0.443181000625515,0.10733210447901,0.0113457024450149,0.062318542783386,0.304755368810541,0.0507976066623623,0.953369294607099,0.0687034509631412,0.352451977177061,0.0947008137274237,0.062539927749122,0.0211306046916646,0.21121502125466,0.0644682422174602,0.0507149118714749,0.010649530318987,0.539786645057926,0.68544201086433,0.111228474683565
8.75,0.0925698474647626,0.252366209495573,0.00189138894290171,0.542214461420993,0.202412188655187,0.121457192908882,0.518732197616094,0.103201733271437,0.384646020337165,0.223352629300775,0.062151123521354,0.0491475466199928,0.238524985295872,0.0475129566098209,0.232978507551106,0.185806527482837,0.257601218298299,0.229471515199799,0.148399731943544,0.295413182271128,0.0986759623868775,0.53311159617983,0.182794335805324,0.0801389164659283,0.0783222774070948,0.0596160103908244,0.0991499974724758,0.0355485979200343,0.191165511464956,0.0453176366639067,0.350988429386863,0.104851558166853,0.0901749904434196,0.589723200986451,0.0706669361019076,0.255819432366505,0.482134825478605,0.0866582097473148,0.072930291392438,0.343493182404362,0.0209832659794285,0.361593368441109,0.249549748706612,0.0326250216801875,0.480509872910268,0.0298941262533125,0.0182192727472784,0.176053910599985,0.0125284639719539,0.00572825864447536,0.39871177514422,0.0481736636668918,0.0558412964530649,0.176677449018066,0.101515878824427,0.0366294636147641,0.249119402335501,0.200371881441653,0.24338301322648,0.162017742645233,0.18030269593198,0.201828846366667,0.0671729353291362,0.312845146421041,0.42288707009279
9,0.362403600299529,0.06036183508423,0.869211622270778,0.258577537856867,0.0579665017103881,0.221080051401189,0.398641385583447,0.073980904478936,0.498281433757081,0.127298713840242,0.0591447451640521,0.14527674838193,0.529646322216904,0.0296786768320952,1.35205339105807,0.00866839812511005,0.434133398636555,0.777804488043632,0.17709176512321,0.0816993731471347,0.550576919151284,0.228951885188622,0.00434285334568869,0.00342148394573037,0.0119159332965888,0.222678634155951,0.731871831390953,0.0287721849071552,0.314178721750205,0.0140195702523062,1.07659397592532,0.0152750400490038,0.940379603815864,0.383182640963467,0.0755332623214265,0.193749601691884,0.112483901038466,0.0450016780099527,0.746806060944081,0.202188227614321,0.300872329550482,0.23695041119078,0.376013238032112,0.0304917912363188,0.565889561696792,0.131669989670403,0.386269258346225,0.184496795326018,0.162289957167215,0.0740631588504313,0.842466955823475,0.0169983755558532,0.18787759948616,0.064985875136473,0.0785987373250601,0.0937958229845087,0.717748305758466,0.217694226206396,1.2824061389334,0.021808443726363,0.818693331654373,0.0658116813046637,0.0249100883438833,0.387296257733885,0.491865625238481
9.25,0.363276155058626,0.651156550625676,0.117290879254357,1.71192960299764,0.120056870330579,0.911280343447731,0.410696071021169,1.18392698785928,1.06071318804756,2.19617143634593,0.0573891003360162,0.483151553378214,0.225961639777194,0.15633574235337,0.571461898325951,1.61530402252487,0.666171192233203,0.978300106810146,0.883034078501306,0.387743761616781,0.479524835717869,1.75534916831029,0.022343076164379,0.374475430520941,0.0207786723607236,0.681948515751843,0.312013811151591,0.29081437227976,0.357099347114175,0.595738556782559,0.491460014642735,0.126824209178414,0.581141313329475,1.77130812189517,0.203042316958563,1.36261949954937,0.239461975014869,0.522206264786852,0.279606977420341,0.956134045025074,0.0419042485320532,1.43563693660612,0.263524299279082,0.536832359504196,0.907078992652953,2.38993758505102,0.00811592355522063,0.818938549598341,0.138454509505184,0.291741488656121,0.60052460942508,1.94690216128664,0.116589410240205,0.545793987841505,0.0847705876323905,0.429263601249408,0.606075815119967,0.371851337960646,0.829099475965974,2.13030700942163,0.92371032351961,0.711285788170298,0.140203783972051,1.58063765924273,1.28496533355569
9.5,0.0649692107828436,0.112726118350247,0.106714998469431,0.19976587915978,0.610953791091488,0.176055041639261,0.412157546669755,1.20893843353248,0.332035258205993,0.289778824508494,0.331981241283261,0.0211988481787615,0.764604200059015,0.118207917192992,0.480925039866165,0.681945988072008,0.137495379167277,0.0604102533748457,0.00259832880863278,0.0677898769082264,0.047531979064524,0.0657137632054353,0.169690180828866,0.167511333245271,0.483963288464333,0.0799237491097497,0.702685060293021,0.470673828135566,0.307361919216281,0.00162356202956666,0.687805386980191,0.245308540340463,0.022416761889822,0.188328308186567,0.137552365938466,0.0343369882029152,0.119897753439983,0.531279438226563,0.0944499373824142,0.185120520321773,0.234814455535526,0.117907428230404,0.556200102424415,0.35355930138826,0.51710898223503,1.51020459420939,0.274245201407028,0.0909403956475119,0.645149580312196,0.18307645510313,0.400440640782035,1.61785745908193,0.196511122821635,0.0754590471381047,0.472049050549176,0.0579051661473361,0.58852311852849,0.00356506009981524,0.566674491209193,0.772677273430423,0.445707515913908,0.0108863668952333,0.000203588426938892,0.334552672549574,0.0143812273148537
9.75,0.081779734506184,0.030002774028237,0.290880912956277,0.208808966186966,0.204449608320368,0.108401321475787,0.142719608714874,0.402819271120622,0.462923684943404,0.31136490367509,0.0889566430749908,0.0921683836219387,0.129996792113476,0.225554894954661,0.228973189933261,0.229983371811353,0.0720934995051171,0.287678054725117,0.556756361105766,0.131404681965615,0.798201491332225,0.468422062427208,0.0655449572726606,0.0987640207207553,0.09667558805601,0.0770895381675483,0.0879304975600353,0.218258518678831,0.0609078690685912,0.189440606672386,0.184517314674445,0.387158066575685,0.357229253341043,0.301644597935411,0.7018520351158,0.242196124032189,0.0340655055209496,0.26974390533781,0.0807131656891751,0.072817208144199,0.411882611561886,0.0547652575836391,0.0191474207014505,0.246419890808028,0.318490389234024,0.402337645328742,0.190133482102948,0.0983885459691453,0.045618435543105,0.137631407750206,0.198353534258498,0.355456112411968,0.147887950133712,0.0498946093345545,0.0285308860836595,0.100397580466151,0.133250924056675,0.163971842261794,0.400671752289909,0.269916714692356,0.153016265127763,0.158728195511979,0.141490698575032,0.435075009761619,0.743734762202639
10,0.914939130390817,0.642860953598929,0.592090870092318,0.168892143005456,0.116940528172722,0.000432190719026396,0.614379980931855,2.37685329919926,0.29027807058277,1.63314549799786,0.770920240836957,0.624709267343528,0.0889684445079106,0.336260281499691,0.0861104730075993,1.14480433062857,0.620620032396479,0.263032693351141,0.129481480452175,1.86380371577872,0.140009331396563,0.21902084926749,0.554117356018854,0.391050871359896,0.416124619013473,0.237085713949297,0.13670399506772,0.279115355350992,0.620337904961745,1.05533829544697,0.0540504470532422,0.302714004703948,0.385930973140073,0.267884996367074,0.12251996886649,0.0542804406277334,0.805667861869402,2.12240783124197,0.519641265150056,0.434879527939613,0.165163632967209,0.0680269990441931,0.393769940639889,0.538231834078174,0.714327113587375,4.74308044371046,0.693890344320843,0.314448709462382,0.118289804832919,0.128619177900461,0.255702885629676,2.43254849787807,0.918313736838235,0.613849430508046,0.458076310404247,0.653163700387373,0.280614642693991,0.6886502356727,0.149382176480757,1.82621267149409,0.0367218992873034,0.304173745176779,0.598092892116672,2.84682702707919,0.182924686142228
10.25,0.21525574479444,0.330916899476053,0.28723782943844,0.203419062747978,0.635242608255437,0.0596656401858133,0.506243839279572,1.01101242947863,0.301184537028963,1.0113368882249,0.436027474984308,0.0934697701027412,0.487368587793172,0.111126125391431,0.725235854907172,1.32269846880698,0.361976830060061,0.400117784395104,0.0179337601739009,0.928552040505908,0.158544175165702,0.0224610744437906,0.36875841007114,0.457324819612133,0.359733656790196,0.0217510544764259,0.598222433158735,0.468361039973244,0.365838943117954,0.107433313470452,0.413299208929956,0.316413050520122,0.506397327272187,0.283052525705447,0.0225805298952628,0.0711983981365583,0.564012165928001,0.865669467184084,0.369051635969784,0.320377136602259,0.247122048490028,0.0399278277589199,0.588761073920793,0.434200013048042,0.683437006767823,1.81281808822563,0.298996491862581,0.144593507944427,0.625260647803695,0.0487099561982867,0.614370272408615,1.83859612406465,0.439741551469774,0.180220366910721,0.340811429097531,0.0886343528408951,0.21006672021008,0.285626173098574,0.923670699951181,1.42905125953122,0.134168856588263,0.359180670248673,0.351850524179425,0.919661280647709,0.138437306322746
10.5,0.173549808162142,0.000952643057805932,0.0274504267618986,0.221847490640735,0.625778912750035,0.81182381264354,0.763199071207019,1.4529338188282,1.829178537921,0.114164908950323,0.132156498969508,0.203265815042855,0.16378908224377,0.8274443664287,0.876615110872894,1.27852696354342,0.00633277986923879,0.0667619447324676,0.170843363524916,1.3670948531669,0.108140580045413,0.390360287107349,0.487044102357,0.0430276490869766,0.0788527588969743,0.813778256894679,0.363056519747699,1.48186812707206,0.387519801065992,0.0757091667543877,0.304727447032484,0.676578004027754,0.0303230242186676,0.142236350965618,0.35619500418719,0.241394375785777,0.882061659852284,0.70508775970841,0.00843706720056741,0.0167032273343809,0.153934818756492,0.589448036384976,0.376389914550783,0.759825188680985,1.97661465196439,1.29738732898002,0.0244327016462857,0.182794169013285,0.248026602854599,1.03976859870123,0.818930562588537,2.39007100392392,0.215015044284153,0.0244490636456135,0.162232136311807,0.529966404602366,0.580935427722449,0.119787842507373,1.43624522881772,0.702491252749852,0.905944137163382,0.0189217770349278,0.218606425626248,1.48041786049626,0.146163525343852
10.75,0.622120553931128,0.710195006964806,0.943890955263973,1.06868522146051,0.554634826173239,0.0596106098484578,0.526632988131267,2.05810525331273,0.571649195812565,1.16211393156943,0.126703626065415,0.241590494479731,0.32781849323262,0.104844646393928,0.147352401506877,0.660770252108708,1.11196375311217,1.88683068673014,0.126753052731304,1.54746729316581,1.05409683645217,1.12375690656653,0.378614410392816,0.337080184578694,0.0672255896138415,0.08417031139922,0.250499346382441,0.569477355030372,0.290426115606605,0.164974534239155,0.208306198642421,0.372079675942209,1.21181566275162,1.67512987593753,0.248125836254048,0.0894926701661674,0.771924243740307,1.66453251181981,0.790175895969015,1.02602935266297,0.534425558486769,0.456080744505722,0.424225902793878,0.636069077183474,1.2005569733362,2.96118804268576,0.505670580294407,0.438649575996663,0.0779852561576079,0.129667513065863,0.315543469117255,1.84005123620641,0.492099449065256,0.463908666885465,0.0115163812120759,0.0443677847959776,0.164049773518294,0.0286058245966724,0.368753932928682,1.17310884648374,0.165827533600662,0.0285524996330677,0.354465036651599,2.55062976888613,1.78844224284637
11,0.215005125422155,0.183909610275705,0.11673635608756,0.300368440019609,3.12082097498439,0.424177208408709,1.5787093732481,0.530186839191611,1.0001208024939,0.383366839155345,0.147809816966906,0.27516933935032,0.151684326346701,0.49316325149998,0.485680954331494,1.29104748379631,0.313117615964127,0.159731566214874,0.351292775188645,0.953597412949398,0.22236777450944,0.166742251087885,2.51570642863774,0.0089215075614201,0.108583964724808,0.33736524586803,1.40699788972161,0.648225211272774,0.054284636535325,0.336878645760405,0.346571032682036,0.700902979300352,0.0439520894023961,0.20487067592079,1.72348856520837,0.0137390990593166,1.91089696604825,0.00982255486860273,0.224141727400839,0.226838546068591,0.49444162174214,0.395567883094388,2.90716729010832,0.276466804176454,1.43435254685575,0.353165835000589,0.118193875046943,0.377361247510965,0.903311160267083,0.474892735335824,0.846266109509129,1.2417489269367,0.156690371121112,0.234582922273448,0.038953915753366,0.448329552958582,0.0416741000036969,0.41083067623123,1.31103896031886,0.89232189030709,0.462203717163027,0.401587794300641,1.03403747404385,0.421293120511788,0.0109148197976192
11.25,0.189001096900151,1.35876344679704,0.663221024928254,1.58443553993969,2.85536867066886,0.914314751864021,3.86431698557547,0.206952954158583,3.05752051078447,0.675901275304744,0.231267471000649,1.19430505300025,0.342582139759292,0.831647688358856,1.78411420108307,0.191949190411123,0.912365381599887,1.06228036266658,0.596928288092271,1.97088166847298,0.305969523489518,1.19537201454701,2.68659041591941,0.0324207177597503,0.0117164720019719,1.51874220043193,2.29158621999726,0.508618138424236,0.0412906855701126,0.858306688390935,1.13623135860405,0.597063206325075,0.726305004546503,1.34123721809287,1.02470380221134,0.448035180966124,3.34126091287183,0.319385424079208,0.507184723624596,1.24017871856336,0.164811805146266,1.62260601351853,4.21930794636558,0.172484739454866,4.63862601686651,0.705452921584445,0.462689709927088,1.37673588391301,0.768722610443309,1.07746316911247,2.67393477875325,0.336919944766323,0.191394192960097,1.25997808713077,0.0128844091176887,1.36521061386273,0.314149069595766,0.350851691315941,2.3426050968203,0.189483943953286,0.839315250262473,0.00614597878842232,0.693038038859245,2.82480979834152,0.976111665301502
11.5,1.38567757761814,1.03468405054999,0.906233456639441,0.825289130676232,1.85468348463083,0.210419126853176,1.18822262977677,1.58838043978365,0.469152078283742,0.0615657484053535,1.09342545314126,0.696890526672543,0.239952512960253,0.0233391243848184,0.697629961470926,0.0691448246001252,1.18327672412882,0.706326320511744,0.387004150891126,1.55287515332751,0.109262507934599,0.167501740930041,1.72562176368336,1.30766551178757,0.294817012523032,0.130454301897502,0.829626567534711,0.316347297334546,0.673851479733497,0.352869984526444,0.176469240820662,0.0348025079131884,0.672310713165736,0.707249108405282,0.817255046912061,0.21535435760228,1.39113814870023,1.92711001606531,1.21977741614717,0.955625792283035,0.0192879670490821,0.219375727590461,2.23398092717275,1.09267634068141,0.775887175139901,1.19738945886962,1.07072904679069,0.608723733134189,0.278711129910836,0.0442803716812914,1.02397605426272,0.814969870274273,1.23164047822132,0.860538209372531,0.537809850246082,0.176445341908868,0.299066697290766,0.190619492997366,1.23143457984834,0.113129585208952,0.146690140493434,0.0766464570127727,1.55596062158194,1.09186235146591,0.227427482675072
11.75,0.830094011897354,0.512088396096081,0.303143592953549,0.289072634834805,1.13277523873147,0.126301718796744,1.70718652130179,0.291137287362333,0.360480274012669,0.260372192080793,1.21288277268894,0.744456979966085,0.335185179644038,0.577984856021208,0.0987144442083721,0.262524848395641,0.297540237683493,0.197282800946828,0.509754339350191,1.58666198218993,0.108904645264208,0.188620207310196,1.25578309402949,0.222280500453148,0.295260657516556,0.420768188159086,0.440632465776584,0.28597733872089,0.960937751764084,0.717637968510565,0.0598554073926751,0.441290615656735,0.219581830138419,0.19896305151012,0.645393764147612,0.121480485471266,2.08412375843626,0.726051975445935,0.440807592689498,0.290807301084819,0.208647043660285,0.254484896003854,1.74448276475179,0.0726056786003628,1.77743780353634,0.568376304688015,0.610600866055997,0.27176115599824,0.0697666949097434,0.396979506846309,0.676133410150972,0.296460163598396,1.26371038287722,0.550337365698871,0.620042375871292,0.711670240383845,0.427719124922152,0.536007208159241,0.266395096678905,0.175778231185876,0.106082358971782,0.202450428919114,0.754595931754576,1.521679908941,0.172405676167989
12,0.775128775934063,0.711871483335331,0.0618725297056777,0.400593926545299,0.0849652947490717,0.444277910747119,0.677037861105196,1.05964943032833,0.799575703202687,0.207353590167635,0.635931267281395,0.834893189082977,0.571018563109684,0.205909807934349,1.05753145700481,0.162253946465654,0.24188326306288,0.119000673260866,0.94784895084331,1.95048660165621,0.145253884907186,0.385347667055441,0.536917412062004,1.05689141147402,0.210366448838926,0.363220203381368,0.429956661426151,0.268628718596066,0.676556460511163,0.562326125483538,0.799725284317026,0.0649069909687288,0.0283445567297318,0.222874600191263,0.355643676193627,0.822613741482302,1.04247347870149,1.64789874367479,0.34500589175518,0.477159442491429,0.0756336698970869,0.293334005481864,0.200619947874491,0.53984935442503,1.28532293468367,1.07340476703246,0.263674018138468,0.695134070438073,0.220329084178617,0.198519872296364,0.803733667034949,0.464209900769394,0.880452877658635,0.837966555626921,0.430628256687622,0.422326462345027,0.53634598118396,0.163534819494855,1.50962163314387,0.15041218548291,0.654081725660134,0.0313955863802701,1.24361949299966,2.0351019896674,0.386273565433261
12.25,0.374934581352036,0.435526585455573,1.28154088634196,0.485589734611334,0.0511675916235254,1.12679386960341,0.118420221902975,1.42953351831111,0.154948021375152,0.179819298119761,0.566919635715682,0.0468666181769782,0.959722497381257,0.327160899087617,0.4609849931525,0.724851209290914,0.451833117736056,0.285925379753244,0.767917480270141,1.05092735032421,0.107791939995224,0.285150364586545,0.509712333822318,1.73059644460906,0.6987701804574,0.0769372277792486,0.49193373708996,1.05761751700733,0.745654221092393,0.0832187044477017,0.813861579437241,0.602787003134874,0.611934066799937,0.555558916000001,0.108205694751704,1.14163847959427,0.419785060908621,1.76988329827167,0.647565382587324,0.451250376269415,0.657435440242723,0.0653394518097967,0.182027424026649,1.93284829440556,0.0356996172933501,0.736594525308264,1.08653153099248,0.096186409242584,0.536191665999683,0.593386133948271,0.432764605092673,1.383063169874,0.482350958881856,0.234052682656891,0.672238974309302,0.164702715802108,0.44847508462744,0.307610280912809,0.495177637431135,0.489788883884848,0.0577269255722286,0.173725600312574,1.12126215052621,0.372449788003889,0.178360776150839
12.5,0.20919186226005,0.0682014062266076,0.259155677846274,0.298211166572169,0.662793833193881,0.583591443167779,1.08115245794044,0.11523335662238,0.0265083320100955,0.109114796349233,0.310197224799847,0.130788728957104,0.099091516230501,0.388711776425794,0.104366388054102,0.262334173478636,0.088961790031965,0.113980560635172,0.168357299586055,0.159122931069293,0.0283139005925995,0.131899425686406,0.900902989094289,0.0582905505357519,0.0740491106140237,0.17002625782819,0.705542499856857,0.465812139863557,0.201261322288616,0.485803909036185,0.342973919192899,0.338064321884605,0.000568395383475826,0.359102397578904,0.5358586046909,0.0733270375551946,0.808525027585018,0.00401066280438351,0.0434674433354975,0.142944545468062,0.198881491549088,0.0194118599603239,1.11312305486098,0.477676319997628,0.629539661924679,0.018695770803597,0.330820145131164,0.145830378863594,0.308846173452572,0.407431673210398,0.693948523270727,0.185103777896701,0.174594628015173,0.111561781903996,0.030955898557502,0.223562964251403,0.104288258997634,0.545566310363327,0.0796724139072121,0.170268717301531,0.313145210333129,0.366155735960419,0.286173027244879,0.0634477139601972,0.185097404912458
12.75,0.715914650504408,0.462260099476433,0.0696724898988358,0.606579839090404,0.509393394394226,0.695041863965169,1.10111656357063,0.936214193325387,1.22652720947918,0.262845564300074,0.0726479547234293,0.297293117249727,0.376349939190917,0.145481286854339,0.569219453607371,0.21024381964591,0.436187994591227,0.6606962157023,0.480593432958082,0.450951191584108,0.246842951300067,0.950875976394016,0.227183706300291,0.537763658618417,0.0171215448713196,0.143889204249918,0.467355004831705,0.400079764284411,0.302223092441993,0.20666131031447,0.256118116429875,0.084500124910051,0.236747500090453,0.842193773190721,0.0708851613918671,0.821358180914916,0.636944493189908,0.82056850966772,0.31061223056037,0.564431381478196,0.14578984241193,0.330438680800343,0.935564163920178,0.665684802835403,1.63168381956132,1.31625624702341,0.0686495264511094,0.357649811578241,0.231057842357597,0.265655545184327,0.880638486578355,0.67933620638685,0.546569978828846,0.353406595879909,0.0545503836404242,0.222744206053294,0.0413399244996198,0.196531380668932,1.3861815128349,0.320499532567805,0.339192585063912,0.036371338038959,0.17539099555485,0.786411362980122,1.13711869490031
13,0.687865624589008,0.800620892241337,0.757456476688246,1.10635306193161,0.954966931266571,0.0194981318197582,0.461320672538094,0.599047799686898,0.570830946318984,0.769001991825578,0.0152111910390286,0.792733655424742,0.178180173567683,0.266846380712115,0.117625143655259,0.361944461442237,0.288250097083418,0.0961493355201773,0.0326811157686082,0.1275921212807,0.502280225248243,0.111395393449314,0.408459920090835,0.10717072305421,0.086853202980775,0.321815030045725,0.274135894441849,0.250820075369561,0.166889257242013,0.677043306162792,0.0637898598277139,0.426910890935416,0.28942197301676,0.613267689033408,0.432998117168722,0.0123667206779874,0.258969367090002,0.418910478344613,0.253406088346798,0.797224842161068,1.13039341418317,0.453639193202964,0.678377045919912,0.146154174682241,0.367395188587574,1.21053649182233,0.413782221809132,0.98109792856241,0.141119008998607,0.209210102173685,0.256854549041271,0.500448152192118,0.237296118289679,0.841512580412157,0.0147175554972434,0.539166296350524,0.0784276621556604,0.394916640062367,0.530793513298885,0.445609230866986,0.11976419413668,0.39084681560451,0.0814386092737792,0.670686453886106,0.00219755919338838
13.25,0.0751550585214811,0.545690045206695,1.01013280752911,0.729539230734904,0.720551635531345,0.241015948428187,0.6009568877373,0.298319543142444,0.418502335690929,0.636005079497525,0.21852331520936,0.553315684499894,0.0729418208749928,0.238455634027043,0.360124811855092,1.05192180906013,0.004527878653956,0.0278796957616314,0.0600404435336257,0.117967116352302,0.444757758426801,0.0847747401929152,0.320128997281387,0.0106571912475358,0.363505774474048,0.330087363864018,0.290590481615467,0.316837851352662,0.148078512580306,0.482074705263155,0.000682134532791549,0.191373646530947,0.261216861726437,0.249342503152795,0.261776340746546,0.0461372352365639,0.354959656199759,0.00894886088952086,0.0425353407807245,0.384787506023599,1.0048979983128,0.566673518587248,0.676455378438482,0.192919037401046,0.840791033466025,0.648863303905286,0.736250372231787,0.658317457781551,0.174428744193686,0.200775861775013,0.64277355230999,0.740424382809641,0.0122117381939944,0.620731976317622,0.0610728108040475,0.273038508750301,0.0994743583752675,0.606286933871558,0.871225317350807,0.850381774627222,0.312433738359612,0.611318546018508,0.135031560502102,0.0706973183731926,0.0744406312695279
13.5,0.0637009502135159,0.240291097425523,0.663064952369436,0.185769331744688,0.115120499669004,0.00360680935485269,0.575686121425289,0.00751684038091779,0.122676307738612,0.0160530152455396,0.0430184079220679,0.0366109436484681,0.354781783661098,0.114963013234036,0.382822955620138,0.00589162400761361,0.323347528114182,0.330423022791686,0.0957633751085583,0.318744647839088,0.348277009444841,0.0944739569283133,0.184191159272939,0.0467755096459802,0.238977374705662,0.0380478632682443,0.145457447646782,0.0211881408674105,0.242341983419809,0.0106428430083556,0.385918655165684,0.0536626689414774,0.373063226951301,0.277496384050484,0.077843244028053,0.0326782876251857,0.566098525827571,0.0664136665657747,0.180868411559674,0.276317904612798,0.371824385921363,0.0592928768788776,0.297357813045035,0.0107052414854712,0.51638798656655,0.0806788256820256,0.406029919491668,0.0942729993982105,0.00606079748614982,0.0342988522425406,0.343985905282289,0.00694705191229459,0.0282470581603684,0.0862893050050155,0.0650927087642149,0.027554477588355,0.135692945232878,0.00579516403627688,0.407897375897557,0.0143101297904958,0.0405682368661568,0.0110594711462326,0.062532830411517,0.257824073982868,0.293477409374927
13.75,0.102078831026447,0.0305870064600832,0.865003818305874,0.206157603252682,0.186131579143798,0.0102577252273574,0.0677619882052541,0.0419105653660422,0.128945599589645,0.101272869084451,0.0416431773075535,0.124073692955442,0.184015976799783,0.111921435341773,0.0986838070541498,0.0860165739489595,0.171621926665049,0.230634792890344,0.0615556200583168,0.0133968924400895,0.379149200100659,0.13582204135565,0.0325644419256024,0.119974191933886,0.10160394803013,0.178031815455833,0.0665024700433525,0.0611964934896614,0.0552316000931012,0.097915834800557,0.264843739026639,0.0701922293120164,0.52138577724544,0.227137448072844,0.0617928429846458,0.0305663010669912,0.0579784754291899,0.0740807183398944,0.445880107314707,0.0413354434722982,0.479520758106172,0.138664818876532,0.16816712065292,0.0752849897123171,0.0864560498315142,0.0637295603984379,0.493013984263765,0.160233185000956,0.0114898544830071,0.0743848248333015,0.0563010765938391,0.0206283152021058,0.0652900248098702,0.055493513265722,0.0142955131968228,0.102269222083787,0.182499546795333,0.311326390867271,0.0963081518094419,0.0339021174297195,0.102664323717288,0.162557961226217,0.00369194685266722,0.102321213594423,0.128828639424012
14,0.220923314299983,0.15886185323618,1.17311541824299,1.12709937896285,0.252678321913389,0.0212274471225847,0.00217475147116735,0.850623571505138,0.594535707586976,1.05466996900982,0.125896323878963,0.0897145893296181,0.0103057607409394,0.330406375391844,0.556685356166018,0.714106511542423,0.902383732204045,0.981953936896441,0.16033368485134,0.53285889144125,0.612950069715397,0.691669546058074,0.080605776352159,0.202223905051296,0.33127344200677,0.148614017368408,0.0937410239475814,0.587300052788521,0.00965810541170755,0.11886111571146,0.150057102984713,0.435817536240387,1.21605820040459,1.27550506566332,0.15566566950961,0.0674143759994595,0.0757624696050885,0.757750058621491,0.963721948895311,0.622288058403357,0.69941328611792,0.470207137216137,0.108611533997285,0.404090758041359,0.233669809658129,1.55136268142947,0.631017190512445,0.329865459982374,0.150509112923969,0.208172168912617,0.18486599761609,1.00371631843901,0.225457206125783,0.159948345960897,0.0994016674009231,0.151517757204824,0.162657827113804,0.184385097697743,0.898077262915159,0.908268803692988,0.621108162642416,0.341749039920468,0.0864932846912467,1.30719764728017,0.657225548757104
14.25,0.0260807131505058,0.0138964837102084,0.613488660477842,0.286378864785812,0.106561134961108,0.14631069799746,0.291940113510527,0.0866948724924718,0.0447168237283899,0.00960985357215118,0.0186220522156545,0.0225994254781433,0.066015180461402,0.162689340528159,0.0786665605315386,0.142436053017759,0.065002967991866,0.144748166194807,0.0283754094210195,0.0545082582275408,0.124699184338883,0.134960673544471,0.107752792083307,0.148144869352988,0.0104823015342797,0.058150764999851,0.0695017944654302,0.24816632577104,0.228980525535446,0.0996358060699762,0.0926768783207669,0.24605233674862,0.224663135167575,0.261776045378085,0.0845645943057733,0.0246233414716782,0.221341916757149,0.0664697372576289,0.208931434879215,0.0700781313739562,0.290095678067545,0.0735401399269564,0.169179485613626,0.277682818257377,0.153859181199596,0.0150578062680094,0.229657592079626,0.0804523534834857,0.0725200789627172,0.17470540027321,0.136395973339241,0.0857844835249816,0.0363438908549916,0.0249085047151873,0.216043057748551,0.095077662023853,0.217942679287293,0.145336383897343,0.0832582165009986,0.0270322719404126,0.105559286743425,0.0853027186610025,0.00601474117623763,0.0269847381445557,0.111373657975235
14.5,0.0949879489380542,0.106988995085962,1.95497699580168,0.355998300855367,0.212606753844706,0.0313020025670195,0.0432407087110836,0.199244329676932,0.244034374884849,0.0224924890649164,0.361276922341716,0.0956076216763543,0.140342905633239,0.171327811441743,0.114014373167646,0.170723516258916,0.163705280475937,0.191260850555705,0.0189590035108949,0.305633871007934,0.702566190938214,0.0462997935479053,0.00320265422221082,0.190633008690132,0.777873103821811,0.109367773851429,0.00141992802719255,0.141232138974175,0.0716963131812528,0.147606692688047,0.0284559998925422,0.165621308005647,0.694858482194122,0.222650659046901,0.105558670603244,0.0498232740744913,0.118866595776433,0.251504168949495,0.398527129535555,0.193169769974614,1.26713848753995,0.148007964024288,0.016493171881117,0.146267165412543,0.231977831550473,0.144296927763683,1.53735019487458,0.287540323181648,0.0797647095096807,0.0783095960511382,0.0700585428241668,0.131822987572918,0.164619391469317,0.158227582933416,0.174473724712192,0.113748729471971,0.110992660412754,0.116470543199863,0.233135563611485,0.081847312412038,0.40867650063462,0.0971207549496829,0.13809037911388,0.327073899484017,0.086589220597384
14.75,0.229769082241835,0.0843108528100107,0.442402715370885,0.297394982136768,0.132426733517075,0.0125503213697443,0.0354092344908803,0.112788300968039,0.155641039068222,0.215377157983038,0.0580011598623685,0.165107842923619,0.105356700053796,0.102808485926793,0.111442176362503,0.116289215741343,0.0868664738934324,0.0533104519824791,0.000727465050517363,0.0060152124001385,0.103244901808912,0.194790973518615,0.0770423832680867,0.0253432064809344,0.244979838403301,0.133724049849264,0.0259790681274868,0.12171708880136,0.0445188971283646,0.0630400294930379,0.0310527501130017,0.050391213909019,0.0622970096569065,0.238610597240164,0.0510640793000386,0.00896285304012296,0.0337447843098809,0.0350472528166987,0.0100700122311331,0.149646826886539,0.438979241101281,0.193730865416892,0.00727254161910221,0.0443843274241219,0.0661630404888731,0.127337284505097,0.396655626682149,0.159994602159119,0.132488119191366,0.0710934118972551,0.04259087209637,0.0932173675334195,0.0641513194970978,0.113651265266561,0.135679062613239,0.105240371567719,0.0267700523399296,0.16020487400609,0.236201399241076,0.125553043840856,0.18089212531586,0.0886396507211524,0.0302413642922616,0.0323140205225432,0.0563726834695816
15,0.09305924337422,0.277156726802286,0.947246955819751,0.214652217005108,0.178280268108062,0.11060303404074,0.0461560970316548,0.184851735238158,0.017604730410555,0.176927148074127,0.359999098037713,0.169339765606995,0.0429256140433115,0.525709346671836,0.0448474927480026,0.554002955481337,0.268875838087722,0.247714958178348,0.0181499235624959,0.0339120742979277,0.310713965739166,0.0507297305642968,0.0529639030222788,0.0747419171370053,0.330908109326701,0.167385120644974,0.0114642263405337,0.507551266864153,0.000442081053321877,0.17045011713198,0.220240257580835,0.86082361062735,0.417789836193617,0.284720611411979,0.0684522440343653,0.00651067889512792,0.0654643059762604,0.089925592416165,0.349508925877523,0.294626696512283,0.671496614928276,0.0602169685952602,0.0216543420215219,0.185403620001309,0.0114961868666582,0.109238132179304,0.845318687538403,0.103730549214326,0.0361316038575487,0.393386006715162,0.0187588493516503,0.421631193524802,0.288810871412003,0.178948057466429,0.0850249582707883,0.293519766794916,0.106711762926188,0.359133082703295,0.0219693788762155,0.274389318809288,0.211917497668906,0.275505112351737,0.0186319972934258,0.000724383891522499,0.131165170291491
15.25,0.375729175290809,0.180884352513297,1.2131098576802,0.092095063663621,0.193906591005034,0.333762826983859,0.19326532527492,0.470483579749633,0.158785549300568,0.184968491177316,0.737958232888857,0.065628590310527,0.421832798235802,0.113718605480307,0.0423397136198323,0.0751157050539208,0.32357735209743,0.165307934334086,0.301531429884425,0.430137903017966,0.120715999658182,0.120777662902715,0.0843152891318115,0.478559096725313,0.799371445776556,0.0892773210668763,0.032260429760659,0.275674706664619,0.554916411441444,0.0425202152876485,0.0866781370892307,0.0806571985972306,0.370638264510997,0.0901592582344734,0.0191746201144131,0.470793271691508,0.246168809363759,0.515094999627995,0.594314191461425,0.18592299882422,0.78142108040598,0.0281416954147555,0.0223025559125542,0.43150524580439,0.412050777203787,0.4594217845735,1.32333751723757,0.0471515217999524,0.293593726788034,0.180573298512359,0.134728032685963,0.365120230668612,0.400809036231746,0.0989286737597107,0.578434868620642,0.0801512312673265,0.198088622636706,0.0234426184844888,0.220435798571868,0.207555115436587,0.0397326259303734,0.00508615960297246,0.338748863157928,0.338799117187881,0.0234646219131645
15.5,0.0901597710966794,0.148363568789586,0.0463673445693323,0.068439866510305,0.155795929661163,0.0685535340985559,0.000988193530728371,0.0991171247592662,0.0251166383275128,0.147340982421302,0.0363595463790935,0.0782732626539504,0.0285488043610981,0.197977271655422,0.0167926780771252,0.0137965853284067,0.0753051609556326,0.00415560938446527,0.125002830712381,0.00410534269310551,0.0273536717101718,0.102184743115436,0.0165696768074284,0.0179969270682066,0.0166102929440765,0.0937617046924467,0.042219054253995,0.0865895466410458,0.0810400254819818,0.0740154083336523,0.00805371028729768,0.103058614077432,0.00675217602728203,0.0379666693003079,0.0660690387904267,0.127390244289872,0.00276546466169398,0.00512751805725661,0.0391683773910376,0.151701631887304,0.116291044563655,0.029901261057395,0.0523656285690763,0.0201003305558258,0.0354882984809267,0.1528745831594,0.0123752388045682,0.0723085946811919,0.0431330312562848,0.120543942638821,0.00389568268332543,0.106840620562264,0.0458307678062982,0.0972049939059959,0.0193562065292145,0.0824919325985949,0.0156906140907921,0.0108881528353114,0.00755065907807458,0.119410920353861,0.133626418982274,0.00441476840083781,0.0245775085199936,0.0209651200902979,0.0713656894788854
15.75,0.0429148528345149,0.00489340273078292,0.0280524172131991,0.212797133659327,0.00674369488567048,0.352375013916674,0.0172829791372378,0.159557448532913,0.0249501116478091,0.126113621127308,0.141461862324496,0.00529919892326543,0.206136550875003,0.018064601175942,0.25023785469891,0.269134849949689,0.160808217036893,0.227395441136362,0.0569305213667832,0.0384102730328901,0.153513525932881,0.366831571475033,0.00277631437429794,0.0868319475511311,0.0675971267560148,0.105574408850612,0.17864125473847,0.0722251066114939,0.310523549101622,0.070767455780698,0.553867174577225,0.249573087909501,0.166822734857129,0.176006118219933,0.0080642623431345,0.257252224281079,0.0251435246063489,0.0723742334520626,0.0672803242501645,0.0624384763174504,0.0138106488421142,0.338914689712742,0.0199844906129071,0.103044705184858,0.00103914739498312,0.311369808227705,0.0287274989834781,0.109369896258619,0.0973690012497161,0.0656500030630638,0.112606149655077,0.198715128416357,0.185845601450237,0.00079600519322876,0.150570759000871,0.00195134069582983,0.447274166293038,0.108549024165096,0.144158958519912,0.262855857919531,0.426701865974407,0.19419021890766,0.0231748503567701,0.102894661800884,0.205801869438402
16,0.207869625886773,0.166399793475597,0.127678612687023,0.256553852915623,0.0753974841429133,0.0045347531163734,8.42307352922818e-05,0.037853585343361,0.155969158155123,0.110612699829854,0.0349861792462786,0.0294943850712597,0.127182975684453,0.198028014334775,0.324305006670722,0.473874957270817,0.318357227382951,0.276302623937663,0.179442575919794,0.0552264577580931,0.097332168066633,0.0894232084307773,0.0752822282438129,0.0197458622407161,0.062809947813268,0.016167025817149,0.0363013881483834,0.241382389904268,0.134284827899341,0.105535943631253,0.349396125113335,0.491473272187602,0.237074720272751,0.396656517591076,0.154435183138652,0.0178983439221888,0.0561870575766773,0.0353374943686634,0.264894192610709,0.303787801017618,0.0806895994296391,0.0285564213433395,0.0217700207119681,0.047674685929916,0.0198569010930924,0.0662960592178991,0.0847458855270462,0.086567200060356,0.0339648055977929,0.146980211174284,0.0943572166220806,0.240098027319406,0.112050520752746,0.0573948741679455,0.111151026462739,0.0656770714312336,0.147457423351142,0.207124794161425,0.272310873970454,0.259362658163166,0.226763151372566,0.163633875885932,0.125434243326877,0.0263348735496032,0.0796575897603276
16.25,0.334894363489928,0.0375745611461269,1.36870657720848,0.281183119544744,0.0268985150217431,0.00300837877391275,0.126375281227216,0.323684836775522,0.360705834512131,0.48696584677735,0.63392531296855,0.0521388324957888,0.0139933281076569,0.134116274773942,0.115667732485938,0.462302597120804,0.183386933361054,0.233923802058445,0.054280244596053,0.321971955994578,0.272678673941377,0.111406340504152,0.179622619240696,0.0427840783518616,0.4895060793352,0.100588293584347,0.0702428821018243,0.208090889578019,0.0888689031028558,0.00553651654121811,0.092777409557766,0.371750542830673,0.573147276629959,0.16950236185732,0.0576981524523898,0.00677065810742331,0.188252991375232,0.280573832661937,0.559476945813044,0.096883609907906,0.492057676420533,0.207025637300798,0.178537393414416,0.0938199401053098,0.237466176953191,0.641199331410264,1.35153112290519,0.282577832755872,0.0153887616860184,0.0907230204988181,0.102336193388022,0.343870725086321,0.721002405786532,0.0596600915136959,0.285583263169441,0.0142134731978353,0.0571564461202813,0.111898333305415,0.210922717077277,0.368707072165866,0.271612016006547,0.231594622375532,0.179909778021546,0.616560901659217,0.0518931730575512
16.5,0.14317001162342,0.0143255604460593,0.269972314173672,0.363326857559846,0.12853976551479,0.314608326332833,0.314884001934843,0.0383729642804815,0.445401437367072,0.0885964587696905,0.135567575223832,0.00894710221139997,0.138066478750586,0.0316561546846146,0.600172623299052,0.0531538260850832,0.241309414795417,0.310058190047092,0.13280767985012,0.164710832333774,0.169448367318935,0.319970118015653,0.172989493366985,0.0672937252326188,0.0914806201107488,0.0812469411514606,0.331295717745356,0.0552261081248158,0.00980837787010267,0.0823946151421857,0.357664242718836,0.0145843829393362,0.210861505798218,0.517963046969365,0.154876781482527,0.195285385087194,0.282491735847676,0.00026917662583145,0.126092936649334,0.226577811099722,0.089788383371868,0.257347645587887,0.325026525297929,0.133776079994749,0.409586581840833,0.00326135793329313,0.28004787833806,0.101083225758227,0.0715360167427423,0.0974142710138561,0.392889953731525,0.00977235940653989,0.161403019719621,0.0180091017840081,0.0224216901878445,0.0354468835469656,0.213326081918321,0.21107802768928,0.64241854212456,0.0300979783849413,0.253288672833047,0.167025619106984,0.0714741000500097,0.167316344316302,0.30950573144856
16.75,0.0629702777766859,0.211654822843845,0.441192644819261,0.504008374266944,0.0412735808246183,0.121705595986964,0.0675993549493251,0.0418312401431847,0.169150161529584,0.031658231722626,0.0481674321447246,0.103393784605777,0.221238342112697,0.0226825835930495,0.798773629500218,0.318136709665855,0.250129427544265,0.393744011002722,0.0475266263809251,0.00898448063849166,0.159110926512338,0.36959624933592,0.0259252960712187,0.050993823813404,0.0355006823606251,0.077070212397033,0.296958600184577,0.0267565754029088,0.10491374897979,0.0998607347107478,0.987560032953386,0.0738701892650079,0.223869926862166,0.654743811090619,0.00783975386619875,0.145366259947408,0.022591596816941,0.00241094162539529,0.15979212910554,0.34688671090094,0.245008686121987,0.282073898084567,0.103265190640189,0.0367878364717846,0.0811308823142903,0.00639404528047666,0.234131355326055,0.131507470536106,0.112149769910173,0.0111509488556863,0.312024670092804,0.170916263947425,0.0636715463719584,0.160685187783372,0.00471302175941236,0.0712147802265171,0.579596262920587,0.297100510874182,0.54132478995983,0.258740011161513,1.07632134214223,0.282519665577528,0.0100930455653704,0.00180913585227954,0.241509300135387
17,0.00787368182193495,0.116492457227314,0.145327765109219,0.0735563025754184,0.0216242952230697,0.146773537409261,0.0795586148786963,0.0567710453406368,0.0745168944095832,0.0139399582283712,0.0184200949424322,0.0714902506883918,0.0726063181334793,0.0241510141463761,0.136379600263483,0.0812234289151672,0.065657272480252,0.0714788834837735,0.0218743165313343,0.0554920483661798,0.017768553348354,0.010945757041947,0.00325169163587038,0.198859659536126,0.0536254906116293,0.104705221885791,0.162701243649452,0.0172240151515156,0.0911737938012168,0.0340788523448168,0.238406273303679,0.0349050450432694,0.0869841133698789,0.0436859491962338,0.00120896114204735,0.10081008574677,0.0180179371188917,0.102839225179007,0.0621328161722369,0.0675515350823,0.0103267083186854,0.0745064962049208,0.0458094131809521,0.214209003253759,0.106793753674264,0.00898528373386685,0.0521033299266755,0.0910329833524227,0.1161898507984,0.0393492373193719,0.153890720455541,0.00486429310723669,0.0240679189593964,0.0661013265091111,0.0718352581211343,0.0572367823137042,0.168241655502264,0.0619541007809655,0.099227790167095,0.0323783826785561,0.151222997761763,0.074986471592832,0.09143482355477,0.0102254020857192,2.77655534658557e-05
17.25,0.339325924957943,0.13428973620736,0.329124511615252,0.0862122578721732,0.0413912828298165,0.647244829709517,0.34930726666976,0.0679150715648451,0.191985681675816,0.0287192481151701,0.0971296806630894,0.0954249916903388,0.16793402908764,0.0303862149885595,0.201606679614852,0.16172754243739,0.307351916366141,0.153551273335024,0.180879088903327,0.132791589229073,0.022028971870107,0.15140167422037,0.104992051352633,0.526702271385949,0.0266257319922983,0.0573634359491522,0.14260579576878,0.0678032109674237,0.0790814430138472,0.143269379378684,0.118138396264109,0.0100120892434894,0.234416899776661,0.0335760543305017,0.0548336653167197,0.567405785460132,0.145216708179342,0.111112981786395,0.412832189466143,0.105557627223111,0.011765006904537,0.108858274617073,0.175758846072441,0.401119360995676,0.384764381455592,0.0967290943067027,0.159600651845852,0.0913735266617231,0.064092395348793,0.075355035857775,0.339577635124202,0.0748309454625347,0.0933748197466723,0.0899012215793847,0.0988738779925963,0.0679560727147785,0.0865469487424513,0.0551887509784533,0.25412080280594,0.153768488498007,0.0586480186949374,0.0882789700323279,0.216608277004699,0.0792912857616366,0.0103519283341074
17.5,0.282622782902097,0.0652172437353387,0.293855311791662,0.0709632057720038,0.000119254829942612,0.252280482231557,0.397087119880643,0.164428525680806,0.226233693706522,0.0120948258363816,0.282991029727333,0.0105579181972076,0.12390997863419,3.16730010593092e-06,0.0763657790941029,0.151379912825578,0.233173293210883,0.180871507904908,0.0697480965440497,0.451393454265033,0.0877939488734659,0.0142067546559209,0.120196844190578,0.567697162815013,0.180338875185414,0.0157520710966256,0.0202543483016372,0.0808570994071732,0.140486052953212,0.0502129070637849,0.0920026501616329,0.00255164023518669,0.184024039332045,0.0938270527713945,0.00444842685351843,0.222734021510337,0.346443773561182,0.418606168128392,0.166825207994355,0.0857076274475556,0.155097381987576,0.00403497628248765,0.0462891111754362,0.482642804067186,0.658631936359644,0.0235916467012735,0.336948722249299,0.00488465794309901,0.0223463581424306,0.0484636831396205,0.290896655193908,0.0703413382524087,0.222801243798687,0.0409815166283362,0.110151274079242,0.0134948611295505,0.105147942800296,0.153883885533688,0.320050465817281,0.201110645865226,0.0662463035045524,0.146118430023796,0.287789589057804,0.309840877965897,0.0692610546722662
17.75,0.602338241172482,0.25558168368877,1.68146628050165,0.0867634860681272,0.0292361795809148,0.572884424366085,0.565416999202574,0.865919579417867,0.244159317141277,0.18998529250791,1.2999575633251,0.0302461385221098,0.699945453397602,0.0935767012609292,0.0385381681431437,0.207057538627149,0.618029647201713,0.353021361629704,0.202358983089379,1.28241135145093,0.274095657120746,0.087706460248621,0.500033416840425,0.922631898669074,0.939072218004734,0.0318175022187007,0.000124976979208329,0.473786518945889,0.935724294254445,0.0456907111218253,0.169182767279073,0.226243786423115,0.829241955302402,0.11487554179448,0.0510896516448534,0.488659622751179,0.810596526780424,1.20369414514752,1.18025808074156,0.309415257484045,0.798491033895023,0.0333150063149534,0.293595891668068,0.976166392581958,0.83752194158726,0.694115256948171,1.893985859866,0.151733043270919,0.228140896842411,0.242530199991386,0.126609350069648,0.407943453393573,1.3745131336592,0.202418788283751,0.814975595634759,0.0122630380952779,0.367843058691858,0.0173836668180687,0.26580807751014,0.14608833576049,0.104976353417177,0.015264674037045,0.736133629513307,0.994268214916107,0.00814665512266323
18,0.691993418674773,0.147750897692933,1.84997461277208,0.0333678747851571,0.0824750168112408,0.561142052853976,0.114199634862839,0.877873214435356,0.192977460172175,0.841078325134321,1.41875488945965,0.0215041083581923,0.883993188353061,0.250520967114194,0.0510934909564014,0.50652723527482,0.231517081929145,0.149754351772844,0.128728852229685,0.642439354950869,0.627034466658001,0.261204865055672,0.147645632650331,0.550024415501363,1.57222141037351,0.160043127578972,0.0714229591828393,0.636844909273413,0.839341351718894,0.0340077783621375,0.369787244900431,0.36636760602532,0.800412119158581,0.0364593246568842,0.0409586466298155,0.290866260275382,0.240814419773144,0.771622084782833,0.972582143950107,0.0129020995973565,1.22063495656693,0.113545565961291,0.0468383417273678,0.777469655068493,0.148060264453852,1.41350427358373,2.16323352343671,0.0246976592343956,0.503815064488713,0.393262697043196,0.0525201113177058,0.805618987558159,1.1239371627117,0.0436243419783082,1.16476089673937,0.0811507654522276,0.277004797256111,0.0370100160293868,0.0504608771865629,0.846644521187226,0.019907522418243,0.0650575143251459,0.322963112852773,0.876207794198697,0.187769700231766
18.25,0.028821194309386,0.0385721023873725,0.557156603623326,0.651150040750662,0.0448472191104719,0.105002794497798,0.408704482814137,0.0943057449940101,0.211461676607057,0.0405862540112317,0.251946777289364,0.0911816528813711,0.479737844286142,0.182863775229328,0.742040947085721,0.0446392504560396,0.164218327579803,0.622790756934959,0.371715210736646,0.0236796791039247,0.712550312352865,0.728851372128357,0.0291259269418044,0.0712248796394118,0.301914971083764,0.150431580245078,0.293948185581194,0.0719506295517476,0.596303818760344,0.11505247340744,0.572201953180184,0.116131764913981,0.49676325036261,0.998337277758299,0.189045095447468,0.202272293705131,0.15899534609644,0.0615472010541493,0.0951976133698584,0.317121536210715,0.509975503711475,0.319526385227933,0.118931687156418,0.156341977539423,0.451210375666999,0.273318113251236,0.40106089636277,0.130897346069209,0.118068802280419,0.150178622036877,0.618172207542734,0.0809831559852586,0.0377161634935534,0.0621475577538248,0.316765155593595,0.162690358935449,0.517075527243674,0.114726856250504,0.625534042829046,0.153155996313736,0.359706748158969,0.044644471906096,0.0156455437784408,0.05493068965987,0.859601474779019
18.5,0.171503763939371,0.0382810185005074,0.0476451337600315,0.0241314849984762,0.111760816858126,0.0535919269951263,0.0630618574050286,0.157423415273867,0.0638774206432605,0.0673818184187973,0.0259044093809974,0.0274172916998996,0.00373488093220067,0.0228598024163885,0.131470684373694,0.151015322935823,0.00623934888246211,0.00846555190980198,0.0128003956130983,0.0218599007055856,0.149626276313196,0.00767804755079939,0.0622876113083037,0.0710387867531832,0.0216197802962901,0.0468380671153544,0.0131683661843209,0.029486052660254,0.0923093410100026,0.078059490363049,0.0198888331924408,0.0103512942261351,0.06644547435697,0.00970557246603397,0.114733554128173,0.0140185583766762,0.0426026651552981,0.0736261094683308,0.0146000629282079,0.00268361939313983,0.111709188939171,0.0362603573728853,0.0781734498790846,0.0809429561480753,0.0283535590260134,0.120376976845016,0.0166040013008445,0.00615533748934615,0.00496750105337625,0.0173287209645906,0.0246662111193286,0.206037058509721,0.0433918018328026,0.0296357174309137,0.0145733653938542,0.0235076251552739,0.122679459322009,0.0879531272931674,0.198953606989299,0.156816644155237,0.29092791928964,0.0737969335088077,0.0197291326760497,0.0092608302331917,0.0665815734896391
18.75,0.157797648987411,0.0227132550880821,0.1630723522258,0.216489873871874,0.00897492291082336,0.0650335881016328,0.00503221145754399,0.0278010098239362,0.0142507511693207,0.102784773443804,0.210043832717502,0.033935448916138,0.0206505571649422,0.08271286974526,0.0111587788991614,0.174605976542095,0.0526658969421447,0.0207181286749958,0.123129407706097,0.0592162807603123,0.00697984662408513,0.435526037008441,0.0222212874358258,0.0766820006379709,0.0193961113845683,0.126694979338432,0.0125427766843791,0.00900427870315406,0.0998962858812249,0.0126270597939949,0.00848052315967207,0.0556094462636249,0.0848593375238404,0.2195146822824,0.0291227740206951,0.182625955230806,0.0601585599926696,0.020422772351629,0.330647579695926,0.0436444584906176,0.0199590268765707,0.226184756386717,0.0460033913647908,0.0257217168031457,0.00129616219127138,0.221692679180916,0.13212917540421,0.0871175018830484,0.0513376698997441,0.0343079559782797,0.00300263180103355,0.0938928361517167,0.109195993119299,0.0174304926718328,0.106222900489704,0.0365395092763635,0.00686682498203645,0.0738275997176735,0.00337792362938352,0.121990564887092,0.0341478344462433,0.0695541143991545,0.08755443263478,0.0958517963650957,0.209679969889971
19,0.0683262311086811,0.093102487289987,0.329670103877439,0.603455397011816,0.398788882320314,0.05250738868656,0.0245187110476072,0.281353074654056,0.00269360690294049,0.146468844255021,0.393026624834223,0.0925282108800628,0.306488851302038,0.259241635394832,0.00331966489088399,0.344442954606798,0.0855422143762803,0.337700624091015,0.494996500212204,0.0643866603063321,0.342355543925531,0.698972490376818,0.158680207882692,0.0460774144611653,0.415193192050074,0.0604730747044403,0.090785514321924,0.247027023350152,0.342834212658421,0.176531598709008,0.132604816549084,0.312028109444909,0.18736832073428,0.648379290445538,0.446977906644381,0.199192636635535,0.0321579618480618,0.0993417665443006,0.0998017111629574,0.278430046257692,0.448722507242645,0.312661439233222,0.209047606130909,0.151627687385467,0.0288014781672874,0.457660738447642,0.432496185404244,0.266815027026242,0.334537716353488,0.1405121379396,0.0168260622571067,0.473798108670073,0.161754097175791,0.106923212594715,0.358787964210082,0.161132100979013,0.161164003946635,0.172477816235504,0.0289995903798703,0.36600323883079,0.0544625103225295,0.134009240331125,0.110431122698485,0.157295805500264,0.584790182431265
19.25,0.00261955399216638,0.22454326891584,0.0766615896340387,1.69393114580582,0.186254040342761,0.262701020948431,0.182367326782087,0.0518487989529568,0.21381708745109,0.276821608656868,0.456352102229919,0.405459102531672,0.443010041517981,0.353040550059476,0.260159920962142,0.3126631107418,0.326279672940541,0.473898505973935,0.0763698366146398,0.340397040605704,0.0833752540541507,1.14596753842449,0.258230482215011,0.0673560451418209,0.26159927900701,0.55634137548219,0.141511663107598,0.185013003578516,0.690633234610834,0.185111079559727,0.312116932748614,0.45921017016266,0.0957501632961513,1.37829187396163,0.0967640506666047,0.341859979678208,0.268312549122065,0.117972946539485,0.0826381021715905,0.648480428963873,0.0779960499559562,1.29257810350175,0.196718630260586,0.00693315223227726,0.128763802795978,0.151094531336382,0.104874539656355,0.865440413200123,0.228099743534767,0.359496458497851,0.14952460119858,0.209017762224274,0.09429457028981,0.3234675271432,0.591819907579876,0.383124097196955,0.49302705677314,0.28223372014034,0.417872263559349,0.350982717455439,0.263850886678047,0.276407869842602,0.103725967743941,0.350343364830494,0.353874974830606
19.5,0.195333874173075,0.0794855737458547,0.0926300731852576,0.237551751442877,0.0870825753187679,0.18739957120359,0.141550980935457,0.0706652219067014,0.180839152786685,0.10547331790791,0.127743890119863,0.241368291483671,0.171453875379456,0.125885037756866,0.205861523825576,0.00442549289338073,0.0493664437274438,0.0525451437311231,0.116924572416559,0.377888621164372,0.0143766874738133,0.382807566548737,0.190122941089557,0.0704670484594525,0.104315946523216,0.250112044677768,0.0671782258176848,0.0676817785330507,0.0919429989172241,0.0510522416935057,0.180250125626344,0.0684845620811427,0.0477047502945782,0.169048300650806,0.0608827245415004,0.267429757653145,0.225687299540105,0.194314405118225,0.0770359348337518,0.129589112452268,0.0234613703813531,0.282056331246126,0.224750251096887,0.0542523459149848,0.191727650421404,0.0932591583008155,0.136917557242555,0.394050677201133,0.0831417473247917,0.149353610909326,0.10275132972228,0.00332142001226622,0.231213146557706,0.145561748913888,0.127034895215482,0.149015619150272,0.141150535110705,0.0537984759489763,0.231145468077062,0.00651849941258828,0.059542483031532,0.00574578280805745,0.134145878942464,0.597077387677511,0.111072332823218
19.75,0.171148976886444,0.0960181582918496,0.22324907877485,0.292820796742313,0.0147376771059079,0.0125152382594652,0.0278689477920853,0.401633671683044,0.0494136132281656,0.261337562633251,0.0169330329585854,0.152374598784603,0.0287200462117321,0.0753753508040683,0.0454702531578957,0.545558124683506,0.352124962377434,0.312003399885973,0.0296321407901597,0.067674885998624,0.0640071191499089,0.152247507418487,0.0145767326468291,0.0406859698336111,0.00713362048756713,0.0221741092064581,0.0109733750700677,0.240609024484418,0.0317960750605591,0.0677956577709868,0.00425241100429137,0.201083797754723,0.186137920242014,0.506962823169313,0.0216640238505366,0.0161485839566261,0.0121027627777447,0.156882989554038,0.504251889170182,0.36755810016119,0.0287700980110636,0.0409662537890357,0.0624573589204988,0.188045596645689,0.0630604055538941,0.258847427859988,0.110377766889906,0.28046788665943,0.0222309786968874,0.0724235354045134,0.024786427372756,0.432488952209936,0.253085092163402,0.0912345517321781,0.0463795975612392,0.0345696684836788,0.049350156214075,0.104128554972816,0.121694603869867,0.441910445648657,0.176668949215459,0.19927965716476,0.00343862981104328,0.182398466432596,0.121240063535763
20,0.0261369071254571,0.0628106392597585,0.00887046421800856,0.00565593449197075,0.0391351985833113,0.196728841244351,0.0193231543817427,0.23505437363751,0.0482672172246516,0.00826132706894333,0.00677903425652755,0.0856284998819738,0.154369274187739,0.0372511655603996,0.122898539839469,0.0106710498404792,0.0108333296538428,0.0102923828797535,0.054792266241321,0.071283030475293,0.0245474069126268,0.12108853470114,0.014777171532414,0.257064709636725,0.00348438845420065,0.0538505769181855,0.0674324862007513,0.067930209996871,0.0721229045069879,0.126259590613815,0.121321502522491,0.0310527337943277,0.0209512921323001,0.00687951898560321,0.000940543720133039,0.282257047871674,0.00189456999984807,0.231336117771875,0.0175529165421812,0.0280375715881845,0.0425873189513638,0.10962630946443,0.0341600956254755,0.332641916135339,0.0326099961592267,0.0375031556288721,0.00278502817964703,0.0515387861959461,0.0360903169852856,0.0423795850381271,0.0738936000312498,0.0768591917942059,0.00137409829388687,0.0604905932084363,0.0268589855510792,0.0960853959600547,0.147732669904856,0.164588477202081,0.12173291817719,0.00806805754054584,0.0974587990276928,0.096707631529028,0.040057955196748,0.0580809315967011,0.0601951236112978
20.25,0.396140673935213,0.196622033008937,0.267548518356756,0.186500670215564,0.208400752649025,0.0268949246274169,0.172022173196649,0.217282979022828,0.0743340279932297,0.116072264683466,0.399495871807093,0.264783217729408,0.0980607845916847,0.0595904065550283,0.100045744693613,0.211803523575821,0.147104266122995,0.0687752593356818,0.461456118526337,0.345074949621328,0.055817349070282,0.0745848642157604,0.48222817604794,0.305158501036057,0.126480550366067,0.0763597088131004,0.015402596975919,0.0156397173234062,0.246253804588402,0.101544163864001,0.10280399183494,0.0499764762183849,0.0826942690301977,0.164587136964347,0.310384033424276,0.153638012784439,0.432174130608211,0.280847324035807,0.206901241790187,0.245881844486414,0.07724431881031,0.0757093568857118,0.264395925632486,0.0829731188824386,0.161106754226335,0.109959393225709,0.379962005414034,0.312722421943893,0.00548269846280737,0.0133745584581994,0.0537554932172656,0.107467537920751,0.351800962349981,0.235094271485541,0.154717528688935,0.104957485807857,0.127181642341415,0.115029352074638,0.139910478773508,0.136899717628023,0.0196738524831412,0.0875394115717012,0.4541808693535,0.366129059914951,0.133088261358891
20.5,0.0101473266996848,0.0311773195204901,0.0354417381666358,0.218097647834685,0.112196961223256,0.0562893272414766,0.0841451231481568,0.0353789482708523,0.137761915343751,0.178807777240793,0.263609887172016,0.0239668905550806,0.212431593404646,0.071411903747757,0.224316009971556,0.10772388097082,0.322250374529855,0.683598870490177,0.458024741525434,0.0410712359242294,0.268788899622008,0.727105787431432,0.177745711639779,0.0941023745473036,0.127391687119696,0.0336697791221871,0.0782116379914874,0.0215459342349648,0.319749239476872,0.108044131496572,0.144336992038318,0.0719548814266162,0.324702070147209,0.468168416175411,0.281521259840851,0.302658949571786,0.13255542499097,0.00720774597283426,0.127215632384675,0.112848535935527,0.00619044124680071,0.189573529614824,0.188107400712847,0.0557126114801325,0.0105031617850335,0.217113369494486,0.143907535593367,0.00307507532902345,0.0657214324884564,0.00232927359983035,0.0638318128070737,0.1268456658522,0.0820290518057568,0.018517290814339,0.274334082051234,0.0724760418676216,0.304209547072328,0.0672259836805276,0.22071622892181,0.14581249487127,0.465345885110572,0.119544546178017,0.113050114091883,0.0371886655374467,0.94003726582858
20.75,0.0572879467237037,0.121822048555842,0.188941913146009,0.0667017405543741,0.139346626055489,0.0600437165051977,0.00147699166728204,0.125532374261155,0.153800341489389,0.0856412663273523,0.0108134575736966,0.0606259600038395,0.0303326378021645,0.0206950991358419,0.120458373671438,0.0538918665740714,0.0305884332903615,0.0112344543119062,0.235088161551604,0.0491907592876347,0.191696951666057,0.0204338770293751,0.170560471700006,0.100420246166166,0.0527606940344131,0.00684566184014396,0.00492302239467499,0.041339888607345,0.0791893170166864,0.163332636868507,0.0719320449166316,0.0212097429973521,0.0455606604492448,0.0429712092441658,0.197888376703415,0.0703653605983221,0.0319160057830104,0.0976933898717739,0.023263501382937,0.0546251878888196,0.241841670319168,0.0194798261299124,0.0314415648020301,0.14568689067402,0.020399288987182,0.101625918215146,0.0858204945723209,0.00739259386915621,0.020760467736116,0.00217579925170619,0.0645634035205431,0.122893888703994,0.0208712514359091,0.0808062152241239,0.047443103054597,0.0227458537358125,0.115109513292803,0.0873406598070299,0.256386330958308,0.0664542372741686,0.0876847224113278,0.0751859009196592,0.143461349767702,0.0532467659822361,0.0390547035815897
21,0.0577767567730416,0.0112134001162827,0.0501320621497057,0.00550847351603942,0.00207863614900989,0.027224939726037,0.0285625054587894,0.0812388036972164,0.0831735584831751,0.247209899659085,0.00383721967188024,0.0309838609596926,0.0551980519823272,0.14705011631361,0.00738514384628792,0.0441264607746984,0.021832888905774,0.106458182172277,0.111309235242351,0.179626421512134,0.113696913484427,0.0685070523128729,0.0224158146917503,0.0627464625458639,0.0148644088706759,0.0694671378814364,0.00992837279697051,0.0102182568733496,0.0259016700819872,0.178894950491934,0.00875852547164162,0.0450528197632173,0.061268668820957,0.0340454379092418,0.038764943288459,0.00836281603557107,0.0666527240473368,0.156822136583542,0.00471992474818458,0.00212396307573226,0.0293663017798189,0.0279649904493973,0.0345765250338634,0.0408470440519755,0.0238158229660392,0.252887285936143,0.0205700953555525,0.0278937138943729,0.039768745060076,0.063232480479859,0.00625473862853415,0.132327606643846,0.0179998657450661,0.0241004953966428,0.0177317976293128,0.117503507478691,9.88927724724551e-05,0.00986101741328702,0.0188978542325761,0.212723370934171,0.0777191727512664,0.0263215159621433,0.0310229297520981,0.200495330709691,0.197608511545125
21.25,0.1035948068675,0.0951863722318116,0.165948241354786,0.236996590407657,0.0016680492432749,0.0588526017866964,0.208686835257626,0.0150004625028457,0.115760834812181,0.0686796088263938,0.0308856735767799,0.130428460340341,0.00379604388316529,0.0431400205593147,0.0799374406497847,0.00404398462824552,0.152705342437992,0.0845581694313624,0.0213370258818808,0.287201191555893,0.101749508713189,0.0352214791951701,0.227710567429727,0.151060448769821,0.00692416763121426,0.0608393179125072,0.0647663728381829,0.0223530777061157,0.026848971700412,0.045942762554277,0.0471733249408545,0.0135161516587182,0.138291360150326,0.169762823743415,0.0156218468979373,0.0302477895740993,0.269180941515927,0.0820044752634639,0.115623008302668,0.162540044122134,0.0860043136102092,0.0919759925229683,0.177915565080629,0.0983118292856234,0.206169296399834,0.145011183144384,0.055655680135672,0.155632143073646,0.0064394517142291,0.0355963637747688,0.113631699778241,0.0117979618430835,0.0394808768387055,0.12972979582914,0.0138462524491558,0.0801754008123997,0.0513311286635183,0.00265822469923878,0.125995952459772,0.0202401896194962,0.0915340263132841,0.0128687990617183,0.168260393892144,0.25232896409049,0.0219339650734861
21.5,0.0412711907913901,0.0922529684935905,0.151179422880419,0.0485817512954822,0.0254090386675232,0.0139455493148683,0.0716769853671216,0.231681001416264,0.118361009754563,0.119902132906007,0.0336165764583039,0.0771616940396794,0.0135489551846655,0.0432541413505681,0.0257787739629243,0.23745986816397,0.201408037559198,0.272720000089097,0.114151746319092,0.140254323325107,0.17659291154578,0.200056444731108,0.0345518843704039,0.0458704910732289,0.00627413576637387,0.0768917155664687,0.00825541129571942,0.0738041499792634,0.0609767257861092,0.0824099636748393,0.00993975659090235,0.0149315502209532,0.23006508511519,0.233203344855274,0.050327019250355,0.12673271342863,0.0655211974627758,0.155118632713231,0.182381105134638,0.125057422788656,0.0909711561071013,0.0245000933547859,0.023411490695619,0.0569781320194239,0.126999803418188,0.47699037814869,0.0188181719115853,0.0465775962899734,0.0082514412638945,0.015382354757242,0.0534792099570761,0.292090216857096,0.0194960295867703,0.0681504686768502,0.0491568985227057,0.0627150559704645,0.0218373284140187,0.00156934712230045,0.0608025639660815,0.187191475634001,0.0725334879159652,0.00601099943934187,0.0155091634546513,0.272126946650301,0.255540746121901
21.75,0.0157789540746655,0.163761989819897,0.0193129943015983,0.088514821514915,0.107062537250841,0.117335719555021,0.0859005337175684,0.213940947443205,0.00820242756927016,0.190443033961688,0.0615838399729468,0.0975024330116406,0.256875975429535,0.145029431024921,0.110883591423821,0.260156926481665,0.0420961673088516,0.0161710498744347,0.161155987235923,0.0723832335428439,0.0521883601388271,0.0374016436965493,0.0704513424374942,0.156042327877298,0.030790538704544,0.0179168827783289,0.0804818325072699,0.216661246072619,0.235820710558857,0.0657492228878703,0.204074870326279,0.211092510268242,0.0185039256819284,0.0715802691736941,0.0926597987615167,0.188664385636393,0.0584281593492825,0.127221115324689,0.00293804971508854,0.119283766285112,0.0225250671120567,0.000491770334130848,0.124334130322825,0.187040572860638,0.0478157355319188,0.345447080944349,0.000900672561341486,0.102380268230187,0.131905999669894,0.105882065298874,0.094460847716021,0.306948270624026,0.0384972979288261,0.123389344482435,0.163384918792938,0.0656192444086263,0.156504062107597,0.101729394911196,0.123468541122645,0.240096709642058,0.0101669036032759,0.0757574356338456,0.107749469682522,0.0603665084823603,0.0364366955926275
22,0.0388168467143278,0.124703930595273,0.00267600119613374,0.00691776959463328,0.102298559800906,0.0320158239166195,0.32587696286141,0.00853391881469325,0.0943357881606388,0.0109375465855437,0.0188513237670801,0.0947854862086613,0.0470634707158797,0.106769845777201,0.0158699925846787,0.104457818079824,0.0247456312138593,0.000158966823551152,0.0132084752475429,0.313178015019637,0.017651535008301,0.0155328817659747,0.248785336013583,0.062388316173135,0.0400453943989994,0.0263977031680054,0.084581093645494,0.0780050727928342,0.0817359881767082,0.187558351192127,0.0319750122898489,0.0802976674476122,0.0045666146287025,0.0303612712286863,0.0381562377098801,0.0139805387004283,0.445054823886713,0.0841377005542458,0.0391342487807642,0.0145324589485325,0.00472479432617465,0.000961279553927811,0.281777871701766,0.00614238220263111,0.338972005699766,0.0423577256329586,0.000917002291997221,0.0570066328563413,0.0614059656580544,0.0320827721771113,0.112302681762826,0.168201307425767,0.0124809947366889,0.101600369355683,0.0406174221988092,0.0518369339245338,0.0407287349435424,0.149726573746829,0.0727313678973619,0.120054237873534,0.0442235727369374,0.0841527890974229,0.147985776113664,0.292077613568185,0.0424652173656942
22.25,0.0134271579983514,0.319373574839181,0.0217352679232156,0.707627547446807,0.0849511998289581,0.150486855990912,0.186919807091403,0.0645785198549147,0.308688961019175,0.106414828909367,0.0822740403672081,0.334064781361927,0.171623778970391,0.0904844672537013,0.292825477865757,0.0229467816499303,0.152150506617162,0.138184346413853,0.00507116301681151,0.0784277285640869,0.0874663004049931,0.270329347238749,0.0301762803340082,0.00420137430828,0.0662610794770098,0.247908476551667,0.130201405206596,0.0229210415992683,0.123064582946818,0.136211846965042,0.204123359781658,0.0159675692476112,0.052853663904549,0.469917913481195,0.0406707838542222,0.0675439059538827,0.140978345611886,0.0385396949308471,0.0215104063442387,0.401406893007291,0.067161119500086,0.494802020940588,0.0737419781522774,0.0274661800040063,0.245737168590249,0.122445496003208,0.00710018365795269,0.486620398589888,0.137312462923989,0.107231307937036,0.247730820758348,0.0280954024400221,0.0451477622391897,0.354578157974796,0.103175904362286,0.165247673217049,0.161197570450393,0.0345209153625164,0.324333497081914,0.0729772092848957,0.300248576058924,0.0165210704493728,0.0179054364856199,0.189074388976227,0.0722376085450631
22.5,0.0628981878500868,0.236959424550591,0.171052056212743,0.263752705664574,0.272696398861997,0.020269066395073,0.0697045647336523,0.380021271779117,0.0683946062619501,0.362586645299188,0.0255689008166955,0.15616509946063,0.0764261801167035,0.0527507064359116,0.0976697394930797,0.070719699677458,0.148641823571797,0.154777447292206,0.160794767767144,0.453404537446272,0.261593427277214,0.085423802178807,0.259644787903979,0.0863492043912871,0.0227880646890457,0.134153689711357,0.00491395508892241,0.0126796684389052,0.0815261068285991,0.139907278375391,0.127585166536754,0.0120283419700732,0.154628705891684,0.314226313525004,0.293075917996033,0.0230465813971691,0.24691030155488,0.363842978691185,0.0313898310486503,0.342895180819277,0.124552377218847,0.0756521678358027,0.0997700092139667,0.0327742266332528,0.111992125897347,0.732323192107429,0.0479173544808246,0.35212691751421,0.0133946656709098,0.032233928087025,0.0263654726121196,0.18438171722006,0.00179034301484337,0.245674757668152,0.0541763057654036,0.146623600252766,0.102602648992514,0.000406595519722666,0.106431679778748,0.304015646759008,0.0466199406712887,0.0380499619709578,0.158954670605463,0.562827700642058,0.140063776293721
22.75,0.191250670349139,0.0545797253088202,0.277670687221754,0.000294091372282722,0.399463628622508,0.0538216902507405,0.0202886412669255,0.444133836666686,0.269774659516399,0.354002468885978,0.348679663541216,0.0644778961938199,0.215105538336133,0.0426450341306976,0.283471161911335,0.156295989726203,0.0533419941266783,0.119831814667499,0.304447671238081,0.302191605130461,0.302953228653442,0.0196346534896115,0.373950578437419,0.15423225319608,0.168766450950311,0.0455670862626754,0.0225959224209641,0.065865192699592,0.336861941491433,0.088377730680946,0.191826854922205,0.0584537235472702,0.235353825044924,0.037086577718978,0.446925576881876,0.0327811406203375,0.215371947907774,0.377157669929624,0.145634483206875,0.00763586585792574,0.290018832903869,0.0181146457221464,0.178792632860111,0.114334204844499,0.137073475112718,0.482943370433267,0.245257279692743,0.028910594358718,0.0951322702069073,0.0283588558853878,0.0655847718248282,0.39007568140716,0.118827933232998,0.048533995590833,0.219002911117565,0.0740656958472223,0.308484837895305,0.0979350530005337,0.529815713097737,0.379169223349437,0.26664325172965,0.108699364638428,0.328601828853274,0.32255404488167,0.219450998917563
23,0.0439284113673941,0.218647765072844,0.139805349974509,0.214225511551615,0.602067695542451,0.18757985886689,0.284099869339292,0.320798044097896,0.0667176023344961,0.374098562056809,0.103381265425805,0.307227103038007,0.0634274874988751,0.280462278796961,0.111736604404899,0.559596587112285,0.0364854509326505,0.0211768886013244,0.141025588080121,0.070465072256984,0.300326202505012,0.0265879142764412,0.460376454456713,0.0151662480118511,0.0766704170390593,0.192332015431174,0.208841763960842,0.391890961510282,0.0295168658640466,0.313657032097312,0.0818010461987863,0.452330043464092,0.0674363951292139,0.0792883199202097,0.4555260842257,0.00213125265115339,0.232395086510549,0.045018361578306,0.0543240382151879,0.102009775314564,0.363986804126265,0.247822585073473,0.551144589231009,0.242885276023433,0.0885005629850625,0.473787040826198,0.104927003220699,0.189166930721851,0.161470064456451,0.310495129257971,0.149211011497668,0.62251150356932,0.0651305579369777,0.23154246097974,0.106068980315251,0.266115739574348,0.0223344036241121,0.351303037987184,0.0801484793536513,0.661796862811404,0.127214439346443,0.208044638766056,0.135608430067809,0.0963321057574912,0.0279993495555234
23.25,0.0202464269970279,0.0171978744808343,0.332234405206187,0.00493688595680518,0.194657598349072,0.380972796514512,0.0780698086851604,0.192267688526538,0.0336501007412812,0.0575044082029445,0.149127196924104,0.148608265389642,0.0981829658335464,0.368296785621525,0.0302766869657169,0.251044021247097,0.0166219675300121,0.141086582794362,0.282987665930699,0.0123562504545109,0.561738779914569,0.0411522642106004,0.184616392384172,0.0457806302622479,0.112954716461805,0.15872824196731,0.0743202778451772,0.40675867387181,0.140781433689703,0.255252960714331,0.0602270691697441,0.362732351215743,0.333831963095665,0.0158068367639136,0.306317593613597,0.0967565040125152,0.10861308721908,0.05478450284035,0.13133539911743,0.0103741471222133,0.327223100567136,0.110650297098774,0.0941950936298359,0.262534845353515,0.0348945741588593,0.113787639198107,0.201291218947009,0.0684338111016751,0.0965305613143242,0.354669187036168,0.0657498362757543,0.277633327312731,0.0719118323354443,0.0797613400337598,0.122959479591768,0.234224678112578,0.0805060464925896,0.246473766567537,0.047687442174623,0.165966706025011,0.0367917150195743,0.115064708499402,0.102043663039334,0.00105473124217068,0.257784896499052
23.5,0.000876308906128468,0.00212778794271153,0.118692021428656,0.00222741883446023,0.0192434666515085,0.103547520830411,0.00339848855726211,0.0389137529391544,0.0774686969087388,0.0602568520631485,0.0260564019193018,0.0394163495424488,0.0147742281490333,0.0348662691627496,0.0281868708451002,0.0147202885665765,0.066367591786812,0.125247202224141,0.142679950068254,0.0104300296140958,0.140496654181761,0.0589964714577047,0.00820477758474159,0.0147010640365213,0.0323043552641333,0.0252668040837939,0.00294340751257125,0.0291935424229493,0.0041301844291066,0.0623176120150616,0.023615827546724,0.0124483467435918,0.178668910041277,0.0626264699393149,0.0691066404218149,0.120626414530539,0.000595876028898391,0.0321435148008343,0.145533277724802,0.0161188475865887,0.064556998721481,0.0248149915702288,0.01538060664248,0.0641957006376465,0.0450560783387289,0.105813277405387,0.0631455129818296,0.0206921007720257,0.0311479722695841,0.0342421594076922,0.0170137288872315,0.0689503709554645,0.0331572199844916,0.0102170335917754,0.0374271427428098,0.0503786104261746,0.0106732724010359,0.00601178263084004,0.0947091680934572,0.0396536841178647,0.0573745037194024,0.0178603955533816,0.0179485196863185,0.0420627373431981,0.171697888157943
23.75,0.160284768570977,0.0691276848939934,0.0888468109396996,0.0745152856471251,0.0307918570904687,0.340955201286728,0.0699336563704665,0.0946264441345473,0.064153926271206,0.0742363885392176,0.370392944403971,0.0226561705845842,0.33223270336211,0.0327971982853726,0.115449330665848,0.102214866723566,0.0180498486429389,0.0770108905064079,0.32260677237325,0.0162612255960679,0.0834856990304576,0.276096027516706,0.0399093958332354,0.329909116089666,0.33444597075467,0.0313699367130896,0.138758581905592,0.111371635706651,0.437772810821536,0.0159105798854379,0.182961925775917,0.0598793729373346,0.0641969434637564,0.0890695472981801,0.0876842119639732,0.528380607316413,0.017110168869749,0.0749177663928262,0.0034499451703782,0.0226848629642299,0.0657386972093865,0.152648192397016,0.0285751655208063,0.300497651201898,0.0660633452407073,0.137672807482524,0.2506710598647,0.0191813057310589,0.215331150395458,0.100857312016271,0.106627862975202,0.122225876261294,0.219408689388854,0.0266414653389083,0.506371511045658,0.00905802008833489,0.196803617299533,0.0155891380362276,0.105056855757065,0.146912856486782,0.0239958094604581,0.0260466421012316,0.148938052961616,0.0378091194615402,0.215284247653498
24,0.0281486002268278,0.101842040330944,0.112337130442728,0.164375039858678,0.158713352959104,0.00763615452789235,0.315134723631071,0.0547795268324279,0.119669425637508,0.129651265041752,0.0136969944119837,0.0873126727397357,0.0124275120216601,0.0461976137124208,0.182998624953588,0.239305626585707,0.0700721949305,0.117165439693876,0.206910952320599,0.0175356113986277,0.072519229055371,0.083850413287961,0.182666820025945,0.0445610603746143,0.000201919716684448,0.0871533379492279,0.237761583047707,0.0315277111072235,0.00684487755029817,0.0606114657678547,0.0604691476388172,0.053679315342182,0.106552614698796,0.15778045625982,0.0827182916425225,0.0401240594549777,0.146130648382617,0.00784878918517439,0.0497206583514442,0.117706897072243,0.0267382288549248,0.0785078284923248,0.34484013622013,0.0234127157347052,0.163727917888212,0.157876155627941,0.0442252426898868,0.148939376999665,0.0687839916806136,0.0338635675080785,0.293619085080108,0.075035590891768,0.0258279548720349,0.0776688082416318,0.00228144008037399,0.0542691814957947,0.0430540704686476,0.342022942629868,0.290891808008381,0.202624399881164,0.0641026437640206,0.220560999227303,0.0997195369736142,0.0781696532360609,0.0983293954981826
24.25,0.101699728231321,0.118999324873202,0.246082877699668,0.213499298261008,0.048425129580774,0.192129421746751,0.0405530145218201,0.296720186746205,0.037562446908587,0.103236427270205,0.0567239332219355,0.00834561820020878,0.0255784536117374,0.108139978307735,0.0456860422774249,0.248669350787125,0.292814593071526,0.403355384798778,0.0668657267442995,0.0212902304238627,0.160727164627151,0.179485440673914,0.0242702304951665,0.095093894188037,0.0484349458111808,0.0471233290578228,0.0460443506227627,0.176840989857327,0.0013238588052421,0.0500614638984143,0.0155342527093468,0.192965086855061,0.318778962973185,0.380636067802233,0.0969536112179388,0.0573039652659267,0.0304746200320683,0.123882475518438,0.224876782464468,0.213570478644682,0.136790999131996,0.149373450012054,0.068732074613548,0.165639102608591,0.0187142228032939,0.224996500038785,0.134026215919065,0.0463060700671041,0.0214460277648362,0.11385005917045,0.0444532107734046,0.320878903579503,0.0853874475262602,0.0482419560033907,0.0255465458877089,0.0579075132524942,0.0139098401289191,0.0966980925635173,0.0778764296370601,0.194446667309121,0.0585492537925077,0.080899167069955,0.0032713455692111,0.0870419030465502,0.227187503815641
24.5,0.017572701411097,0.10503450986424,0.0162559021608561,0.290645643070399,0.0857287505777512,0.0719060741228846,0.139751191980429,0.0505080480320596,0.0896047340663764,0.001791167896052,0.1270589323526,0.0736123362705911,0.194805352149278,0.0172214420521747,0.218503030952237,0.0351588318815557,0.0520277056695991,0.130187126476886,0.0890310327853834,0.0130023881523679,0.0328911874225976,0.195343289759942,0.0321170832428138,0.0194801119369004,0.122555002027523,0.0944519173364298,0.206711098532207,0.0439526347888603,0.177565081422241,0.00718039035157955,0.219756315261154,0.0151073222035115,0.0354327979212519,0.337765880950537,0.0195289050807773,0.0529044124604768,0.0790695295932092,0.0220721695648852,0.0257303373731422,0.213679026461284,0.0257286119878917,0.143869885780902,0.160687684986722,0.0598787636743898,0.10535465915844,0.036462814923854,0.037332050599696,0.234281668254878,0.238720742276362,0.0400564405232515,0.184947937495085,0.0613721496478451,0.0602735904273402,0.0969139269744551,0.129073577769599,0.0145876471895605,0.165919165006379,0.00641140548616344,0.275833886049955,0.0201603718462829,0.0960017248576525,0.00486468350762645,0.00255647867850355,0.00292044399295832,0.13691494437011
24.75,0.147126145821264,0.261827284055764,0.133494190627605,0.47147128600618,0.353645651607689,0.193803384359072,0.128404512779919,0.152973927461369,0.00211770984602523,0.0715744917525046,0.0197646025435056,0.103644111930383,0.00140582938961433,0.0600144240835228,0.0663084607920066,0.0429493684679357,0.266145089562337,0.15426455538273,0.167810633131224,0.0919490167415497,0.20747950311319,0.0566123226532539,0.22275840128691,0.199723490421532,0.0887637184953501,0.125247084698433,0.0769194629534368,0.119579428966944,0.00511184867881934,0.105470874251806,0.00812458501473289,0.0564447719852336,0.0459219374254527,0.421972374476299,0.376676234129822,0.208122464341998,0.115462202581767,0.138851270852753,0.0688231956670382,0.392138869494864,0.406892056283182,0.200234914796143,0.238184697704456,0.198021909963333,0.0327367039725142,0.114655350309567,0.109356999169592,0.146316570060431,0.0642194870647781,0.127280883719344,0.0900306339228096,0.0947323572927001,0.00763086364370841,0.234356688399561,0.0207487153041378,0.108649579776562,0.00360967967682661,0.049181163081108,0.0857947235714119,0.0900609353547958,0.00544352585765153,0.0252027912202119,0.198704002111463,0.063245680016772,0.0417209497110132
25,0.229518946085491,0.0710174479770794,0.000592186084557139,0.165601675298498,0.0182775440738864,0.148695918447142,0.016927004745428,0.099610254135474,0.0261754126606213,0.0240244943379276,0.0411241937848914,0.0524877648247092,0.0669008099322523,0.00694403075204467,0.0656159414532505,0.0258473391542062,0.0267529382041207,0.0321461760073258,0.136530460357302,0.0383802763871817,0.00327842304384255,0.074441275054567,0.0307004451093078,0.12663394767753,0.017872115991207,0.00863581380959684,0.0353357676475842,0.0480803108663879,0.0305534581789948,0.0293539046636134,0.0329399372409047,0.0162092566333133,0.00419077421759176,0.0914175967723949,0.0426223995910045,0.169021398644376,0.0315917918566742,0.107513244701668,0.00503391226370355,0.0799435950646105,0.00726784696071277,0.0955225781688954,0.0168911364167105,0.106601677000808,0.0119520310111522,0.0680930231193543,0.00767156325415827,0.141365327983776,0.0187555138127383,0.0305750006000481,0.0376643455258885,0.0379276109498778,0.0690589873284598,0.0811194069832745,0.0267719679326436,0.0084344402641752,0.0194011576553403,0.053093105497306,0.0710151383999188,0.0435397015805105,0.0214019422210047,0.0185413492309449,0.0538954183482892,0.0394292374675667,0.0329062957650827
25.25,0.0596641360365314,0.0774161583026029,0.0948036870719873,0.060636543137244,0.0512537663444225,0.17088986633813,0.0740587626911085,0.0355836697087197,0.0510474334542241,0.0490982718235009,0.0266560384123221,0.0612418309331275,0.0344310060520352,0.104046601075073,0.0386740878250001,0.0187065480683523,0.0838532960694238,0.0459895221555506,0.0670504254747459,0.099939877890678,0.0348572500354023,0.00904074715871704,0.0258721581174822,0.0993088665607828,0.0802984058007991,0.0796400881341774,0.049629937463624,0.121327288194972,0.038749009748757,0.145793490092262,0.0326507006565438,0.0575046348480343,0.0607999054243328,0.0551799823856594,0.00516662856033724,0.116186787768322,0.0608332760822537,0.0651337016057863,0.0686908543264075,0.0691052872091165,0.0927031276662217,0.0605156564469313,0.0510006345981774,0.144730895078814,0.0922965653435259,0.00965116188117098,0.0901056047137542,0.0659173529427906,0.0392473313891728,0.126491677343465,0.0501995221286375,0.0500606047696663,0.0877790713838422,0.0855401125579615,0.0369215908555704,0.134806538846834,0.0357506373959605,0.0176819259861927,0.0406031617012589,0.00366615678959813,0.0587598197081819,0.000238716694856652,0.0470028350341597,0.119575093613601,0.0138980136473559
25.5,0.00530394784218769,0.265108398898073,0.195883659357168,0.156735293889851,0.173009988476366,0.202308313299291,0.192103717906838,0.165318767783803,0.0383890570191009,0.0512373701945646,0.0157794770907922,0.144484754228047,0.00794604029726139,0.160783576252851,0.0482297928594271,0.14830435656,0.149456969389103,0.109637039783547,0.0164035524487638,0.0960311188278778,0.129805104077898,0.00686979720474428,0.0849494893006404,0.0595248903483342,0.0682930474559598,0.108695206834906,0.12755438706012,0.24163894768874,0.00964710844419688,0.118318332194151,0.0268267403526539,0.169255361323751,0.198275153543945,0.10144216297722,0.0354426967246661,0.0375408888917781,0.14491200526785,0.0476974394903663,0.0884924690278789,0.23344046406445,0.090330200839887,0.076353098912116,0.17829093023149,0.172751712360686,0.203819645782462,0.0619667118063377,0.0961899700839986,0.325468239790716,0.102706707994901,0.184943656552531,0.0910545433864066,0.169163222990795,0.0254130943297087,0.220566630268196,0.0215790965223989,0.098982071303531,0.000774135931816714,0.0808286088306523,0.0402961836779944,0.0889346519612267,0.023954388664715,0.0491840305511739,0.026918770456447,0.164762762121464,0.0426323294937911
25.75,0.0781817748071193,0.112872563166723,0.0981399335145892,0.135175466528134,0.154368457727747,0.0874661571681403,0.000314641436727713,0.00308196356996606,0.0221565615803842,0.0205237879400528,0.105439255759957,0.0936555324306791,0.0432426106305143,0.0751795530198707,0.00934499739590102,0.0470167347135247,0.0359086185335806,0.0470063312598296,0.0477466708231209,0.0264619187639498,0.181443565123171,0.0296018406698415,0.0247565022039752,0.000635553226178788,0.076909318644472,0.11835844678813,0.0273406019085113,0.0462162139664605,0.0922166651884897,0.0696116167492887,0.00244255754862983,0.103039345955317,0.0310840080987831,0.0951489568859689,0.143292650480785,3.78672652211159e-05,0.0125042921805715,0.0352652346858011,0.0819197732699659,0.08100257924827,0.192379157618805,0.107739834637245,0.0429303900908156,0.0181306734348101,0.0228835272537662,0.048135060979273,0.132146241698704,0.109785130422343,0.0357256539766224,0.0987075634124084,0.0017815047931168,0.0120297022599207,0.103491691510141,0.0921100268149398,0.0837318803067005,0.110346992620444,0.00631005137896245,0.0477150549305472,0.0104537905515417,0.00806940348832655,0.018498018481284,0.0130407947958991,0.0237112038415625,0.113800682562809,0.0151803099645592
26,0.195370860093792,0.0204455984703528,0.0875781418248218,0.0218066506052926,0.113216072095859,0.00462396935725114,0.0885842309959793,0.0298215036496671,0.151907878825453,0.104663287778945,0.0743894620286566,0.000686272714757269,0.00412438470898159,0.00645635895857562,0.117734857240248,0.0129092500485554,0.0906158235033232,0.160773030594269,0.124803737405687,0.106785213186853,0.230641071409896,0.0585922690565454,0.0349197206578927,0.0574695956187733,0.0284266331552647,0.00419721612863764,0.0181351483924711,0.0086441679784609,0.0333367787853532,0.0407583517968533,0.0492423396000508,0.00354518257312513,0.212773627553051,0.0518206299271496,0.14464917854798,0.00366730942898145,0.0849901085585026,0.0310042471551913,0.165674943347051,0.0176592288182371,0.106084114737398,0.0302500826921525,0.0233312335264227,0.0109588417317046,0.202101057844053,0.0330284589802853,0.0509540754346996,0.00110368929110772,0.0169212294748276,0.00446460492956915,0.0958579969251131,0.0436191331669102,0.115501572195593,0.0100018350986206,0.0472127094074081,0.00470131874995044,0.0178308632247308,0.00136856474976145,0.193743901733224,0.0985508753719322,0.212020348948811,0.0181540906885261,0.0448034449521659,0.0602386694376352,0.179546846985017
26.25,0.137711865690744,0.0714388551828874,0.00543354032376333,0.0212275862161531,0.0263283631810454,0.0190364520638286,0.138278487396548,0.115707963927521,0.0690993352496661,0.0717309420311225,0.0242374225649671,0.0665888772375443,0.00870410573338539,0.0492087239012977,0.00313142364003302,0.220685957965095,0.0677672330612953,0.0632524730511446,0.0707619140148049,0.24648360628219,0.09034056212187,0.0250633609404037,0.115476923258014,0.117837310878925,0.0261503540318473,0.000471959989166423,0.0127254992091948,0.030865633680294,0.0211774296801694,0.13065598291867,0.025546416989229,0.117615740682904,0.0519546506273406,0.0375375558035909,0.101889001392446,0.0367874121170021,0.169002199521127,0.169358326097887,0.0749003569325276,0.0448826948966526,0.00509689661020064,0.00603375456035355,0.0696087294764245,0.056914003000996,0.214485997440115,0.121180042001659,0.00778384232940886,0.0141044681697351,0.00592123765476867,0.0149703198851897,0.0363134742106857,0.141995178999046,0.0334520845082006,0.0633694932311735,0.0442296164465563,0.0753321703622667,0.0537352721511935,0.107889789034715,0.0197402182412209,0.16815376101471,0.0911550282839321,0.113521871971816,0.0835736365943858,0.268857332112262,0.115937871409074
26.5,0.0762327572501962,0.0401234879891374,0.0665350490378504,0.114251657623987,0.0299843870776223,0.00147586767811693,0.017796516545611,0.0120129707353013,0.00654214113019119,0.0013381690579864,0.0847496286528038,0.075912389017086,0.151219763247183,0.0813993464399423,0.0111874165906861,0.0267687943546262,0.00813476293288714,0.0120007510644448,0.0165552050648654,0.0922542236130303,0.0280079116440256,0.01679650645948,0.0267298444550287,0.0233169433423283,0.0946990033293974,0.0681322023673008,0.0344238938139459,0.012085423047045,0.0897999811391949,0.122452592695912,0.10058250879997,0.0463392066115128,0.0157762806858173,0.0828758053828039,0.0231720784929482,0.0146161662674111,0.0527411278044865,0.0521470010496666,0.00212417943912687,0.045662360013735,0.120161473572914,0.0394324216680385,0.00553356095977725,0.00420109380220119,0.0558676433838242,0.0261375161039437,0.087282054227355,0.0743903346723856,0.0426406842767411,0.0343136914539042,0.0055484986311033,0.000490466831232829,0.0139371057784511,0.0484647624216803,0.0791295972677543,0.0906420058143686,0.0641669402610159,0.0145084432761585,0.00608261353609421,0.00537625666298039,0.0379002287182686,0.0124576563931467,0.032578970470536,0.087158279810632,0.0076754518722952
26.75,0.131432159224891,0.145671855185467,0.221228804051707,0.13513195413903,0.0773692315611744,0.0123115697263825,0.258208127454449,0.0334380061600711,0.25025442486183,0.0883086264821331,0.0192653840591906,0.342743138124002,0.0901939693927605,0.0950854223842643,0.278166108907472,0.273992534460511,0.162983354021226,0.151431534171233,0.270508884942536,0.115302573755647,0.142681500170548,0.0451350144545777,0.26275131469029,0.0405761154491534,0.0330785685474939,0.114713728258599,0.16938306975143,0.0111573809593325,0.00177253270967249,0.232176383515032,0.165136867076708,0.0849041801078286,0.160723043840417,0.0621261738614474,0.259627921237781,0.0620516048064513,0.191646900343422,0.00863440825630558,0.293790671003237,0.13318418331956,0.113802858126015,0.0691536873398942,0.213335058070127,0.0176352322417013,0.161825505070361,0.0834883638640444,0.123005766759911,0.333995117419763,0.0480628094108308,0.023750226446535,0.234549922119505,0.246732980632078,0.0411680774844911,0.224272724617949,0.0195818222000362,0.152650186374373,0.109489288406612,0.100552541677414,0.284961023955217,0.306087097328852,0.2821010072378,0.113483402165015,0.154426507935395,0.0271259950753925,0.159797227497994
27,0.231924114687992,0.0538959813430082,0.114058593241123,0.0311165974539498,0.00624924921692955,0.00941189485791602,0.0264558728261271,0.00230156032389166,0.0933308481912295,0.00661183769581695,0.129265813954958,0.0547310168458185,0.0290845790707858,0.0387668739375971,0.107879114331833,0.0106900834016183,0.0398791898715339,0.071427216014182,0.221206562399598,0.00504837645516354,0.180599088812248,0.114501865230472,0.0419755450687806,0.00843295329421453,0.102712298670236,0.00122315905442002,0.00484365427075141,0.00342295844784342,0.0535153410365652,0.0335920167774518,0.0110523230190074,0.0297514655538869,0.0781667112729946,0.0685488582026111,0.163028807384355,0.0446156902771855,0.00995089019337177,0.00462582591614397,0.0594704219965475,0.0395663779788005,0.0371857829422058,0.0148242513968797,0.0119802741331428,0.00560084277537562,0.0433772415657698,0.0064273003448424,0.185687523776596,0.0296557824470696,0.0111337363669418,0.00518948471277349,0.0642259790901543,0.00526728370354404,0.0879247966311771,0.0369493980376867,0.0792852267975462,0.0316224335951297,0.0206950570485189,0.0964050661895866,0.135669257975759,0.0011286454924253,0.162004258208201,0.0323383381355661,0.0453033145721207,0.000377252578548932,0.208973895592551
27.25,0.0702808657190206,0.0046526417680032,0.0822434643084451,0.00966586357162025,0.0388352723810338,0.000828317241700848,0.0536326035048255,0.00781467913612819,0.0456500106999817,0.0117020835936803,0.0274846184509579,0.00695493609262395,0.0143491526170558,0.0246873447540765,0.0758697447622834,0.0440235053679269,0.0313383163624334,0.0119054233726783,0.0669159918237956,0.0769915853272227,0.0508204973216136,0.0522157455996573,0.0342397288412742,0.0202054383270097,0.0691386979168866,0.00222395186903428,0.00565299360413415,0.0071970510657104,0.0133282861318229,0.0350624773811247,0.0198844386519572,0.0219689657654936,0.0605521379030735,0.0168684240062294,0.0776139972776952,0.0283666337394655,0.0492428831049487,0.0110500423998876,0.0375272389713989,0.000373333870295977,0.126167589293888,0.00253647911517533,0.0133993110517298,0.0138459066432622,0.0511211231935365,0.00540988513950593,0.103148892590381,0.00170972543324542,0.00682221690597173,0.00512355792733099,0.0592793377294078,0.0412463658232869,0.134310919310108,0.0025287369239279,0.000394252242915496,0.0201398563702627,0.0112167267089527,0.0394399960657939,0.140972395693998,0.05340214807601,0.0190089697975782,0.0276826025025765,0.042310723679587,0.0772010744366849,0.0430106758550554
27.5,0.047460616865297,0.00202613690571739,0.0680056780906669,0.000621297142338883,0.136374727260833,0.039600463631597,0.0136694944896482,0.0135811761104766,0.100721923476617,0.0726604044264789,0.0976018462721264,0.0112363172054846,0.00936145052988824,0.00113790994496127,0.076810735120348,8.74059782833621e-05,0.00693382085088348,0.013144971645745,0.014846831826718,0.040975292519109,0.129464109901783,0.023088881858309,0.024624821020126,0.0471686224807176,0.0862119765020642,0.00103487427685857,0.0124552839210667,0.00890915345153374,0.0635944598485278,0.00785508054922215,0.0376456379319467,0.00316463792945199,0.0451204186897743,0.00140850605210054,0.0865668467377219,0.0652017361654019,0.00936671289599997,0.026299000104595,0.0277041741656218,0.00388834538468108,0.158059180997384,0.00663684232811434,0.0332761114838564,0.0360475090668502,0.0731813276816715,0.0761616983963435,0.0593656393072118,0.0152696190040956,0.0650886887724698,0.00259551571857263,0.0255321519709879,0.0199524978645674,0.0404272802608482,0.00847195285703089,0.149916879205969,0.00987140297183311,0.00298368584650323,0.0221790783204975,0.122017841721378,0.0170641437472164,0.105632357071314,0.00168480480238137,0.0319890026998775,0.0913297085034538,0.0279918823001621
27.75,0.41644383919469,0.0245421948713004,0.0893677219907662,0.168016602157936,0.13199105485242,0.122348947081927,0.00645358520930152,0.13550791425111,0.0251207981380743,0.0445244792728349,0.230976969942304,0.0381105660412862,0.236171604145393,0.117790210773361,0.10226952547216,0.181153487449586,0.094535244549986,0.0581671700480693,0.0238122250065536,0.112854056284892,0.0673561928215609,0.113969771092627,0.00313992043843062,0.128118886338284,0.212252570176197,0.0774986372105085,0.0939755005654379,0.169853972493788,0.232561768462202,0.0349309477666169,0.147444924350134,0.155026553500489,0.0687032760139574,0.100354862943766,0.0425692918028095,0.132857486259703,0.0312574592880216,0.15592776264017,0.105393163860065,0.071994064794114,0.168464965679634,0.144393217318135,0.0358084242026537,0.157734918063683,0.0211015994603854,0.145198045807918,0.159630398923198,0.17996702538605,0.204865496338172,0.12796698487899,0.0172010593587916,0.201704005921859,0.164583196282035,0.0309700399186691,0.218126049064421,0.0715357318429008,0.136291876036855,0.0463265205547943,0.0936938990739813,0.10860037400378,0.111181581081662,0.00540319956417552,0.0496752210043861,0.117305853891209,0.0280440431754426
28,0.226463222520758,0.0050936765896871,0.00511540335460225,0.122269753532388,0.026153873308392,0.0107002138217793,0.0310511051519331,0.0935093848208361,0.0164488362959562,0.0771228913876462,0.0285402622064933,0.0406545448855485,0.0189743533774751,0.0151700465588834,0.000972027726886455,0.154432689260122,0.0696406927593289,0.10196022155876,0.0830885181932016,0.01958841002979,0.0439751512354896,0.136040862883435,0.0179200969901848,0.00360436372448508,0.0126194701635656,0.0426912780094111,0.0132652006150805,0.0305262698313187,0.0045165521898538,0.00247199149451587,0.0057420364382075,0.0458133127897156,0.032535573982466,0.147202688741467,0.0818339419455071,0.0387121452324365,0.0293943965741371,0.0234096908218194,0.000178241816454524,0.0445133224356292,0.0112517979932639,0.100898919519833,0.010426867473668,0.0198531371249264,0.0480030487261386,0.0974454513405083,0.0210073147149904,0.0616535682848393,0.00800721368283933,0.00774246946802685,0.0079832077946592,0.179420891017734,0.0201436483993573,0.0184052960206332,0.011982652264546,0.0254092737507537,0.0091332312235577,0.0307842333688077,0.00106730687702225,0.163290795585024,0.0127338327231401,0.03059880155315,0.011048079065805,0.0415785884628151,0.124334170286514
28.25,0.127682586264695,0.0159988564274966,0.0379903285647634,0.0544730425510992,0.0100746431689394,0.00780265996319483,0.0267839286892517,0.071934260969669,0.087347877572752,0.0150904670033132,0.0660184544148341,0.0197044613678791,0.0134960174903662,0.026160512786331,0.0948880269143741,0.100316500763991,0.0701574491209494,0.0735109331970634,0.0210838789897063,0.00631320624972465,0.0681178564229316,0.010490784197411,0.018460796435546,0.0475742153964679,0.022860255406519,0.0109162358004095,0.0386960042981145,0.049670752349816,4.66942609155616e-05,0.0209774480796589,0.0464192648385452,0.0442171410627562,0.0558386761741384,0.0995413407405185,0.0143478639710598,0.0134224387954742,0.0141857346865496,0.0233277056856363,0.0407056729227173,0.0586498053420712,0.0351957526005039,0.00386472120010142,0.0209759682641184,0.0467639864991491,0.0470674155795649,0.0259338147371803,0.0598105812519955,0.0181291067741527,0.00576423724552234,0.0178700748703514,0.0688889199237082,0.0869925678593922,0.1558449533232,0.0166701606940009,0.00922041821951835,0.00461004781134376,0.0072206749166699,0.0373672095275761,0.149063966932933,0.081409759811538,0.000534642579619298,0.0232027722814197,0.0207133590002419,0.0262384893216404,0.029747700352163
28.5,0.134905532944896,0.00769954586829795,0.0418114692008886,0.0152487114644987,0.0419370599904376,0.0403823971730801,0.0211829680962932,0.0113639814957752,0.0566936367452653,0.118610899592448,0.121517934387666,0.0405065765069801,0.0112927307585955,0.0264676337486395,0.0127207518668812,0.0597052084656972,0.0565431714705334,0.0477646376715449,0.118005692643715,0.000421629308788257,0.0143946324595384,0.0480059502101621,0.0165513527477524,0.0239647156811547,0.0761961354081446,0.048558296753874,0.0205120320773549,0.00375881409080806,0.0315045323305083,0.0622192843227022,0.00794835195522323,0.0243076338138741,0.0245909105990854,0.0294493999210947,0.0458166407387395,0.0364147921969057,0.00420504232532417,0.000813467402592369,0.0296120858683558,0.0169439893166255,0.0130097065770964,0.0320761210502713,0.0390995868979577,0.0167606189927797,0.0407409914992669,0.162314585971195,0.090288797667131,0.035218756582905,0.0332323829299662,0.0297221540668207,0.0249712912071855,0.0433928419487288,0.0540195955604016,0.0154269389551002,0.0410480270526131,0.050510049972154,0.00659080290083146,0.0598926009710079,0.0781295906082175,0.100647042482803,0.0571147915696826,0.0578314590094915,0.0245609180703126,0.0260046711550534,0.0786214798089485
28.75,0.146757044992955,0.13778255279285,0.0405761450191665,0.00966914133983483,0.0535728810705331,0.037455533312914,0.0620908594837661,0.0377867305867526,0.148275296627239,0.0341797848814444,0.118045670507187,0.0696712169604596,0.161293301646063,0.0284692299664316,0.111753192461287,0.0988317306037364,0.0441108992305244,0.0118067017979685,0.00892323894249603,0.0836538643416243,0.0462547626456641,0.00469087018075911,0.034935810296336,0.0531760553891731,0.00487229534186966,0.00553572982069498,0.0209042832398753,0.00477833760687991,0.136338606158406,0.11579215573059,0.0832695524716314,0.0410651401378277,0.0242770826438477,0.00314079663119294,0.0538798762462763,0.0244161793233322,0.0453451344418999,0.0647688616583497,0.0210106967875382,0.0540205554753255,0.0324665447724344,0.0199537550048607,0.0239207961165113,0.0225801326269557,0.0761991659150351,0.0717118487759213,0.00551397921520819,0.0476265863939449,0.00321432798715222,0.0045581185551156,0.128359094008395,0.032197779321291,0.0972962523345586,0.0977709428632826,0.0705307238158672,0.045985626499321,0.0782955557277155,0.235590361361084,0.26190462338721,0.0777258660813556,0.261267908318495,0.0950992042309645,0.0345824671441524,0.0975987200172249,0.0115375890469825
29,0.0176178689298549,0.025698351993346,0.0182131570486896,0.0760760224737076,0.0611732951980722,0.0198570345585195,0.0145440708170012,0.104807157316785,0.0425544213857478,0.0703719088918798,0.0605937463276966,0.00258284383721402,0.101667101832064,0.0104616117251931,0.164503618564688,0.156265804092401,0.0600595184272858,0.0212713622853916,0.0551655937098645,0.0539540263377207,0.0711200845965388,0.0160038053567103,0.0373408616677333,0.0508080455813588,0.0096930335905038,0.00181056693245499,0.0345703266099491,0.0374857874793861,0.0531870540297636,0.00273399435505593,0.150048308627706,0.0548515245684539,0.0158575495943868,0.0617860484683124,0.0650510365797274,0.022905856790866,0.0203305075651981,0.0933412531735732,0.0619839203668594,0.0665824406240498,0.0495613320708598,0.027593873488424,0.00646846222359126,0.0537668557860638,0.0283911325315421,0.14454286903632,0.0270060462284344,0.0430479179102801,0.00739820150408405,0.00775486330321925,0.0802054054562927,0.164402998675067,0.0522606769850783,0.0248940887176929,0.0319738194217585,0.000869665845454885,0.130678148192142,0.1358181359516,0.137488176075809,0.16453568063769,0.31817706544683,0.10285043929983,0.0666124136930343,0.035244133000328,0.0181795371242374
29.25,0.00169275749701352,0.056867487744273,0.0405073827884904,0.0722034312525918,0.030672215524192,0.00547724113029904,0.0794608894536221,0.0383882165042277,0.137786313366971,0.00251264884725693,0.0040790653931867,0.0547268826465441,0.0367858194706253,0.0133339051127555,0.171261333283977,0.0466534986980333,0.0906047949116162,0.0910176888027323,0.0884036655518467,0.0321165113472301,0.0163305321721631,0.0760714369839261,0.0614760101030388,0.090182004731462,0.00585398609464175,0.0151663396794123,0.0654933687703184,0.00610343433362612,0.00388929042446149,0.0833825309497149,0.131683236769035,0.0102548372030571,0.0261343252768445,0.0934415380699121,0.02552152507607,0.0560208724292435,0.041284614037036,0.0383203255087726,0.0752885846179002,0.0743831381213965,0.00653884469268967,0.0297851959259649,0.0378531780839064,0.0314870965621895,0.138352930175446,0.0273464288523828,0.0109242960998943,0.0519706939503475,0.03773890731157,0.000984970867348748,0.111549256936826,0.0421511957060098,0.0116874812942282,0.0720896842627041,0.00108180245385165,0.0503137083216427,0.0154671286011419,0.163058712407096,0.201766981698119,0.0262550642464798,0.113964290047529,0.0488763536862237,0.0613258757723818,0.0423247263518707,0.0892629633496416
29.5,0.0246988208992753,0.0130801490726887,0.108639422699804,0.0555666525890384,0.0930311254257815,0.0226437150416841,0.0651966088980429,0.106925732375538,0.00758406719437276,0.109656049727001,0.0877825921290803,0.0267193264486027,0.0399831416813439,0.038648333477469,0.000374545033126229,0.0104548900954658,0.0276762330999009,0.0294744834713245,0.00814356699922129,0.0997139388668433,0.141741521749038,0.0314648347051046,0.0677786989036243,0.0389600918066219,0.0639771293477626,0.0375257500386638,0.0211082323902439,0.0323216170245209,0.0536937534903488,0.0324582168827628,0.0417151288954231,0.0523434953360523,0.0545385178095401,0.0261995986813358,0.0890061027595213,0.0102007538887134,0.109399529664498,0.121155453855421,0.0637057371181935,0.0163803994958267,0.166198714551597,0.0629047108503609,0.0628476367001509,0.0539913783366801,0.0586798079779827,0.189703632072442,0.10804409600784,0.0644079237145756,0.0334265953730239,0.0534393935468614,0.0326233316065939,0.061709273255539,0.0377761342426119,0.0198316531409647,0.0604304251318235,0.0684828556059177,0.0194930816103869,0.0711096780123114,0.00965340261407832,0.0530357096943833,0.102166084989213,0.0317881055901851,0.033619138563038,0.232871407767892,0.0203435955518228
29.75,0.0779555552063609,0.167316444107612,0.0175833682318818,0.21401331151541,0.0688726811348034,0.179421896564977,0.170808127251603,0.00684932809749263,0.15553527261656,0.0477271541721075,0.0377518656151174,0.17951122229937,0.1181707800332,0.0639224660730992,0.0981824097971858,0.00557607950523722,0.0323953353080792,0.0292573450116722,0.1398790436562,0.0433926665240493,0.0481249874110154,0.129774768645163,0.0415467316024241,0.133430279915003,0.0189419395235325,0.134657195106619,0.137772557419311,0.0449823040571463,0.0526387677758942,0.0855791929582933,0.0886941261928838,0.0163091435263118,0.0243329977964762,0.111606232515328,0.0472244126759528,0.199596704169777,0.0691032721728594,0.0155080318158293,0.031983955285918,0.120865589196873,0.0477053152376403,0.258369612381985,0.127591316452422,0.069900090453908,0.216363067798457,0.0587058244899583,0.0283661450865719,0.173840654997991,0.0927117113977499,0.0958207980480358,0.141060192630719,0.00202316188009676,0.0428974152327609,0.170472086618586,0.0360213435096374,0.100510646256659,0.0251464290191213,0.0413716636802063,0.109824327769397,0.0142908637450165,0.030013674643398,0.00433978660000241,0.0293783049574772,0.191821184539205,0.0607919084498382
30,0.0468996306721819,0.137772569026095,0.0537855694474384,0.240354683746943,0.0996781162499487,0.0866822151392043,0.0438769827448797,0.126810144280714,0.0360243561869663,0.0820642512082333,0.0677350951319651,0.120940628409958,0.009802314996172,0.049497124325878,0.0147359866170501,0.0963185920949163,0.143863956851713,0.0733036885832228,0.0722299450187243,0.0755652797949562,0.00775207309061417,0.0888647689490559,0.118720130618566,0.050579930487512,0.00473616455064636,0.100301942626585,0.0439071690021348,0.0146284930286185,0.0271407906592442,0.0822924736945087,0.00773238235532298,6.36241237500631e-05,0.0240540648765131,0.203592176158671,0.112760362016527,0.0437468100828758,0.0652218715065938,0.0960825112386184,0.161998741321705,0.22740151957992,0.0121065422152659,0.130199606674547,0.0870749961892213,0.0321262597362671,0.0406888608566916,0.151383173534277,0.0525634607227219,0.256109169229466,0.0361798626639934,0.0405178803743784,0.0274903651978411,0.1360168488886,0.115754069812487,0.171428014498306,0.0234768320610649,0.0654898050595312,0.00791935033844192,0.00742381515605117,0.0330311980784705,0.153285580242672,0.0212041069361889,0.0268953646420245,0.0825007197753639,0.133634444367398,0.0230109178138444
30.25,0.0492520096660447,0.00355584107053929,0.0600780882875781,0.0433221839296812,0.0129893163746874,0.0304973080324818,0.0541919348146872,0.00997982535678688,0.164006290501193,0.001990492438103,0.0675164756908283,0.000343945647983193,0.0329407191481216,0.0021188029627436,0.156560886720539,0.0188005547126243,0.0137301241520911,0.00390011148309002,0.0547710251142307,0.0236302418146287,0.00181972564917034,0.0168376886579203,0.00804504618764199,0.00301153540759631,0.0604559188480032,0.0160290622722656,0.0158543911650756,0.013408396061661,0.0538528010585797,0.00385844197346714,0.0285996985866238,0.00262492066049058,0.00704591592141787,0.0251530738332603,0.022895824641052,0.0128342886879322,0.0269536210386548,0.00152321238422341,0.0474056860014277,0.0057946035514972,0.0169886808109667,0.0491965486009118,0.018978174351044,0.0213521554273057,0.104592494631031,0.0276641926778452,0.102598734647725,0.00947847251323667,0.00359769995916244,0.012693416112198,0.0761515158583665,0.0349227747069998,0.112820620167434,0.000138856160431266,0.0368213601432483,0.0161395584105852,0.0294714236154051,0.0392483414938659,0.285608469012077,0.0251236756872102,0.33682046654913,0.00551160899829777,0.0232923014778016,0.0491238284783733,0.00994806621442277
30.5,0.286552881170217,0.0538177061699282,0.123013480782204,0.148678211914389,0.0385868777804882,0.161879312801058,0.0384804579691422,0.0768240900031274,0.0838100684480379,0.0559338340964838,0.221458113248846,0.0841041843276535,0.0910484769102779,0.0499853370470846,0.0572252996690442,0.011101625134577,0.051425465427556,0.0349491358802302,0.149495664663823,0.120517925468024,0.0109433700203889,0.0141421404353831,0.0582339217133559,0.208614810846017,0.206953807808866,0.114011793678722,0.0325658262484112,0.0471837978387558,0.0676564596757119,0.009888928678814,0.0952025160168442,0.015003380912031,0.0181728415282697,0.0798368411046156,0.0404215986608843,0.180283889229966,0.0697968040660955,0.141036651165086,0.0678405160711156,0.0980168076436322,0.0864445114324466,0.0901545388535769,0.0235689728872173,0.138795026933205,0.0886230684247345,0.111743367350548,0.220190089314066,0.250670992778103,0.134916980505753,0.064514872339327,0.03782813870364,0.0055513171756413,0.205587676702314,0.0709159143747027,0.157881097085993,0.0397036348639892,0.0866193991379779,0.0419031825099256,0.0867468506507905,0.0305432589497611,0.043579392487022,0.0422396488927162,0.152250311792001,0.190005866122923,0.00365389097077983
30.75,0.187594594660799,0.0494834618819852,0.0100687562412163,0.0876492438861674,0.0349190935576757,0.00840722595580437,0.0126449544056303,0.0105400036554514,0.0427159851486849,0.0314597381739917,0.0400106392411836,0.0274140337190156,0.0304331820691202,0.00305207825244283,0.082207325178969,0.0386883649897373,0.0147849145868367,0.0482856655648936,0.0508015603660785,0.0225969459595878,0.0194711614780858,0.0251819889879909,0.00181272872575952,0.0391622522690106,0.0316630729810133,0.0189936030197785,0.0101728042530208,0.0123755523579877,0.0331046530479805,0.043542961496133,0.0805199187449869,0.00231281787939402,0.0150452760542198,0.0520239103868275,0.00179394934028612,0.0206411974224794,0.00728153432941642,0.0190210479204167,0.0430984959612521,0.0198500588624309,0.0175432167539581,0.0618681196980994,0.000659567253269946,0.0259097934461259,0.0370950244558003,0.0164917625377699,0.024610349733064,0.0191131475282596,0.0192714281840321,0.000474677527681384,0.0329768078874909,0.0471086613755424,0.013786966597214,0.0292223941147222,0.0749517661222914,0.0131924332052311,0.0413397785062162,0.0277247611274017,0.0738825287379151,0.0626087273139541,0.0728924236781436,0.0166296644448055,0.0355115655257984,0.0075743719707877,0.0231798704028277
31,0.0786434566664386,0.0697573208958211,0.00945931819574539,0.106047255128146,0.0400371978796312,0.0170920435286296,0.0967968115034489,0.0135075845239594,0.152798053776642,0.0160935516064492,0.109373421379312,0.0776087834037823,0.0345127146856177,0.03451265241877,0.0936185977001437,0.0359677578425345,0.0451665692622755,0.0512704061182811,0.023965067727728,0.0720751798906431,0.0670545559501176,0.0750570444919178,0.0963898196230533,0.0144538265138677,0.0817943173422739,0.017821927106689,0.0106063208042902,0.00366816646424784,0.0398486713715502,0.0937416791705119,0.0736657001705521,0.0235603664847754,0.0459883873871426,0.0941830602445738,0.0818211246415594,0.00883813498448883,0.102416487853282,0.0567035656183817,0.0153338504045685,0.0573891035609857,0.00523113601694739,0.0705759738900158,0.0375852325646925,0.00448061536348605,0.183467762317938,0.07275910293774,0.0369735153954571,0.0422288012992405,0.0234548317343354,0.0156595173438847,0.074610793104259,0.0300955555281153,0.0137940407023154,0.0670462096942244,0.0609702937822543,0.0656531983409446,0.0815203618957399,0.0324664152679496,0.173931127740169,0.0311735754345668,0.214100706888975,0.00292835070567496,0.0677629948909399,0.0960571474648734,0.0563325841476728
31.25,0.257836061671631,0.0226485737197452,0.0256182623350073,0.0235930751351131,0.118498968825667,0.0922354267019356,0.0431395460228676,0.0372885736838482,0.0293495715525582,0.0434972736052044,0.00324742975626241,0.00732443319722433,0.289417087878021,0.0444200286952197,0.152008169799484,0.246640773202234,0.00500033269066164,0.0137562776411079,0.00686074706587502,0.00377678411472087,0.0656652510280984,0.0291644535225806,0.0137204357024421,0.0321735980219326,0.0853825022252862,0.0355279471378703,0.133200714540603,0.0666059778903207,0.056243909386441,0.0168577966922545,0.171861594936564,0.0626622960991601,0.0289316229391043,0.00534363859130614,0.0234368383289938,0.0844450175177174,0.0125121917287254,0.0238934026059086,0.00576422503463004,0.00127678925415808,0.0560807060784993,0.0627387230140557,0.0675686715801154,0.0634527391550276,0.0481385863985103,0.0523931405947582,0.00460373419738537,0.0312373107194266,0.13678454646913,0.0498638327339078,0.103461506551728,0.200211603304635,0.0631961912734206,0.00043536570368035,0.0831953352407607,0.00974669035723296,0.0656993347379567,0.03804084580169,0.133093973121463,0.17481949270573,0.0547594400722816,0.0476117177225441,0.00908808042982262,0.00930214986980895,0.0164845347607002
31.5,0.15869751037545,0.0163804202214886,0.0454990180183142,0.0944656880365914,0.0663807889133711,0.0453124997399791,0.015962243158179,0.0191086004980268,0.0302144134036474,0.0214859796441647,0.279643355738437,0.024596844636388,0.041807714651017,0.052003186994643,0.0483102028540089,0.0276197538794053,0.000424443685318411,0.0177443481103814,2.08135585095775e-06,0.0154742075751832,0.0157130780065147,0.0558212178359947,0.00701096177489272,0.014118741221434,0.0853405351234652,0.0867765251938079,0.0260100847641668,0.0720242388338567,0.138582191228151,0.00277644193118711,0.0326213463815862,0.0749395898523566,0.0227880218938317,0.0635078531546664,0.0116904983149058,0.0179466705044675,0.0104206382436182,0.014616035512817,0.0124042380508348,0.0292170687032389,0.0158527448489447,0.0873680439706129,0.0403730774511721,0.036364192506654,0.0106746442147095,0.0280036147650291,0.140140365907545,0.0593971247333471,0.0265748855267285,0.099946526731842,0.0190075412269138,0.0560003556233048,0.213324993365439,0.0112627796559127,0.114924296683312,0.0423772773144575,0.091775922897554,0.0720005962566872,0.0730311943398054,0.0271318032018412,0.0856899596294094,0.0351078560716882,0.000644153164703149,0.00168460876239826,0.0204743695955604
31.75,0.0466488663273144,0.0381125432876899,0.0286150264625996,0.0279715997163446,0.0652565388656925,0.0307478501515791,0.00746518883059426,0.0239464236377773,0.0118699312100769,0.0268473559957547,0.217172438077662,0.0375601049261681,0.0212816326050744,0.0863269831935962,0.00386443283569445,0.0371827849170972,0.00964912266276027,0.00743589619386193,0.0349183800585045,0.0343450484691415,0.0252112441895133,0.0108974365507252,0.0369083669857518,0.0274615141740911,0.125759023461803,0.0384833065473852,0.051572102265227,0.0533798486130026,0.0642516832557617,0.0412010597843848,0.0635413427337443,0.104779472958472,0.000268735144356304,0.0083444291558378,0.0386394954124472,0.0205199385520625,0.0253775360380439,0.0291902047538294,0.00419177083365085,0.0217800617912323,0.0821959790234918,0.0457680205983014,0.0389931448209391,0.0265340564047805,0.00243254592970755,0.0430078383067608,0.124199752738461,0.0475135515005613,0.0688684128033859,0.0639445261959471,0.0155081877642231,0.0161920763090924,0.126547698208617,0.0285075399335785,0.0592777399277795,0.0412110772251943,0.0238754617757829,0.0720256044991425,0.000341208368037939,0.0136243373978808,0.0578237132420807,0.0150251198088046,0.0319776550148873,0.0231213481171182,0.00161007978735859
32,0.028136275533583,0.0573823161673874,0.0862531704075096,0.0266334245651944,0.0856638937497216,0.0464168348442778,0.069558314905148,0.0239410876503137,0.0831751252503297,0.028688589888312,0.0104267510785897,0.0841577978673169,0.0509302292424653,0.146417178009817,0.0689204962727236,0.143177592253847,0.0128670083336811,0.021611697090535,0.00403737802149729,0.019718222286431,0.0846965027946599,0.00483567088557639,0.052977125380413,0.00325579919537125,0.0775278550316968,0.107573256236581,0.0709558050394438,0.0911753830896288,0.00647402730898695,0.0594227448970124,0.0470259973078061,0.20348565536301,0.0600005939321101,0.00518526660390728,0.0561119974517768,0.00258580363940608,0.0610164710087057,0.00238247082281673,0.0293691768061409,0.0179903201546616,0.137627897938434,0.0488796555688525,0.0640334105421057,0.0234368091874517,0.0585028272558871,0.016714820050105,0.0653021005427296,0.0439017280646703,0.036962400864495,0.123512537412222,0.100283178988576,0.0708895879742843,0.00560181575662963,0.0552114423147598,0.0267816281022423,0.119011336375044,0.00652898274911815,0.0805679265289662,0.137947394716332,0.0918813174642088,0.081843131492537,0.0647644436988076,0.0187616876475894,0.00770350805326799,0.00988920748852396
32.25,0.111362193849661,0.064746726309329,0.0568298766220165,0.00737036388707205,0.0587420124401298,0.0229974225239169,0.0527455189269591,0.0234327773818549,0.000639094320764234,0.00354621138733447,0.0553168515069633,0.0321732415567011,0.00782440277846623,0.0875694246321468,0.00112385107044762,0.00176899714152474,0.0226173886216056,0.0477895237462382,0.0265824515896459,0.0165179509758747,0.0546366800873661,0.00292406858945978,0.099673288563989,0.0210147853036881,0.0168769854945065,0.0605058823308842,0.019964419566115,0.0586473917923447,0.00189588427510758,0.0924284047920368,0.00414964672812983,0.119032600866831,0.0689004991737697,0.000297034628254504,0.0769917591915329,0.0124250615364526,0.069463818066905,0.0187883928591742,0.0660359513430831,0.0115569194910415,0.0235024569159753,0.025594799134811,0.0739559499371559,0.0299760751028372,0.0507275461971523,0.0128856661341448,0.0444382711248172,0.0115785387029478,0.00343336895401021,0.101440055204247,0.0140183471347815,0.0202640852930284,0.0069970164228486,0.0554711928414697,0.0293733194297686,0.0854074315040129,0.0147440285377829,0.0158768100748437,0.00223874034039831,0.00958562619000795,0.0966508458467573,0.00122336593192289,0.0421016318955979,0.0121455275404093,0.0268594197178123
32.5,0.0592509011372034,0.00760905979549152,0.0170240537824899,0.00619012655171788,0.0427287291053625,0.00403486496774829,0.0180492704082958,0.0109070549883387,0.0183491763506749,0.0409000452748088,0.0275554966682407,0.0307127257323757,0.0358482564761864,0.0685473002115153,0.00713407289109245,0.0425571950373768,0.00412227984569507,0.00867968526429701,0.0511837409637627,0.00526630536332842,0.0938648471325622,0.0112243549805629,0.0228682935979518,0.00843845137115836,0.0248567505002825,0.019552339970252,0.00654901532169073,0.0436798643671511,0.0525422686845913,0.086371135685704,0.0101584772398393,0.0824765399776169,0.0252478823756802,0.0166836489905293,0.0469933791686867,0.00867046560894853,0.0144654903562722,0.00473836791173525,0.00925753323634898,0.0114279217889376,0.0721795649291754,0.000547428626308263,0.0149287054883798,0.0110962585491592,0.00939092651152689,0.0500840706543444,0.00596667389846696,0.0419843595574945,0.0201220714432301,0.0405554568413975,0.0122502066761473,0.038223210059741,0.00159453487026506,0.0238342322202119,0.0387883494369713,0.0482009376203443,0.00651723338556166,0.0589756357027084,0.0229034311166121,0.0409748328721724,0.0841986133396668,0.0588142532562044,0.0261776817884886,0.00276113749652114,0.0435980180946673
32.75,0.0763760489175485,0.0132351756542336,0.0091781551441729,0.0211667123767789,0.0438166284889893,0.0286576615338054,0.0475670829504173,0.0800201203220453,0.0143709155171656,0.0136213886382907,0.0102170852571204,0.00743782881974157,0.0496070796009948,0.0354516287170959,0.068762497127,0.0325529531144711,0.0040944317425933,0.00819778940894357,0.0275886991353236,0.0183138199726281,0.00833764616197385,0.0176052176574343,0.00363441778368312,0.0481557891626714,0.0465864736816358,0.0267369185503329,0.0536275934718422,0.0622286500242281,0.00899060561232312,0.000446466815881168,0.084307296000855,0.0512436505354215,0.00935668675159143,0.00424532027821632,0.00399699189495943,0.0155488629163745,0.00689444344531958,0.0576940908910088,0.0109190759134438,0.00473625974212881,0.0391710715112974,0.0369254866764478,0.0552968727331868,0.0399335160132988,0.0815565346849681,0.151658967847717,0.0125759758325122,0.0110076547452509,0.0788886566016302,0.0462245692064975,0.0967747676408712,0.0660926419285682,0.00962719937973038,0.00545243145001115,0.0300852869505805,0.00918084383607773,0.0380873453947016,0.00934330893288393,0.087856494451811,0.0481480570871242,0.0273602946504397,0.000999656751394776,0.00883194394430312,0.0164858380622481,0.000678540667116703
33,0.0597206892646987,0.011643396323032,0.0261171737736935,0.0080714322309424,0.0460122776238799,0.0409212540854966,0.0241034882848209,0.0763625732442122,0.000254998714315201,0.0382671501013595,0.113311250043985,0.0045895883610397,0.0968548124453701,0.0124692092948242,0.0902475067050927,0.0439405805410577,0.0210926409922711,0.00150486150555046,0.0157961101237597,0.0428919531259676,0.000550947978272211,0.0119520593638408,0.0187930968388438,0.0238174212613796,0.00834225815101207,0.00547755475782108,0.0447255953589862,0.0501112769968218,0.119966341873593,0.012818161176565,0.0937649993262819,0.0176824386767779,0.00462260725558159,0.00307895437721256,0.021435794141381,0.0110160385317327,0.0281077503215794,0.0561898866697601,0.0709666762437694,0.0022866743662163,0.00159395101857573,0.0252860408405851,0.0387854423593204,0.0400760056029258,0.0204704872811108,0.130901678929276,0.0741258522181232,0.000660163707936205,0.0190505375729882,0.0226213717018152,0.0584030101122596,0.0636047846935669,0.270605820916571,0.00987018941524098,0.0357795359230756,0.00334520849967357,0.100519389830737,0.00729167205676894,0.0298735399942419,0.0389648972921723,0.0845681567253165,0.00483726479560424,0.0307471442764276,0.0955132414180291,0.0107982873959767
33.25,0.121927474008474,0.0159620626564888,0.011832788590759,0.00348476413774585,0.0189601891112401,0.018097717565533,0.00081179368102517,0.041069153344545,0.034351090290204,0.0344046316290091,0.03496026370232,0.0014400606089536,0.0253890924305849,0.00361333286735423,0.0775483911068549,0.00639695707311651,0.0253567425820509,0.00847784109100239,0.00447585331378242,0.0273138150789285,0.00128251179307364,0.00281952525450143,0.00149978857523468,0.0484268315096526,0.000277638207928171,0.00313814110093827,0.00782851920171024,0.0095390746393649,0.0185034779011185,0.00643717763378889,0.00218158249020699,0.00024281824007286,0.00403691955574393,0.00496609962003252,0.004648558340248,0.0129187830285271,0.00727560623575707,0.0515403835409833,0.0230059021555857,0.0037044500376726,0.00525118721619919,0.001201064935215,0.00795873029936441,0.0499204146543512,0.00312355081979222,0.0453850955479867,0.0171940696973977,0.00577565856877793,0.00711510175356499,0.00324861682339067,0.0221055622347697,0.0332082216699848,0.0711056978609806,0.00829881092900399,0.0225318514697301,0.00107842275448306,0.00871897135685225,0.0286979439420605,0.208611667036266,0.0318774484366361,0.100970532835329,0.0062605029809518,0.0172987898092904,0.0141259471650749,0.00130511490386624
33.5,0.00626834649992532,0.0641840767301723,0.0748662856514157,0.0187572825362166,0.0568555317589597,0.00865652770222014,0.0381782051143884,0.0393747234882611,0.0759986475393804,0.0231009360673808,0.0288609847050509,0.0414083598943641,0.0280551385736376,0.0133482211127732,0.0342702330611177,0.0203397599245894,0.00576370281427368,0.00021178305510614,0.0131087279977341,0.0640010355477011,0.0825480186663513,0.00160148582330757,0.00899969858113848,0.0129507561839635,0.0226256802261097,0.0151034737735274,0.0094707312715416,0.0186828790041633,0.00247202831295341,0.0278527639867028,0.0163798653263461,0.0305132152247397,0.0234561400641629,0.00264734119717066,0.0422863131905382,0.002377132474697,0.0402104889053449,0.0327693749085913,0.0451686786357776,0.0226511216043018,0.0831716123254939,0.0191616050754986,0.0205660848359539,0.0186794351437331,0.0463037934931537,0.113068012228381,0.0660472000366607,0.0359795492320218,0.0106901796103455,0.0237619207494398,0.0303745403758026,0.0708005372332055,0.0270308430866847,0.0576800570492198,0.0246053266821657,0.0430338909932951,0.0138443040989794,0.0093148988873343,0.0581101124286366,0.02476495242889,0.0592520392565897,0.00867741207608699,0.0101931689975031,0.0657170097683185,0.0106177315047601
33.75,0.177433663569644,0.0391134346161489,0.101512652713647,0.042699764469282,0.0201753725134731,0.0375026946401635,0.0266498956723925,0.0376615205529529,0.0276205461823214,0.054141089858873,0.0870278862818958,0.03727416695436,0.0271761496362414,0.0282641353898065,0.0273916101171716,0.00152258446216279,0.0577349035376527,0.0900425248531343,0.0424283844946012,0.0847887414221741,0.0685992091442907,0.0184300327065726,0.0294716772891455,0.0528510798798391,0.0139209537420262,0.049597290799066,0.00605813194581239,0.0407533863151635,0.0108972929285649,0.00218176469549691,0.016232199209919,0.0361648669746172,0.0924917879077403,0.0462280795857326,0.0226705956748533,0.0173617185832676,0.0652104753919706,0.0710987997874422,0.102837313662175,0.047112908788328,0.0466697516690221,0.00964361088614708,0.00376534232210014,0.0515843956207625,0.06624478587316,0.0286166263403401,0.0892931266409556,0.0891629783527574,0.00266964716051365,0.0492160151204673,0.0123674957098757,0.0160491385950351,0.133041251344303,0.0494082224292279,0.0170313003960949,0.0369118884721351,0.00155145127143451,0.000749653043032544,0.035003621492528,0.0251698699851062,0.0314545177366987,0.0128664011434962,0.0646000756730105,0.0497474259487978,0.0646570360931415
34,0.000424178004552055,0.00120843571555772,0.0370949689600539,0.0211354921695718,0.018808306105174,0.0245725431601632,0.0342429060970889,0.0495767392562103,0.0440040842919786,0.101990237648147,0.0378045288355583,0.020014758294225,0.016978231636648,0.0193385740769632,0.0227058347529748,0.0303325683861099,0.0184570136625877,0.0422476696103887,0.0271187332627249,0.00413097515249254,0.0236433206828636,0.0695878746616717,0.0310539296969989,0.0087009714513972,0.0163175960243899,0.00572702752335801,0.0363693206244443,0.0203502319004092,0.0222226567101329,0.0168384648872561,0.0290230430529643,0.0226291172987622,0.0149642980910802,0.0327207200209501,0.0274458308479389,0.0385335982028486,0.0196495219834903,0.0131625946624092,0.0221160684228853,0.00454460548622521,0.0376207087855791,0.034294139518521,0.0518572714205118,0.0117105527111678,0.0417706229320261,0.0821080331511282,0.0343649541425428,0.0101704844807255,0.0223633667643017,0.0127371788569838,0.0413260949606531,0.0623883470762037,0.0125250967928177,0.00259090060689373,0.0309596765350543,0.0216263139565139,0.00687008884898575,0.0698520898134632,0.0167400486082028,0.0876857037363209,0.0507606548777616,0.0598973705080558,0.00863933434602588,0.0219471991556883,0.0471709164533542
34.25,0.191234346396031,0.00268537363664194,0.0184868752937729,0.019092560372757,0.0509942057485924,0.0210087193947862,0.00753027400235099,0.0328548162866823,0.0152714559555363,0.0138658987085614,0.140639211523921,0.00482318928472881,0.0606153895276978,0.0247568370552544,0.0324992082554449,0.0338322527896263,0.0551184775027585,0.0394910594027758,0.128370898426725,0.0339515961863539,0.0783423036116283,0.0489093976717043,0.12185524695039,0.0435871068835995,0.0624042396128995,0.00588282866240805,0.00169985928515038,0.0280224175604883,0.133655299715734,0.0265298273790964,0.0403920518003197,0.0234077327126906,0.0295030067575632,0.0419453066674802,0.112759040206258,0.0439351173005134,0.0347270519547544,0.0420802059599276,0.0697873544060615,0.0223856420531692,0.00476789015115281,0.00730113649469136,0.040614267256644,0.0396309445532836,0.00033376436518558,0.00035145186128878,0.0710598788438295,0.0123934649482909,0.018716868130255,0.0246007211919865,0.00278488906077632,0.024388487560891,0.0929813868037783,0.00374144124303003,0.115170860916494,0.0294070496522871,0.0808527847260841,0.0381112842756517,0.0489795207682565,0.0314143612697827,0.0546698840388609,0.0391890719082532,0.112915026556229,0.0032733545638102,0.0859852849178585
34.5,0.24174741301604,0.016422276588935,0.0391714751104726,0.0108939745114594,0.0477546267911663,0.00473563101257963,0.0741060587833678,0.0101326223987745,0.106860560126874,0.0174066708363454,0.0678635387444198,0.00783759685342926,0.00455396796451717,0.00665100929926722,0.176632649613115,0.0776561437333621,0.0381257982675785,0.00581961584648467,0.0379760670571667,0.0372697824429039,0.0179375046257452,0.0020732867198134,0.0696126783613787,0.0102924152433377,0.00631309523985776,0.00547926852785537,0.0206322827726715,0.00842119551285723,0.038470806233407,0.0116714895347742,0.0160247839279445,0.00356151110681373,0.0314008000163112,0.00607574906620789,0.0617132657551754,0.00320734739957421,0.0475062216365256,0.000391343589633041,0.0533352313372945,0.00167873329409423,0.0033331353078267,0.00750939346796156,0.0828882378175846,0.00369694384557899,0.1047184976656,0.0197642096006866,0.0618028674648616,0.00669757408247921,0.0169382520791454,0.00198814600788745,0.107050198758621,0.0415398338093731,0.226683803335317,0.00434131621748165,0.00873714169088351,0.00458319815052826,0.0147653019344081,0.0736023343225394,0.308880692838942,0.0627189802502442,0.40786958724262,0.0322798581544202,0.0450537482046624,0.0176001806450625,0.0087070966385975
34.75,0.0142769344638919,0.00857184534593657,0.0615546163645206,0.0178574591746319,0.00184770222239044,0.0096750805823366,0.0313579107842113,0.0446068528551994,0.0404569801966107,0.00850203000662069,0.00162414995635582,0.0114837758486747,0.0607262545859929,0.0723889809632531,0.124914532118251,0.059507257302375,0.005571575061319,0.00394688444963752,0.0013155291964441,0.0135200096496506,0.00622688802415901,0.000447792979525607,0.0056906674125684,0.00862209338422521,0.0040687876736622,0.0115660538320646,0.0262653290511991,0.0820027545386438,0.0657140432951892,0.0188795681138898,0.067863761595236,0.161037870914498,0.0158753353231804,0.0211688096046506,0.000311044214410129,0.00332232252631377,0.00786663224277164,0.0135393848760056,0.006439750898677,0.00689749039459454,0.0246708462656499,0.00301354495398002,0.0148011540235252,0.0283337492866092,0.0163177420263346,0.0341916314560783,0.0356579846768354,0.00790113771828177,0.0139639858708549,0.0688545429335862,0.0349849757376475,0.0869058911347037,0.0171652588029536,0.00619613971192636,0.0141091859597221,0.0310190788019465,0.0654507994189324,0.000468400459189182,0.124317477176046,0.0443465353786335,0.155720619255339,0.00222150208659771,0.00295724930984697,0.000471713244904327,0.000986734807269767
35,0.0591265987693333,0.0129576043816408,0.0756379193725572,0.0384790617150716,0.00329976335679646,0.0134733966163563,0.00228187890281445,0.0094988435493951,0.0299865142602249,0.0503476131144788,0.0399080787298521,0.0191927690013478,0.000631098972859156,0.0360331014058675,0.0193713475517596,0.12679177386996,0.0244730864942295,0.0468546711757908,0.0486274388187609,0.0122966179459799,0.0492718708627111,0.0269622331853351,0.00547082706562724,0.0436138646626401,0.0441934158103983,0.00351124384471084,0.00088176904515913,0.0420558331819279,0.00441281142996149,0.0182705297495723,0.0169107398472304,0.0870810386269705,0.0588842583993741,0.0511902397017762,0.0198474463027012,0.0199644498361477,0.00383128250066997,0.0146825573810657,0.0477096822973964,0.0134675341017519,0.0331374832830807,0.0105688365471057,0.00275995107019451,0.0190772961691282,0.0113175010461837,0.0168927119047002,0.0743274436113936,0.0117784702389244,0.00457611827668769,0.0149930641335907,0.0111522320025212,0.0589715791852737,0.0332509395825355,0.0129743827445563,0.00802895459454684,0.00417018037203607,0.0142734464779857,0.0149406381581803,0.0215525946536764,0.0623260326804304,0.0963135428825699,0.0455762132213846,0.0296300063360758,0.00788684738783848,0.0778237666022333
35.25,0.0284018238480594,0.00712803429829418,0.0172601384473256,0.0120720714214943,0.0165685289532015,0.0182820726167583,0.0110727918808794,0.0117515903578268,0.017726649217432,0.00594178668215438,0.00511791556948034,0.00128873025695051,0.00180503765525138,0.000139016994509072,0.0253597105528864,0.00139961689863019,0.0114300381569853,0.000500300522318584,0.0186997027262537,0.0174635175612171,0.00804634766415206,0.0370609784987669,0.0190866822743497,0.00572567177241959,0.00185924664120777,0.00242605478057165,0.00918700461462815,0.00485272595174121,0.00204401955275936,0.00441176380245339,0.0210350820659686,0.000555922673361359,0.00167727228821665,0.00376178497384886,0.0148188598339934,0.019550945218446,0.00806151595771063,0.011713357280372,0.00311135030470848,0.00582423178664076,0.00261572600622261,0.0461806327450167,0.0134323616449972,0.0167184075817032,0.0286750834431742,0.0167880594303103,0.0116497831812032,0.000383217308402517,0.00724540489563422,0.00249986069962522,0.0124696210589545,0.00071714729859007,0.0119558137665187,0.00204733481211339,0.000310740238917317,0.0019438561478109,0.0011761206736089,0.0158826831730926,0.0294166091957346,0.00416632469032586,0.0127526908096234,0.00473311412887087,0.00164768594713861,0.0310148986311137,0.0231071939336803
35.5,0.142296672236117,0.163521264356427,0.0808368162544407,0.151924159965803,0.0121873815950249,0.0137032691137953,0.0158733521244318,0.0188209918418654,0.111677622589287,0.0267967647669991,0.0887609794448076,0.078666290602466,0.14051668217282,0.0148288804055297,0.16485394761545,0.0322574183549297,0.0139208401458723,0.0492861808302745,0.0344815772390522,0.0176006607131378,0.0371408778893548,0.0542256980019304,0.000822161228565516,0.01736661950179,0.118144715676612,0.0496912383669486,0.0476846953837145,0.00824557326588096,0.133896600293062,0.0343900043385819,0.0723244405025092,0.0179482045826015,0.043729479294866,0.129825986620994,0.0170143787046665,0.0182515570167112,5.97817032796028e-05,0.0175858847299406,0.00694482529386256,0.130964666452775,0.0744253973769267,0.0639953627212997,0.0215215754860461,0.0145608095918639,0.0256079580467004,0.0181932936526098,0.121320086693434,0.140401727548972,0.0951941874158702,0.0192448677890809,0.073213928030699,0.00935814842941363,0.0950829900399215,0.113670392134671,0.162877469156841,0.0574029321495938,0.171419518467949,0.0382625273194909,0.26869317611858,0.0262010281368958,0.416673425225194,0.0478502530450643,0.0112711222190088,0.00444812013230046,0.0466123595025251
35.75,0.0950930410843869,0.000539301833377176,0.0758727404674706,0.031875669450216,0.0134169552548254,0.0350057695429849,0.0313668537663993,0.0941891623338366,0.0501543086670784,0.0302269656321303,0.0301547162066744,0.00489111798242799,0.0490138871948598,0.00103685308145497,0.0500634224855813,0.0679473299150603,0.034581489795541,0.0275284401685705,0.000308595447060015,0.0367228979351733,0.0319071079530697,0.011283765944701,0.0262450536342929,0.0562953854222677,0.0317681371183077,7.31292303358017e-06,0.0390916765429767,0.0291673887903716,0.0441394059010253,0.00541149735719261,0.020761792355988,0.00834833299381775,0.0615128342977605,0.0413013630333865,0.0121024979117813,0.021081799865445,0.0297024398641826,0.0715633533884058,0.0622293436946185,0.0172806724951661,0.0385597649320904,0.0109086691998187,0.0369406663944846,0.0527013285826215,0.0124793192292167,0.213415290612882,0.0698081322316292,0.0100469989379714,0.0137762016258054,0.00752080622802493,0.0318600878530775,0.155997914302759,0.115833090927268,0.0051668609998891,0.0507168800027926,0.00141577610950515,0.0534282943378735,0.00338204465340949,0.0631603634564601,0.0843082545548256,0.179096155791096,0.0133399475557353,0.0189317372446296,0.0179072686618681,0.0133366513001939
36,0.0192776885658444,0.00599331016257972,0.0690493742394655,0.0254700723345791,0.0318212748569195,0.0441962419106181,0.00163717601063539,0.0788114858306547,0.00161685314955017,0.0107742523405619,0.0103797801544722,0.00133634243663076,0.010055174786515,0.0529443822492996,0.0216957017166679,0.116154347270105,0.00551384914499042,0.0462963017630557,0.0091132285644602,0.0213094338464189,0.0922138487790131,0.0359348857973492,0.00110970750297518,0.0543131943465522,0.0236591398840818,0.0201252508925802,0.0106047765143142,0.0874537704043525,0.00231796184305254,0.0201577589642325,0.043404209256782,0.1158041503399,0.0490922870516242,0.0455878529758504,0.0179080074258427,0.0451851610936864,0.00164205610775612,0.076366553019539,0.0270228799396469,0.0083653819960454,0.0707101209979723,0.0158421136441617,0.00436192337379517,0.0968053065862085,0.00751239604906699,0.0265101291562024,0.039327004816048,0.00688217808128225,0.0324850171962158,0.0480876289705668,0.00916371486663381,0.114109417965517,0.0231854530311745,0.000241462811701934,0.00193280415811217,0.0130235672197904,0.0143629076229557,0.0244014086530187,0.00856812475837029,0.0415675690767158,0.0250267472410755,0.0197047244698256,0.0190203509620025,0.00634687511109135,0.0594641342680239
36.25,0.0892972134086401,0.0159339316547327,0.0055729596809425,0.0246716588077088,0.0256546875474441,0.00789936485541615,0.00335747319972078,0.0171270029231419,0.0328469874425461,0.0420765572528829,0.0168499488984249,0.00501598519360703,0.0225811613330588,0.011566521362658,0.0237551028233942,0.0176644713518979,0.00012982818177941,0.0181902350785187,0.00777690425250044,0.0119720629502206,0.0180582006982728,0.0136431579473175,0.00239062602644374,0.0310143075603109,0.00639772631698828,0.0124146234868978,0.0019337738154325,0.00224709272059208,0.0183058167890446,0.0119760419717919,0.0346053555032273,0.028204175799494,0.00508535689587564,0.0146648014767363,0.0283321861455287,0.00401962986512392,0.00235999673670089,0.0138319578148766,0.00507156795983682,0.00485999965646626,0.0184541407060419,0.0273696809532874,0.00489742966161322,0.00815368429604733,0.00380214996395796,0.0286291311915147,0.0118983969016495,0.00919794145762007,0.00234647240503635,0.0163185608990143,0.00584761814962462,0.0136032900534731,0.0330062193572788,0.00450965515916493,0.0191691561181853,0.0103823035263486,0.0121890107850768,0.0738762164202432,0.0550186622454249,0.0420737715685325,0.0554172486954306,0.0351650554002171,0.00385873701903405,0.0213307848134336,0.023907492960079
36.5,0.0843448576068371,0.0518054469240814,0.0233205229020876,0.123936028951429,0.0406991831065178,0.0324938131930863,0.0455490095100501,0.000805846337539001,0.0188386803456703,0.0390266458744928,0.00474648979418795,0.0410292735518666,0.01570878489702,0.000961057615682416,0.0112816290229383,0.0240767216937335,0.0377548747859348,0.0154486393410366,0.00157703657538011,0.0148401994263798,0.0104330086353073,0.0273858757535836,0.0356309165235902,0.000621046491836095,0.00451157709697566,0.0199528218999198,0.021445323582557,0.00689197859523112,0.00481873129898922,0.00191874877519334,0.0055663902160527,0.000605329918521742,0.00808010340068157,0.0737935488317059,0.0206150697100705,0.00483612652520585,0.0388855835757876,0.00522418997870378,0.00267104555842265,0.0667668906258804,0.00743156530419004,0.0946662701586106,0.0524664812080292,0.0118817056053492,0.0487003210567418,0.027203945345184,0.0210205047080628,0.0580890598239555,0.00321877713644491,0.0175946890105896,0.0164195850866377,0.00263033219066049,0.0296104704435393,0.0672301228734395,0.0213823280031392,0.0176426440651196,0.00938186394358864,0.027461017504539,0.00712292783181914,0.0329516530407256,0.0110917449132709,0.0310623646924076,0.0144286031533988,0.0453135901212374,0.00585530872027927
36.75,0.0872009126442821,0.053838265042589,0.0320031531143342,0.00597408531183932,0.0133454380585433,0.00592772757946845,0.0159224021959802,0.0655454195821716,0.037893676328407,0.0843934396806401,0.0370598411605682,0.0100907681598293,0.00227318232561354,0.00798143506838541,0.0263310151187826,0.0259230870135746,0.0148892911366451,0.010700708757893,0.0200495417738406,0.0126860031833786,0.0305638515341829,0.00393551299750375,0.019980770392598,0.00674215929240064,0.0105986199297549,0.00267938991074536,0.0187699378183682,0.0184995087201629,0.0299003779297238,0.00499447908374876,0.0282082391521204,0.00953103507784802,0.0306546886071378,0.00368149975811335,0.0349019107534041,0.0102549468122605,0.00851431515606363,0.0476962764338519,0.0188304602658518,0.0174909224963647,0.0345648006650026,0.0153932994889289,0.00727380289390181,0.0236483653144437,0.0426267726792104,0.166532392448117,0.0337966060354526,0.0175801362197862,0.0112329717616145,0.0113036351473053,0.0247043282665317,0.0848556312379928,0.0543136188756882,0.0240149967394088,0.0172621568923604,0.005090294554101,0.000742577183825862,0.0172451796232761,0.0452370525763549,0.0830045852890273,0.207142040110759,0.0052891693257116,0.00259241317058255,0.0824947827884119,0.00916458732799268
37,0.0473584057056802,0.0641866417689598,0.00871746355498305,0.0179320543075418,0.0213942622691752,0.0471713333847894,0.016999398861584,0.0204737092068778,0.0385848945624787,0.0100655701351337,0.00813455359740981,0.0327475384818276,0.0236504088500857,0.0493211453342135,0.107360514876115,0.0156483736027025,0.00674764247703997,0.00649602150493486,0.00521903140401667,0.00232247926084462,0.000148171681441996,0.00106394347630924,0.0135699012590177,0.00328977640305145,0.00320175263152798,0.041264200899168,0.0411611308260353,0.0378195080703275,0.0391780700324211,0.0472166571220334,0.0354269150701218,0.0338077718782883,0.000163295764015073,0.0202466489005161,0.0130265251307314,0.00634264696281,0.00332947611766314,0.00308976725082111,0.0555031165547626,0.0347818797110439,0.00335974827485782,0.0198387627486082,0.0223707032350545,0.0140629876620251,0.00518210640772832,0.0347764605614112,0.00567909862631331,0.0141552234793011,0.0250183004482655,0.0569617063611929,0.036193308275791,0.0345864350131474,0.00059211332428908,0.0389598389346372,0.00243546663162195,0.0357508379010794,0.0594957101881486,0.0206078225159076,0.144040066825076,0.0281031607989834,0.15038617989557,0.00237490452212417,0.00268809254441097,0.00962419999661354,0.000898740554590393
37.25,0.051122442767274,0.00995301788714753,0.0260658566263825,0.0100430431319354,0.00560503680917449,0.0112672192818119,0.00779926126532384,0.0134653509233882,0.00283133841703846,0.00397854933429496,0.0316441277251407,0.00395187217897844,0.0149684958142778,0.00419280336291184,0.00164902677476077,0.00527172733388684,0.0110127559765127,0.00108949210596818,0.00775268361454678,0.017794598204143,0.000143995095346819,0.000320851869467908,0.0145018774084032,0.0251710845308848,0.00911946383185973,0.00259599760338024,0.000711045336266919,0.0108723468099931,0.0418402494826556,0.00109746232580158,0.000275269606487811,0.018385123740363,0.00281916195630827,0.00568559908542033,0.000742782718916981,0.00683418168091009,0.00563315861224819,0.0118512675358256,0.00460665099666332,0.0121719830528568,0.0017401234920841,0.00581735468110855,0.001183966328484,0.0127005476790079,0.0037896624492798,0.0274580878696896,0.0252041694902209,0.00639877889921843,0.00185646670850819,0.011195270944151,0.00203615276509148,0.00910624137493869,0.0101933400464796,0.00785525923068095,0.0611561009237843,0.00682128378658679,0.00735132300664883,0.0119900573598639,0.00507074675085022,0.00458297474771714,0.0029088387013109,0.0028785039169001,0.00910323543543589,0.0179839304237158,0.000901803263125002
37.5,0.0393166258415135,0.0687633431521913,0.045324159341143,0.0537007859439329,0.023495614582864,0.0852468367280643,0.0427863032118163,0.0111973654794347,0.0715604399622143,0.00462462349780595,0.0701599304172249,0.0473966675023716,0.0194802362880265,0.0612452624238026,0.063084575696202,0.0114414114638459,0.00142975007701337,0.00735378881716961,0.0122662189304944,0.00148023241754608,0.0100163376469388,0.0346598387017503,0.0169237999585185,0.0119269613326743,0.0654492942298236,0.093154733163611,0.041787160390433,0.0523228965829717,0.0256947106890849,0.0463454579181469,0.0281413569045018,0.0637612621027362,0.00458845438773175,0.0280768073649506,0.00452977249662237,0.0207420140676451,0.0387176806620919,0.00564728910583708,0.00938419968692928,0.0306281436359579,0.0380907656013128,0.0721615458965211,0.027311557157156,0.0565622457348315,0.0647356581416051,0.0261155021828524,0.0819145644473405,0.0597997738110211,0.0531567662388564,0.0962790284446553,0.0639684918970573,0.0176394629222744,0.101237259496082,0.0497956460309462,0.0267749405896119,0.065710173374169,0.00563812228866432,0.0358662020478595,0.0972703395817081,0.0287512004294014,0.0283023857884431,0.00520655832038358,0.00165264384332597,0.00770123454182969,0.0129953093384247
37.75,0.0276998512248989,0.0293356804107172,0.0631741973440704,0.0248548193412212,0.0479370845894162,0.0106945751082731,0.00765733378977562,0.0794535646939107,0.0333946979930318,0.0442938299872565,0.0130852318615573,0.0151506732828689,0.0128490467452389,0.0247423542611047,0.0831649428613189,0.0555471102061856,0.028540752505129,0.0400241209432097,0.0405210878349068,0.0204528992689304,0.0746942329678055,0.0163117506855026,0.0368311637991944,0.0322126562085367,0.0178605869700563,0.00342369522516277,0.0115137525920961,0.0491467415569449,0.0181156112583839,0.0317886067641614,0.0268766996348411,0.0418015831262642,0.043425357036152,0.0439554804620661,0.0514044900502514,0.0241369360202916,0.0112260903591553,0.0550889413415301,0.00384534032374583,0.0300051910692581,0.0884182622434034,0.00591498470456388,0.0203388648025135,0.0497882224658938,0.00592135851930301,0.0631111227729442,0.0217506417889569,0.00356129581578064,0.0148589611259466,0.0192033132127616,0.0283749225415351,0.118592558419054,0.00918378839845107,0.0131504077320047,0.00355378794392481,0.012042783758457,0.0464649188745475,0.0270622226527192,0.0688739841297683,0.0722815953387968,0.106240940856196,0.0268693340196969,0.0390278926563279,0.00963242790565032,0.0417092701097858
38,0.0316983165231405,0.0779455519182365,0.0158168418100742,0.0133134648445907,0.00459028826969717,0.0478979005395567,0.0162430601696797,0.0264777442230481,0.0490253261250477,0.0479140378651044,0.00576439753921585,0.0652198805634003,0.0292604912140727,0.0201374250357276,0.0263788405043285,0.00247098327701731,0.0143747889871361,0.0110394897859781,0.00634649395152607,0.0143307022745566,0.0239638279217718,0.0230885268342188,0.0028017718621282,0.0421132747700569,0.0018407122374157,0.04553763267947,0.00746519834038286,0.0156808259729371,0.0117079655897064,0.0294133773587311,0.0456013948143622,0.00378935381235813,0.0231860388767551,0.0094617596701934,0.00106732727885472,0.0497372097304651,0.00897458810889281,0.0214109292769068,0.0268474410106661,0.0325905518165838,0.00807398112431654,0.0305006695613806,0.00329626001982929,0.034106524763274,0.0253462968710602,0.0786017141194553,0.00593625002284305,0.0636428887013014,0.00127864916599002,0.0326308043483059,0.0223905510291975,0.014475038310661,0.00639429225556068,0.0622579986553705,0.00643345518150989,0.0747276795570515,0.0226763080710073,0.00344260274889538,0.0596471825685988,0.0357477857495964,0.0213916041405732,0.00561791139234569,0.0153746542043855,0.0272939721153564,0.0105295247430288
38.25,0.00447307298312159,0.00108604693475649,0.00108425100571154,0.000431950342486736,0.00254278141391356,0.0156700874153366,0.0109239351018221,0.00757452724917815,0.000721996453789796,0.00688010511439906,0.00773712416429879,0.00522001011331069,0.00549420441151863,0.0162033766685262,0.00635527022820096,0.00462322855363747,0.0010414641325428,0.0157613463192115,0.0157692401583042,0.00443731437748178,0.0233608864519126,0.0388130055729827,0.0084041199838324,0.00092453244430347,0.0109219637216103,0.00594230879315257,0.00500142166564299,0.0118261866999169,0.0110051090399054,0.0114551777033117,0.00219007131684631,0.0214657594032804,0.0228718369223914,0.00815809527685684,0.00737894849826917,0.0175809165385892,0.00901491026833196,0.00141573831086113,0.00319925499170439,0.0020159948484424,0.00213695374709603,0.0125391087429616,0.010778458570443,0.0101042431343794,0.00436014960842941,0.00292782552886229,0.0110361592170412,0.000907506026439208,0.0120182292769515,0.0145924122404911,0.00364228451695386,0.00712384956748662,0.0246123451984903,0.00511998130717247,0.00510508606859126,0.011662971118087,0.0110892691670811,0.0246815009762734,0.00398589397402807,0.00439559784776651,0.0208303946811694,0.0142388819990232,0.0035869970653864,0.00842932750975202,0.0424707617165507
38.5,0.0316913462506275,0.0502504076023256,0.003675196865081,0.0350257974609231,0.0208128857825248,0.0454243717903157,0.0500037319734752,0.00429573150127202,0.061135421791569,0.0149659443723981,0.0138242793532966,0.0503265652708792,0.0101354582251415,0.0439768548189123,0.0934782832524244,0.032686635513695,0.00578117025709504,0.0038012749224037,0.0237777563592819,0.0378719841810828,0.0017242370097422,0.00397277407654914,0.0190535120566098,0.0190739107022937,0.0144478873500204,0.0671479577991901,0.0348753142174687,0.0349934705288045,0.00558521743070265,0.0161775511545277,0.0488677391484429,0.0434812302322773,0.00147348410509851,0.0136888555824774,0.00892042344288383,0.0149861907365293,0.0320462244523482,0.017852609751845,0.00857143064836806,0.0294456454426854,0.00817044002072736,0.0309845727724143,0.0339492793887862,0.0230903714477887,0.0517467712025032,0.0310085132506067,0.00402368984821659,0.051955849467968,0.0346965925557057,0.0566987812562499,0.0714900263855781,0.0158256195549839,1.55780676030542e-05,0.0426391970233421,0.00660811586608913,0.0582715537210244,0.0447979014818951,0.00128154605951425,0.123112344333349,0.0141666964513023,0.177505428334825,0.000550715096558436,0.0206823802045829,0.0308755610174258,0.000623796717092543
38.75,0.0542010471214247,0.00679963351722161,0.00725687362259073,0.022913558329768,0.00409733356448854,4.85201859142637e-05,0.00281494922260668,0.0119622221295067,0.0470455791018191,0.0364248075305955,0.0238290949920459,0.00177177241344733,0.013850304100319,0.00362657628505898,0.0378282654592549,0.0109825643418406,0.020703779984372,0.00510499557390243,0.00672967532276734,0.00329201716440405,0.00365643882601411,0.00566106855354028,0.00294724652731091,0.00461194678606224,0.00809141572932135,0.00559997966476454,0.00132977198291269,0.0122957847759553,0.0337620847622251,0.00477194409983234,0.00283257531720697,0.00971688849088524,0.00369556306521334,0.0167410424718365,0.00201923178280303,0.00433080300753536,0.00237504209145702,0.00481317963276755,0.014416777811549,0.0137129226894404,0.00341137605178176,0.0172564472819613,6.4757452665956e-05,0.00349798447413589,0.018675839454978,0.0342771896707588,0.0168489244955706,0.0024554365782095,0.00279078772441491,0.000879953885411736,0.00446935458225375,0.015137784346866,0.0444817102418321,0.00603794029059093,0.0265097942327993,0.00121559781130035,0.00624094256461994,0.0545321976495307,0.0415530922349186,0.0212181262370087,0.0906780180948252,0.0271957331829587,0.00119877633284445,0.01655832197297,0.00339960634919274
39,0.10027581233962,0.0118995285186758,0.026673359986098,0.0363424262507027,0.0084936176834917,0.0117918373288188,0.0415713127495006,0.077350262644376,0.00625478829550171,0.0520167509840954,0.00484151832079349,0.00656730744857088,0.00641096049125807,0.0137112535999435,0.0182060651028858,0.0167909245498488,0.0326242780629695,0.00475171942630915,0.00454613264098856,0.0374179654175712,0.00049187871304869,0.00911692609390237,0.0204503261933316,0.0156750921872472,0.00549051124145951,0.0138253623399062,0.0202941158289465,0.00865272206429525,0.000433822826318086,0.0145542085890953,0.0277999207018066,0.0237442092828027,0.00598620061292041,0.0274015783964047,0.00728734735797943,0.0156474373177377,0.0456820682609836,0.0470557116165139,0.0581744672607643,0.00782679514134241,0.00946091549650974,0.0288160686093942,0.0249789694639462,0.0146731278232674,0.0560780071562749,0.14444608898702,0.0184590425507653,0.00699111091406679,0.0159623428191613,0.00996181500291144,0.0209984163632208,0.0375862450223831,0.0546910499901961,0.00705416678224823,0.00135963364732333,0.00595027061119397,0.00463061161486616,0.14025086687892,0.0172551347619954,0.0263652276368299,0.000450130064007384,0.0334731169893354,0.0122728013616856,0.078674285411222,0.00224288701521346
39.25,0.020407298142791,0.0161531416210402,0.0198480300867793,0.0270276871582521,0.00995615955881771,0.0428557331425385,0.0144308999640931,0.0274292343782928,0.0224096876509245,0.0185471153034512,0.0281499772730534,0.023702998200717,0.0654200073599712,0.0233264705370543,0.0452517304576303,0.0171200887194956,0.0199092670223716,0.0234673592941312,0.0190731404242644,0.00680527061499596,0.00563789561932513,0.0240514433824076,9.17002368783388e-06,0.0271339544313622,0.0250995307172725,0.0377577839053581,0.0379655377907808,0.0453706901963261,0.0497784637283139,0.00207285993836341,0.044663622485989,0.0116279153028108,0.0166341102810379,0.0162147459629488,0.000418208439780421,0.0227436974736081,0.00598120648216482,0.0134297013428906,0.0447991565796593,0.0210747902812092,0.0120887334615811,0.0288529767483346,0.0131801536782687,0.0334280358203043,0.0359332504486573,0.0550574806563461,0.0278290773229801,0.0493178942061018,0.0240669986289332,0.0304434660076899,0.0331119136206342,0.0403960542652606,0.0173700894507656,0.0184848781354441,0.0210248254796617,0.01877788122404,0.0433996137892792,0.0102970259391282,0.0521162068356927,0.0103746696173697,0.0859921632850693,0.000410046859937186,0.000602925625624632,0.0306118792588946,0.0110373546902816
39.5,0.0289476380955679,0.029717155796024,0.0203137625384939,0.0403063805993776,0.0192477425165579,0.00187881715955729,0.00776654264847123,0.0428814262093407,0.0481452528622763,0.0436321588938143,0.0205790112901304,0.0160785076419705,0.0276090603172785,0.000838792125511792,0.032349784877356,0.0794991928308694,0.0326994197911738,0.0237353243366972,0.0152003701676314,0.0230858255463103,0.0189237497107448,0.0263833450266738,0.00214926551235549,0.0262848201890906,0.027353242805898,0.00966515832648177,0.0094798809301191,0.0120642320600314,0.0372297210056746,0.0040257677003325,0.0230802582330742,0.00958782848783888,0.0223165713692943,0.0278326612666538,0.00682779347724295,0.0151846122526601,0.0102192250713581,0.0413429255076606,0.0321369811741985,0.0259824144615656,0.0336620687832037,0.0313914403932052,0.00418767708908192,0.0120972017724508,0.0369367925803053,0.0605463455448653,0.0211745185363368,0.0256191783662831,0.0192959841225626,0.00138012943485935,0.0233043955859442,0.0719341140580528,0.0141326944648761,0.0192452265255075,0.0312162902441996,0.00185569131936074,0.0179474290767112,0.0107881170274142,0.0380842656279074,0.0481283337485688,0.132589110745463,0.0267983067593945,0.00808559965941485,0.0540532316775837,0.0124438275116453
39.75,0.0647695694505592,0.0254502217593971,0.0056285550538191,0.0098906118020195,0.0122166073546491,0.00996773465872131,0.020634671769515,0.00739942060065428,0.0317520442686884,0.00567451985508166,0.0278505093878996,0.0413505480527986,0.00824607991417476,0.0225096072132457,0.0628087249848965,0.0102064049801524,0.00743058613417479,0.0101566164675049,0.0302847911118981,0.00867591108887279,0.0208346137835943,0.00643098822199227,0.0040725436182591,0.00987024814978878,0.00804831001133241,0.0170026118240527,0.0186124416066138,0.00546358109904029,0.0149424430768226,0.0319297093314477,0.0216410946735509,0.0222205083929873,0.0128333108907545,0.00710501095775677,0.0189523346105491,0.030788383857815,0.0107853694526817,0.009189647324009,0.0151733471675314,0.0171228473803119,0.0188559510742469,0.00966315718128764,0.00921695671222236,0.00926345498946403,0.0118372206601404,0.00372499277989691,0.00191289822926142,0.0276115780019361,0.00682877889780412,0.0138870263634164,0.0335965447596258,0.00550408748052774,0.0170152105425817,0.0284585306009716,0.0151177476896585,0.0219645251785213,0.0205152703077347,0.00562386221817533,0.0741489390926356,0.00739182055062204,0.124688488486457,0.00961043570929468,0.0146339780409015,0.00153808896383323,0.00484859804012518
40,0.0530033303703562,0.00720626873397954,0.0118249710506219,8.55487021373356e-05,0.00964655900248851,0.0137584970786812,0.00151561269445761,0.0270723237650466,0.0201348171524206,4.49682362279215e-05,0.0214254130853804,0.0149807442722179,0.0133263852411665,0.0116611886024598,0.0338805766287698,0.0273108029152911,0.0161684668899361,0.0154583640648068,0.0350809864708112,0.00544330437575672,0.0169991036803813,0.00240300447321062,0.0265207398049631,0.0262918912218052,0.0056628352250493,0.0232987048605237,0.00414685530122237,0.0308328494096294,0.0230004191148449,0.0427268266870833,0.0228876047263451,0.019092649256919,0.0135134335814826,0.00868776328062463,0.0415333894949244,0.00848693271501428,0.00452147688917566,0.0260512224837574,0.0279540514743403,0.0108816845644552,0.0123222161474023,0.0115093079463789,0.00444018760551435,0.0241947946349296,0.00137489852829153,0.0278500357107253,0.0180096748002624,0.0114247686290417,0.00236756793243836,0.0180618930042839,0.00574505852429155,0.0453743743413135,0.0566753679363195,0.00969908326826788,0.00195177541178258,0.0103198536002643,0.0401160377623814,0.0196900018607527,0.0448578632199098,0.0106670027297798,0.104292995239374,0.00789455147633378,0.0204626513374578,0.00542064562382583,0.0122214031167873
40.25,0.011703305449044,0.0536099104555638,0.0138270656106604,0.00835735105222882,0.028883767466148,0.000199277622211927,0.00784253978590895,0.0143249469725423,0.0203640067545518,0.00342078040228295,0.0053708594074953,0.0290364684328685,0.024018842283399,0.00517110762996826,0.0196302001799611,0.0120812534724154,0.00807116394663016,0.00571140105897477,5.77467819409801e-05,0.00553392183333707,0.00728564496498306,0.00169694655114539,0.00780945468495951,0.0065136711897462,0.00933387437679417,0.00198813591732224,0.0118043139060252,0.00306819840027075,0.00639163746547543,0.00909148901321447,0.0175381433917084,0.0269253943304895,0.0035707749068858,0.00999772273554709,0.0126546180311989,0.000605019991297618,0.00395845323107428,0.0135901502560441,0.014016235049519,0.0270856126417664,0.0249633929142732,0.00406213154067255,0.0141699173757574,0.00267077437717082,0.00783073727279605,0.0175599807861562,0.0161136439366586,0.0228294204999364,0.0121077687142987,0.00305021712772294,0.0152803540027132,0.00715375408654254,0.0107106376833002,0.0274242089462951,0.00545925249895588,0.00367205703503268,0.00461635468319742,0.0293454105968933,0.0399507826886725,0.0115395378688474,0.0278563499652264,0.00330459540692989,0.0027275593509795,0.0135446084673572,0.00208579125540907
40.5,0.0166563374225779,0.029272978878194,0.000431313979591868,0.0195174885290927,0.0107273412153175,0.0314691128147799,0.00547869517365314,0.0344113148199759,0.00676149804982795,0.00719163967546899,0.0500406406086988,0.0197127594943911,0.00641615999581163,0.00919524709093297,0.00808575822170598,0.0123265121408645,0.0162961032534151,0.00163154335225888,0.0154046785848957,0.0169961291350656,0.0121507521097302,0.00454818748410032,0.0182482902556573,0.0234841346792479,0.00192366088778345,0.00765328148809811,0.00553236672299144,0.0178548722308944,0.0115923887699523,0.0133111105165609,0.0275264038850658,0.00755202291171336,0.00393300722344025,0.00861180893023218,0.0122598656429429,0.021166530886224,0.0127229015924769,0.0112602019554193,0.0142008729924319,0.0338449931649357,0.00313800238475827,0.0277584562795569,0.012229194002724,0.0256710594784705,0.00503461746078625,0.0277414955138858,0.0101182151538656,0.0394850815272589,0.000250281225804617,0.0162206849691339,0.0033509151186871,0.0270985938358013,0.0371893022115431,0.0404233333479715,0.00951234345066741,0.00547630029884633,0.0142452747726438,0.00467944944308935,0.0116836641502706,0.0168394214540491,0.0584857218501405,0.00244947091957788,0.017284326867537,0.0176270718535053,0.00453122979044581
40.75,0.0109179173757504,0.00630924515148318,0.0057768211592707,0.0321068584242134,0.000272958318167187,0.0308347780644134,0.0228971664347853,0.015868578342591,0.132832831404775,0.0104512872865656,0.00873845485181305,0.0172794217824979,0.0117584836191906,0.0185489757823806,0.0869948698514382,0.0165555368150136,0.0192931410396646,0.0221536960899937,0.00470877570915697,0.00792480317626944,0.0118701014226967,0.0118345086028088,0.00133953403224333,0.0245995821200005,7.09756705648905e-05,0.00679591477807512,0.0116006779705547,0.0171941688293847,0.00403568041941162,0.0413830792635512,0.0291394867370453,0.025364728655056,0.020521997321421,0.0257128006022131,0.0016803519121536,0.0120131337956376,0.0145117379420009,0.012212967018761,0.0433475750618101,0.0132000822138228,0.00125148750565705,0.0180313898829997,0.00473024304617151,0.0164506906706325,0.0787439368423472,0.00456070250169491,0.00262349906680036,0.0210193799351146,0.00271125033045455,0.0186097492623729,0.0556175833755569,0.0259996375443902,0.0150371810274116,0.0100272107039157,0.0167652749145568,0.0278297629456866,0.0234721878254947,7.35396411292355e-05,0.218155798725266,0.00130316714889406,0.205130108002311,0.00385437111154644,0.00675865745016512,0.0189803891714291,0.00715976424758271
41,0.0122355823372851,0.016598763218914,0.0215418963080156,0.00864022754309336,0.00374873238486779,0.00682891752165188,0.00584082613791845,0.00826788601296941,0.0240261920793645,0.00990241049863192,0.05096958103191,0.00815728045566641,0.0584575273063149,0.000735998591862305,0.00375614391422131,0.00204343898350059,0.00290659608056681,0.00272912765771785,0.00492958184095318,0.00923557023087254,0.00628305513956836,0.000316509912101253,0.00447525960021229,0.00300196883958519,0.0196162315741435,0.00236758368676287,0.00198642288737837,7.70199881697789e-07,0.0336915421822113,0.0144280265171039,0.00315498937721466,0.021198347256568,0.00233080530071537,0.0099356025230132,0.008861598137749,0.00716242021169617,0.0038685571507692,0.00579994645828584,0.00486390700149145,0.0171622277901402,0.0104233446687791,0.00952245283657993,0.00575038210762515,0.00666570408816645,0.0175230360195789,0.00170369191351007,0.0384736965356804,0.0289762161295459,0.00160660580083363,0.000416205088910215,0.00455539549844534,0.00176322370118877,0.0268609643522045,0.0130633989221018,0.0139614862993514,0.00166540197995192,0.00519081782289233,0.00686286901891565,0.0219553894285809,0.00103025951589942,0.000165348129899775,0.00274420192698895,0.000825797355866017,0.00698370601254421,0.00859040058327635
41.25,0.0326751456514412,0.0127721795543971,0.0124325958590208,0.0010404199574238,0.0125269953384295,0.00324147848608678,0.00855858411733148,0.0144283959973547,0.00937808552713818,0.0472832265919542,0.0138355909273091,0.0168345509546213,0.0083149176452397,0.0175971123287623,0.0215114748261769,0.0393383753824555,0.0199844043803901,0.0244564537146748,0.0396495698147886,0.00335128479058893,0.0342493668784335,0.00807210107229988,0.0103890445967503,0.00650780046316127,0.00780194836530129,0.00444059762442812,0.00931414537635174,0.00502748579647719,0.00309003340962426,0.0541150037082195,0.0184326358527562,0.021646835168236,0.0230205633822724,0.0153926242146937,0.0247788842298473,0.0163403477649391,0.0101774868030331,0.00584869984995336,0.0152273861039226,0.0062798301565855,0.0282550480966328,0.00177698878725935,0.00619462707737675,0.00160396326977295,0.0264896225986184,0.0651733668269353,0.00671852844133546,7.37816628274357e-05,0.00680579390167144,0.00176752218749148,0.0147036406352985,0.0210957265184037,0.0146841989630395,0.0116835073292293,0.00778349080955355,0.00684196182641257,0.00218916770589092,0.0673190473510096,0.0124369553184093,0.0327989490830023,0.0298667483099715,0.0357785836750048,0.00692047854958132,0.033262015984938,0.0304776580105626
41.5,0.0429794211370533,0.0120756042633904,0.028613311623177,0.00813827269213443,0.0142289020397516,0.00279549942613047,0.0109753266693225,0.0066686244108019,0.0368404156527713,0.00448115336993753,0.0241401506909477,0.00658266741355079,0.0244789869994134,0.00476032468179534,0.0626072606848224,0.00130616869594366,0.00672391498740856,0.00185786794984761,0.0148981906427236,0.00194320839151501,0.0020395100983805,0.00350430264831534,0.002927543620089,0.0103235485294057,0.00621614884537088,0.0101726200444824,0.0159715990411208,0.00596409978070943,0.00518388183936102,0.00205301693797902,0.0526871922236431,0.00684809739554256,0.00306286364646018,0.00179227659555486,0.00249699384553587,0.00571532886524305,0.00127470999863862,0.0116553954846538,0.0109978718375134,0.0031683239832179,0.0035957594651865,0.00298743983725425,0.0129579626449467,0.0085804038271137,0.0167274022052619,0.00195146629313943,0.0301778580148679,0.014127915127135,0.00553274735603628,0.00507211914712102,0.022658734584675,0.00767521408146294,0.0378181707742751,0.00792561653136959,0.016777276692678,0.00742776388535239,0.0177322302712045,0.00884800939279718,0.059179859302055,0.00106896884500833,0.104938532161779,0.00160031456881771,0.00482225388848066,0.000387510677046418,0.00448101625212471
41.75,0.00677474955989619,0.00280338606324473,0.00288172430197529,0.0183427039673172,0.00477409739008696,0.0207423887865015,0.00374602595538436,0.0036262251520819,0.0140879138633675,0.0155483208126547,0.0326317336890602,0.00763789536574806,0.00303883344853252,0.00260770706350172,0.000581238530108828,0.00915156571171868,0.00201594074335416,0.00861437976574929,0.0152725086905463,0.0044870175190806,0.00541849958192051,0.0155252020210256,0.00132857198501202,0.00109663324561385,0.00176552577582008,0.00274469905449266,0.000848203421964398,0.00476157763385389,0.00940033331846609,0.00769713792395673,0.00923331832543677,0.00411040209474903,0.00359769987712834,0.015696197434026,0.00434488981970856,0.016541822474725,0.00625156547948923,0.000186076315284936,0.0234831821652668,0.00343734517848155,5.62513316461105e-05,0.0230875652349827,0.00371366003112699,0.00649233254353668,0.0231660072345685,0.00635434519629218,0.00882101220311237,0.00631339347288237,0.00698028663892106,0.00669604111822926,0.000370875846257383,0.0178495602128027,0.0288149900234457,0.00162043096833285,0.0203001583493975,0.00471440386942394,0.00257037124669068,0.0203392953938584,0.0180271065427432,0.0185224863202852,0.0205538085409407,0.000389906250589669,0.00333760612525151,0.0051515899737102,0.0215949665490515
42,0.0130056484518542,0.00413228529828377,0.00371217601529871,0.00325123943114123,0.0241893205336577,0.0169504916550681,0.0254136645957093,0.00855304295794051,0.0375776329758761,0.00982028788351219,0.00158894201268995,0.0173910074457022,0.0114623353290695,0.0177943766532539,0.0109600477996154,0.00231972695524614,0.00568328607968125,0.00403383361815366,0.0329117567805298,0.0123139266303582,0.000160309776511737,0.0232503442506978,0.00997001968645044,0.0102478903881626,0.00182451017962758,0.0101101929709866,0.0246826769791703,0.00805781524525345,0.00106411450633764,0.00465891092638022,0.0137015828946604,0.0194784906741203,0.000770953126643847,0.0137559064912418,0.00520212639290743,0.01641066671092,0.00967598257382031,0.00922673506526596,0.00350510456544139,0.000286946124942308,0.00570645587288634,0.0113815207842639,0.0197501949703848,0.0113268205313139,0.0355756567882509,0.00133982204151236,0.00113708200996268,0.00549266383368425,0.00952047433355996,0.0165730520902857,0.0209966418625708,0.00111617036038672,0.00944031801278091,0.00197124219357369,0.000106793510927722,0.0284790722217289,0.0028466184026838,0.0516142232996793,0.0139633505589817,0.0046527735314965,0.00233524339374217,0.00280867050159562,0.0108655971382417,0.00941993018071599,0.0174298639882231
42.25,0.00587484934129626,0.00908730871389465,0.00322501400363375,0.0078800249610767,0.00424965288779176,0.00342613017697767,0.00193842172213014,0.00849539830821032,0.0224173089827306,0.0374188856569951,0.00743501754556843,0.00548637724744053,0.0107708756776107,0.0170283262958261,0.000636397286983405,0.00899578942095189,0.00385413576830158,0.00569370330243614,0.00176751492023978,0.00313023380839997,0.0169156947725163,0.0147175848692242,0.00425902196697764,0.00168811359532997,0.00142923398201709,0.0253213043646902,0.00415448016857859,0.00252474472219966,0.00243790612524728,0.00915629535362128,0.0121200986212569,0.0122235281193462,0.0065194071460633,0.00322038674718593,0.00371832742379841,0.00813552402491559,0.00286129624699107,0.00565555056373221,0.000434896841574569,0.000970764596955424,0.00231833664163915,0.0199638308790128,0.00513190776572999,0.000778262839000538,0.00291785063027341,0.0435568725468305,0.00179951260159585,0.00727827917193835,0.0117007605695869,0.0165187238524601,0.00478189085838295,0.02187294713081,0.00673968225054511,0.00605378789479717,0.00807097044691227,0.0165553069169648,0.00668019966486753,0.00215851949398734,0.00935776957437115,0.0265990686638959,0.0178725449381371,0.00630863087584686,0.00469152783815086,0.0158287942290727,0.0113478297255325
42.5,0.0911816967349867,0.00667819151459456,0.0123942533431947,0.000913758831912244,0.00583161387202703,0.00356429262234488,0.00383645250416493,0.0189142586890643,0.00351826022552924,0.00732901657372314,0.0775013282985047,0.00728720366001483,0.0120631735882645,0.00943146637291254,0.00715026964207864,0.00199426170226722,0.0290152558457735,0.00141769574727193,0.036488334970912,0.0611736571146609,0.000178180591577962,0.00344877049061468,0.0311693924467901,0.040059480753466,0.0102292488209299,0.00548645220997772,0.00199481972072315,0.000311685246893705,0.0464924496597631,0.00372219380701715,0.00336247599234735,0.00177316784190428,0.00355523341705159,0.0035970315676252,0.0184866707046851,0.0230778841890253,0.0201486669909378,0.0293993254495751,0.0384401367140082,0.00772941938626457,0.000832406327725503,0.00215184636086193,0.00881632952972053,0.0163145861484906,0.00191318475658526,0.0122230906585753,0.0361531219469096,0.0106585720559608,0.000350368277884981,0.00139186638432315,0.000280499945018641,0.012698914315875,0.15081456245726,0.00129745091900819,0.0697159122135056,0.00274413684179523,0.0129859121951028,0.0065130960492828,0.000250463912096133,0.0173680512213776,0.00161322374613846,0.00480687251457402,0.0641192317301416,0.0272120315072892,0.00201817297343466
42.75,0.00150758338991904,0.0166503443351649,0.0013445014694478,0.0350832684585384,0.0211852378427128,0.0176431840163955,0.0241550959192504,0.00421150835332141,0.00925905878927329,0.000701347444385817,0.0385204802307358,0.00586540088492761,0.00811816919066216,0.00575411363331451,0.0269871094431011,0.0375091973936793,0.000738325744232146,0.0192505459106707,0.00332044140786942,0.00505452014661114,0.00683586760053545,0.0382497872693686,0.014625140368657,0.00655632565733287,0.00291858886139931,0.0161717233693884,0.0195524208380862,0.0160702052772487,0.0317534104448417,0.0278641303680406,0.0258544381087918,0.00643912782480996,0.00796548373828865,0.0286965079817914,0.00811887565168446,0.020390103037771,0.0198187403008398,0.00134497137186519,0.00532585382434196,0.00240158688548091,0.000282029598521405,0.0555326397325487,0.0216903488640559,0.00864667515306972,0.0209425846200655,0.00416871622917394,0.0107598711191916,0.00420137062133652,0.00564834622928951,0.0254170038384936,0.0222813962222043,0.0204119846985429,0.0242925634382346,0.017488451653107,0.0363558455638853,0.00427947921476796,0.0137383109676581,0.0417410247116276,0.0132006102595483,0.0257414711802079,0.0089321948236258,0.0222235718056185,0.00140773901078904,0.0120329010771248,0.0278973094047814
43,0.0479520173628205,0.0148934022911901,0.0386118173306213,0.0222016368449971,0.014786521214121,0.0183142705621317,0.000434950659708804,0.0580089299659443,0.000521048421642438,0.0360624077710597,0.0578055582761337,0.0258115161010797,0.0345659118264279,0.00925307117998227,0.00210608152427512,0.0376393839809047,0.014833028924461,0.0192426845703445,0.00644697819194169,0.0126569048686461,0.0224731092258449,0.00155380052996427,0.000362645599354153,0.0408814063093637,0.0331608374418363,0.0076159865060838,0.00714539344334577,0.0263792658593309,0.038890264387918,0.0161458634482454,0.00052442392752249,0.0085422168269498,0.0263111666531664,0.0121778545188948,0.00261274750942063,0.0216617412293521,0.00363205260170216,0.0548102508484714,0.0988367496342433,0.0133245535130285,0.025005327364187,0.0184683141730966,0.004388529368022,0.0471747000994735,0.00199854118146365,0.0816628088988366,0.0460257923095734,0.0300085760152907,0.0223555404823441,0.00896655741773566,0.00254867904650361,0.0465919397385435,0.0512379224306534,0.0195641673216404,0.0890902156288988,0.0138262082767358,0.00923872908328823,0.013032347823318,0.00543312374523829,0.0335043760629328,0.00978140015173261,0.0147046578561097,0.0133604443168969,0.0303657428113638,0.00352339369632462
43.25,0.00700440704902038,0.0095567736413135,0.00316275250430804,0.0110539523428346,0.0128091579543833,0.0033470911161446,0.00698114010255138,0.00114852453782177,0.0358755549209383,0.00522813459239849,0.0175646346203783,0.0187332371174334,0.00437961276476768,0.00170066194956787,0.0294850086204417,0.0095848199587424,0.00453840583232978,0.0100730830915508,0.0116089120754102,0.000172984850710055,0.000633036240925463,0.0150148081873142,0.00198118657770782,0.00632138748935393,0.0219892306291384,0.00787443516757765,0.0055990049043876,0.000407622724919274,0.0072176986283664,0.00151813271767574,0.00551142257099407,0.00485338462933124,0.00449975136474414,0.0166003506759894,0.000685920935976004,0.0122398114139988,0.0048386487883081,0.00408669940409314,0.00667859493638329,0.00986227800061499,0.00885448923985533,0.00556763207062712,0.00210265528950253,0.00215464439014545,0.00557618986567356,0.00452779342633085,0.00963517009547169,0.0156292240082158,0.0185356698165239,0.0036575367216795,0.0109440207149396,0.00430461178945478,0.0133741459137757,0.00818190219544324,0.0218735208144357,0.013668164335235,0.00469982934660338,0.0168841143902371,0.0496401525822835,0.00268796839388428,0.0502281980697357,0.00348055845518731,0.00305881663647054,0.00630799012772023,0.0143677076618228
43.5,0.00137961420548873,0.0124799321871143,0.0161617518040605,0.0241481847485022,0.00778372143770902,0.00434049975079692,0.0109542410814266,0.0019247308358804,0.0282603549206417,0.018653593554728,0.00791047240483996,0.00798088703911621,0.00784640017961202,0.0022151427646544,0.0437235789591759,0.0112434883128611,0.0212023815309055,0.0264655016601362,0.00771217532045953,0.00190419533737274,0.0127240434763124,0.0241019491856489,0.00216348751353301,0.00256381586164569,0.0132334118520206,0.00759279297658976,0.00273729005228701,0.0022890719078874,0.00380478092684364,0.0083286415126725,0.00380552677709539,0.0233430225412643,0.0210519610734626,0.0230057799568231,0.00467682088248932,0.00753596580346151,0.00424838885373914,0.00322207116973333,0.00983436859376531,0.0126454891681761,0.0111368032225774,0.0208338469745528,0.00529666667662372,0.00307094205348519,0.0323949763080762,0.0155409907117833,0.0117386894633763,0.0107855916768131,0.00802675145848068,0.000569743637611716,0.0138576414409997,0.00118229493126249,0.00123058853859709,0.00977405490943294,0.00374339782959345,0.00165565896387558,0.028730954990978,0.0329516066357021,0.0699685165423094,0.00334661384380302,0.180140364192979,0.0227974132446192,0.00446906027852962,0.0132478470810367,0.0258750514717309
43.75,0.0322585394119839,0.0518280088389497,0.00329702356406687,0.000211390835598498,0.00845845551742898,0.00758499576889838,0.00376783222021153,2.77782038323308e-05,0.0333072822705385,0.0116877118542406,0.00121354452758521,0.0239751643358623,0.00371766681300639,0.0169875599439227,0.0269638676039035,0.00589707087858731,0.0133462257562644,0.00389760246712648,0.00210435739747403,0.000365567834915366,0.0113896392871877,0.00321839626352916,0.00384162840864345,6.01366957246066e-05,0.000433315210516374,0.0014152996958873,0.011175975037389,0.00844846436379447,0.00172240885401303,0.0060181861555009,0.0417022619733904,0.0468377698450461,0.00211388938140648,0.00257697091190138,0.00779127579123616,0.00237141405002499,0.000318512331278757,0.000589481158974216,0.0100602972159595,0.0199863540075382,0.00748815416080816,0.00505967770398809,0.00317131862116708,0.00300322948028181,0.0128751039808739,0.00805082482257542,0.00243113814249826,0.0221420811146855,0.0019708402015889,0.0181257683994153,0.010061547500724,0.000286322948849092,0.00745131949123782,0.0277059989492684,0.00140403202247057,0.0174573450590146,0.0159504869837352,0.00147963162907253,0.0471770732379528,8.17723440397476e-05,0.0388435578866376,0.00200295709818939,0.000896888672154755,0.0106111939384219,0.00253779611701317
44,0.0389064577355876,0.0139033977442072,0.00345694559620679,0.00858412447334051,0.00638852418095907,0.0182466216415916,0.00916355735774865,0.024479251499437,0.059090531184057,0.0194666028018587,0.048684272876434,0.0115515476444349,0.0413170383534178,0.0354618582654273,0.0472811383195018,0.0380471471380132,0.00199587932344565,0.0163809469796009,0.033049214039059,0.00378225017908554,0.0245098997714587,0.0245739908109302,0.00665800055442415,0.0193321087164633,0.00442892505588685,0.0152991396349776,0.0225171749350046,0.0395779337123131,0.016244085098152,0.0197114189720926,0.025818425545749,0.0732906413366064,0.01415787064327,0.00227744936996104,0.0222597780406164,0.0270920225507044,0.00543887865802997,0.00832853334467753,0.0110768674046773,0.000217227968821457,0.00497071910756478,0.0349434446249761,0.00304911984088803,0.0330222130657523,0.0306386127372377,0.0038379944764983,0.012795234117899,0.00474434348950415,0.00402320873002336,0.0385407880905205,0.0262398387264858,0.0310478623393404,0.0392078052132069,0.00305228018432558,0.0159980833136511,0.0306815175397938,0.0154092812599092,0.0233785037150934,0.0794904086757898,0.0210794198688607,0.0874057045223116,0.00779476205022316,0.0215507963640824,0.0105078570903487,0.037118083421469
44.25,0.0350681768082299,0.0138819303420537,0.00876500493480987,0.000446310847215183,0.00249779236497855,0.000524396807527258,0.00681818695557994,0.00982756974739233,0.00860973947655691,0.00292201469589241,0.0290527814687932,0.0172594511133975,0.000693613320863665,0.0014396791904764,0.0144098038496534,0.000168077402405275,0.00190419680001708,0.00274522294499153,0.00446736056466317,1.21954762492561e-05,0.00660947607638839,0.00319012832703453,0.00157782935606916,0.00142871540054001,0.00762367387182585,0.00237745580135078,0.00741881987226632,9.807017652193e-05,0.00458295397096453,0.00159134655207855,0.00678868465202591,0.00112914966567645,0.00287585229822288,0.000468473470392534,0.00343154716067444,0.00261948775316903,0.00271260046514046,0.00197519414524533,0.00184958176416905,0.00458275078082524,0.00331311793335144,4.03509086525699e-05,0.00273361039087889,0.00218189423422996,0.0184476113981434,0.0115466530731783,0.0167824455289559,0.0104065913799803,0.00214639111469155,0.000673125974136122,0.00948833228893981,0.00601641274650488,0.0223640224280443,0.0102053480777875,0.00613873202889199,0.00546702894837555,0.00512532809781376,0.0383851800278889,0.0169809098982843,0.00410642106104174,0.0673370589259967,0.00209739833420887,0.000192355043367372,0.00559378428338217,0.00453821060270433
44.5,0.0534829411968939,0.0162097154369901,0.00321746160566827,0.000141944282141214,0.00219993737078852,0.000875934891089299,0.00862796352722105,0.00403372855814383,0.0109550152396457,0.00209473332199813,0.00808486406213572,0.0142266406915076,0.000296123779239225,0.00183614947765748,0.00709099247761871,5.43105183273572e-05,0.0175107536149937,0.0059685210500293,0.000660260100990262,0.00191394625842366,0.00511443402466113,0.00804558359667202,0.000908936131978743,0.00126566129043431,0.00749598155963928,0.000772252667441083,0.00188984478976349,0.000546225977492545,0.00355641100180963,0.00646479269317744,0.00877782631331612,0.00589606709324248,0.00615702417286689,0.00162134940832257,0.00138453219980176,0.000209967600187961,0.00247218774221948,0.00215496078001354,0.017325839370384,0.0119110314733602,0.00135971038293243,0.00367115949686126,0.0070047080039172,0.00139263828743328,0.0226470459062354,0.0039215574580611,0.00583061001770014,0.0109768972358024,0.00649713601583538,0.00107028074254064,0.00649925092381069,0.000621491721611913,0.0313905509961532,0.0136537983100327,0.00119252838980716,0.00157068469748383,0.00558821658222391,0.0106043746184506,0.00407114023714365,0.00241644893280959,0.0115186567806221,0.00423110161423412,0.00100487416365472,0.0187861584920832,0.00794513758252512
44.75,0.0280770320709995,0.0237529569222323,0.0103298166537143,0.00234656044022208,0.00516559629439025,0.0131134410628399,0.000562036570763524,0.0154515568877028,0.000860486165431682,0.00704060880306658,0.0133210550928811,0.00301661449679748,0.0074323749458175,0.00208259208155945,0.000453139360079326,0.0306704240130161,0.00158432450932417,0.00119898925558173,0.0115411762930586,0.00667405956824906,0.00656220359710636,0.000366510669573911,0.00208523787990334,0.00403013628220652,0.00857660634811951,0.00120867029497673,0.00337413010776217,0.0130278080576313,0.00414035712085023,0.000942340633330772,0.0069367655433223,0.00818008733601148,0.0020088983478757,0.00103811866288613,0.00791094394623983,0.000823775347611875,0.000277235135294987,0.00631539711163819,0.00650582350242483,0.00487332940469249,0.00541826032692314,0.00571878351371068,0.00551654003841437,0.00911059563591307,0.000574461826910295,0.0180362578666314,0.00892526117621917,0.00164889073338003,0.00643871701148699,0.00391171050925867,0.00400862871123741,0.0285113980728005,8.094489106615e-05,0.0103170037262018,0.00845438125607775,0.000307817941486155,0.0014522578544214,0.00350151856488192,0.00241917649740009,0.0207104265261109,0.0283204404181588,0.0012661601034049,0.000831618963300258,0.00917898281108039,0.00367850487128607
45,0.0282964539594943,0.00564330020811884,0.00789790912619571,0.0025820393483175,0.00117475721656452,0.00509525787320742,0.00718564847124845,0.0103084238250758,0.00608300668518124,0.00527293836845504,0.0229905652246623,0.00504915045147175,0.00775243831865299,0.00609307769670646,0.019072804687873,0.005986324121517,0.00190015537837803,0.0126592526271548,0.020826604412007,0.00991042605869505,0.00132475140765206,0.00135117362577564,0.0178066019749563,0.0162937459790054,0.00360001970621787,0.00988877930854976,0.00652341712374404,0.0110427836821516,0.0116357832513653,0.00218892092001613,0.00493530841555211,0.0334287276299049,0.00351052625734216,0.00150507274335366,0.0108072353215576,0.0067082764314847,0.00909557361859296,0.00457653835108457,0.0105126969503294,1.54561786482766e-05,0.00068623187990286,0.00930147045122257,0.00827574781504572,0.00645614128424625,0.00150910801204956,0.000555505952108937,0.0150119086744072,0.00544169821548601,0.00233009568083695,0.0160000465076629,0.00547641385327493,0.00218639218722551,0.0460789154350837,0.00462919021698124,0.0198694799800886,0.00993666890514467,0.0156167163573897,0.0234679679053518,0.021266394350654,0.0063400055180891,0.130246552337271,0.00161759215405774,0.0159920283013543,0.00221893375267568,0.0010830222212005
45.25,0.0440033131624642,0.00118119164634424,0.0225586833910504,0.00632486301778354,0.00443344335657673,0.0151938557724759,0.00180659830301389,0.00649609757694034,0.0052497387427352,0.00107101354851818,0.0129220405378358,0.0243569566734961,0.00310693063904348,0.0184983274015805,0.0221704489068955,0.00116147335724892,0.00447003416035198,0.00473994599041318,0.0100433199086667,0.00433839366540257,0.00262858184596937,0.00279048275270855,0.00438209207814556,0.00774676629443193,0.00447822493869541,0.0201591943324424,0.00132630789485437,0.0100861020585644,0.00902001871235204,0.0125164013503134,0.0135321863316995,0.00765947567569308,0.01186985208674,0.0102300959138085,0.00595773210499453,0.00833658298030158,6.17256540467267e-05,0.00459985103652715,0.032472713276716,0.00575332692288506,0.00991219681224355,0.00959659738573438,0.000451892991841084,0.00777951200870661,0.000977269169329355,0.0216810137834896,0.0252761905563371,0.0128431479841357,0.00380768584855071,0.0210099045200634,0.00866709834992455,0.00216962789485278,0.042238754498457,0.00468089081506625,0.0120877477220891,0.028817386931836,0.00146111951273033,0.0377484968582277,0.0190325592344616,0.00182667255352372,0.0804221927076505,0.0022488270221565,0.00337028388084942,0.00434240630867749,0.000697672531230449
45.5,0.000570309847492365,0.031005482525812,0.0020772731375414,0.00763367366950743,0.00656037458205899,0.000904912030261097,0.010332058425383,0.000104540042382491,0.0257608706548422,0.0125027076446009,0.0108689042835523,0.00984994793794841,0.00103235643189116,0.00140468164434905,0.0279531416843831,0.00375936097538822,0.00948822625048938,0.00584490710727387,0.00194533128556547,0.00222930503722149,0.00195525037439652,0.00843283861050457,0.00208343959793938,0.00304508501897735,0.00373932673117592,0.00432640948430034,0.0121834003076059,0.00117350089269453,0.0157332322847724,0.0260788946415924,0.0240783880637731,0.000789795756732487,0.00480711789942618,0.00842189995767641,0.00262082647418266,0.00237085756376409,0.00160864195195237,0.00241164231085612,0.00222432792840094,0.013850688510483,0.00344282895455354,0.00366522131118591,0.00419285611082274,0.000757651391663272,0.0223907736719734,0.0150837789593122,0.00705198177344324,0.0100707911048884,0.00137018204976255,0.00664802433268706,0.0112435633361338,0.00235989129171705,0.0184758815019521,0.020923910779323,0.00132188463966809,0.0126468286148401,0.000846878198555511,0.0432688274337975,0.0354496607257462,0.0031880260243026,0.00483929624013115,0.00931669071436224,0.00166579703559138,0.00150463849079768,0.00793969697854059
45.75,0.0101436084017367,0.00790734407629632,0.0019840968928064,0.00214828265885597,0.00407261981183626,0.00131311554461096,0.00222284913271252,0.00358838432742158,0.00131545664246498,0.00103707644518777,0.000981282365886824,0.0102551227919045,0.0283945076492043,0.0160612280294105,0.0128461929392113,0.000736045508525898,0.00176076901711727,0.00111653823283997,0.000515879742751556,0.00346507791230996,0.000524788235474589,0.00106841288376375,0.00113586353377793,0.00331169549834148,0.00647105922735052,0.00196953076001123,0.00594464206651996,0.00212936845655853,0.0125759679524057,0.0162685737096389,0.0346757049400298,0.00579829019844475,0.000347573585955729,0.00543229902385265,0.00126922638866299,0.00194862442259585,0.00198070303707365,0.00541925950953459,0.00757956764905306,0.0119030565668891,0.00239198558881025,0.000334424867297677,0.00145843027232943,0.00063799238347371,0.00054283418187756,0.00129011506776376,0.00164465113749626,0.0189304060653377,0.00832279473078996,0.00319586220391976,0.00457809785179677,0.00128601435012635,0.0150974523682959,0.0129408905663882,0.00120329634892362,0.0120748743734499,0.0209618167218216,0.045286904248749,0.00136232092689119,0.000522270234420299,0.0368733929797349,0.00502104077208471,0.00141991351632659,0.00087124400036401,0.00154628233364712
46,0.0365271759107208,0.000761538487407416,0.0151896389966804,0.000641593681354691,0.000796643820161358,0.00286397238377603,0.0100068957803279,0.0018539567886745,0.0146275473441961,0.0253040937123879,0.0125816646681875,0.00165008006863917,0.00799458670992651,0.00500055823188687,0.00646963501566441,0.0204638431166948,0.00294706574211958,0.00375433595526066,0.00364611420995729,0.00821380896605536,0.00972837705880015,0.000192510269538062,0.0172792565784264,0.00241231437172368,0.00707029443116558,0.0057175433676846,0.00392105276163583,0.00457960884176548,0.000680606438834329,0.00280446135768858,0.00529268984216029,0.0141529505340214,0.00393110366488849,0.00300401645854083,0.00123995822411756,2.28791790195419e-05,0.0176224021695453,0.00011006785135994,0.020542416865739,0.00193159498565575,0.0119451359241585,0.00362363579090959,0.0060138500247386,0.00112837803770166,0.00868482567706533,0.00533410362080655,0.0181210657111737,0.00121566974596178,0.00199183731171776,0.0097550062702879,0.00626262070553659,0.00517823264723779,0.0191506017439517,0.00143259529557404,0.00364307324457162,0.00652829111416929,0.000563586080813945,0.0721308330655977,0.0115700041686385,0.016961353933813,0.0109860960582526,0.0434750831198355,0.0102591701681273,0.00130635752315112,0.00162754465622206
46.25,0.0286520180315735,0.0089096929183075,0.0052196646663972,0.00364103552337216,0.00452063137137738,0.00175606894486916,0.0037093828147402,0.0129554757750579,0.00530586808799692,0.00851709207242327,0.0146900652566751,0.00519798914723147,0.0241223723567757,0.0162860636935269,0.000215598245270564,0.0153755747263004,0.00288210544382741,0.00254025974724999,0.00116011852098385,0.00519024494724806,0.00393515660475892,0.00288105958585758,0.00264087518324844,0.00541090587508661,0.0153349995740621,0.00520157613089734,0.00259814279780602,0.00975450923622936,0.0379996236041459,0.00122075743017953,0.013963139279639,0.0243513652784536,0.001315759064443,0.00371850177204185,0.00259038006461314,0.00163839820306089,0.00456085586713291,0.00408621709174267,0.000828864012056001,0.00626492754882809,0.0114038364767315,0.00161649038892973,0.0037124853971577,0.00484796942027815,0.0130175425825088,0.00397069461264211,0.0118137719184743,0.00517829499396764,0.0115099920423999,0.00631906229154426,2.31342960124752e-05,0.00826753594106877,0.00416403498035682,0.00489951989047569,0.014486711326306,0.00263300112838082,0.0157905835294005,0.0173184030824931,0.00183239984527793,0.0202482217935719,0.00857794435154123,0.0106837514888857,0.00190501183740341,0.00472726330813308,0.00366096770021038
46.5,0.0295046739460379,0.00850119115773342,0.00202655893544677,0.0117025152927652,0.0129765796206199,0.00826706896324978,0.0449138830302347,0.000500990904496777,0.0394995936100398,0.000754370226515492,0.000817534912881513,0.0287760430897452,0.0293580364998031,0.0476055554824176,0.0239841944970645,0.0348918367668987,0.00328311283995119,0.00294751792078018,0.0100353166351862,0.0186216288101691,0.00873268299776041,0.00776091938259842,0.0282381737180406,0.000285929868224352,0.00368351069097173,0.0206707336307959,0.0195859958377984,0.0235837276839002,0.00374843387347441,0.0450559320073499,0.0087648461867288,0.0247228160138983,0.00277572696016094,0.00828131200464436,0.0114551217254875,0.000447221151033523,0.0283292377776193,0.00261292070505443,0.00121295833841477,0.00494405750554716,0.00236737764216943,0.0186291536075918,0.0262081177409766,0.00325096668033683,0.0595538763202833,0.00459768505552231,0.000139582160592624,0.0164745385596766,0.0159295338336363,0.026109793515389,0.0392271952021182,0.00788639797791794,0.000983170863661234,0.0162605834716751,0.00284658374535761,0.0476248663751934,0.000583822559164216,0.0470218117997959,0.0694089317417099,0.00818633085997427,0.00450953216326938,0.0194348779295401,0.0130507400181479,0.0149201402569047,0.00526460499159954
46.75,0.0444734820634914,0.00769907442511609,0.00025311437135211,0.00886556684116651,0.00212425929009133,0.00690524110677773,0.00119485922694127,0.0139934075077437,0.00982030666713298,0.00931128980370568,0.0448021004720969,0.00410766891919585,0.0280967324790962,0.00583461465079971,0.00160770847259021,0.0424087823402879,0.00169373209190947,0.00545525869661528,0.00233373547529573,0.00308098283821314,0.0018249392285014,0.0122483349424718,0.00243225784972675,0.00622293679239787,0.0168522944936087,0.00284627320490116,0.00120309105504445,0.00336815015371114,0.0340910126361049,0.0120202294579744,0.00954182304653919,0.00247588912573553,0.00237791071732406,0.0114639582403871,0.000274016101218127,0.00854330676312742,0.000692821161092051,0.00286410136088143,0.0285706487757394,0.00406083222085265,0.00295035896456949,0.00742035026380231,0.00119679170124502,0.00664306609942728,0.0039814541268513,0.0373154486763078,0.0124172983130988,0.00539169496514435,0.00495307841563522,0.000118137972011822,0.0018017911640354,0.029195117363978,0.0417606795049912,0.00297147540246481,0.0395821817298316,0.00142339029447687,0.000547835677623687,0.0572274467477162,0.0156888197947017,0.022809428757654,0.00994465872718347,0.0153757472432282,0.00317324051993563,0.0121688798193453,0.00684164163264496
47,0.0576679710038627,0.00114471286510726,0.0162424182753586,0.0108332130678571,0.00997334440440075,0.0409380511328616,0.00634429804692559,0.0631353383160471,0.0123314280468609,0.0471382208989162,0.0651294956159964,0.0189645977716815,0.0381516949662567,0.0541584525089183,0.0364517954475085,0.0388319408568189,0.0130855265110478,0.00159500498028547,0.00402960215107806,0.00679375496759868,0.00704081848535493,0.0134571584043205,0.00138626012918195,0.0230674449494403,0.0337788958797317,0.0417615258487517,0.0160001764324269,0.0724362002824322,0.0513890930576774,0.00732749975462155,0.0115172768282687,0.043321805734462,0.00787951438556405,0.00476202546534242,0.00324035662585763,0.0152286336804935,0.00449392299761146,0.0294045724612621,0.016217132352097,0.00152410871137315,0.0190160392048124,0.017403674207331,0.0157744120295158,0.0377365539392295,0.00527563559599915,0.051117811222686,0.0323123678589073,0.0227195899291649,0.0312675312698612,0.0535126329707008,0.0236042689417318,0.0642878789626913,0.0538048407539592,0.00235258585982635,0.0455376684147195,0.0252084691363734,0.0457341096918051,0.0115621637947392,0.0514093829380077,0.0406698000291034,0.134765837013127,0.0012225215672615,0.00429188827930658,0.0130290141413796,0.00402728108643819
47.25,0.00194170283042686,0.0324223871287677,0.0111540180255466,0.0013916620619501,0.0232999914033498,0.00536850249145493,0.00570970751767559,0.0151686260719339,0.00721221402516291,0.0510107087536111,0.00194879816789721,0.000309739915556329,0.036952021538617,0.0146747249945332,0.00933352022948906,0.0570145138264953,0.0198114078480672,0.00972173899840688,0.0180436555046869,0.00153113966242683,0.0217476502648432,0.00167007167233584,0.00507625271400367,0.00364685680854141,3.61669974529297e-05,0.00576406017336438,0.0109647002979472,0.0235246301091778,0.0101343105051322,0.00071943504583759,0.00777447611794607,0.0340855526849964,0.0161902257005518,0.00643155759538458,0.0258120350214902,0.00143664868644061,0.000432550591141073,0.00732400010770066,0.00607993866573186,0.0159181951055943,0.0132640525712936,0.00227011961906485,0.0133750699776283,0.00721707253986901,0.00145699154632516,0.0270811990908746,0.00533094952609818,0.00142444665380206,0.0093393368658135,0.0147343599539293,0.00966697210261936,0.0424980780048158,0.0093231488870853,0.0102684068357935,0.00251194660482143,0.00302681376842852,0.0101233620752062,0.00623989338002347,0.00962613291460204,0.0569987392746913,0.0350671062388741,0.023427217067386,0.000234468923088447,0.0013685749082922,0.0112482827290883
47.5,0.0104574442696625,0.00608458909260021,0.0025408270276364,0.00755795116654988,0.00608855732234522,0.00970745857708595,0.00342588608840979,0.00763524120987368,0.0111741462978532,0.000222242292093188,0.00308677074497259,0.00920599393361544,0.00287625703956946,0.0117444922813763,0.0154439296006528,0.00165540219718621,0.00078003226087419,0.00261650176530576,0.00829957984617391,0.00387047532959656,0.00763470293257737,0.00807020207820857,0.00164612618978679,0.00304860517517104,0.000717258967823817,0.0174527617520833,0.00577656763385088,0.0110813231646699,0.00813820808658362,0.00156585794747011,0.0129669145343453,0.0335639828163576,0.000589826153237731,0.00845878923546606,0.00448443889535629,0.00351729039387471,0.00663604566482315,0.00721547606688913,0.000945519413795091,0.0074306959731494,0.00825405082141566,0.00477048918268997,0.003195786422203,0.00311146043730149,0.0185738322688066,0.0138604106359364,0.00122894419771893,0.0146431829300194,0.00504143710720122,0.0208712530626705,0.00909393764400557,0.00431629134215677,0.00173969558355707,0.00591360356978353,0.0030464761517414,0.0118619415420694,0.00153710443503118,0.00200244091714137,0.0207890930517962,0.00138313734477067,0.0484938124819818,0.00192331123111123,0.000104201753088887,0.0216346355990816,0.0076728199057527
47.75,0.0102636424911975,0.020536536208424,0.00051367462719175,0.00915451179640705,0.00516104682037953,0.0241451963653688,0.0104883702607918,0.0025532741232754,0.00399304446646972,0.00485784398115001,0.0140795302618511,0.0188667624964323,0.00118323379968437,0.0615448006991929,0.0178181548226386,0.00415732938950317,0.00291513469368221,0.00129646602955994,0.000940091379016695,0.000242050656503811,0.000882240730075538,0.00296380707499038,0.00276230515192051,0.00529312544503273,0.0160126583724757,0.0228727600347217,0.0179067563092368,0.0362863664556157,0.00848031286564273,0.0172759258175623,0.0150443230408856,0.083717004433383,0.000406346047697486,0.00577142175856379,0.00403644475780026,0.007569775205646,0.00817774560757194,0.00100581937120552,0.00138794115538319,0.0134076882863766,0.00478437414465089,0.0127282829329019,0.0102223288200126,0.0129636292445326,0.00592898012751031,0.0050684572553559,0.0074901923375989,0.026360775656087,0.015426994202508,0.0566651595386941,0.022732375625702,9.45759506202794e-05,0.0218921036106203,0.0182953039952191,0.0181412555279435,0.031804302433193,0.0146210801142265,0.0121794810905094,0.0196707775120708,0.0102334613534178,0.0334150642125951,0.00774753088140043,6.58630599480637e-05,0.000170357609949992,0.00157101553127787
48,0.000122076275873446,0.0178331720357568,0.00752134851077411,0.0157353568608284,0.00328362762375951,0.00110522488172296,0.00754440219633572,0.000585560662699407,0.00544930656566692,0.00186508838774311,0.000492924796392304,0.0163098342875862,0.0169350016550908,0.00608478258550409,0.0106182198585376,0.00198231786378943,0.00472182996101511,0.00403410424822517,0.000755148326573247,0.000150705045549107,0.000141566980272486,0.000358555409587441,0.000281878738676685,0.000200311344145797,0.00906764600828173,0.00652640990561885,0.00681965700556969,0.00567940656786134,0.0260999608025701,0.0225214499799965,0.0148407171699203,0.00245103605954824,0.0022132777401206,0.00306490895597528,0.00121117213831212,0.00199053789084034,0.00091647898904316,0.000758089877707423,0.00158161613171199,0.00336250586871609,0.00555729725336831,0.016552576184012,0.00941518717892061,0.00303533708776212,0.0155713757660126,0.00828194502114676,0.00853665020191773,0.00263701407899781,0.0132577772854374,0.00261311586555592,0.0125280849657591,0.00707279334889357,0.00494612981609331,0.0142441048524036,0.0125506659247386,0.00898854416156553,0.00378538888957609,0.032629447719147,0.0166404788020974,0.0120346668587996,0.0178988625079148,0.00898504722818316,0.00149112456069634,0.0018085107662772,0.00110993338779301
48.25,0.0575344446869397,0.00645905234267759,0.00783867501871938,0.0208249389114627,0.000492766588346198,0.0104001138184098,0.00370445170542859,0.00648525755985727,0.0188168822164933,0.0337993950186605,0.0102337226325633,0.010241522172913,0.00141037420717999,0.0247941910599816,0.0181476136065755,0.0048515118082478,9.95610260217875e-05,0.00698973906319848,0.00267578345295632,0.00323973303126203,0.00309085041860828,0.0142644318720429,0.00226009580142168,0.00285152616881385,0.00429370644271844,0.0288828812173121,0.000959934185340093,0.0179819991926013,0.00763897918611053,0.00655135307923958,0.00798500588681991,0.0316590568604246,0.0045062050910248,0.00762972494053835,0.00117765528001347,0.00322367907199111,0.00174169185323769,0.00119439018683313,0.00106309888350536,0.0057010003617142,0.00349330729075533,0.032249807861665,6.66288208527959e-05,0.00422705752733003,0.00624371676663029,0.0140159177582558,0.00436329536469022,0.0237868486763549,0.00408648556070921,0.0337420644025244,0.0023573610620939,0.0125386532905649,0.0048977176773859,0.00848547936364488,0.0100519301374747,0.0264218695634969,0.00963365033101619,0.0178042334363445,0.0291869234710414,0.0221499144985126,0.0256913271543196,0.0122942541877491,0.0018295058238973,0.00425878182013468,0.00925833449678248
48.5,0.00160638253075243,0.0214966524149165,0.00629897401599435,0.00610841573011723,0.00362119853349897,0.000996429644040123,0.0103027577880043,0.00437358934934294,0.023690937333743,0.00777046359740294,0.00478164898747015,0.023736539126035,0.00443356450086802,0.0127179176380545,0.0269827828498431,0.00286569394618345,0.0102860989777747,0.00398048780202087,0.000561852340263236,0.00620466649599524,0.00125138451721053,0.00250488835532008,0.0056035952138036,0.000362006426464679,0.0125800015672549,0.00584176135046033,0.00439615571680696,0.00740700018771821,0.00736467083186356,0.0228269965211596,0.000386915703524917,0.0104606669630117,0.0110804157367125,0.00437241929399292,0.00291353658112273,0.00239068727951527,0.00657689311240696,0.00119230698995024,0.000935137233492206,0.011724074122756,0.0024973089163109,0.00579227224366173,0.00207568547230231,0.00181951114443729,0.0112914400170861,0.015876290182219,0.00699046804020968,0.0179100779053609,0.00614748551649059,0.0100478547993703,0.00526363551318385,0.0154967485943016,0.00943240821424767,0.0187096080267653,0.0074558217918714,0.0217613758221533,0.0151151567362495,0.0105324404031994,0.0371824826547786,0.00213101237010752,0.0576555639697105,0.0094446678989949,0.00442192629087765,0.00411021205428629,0.00414146523057065
48.75,0.00721294880877821,0.0212768514864386,0.0082667991514148,0.0125375373107372,0.00634140425679825,0.0143591100847562,0.0183512470836119,0.0114315798403223,0.0390390305723744,0.0047352772301865,0.00219737720665209,0.0147072162140006,0.000555195678395224,0.00998604054756429,0.035122610358052,0.0107754975260862,0.00554678809289544,0.00446051371706185,0.000185530638903158,0.0152959149142846,0.00568947095599036,0.00141155325621702,0.00817572343747759,0.00827868103502714,0.00441729660812376,0.00477193261097543,0.00607598183232922,0.00918680664774187,0.000364031949495043,0.0311582188925356,0.00672991645697598,0.0215137480270508,0.00600228163719578,0.012893953120747,0.00129332886237224,0.0118432406373197,0.0121245465585336,0.0146438117184188,0.00668283396339474,0.0139968924393715,0.00100159934138686,0.00677719505448555,0.0069481249223635,0.0153885012823178,0.0351118387544096,0.0205033692374116,0.00665503293685854,0.00775714262853807,0.00450009925986006,0.00797657527370544,0.0216822677043626,0.0113980002336389,0.00978064862128038,0.021902485237741,0.00112444660870173,0.0126405463143651,0.00996991113816371,0.0478047582726634,0.048213160881289,0.0106729755742059,0.0810059713536851,0.0139086535943001,0.00456309582642941,0.0180377574116417,0.00553054153214866
49,0.039975534752786,0.00162663111758669,0.000742291898264807,0.00962410530033168,0.000345314481254586,0.000112825315686475,0.00509828340610729,0.00573566886515824,0.0159847105830247,0.00939996272733301,0.0146946978046735,0.0018569448361165,0.00259773519463907,0.00351987550997556,0.0241859065580434,0.00154528252787294,0.0035764108149457,0.00376081878529547,0.00226112953949281,0.0033020526082967,0.00627991536862157,0.00423945882159299,0.00143477162563349,0.00529538275957084,0.00630738839757069,0.000184864312626646,0.00090577218569809,0.000559529889423285,0.000303748501939465,0.0119666345057022,0.00275448461445929,0.0028584730365228,0.00336770420024842,0.00507661799377064,0.00241263202979975,0.000755714483372679,0.000330155761828433,0.00310178968244376,0.000584697239635155,0.00104977354634434,0.00411160691888633,0.00752002985048706,0.00331276447737118,0.0033346572437703,0.0039685200804025,0.00354195754569719,0.00755450119893676,0.00338730138811243,0.000325551985942189,0.000350365968020322,0.0140668791493676,0.00383334235859633,0.0331197797240582,0.000122845177925272,0.00407194886697128,0.00030715338359302,0.0189344564362986,0.0201828005043658,0.0371362826291436,0.000617576646348615,0.132455863228289,0.0142392134159667,0.00613136479399364,0.00211080781608369,0.00500368548493614
49.25,0.0159103926433347,0.000123526049980337,0.00330489803566588,0.00566560033818467,0.00120338763197574,0.00125603067896135,0.00134536129306815,0.00223566312315912,0.00782032511124612,0.00798354362515229,0.0313486354455732,0.0143767905804791,0.00155039405562125,0.0279533632442479,0.0157345036935363,0.0214779192221515,0.004854811409161,0.00118940381781605,0.00250629989039977,0.00672706132409369,0.00274489520638594,0.00117415949896552,0.000300018042730286,1.97935473596463e-05,0.00298023186421929,0.0393823597672021,0.00268307289437163,0.00996907275712362,0.0170536708069946,0.00248289633943889,0.0294108577164499,0.0202813807913682,0.00250752859277457,0.00366251561216351,0.000949924957845581,0.00116968231717695,0.00110152457059549,0.00315802973194545,0.0197631977601982,0.00139758830288043,0.0015694619594906,0.00477759631025357,0.00299284346579158,0.00158143784936546,0.00101618343201912,0.0155084024945874,0.00999153591636302,0.00440422196051267,0.00352300536633533,0.0308782248869282,0.00634176899937977,0.0097899089754018,0.0211711006737266,0.00050255855450555,0.0141472037613337,0.0208996566331369,0.00883051653275155,0.0608998502397313,0.0148159565691035,0.0337627672479467,0.0576930458385434,0.0218893744092178,0.00199872794210022,0.00831482260145576,0.000649493137053537
49.5,0.0818720799880542,0.000701724983555009,0.0240131675958385,0.00133839512576593,0.00108628891162723,0.00328762549074086,0.000790489621478229,0.00311545630133361,0.00159285952492088,0.00961373378316004,0.0127547624358536,0.00607442724753341,0.00636535726629741,0.00257342327907798,0.00187676024403558,0.0152063164371963,0.012320485401602,0.00456065417968739,0.00798220879801203,0.00114981956560281,0.00885046679717694,0.00316288447741573,0.000137131729321251,0.0015236996157962,0.00690500998738995,0.000273909873349726,0.00310027424694019,0.0048165122304526,0.0036144164862219,0.00202554359213716,0.0223084056893527,0.00457699889912795,0.0106307599971649,0.00466487793244575,0.00445176942941769,0.00309787160105464,0.000111131019428426,0.00257794196037668,0.0240323475333523,0.00292458791579279,0.0153978468354658,0.000921550580714573,0.0024031632516731,0.00390230616821428,0.00069017541732069,0.00560665257910261,0.0231332275515271,0.00397165144416774,0.00115572091112819,0.00195912490028186,0.00313333685679743,0.0123161672581352,0.0164468340249768,0.000189143027546074,0.00718245634116887,0.00545908062686823,0.00116265359818666,0.0449430287624838,0.00145833136113492,0.0131200965778345,0.00323611186840578,0.0126149971140088,0.000865919144012355,0.00067810441351127,0.00520218921393484
49.75,0.0484610653238586,0.0186219145319777,0.0158424443320806,0.00899357615942498,0.0126465149279511,0.00102803889901549,0.0045671699349549,0.0438645199247476,0.0148051512247702,0.106841819246441,0.0441763343571682,0.0139021536361478,0.0621103811426776,0.0015235142336172,0.00765789107544679,0.0854422033909416,0.0110431350099334,0.0177083204963095,0.00480096914131463,0.0333931763453013,0.0100756657850289,0.00206946507995528,0.00522167726107489,0.0162359462053656,0.0159322582698053,0.0105125709357535,0.00676233497533299,0.0118345076064076,0.0342616374374875,0.00569480778997908,0.0136372633366997,0.0017892089490253,0.01629187997017,0.0088472001130824,0.00859789671518801,0.000771146912675968,0.00526884347146887,0.032278213434508,0.0285361546021266,0.00953050366337552,0.0060548364318064,0.00712592329858221,0.0078281609754833,0.0185870469092256,0.0109645260125154,0.101350305846953,0.0227338733814535,0.00847146116807456,0.0145180057834798,0.00291403614623772,0.00409594829523243,0.0865171660017601,0.0359220382538152,0.0093498229503874,0.0341211758365201,0.0107698818660833,0.00472724978964492,0.0176321433986518,0.00947461481882797,0.129643871809859,0.0260025941745208,0.0441833675532558,0.00113689254702663,0.0397001010163165,0.00870412825194534
50,0.0401139072675462,0.022494811905316,0.0369199948004172,0.00445358965369135,0.0214363803744673,0.00399769058746861,0.000618285304968862,0.0345637513862956,0.0228493810671455,0.0149475679942595,0.00695920801321635,7.26911875525395e-05,0.000885122331651108,0.0408353083435619,0.0192290869617317,0.0345960932658761,0.00456934154312175,0.0190112622864199,0.0226753475180696,0.0183881583348105,0.0331515355124516,0.00755868630175345,0.00332638189271684,0.00945871162800972,0.00683132976938839,0.00777843426000345,0.00421429009850883,0.0539358803628527,0.0017656343547472,0.00511647403529592,0.0155364092062813,0.0589283097866136,0.0346868915892185,0.0112552969171346,0.0213847492640492,0.00158401295110525,0.00199529362546793,0.0329071912937642,0.00209980914665941,0.00636409508462057,0.0300565866780533,0.00241697481027993,0.00273694180685389,0.0207306373502764,0.00428520748538249,0.0285267620014794,0.00746814914865047,0.00278593223906131,0.00583878650784047,0.0297864674434657,0.0040043330042919,0.0370323718545054,0.00533113216288194,0.00458577096067032,0.00141784428100572,0.00307262496970234,0.0206201548909519,0.000830739843774775,0.0277581277625497,0.0200860096823751,0.113998991083399,0.0022493081973815,0.00432832497618879,0.0229663679831736,0.028267687025257
50.25,0.00084608980500451,0.00289373816169955,0.0372070305387112,0.00162420361983729,0.0109730781417408,0.00102872525920551,0.00172022863286383,0.000796188429500641,0.0359562256261997,0.0171011359229279,0.035368504056025,0.0076626202829677,0.000223090987107867,0.00763645441646434,0.0339111457375493,0.00790825766355295,0.0119301024508265,0.00462501005754642,0.00304911327649977,0.00159455506625567,0.00523471933929068,0.000276160808128312,0.00695744037897535,0.00155623472297903,0.00932830139647737,0.00354049678322067,0.000117970448717257,0.00169351158827543,0.00424650486863517,0.0233642996101633,0.0181459220625918,0.00788730537301391,0.0163901642997793,0.00766720579035861,0.00563839182831823,0.000142345000096581,0.000489223144986987,0.00105997245894966,0.00463830024633369,0.0030691672571513,0.00920427623750106,0.00116469824757559,0.000337110255119776,0.00243949812520994,0.00827174656694531,0.00334631610429741,0.0330206399304773,0.00109395067798696,0.000305705086053724,0.00244916723820613,0.0107279663028972,0.000480680668463829,0.0239063448193913,0.0025230607646986,0.0108691673268238,0.0104553820861964,0.0160528431363653,0.021215690875381,0.0414073283991734,0.00439231891990878,0.170889831067824,0.0130426859963936,0.000554498452530237,0.00220379847607831,0.00129765571792217
50.5,0.0471737034805818,0.00794734030118517,0.00232194806929267,0.00440383485364814,0.00558685081162376,0.00138688859863625,0.0127577592329123,0.00425790872465396,0.00110175867699094,0.0114546686614128,0.00522853002703385,0.0060409596445927,0.00184319511654529,0.0075411656029095,0.0065975417177217,0.00137956897353102,0.000297220517009633,0.000721485197628512,0.0136177838404972,0.0029677846896679,0.000697861338097317,0.00157340914600895,0.0164664417420859,0.00932585574658843,0.000591436600444076,0.00747394601232575,0.00453597793535442,0.0042848697662823,0.00718566278384397,0.00947503628367687,0.000584328284654606,0.0114891988892619,0.000100282308962122,0.000194057874754507,0.00655177001441432,0.010959187037863,0.016390716268103,0.00504630213869545,0.00790177886664081,0.000744752535139181,0.0029536337727844,0.00783277314943945,0.0105194123548769,0.0013859914535775,0.0179772429659507,0.00646927237064241,0.000296821347054718,0.00389967313680791,0.000527202632569564,0.00665910227412496,0.00727914903867344,0.00197821261617324,0.0106446433593152,0.0075199406059004,0.00598576325980406,0.00699440951235328,0.00217350766052567,0.00549650796898915,0.0106622068180087,0.0062629655600195,0.018876623557647,0.00274259724464486,0.0155688721494565,0.000980385611216127,0.00152890758969984
50.75,0.0330736470234991,0.00403021397296239,0.0141039623684719,0.00546956534512918,0.00261602283783218,0.0129054228168916,0.00336030293279329,0.0196275353378081,0.0176435014192181,0.0196723595441739,0.0122170018737419,0.00330758853177427,0.00211571338629861,0.00723049425564046,0.00336101048598594,0.000663749010647442,0.0151204795034772,0.0107908562447359,0.0121557296372037,0.00195414860959938,0.00875928610193206,0.0129335253879141,0.00109733082727293,0.00469571699140124,0.0146490963917551,0.0112934406913937,0.00383798025795285,0.017060777893009,0.00732734511049896,0.00174964291374223,0.00366919780310362,0.0143108224146634,0.0120727518472176,0.00867886416931275,0.00159808777691679,0.0124351349471928,0.00279371761002978,0.00660365341148785,0.0156322307059543,0.00723124497078494,0.00745034601391821,0.00716131771185223,0.00147380242368999,0.00997248480405571,0.00816294481523787,0.0201229361222688,0.0177133201833057,0.00377150291668256,0.00476417245553481,0.0151787024064468,0.00359393756211814,0.0136588802521088,0.0164227773455622,0.00254699624310741,0.00658036316833433,0.00216500595305416,0.0101829538129442,0.00106009123931161,0.0194958545898001,0.0106807450149972,0.0633755473573883,0.00477837722104318,0.00388904910999563,0.00951330537503358,0.0125731517968227
51,0.0166494655573394,0.0301064676449812,9.65507364010214e-05,0.0136503829863879,0.000830100391289006,0.00132671173151083,0.00241345143214626,0.000900461380353631,0.00444018772218202,0.0017822165628137,0.00206388067330709,0.0229452176640366,0.0144774353952743,0.0140990060082455,0.0277257750812987,0.00701979310977511,0.00357625359009833,0.00109950904086784,0.00626834802569254,0.000270540064837962,0.0040933030494292,0.000193980072466199,0.000759601786486531,0.00270321228677893,0.00312196006974045,0.00878247954728457,0.00323439789375944,0.00166459817902205,0.00256766892136926,0.0243887963192541,0.0202954230812919,0.00284231542048771,0.000251329743890216,0.00962027701427259,0.00371041351380836,0.00417198348296198,0.00124941922059777,0.000540771818874937,0.00156089947577775,0.0243276980169593,0.00410187351252578,0.00186882476559528,0.00302377117117656,0.000349769465623974,0.00228420386863146,0.00150777703830897,0.000481959027205205,0.0341440122745555,0.00404677399623907,0.00307707520838104,0.00840738057119031,0.00318884712125854,0.000356128615719332,0.0309968388179744,0.00569726651334174,0.0115195699531981,0.0153481615871595,0.00249433376736655,0.0210885001725457,0.00680856698454942,0.0556981625667933,0.000649624512376366,0.000973372979611338,0.00166662444009009,0.00198535321399678
51.25,0.0116202965522881,0.017409815951249,0.00293237059878952,0.0052237873690078,0.00678592973503192,0.00514936095238525,0.0180202964915438,0.00409829806611435,0.00109201233552708,0.0156096749894176,0.015340685444781,0.0117529857980948,0.0107661042914244,0.00616154366033151,0.00899930880788101,0.00422063685043035,0.00209779977334273,0.00297636855994308,0.00232389687471403,0.00578917560751296,0.00737810571872292,0.00482854199586663,0.0190692562233807,0.000140058674950237,0.0037892236158161,0.00604443841946771,0.00802606717969757,0.0053328023648593,0.00384259036687369,0.0171068230682289,0.00609518201339564,0.0066822916515242,0.000212232651537732,0.0028313992405327,0.00790110032161367,0.000562814201313487,0.0163410109295698,0.000903212860204464,0.0130963220860195,0.00510264360208958,0.000565685338437111,0.00768265182644228,0.0102421107842844,0.00127734000405251,0.0191241943567464,0.0134567251087914,0.00949112378829587,0.00389375779639938,0.00662731218317318,0.00674305968336256,0.0184941542820035,0.00342079788511449,0.0191859560485699,0.0123076568807679,0.00999626347609383,0.00734847482527357,2.19762437562141e-05,0.00706578154337582,0.00908796010230891,0.00922025596314652,0.0125038875577962,0.00420234686367091,0.00448083802955185,0.00266234042757794,0.00770793079973116
51.5,0.0170587697519304,0.0158454182781271,0.0158151231519284,0.00522026995903986,0.020821623467228,0.0036567210913395,0.00741080856337173,0.00783050494078424,0.0232089391165475,0.0251783291277768,0.0494822074131955,0.00343185760958562,0.00360793308975637,0.0265196313975815,0.0308387141065294,0.0381387650759292,0.0195069163027292,0.0222504145904725,0.010280639117386,0.000334419479907045,0.012066100960741,0.0163929775728077,0.00435932661878159,0.00169887008440682,0.0381896744647633,0.0103116600308079,0.0125688478027732,0.011633123086032,0.0262855646255496,0.0113443822409373,0.0323962754897312,0.0393974805920794,0.00626710067542679,0.00967019283919432,0.0167175236937631,0.0100393688305398,0.000550402326067994,0.000964877038419383,0.0155061350502926,0.00691046073916765,0.0243067832115151,0.00645274754099076,0.00847395922717874,0.00394150063423826,0.0120646501528948,0.0218833564048589,0.030824376283658,0.0108732167991941,0.0304868209391333,0.0128228758725759,0.0151383033726472,0.0176742475663686,0.041178310606225,0.00686926093618843,0.0336903193234078,0.0146066669495562,0.00775508899629634,0.0713897639364569,0.0389042524007703,0.038418559793928,0.14469093895362,0.0388374064316887,0.0124520188630956,0.00363052888676527,0.0177846974700096
51.75,0.00909141655626286,0.0101201448535616,0.00763472151550791,0.0017548378378272,0.00589143663583589,0.000131027946564041,0.00183097364509466,0.00892422757398321,0.00608039423887932,0.011556223860401,0.000925884291508907,0.0103001184587208,0.0139018549490457,0.000465500296609689,0.0106840872148671,0.00200865363016639,0.0164254338450019,0.010891634731031,0.00420096184130232,0.00182832600060504,0.00749482979387619,0.00962159691238884,1.91769326021716e-05,0.00195688843597127,0.00139106928057017,0.00136909724487034,0.00177822508593501,0.00228392458843698,0.00153846561458524,0.00273654806552856,0.0216324642492704,0.000212405238771462,0.0147723130476698,0.00403057135425677,0.00603765904856549,0.00422423647714814,0.0021048047473718,0.00712863191093619,0.00119929198693829,0.00562165637796965,0.00603513792902154,0.00109340554987032,0.00223852377510098,0.00211444968825055,0.0129821710317419,0.0229857136068499,0.00299975809587971,0.00687033989302636,0.00131402987362518,0.000465074907692217,0.00243480317066215,0.00795040028488657,0.00316127165111287,0.00935231663861393,0.00222877346089458,0.000213284576969185,0.00690889945973917,0.0133552639628314,0.00554876029521506,0.00760002526455446,0.037464604352817,0.00522117645795093,0.00110444761553426,0.0107413832252246,0.0106937993293738
52,0.0561273480264318,0.0028724037716999,0.00474700425503492,0.00484368114973179,3.39890497185978e-05,0.00162675053521786,0.00387771494223637,0.0059309653401455,0.00727782604484535,0.0067649202025801,0.0218961882891086,0.00282479857577894,0.00480289808551214,0.00514493558901305,0.00230900118031632,0.00121940205942804,0.00815738472404108,0.00189901538864306,0.00195157001403054,0.00382036349622339,0.000655345212151606,0.00028358013214766,0.00343649529810105,0.00135755929472619,0.00348780640675088,0.00244273412605918,0.00377767793619235,0.00979319489789366,0.00396554212484346,0.0254719665406028,0.00676644544911944,0.0155579314963923,0.00259586761763282,0.00114793977665044,0.00351347493111486,0.00289787039989182,0.0046994684455917,0.00366732174859542,0.0108289810374092,0.00310004462399336,0.00562378051606283,0.00415987754820617,0.00067777311766914,0.00292842291411478,0.00825587076401242,0.0132994255467597,0.00838379649169431,0.00343829425569023,0.0007288346686486,0.0121962970867564,0.00276867458020209,0.00615182023291526,0.0110875492433808,0.00453451330306993,0.0141816676552036,0.00142865860985938,0.00244082207818034,0.0152117141795148,0.000592074253691465,0.0076582312934836,0.00586410278708785,0.0102491724575622,0.00134950338458274,0.0117547328827069,6.86782669848206e-05
52.25,0.0348164844288524,0.00758376119649673,0.0244663480441806,0.00944271804381657,0.000378299037301948,0.0116344015665763,0.00158696407622292,0.00262643752662334,0.010045328230573,0.00371065893431744,0.00537658223810944,0.00280948530814744,0.00289060578897945,0.0296697625537847,0.00608526926605729,0.00206495781129253,0.0142183802270704,0.00309454652487746,0.00450370944989737,0.0064115293357938,0.00495424121479588,0.00229118255333967,0.000301615383559414,0.00381725205086149,0.00510220874806055,0.0164651371389131,0.00128242243445464,0.0114173288012583,0.0021353349292991,0.00648012178842907,0.00773546672250028,0.00807647311071828,0.013024168905215,0.00555097247434271,0.000546399233320513,0.0043969706774775,0.000201124825357286,0.00090990350741669,0.0255618080081596,0.00755586485575319,0.00601456563551563,0.0150467720431041,6.38978344381879e-05,0.000788111182866693,0.00515973295145359,0.00772262972282055,0.0122136746029904,0.00549232822326737,0.00228510298722527,0.0209695852161786,0.00237665980338602,0.000708650069986546,0.00119320887237449,0.00340592687401352,0.0128391104183538,0.0148894089665516,0.0124672639486604,5.50371026703223e-05,0.0111618022880941,0.00125375973768966,0.0765238574327768,0.00283590848746755,0.00394713087620284,0.0118556480804112,1.76357468790529e-06
52.5,0.00355808393270101,0.0106691007528716,0.00358499316728195,0.0139596298668915,0.00970449195844399,0.00789481211836207,0.0143017149573134,0.00145500259085661,0.00481231725302578,0.00138453596710147,0.0181513040800933,0.0201286400468352,0.00724096771206017,0.0299848202846549,0.00999059722223839,0.00992284206412032,0.00756634075418222,0.000688377858081543,0.00509226798178839,0.00744576268613092,0.00222478906445127,0.0184060572719006,0.0112965326994979,0.00340829038728655,0.0110714516257691,0.0284323838535793,0.00656111321764287,0.00529402213785434,0.0216781992588722,0.0662581190601258,0.0267309982020821,0.012559230678996,0.00223197487796916,0.00640304061229229,0.0150641379609949,0.00297292126159056,0.013082190914401,0.000605164697322736,0.0166097669868764,0.00471517057505623,0.00649573426509545,0.0213422535644575,0.0118702522454547,0.0032172553768297,0.0133375163525435,0.000190265445499194,0.00488318830549201,0.00815876512935589,0.0124140524192337,0.012339373962493,0.0182772096163943,0.00174735134779565,0.0280459641408194,0.0138042610166597,0.0155778116317,0.0282741344313005,0.0152924965750717,0.0185310839624162,0.0266875025844033,0.00295655193253369,0.0286310044328717,0.0113264388954611,0.00363211213193204,0.000731330581082424,0.00223990856512636
52.75,0.0227203792061771,0.0121575577385176,0.000528550302316988,0.00139220288202305,8.3741705947524e-06,0.000745518674776729,0.00568652070565254,0.00575839620092596,0.0101817481092752,0.0296733165724185,0.00584072689866182,0.00464499643091454,0.00549992444106469,0.00696394418710504,0.0207151675672836,0.00567853421137837,0.00717118609379989,0.00584870349532631,0.0046882375167181,0.00170735482386939,0.000423493051575812,0.000205321665461916,0.000320626826174683,0.00135472129481864,0.000546537495446837,0.00301976538777932,0.00637060503067763,0.0061670645442597,0.0206766634203945,0.000958124384220934,0.00452576632826774,0.0183767781994903,0.00216089053297915,0.00586282474911418,0.00104655532551234,0.00158381083068874,0.00140934296556894,0.00355651758917607,0.0104132746450435,0.00964729413760287,0.000166829119016842,0.00448017698221022,0.00113956276085344,0.00226646996538506,0.00830067695294553,0.00930398907082554,0.00223840205826735,0.00373065541057644,0.00224424082120105,0.0102033133918484,0.00614177963022828,0.00773664474696121,0.0112579153123534,0.00342674388236223,0.00654617537320959,0.00467771278162977,0.00459610890986482,0.00989236640009851,0.011009490970938,0.00931804481481675,0.102224144469739,0.000494335826884411,0.00473923638005762,0.00820691731844812,0.000637830474777716
53,0.0470847702093887,0.00722132029117888,0.0121481987659967,0.00435590403835847,0.000381741447105686,0.00350757406926159,0.0050442264159514,0.00493141540159691,0.0140489861304222,0.00084263593281399,0.000912691061920041,0.00411446780696734,0.000531544094883337,0.0147607218572532,0.0218902999856787,0.0179964325803317,0.0195967342675155,0.0171258436748769,0.00856286773066539,0.000430245978939255,0.00994159595551825,0.01578134369028,0.000307236543079597,0.00367202225757374,0.00315624411600559,0.00353095285010256,0.00234862893534246,0.00716207619150399,0.00637427357007641,0.00410470780847935,0.00479177416130334,0.0109108995439834,0.019659455987222,0.00859105787228478,0.00632301427191156,0.0115636616770165,6.27419380560489e-06,0.00320475735801796,0.0269649095147175,0.00581498586939271,0.00904435198820912,0.0081669913483317,0.00162791492962952,0.00469455131196874,0.00267615320176608,0.00149419353123506,0.00759873275493207,0.00135855823481442,0.000812025677230539,0.005116472831076,0.0111803869347564,0.00347507420716934,0.00775993015753747,0.0017503206297838,0.0065344617198854,0.0056585466787941,0.0178142973543512,0.0227978690028505,0.0310524009709739,0.00728694233126852,0.0908234012317734,0.00849142838916509,0.00207984514517283,0.000743110697086022,0.0210966236500049
53.25,0.030182492739928,0.00746141117560778,0.00538542329565462,0.00789520541546278,0.000506795053215386,0.00012731898458831,0.00644775159302176,0.000704215857024282,0.00358337741177496,0.00720418852166296,0.0151575878954144,0.00286952064705851,0.00388693931887993,6.69542052546923e-05,0.0192888405508699,0.00522051230735998,0.00597271159407329,0.00109416571271963,0.00360289861021845,0.00458633441005893,2.82806670246165e-05,0.00290121133440613,0.00122601903274772,0.000698395378835511,0.00567905597559572,0.00270890673282413,0.000204354482458073,0.000441718967971273,0.00284385994010166,0.000956699643118983,0.0022232986595771,0.00215149272846483,0.00180314222700813,0.00655321735630084,1.71049869284988e-05,0.000495473414011185,0.00488115140102012,0.00139931532640098,0.00186677356113004,0.00289463893965347,0.000970256096643974,0.00440502844958212,0.00314436910741725,7.24477927795202e-05,0.00895034141693675,1.57084741085815e-05,0.000378467742317787,0.000939113953052445,0.00211927422526331,0.00092088168613801,0.00840031375811414,0.00114184389722132,0.00559327330089766,0.00143605723835033,0.0105476554494118,0.00256586463738281,0.00394901790529182,0.0440316396018872,0.0263708505919416,0.00603866426077837,0.0352313147045718,0.00813945380026331,0.00430093158538006,0.0062328202350557,0.000382307398043326
53.5,0.00176861514697707,0.00358326734491694,0.00916705089300835,0.00162522591170173,0.00458648537972479,0.00872990075670458,0.00259194157536007,0.0184161753448487,0.00604460963290148,0.00455342110917371,0.00340655940815057,0.00513997826592945,0.00275883589205811,0.00118037793409684,0.0252470003430023,0.00429630078329124,0.000375986441503597,0.00648010276305376,0.00235342734854164,0.00797656078981231,0.00837608134686152,0.000173137070879922,0.00040836083092179,0.0192821048265718,0.00202330325443057,0.000870956730580424,0.00491762481208064,0.00799042082560836,0.00315973561650841,0.00211670483756219,0.0120775111806367,0.00518369296477106,0.00823933661952822,0.00326040298854039,0.000515191316277455,0.00857300756165845,0.00241280404997297,0.02092985292303,0.0132263761873356,0.00170217048219307,0.00766777604977744,0.000121293929587438,0.00139503068743137,0.0176218928017258,0.00175429754591146,0.0278441775402734,0.006618063931147,0.00180483447493411,0.0116309210008757,0.00513192984211356,0.0113625890970195,0.0125210223635318,0.00729174383212898,0.00209553688991144,0.00251414270393079,7.51316252347934e-06,0.0169690177277781,0.0235029998526541,0.0274771462116053,0.0061264164649028,0.0642424331073673,0.00237357347711793,0.0132049358634346,0.00351787230751761,0.00406224763309647
53.75,0.0125580059939291,0.00386147632808632,0.00962831810470363,0.000765161314254753,0.00327242517756252,0.0152878733363868,0.00077394942761324,0.00468646514558371,0.00954343806694088,0.00576653952795097,0.00712786665696169,0.00824722396419283,0.0221005739003562,0.0188415347360971,0.00208454183521806,0.0074224232144936,0.00325560150402529,0.00602873569682141,0.00162430940292415,9.47096758026002e-05,0.00583069187801256,0.000801505204640314,0.000462139635220867,5.86960352250304e-05,0.0174170665706363,0.00939367897271149,0.00626182040986288,0.0176342475653195,0.00226565392243703,0.00664785945662437,0.0205846717146496,0.00722209457257871,0.0061303894413702,0.00191556333857029,0.000718386289531024,0.00654413279860883,0.000357772039183833,0.00167129406708714,0.0042743584982408,0.000969295886832934,0.0110628574613423,0.0118049217015899,0.00117674429267879,0.00808895624712344,0.00334240950724938,0.00532286976928913,0.0110500829742735,0.00379129737103557,0.0125970241722619,0.0182899241479506,0.00168113425909908,0.00543600781739625,0.00473965652996975,0.00575140766377741,0.00976249554838484,0.0111170445550806,0.0079280752475633,0.0382407962051314,0.00259025155834176,0.00133176587856563,0.0197325773791543,0.00623525228975443,0.000393490383692166,0.00476417671288052,0.00286054958089861
54,0.0764803068899965,0.0205067640794072,0.00053203902824384,0.00716687124951189,0.0022874241754439,0.02486167356506,0.0071774992451583,0.00199904044064536,0.0212292581169121,0.000803409029764946,0.00295222343931323,0.0205743955694437,0.0170959539812729,0.0239124345825241,0.0250221477473003,0.00413713900999281,5.475848849431e-05,0.00033593327691982,0.00500661249157326,0.000160929038679785,0.00517414276435536,0.0016180528685519,0.00212342935067081,0.00435283562966379,0.000590909150320105,0.013076275219598,0.00536492538838702,0.0160380258942823,0.00957707643084527,0.0301237757557796,0.00687819841602967,0.0255846848973004,0.00654928593267961,0.00617285444349422,0.00465570707112198,0.00580503102367441,0.00485703711362295,0.000643995848114829,0.00287516938680682,0.0120876765837544,0.00337926103826532,0.00508495973270483,0.00245623265830289,0.0126493127097544,0.00969355742621857,0.000578501086285261,9.91554060224866e-05,0.0275908982384709,0.000962194510192742,0.0227177984588266,0.019697725281153,0.00387564596016756,0.00409879099466723,0.0217908220469487,0.0016702601612801,0.0218250202414087,0.00772612174895062,0.013273986012085,0.0359458689137445,0.000147734953251564,0.0735431299524751,0.000448124643100592,0.000597292888767248,0.00539482985922202,0.0012142164029439
54.25,0.00113138362650581,0.00188116981176915,0.0224392174591562,0.00379974793559157,0.0069025695090808,0.00476280862523351,0.000138598889222023,0.00182877758940838,0.00426120494028164,0.00417715165375342,0.0125995902967876,0.000946206614907238,0.015026704967552,0.00046038522049724,0.00026977394673783,0.0118092338441411,0.00217731375505337,7.00813698861783e-05,0.000785882011991083,0.000907691519367393,0.00389555009324157,0.00218211763076491,0.0010163301440433,0.00266044415408811,0.00426971851308005,0.000464389059780095,0.00109099927953851,0.000656985973713849,0.00920312410682912,0.00092081732332327,0.000345710661866632,0.000424941142570342,0.00191788108502858,0.00348484193336526,0.00414385628869907,0.00278748685535274,0.000544301051151903,0.00183840011524867,0.00969640668570304,0.00189522561841474,0.00907359788039751,0.00442674100832522,0.00359523552729749,0.000484954577710667,0.00125954746373643,0.00585745327354807,0.018421969091027,0.00166503767973187,0.00562354944274598,0.000790888789045668,0.000605381879199924,0.00269959114686026,0.0266776284798914,0.000482555402533903,0.00454386393538766,0.000463923139473126,0.000234081703748883,0.0352214672633076,0.0122286046004826,0.00542493494982722,0.00593357708513836,0.0129615993463536,0.000740596001381629,0.00167516214477421,0.000441195750950621
54.5,0.00885743615831558,0.000504651362263497,0.00332182349958622,0.00116128013994015,0.00139881338351067,0.00332221901760204,0.000250075769482023,0.00271520749250719,0.00053558216911128,0.00515804366393741,0.00493979358348216,0.00150769254767672,0.0032531010394289,0.000197262134799739,0.00079953773568944,0.00398647475455361,0.000643268455286916,0.000333408970534986,0.000762244039102737,0.000684285684734882,0.000918637022573313,0.000501275058532676,0.00211802817342304,0.000442929477126936,0.000287517843419923,0.000718761645726271,0.000917940251294935,0.000360724349438385,0.000242149598912675,0.00212300743328623,0.0042170035916061,0.00084831145255705,2.01604887739411e-05,0.00155943284718047,0.000810790339031701,0.00047099558272183,0.00107163254702613,3.23341295944779e-05,0.0145542839746198,0.00162024987122631,8.05939433272845e-05,0.00268726898331915,0.00186466869941221,0.00018919543570015,0.000479416781365103,0.00471420845779978,0.00219182406734126,0.00118209875071792,0.00461150163274862,0.00106281247958391,1.65748116682214e-05,0.00267803785512783,0.00220258862910583,0.00101840677584043,0.00466782441852563,0.00277518956924867,0.00079792039525661,0.0138400451240309,0.000819923065755911,0.00431666312692578,0.00149714524981012,0.00346796166989547,0.000562602122114718,0.00129831136311691,0.000776694596379301
54.75,0.0123777689256734,0.00737247502256322,0.00138891297470189,0.00170144279413311,0.00322524787983568,0.000103022800304258,0.000250153312252454,0.00352460807998365,0.000467756429823534,0.0131964374446605,0.0188730065631847,0.00168906397512637,0.0086050324376912,0.00740746669437852,0.00824823093401369,0.0166857627030949,0.00716170445774518,0.00402334082142772,0.00561658968826628,0.0192718784408592,0.00303569289219991,0.00238007679486748,0.00105232059670434,0.0081154166595306,0.021350519628495,0.000115942678850047,0.00127349908327,0.0024635913686732,0.0136180113896084,0.000754544540291547,0.0021906886875574,0.0104843120230662,0.00141059304120088,0.00193172617546812,0.00123824391851575,0.0058264309796108,0.010202420056778,0.00901704404563599,0.0208366761125051,0.00570322791181061,0.00632568133836038,0.0025362199639216,0.000149716193820779,0.00460996992010941,0.00555341232403471,0.0144371032103504,0.00660993736446676,0.00165212958293615,0.00795808008595223,0.0027296430924117,0.000492198278375238,0.0111707090950742,0.00391584610437583,0.00386604025677758,0.0198012173700477,0.00056900905843956,0.0108402168778314,0.0271200043206294,0.00647314769944134,0.0167420838876535,0.041500019394184,0.00662593641242852,0.013618605465124,0.0132509808886182,0.00119350948560895
55,0.00198510989191863,0.0215108092256918,0.00399653525667983,0.000581010275355717,0.00369331563299966,0.00195042577215687,0.00143030258631635,0.00353936387258563,0.0115384677520485,0.043606982598433,0.0271252655854692,0.00427169696264441,0.00870031940928311,0.00435896862341576,0.00262222934804671,0.0111095665156891,0.00542232847808593,0.0029853940471295,0.0036345219716467,0.00628806002873066,0.00277049828178745,0.00142492778074639,0.00604488195774547,0.001234174700355,0.00348699058270097,0.00157523405605062,0.00274233499514839,0.00440219976819839,0.0366687169995374,0.000606354740638412,0.00812579436974373,0.00334604645838931,0.00709027514084592,0.00246501342567401,0.0070321193506575,0.0024326697475057,0.00165539081788415,0.00376971023111487,0.0201421609634948,0.0160419495602643,0.00158382993551286,0.00556269609629079,0.0017425289361351,0.00384195894562268,0.00494522441283132,0.00987402057706115,0.0180084139485401,0.0245682850841241,0.0029462637131476,0.00438013588866817,0.00037104889892294,0.00470701545713668,0.0334757625745721,0.0114750929134473,0.0190369221706837,0.00431361617761778,0.0136895446694238,0.0210355000828942,0.000773969736993041,0.0284751450579011,0.0372615730064096,0.0146796773027989,0.0029614222283863,0.0127519771016926,0.00328522961879159
55.25,0.00137957986645389,0.00126504199351134,0.00508789120030968,0.0104261343003402,0.00386227342045418,0.00137182109834765,0.000599266316119789,0.00014901583991844,0.0109519503306442,0.00849736696384127,0.00582517045624455,0.0013292742454013,0.0183629269258841,0.000453905454759706,0.0392061504355553,0.0100236015832518,0.00696152298231875,0.0181984533334089,0.0141498200510036,0.000496188563693895,0.0216456182966195,0.0235112924309183,0.00196084130393426,0.00835100943703521,0.00321514647304989,0.0011785316478209,0.00233217137890795,0.000855419608574997,0.00972925463562918,0.0032880079379078,0.0110066939817817,0.00267035944216501,0.0123569155184385,0.0093198840262238,0.0114893426157475,0.0104017884467464,0.000266562943149491,9.64926843777669e-06,0.000878727037954207,0.000919252851951188,0.0134342558376715,0.0252470867663061,0.00034967360281406,0.000222946828826455,0.000473533411414772,0.00114813756079424,0.000378393689978482,0.00126431659715185,0.00348421474584109,0.00139400533031895,0.0033194216395474,0.00198030885550332,0.00112801307990742,0.00101033427120104,0.00308733985629108,0.00162427010956139,0.0235991671291265,0.00151793653710088,0.0179061695859177,0.0017233100869591,0.12209878744022,0.0110254259807273,0.00161512916866116,0.00137519534868417,0.03672211771319
55.5,0.0522120914784361,0.0180880252010054,0.0096282879607462,0.00199229242339044,0.0016413736315027,0.00401455222675041,0.00723206094138744,0.00549099123493563,0.00362689081547122,0.00682075929846414,0.0155101862076489,0.00718613450213284,0.0111361140931927,0.00887862383746212,0.00743590527032136,0.00172105770120591,0.00314378120515104,0.00135947617373989,0.00393283222961737,0.0030634581407034,0.00106081931230241,0.000992108012370204,0.00218400651841688,0.000949664373104539,0.00355235572141808,0.00200651621722493,0.00352337621897707,0.0177667440523813,0.0225621096670338,0.0038065871375027,0.00707560430965818,0.0191144885988077,0.00645052375432224,0.000436204404200748,0.00269230998555836,0.00111695305863694,0.00667831576843634,0.00119720033883456,0.000379876208224685,0.00620296219636048,0.00112550449718684,0.00172432351790643,0.00632625207412391,0.00410229374993219,0.000844966657563662,0.00796260943056397,0.0126694137403121,0.00867817073854074,0.0016257117683967,0.00987190505740888,0.00612448652937327,0.00903087555054865,0.00789904327778306,0.0111916557307208,0.00355702097922409,0.000308459952845649,0.000309461651731142,0.00282668784675194,0.0104286812286368,0.0147473270155926,0.0217002156840419,0.00285098832866748,0.000610915597550193,0.000272726696575618,0.00133201535059814
55.75,0.00496733760266419,0.00236149570772599,0.000505018421790009,0.00167558661942286,0.00110615637718295,0.00434034463419597,0.00251114626273956,0.00238228466270813,0.00421321067455386,0.00159436996807858,0.00971119562574037,0.000598318807421694,0.0278693879778941,0.00155221349710975,0.00632901057674439,0.0089559620066876,0.00151381930818418,0.00614030019856886,0.00423811953311423,0.00240585557915168,0.00139448098157611,0.000584018415750971,0.000495566456918717,0.00630722839030012,0.00648743098292351,0.00128127582187995,0.00758711352852869,0.0063399670342432,0.00429569751651535,0.00917254747940931,0.00678485938936024,0.00804481656918817,0.00287964893746233,0.00722139187428378,0.000845587024643273,0.00856660739405439,6.2875065537512e-05,0.00121284754655005,0.000547202330714029,0.00275600788561634,0.000124963454692514,0.00172303658975174,0.00177156322224187,0.00415439738190758,0.00200977710560387,0.00317894573250754,0.00547996323719053,0.00111272774589238,0.00701977537149872,0.00604927182019578,0.00252358528049069,0.00361165591999793,0.010880348212681,0.00104914093798134,0.0016768110080265,0.00200422610270426,0.00346598797773397,0.00493832422767187,0.00471981593722666,0.00509243458998388,0.00441179912234848,0.00149017227421114,0.00121110819592206,0.00026735790023292,0.00220603338483154
56,0.0355359176156772,0.00612695298384031,0.000960753397570426,0.00131977158572358,0.00128568158331011,8.27523619417381e-05,0.00450756751084985,0.00177522509490894,0.0033093556013877,0.00920524104995016,0.00862560185930885,0.00426571626129634,0.0171847340578963,0.00439683384743452,0.00517757168308692,0.00211632130910452,0.000730322392513928,0.00276546013095607,1.51102160945277e-05,0.00418970315509606,0.00068428157508369,0.00205087061866272,0.000821703452280736,0.00318662291810101,0.000179750743084338,0.00014103675046799,0.00043843432721094,0.00468149438586727,0.0138264832962928,0.00647457449586924,0.00378822198962194,0.0034544722794072,0.000249348265348241,0.000395448793078535,0.000901844816671619,0.00023743525416868,0.00366257036630058,0.00175423140782642,0.00281530597685728,0.000651860354604947,0.00100963381240102,0.00263267106581181,0.000231731870616769,0.00363303978348277,0.00472857993031864,0.0140263079629635,0.00300031980130643,0.00378094883550966,0.00112491051225905,0.0020729038915286,0.00992291771561749,0.00794352874385496,0.00859067578899687,0.00238470912564505,0.00762512831748071,0.00461150971454947,0.000496473449535364,0.000348564539995369,0.00638088676660861,0.00322555902503763,0.00170459037196484,0.00101055932219593,0.00379675137204793,0.00721306124779053,0.000967867230010283
56.25,0.00460207209240585,0.0143604034903027,0.00219576657324682,0.00421512612859287,0.00319093365065054,0.00558682430386624,0.00586892856139714,0.00101392160097483,0.0562521360498796,0.0342193847280639,0.0151753297422343,0.00614028653034386,0.00426760193646441,0.0198422427896814,0.0353342956543378,0.00551603946904788,0.00560038193388667,0.00169970504088995,0.00294091978033192,0.00399985845378503,0.00841053173444153,0.0018889180709706,0.000515430917639846,0.00121037042798471,0.000882103457000713,0.0183469916805557,0.00435085254234935,0.00941497041998118,0.0156068812268487,0.00602524726262907,0.0260206102985422,0.0222117735386906,0.00153944939258587,0.00432572982850504,0.0122736126326283,0.00190266206410988,0.00589297287238962,0.00504342616293422,0.00741105275865473,0.0109329183883683,0.00092956374375079,0.00548335965220985,0.00336319082276971,0.000613848000385404,0.0165514776909667,0.01741793000856,0.00243444991452508,0.0125351999229182,0.000420957841760287,0.0176387642748005,0.0190080270656593,0.000215815647392048,0.00336424483060536,0.0129197193372595,0.0060566333609885,0.0163558866374765,0.011521001192691,0.0219359524178317,0.0499984298200332,0.0075716013111475,0.151328233139351,0.0111233420265013,0.00476692105245186,0.0119322003404571,0.00328948920397781
56.5,0.00331689952451608,0.000558730609675386,0.000340086380578839,0.00635631064895101,0.00595615723917031,0.00308641475814291,0.00325248042387502,0.00173809927144192,0.00934692794168129,0.00186746436531888,0.00428884995216325,0.000793746142039739,0.00302660075921818,1.50095456705789e-05,0.0154529779023299,0.00925698193870843,0.00933563528102077,0.0036640080923161,0.00575720101821858,0.00525453973914997,0.00252324625565737,0.00147441145445833,0.0101821969365307,0.00682756286394478,0.000523756164313645,0.000789624642733868,0.00189453269016107,0.00196498013073979,0.0114425113224495,0.000798203574533452,0.00175536113676888,0.00406561426283553,0.00492148330707906,0.00624550942386888,0.0088431720085605,0.00127576152945126,0.00691517150853444,0.000901757577396785,0.0256327761434311,0.00430819794413537,0.00132359711654354,0.00260272970245373,0.00693722631526661,0.00260903139802627,0.00242801890180663,0.000171244102987501,0.00169547152452225,0.00314556908081925,0.00205964112981195,0.00109213255394275,0.00150161062918248,0.00206998222314285,0.0172497918050742,0.00134058922680697,0.00552179899233446,0.0038168442841558,0.0150258733985991,0.0230003550653188,0.0277876163222195,0.00384172335488823,0.107078560027727,0.0184777773308574,0.00574886657866845,0.00208328283619555,0.00367112773128037
56.75,0.0479241446595969,0.00922930122172545,0.00268722817325092,0.00123281747131801,0.00277342521683609,0.00382685582242958,0.000595227952915073,0.00399139230959222,0.0226508343661693,0.0217875353671625,0.0150892063901919,0.000208072357001161,0.0206157485957369,0.00219572269282936,0.00282969974248518,0.00971376268845804,1.64541416417942e-05,0.00365646827686573,0.00402284296450964,0.00108532963150453,0.00405647819895114,8.99842789902341e-06,0.000268296236105443,0.000513542265657539,0.00557852512566117,0.00183761169093787,0.000785363823436374,0.00257701365880027,0.0392199400571284,0.00444342664902575,0.00151807240525384,0.000318483811228878,0.0011783553546786,0.00575414853567619,0.00526254189177539,0.000202716297104481,0.00175335031057045,0.00131738546701974,0.00858554258252726,0.00514236214338531,0.000612747262889019,0.00148011284365324,0.00145882906904368,0.00106639620510242,0.00130999123245887,0.0139146835221929,0.00390235241740041,0.000175424938634101,0.00185469768535956,0.0018030833611924,0.000942284725177571,0.00657915140220907,0.0122278250540378,0.00204678913761834,0.0189027680321558,0.00331368242006036,0.00499969543282411,0.000326718616866515,0.00791009509715161,0.0111040447934125,0.0051071001684272,0.0034540375627013,0.00223764861591363,0.00626548330731986,0.00437186043131132
57,0.0585725069877176,0.000223311849264869,0.00229808745516681,0.00105585545120812,0.00148012011578547,0.00192502400923501,0.00723200599353519,0.00263916162516664,0.0197895874505563,0.0072395715607647,0.0200892177149468,0.000920743816423318,0.00286748939921575,0.0041578765331594,0.00595304347297381,0.00177508185826952,0.00516155895925818,0.00269805595529137,0.00193467613344695,0.00130560650889376,0.000573622632399616,0.000231495277321253,0.00133276451641282,0.00218659542107785,0.00637297638111501,0.00491067568338786,0.00139799204988823,0.00469402571946991,0.0090020175038801,0.006399903953106,0.00199763275062315,0.00239562009348975,0.00270363545033578,0.00413564516822366,0.000339194792590274,0.000155382194227219,0.00586890410478382,0.00309929773515621,0.00390286338585147,0.00630978360414266,0.00123600587487965,0.00175264867607693,0.000251587136696909,0.00341620433127109,0.0129865221370825,0.0011582478289267,0.00535052552575216,0.00983469575179894,0.000674015929890456,0.00387137747082715,0.00531279640969458,0.00676075772044661,0.0243154672357042,0.00262404509397702,0.00560408448069745,0.00377898533056576,0.00528399350802791,0.00197357636925022,0.0182354349621594,0.00263850035060812,0.0774399986407897,0.0051480967879594,0.0013641800265982,0.00676351772122681,0.000872546070538191
57.25,0.00686913795839524,0.0110266963100939,0.00713786622160534,0.00105482857420303,0.00342696301592959,0.00264883868478352,5.50558593862313e-05,0.00906047107211591,0.006346586181257,0.00954328904455397,0.00156552652175772,0.00236494723351301,0.00234750646445581,0.00124625007917938,0.000130612314788385,0.00215230017585418,0.00275027259796059,0.000570991405779839,0.00102357182673769,0.00214801254264049,0.00266162560323057,0.00158785096997678,0.00536063451640056,0.00578811381371832,0.00421474765991931,0.000691726896718375,0.00126673951625891,0.00180712559785207,0.00228509326258764,0.00597660816830025,0.00184988346265361,0.00124217987303688,0.00204219924993449,0.00158900834793621,0.00148314394659335,0.00336311447979679,0.00109467177179704,0.0039213604429626,0.00607776811094902,0.0049571718965776,0.00883399473039012,0.0013170946936157,0.00175567342777425,0.00502448180846809,0.00875716275943128,0.00111371148306415,0.00627016881031429,0.00473576173011339,0.00099354895829513,0.00147770810682595,0.000246446176836301,0.0028996521088017,0.00370346776582381,0.00828696785683452,0.00211122001395429,0.0040268417040719,0.00138824059735985,0.00292999087755084,0.00761351340324939,0.000547640953646678,0.0302924327352635,0.00141770404672619,0.00549331967768179,0.00139414220512853,0.000124986464429578
57.5,0.0859898212287425,0.00823522346780876,0.0126600598570624,0.00406582141891126,0.00207173242377545,0.00200479441319693,0.00247323349413465,0.0119547231287637,0.00295818717431134,0.0141261159605788,0.00924697416872892,0.00152383169575519,0.00420260502997734,0.000287902610138527,0.000328704272195105,0.00339387847851848,0.0236578681839336,0.00470116853935244,0.000895160649125954,0.00829551065217846,0.00026897262142471,0.00140981824236015,0.00296169062465716,0.000895871620475174,0.00237496306382102,0.000263520581450793,0.000636404569002549,0.000241238271878147,0.00511777145327613,0.000391640803719497,0.00158313018061434,0.00477028000739542,0.00380141250509944,0.0116291981980782,0.00233028860756456,0.00119234218798123,0.00960601881324674,0.005302306171991,0.0322153928500079,0.0156455346204566,0.000205618170416994,0.000674563566547167,0.00879708256063159,0.000988992481047178,0.00538179156530664,0.0192791612268063,0.0114194713945326,0.00673606668931266,0.00126741401378218,0.000601658695577015,0.00116285126529664,0.00365948124946806,0.0216430923070404,0.00582390298608366,0.00335147661915666,0.000245266342449538,0.0018541814364095,0.00958996395354975,0.000592810546052364,0.0103709125774301,0.0254233314213816,0.00113580932269242,0.00419867227569529,0.0128112186977651,0.00056594770251279
57.75,0.0300410040649396,0.00470582100796857,0.00424531305009277,0.00697321238627341,0.00119183986116113,0.00110368812564638,0.00627933618250108,0.00173524265816721,0.0496067040272962,0.0441392540616695,0.00543049726895121,0.0105323034525671,0.000105342000800953,0.00519395766673685,0.0200986137936507,0.00608711250754502,0.00960305337192355,0.0003951527581392,0.00197420105281651,0.00153677210960589,0.00088254912535823,0.00212108985174526,0.00643827962272768,0.00118430881960187,0.00296039326898277,0.00935272575162918,0.00587582421881625,0.00325383310622727,0.00396112424654302,0.015420506008163,0.000566734383335693,0.00617812979203722,0.000677719469372594,0.00489055537667407,0.00354359718688609,0.000703129327456321,0.00365631460211495,0.0012354821270918,0.0204881756280282,0.0107735649897307,0.000190910974083047,0.00629958986293652,0.00468102793694595,0.00127772390768818,0.00222166510350862,0.00882772667444759,0.00996570938685165,0.0122811500311447,0.000612159039756262,0.00574793274153889,0.0120740902980066,0.00837582020160409,0.0232977194246774,0.0120366945919217,0.00221437105141558,0.014316910239197,0.010920754577254,0.0139397121139063,0.0327255389443664,0.0192775279314728,0.269271833570065,0.0210222576531085,0.0028663870972487,0.00266222733996262,0.00120315526669568
58,0.021230438135789,0.000399100975046111,9.93435930415716e-06,0.000328707088124515,0.0003337059072769,0.000640176019516338,0.00163736291498169,0.00986340249805768,0.00316875108934724,0.0257264392696648,0.0153132388736617,0.00171937104148229,0.00165182110966058,0.0018799062000605,0.000386976618080521,0.00528920186063075,0.00310026951693801,0.000109526689226793,0.00188235686494483,0.0118158315109119,0.00247895417595351,0.000266530131151739,0.000570517373072393,0.00474972922509173,0.000946852977900837,0.00127213705173484,0.00048740065395599,8.85475520839818e-05,0.00940689948315987,0.00524321767715117,0.000138684328734589,0.00268997367317487,0.000108394879354785,0.000941851982880217,0.000944127626278406,0.00127159273414718,0.0034391726366159,0.00755180471795248,0.0134915717358036,0.000747452320916064,0.000134898585354771,0.000570125177018526,0.000607512878509971,0.00162360796881024,0.00470452054574665,0.00958094793402497,0.00610331772421207,3.21383710848159e-05,0.000996634529612476,0.00157468078829312,0.000492728151839126,0.00608363403160707,0.0363307539226303,0.00063396233153818,0.00234643325442007,0.00343711859141237,0.00358882484452588,0.00881194970693118,0.000110392934846425,0.0180944513355895,5.98601341275536e-06,0.00169885456184467,0.00445503488577191,0.00513579598017271,0.000365506694506802
58.25,0.00385883989632415,0.00332004975648644,0.00123242694516759,0.00153523673387992,4.51937453240576e-05,0.01245348086768,0.0064768404779552,0.00201272158314842,0.0319237314327968,0.04618716341719,0.0051268527227537,0.0116996833679703,0.00240605916688831,0.0171986006279063,0.0173077618556897,0.00134748203801164,0.0102826843137866,0.0029536127874608,0.00306592898064008,0.0101060062023733,0.000499078833037469,0.00358748961750326,0.00449011939425137,0.000109138395392207,0.00448518609078142,0.0100621681606483,0.00284071435882117,0.00608291672041575,0.00324400956255289,0.00843591627171222,0.0122662997873303,0.0179807287176292,0.00151497006183909,0.000628889960826653,0.000432370765690274,0.00347103179502345,0.00647933005350927,0.00473801594207055,0.00223116269962773,0.00297794317885662,0.00164824874749325,0.00803537474607693,0.00218170419429817,0.00132342741945059,0.015670459341256,0.0131827557606512,0.000222535318923878,0.00613410157331762,0.00117069622802697,0.0189595601151291,0.00582147382032724,0.00334131780498625,0.0010507663038579,0.00434454254925227,0.00944173380087012,0.0243273514852266,0.00947592579591874,0.00643139510578888,0.0343040492945905,0.0132067722012212,0.0712267738850244,0.00583800808863617,0.000831321944297241,0.0259420939798898,0.00314827717082334
58.5,0.00596343927606482,0.00330915213744213,0.000593565946424379,0.00408327729159982,0.00823340849163647,0.0124985953077354,0.0038182942322806,0.0123646803562329,0.00114383191770348,0.0064557506360104,0.00240555877943783,0.00415831404033043,0.0044992706594958,0.0251158483975607,0.00628381968738582,0.00785027042301768,0.00526827847897889,0.00231074279727847,0.000553746545413193,0.000198426799432175,0.00276681055204385,0.00198417212842248,0.00455149027523093,0.00101177325967541,0.00900373338652553,0.0139290103578243,0.00843259523725357,0.0239686242882737,5.37977354325816e-05,0.00174943233968975,0.0142405471634656,0.0248213028668862,0.00180874199534029,0.00326045874467787,0.00662030958831463,0.00105697362972839,0.00130754947618739,0.00318570615355524,0.00860704459607578,0.00545456519142514,0.00960958667404504,0.0102972504665304,0.00598375980599772,0.00935573179102656,0.0030144007344198,0.00492532806825901,0.0012843624065555,0.0047510686338195,0.0106040718341318,0.0235833642849406,0.00518308468456293,0.0157323761159559,0.0149418570587709,0.00438427787578908,0.00109115007462467,0.00556737102901903,0.0049027717492396,0.028958066943155,0.0131965539702391,0.00920699716152361,0.00132452743261523,0.00948461358372175,9.05852868884519e-05,0.000178346588583306,0.00109983345047686
58.75,0.0421324256271829,0.00297916675195921,0.00361012250055158,0.000565062987418549,0.00398411057520237,0.000139046486690575,0.000974266913220269,0.00393008226653972,0.00650221362808785,0.00164082409004716,0.0048794760264814,1.07402425236371e-05,0.00188462303010801,0.00622046635410257,0.0021228925491373,0.00245718237229254,0.000260131887033393,0.00304911487985626,0.00136068912412165,0.000526838943356472,0.00366239462257456,0.00135561894121407,0.00530494313123496,0.000425718619849515,0.00128578715811574,0.000730607770080967,0.000605739681784192,0.00574382864193322,0.0207234037104175,0.00266030996027586,0.00310378265154885,0.00445620462564601,0.00265767428876684,0.00331326666671348,0.00574789368171457,0.00134436769899927,0.000199901750959241,0.000120549620016163,0.021163566669587,0.0032277235901636,0.00172950515989597,0.000741400911022825,0.00308162818986209,2.04880850567699e-05,0.00170311357108806,0.00344834083004833,0.00530852375976308,0.00703810359455947,0.000655016991697941,0.00393964787753297,0.000923940563288241,0.000377349656367804,0.0110810984550953,0.00136468843465395,0.00783145549640759,0.00064516300480754,0.00679436665798617,0.0109337516435395,0.00200717345695742,0.00863375843930856,0.00345158021873352,0.00907473145836064,0.00220248565003921,0.00177460144829739,0.00450674747873793
59,0.0103722675500286,0.0180083206973321,0.00271869904849099,0.00287899318008166,0.000685782092481335,0.00154117704949094,0.00230413623192591,0.00231210379337154,0.00666600691561328,0.00383680941488363,0.0030534939006013,0.0171777315060269,0.0138983510015535,0.000460280219503526,0.00821686047042838,0.0112909841389645,0.00441390663387164,0.00544935210909557,0.00173545513837586,0.000417159897958273,0.0053801297399606,0.00262014324660878,0.00143598115867534,0.000857860634234314,0.00471962960627159,0.0015216426302841,0.00018017362104317,0.00311949173013076,0.00556339910004833,0.00477669159124612,0.000196055446880517,0.00643961729261757,0.00441122310464529,0.00132891097505077,0.0014088652100035,0.0021776593531524,0.000297064176829132,0.00430038817835365,0.00297021078395172,0.00426036835247361,0.00435603579898247,0.00200406977486389,0.000236965905865883,0.00142851718539964,0.0145506493171132,0.0111519842406255,0.00387868863000233,0.00535851941187957,0.000119705176008453,0.000154694542956215,0.00607832865066198,0.0104565549460354,0.00855450692072319,0.0133217308932802,0.00320182624945704,0.00213186119223014,0.000423374380743796,0.0400332623185948,0.0180580045031141,0.00678373251584467,0.0595612563494796,0.00540525539091975,0.000369041610121404,0.00403944088060518,0.00469186880822606
59.25,0.0157997040050217,0.00979345861568056,0.00251102365852277,0.00541644272708679,0.00209671867360021,0.00658653939804506,0.00693963374791367,0.00242891529750265,0.0190818489265995,8.8328038232352e-05,0.00117317560714532,0.00401181870504107,0.00287426585096943,0.0130538145566717,0.020882942511941,0.00296796267096751,0.000130079932107751,0.000171056642558205,0.000258508126139575,0.00170102230750695,0.00061222076328445,0.000157083305521728,0.00138985019082538,9.6635743538933e-05,0.00270893124289901,0.0163388054900005,0.00694956918566793,0.0125904147232801,0.0048077220330121,0.00970602864317228,0.0117447726330828,0.0332009015796569,5.94132304903528e-05,0.00167899993707022,0.000142406858085791,0.00107170457412661,0.00758866175050869,0.000194748718611528,0.00363815907355768,0.000465751754973737,0.000762258249950873,0.0107464768168286,0.00936739454065444,0.00361027975416348,0.0128677974328616,0.00102951885175596,0.00273635633068699,0.00475198019446601,0.00435953521060158,0.0216591166864694,0.00875612304271011,0.00681417663693918,0.00272808411252839,0.00629527384622576,0.00187737990843604,0.0151738587581514,0.00632141305519225,0.0156840080319866,0.0180059053670977,0.0016624318770978,0.111402284210973,6.48819645677652e-05,0.000432895456710507,0.0046239887159233,0.000364601462793978
59.5,0.0139679189931394,0.00929611671780599,0.00780540971745609,0.00373824141359931,0.00141987712927795,0.00186045812841688,0.0034880604658177,0.0105746005905676,0.0282773975017519,0.0148258648861011,0.00683492895809568,0.00317659864385915,0.000480521110252664,0.00972939387698656,0.0200945584402971,0.00908372913533958,0.00617436349730265,0.00501737786556456,0.00967121780562724,0.00571742069085841,0.00329909343698701,0.00614039227009751,9.2111792023662e-05,0.00191405635363226,0.00355723673597147,0.000613397071298361,0.00211838023142945,0.0113660938875659,0.00580141214621807,0.010665694310386,0.00680614809257194,0.0147381382775717,0.0054312596602618,0.00416106534706234,0.00616251293672544,0.000834673842146198,0.00371220364751528,0.00380260068521645,0.0131026118624102,0.00557681789003622,0.00518485413563169,0.00932627563663671,0.00280450496522879,0.004838026574501,0.0133147336107712,0.00702259734009817,0.00933536992606719,0.00274518072153247,0.00029032528589147,0.00416478428043402,0.0100211479800533,0.00612299897567697,0.0205332661834866,0.00698359157065321,0.00734379305379571,0.00132998583986143,0.00370972721651284,0.0344938195243589,0.037527288019915,0.0132826920114893,0.100077827037035,0.00685822678632026,0.000630271270315622,0.00856180421622657,0.00778186219685492
59.75,0.0265660653727273,0.00541243413512937,0.0218874940419061,0.00835624156392721,0.00213395098800186,0.00148351708954742,0.00383128734878379,0.000675638653568388,0.0231781764533062,0.00796347047814724,0.00509375820154769,0.0126615056196772,0.0139102178424436,0.0198261340363884,0.0412151084547414,0.00703053456177566,0.0076282549576364,0.00743164917962458,4.93451319339182e-05,0.000687521199201791,0.00464185670009809,0.0030553041098896,9.08843267159163e-05,0.00112726347944598,0.00858402921778625,0.0223356267012752,0.00548946819817704,0.00896448468664138,0.00314092174402468,0.0131555059039368,0.00825381102309473,0.018061625578939,0.012428325571527,0.00736936803380733,0.0049943063646215,0.000299252626347348,0.000718530461249857,0.00210355434854851,0.0156406549926747,0.00391637728172815,0.0130675679889173,0.0123629468802038,6.01262549015051e-05,0.000758412905812836,0.00925810343055652,0.00400677379168527,0.0181199613500167,0.00417294606475471,0.0025571300065643,0.0207257303062446,0.0144362104637651,0.000799512221071843,0.00918227338005261,0.00572442723949164,0.000711521948561504,0.0213760358640111,0.0124350715005889,0.0277387557909911,0.0507629353580884,0.00330598454767715,0.126940205735156,0.0145300576205706,0.00031930254906575,0.00666782220974242,0.00398286323673548
60,0.0159039625968571,0.0321937509110495,0.00297351763563669,0.00638252362288413,0.000644048152832164,0.00224081070881863,0.00307494854062324,0.00414330419183252,0.00184712145175699,0.00253206784295782,0.00237456884910041,0.0137848946433076,0.0193178534786255,0.012528160694195,0.00214953314969293,0.00795123620258184,0.0226133652553498,0.00596430064049612,0.000904311131239556,0.00375707376124764,0.00317879773734632,0.00156760155542681,0.00164193678717705,0.00430398149207863,0.00104675810663177,0.000427061419111828,0.00041011516139843,0.0127241300233432,0.00581744504501247,0.00689356507840279,0.00661855243542849,0.0115234509830226,0.00696625473909991,0.00360942334137662,8.58869118735334e-05,0.000975328544110705,0.00115008102433363,0.00528842694438208,0.0448853606478692,0.0163036280040137,0.00109600513930591,0.00216959320642078,0.00107812763211612,0.00432956726933562,0.0057726404648228,0.00357158465236639,0.000783262862465469,0.00964505478707147,0.000241749728297113,0.00542013453874272,0.00128505968734636,0.00440869106098146,0.000796248106562999,0.0210495959176615,0.00735458092622155,0.00194120101164565,0.00411614477476581,0.00627522537966531,0.00785596407211132,0.00698740592921053,0.0133276052471322,0.00191001006170829,0.00299849164816787,0.0016573297567749,0.00171594209212683
60.25,0.016004265499385,0.0107678243183728,0.00440961835026314,0.0060026196285845,0.000732527973805817,0.00406667508093999,0.00159340447714616,0.00550227543286036,0.00790014228939244,0.000813224376740637,0.0171100515287207,0.00469642649593214,0.00656741467807892,0.000514596285992537,0.0201182895868891,0.00177895451865136,0.00106229730191565,0.00216532380407043,0.0103313730285501,0.00159765988628683,0.0024264495581267,0.00461858562851076,0.00328578743311735,0.00597003708015081,0.00704135582321533,0.00497546599967843,0.00118849961127883,0.000966725347646408,0.00727731101297547,0.00543183724364162,0.00883429724161525,0.00383641704131979,0.00447108337849245,0.00551554880895861,0.00434795494169935,0.00536600343007518,0.000150655130654844,0.00333024966367494,0.0024731150224419,0.00424615809222629,0.00235251168922176,0.00476592383703623,0.000852601085181968,0.00423368811511561,0.000838963201862664,0.00663474912872574,0.0130528695448783,0.00481175407133238,0.00132178972937242,0.0021839731198779,0.00601049290226062,0.0029804284111388,0.0160116541154794,0.00669879432594833,0.00517402073803197,0.00519550058409944,0.0178308527040226,0.00175512415193434,0.02669714344724,0.00266424121613266,0.11488532461812,0.0024804183406384,0.00449206052605314,0.00104479984827544,0.00804092457851599
60.5,0.0100727640559579,0.0383136001675682,0.00174527443470106,0.0187255164906272,0.00277760179106924,0.00414262609722553,0.00307322570964915,0.00118038608848798,0.00427239333656045,0.0052104543754342,0.000866705340227249,0.0323656183442805,0.00539811636977272,0.00151777136638528,0.0119427299082171,0.00285461398161576,0.0131711487315451,0.00881289614781874,0.00228868171531854,9.26017255184496e-05,0.00242672397723407,0.0119333095769636,0.00122853028507097,0.000447952581934171,0.00156614189731497,0.00747011773163449,0.00600546168546014,0.00255009744007839,0.00250496721308433,0.0180866263977025,0.0250020341299186,0.00448056066853782,0.00300955362542342,0.0153004630311727,0.000218283780590133,0.00324941141828013,0.00329675997489794,0.00159209795015001,0.0137777571349231,0.0240592367999243,0.00190299841439403,0.0103529954368783,0.00961935540539452,0.000486099265460099,0.00569662212962683,0.00769415929793539,0.00109331302235698,0.0225977131985438,0.00805078682793014,0.000306557994380421,0.00986082504260991,0.00400927166222064,0.00388587310386596,0.032092849490522,0.00261739239504907,0.00792730378452979,0.0168437579899499,0.0365403259848853,0.0112603054979694,0.00200802805631558,0.0217912138956933,0.00977063213554403,0.000451606218618659,0.010779964051074,0.00771351306243589
60.75,0.0192611815222679,0.0037874112933718,0.00297869699513079,0.00125785442547812,0.00268112410648484,0.00447413846890377,0.00279047935801812,1.60326752745129e-05,0.00410811038592303,0.00225949979054515,0.00696561150739039,0.00336627959873501,0.00130803072562768,0.000781492094611259,0.00332732186143903,0.00493801905512001,0.0127130870039597,0.000695864509408014,0.00169105799045066,0.000855396251225666,0.00131546400982246,0.00322082230348768,0.000782255258428837,0.00400381959360253,0.00387483496802176,0.000346327344589987,0.000713102745541087,0.000342013780106069,0.00117877004453715,0.00374114230570731,0.0116322131006904,0.00564453775515958,0.000861504253450215,0.00206879696070372,0.00175379387347515,0.00581361377252586,0.00083901235561411,0.000400846913202865,0.016822069366122,0.00851287402167879,0.00312496585114277,0.00491448526260772,0.000350710764972675,0.000928660052923735,0.00462684080605604,0.00017532148208391,0.00210819629718482,0.00340358570035073,0.00326260049816391,0.000738867391611761,0.00433250133183289,0.00196782046214365,0.00470700443191523,0.00347082417306725,0.00258392786936676,0.000997958192557051,0.00371701424403042,0.0177776992149895,0.00432137464887035,0.00217216363031099,0.00361716162864274,0.00464983870115836,0.00144425834609375,0.00270953345367137,0.00107444745915047
61,0.0350786383128753,0.00683175172805285,0.0128336843364312,0.00518803200095405,0.00163429384625034,0.000828324901376603,0.000807716942593275,0.000908154303567441,0.0116978048311782,0.000641471102497643,0.0312017778673426,0.00522028132096872,0.00541933069674682,0.00118153859669419,0.0151882488458872,0.00142907830151404,0.0020401611086809,0.0007611695807738,0.00283078067453826,0.00539300230650643,0.00153684749407144,0.00041228246461019,0.000419123712862613,0.000194615527610373,0.00313609886899936,0.00312738518519368,0.000156011432417433,0.00266578311775123,0.00123208699210569,0.00609273717866974,0.0107940499067039,0.00280409118533456,0.00553782170372184,0.00170397798834007,0.00127828415416075,3.41645841297213e-05,0.000171681227750418,0.00017702437244175,0.00193382730895432,0.00142444008926458,0.00198029609593536,0.00455478206133794,0.000118761066016169,0.000730902286194653,0.000529611286446317,0.00761827677982073,0.0169865509293878,0.00527175635625539,2.95264390891944e-05,0.000546614431436648,0.00182990994663444,0.00167242860700496,0.0202927371893468,0.00304795435940154,0.00447357817054935,0.00428599656750217,0.0133599235385999,1.90291339874224e-05,0.0112771503163053,0.00145811232617351,0.0990621927844241,0.00124826792728313,0.000792444287928044,0.00149551454139396,0.000321118342121709
61.25,0.0154164689662036,0.0301187428120155,0.000653600684056269,0.00120492196115524,0.000884238634208963,0.00673440164269711,0.0011583815037857,0.00817752728174423,0.00310464340496607,0.00598638076184743,0.0127993292182468,0.0132454004693915,0.000554400598422071,0.00149203445844426,0.00131070755509358,0.00203958445831838,0.0019989961861127,0.00064008321263459,0.000259212059355836,0.00214343489130784,0.000662873831527586,0.00029462279517369,0.0020381802519961,0.00245998915067947,0.00215962260405633,0.00133407437152119,0.00110529565165196,0.00891386213378748,0.0086324415503893,0.00866510796571071,0.00194454156294148,0.0040855674513671,0.000120643295268998,0.00113136676019846,0.000110242721649752,0.00257251877925224,0.00231285601924023,0.00696896169989984,0.0176608803580947,0.00633545889942144,0.000504406524255331,0.000696340308793364,0.000979348874557223,0.00620762125636674,0.00155790891545048,0.00757108888470575,0.00550904123890518,0.00484161402050098,0.00035865529187686,0.0045219600266957,0.00203226952137258,0.0071782629425326,0.0256631445629691,0.0185193318260174,0.00513220187188478,0.00172543477565712,0.00272712458114466,0.000133609317309818,0.00266814109370386,0.000658489739897648,0.00692058783138403,0.000202314766729507,0.000680316836114366,0.00403114808254928,0.0010267150127502
61.5,0.01275387246,0.00659488590309627,0.00157377359401822,0.00643651600914585,0.00439778166609672,0.00378935985837062,0.00233401965640629,0.00628879888692018,0.0269931295724383,0.0296814182794663,0.00275293853354889,0.00144514641146855,0.00640909958068308,0.0032001887061258,0.00797671824234652,0.00346749051419924,0.00221119941480571,0.00585504357683002,0.0207758872463759,0.00193014181208513,0.00617371465721136,0.00867590292920289,0.00193783088346541,0.00235073421864037,7.91977314471476e-05,0.00233643695531333,0.000759297301383914,0.00277367684367899,0.00433979291193961,0.00558847467692787,0.00168467033623223,0.0140211828429945,0.00724932650066636,0.00676581848682139,0.0157783328893945,0.00806344067141773,0.00180498370977824,0.00501213035812979,0.000196628588265457,0.00360179428936651,0.00311168100248235,0.00357175401512866,3.65476492001135e-05,0.00199934564167536,0.0132581542946926,0.028954378440745,0.000381323909876409,0.00400030765648713,0.00141700657314795,0.00821535804898667,0.00539979449521703,0.00921994226133142,4.41296322934146e-05,0.00228062454828707,0.000814041049073924,0.00114290639713346,0.00849331159993506,0.0276181175293751,0.0155525821823311,0.0191374529924398,0.00610481338649585,0.0137137604774018,0.00418665516682426,0.0164726664564738,0.0111144803632049
61.75,0.0160881994165012,0.00873701545480946,0.00346366913742528,0.000376572910745292,0.000863468141940952,0.00131354226234039,0.0025652086621691,0.00146403009248086,0.00106022386936275,0.00290700063355956,0.00215344738415639,0.00141386710080596,0.00118281817169365,0.00217473264236646,0.00240073878359426,0.000455466021698475,0.003330858490971,0.0012052783905623,0.00364312690596602,0.00302324330253588,0.00102095432675204,0.000153998553223287,0.0023945584080735,0.00470085465123571,0.000787068406130249,0.00204846587125874,0.00319166027667324,0.00119182185666831,0.000338765566816035,0.00568436001843379,0.00104031347147197,0.0028803398617092,0.00705428254339785,0.000215365984587208,0.00024744894248923,0.000628808667971008,0.00276007222918526,0.002107080939288,0.00370144842563033,0.00269584951320382,0.00503773314939204,0.000499579813616579,0.00117127876874101,4.36506330302984e-05,0.00613822912964545,0.00918051846486634,0.00299248883241257,0.00221936315714684,0.000214954126103478,0.00274100186367824,0.000229729200012101,0.00145572527762188,0.0164940352844946,0.00513207012913266,0.00757071233239818,0.00155076207000163,0.00209459002003399,0.00542700987709015,0.00141455366795892,0.00173889668096755,0.0230366130836985,0.00166551054502299,0.00318064662463996,0.00775520844796703,0.000224519085078376
62,0.00614253540610194,0.0252590314392917,0.0118287175219207,0.00753634706298481,0.00246433915386526,0.00244970427237692,0.00082739683334568,0.0109999720680224,0.00819616344926469,0.0107936816223171,0.00156404601635378,0.0072456464084676,0.00529598879525947,0.00890343749568337,0.00639556907137162,0.0117317608220585,0.0148169408650535,0.00963462933093138,0.00320377743388184,0.00685238109238056,0.00597366227547787,0.0039967179290769,0.000659635609509901,4.30636982701138e-05,0.0115455223372943,0.00165599197296185,0.00156208638356527,0.0102245950983104,0.00202130096154202,0.00579621138172325,0.00614033334563845,0.00625578721514394,0.00986301644747201,0.0108525422442919,0.00313069737441458,4.2723654287661e-05,0.000886460037042604,0.00391725781820572,0.00670512484350437,0.0149010250809582,0.00384927675706304,0.00239336581461462,0.000320412390517484,0.00283365779593,0.00343510839257338,0.00570482291660917,0.00433398984560474,0.00500747624092421,0.00343076824763883,0.00259471161712753,0.00178314670434575,0.00993761040124797,0.00191750677682013,0.0134241390061069,0.00134568776191802,0.0010005697707953,0.00474473978326276,0.00936569906457346,0.00662100340263929,0.00664911083939282,0.0556565644288234,0.00923095915842017,9.42001475512669e-05,0.00677298621839583,0.0105192409976018
62.25,0.00189004791325743,0.00823432239783764,0.00399805833192903,0.000245279582768732,0.00147227677343009,0.0140586905133601,0.00152079648145586,0.0105539399266748,0.00383339326083275,0.018583920992073,0.00404420005625339,0.0016282820044254,0.00227041952928586,8.60577224993671e-05,0.00103503182242684,0.00476847869291093,0.0153051350654119,0.00235031956472708,0.0110046295224045,0.00632491159414734,0.000126387130386031,0.000381112966288604,0.00498143307730312,0.00605592688304421,0.00180261857845069,0.00267703314697622,0.000195651812934255,0.000650631862334281,0.0156761146349203,0.00158921520058461,0.00109621740254822,0.000419772560784953,0.00399039950498055,0.00287669201481905,0.00173551203376716,0.00669619353078014,0.00110548080728941,0.0108672468760567,0.0156784501324273,0.0125770384097736,0.00186805272931405,0.00507956652309573,0.000617683832050093,0.00538476294949491,0.00308367426386987,0.0223843551997323,0.00411835213066564,0.00584186485355187,0.00102935139403412,0.00111888063617199,0.000506525297927022,0.0149505242522463,0.020439093315,0.0063234740864074,0.00799121079763749,0.000232511724566411,0.00501220236793257,0.00117999303099052,0.000148793115547954,0.0216538222096078,0.00644318974711044,0.00121770659235811,0.00372632364487789,0.00492412288130223,0.000123815726001624
62.5,0.0115542782938675,0.0100589521170875,0.000538524524320263,8.6357481501338e-05,0.000815629731062428,6.6636257822522e-05,0.00216232297147197,0.000913948794727341,0.00195450096655295,0.00207831379595576,0.000277610006687775,0.0124016054485292,0.00637333757608985,0.00844292212976694,0.00119642736914838,2.58374255164792e-05,0.0129568149353396,0.00911932957811728,0.00515538843141795,0.00502313183891218,0.00933533468659839,0.00557166254353843,0.000990698298605747,0.0016143582893779,0.0143733964394076,0.00616885908103588,0.0113642817188045,0.00323552495578377,0.00876260851610791,0.0183143464744103,0.0126258829089143,0.00655759089714038,0.00697584331740043,0.00324386079924792,0.00495962446100462,0.0025613067332487,0.00124767568961904,0.00172164546756455,0.022680777715858,0.00110436064783377,0.000171500491362845,0.000631955977738163,0.00233328946899093,0.000334885502370586,1.17896352508105e-05,0.00338485242361554,0.000911002287895887,0.00601311352353464,0.0101124644278783,0.007457956453623,0.00241257489132504,0.00345402256549328,0.00385993593703648,0.00998046400701002,0.000400176461759866,0.0173663581311557,0.00325872025982808,0.0163834728515456,0.000392683959419846,0.0021282868279851,0.023491946960458,0.00299226096850982,0.00529880595783528,0.000308966867283803,0.00339711511181505
62.75,0.00612154789861932,0.0017601699212528,0.000637925102867395,0.00661289406555124,0.000322640698537605,0.00895690745148892,0.0010244001316403,0.000496213764007954,0.0186155428532451,0.0169239817625606,0.00194287268518029,0.00327668741197449,0.00603866443141473,0.00932011740165418,0.0249576115666221,0.00309626668089792,0.000187979311472465,0.0013196650230696,0.00271481730131361,0.000830194363976732,0.00119790036878215,0.00124312309263638,0.000306084497632157,0.00206522540381928,3.14107421071784e-05,0.00803342230351033,0.00279757781173814,0.00766407043583713,0.00167659238727408,0.000650883824035224,0.0146107831728436,0.00585886926860334,0.000299335221433993,0.011223702461801,0.00247919046039531,0.00560164974179632,0.00163074283524595,0.000995044623381096,0.00940261033650293,0.00769669332371561,0.00350038401421232,0.00251640202379556,0.00107602336826516,0.00512471737444837,0.000264886965939861,0.00395065604501975,0.000627007894246647,0.00938118669343201,0.000835266044414252,0.0151437375856245,0.00499061957162451,5.06325401000956e-05,0.00263392752312062,0.00156033726999655,0.00143543295732644,0.0085593057114288,0.0202025650278135,0.00698879764771286,0.0334706923178056,0.00285432917594211,0.147126642952784,0.0121594901714927,0.00402923195384655,0.000544939716241355,0.00276458290366946
63,0.00246214604310665,0.000857146627328312,0.00630409900612328,0.000193380488927083,0.00179751589486256,0.00361008737728278,0.00231278611742546,0.000266636035181605,0.0176315745370444,0.00644236329467555,0.00630689036047424,0.00149582321306627,0.00183527346830695,0.00541758289612436,0.0243091203326918,0.00269255860645787,0.0167130801665342,0.00223823236963473,0.00264341277405657,0.000499794651448864,0.00309090106000532,0.00109726101594457,0.00101742720433609,0.00278744541161537,0.0021654775366741,0.00192047104863976,0.00162314247725979,0.00114540103574466,0.00653781376336484,0.00556830815333047,0.0157717117966801,0.00328212769102825,0.00299995175799925,0.000911627408591545,0.000440391457824309,0.00279039274851943,0.0021823254055682,0.000516383267698299,0.00311099967704044,0.00400215649433912,0.0030017466435493,0.00264851389810507,0.00329257550870742,0.00105810464894756,0.00284362618148616,0.00013836977163513,0.00487106120840141,0.000997060242365704,0.000284152435485542,0.00320068126871673,0.00666212378965327,0.00146125262531068,0.00207437250573627,0.000902125234944241,0.00808190995683033,0.00708734289950531,0.0173141217353335,0.00287483539903428,0.0204697914338549,0.00288658074756376,0.0888013247241164,0.00226227163824752,0.00124552466303913,0.00090721684322762,0.00136327925190841
63.25,0.00510008060036833,0.000609164926337366,0.00514018244558021,0.000829114543125765,0.00135145867390365,0.000199325858763695,0.000399100477604473,0.00185670283186819,0.00712719017583807,0.00761716096201848,0.0171566384083767,0.0019025541733722,0.00139117152255901,0.00096545487881061,0.00628787492781507,0.00255911805690238,0.0045653944038575,0.00459632987715358,0.00134987734880218,7.38076477730286e-05,0.000436598142326059,0.00105897405427886,0.000706457598060521,0.000749160127510418,0.00826482000995785,0.000412333350723966,0.00042356228254205,0.00100453201694145,0.00295916397623101,0.00682729423822959,0.00533741258996459,0.00199601014571598,0.00232696270685491,0.00336003422867696,0.00140317522967084,0.000457717630366168,7.62013003907088e-05,0.000360141277553993,0.00207743514169368,0.00243502551694007,0.00419972550668272,5.56433275314935e-05,1.66035776376412e-05,0.000428315751593488,0.000778944014147257,0.00190579383732406,0.0125733960876599,0.0010259729735956,0.000798490955128229,0.00148670268254021,0.000746235787642643,0.00170743371950879,0.0106359176429943,0.000183114116908832,0.00422626681701101,0.0015493376262019,0.00651451119895769,0.00829923160828899,0.000488322547882422,0.00635465941504298,0.104167135539186,0.00972601167672283,0.00162927456693064,0.000333204947673421,0.00249314224759728
63.5,0.00467051850165584,0.00349500908389918,0.0103305887067213,3.01000452999712e-05,0.00127797513298819,0.000188106920811447,0.000680248671920346,0.00257799277376288,0.00359026778177274,0.00686913224909921,0.0032671154871567,0.0028125470513972,0.00161498912166715,0.00146147646341161,0.00237842807925282,0.00326624046305552,0.00429539882034293,0.00156642978437092,0.000676935283339229,0.00191096054129368,0.00186733743026659,0.000876394761906748,0.000229241035000286,0.000181072019727683,0.00353822919155439,0.000456029013567091,0.000590759634526706,0.00280798953859836,0.00523425595621656,0.00118628878558521,0.00928676579878258,0.00424970111708945,0.00304640696073306,0.00172085817915564,0.000401905956556005,0.00225080959502446,0.000773151673107148,0.000213080333144239,0.00152041810525944,0.00406955454156095,0.00247365864439615,0.00137405679271778,1.49247016488658e-05,0.000717633429450458,0.000703368096523319,0.00717135996669665,0.00583012580737993,0.000977937035978988,0.000106895531309128,0.00130686148711401,3.63898535735787e-06,0.0040793095605262,0.00549316358246897,0.00226312249122579,0.00479995975054951,0.0001733998505735,0.00417753760459245,0.00783900309255641,0.0051762773215473,0.00284507973883578,0.063413378913143,0.00357493056066124,0.000477938418709791,0.00282447538774026,0.00295723295362075
63.75,0.0791389138470894,0.000311882762560357,0.00375405398864146,0.00149765980534737,0.00130403651401661,0.00881106127385835,0.00120415175467946,0.000412381894358644,0.0103170906852761,0.00959108967395289,0.00845224278609021,0.000662018173836372,0.000231354164093434,0.0158460536559369,0.00535577627391097,0.00147425146611594,0.00568265059160893,0.00207681447500838,0.00345380286918308,0.000754094746603013,0.000441471605210872,0.00572532046410022,0.00167501037288034,0.00736456417966623,0.00289340305851009,0.00211102740137643,0.00168607530948276,0.0177236472663416,0.0019393555353533,0.00456409965710441,0.000108696824012157,0.0196842886257875,0.00153201705472007,0.00486788882784943,0.00339989674267447,0.008039701066297,0.00364005221988899,0.000433231282506739,0.00669987766270275,0.0018270001718461,0.000485070871982545,0.00151445842673498,0.00269945035025133,0.0054061924472084,0.000473310934923144,0.000778904560266714,0.00759142873801863,8.27047203429922e-05,0.00105064548536164,0.0170480444420586,0.00174711954250027,0.0014521206093103,0.0291225411863285,0.00149356432136173,0.004587221459996,0.000506353115412717,0.00205167669883658,0.00506868949442843,0.0136820496553754,0.00388735155253892,0.028229600926053,0.00936064731072111,0.00477799916833454,0.00145187687727535,0.00303490534409383
64,0.0337286091612822,0.0139413872768199,0.0106137882242243,0.00278068807912378,0.000435429405024829,0.000627381618890203,0.0025208275024405,0.00469345577084056,0.00445201950028093,0.000357335261883258,0.0118376335400918,0.000990693591320747,0.00446797359810652,0.00805536631120158,0.0134956303511205,0.00275861886524707,0.00588092244027785,0.0070716320940187,0.00255770845580089,0.00106449851386398,0.00424379271937734,0.00177241333959428,0.00206364214543841,0.00129043439884242,0.00785996331359118,0.0034169083822122,0.00217531751810996,0.0134483468130309,0.00394317175873932,0.0166462685722196,0.0158110615293187,0.0168578162949924,0.0028543411445713,0.00256862648089851,0.00272209444993007,0.00165919392912486,0.000693197154559041,6.65092095837364e-05,0.00891326116181524,0.00461480892822309,0.0100433833937169,0.00598407424596627,0.00100860990285008,0.00271211393918886,0.00186608941637763,0.000726811310323973,0.0138768185674849,0.001118712480014,0.000277951022700044,0.0089023832812285,0.00394867253420179,0.00172938626089676,0.0203623349701399,0.00801403640847153,0.00116368671439459,0.00105978381102647,0.00795004359770525,0.00761517294562646,0.00443594003447839,0.00124957532838314,0.0266871081595177,0.00233909594780118,0.00135713766065512,0.00143307065789242,0.00490764775059845
64.25,0.0195816579062643,0.013622612766915,0.000847439390626179,0.000538120078717128,0.00332639468486532,0.00127283645950024,0.00155558465103414,0.00147528737801813,0.0016675383908674,0.00282688766422727,0.00682639337357101,0.00527186155973252,0.000430824533691408,0.000923036586094814,0.00636110876222544,0.000576333320123756,0.00483248029154114,0.00119136700530132,0.00235229088202568,0.00283910151283295,0.0006518243955848,0.00263420559886235,0.00470217251175226,0.00380105230188824,0.000400714446397963,0.0044026319660369,0.000278819939790581,0.00251121795655073,0.00772115581233163,0.00212934453346773,0.00115853501690441,0.00432551995318531,0.00223209076701037,0.00276807749360816,0.000552322264597307,0.0016365509530727,0.00196289660994169,0.00170074637180828,0.00132185766040203,0.0104902577710596,0.000582166661063592,0.000990281845670898,0.00358576504543026,0.00259773601869555,0.00316796249881849,0.00664499556520988,0.000839999013225458,0.00727939017545557,0.0016094707020937,0.00331865967831017,0.000298876119575146,0.00234528631249794,0.00596941736153355,0.00840444673822196,0.000767842903715613,0.000263702598562117,0.00242762976767327,0.00175042642719342,0.0015558936079728,0.00702595123178524,0.00575563293411312,0.000393211197696518,0.00420822259142517,0.00232446348470012,0.00174742937512111
64.5,0.0446255853928532,0.00659307753210032,0.0117791354235671,0.000174923270262092,0.0066160332249112,0.00198753407070376,0.00279308559236846,0.00453053013553619,0.00979356111784443,0.0104297066647417,0.00227393805856783,0.000612720801860963,0.0157182387226013,0.00727306033756557,0.0174937893268702,0.0237789558409567,5.66673583483371e-05,0.00742848511377771,0.0031549594696722,0.00237126695055678,0.0114036544069795,0.00165106256053297,0.00259175570170893,0.000109146009984997,0.00138120196681491,0.0020821839330378,0.00311838778807297,0.00647529107297048,0.00846857700295138,0.00705958764717149,0.0153530740447043,0.0149274348251668,0.0101961819480357,0.00275363397161826,0.00874798341483549,0.00169066138862681,0.000475985718438497,0.0016242124557474,0.004983843213385,0.00025807290576669,0.00798285688110256,0.000128122809873108,0.00138680978404754,0.00522941571246622,0.00731368143278526,0.0021847332487961,0.00783097154474963,0.00110727766713655,0.000606367254020569,0.00347217447744027,0.00629950082840463,0.0100250364628783,0.00375150928282952,0.00122476649425913,0.00317297143610617,0.00264367075909664,0.0144078930639911,0.0369766678642486,0.0108324040886708,0.01383732729827,0.0916088054173111,0.0146459143986774,0.000235502403390231,3.57578928661015e-05,0.00611714233816686
64.75,0.0656407295620597,0.00289473074518215,0.00233468526438578,0.00113976572454554,0.000844395753306972,0.0106216973617371,0.00196077978699485,0.00611587507834374,0.00626303801774585,0.00170730617200063,0.0119864607932984,0.000703744610940923,0.0169581744595186,0.00588082651307908,0.0110217285313081,0.00265083187533065,0.00494170059665244,0.000406237835842957,0.00182969196004764,0.00254763667785313,5.50804331140492e-05,0.00420565330316159,0.00155158038743775,0.00452661208051117,0.00481521213057815,0.00932760916672571,0.00257043742954527,0.00491471233596745,0.0142945430762433,0.00317326260506172,0.0221130692311799,0.0101082726434961,0.000456711075823868,0.000159406945023761,0.000843673284797655,0.00896405799716095,0.00317803711939835,0.00708404056536415,0.00657379670222543,0.000225513283553676,0.000977870266660512,0.00580173845200729,0.000981048919390022,0.00506385082903833,0.00428076216961269,0.000217332935725615,0.00614411652290371,0.00333227047420518,0.00372015834056921,0.00774266821164853,0.00480416492350983,0.000588906903273405,0.0148726774059832,0.000210673392420333,0.00160651107881103,0.00258495530663573,0.0178784164512522,0.00351858710610718,0.0107746937786837,0.00194997610972962,0.0172246879259894,0.000924179949324118,0.00698289516845774,0.00624248672934862,0.00169248024949187
65,0.0026296092672559,0.0145968209514286,0.00521854437244788,0.00382852508104416,0.00216621659653571,0.000571230998750193,0.000145111391764177,0.00602667409840798,0.00739056456465325,0.0374762670806733,0.000952490817714792,0.00362143038549788,0.00862247514249598,0.00142087757253074,0.00494906760662098,0.00842683047469001,0.00318102458780859,0.00847334944104917,0.00128216460238794,0.00236311283364358,0.00463748878725929,0.00582055070830997,0.000915837686094752,0.000480453562307943,0.00213830402201773,0.00447438367936569,0.000539919468558424,0.0032116199103519,0.00381482937908075,0.00685448307159535,0.0163773914474591,0.000601467324920324,0.00468993309709773,0.00480993530707344,4.74319849687831e-06,0.00043794311192979,0.00120292586481111,0.00558645850712792,0.00350891475038767,0.00340407950677579,0.0035328093472751,0.0052302823973509,0.000432795065952657,0.000567215696231796,0.00188089971665066,0.0170654407807814,0.000307600612123203,0.000341005275308213,0.00198113333609422,0.00315871274792796,0.00052465234215237,0.00768999273742636,0.00305909905566521,0.00348544634825499,0.000257949518979587,0.00375851628103055,0.00920126598655073,0.0240781612026343,0.00167204414195155,0.0144158439807086,0.000919896638788301,0.015109875025396,0.00167885058561704,0.0115598754231002,0.00359062048169372
65.25,0.0146485093550631,0.000937837160937935,0.00020709230999539,0.00356527359607829,0.00268535478274615,0.00168115775629778,0.000615469561095351,0.000172232363332663,0.00678404876712293,0.00113643857608382,0.0184078067491658,0.000759344484229507,0.00414375619087528,0.00952496610452805,0.00652611294446343,0.00306489100114194,0.00827801443871914,4.60692298460979e-05,0.000248130609087104,0.000194565852146435,2.8025935338882e-05,0.00323304001327211,0.0014425244566195,2.97691968166915e-05,0.00252310778541128,0.0075064360207144,0.000858029045835214,0.00420928049621847,0.010764399829054,0.0054669332755789,0.00453953717281074,0.00943765579429664,0.000460410218178331,0.00298353348297087,0.00162813797335529,0.00148637320112962,0.00151153483693469,0.000640101881146149,0.0112960823967021,0.000249319276651663,0.00036650690897527,0.00563191307243716,0.00213664138335675,0.000543734033113193,0.00350416227731796,0.00206154507466783,0.00361727009056906,0.000391770558776797,0.00304577219470899,0.00426485053460506,0.00427662639572327,0.00107542947445804,0.00865054007194697,0.000287190828404825,0.00605841106089953,0.000477447025611532,0.00064642979537924,0.0116462225492474,0.0110227809529344,0.000926284963158347,0.0403041608524437,0.00174194012598098,0.00195838758310719,0.00224622404388823,0.00108596974319519
65.5,0.00992623675657151,0.000179893574237945,0.00215670941378389,0.000515452913760318,0.00228881824717216,0.0016929521144117,0.00124761059895753,3.36558993899279e-06,0.00868761481255664,0.00473298741059419,0.015857893886568,0.00123813475053851,0.000328777259911321,0.00246063519639293,0.000845369732968924,0.00287775105211358,0.00152392890187695,0.000335083106642513,0.00733573223469645,0.00317456138540729,0.000183874221687939,0.00381902373406237,0.00157083093430954,0.00187808869393938,0.0109425965599367,0.00149984959115606,0.00202774998334071,0.00143329738444259,0.0106977089033041,0.00182786237328224,0.0068432470174841,0.000969301370742094,0.000281566696997415,0.00201269373895624,0.00112605260281063,0.00288506169897809,0.00192811421923272,1.79064104296255e-05,0.0024400207148984,0.000819471558598708,0.00619308107098828,0.00141848512029816,0.00105467069089156,0.00117881630291702,0.00424095877733656,0.00163926767231782,0.00309685500555639,0.00168342083956589,0.00423484334668309,0.00106027601979433,4.17259775753988e-05,0.00189866970005281,0.0134376800454634,0.000642978214374011,0.0122864166030619,0.00171494067995466,0.00560101333053377,0.0204565729668854,0.00593342048435219,0.00381177022860917,0.00644851030340637,0.00159399844807086,0.00312146066167568,0.00172488629771345,0.00201666784228615
65.75,0.0148816551581136,0.0164637268350085,0.0145775200197333,0.00407714442345413,0.000518633823516496,0.000870474994095899,0.00153718618259964,0.00162131179857556,0.01115476896627,0.0154528827025772,0.0010230721913867,0.0106787763314963,0.00234208657575452,0.00259184110602167,0.00988515668931271,6.77915012447155e-05,0.0117218789583876,0.00527312177562083,0.00229302802494085,0.00484909990466151,0.00361068896439111,0.00240938946400311,0.00124057829914986,0.00242018876331453,0.00161532538330358,0.00208214899415134,0.0014154701917167,0.00106043328180345,0.00267231072768627,0.0196913144510906,0.00193880187049332,0.00149543889606569,0.00421683807744477,0.00540262253682084,0.000892552100247609,0.00199453084201501,0.0031185497559645,0.00350395261640053,0.0170955297318054,0.0113905465097666,0.000575394097155797,0.00118647023931657,0.000290414330779403,0.000717480994872179,0.00638196564139513,0.00869389224958868,0.00999405371447405,0.0126775700464895,0.0010192280542895,0.000219854817233683,0.00411881925253034,0.00128007145772388,0.00274604635068533,0.0125969013769519,0.00307467580953293,0.00627562735936812,0.0016674493812201,0.0136258599625663,0.0218336902643285,0.00829792944625083,0.0752146588811095,0.00319441578284921,0.00395949879580865,0.00483458861497234,0.00225699445973319
66,0.027179617502934,0.0043625461887231,0.00600220614610017,0.00377446609597258,0.000211584504810964,0.00342353969490703,0.00226475383907719,0.00120627452282104,0.0138781585814984,0.00689608752661346,0.0063953236958043,0.00043886249132062,0.000172020591517713,0.00885746254408282,0.0180751870622502,0.00238899136794908,0.00275621127380415,0.000989825422061936,0.0017257514053583,0.00128437209119457,0.0011419129381353,0.00524424618102965,0.000408113440881337,0.0038174100316527,0.00140735428128237,0.00690872052775305,0.00422688289799632,0.00887224649085971,0.0154934390849447,0.00129805404910472,0.0181473479315917,0.00964073561657891,0.00207460261504185,0.00190042551215766,0.000723898569831871,0.00650173820190657,0.00175182908445691,0.00055915545909021,0.00123230381355853,0.000253546042605171,0.00141001365645959,0.0070874378372357,0.00010300285395873,0.0031073573009308,0.00236948252746957,0.000885023340286815,0.00808750427187891,0.0031350750611246,0.000806029972569447,0.0113663035267124,0.00836861661892714,0.00100357850497276,0.0337117148626662,0.000806391481536786,0.00511397126461982,0.00291619812881685,0.0103768335243299,0.0104416511074347,0.00970835695810304,0.00707269339065727,0.0833606463377232,0.0144064105012891,0.00138307816161718,0.00244989477801565,0.00141046958826691
66.25,0.00574953530298142,0.00849956748672741,0.0020302227944671,0.00808690460126332,6.82434019542675e-05,0.00314134310694689,0.00169148648337496,5.6028142564883e-05,0.00674847272286576,0.00920490117473979,0.00304985296154065,0.0115484480801683,0.0102770897343749,0.00633332149210589,0.00437293215526134,4.21684126539081e-05,0.00213435013978003,0.00330248236168258,0.00227832746815172,0.000836663795498359,0.000648050048774839,0.00921196211877487,0.000272362088659247,0.00130719405143256,0.0032665472405003,0.00433962413458352,0.00166927063593089,0.00542017354485522,0.0141758691099792,0.00260938782557139,0.00377912238013455,0.00365921990434764,0.000757122542477321,0.00308567743381651,0.000756406126140262,0.00560178097763182,0.00146186648724298,0.000774953491547335,0.000847932366477622,0.00344067295039832,0.00119790264951845,0.0163367579422679,0.000163735944459257,0.0029684037880474,0.00406904039100138,0.00352700933677713,0.00280030088321304,0.00483422628033356,0.00228046161551166,0.00783307556290502,0.0025426026239202,0.00179910622914098,0.0122821292346516,0.00418328629723738,0.00696490433936773,0.00491105137506144,0.0138976501004339,0.00499959332350445,0.00610455350786049,0.00488974570650481,0.0517302206267974,0.00660709461302074,0.00142186752103244,0.000861490652287853,0.00192405953076234
66.5,0.0219061908912424,0.00115843502547337,0.00483969483559653,0.000190694197783712,6.0338708748902e-05,0.00295203052942189,0.00249773371976377,0.00178397077499837,0.0105840659824147,0.000530804380938445,0.00710272981680225,0.00115065709495632,0.00138572158370846,0.00255959305382338,0.00834976523668912,0.00183356549998148,0.00953748090983574,0.00143954964896763,4.39706297026786e-05,0.00330958944553699,0.000387688439831087,0.000290029793151033,0.000522708228390881,0.00371114012561509,0.00512326808673996,0.00246755011476813,0.000576727550199028,0.00392810140682052,0.0164518870930671,0.00127517688654413,0.00979938814753532,0.0087447535713872,0.00215728142285009,0.000180656747812483,0.000138055342039914,0.00246559364220425,0.00379435443464666,0.00301621987997695,0.00147987606581049,0.000904625897104117,0.000491700545805963,0.00142573112035462,0.000607314136377178,0.00235461977221484,0.00455358461447722,0.0014475897165896,0.00499785685007862,0.00151248975864044,0.000848352591950704,0.00429835030471873,0.00317357110450452,0.00494174981188128,0.0087266903396532,0.00145287035357463,0.000137999474885618,0.00239204189965115,0.00965948101517158,0.00801454205165624,0.0185873624393938,0.000625966054092843,0.0694854342550603,5.21677728902516e-05,0.00276382704453565,0.00180742856737958,0.00032801669163182
66.75,0.0262730065742329,0.0178150630838314,0.00109921940397638,0.00138393019715339,0.00126656101153236,0.00204373490658909,0.00186439801556352,0.00196617172218452,0.00291677573885142,0.0336396421084003,0.0040736995711901,0.0149848409644424,0.00403775206165212,0.00255981072047052,0.019081563816347,0.00045609696343986,0.00288885137133229,0.00210841318684124,0.005878440910445,0.00182640058560646,0.000444618420869423,0.00262641499484951,0.0011334734065367,0.00185304836402451,0.000729869392328175,0.0049824225981894,0.0039433775715154,0.00297204734658448,0.00127937818298328,0.00735531538438378,0.018051934614123,0.00723182416428406,5.12784259672181e-05,0.00103309505946417,0.0042565990277229,0.000851186326462299,0.00163106804777167,0.00339094756814383,0.000538371687240855,0.00771266443883245,0.000190476400153423,0.00178519508760988,0.000224090352102843,0.00159305587372259,0.00158341302830312,0.00529542096223734,0.000745969723348833,0.00745212475074796,0.00040342156614617,0.00387740520191429,0.00892176068573007,0.00196771362992157,0.00211081632736076,0.0127320764264193,0.00127485569380962,0.00308115066720348,0.0118263821109357,0.00234947272841515,0.0182934219618766,0.00412057058186516,0.072155890884666,0.000107395236052577,0.00526004957907329,0.00186430702564568,0.00205467743636513
67,0.00665617189893023,0.0141535703892199,0.00145312731308749,0.00324656737322499,0.000565200446189981,0.00136034925311638,0.00121470246071409,0.000124536732832387,0.0118281335839139,0.0142834867223714,0.00812204356733863,0.010687252224189,0.00584380699278047,0.00133212738234949,0.00836328751691727,0.000602982714637564,0.00888646384146267,0.00279731134162637,0.0063268234648066,0.00193540262730564,0.00488297861303242,0.01136644243134,0.00218619727862941,0.000585115524796923,0.000672601575098801,0.00227463264871274,0.00127219100229029,0.00103204050312377,0.00410069708290065,0.00498465735145491,0.00669890606144788,0.000625369352016001,0.00335877094020169,0.00316562262086468,0.001425441652101,0.00244040004564046,0.000236678763187936,0.000619508832111913,0.000358590560753487,0.00740590296332435,0.00275959069332801,0.00327303407091476,0.000686669815934533,3.54931196096905e-05,0.00272846174756036,0.000433894541799249,0.00475254033393857,0.00571458876828534,0.00220547264036909,0.00206878200372913,0.00662843015178465,0.00104983083590388,0.00709211746415459,0.0111785706741385,0.000105945529577885,0.00558943863798638,0.00318499034469362,0.0153441391532624,0.00619486084510352,0.00588460306472778,0.0285577506558672,0.000160324174557512,0.00417168133777499,0.00259336420042022,0.0086469088951957
67.25,0.0143513884959798,0.0140209293067128,0.00479759194002607,0.00595668015325479,0.00397545518708831,0.00356725449085338,0.000214793659375111,0.00486237173075559,0.00392775686570954,0.0126781257769135,0.0172595648373049,0.00829454872759075,0.0183535405819522,0.0144070716124957,0.0007113639504149,0.00403225714096362,0.00177075436810298,0.00196205496416093,0.000662060098137559,0.0014054236306921,0.000345592400694549,0.00259550415368591,8.50763772583971e-05,0.003148114710009,0.0211204866633354,0.00730945445430019,0.00146603784131261,0.0103820164310326,0.0114643819693789,0.0104743833370392,0.00795500944219945,0.0105566348091357,0.000224711605805266,0.00181504827812688,0.000801007432677097,0.00174349299988134,0.000219091297916571,0.00175521543923401,0.00708594446455782,0.00612627274525859,0.00183353247737348,0.00495356614679464,0.0053438735836131,0.00203682870655725,0.000714427465316693,0.00196059891700207,0.0169991917252707,0.0126280797727539,0.0132926408370093,0.00947149973684486,0.000977123869162767,0.00520959038261341,0.028866077853994,0.00997884266920768,0.0253951880197557,0.00705754768576783,0.00684914490746233,0.000657738761658558,0.00162879643732516,0.0124698228523491,0.00189862595037218,0.00431437542298288,0.000207609581907803,0.00177691008187279,0.00113063643782872
67.5,0.0207949607231678,0.00167659686413213,0.00341787797726937,0.000261994438146361,5.79897576887958e-05,0.0017011301010014,0.000451405019965588,0.000289796489646301,2.90364256180349e-05,1.13467381767587e-05,0.00386964307677759,0.000129306263719229,0.00508532336768567,0.00257312268448925,0.00153077438072145,0.000605403884425142,0.000646809955534241,0.000711154031912935,0.00135898406834444,0.000895760030834847,0.000439589605136581,0.00281533323869046,0.00258980867719594,0.00245844240137736,0.00119929997991122,0.000652609306794419,0.00104884786884225,0.00254338149748078,0.0025525539520215,0.00244646317730675,0.00120763317243391,0.0013443285489675,0.00124037041384612,0.00038703832254974,9.81795361333726e-05,0.00131150034087776,0.000202624997121666,9.70019067167608e-05,0.00260277187593031,0.0018608505337283,9.67956019705117e-05,0.00312176810896452,0.000494406160781626,0.00187804751770999,0.000959340778556793,0.000988756228734269,0.00298280261697891,0.00125278485761993,7.78984362880998e-05,0.00278581783959989,0.000375352443175216,0.000572549184778051,0.00813730222378345,0.00146837442288777,0.00237531241752822,0.00278913308695775,0.00298281208600537,0.00395770447891877,0.000722722986152489,0.00011183361155251,0.019898842646644,0.0013158504290036,0.00179619904620052,0.000203284473660293,0.000987637245235307
67.75,0.00028786176284773,0.0276792259787263,0.000722206871696515,0.0067910209313495,0.00148694417235513,0.00262966067626538,0.00728119342491228,0.000185690763172988,0.0331338917060226,0.00626671650453467,0.0157566919982207,0.0361576126468138,0.00434315377741557,0.0244908036815565,0.0264010141260069,0.00744156108664479,0.00401110944761421,0.00147605710313486,0.000638028997875565,0.000214730717604329,0.000716209797015127,0.00158304866160762,0.000493051014844105,0.000578889850830564,0.0138192599157731,0.0215052828710792,0.00375327911821658,0.0117410709048853,0.00807808644628076,0.0225490210654511,0.00819971566786445,0.00922443631688498,0.000853293918125843,0.00370178163656265,0.00093668333242623,0.000645992285705338,0.00169451505078357,7.68807319678162e-05,0.00685406784262522,0.0129366729804196,0.0032413734587446,0.00647140398045671,0.00236061312398623,0.00276377936989158,0.00727157347905145,0.000981326211812668,0.00743688680327134,0.0307337121419854,0.00379633212162268,0.0201268783624508,0.0144626744206093,0.00145449473323634,0.0101387717431517,0.0226461943994231,0.00906208715061236,0.02454150419472,0.0174939246851989,0.018811102661028,0.0436843502325176,0.0064474695218908,0.155746957547179,0.0168535054254045,0.000156603549524603,0.0023296292124379,6.57559048319783e-05
68,0.00384483476496361,0.000649072828678626,0.00583995072295699,0.000742499684095504,0.000216921777858576,0.00351479812939226,0.00177310145874119,1.87520906410396e-05,0.000953085817263392,0.000216189066743443,0.0133915215290174,0.00173582872345848,0.00118392590103654,0.00779234584996754,0.000629910685793022,0.00152908607564237,0.00507374758306079,0.00156390808859775,0.00216742463649604,0.0005924463190362,0.000570689401640215,0.00119521902237982,0.00161506860641925,0.000103834728712879,0.0080489670520146,0.00146353529333449,0.00143201305864556,0.00694814337740397,0.0141108787226166,0.00178560882891391,0.0023406444494443,0.00677599460657002,0.000579105363039484,0.000960712054588049,0.000691956527002857,0.000557092388168369,0.00166771296241828,0.00172346796243992,0.00282570308301773,0.00031590856960954,0.00673829466149055,0.00201743290844268,0.00202069658512104,0.00181485715112015,0.00285832278241647,0.00176518105566692,0.0138665300586447,0.0010929566842776,0.00525276800523924,0.00562376147898099,0.000230238619926087,0.00199739277986924,0.0164447188603813,0.000765376688550573,0.00882621169502302,0.00310373391871899,0.00465707237624897,0.0111331615178879,0.00115938096030398,0.000616909016811336,0.0185658696924591,0.00222811388979816,0.000179534035481173,2.72947939905872e-05,0.00129912011768677
68.25,0.0018076263635185,0.0079354979654903,0.00553835325750802,0.000587960383795836,0.00140638586324607,9.36199709233095e-05,0.00047975589138928,0.00237982919524472,0.00230857711870246,4.04379436775116e-05,0.0085156267278451,0.00279731273644287,0.0181254635685259,0.00730888537177638,0.00764534322394694,0.000352635199796427,0.00502487656943747,0.000977821130459572,0.00321679320759531,0.000950783592674166,0.00490978957388093,0.000782234654128553,0.000922248808591308,1.16488152378954e-05,0.00487208933710241,0.00158318824424793,0.000249267362683995,0.00786427834235995,0.00405833555425379,0.00219792887683653,0.00491344555904336,0.0109240642646202,0.0072836920129574,0.00222795936617639,0.00198148939910798,0.00239041005612832,0.000295394775007347,0.00127640245871508,0.00627297775549648,0.00623363092381147,0.00561140650110053,0.000629067059707142,0.000389043291922982,0.00125514998013264,0.00221857501803494,0.000534694852434517,0.00745355237538534,0.00361619945581141,0.000904902861352409,0.00721420560101313,0.00366200909162634,5.30002426828523e-05,0.006185550762427,0.00479502435469142,0.000235012802507481,0.000409849456592022,0.00375193189467949,0.0209647264706645,0.00836717884016173,0.0015440866529652,0.0153446226309724,0.00367905336306996,0.00321224498190281,0.0015350781144308,0.0034708756543831
68.5,0.00522584831969496,0.0173489807429161,0.0050941636231739,0.00288756014293015,0.000859408990478577,0.0028068327444669,0.000545066264467962,0.00727746862963932,0.00122100703318584,0.00565477853060076,0.00334441120154916,0.00345372693505213,0.001154475733408,0.00706009742590012,0.000518333747576519,0.00781127322447398,0.0029592585259215,0.007171810739648,0.00225625801360714,0.00364372494994017,0.00294279846182679,0.000703016015270192,0.000972039273062443,0.00214649276189674,0.00581308196120618,0.00381167872406949,0.000896929831675127,0.0174874931345711,0.00205248157847425,0.00312394518339055,0.00356386479197454,0.0210174882474648,0.00530769297662569,0.00509095942462305,0.00019739499822518,3.3349969535648e-07,8.71807217383391e-05,0.00419041450127516,0.0110554133798877,0.00530717025164188,0.00344921916465624,0.00144590612709651,0.000920754675447929,0.00704552000841718,0.000179927185752359,0.00664284042047476,0.00520244533403631,0.0010338984571422,0.00163263001374348,0.0112049852096721,1.26120576092154e-05,0.0120925480237641,0.00128118166067757,0.00502114033470019,0.000742399009884348,0.00224734977499122,0.00044846928920543,0.00567989454939493,0.000775111276411607,0.00294801347459939,0.000860983660430594,0.00130263462078191,0.000613854527718545,0.00335491906686198,0.00321246593660307
68.75,0.0214299705533808,0.00137121315196871,0.00103922949328323,0.000104108965625597,0.00102764223199241,0.00407182740483926,0.00383446328642865,0.00435242369785844,0.0182371108195811,0.0154159818573975,0.0172816678035165,0.00181975360215053,0.0018728079969666,0.00953330398457503,0.0164507229502161,0.000228879717968133,0.000478166553708231,0.000533020887607647,0.00655100067950788,7.83398392015455e-05,0.000605977847241169,0.000244618227505273,6.65907658205454e-05,0.00243108126375443,0.0045156341866884,0.00330215210818208,0.00263516494089132,0.012646256474278,0.00269220213146558,0.00226912146319103,0.00686716802064704,0.014810200965567,0.00116941858354248,0.000384346045313155,0.00118687049233926,0.00426316152233055,0.00306901753692668,0.000640827702213013,0.00458691223373305,0.000324246203999275,0.000123125238921706,0.000688857451412672,0.00230148453843252,0.00221931519379259,0.0140241952370571,0.00047260533252796,0.00561282828182944,0.000416183622119229,0.000221290458221085,0.0116539560873452,0.00568484823392961,0.00203712460703139,0.0220020404634613,0.000250979916269903,0.00917002877918647,0.00149191471348924,0.00522073779035504,0.00135609317937295,0.0313920225257709,0.000549799985591742,0.0676887701478864,0.00674672715953649,0.000147039601487926,0.00380813328462746,0.00117434804182614
69,0.00558398981618161,0.00263327322496039,0.00320638964637005,0.000973451642742975,0.000393764686165209,0.00229726124429992,0.000247242477257649,0.000901261558431359,0.00798757141090176,0.0010885952778969,0.000809299394553611,0.0028295190213112,0.000439836262571711,0.00459655041506895,0.007372063982326,0.00212028463971382,0.00963600047775592,0.00298166218098332,0.00551007449013486,0.00128691005782614,0.0017648378124307,0.00276962474333568,0.00184615574487182,0.00209927185509877,0.00176364474197722,0.00620797680034474,0.00190875511049407,0.0052030125847896,0.00208819603525609,0.00159225345151044,0.00289655815522669,0.00557572864629171,0.00171347655537532,0.000885013917857575,0.00242435711005037,0.00449855744143379,0.000222264029498801,0.000220683755227326,0.0121277641096454,0.000985293335333146,0.00180361938866182,0.00373542874955347,0.000426370054838244,0.00181619512089082,0.00112999590843715,3.16774930626198e-05,0.00431317778934849,8.78075303611817e-05,0.000431613573498775,0.00715210976942311,0.00327696449723339,0.00416575996496478,0.013342219890925,0.00234645078344302,0.0014776694706854,0.00313763859292745,0.00438434494067324,0.00836102591232815,0.00817561150042969,7.28467746354621e-05,0.0780051136344739,0.00522343316385813,0.000145376259348636,0.000710630516543469,0.00371510707168058
69.25,0.00422459127263042,0.00724970768457297,0.00582727674521694,0.000973039879922034,0.000819246746993797,0.00041792742736101,0.00167338084433814,0.00205880659496613,0.00236686407623542,0.00244278795770983,0.00464594953713347,0.00426581328999157,0.000794564990153343,0.000298545250576939,0.0130913951360994,0.0019537667357676,0.00151275804594775,0.0062985107446991,0.00095290902469061,0.0040649176435301,0.00112779734874123,0.000480645887453459,0.00101899774219107,0.000239905024691043,0.0033376546903649,0.000137643596107394,0.00134599771940873,0.000310235698416039,0.00544959238177375,0.00475915620355752,0.000399717717654827,0.00341668518282528,0.00403430248809683,0.0042720091951736,0.00038315833514824,8.74622574832126e-05,0.00103256920469322,0.000837814647472771,0.00713977781671054,0.000799606126817834,0.00145338747954137,0.000200898457369061,0.000117259076977743,0.00011951066767561,0.00424640439965536,0.00264390259755018,0.00384398260516129,0.0011608400533042,0.00332322490708867,0.000248491234530709,0.000766242484617473,0.00156915257834619,0.00149355059759023,0.00381259590631712,0.00175138622880187,0.00302498588498918,0.00858691982398026,0.0061239501393262,0.0166717137968663,0.00473956492826113,0.0555705613807053,0.000900795376558667,0.000337290632498114,0.00178372228795814,0.00179099273959809
69.5,0.00774624341495699,0.0246754432328481,0.00524676253603033,0.00157459483218973,0.00242113180187721,0.00304442443721203,0.000633278604776998,0.00636873345604976,0.00754964342393992,0.00996956649957847,0.00387840715399864,0.00910241849716721,0.000465667190096036,0.000923142801973967,0.000830279556935479,0.00185053721287138,0.00029635598876496,0.00143093797255585,0.00274595061972908,0.000175197035935628,0.00180867202813036,0.00296342164602525,0.000623893090195533,0.000305174649087384,0.00110860362991924,0.00223627390118754,0.00315179846912673,0.000596768393857605,0.000794242155908578,0.00593553592757971,0.0028940110910007,0.000363587238127502,0.0051710852107563,0.00233299208745728,0.00177489935758144,0.00192060860391097,0.00228025871516405,0.000189410189415077,0.00046556638915742,0.0058406107046533,0.00255171542621682,0.00168646822242091,0.00104709370226489,0.00081264596275428,0.00264288820501624,0.0180456415772084,0.00314293256064821,0.00655497526482461,0.00552549865251944,0.00225085756355049,0.000493417020329939,0.0077696263771737,0.00445996474398887,0.0123319323180682,0.00106285254333067,0.00452908848628597,0.000596677815073393,0.00403703381010843,0.00419112622075781,0.0176326948480869,0.0125036355188968,0.00351886837926361,0.000398629281604951,0.00564153817312448,0.00401472165620647
69.75,0.0339973436983647,0.0282808138004404,0.00118952274283256,0.00771657626189306,0.00210223030187747,0.00338125966268948,0.0037651531690871,0.0082354397728446,0.00773572735955939,0.00349396870114762,0.00174022587117532,0.0165981829894088,0.00099083363691238,0.00717779787367478,0.0111036476999946,0.00939302430846927,0.00365958540818157,0.00272989041484533,0.0015170327666901,0.00468442764767331,0.000275006515778831,0.00269374142216403,0.000604177486530133,0.00202429028690579,0.00144147863108545,0.00488244106331158,0.00456915713794218,0.0065483819843107,0.00182631118570147,0.0057833561164831,0.00978286997081754,0.012678597135347,0.000874588283703636,0.00620228227004485,0.00059496966287771,0.00246962829036314,0.00547640105887544,0.00270529899473748,0.000543084658660375,0.0129433655750129,0.000971230660855838,0.00228588820607922,0.00122747172561822,0.00427816931062749,0.00660035443008629,0.00822175242027409,0.00188170477292378,0.0161242061114876,0.00420282593107348,0.00585110126263998,0.00672982484969539,0.00933409079096369,0.00591590663180368,0.0169601186476504,0.00196899288228003,0.00576894725155021,0.00303181448997442,0.00468731059798777,0.0085431736479757,0.00775888323602838,0.0494787118993912,0.000197165201010295,0.00331860977284513,0.00453553680391217,0.000801371891137927
70,0.010608728763969,0.00614852798251531,0.00193857960184635,0.000699578677466368,0.00119977650112501,0.00319268109095169,0.00372204753613067,0.000301143125499126,0.0416689230280608,0.00771122528563457,0.000591393221224791,0.011300352156049,0.000582433639073431,0.0113926989904616,0.0252566404558989,0.00107975165139467,0.00030664278854965,0.0035896165775392,0.00147833587571314,0.00128710151815085,0.00228448201583572,0.00153860187653072,0.000558687550671383,2.66778316536772e-05,0.000518162349575813,0.00979272007615292,0.00603797956528142,0.00401734444057815,0.00653298446831651,0.00519589009840342,0.00691767684661923,0.00798438372532234,0.00118799507519742,0.000228685179505917,0.000164738802501695,0.00172446037796176,0.000722061006705254,0.000332627755787756,0.00268755332460439,0.000901447896580633,0.0001142758125818,0.00356796339724704,0.00217913592526852,0.000660580835042988,0.011969977589782,0.000892959466571941,0.000271956871610357,0.00417966569114681,0.00257467182785113,0.00820193733619028,0.0116841218538118,0.00171867838697723,0.00149014399199557,0.00444401607756079,0.00198187523018594,0.011031098745383,0.00404856509591004,0.00396711760297724,0.0279264787843548,0.000662715077732751,0.0477785875285421,0.000618129973580383,0.000482359787402836,0.004305780754747,0.00235896844390743
70.25,0.000369286946143436,0.00890165972541425,0.00301818834760908,0.00293793532713654,0.000816974465629798,0.00109168351724465,0.00140404663867565,0.00017321676963081,0.00842286517720974,0.00303416695167539,0.018561955425854,0.00380714907362179,0.00323789441668746,0.00945357883321554,0.00344126119503489,0.00106162297080725,0.0127796413892572,0.000595968376388433,0.000340863772442775,0.00072463176189607,0.000873148417225777,0.000787202995073831,0.00223916342723448,0.00153193784858101,0.00279338475419693,0.00089359277694844,4.22506639750358e-05,0.0164020487128554,0.00524344132097606,0.0155803005171613,0.00110093401413251,0.0137183599616838,0.00045249771090176,0.00303770192605503,2.52321413024283e-05,0.000635619145066443,0.000549542944535177,0.00356366543834414,0.00221811537532238,0.00825437565336203,4.73721291814614e-05,0.000340262873832796,0.00115038782526524,0.00279346081463593,0.00345407397455031,0.00160977033043944,0.00615720525062151,0.00559340850543414,0.00207248876714246,0.00942505852935201,0.001488020668696,0.00227512438143064,0.0143206139970048,0.0139035502751532,0.0070186822671689,0.000217261234395623,0.000191732395024687,0.00599672323103381,0.00559462627762464,0.00471403648731443,0.0355179372922867,0.00190480552018817,0.00121819660395575,0.00539718690102313,0.000521523976535042
70.5,0.00197517296354428,0.0130949116032063,0.00565541240841502,0.00214614293651067,0.000557477798579144,0.00140124416042868,0.00201554394680717,0.006558879907134,0.0324387074372354,0.00330836548093818,0.00979965070480337,0.00527049270229779,0.0115771728801642,0.0175161679719034,0.0109885127428916,0.0071633655087326,0.00649847023295801,0.00169975157058052,0.00463586003876475,0.00595615018714976,0.0011870446833988,0.000318440137540979,0.000800026919704279,0.00147346343953149,0.00867658776562433,0.00591572690675116,0.00057017893542639,0.00697238679401569,0.0130144892260627,0.0106978595441217,0.00107042463200294,0.0188041422634244,0.0076331481634315,0.00145266130460407,0.00102748456717162,0.000470805962741995,0.00107629030427767,0.00227165924392786,0.00747120608973356,0.00651921465199153,0.00606010076629645,0.00303109914818045,0.00021786356819979,0.00109749815335406,0.0149550714500202,0.00774244460404748,0.00560836050038189,0.00891071735056574,0.00510770957195257,0.00875406354751142,0.00319881301902858,0.00335879074518095,0.018078012538273,0.00926342513380134,0.00577018368542433,0.0070063097311886,0.00454651014562826,0.00947865720480567,0.0147556920886241,0.00674221866949627,0.0914407466620499,0.00525934790912145,0.00138441579153545,0.00630452641080021,0.000570425003474174
70.75,0.00351393766792873,0.00629186358133296,0.000141162452789141,0.00236875491718334,4.27731395350824e-05,0.00210878400099294,0.00284014536296824,0.00212591471967658,0.0094697684694343,0.00419686338272169,0.00146879582329898,0.00265033570288829,0.00157534206585632,0.00331188528056668,0.00536277820943822,0.00141718618300486,0.00345732097281323,0.000568514186104264,0.000810199901373506,0.000703012102994919,0.000787983857789604,0.000658793084295006,0.000396787238457811,0.000429351913858033,0.000666046870573724,0.00417485515639222,0.00224347699046861,0.00439324111460985,7.4039917199175e-05,0.00132235555422068,0.0061707913989123,0.0101019493678435,0.00329789750552994,0.0018624054564307,7.73968107959983e-05,0.0014215525651094,0.000756012856819201,0.00084288523685922,0.00203679925271713,0.00415476313652408,0.000460770439521234,0.0022524217604806,0.000271311489361062,0.000971735089897688,0.00553666496396038,0.004567611297351,0.000302259468197917,0.00329362832054133,0.000682346698145398,0.00653386146597,0.00534895124076448,0.000465664282370599,0.000705488125797103,0.00438875906977223,0.00121328219766504,0.00405243219288971,0.00286852119519603,0.00207445652569252,0.00775662717083084,0.00744277598445546,0.0146651252045186,0.00250893420266023,0.000426955221529496,0.00279420778979506,0.000339573500899188
71,0.00426830260921356,0.0022202172602193,0.00925102581142655,0.00151603746812101,0.0024925296454901,8.76998994650142e-05,0.000970677266289098,0.00146712298922505,0.00700675685916749,0.00613706500905064,0.00856626625328037,0.000514815879488604,0.0020199263201063,0.000634217499701009,0.00556930623355975,0.000488616609713468,0.00177706501766943,0.00158994063894973,0.000487654091298548,0.000742237110477881,0.00160176387756219,0.000573165864572266,0.000239271366026997,0.000174542716214537,0.00589158856103781,0.000541007431053153,0.000180577599835948,0.000648025750947008,0.00841160962339282,0.000228111497993042,0.00288449869858816,0.00195075445782024,0.00216016967334651,0.00384638460444821,0.00038102080132075,0.00246438956471632,0.000876678517823827,0.000928834354456211,0.000733350184269695,0.000844644916784485,0.00641214005554102,0.000182239697814531,0.00078749161698684,0.000958484384009767,0.000923802657440727,0.000230720689728958,0.00983533990612758,6.43204152885199e-05,0.00687389747872039,0.000716402604126888,0.000710989574292055,6.36965318967828e-05,0.00124921663429858,0.000530600585394923,0.00694980763368129,0.000476000654622335,0.00189829291191739,0.000159584823661442,0.00404168521779629,0.000983852209755651,0.0133016562816067,0.00141581617249194,0.000536058788636526,0.00451006112728587,0.000622794491217921
71.25,0.0141461707268851,0.00932348915232711,0.00587309805707816,0.00438587843003648,1.15854981643831e-05,0.000894164174370379,0.00181722164134996,0.000125450117093641,0.014055730300768,0.00291724652430906,0.00300568434805432,0.0066190565933902,0.00141343683063206,0.00404161658027641,0.00692379903297479,0.00356715957650481,0.00215960664786841,0.00347128909884809,0.000225755151049227,0.00320917782523527,0.00227129673537516,0.00190379694583314,0.00127705949519991,0.000408540873672994,0.0024563870756746,0.0045264533596701,0.00090545394609154,0.00530751941995736,0.0120950881104702,0.00306247345577349,0.00288226246921273,0.0116654739068467,0.00202046685433224,0.00490966755536107,0.000418945664226844,0.000389888317790596,0.00109160342079994,0.000866903489370345,0.00043811995175998,0.00441323954276665,0.00440108075269986,0.00265785499057354,0.00141177248839111,0.00282385952454451,0.00398889524065046,0.00252908804375907,0.00564385720027175,0.00433728666937491,1.09251315475951e-05,0.00592062605324031,0.00343567604871649,0.00187600644801782,0.00230901693218143,0.00567159807932998,0.000402287533539922,0.0064744084765111,0.00739718152699369,0.00151917512255807,0.0135072499111225,0.00402982237465608,0.0556006789745826,0.00288769528825914,0.00215621116896799,0.00325124537726749,0.00205958540576465
71.5,0.0213352538818083,0.00289140167716125,0.000703155144151985,0.000499284418591811,0.00110132539092034,0.00107766033675686,0.000103520846681414,0.000380441778524746,0.00392198531687835,0.0135234471428587,0.00193503327349573,0.00194180034888949,0.000145197850402808,0.0034912940503705,0.00200976868110343,0.00144543533386622,0.000771944472855017,0.000307768295271831,0.00295651349689418,1.94005119002025e-05,3.5046432402693e-05,0.00115160093481331,0.000162921037235172,8.31708684516778e-05,0.000311258716909359,0.000834873464399357,0.000479989851890892,0.00383047808750846,0.00170263288104957,0.00365776215248647,8.37704856575123e-06,0.000964702111175286,0.000382339579750906,4.25189533205555e-05,0.000327222218621715,0.00109832292737128,6.1096415213423e-05,0.000126167073173278,0.000725778839436906,0.000274894149853365,0.000191534036688279,0.00132375309991877,0.000570912685122845,9.80659869396133e-06,0.00104337664783969,0.00163695572908925,0.000163614975792816,0.000682551176281956,0.000429683942029409,0.00193203185624343,0.000495012529543937,0.000315940378256114,0.00244488572413885,0.00222471101322732,0.00159914164014748,0.000702321853697663,4.49412497928084e-05,0.00285450124928973,0.00677601766594096,0.00349345339584888,0.01698028408349,0.00163953506263138,0.00368063798209953,0.00115943173990392,0.000474170791219498
71.75,0.000402281047363326,0.00311881472598759,0.00104950359871981,0.00133210394007294,0.00143833055185347,0.00194015048482588,0.000145962191321074,0.00246650891628087,0.0049354612455952,0.00648809559701899,0.00620232818471525,0.00338437927549685,0.00389383781171759,0.00492096818256391,0.000618347774015353,0.0024405866059207,0.00541923241700675,0.00127941844267841,0.00164325201790196,0.000857500814318188,0.000255654120110522,0.000637089349371581,0.0015675470752785,2.53490180568628e-05,0.00366282400017103,0.00790340720870581,0.00305689381949015,0.0040357774599322,0.000383731103996662,0.00272122347753837,0.00302812832651007,0.00340900392523332,0.000820036482805688,0.000206888770940562,0.000121448650607578,0.00128293367151036,0.000323694874474798,0.000470748964823346,0.00655108501787942,0.00043010000062874,0.00153289151186067,0.00320188211267764,0.00120913430753029,0.00244727834166596,0.001336551155353,0.00318946551707762,0.00415384145645037,0.00346620017166197,0.00367582281859492,0.00747816981965408,0.00133190114120632,0.000866926893574327,0.00611069302014735,0.0026261689639517,0.00364828238840263,0.00735159464459657,0.00141519765260136,0.000858791594345762,0.00920101049340982,0.000822945815281155,0.0228116712610605,0.00286593860753492,0.000811374015465448,0.000505101323107841,0.000569777280148411
72,0.00323201052638214,0.00298422365719405,0.00204845306026189,0.00120448601947618,0.00117763370498781,0.00409983609188138,0.000905948618594301,0.00297392502084739,0.00421836899120072,0.0132780726430186,0.00640049138145257,0.00686545114705478,0.00866413638980649,0.00199250365039511,0.0111276278285441,0.00173240646537434,0.0070369881380312,0.00188784052984362,0.00213597910356229,7.54927304193482e-05,0.00135991227849482,0.0012511666470145,0.000355792913890625,0.000704817784824629,0.000786453258809646,0.00304126360976244,0.00252582780621948,0.00249576727609448,0.0030571922228883,0.00598816630592454,0.0195826466099875,0.00306990259752367,0.000791676875640131,0.00261833231273123,0.000182946576037002,0.00134482310467995,0.00040104736572317,0.00128150662650997,0.00465180105013188,0.00621551906011828,0.00126826121636725,0.000770232378845645,0.000672814658066853,0.00198283431455689,0.00144338036406138,0.00441775032455617,0.000746196385845148,0.00598568036098158,0.00183850300191112,0.00241751285533001,0.00475389346343425,0.00259718611090016,0.00621988536077633,0.00501877699546688,0.00218497819788024,0.0038898474488191,0.0136006287211203,0.00326978952870746,0.0102066095745251,0.00928122235485736,0.0556561970844903,0.00164310653869969,7.48108994810316e-05,0.00109924400889956,0.00163886347500798
72.25,0.0120163214840533,0.0058241680022667,0.00348565564981452,0.0024904187350868,0.000119581810341943,0.000747856363189669,0.00039451640075533,0.00221083890514671,0.00197427789112454,0.0066844787856734,0.00115444559817437,0.00188516801420055,0.00280759750909271,0.00181100865744186,7.91597682687948e-05,0.0026013324303779,0.000462544998457158,0.00040087148815174,0.00169700962525958,0.00135587243603622,0.000755072389922068,5.93910054696942e-05,0.000115911341263572,0.000179858729188262,0.00220518144247061,0.000238057269389227,0.000580747642819474,0.00101099879054725,0.00656224815058801,0.00193362252883899,4.61446586696573e-05,0.00258181421235876,0.000140760429835047,0.00301753429472303,0.000221367412069311,0.000340015097435806,0.0008835848583557,0.000250947395684899,0.00175818373107573,0.00399938353093132,9.85845294754818e-05,9.12061553337282e-05,0.000946097898604887,0.000967959410429354,0.0015313371641147,0.000900000332354466,0.0030652092192586,0.000470269326860692,0.000505765987239274,0.000938637062733547,0.000653083682302451,0.000287330564835196,0.00163875790048933,0.00378247506145211,0.00658050949124479,0.00138862340824612,0.00106538249070421,0.00764415417217982,4.23580918681122e-05,0.000720870727612967,0.0061370130936577,0.000835943535411457,0.000343258632349544,0.00022592192572926,0.000144436172431041
72.5,0.00263028627420942,0.00149987384864309,4.91454495876822e-05,0.00111089572187776,3.57535558627324e-05,0.000651555787514908,0.000269644341425139,0.000105273293743913,0.000534789984969331,0.00173354404693322,0.0138984079644037,0.00138586620523893,0.0045241054132691,0.00262753013136685,0.00138812992032206,0.00211670424414293,0.00081962161274528,0.00382271380794589,0.00203010642510502,0.000562913255241243,0.000970251920479518,0.000648890584925073,2.69635325892272e-05,0.000870303443808656,0.00206937869116251,0.00377517656579021,0.000989046640977781,0.00123028674007359,0.00432526456079578,0.0089544148937381,0.000223104644704718,0.00434617994786333,0.000792739605999245,0.0049166265722295,0.000790644565068204,0.00269558636597235,0.000488000361963064,0.000464942601641533,0.00405658007142987,0.000984789310563725,0.000135334609124216,0.0038813133185964,0.00132803239993795,0.000767797500386692,0.000204209903471312,0.000332149646043042,0.00215489772959516,0.000141405893553687,0.000887938906438813,0.00240101851192926,0.000549984245040471,7.3808819499424e-05,0.00459085224753804,0.00179174991180245,0.00515399143441434,0.00329745085155423,0.000771201990382189,0.0130107144830902,0.00148176557015891,0.000204155844875929,0.00503017267817428,0.00361818600500389,0.00121009994219552,0.000132457975969267,0.00210901329604022
72.75,0.00263923448289367,0.00281317066563131,0.000259507986781176,0.0036290657978858,0.000394276582492704,0.000965901461852874,0.000177134161408595,0.000117327997530073,0.0134593976221474,0.0062772283513197,4.58003598289014e-05,0.00322875882092536,0.00410302973040973,0.00239635442475863,0.00435229971149981,0.00019286479061157,0.00261829621038965,0.000952853119136048,0.00197975289206051,0.00182044785386444,0.00485859714832436,0.00284308171045321,0.00268361818839045,0.0016431342442214,0.00139305393351639,0.00332952544110862,8.5463409697666e-05,0.000925040446253,0.00074120946969594,0.000339128607349132,0.00229782427923872,0.00181484803100867,0.00388676998686687,0.00198599126867693,0.00306234153376555,0.00225215024954698,0.000241050386650947,0.000658820900898956,1.85243089543952e-06,0.00117916249414314,0.0011608421984299,0.00482565715305665,3.63116661817164e-05,0.0005760741258315,0.000543280654437892,0.00900400768627053,0.000714159112184175,0.000758744225078926,0.0011449335183945,0.000943858267635128,0.00112656388973119,0.000831576015415025,0.0001758664362487,0.00165867744829905,0.00222689193988603,0.00133478789232091,0.00870261885724533,0.012662776247534,0.0071695830399829,0.00230471990613989,0.0725688792380767,0.00293344125771367,0.00284301617588621,0.00302950132019546,0.00285871217576566
73,0.00542911290387493,0.000903857138334916,0.0019238163003705,0.000561954550226332,0.000388924611288335,0.000856057483124805,0.000183595392093611,0.00336765559740312,0.00197050493016897,0.00241210349985213,7.88450781088633e-05,0.000310277183353414,0.00285899696788072,0.000433332101700211,0.0109963251598191,0.00102084878453397,0.000435296303875832,0.00263641278343564,0.0009737730098971,0.00157048837060724,0.000753732075773,0.000794344902936771,0.00123226695621167,0.00209897972603198,0.00057158093756502,0.000796087886904963,0.00119245372697676,0.000780395223425281,0.00319615491474799,0.00115016704383405,0.0025291037246754,0.000237878727908867,0.00122241495559392,0.00133570678394249,0.0019819798631334,0.00232194415116393,0.000109753884230516,0.00360114283469102,0.00080261266080351,0.000822460596268086,0.000795167513027898,0.000906019206876774,0.000381679247031981,0.0012021294750859,7.07300570164384e-05,0.00807714215121659,0.000524027392729441,0.00184556032046704,0.000298220368293604,0.000770022791484836,5.12609241178039e-05,0.00213301001398984,0.000451093261049146,8.76794247656193e-05,0.00470140236826184,0.000521697866396982,0.014082590929308,0.0188871012599649,0.00216914119017035,0.00194276720244531,0.0615360639900787,0.00570916110351976,0.00254986690757382,0.00101858026249049,0.00179095013266381
73.25,0.0305570790050446,0.00388693931033072,0.00397307738387574,0.000551602177156915,0.000572393199840009,4.9094112422984e-06,0.000497218682493179,0.00379217667056511,0.000300459293291749,0.00468378259926187,0.000396011683731854,0.00670540615795151,0.00307892304657914,0.00420856719524759,0.00146077933344523,0.00258922615850958,0.00171562844090835,0.000506639230165442,0.000245405022121115,0.0078981692788694,0.000785885516624005,0.000123065131810696,0.00116988780214466,0.000779560659342262,0.00153120073850895,0.00248116584683485,0.00011757241007577,0.00025019446125595,0.000162429936962107,0.00587161034376107,0.00296860464198217,0.000461475709604092,0.000941533057518315,0.000101290944035322,0.000283789695208159,0.000295208840226902,0.00210563282542629,0.00261702099521994,0.00415730740947075,0.00091071942378909,0.000385802452200204,0.0014088887121633,9.16558825797184e-05,0.00131852027157443,0.000586939894286241,0.00737074166446161,0.00091265470436416,0.00297214003389725,0.00231382532138007,0.0014027340419526,8.7130297231294e-06,0.00443026731287418,0.00190057805551802,0.00328707660952092,0.00293755258737094,0.00470637433257734,0.00151725738170155,0.000364559978151128,0.00023380630595209,0.0065304831688013,0.00247700295408774,0.000594534045256545,0.00209683203096088,0.00355759592642675,4.07976694741801e-05
73.5,0.00342012877630667,0.00195261861672259,0.000640086375409106,0.00394807117110685,0.000292032804773767,0.000227786115241629,0.000231283637644715,0.00164355473378725,0.000692471497755855,0.00831450299442904,0.000448073725418011,0.00127691210545917,0.00353242992254977,0.00242252648300422,0.000379296197316329,0.000644768577272647,0.00754684341970976,0.00246617309838973,0.000978724913409842,0.00169973694257991,4.49319762652123e-05,0.000767979728670112,0.00345501016975263,0.000511776595067448,0.00250626219630061,0.00096053483821854,0.00150234208842492,0.00254321957074,0.000495953005841169,0.00467310178138783,0.00940168473995915,0.00184515636470117,0.00140249722919491,0.00684356849574374,0.0011542485620033,0.00115751193663445,0.000649097706008219,6.00183079302628e-08,0.0036543401748688,0.00650066349318139,0.000795357939483585,0.00183822441532742,0.00236303404787314,0.000794217623615518,0.000464370686648851,0.00120304409052063,0.000645400000853349,0.0029604830349055,0.00545239747488866,0.00187331468297515,0.00172413851085437,0.000151110723187363,0.00289526403328384,0.00322484730807022,0.000435864573393523,0.000176754351393089,0.00190638886040581,0.0102240595755657,0.000421962816552718,0.00382981542531738,0.0117041929050381,0.00383756117592464,3.64020939899258e-05,0.000898564124557028,0.000553720158874499
73.75,0.00458561720867573,0.000526568209137652,0.00187971012031526,0.000124705059821933,0.000111046124983802,0.000938622678228003,0.00031599175911897,0.000151497879659809,0.00161460879884697,0.000468585361533299,0.00234646945747995,0.00122005722778732,0.00644893095105657,0.00220075405275689,0.000185923254530286,0.00103298754109849,0.00273884375525025,6.56840823555128e-05,0.000169210201160272,0.00127313819731613,0.000105870895687664,0.000392919752054692,0.000473498032864948,0.00130198155748069,0.00164581005563877,0.000586536142768165,0.00210466114936608,0.00358898123801077,0.00434044094226444,0.000173750416402666,0.00162126752685008,0.00195425089094406,4.16492128677985e-05,0.00139644360699535,0.000487628315358086,0.000650711617088639,7.50517461567887e-05,0.000584129489679661,0.00103673633956026,0.000252974586189678,0.00039260734611655,6.83066510181427e-05,8.1454201602969e-05,0.000775613058245208,0.000462298516208807,8.21679769050488e-05,0.00140007875019476,0.00249058406521507,0.000556099365774709,0.00112845021777851,0.000746799462692998,0.000780269827512249,0.00293993857210021,0.00106659521695904,0.000446784533550553,0.000643299110088211,0.000105134594599585,0.00493014927028564,0.000303240052111001,0.000376232903756588,0.0176878336872697,0.00149919220438216,4.74223776460165e-05,0.000675698936220158,0.000371672081412018
74,0.00176112468659459,0.00281256408315921,0.000465005854390366,8.84210763597799e-05,0.000244035497819133,7.86558933545612e-05,0.0007240306593785,0.00247807424638512,0.000760047958299116,0.00395564836079032,0.00247720592481745,0.00173504416863521,0.0014550004178469,0.000377474487214932,0.00120612034415869,0.000269074766664099,0.000367284972621822,0.000886521579197439,0.00375470003855197,0.000269206199579045,0.00077830388577966,0.000605613074486346,0.000903039202891865,0.000548676388928255,0.0022256680504045,4.61603288630961e-05,0.000731322875454587,0.00110873319249806,0.000728150660077675,0.00660014405342492,0.00103810941584717,0.00103318316408362,0.000547454124555052,0.000278342439242921,0.00166201236422657,0.00153840630346246,0.000131448788483916,0.00129410392117453,0.000526304776113732,0.000125273782486492,0.000681004183511101,5.2964826686093e-05,5.13687531024157e-05,2.6586928784527e-05,0.000970499339518071,0.00305676164839012,0.00157756931359745,0.000360716404876717,0.00180649657591276,0.000109965921107532,0.000102098981009234,0.000707445599716489,0.000752461880583166,0.00181652877580511,0.000581321493120616,0.00253708350923585,0.0012573414613037,0.00773957772683767,0.000789548348446043,0.00291111937105676,0.0400349313337554,0.000905293004566612,0.00178411470133182,0.00218650100354004,0.000494180365417561
74.25,0.0593030476853379,0.00520914465760559,0.00157169405124672,0.00209565740071955,4.85023642515506e-05,0.000298972376779084,0.00197545281679466,0.000329078929102934,0.00453036681622596,0.000466418359401288,0.00151662475416229,0.00804172926650015,0.0035958750747014,0.000210519832053359,0.0189888382162116,0.00272255881359769,0.00503741980524899,0.00268219775782255,0.00132054064721239,0.0013864457069666,0.00120315656407546,0.00055730689547444,0.000212631356008574,4.54792085253801e-05,0.000667704438645806,0.000230728225277149,0.00405946241721902,0.00172708995815017,0.00243277172034907,0.00400101684074965,0.00912499722855604,8.74179066130138e-06,0.00215953581773007,0.00641327899459294,0.000469528556303526,0.000295426576392229,0.000581001904313604,0.000585567484907278,0.00128207180017414,0.00964545026182263,0.00156784602178445,0.000710065519948634,0.000890050826185201,0.0018536759896846,0.00581665610314841,0.000643222810740207,0.000827654762336497,0.0094620558257639,0.000897091513637147,0.0011301219670127,0.0127984494733501,0.000173532889420783,0.0062967908278298,0.00408637707709768,0.00144620864478712,0.000455497276186437,0.00999072917898442,0.009063528773698,0.0193057277938786,8.1007439544047e-05,0.0422019566324347,0.00217956992850193,0.000501116088112307,0.00137910408295869,0.00142980277380141
74.5,0.00815776383822484,0.000632694528466813,0.00895419469404955,0.00106555007431207,0.000545173985877455,0.00286650512377377,0.00153611657904336,0.00333066348454512,0.000125490068440131,0.00773368116659467,0.00636584200834152,0.000120874340710116,0.00597499695536085,0.012713161008937,0.00307849284137569,0.00870999145978808,0.00170240240891001,0.000423576074554983,0.000879657954831181,0.000417288533167013,0.00117254223663625,2.11451720522334e-05,0.00127800690922909,0.00461432879221161,0.0100853296380507,0.00288199217456174,0.00345150748504974,0.0123673161063956,0.0168156097072628,0.00192991804936681,0.0114786703758084,0.022076185937588,0.000899921137653234,0.00100410899532856,0.00242607542056903,0.00162744476726062,0.000141825467744455,0.00256492537267496,0.00153421361291044,0.000509808778533247,0.00190146847297139,0.00117609451876623,0.00177913766941896,0.00462398421293565,0.000269990383025988,0.00362327243678527,0.0115927401629921,0.0016934593724228,0.00525834772974975,0.010021391304934,0.00268232430075868,0.00818541791912922,0.0046043899009012,0.000463964440156472,0.0106526341741986,0.00571397522175379,0.00565360478883837,0.00714224114719959,0.00218378217495835,0.00991098644521627,0.00507706296669902,0.00347418672853482,0.000649738969811606,0.00293683206670394,0.000566495932508568
74.75,0.00365174869054576,0.00103508093525958,0.00176244958498413,0.000398332463483993,0.00346884242784433,0.00568195345659606,0.00146850347881392,0.00102687404515166,0.0036063664839929,0.00396149347860784,0.00406288886924099,0.00382917918497388,0.00253856424538504,0.0207666552960613,0.00198903327469488,0.00161359530301571,0.00230207851265576,0.00108075472003119,0.000693311790823271,0.000224034786961731,0.00110317251933531,0.00182216148142471,0.00233511065163406,4.07024519887855e-05,0.00295203169100535,0.0125757286815898,0.00109140530967943,0.0118884798747909,0.00498944032543191,0.00091397092913368,0.0137697395196857,0.012815475874792,0.00289847528089259,0.000221399148722094,0.00254487258903097,0.000521751466611498,0.00144725744901292,0.000278881687790447,0.0024390661531011,0.00118769594401599,0.00507187435137702,0.00458235071425679,0.00131949229039847,0.000555976831981061,0.0013594130041765,0.00544691638548412,0.00231919822062118,0.0031801732607255,0.00299077838781103,0.0171291529574205,0.001509423535947,0.000274997599248039,0.00267683391134336,3.78199479703088e-05,0.0020541907086785,0.00559098290418073,0.00381076007721236,0.00733680451562227,0.00115234379043391,0.00295936425534614,0.00216857857462427,0.00389042096562068,0.00205537794743314,0.00123147889009549,0.000423427597767544
75,0.000244083689711546,0.00148955230841776,0.00166592393372385,0.00155931710177157,0.000513940537881554,0.00131360760960667,0.00116447727424645,0.00112115616080975,0.000963111225246151,0.00598057887214887,0.0013386736708284,0.000182036956368274,0.00452841626485231,0.00800817958695129,0.00228477993273767,0.00146970349763507,0.00442132728595256,0.00103324153531973,0.000906901355294809,0.00136540684976866,0.000867563901882318,0.000879075873805817,0.00121340863197443,0.00192063965622108,0.000632696382306462,0.00037366489824584,0.00202722107529035,0.00548320913328049,0.00223725434481003,0.00218446352010264,0.00251631888179634,0.00975369385243507,3.23340023608888e-05,0.00377878282422768,0.00122265541958677,0.000642696293605009,0.000939151795161054,0.00068740940550754,0.00148874678302094,0.001528106503287,0.000327667396956955,0.000695536914204081,0.00108190590594891,0.000496774970599416,0.00410383079662732,0.00302409710001659,0.00127196568506124,0.000600417671579821,0.00177440745873361,0.0041826055982249,0.0024886095979571,0.00187844933464635,0.00128566074922601,0.00118375758313317,0.00013758451758568,0.0011393379624153,0.00215876325815331,0.00226854000209076,0.00359318776009197,0.00078989788472316,0.0196941744296793,0.00271674156100497,0.00158536567998459,0.00390085366556213,0.000245945999143219
75.25,0.0271756853871941,0.00251827287921219,0.000742948025574239,0.00123061664645016,0.000534729456508295,0.000249179753815823,0.000233427775967529,3.0551856252878e-05,0.00497287648894671,0.00264639410786279,0.0035571741621194,0.00431590804910112,0.000430650099737461,0.00145018557912901,0.00038256431159723,0.00210653976203287,0.00106907190705972,0.00029766715623558,0.000176192236479769,0.00384636071576668,0.000322156237560081,0.000639702542382107,0.00340757766187573,0.000780447788806603,0.00226557257578818,0.00110649429352085,0.000480007297161118,0.000996361745323642,0.00146649528877026,0.000237350531704562,0.00105539886887428,0.00275267809096161,5.04020780142002e-05,0.00258140635596094,0.00125013291294115,0.000535954754016392,0.00135391929087041,0.000614039382354059,0.000901330733119265,0.00359691144249547,0.000167048190376725,0.00061235171974494,0.000298574468237984,0.000740913470835772,0.00221126141088583,0.00101071078396433,0.00180653128957332,0.00442187908916535,0.00123307150874604,0.000145759781160237,0.000773903436717675,5.55404323077002e-05,0.000882235174235661,0.00309291324106606,0.00129173871119733,0.000100911790350063,0.0012854297249227,0.0068250631902326,0.0019271137184055,0.000393994130763073,0.00606859286168552,0.0013220373087376,0.00164525652753229,0.00549694513222138,0.000377366519530076
75.5,0.0156169916014079,0.00446596220314042,0.00555742533813038,0.00183991079408986,6.36066709880779e-05,0.000233415020793582,0.00187168073780763,0.00216077893995775,0.0104474727204136,0.00481558071866595,0.00298560671874037,0.00531454218093525,0.00188653465577668,0.00438235989007397,0.0107247916689967,0.00411821427535316,0.00623753265248824,0.00255197314224301,0.00044684510515539,0.00706713544861999,0.00312178909639856,1.33038514483914e-05,0.00123946010150179,0.000699057438605059,0.00516529981301014,0.000213998681877044,0.00200965993204488,0.00379642653471153,0.00173249708560261,0.0017410448802112,0.00343924913231809,0.0059626623091694,0.00387585567422615,0.00388531091631744,0.00054231801069605,0.00072197447723451,0.00403233026805396,0.00100304790815093,0.00188955504567428,0.00666766459350703,0.00308184589397867,8.78545493131901e-05,0.000730965254257165,0.0007290681175389,0.00654570102813779,0.000902816741746869,0.00608031000203897,0.00461104057727127,0.000207792615304483,0.00209331609085881,0.00204141410267881,0.00203489884845505,0.00418770133802556,0.00407918311300824,0.00113992933977592,0.0042082283513584,0.00610457522414219,0.00799941211115658,0.0102960239286736,0.00238342571776086,0.0445626684604367,0.00552449020500059,0.00087988589556213,0.00302356092814067,0.00110965869498954
75.75,0.0206089651910958,0.00591599948752594,0.0028725891679258,0.00617799218024546,0.00114904942596081,0.00227439358593882,0.000777341179817028,0.000562856323404253,0.00375056034751712,0.011401096590822,0.00149609454240655,0.00555703081998414,0.0010749645145611,0.0106125874012729,0.000777880082941998,0.00217806545413065,0.00449523584020807,0.00216707516753328,0.000521227802775682,0.00223992816560058,0.00223082190606445,0.00162548567542444,0.00115661587467285,0.000886257949370541,0.00494459595548251,0.00458747312806401,0.000132273187221025,0.00698830856258015,0.00122962873492559,0.00247906516802922,0.000411414276965109,0.00270400142697579,0.0028808350476694,0.00342873645735892,0.000903028142914801,0.000487616349086107,0.000639835267482015,0.00150216509435127,0.00421617162385904,5.06646975390811e-05,0.00371913281746353,0.00865109713191454,0.000517520039856463,0.000566419891765664,0.00340752709643029,0.00224669721696622,0.00488452709481337,0.000526014930358035,0.002678528482346,0.00644867539209094,0.000384096340207138,0.000205629985221853,0.0141131744206199,0.00292724298638309,0.00115423039600534,0.00573648643067761,8.75391857693081e-05,0.00474041516217272,0.000793815176979664,0.00348588722262268,0.0107838691263199,0.0026267923451587,0.0011844900733252,0.00318523976594418,0.00254437758234819
76,0.0275718233928537,0.00269809509047983,0.0011171591455046,0.00184588538397749,2.53779251403316e-05,0.000834052776708831,6.54562163264018e-05,0.000561259654507113,0.00632302602703412,0.00769691922782765,0.0032296647350556,0.000482932954841108,0.00422074855587633,0.0020230129530219,0.00148693328210274,0.00180332542826731,0.00151599382150984,9.94712836818965e-05,0.000697465516828155,0.0016610705010304,0.000870892317475014,5.39134162755155e-05,9.20902856313338e-06,0.00020251114248575,0.00177579659210327,0.00135695654321647,0.00143494677818919,0.00224513100260089,0.00273774614396067,0.00169690806334981,0.00468044942352749,0.000179482118147339,0.00230143739382359,0.00237184955166958,0.000179365536829857,0.000584454462281285,0.00137019171584187,0.000750752799145894,0.00556791699450858,0.0022060026438297,0.000923962091686767,0.000785336930842747,0.000174132270306693,0.000417279698807923,0.00123290585831245,0.000201437347492708,0.00199939704408619,0.0012525416381337,0.00081479602846666,0.00117584740131392,0.000125408947279504,0.000132211194286152,0.00924472395963992,0.00228589165407329,0.000712375553270086,0.000737114187448704,0.00154747161926522,0.0180313108524709,0.00272821421905529,0.000907314434744558,0.0089826225546065,0.00309734578688978,0.0015784118776801,3.51672679750796e-05,0.000150124515390018
76.25,0.0072789401512942,0.00123768628808342,0.00116588132117245,0.00199016964187988,0.00140098022948395,0.00431519129263321,0.00178839853152565,0.000955368456898715,0.0103019103489969,0.0051532936878407,0.000162775572197088,0.00241666429298357,0.0106473237412689,0.000670159022725473,0.0149719514435073,0.00624483894782222,0.0035999332335063,0.00118317216059607,0.000642571776349262,0.000319258898451919,0.000948772932925654,0.00152402794935713,0.00170621357520091,0.00164612997746084,0.000398904151509515,0.00452309232364172,0.000551432416998791,0.00200192886426639,0.00796337114688404,0.00791972016777144,0.01763750854088,0.00510081568076852,0.00171237911504925,0.000674293806320279,0.00312674040274304,0.00189396625655375,0.000941582443508443,0.000289488702276054,0.0016118025469829,0.0005132595659771,0.00348824667313681,0.00566655933858184,1.71020810284989e-06,0.00119772066913977,0.00225589151975124,0.00177294315176079,0.000682657810456888,0.00155188832379236,0.000140729804848474,0.0017022616683962,0.00133656647472265,0.00279143258692746,0.00213346979778611,0.00181631579940857,0.00433580345176266,0.00627644129911863,0.020697359672195,0.0235581923554392,0.0105547442513033,0.00266282986444827,0.0964077161066934,0.00139084588038889,0.00135807473530089,0.000720133379475033,0.00214072687608717
76.5,0.00206277800218357,0.00942507667271143,0.0115709667136874,0.00321201026075518,0.00144670886476981,0.00383368102261388,0.00131772829385219,0.000724824095864677,0.0231493072624881,0.0100430121810376,0.00578343979518092,0.00614926591226085,0.000104409225058216,0.0078873474588545,0.0144168034368377,0.00208202784163471,0.00355471176347242,0.00167092440536814,0.000762530330372846,5.00684896782035e-05,0.00235006103677706,0.00199272140439396,0.000854593201523684,0.00050953775445619,0.00371642244694716,0.00542135937474036,0.00164289939398347,0.00701876947003114,0.00212810724080399,0.00850296877236795,0.0118926346225167,0.0110787828296779,0.00274452558282448,0.00291247636112223,0.00265187562155428,0.000709598542025425,0.000684250512326141,0.00148754425602533,0.00381689212659051,0.00448367675517473,0.00187259934066163,0.00541748742569901,0.000944902735053729,0.00271744547969151,0.00352978124382741,0.004251134669678,0.0085831329627553,0.00308729380423128,0.000254978654708287,0.00966659292369812,0.00581576283056598,0.00288236938892412,0.00214093100111535,0.00888014826613219,0.000391272446154981,0.00564589589422402,0.0132165772087633,0.00746524472054372,0.0208284419631042,0.00848308173320845,0.120859156931772,0.00183992733389306,0.000245460517727443,0.00454239225530896,0.00112162726314964
76.75,0.00585914481518164,0.000563191398395529,0.00186920534331017,0.000130892150121909,0.000274041825207916,0.00238249719064222,0.00109599376955248,0.000464775425951881,0.00123384867052274,6.65681210311125e-05,0.0157571242306553,0.000924638986890709,0.00186929940412393,0.000146042672670646,0.000438163393762214,0.00144398346636157,0.00174410350372447,0.000105227594005095,0.00350681597016101,0.000981508953674859,1.23163896770267e-05,0.00117434881615004,0.00383450541722993,0.00183540038837137,0.00250256517354591,0.000399629967647045,0.000437936745940227,0.000204884102124509,0.00907803621527059,0.000107860497141419,0.000335205519898176,0.000584469209585757,0.00011457352353432,6.88073706721923e-05,0.00148722897857158,0.000958732629999909,0.00213812340805453,0.000269461362703298,0.00529319083366015,0.000172956597210425,9.8981765929859e-05,0.00194866007705034,0.00035430316579483,0.000280274865435612,0.00340633516257301,0.00123030502343955,0.00733333937703376,0.000427721755402156,0.00026111711264704,0.000517340115983567,5.99915007285409e-05,0.000351665364205823,0.0202155000257026,0.000306215841806086,0.00969356324525554,0.00168589165314782,0.000694829347688433,0.00196199252998977,0.000381763817834371,0.000105378038881441,0.000165102032289376,0.000290031456524007,0.001388517415981,0.00259643551722656,0.000712816273024088
77,0.00829027394140597,0.00642660883759752,0.00145408587866031,0.00134349953732188,0.00278578738802563,0.00149210004584124,0.000331085219264934,0.000879606868559966,0.00083540099825604,0.00342276577153436,0.000212919650269093,0.00486883059053971,0.000641838283262852,0.00398830983828225,0.000788034735070524,0.00290315847724876,0.00527785008470248,0.00109874091483116,0.00289496202289264,0.0033047017946036,0.000697529389001199,0.00121032644088485,0.002181746612704,0.0021347525626192,0.000674791553920148,4.04944907642973e-05,0.000390332735070941,0.00199036329577232,0.000709391242501635,0.00393485908440894,0.00158693678951536,0.00884692060993048,0.000836955860032313,0.00489816947957932,0.00218108651330588,0.00100778089719651,0.00108775220454882,0.0011797703721105,0.0101761151289857,0.00809797820213731,0.0011098603614491,0.00121866612088843,0.00119558809707717,0.000151103213554515,0.000998588169221439,0.000505049414878865,0.000968939139156615,0.000652026083569963,0.00179698194265638,0.00100573902261721,0.000143118646844337,0.000332335773283533,0.000928648019380008,0.0041474320657561,0.000521781884710202,7.2327555533232e-05,0.00210653494593399,0.00891481928352108,2.34348022147777e-05,0.00014680508013222,0.000383596344245503,0.00197874475051032,0.00163113161515603,0.00139087819570939,0.000217730634342466
77.25,0.00379866233867163,0.0116538611040016,0.0086686586156434,0.00642760288282836,0.000509273665382811,0.000118743376742393,0.00148198663304839,0.00254841896651646,0.0107992696667071,0.0150470307481908,0.00714811197678862,0.00239848322460091,0.000972977629240428,0.00079855407301718,0.00370605495121367,0.00343994463275059,0.00335844633957318,0.00382192686163124,0.000732088953563387,0.00303194109569042,0.000602805586176305,0.00136762234483665,0.00036161775633147,0.000256461891993294,0.000365411655267086,0.000135517459213037,0.000580154422205513,0.00303787835344749,0.00326305056947632,0.00110001568776926,0.000282421823836212,0.00413891013363289,0.00129653999968395,0.0108083090796778,2.25461990752832e-05,0.000411241616382235,0.00303719629395457,0.00231761556262837,0.015500463566918,0.0100175087157436,0.000439768782513486,0.000488059901971331,0.000389405165780457,0.00197543162464374,0.00778765081688522,0.00537161224689812,0.00741429026912591,0.00641391865945927,0.000360242042024779,0.00113745900906547,0.00450879062042065,0.00321803702269627,0.00400201353636438,0.00765974329529822,0.00194752364180777,7.02931686636636e-06,0.00083939048838239,0.00344071660392077,0.00442808834231541,0.00412950489685805,0.00439219801159228,0.000753736081977942,0.00026066219111162,0.0100706365040087,0.00136407200419624
77.5,0.00999871794331872,0.00810316199923578,0.00174336363704087,0.00481310626103152,0.00232763251612673,0.00287035642520995,0.000993261470366857,0.00174535601898203,0.0127370311327473,0.00991123638717718,0.00792220613408936,0.00188858757286468,0.00659374460838249,0.00428643086317307,0.0105829859287185,0.0013907913853802,0.00047102943875653,0.00190328051913353,0.00126190803270235,0.000119636308540523,0.00151692604757578,0.00120985934440696,3.8670805286839e-05,0.00010591751325659,0.0036129866383432,0.00539200492724648,0.000597760123569712,0.00477157063411403,0.00620457507565172,0.000455836611445786,0.00507575174954374,0.00614869201951501,0.00055805349649816,0.00282502263373877,0.00317880462175283,0.000695775375244403,0.00062846402824383,9.16227218749345e-05,0.00139325554692416,0.00389523897108943,0.00307745362713706,0.0074014840477351,0.000572294335060497,0.0028236203991864,0.00260870056062462,0.00345297713405007,0.00371463326645256,0.00540651334110552,0.0007010080651395,0.00773939668109892,0.00527255828214681,0.00102885855333522,0.00159507040969665,0.00441750974693654,0.00201929458318601,0.00235666126547359,0.0048710731686643,0.00198805389502243,0.0149342573540364,0.00458512035698938,0.0432311011744036,0.00339116871586907,0.000147813568627333,0.00286724998719768,0.000775435136150126
77.75,0.0115080774037015,0.00573026415261477,0.00751056953020886,0.000695288320515294,0.000262878334101222,0.00111947436592528,0.000757974657836582,0.00200148521824133,0.0056250158175048,0.0181844134890517,0.0134123724143824,0.00455861969113089,0.000707086103299217,0.00478163828238011,0.00148041101753052,0.00651043189876321,0.0106393490337878,0.00280754371973415,0.00013331490951321,0.000601190827400573,0.00136365281117317,0.000138516013037476,3.12475259099054e-06,0.000272569590215903,0.00745518742503529,0.00401330449919501,3.57449667541169e-05,0.00313732973292448,0.00100665082985334,0.00168965317574828,0.00328972727185885,0.00808004841822786,0.00214000478292967,0.00205127167942412,0.000481175324096817,0.000189455703125775,0.000263383192753859,0.000646284354437975,0.00743275939949675,0.000850191116238481,0.00591389339392809,0.00121901495834544,0.000402003483594213,0.00242417553120894,0.00142231533799159,0.00160996716183222,0.0108901723100104,0.000822425132099136,0.00219962562471948,0.00370281998316811,0.00156337879291725,0.00344060722391075,0.0167299186790878,0.00106598807547087,0.00364443298772159,0.00260791944546696,0.000662112481380835,0.0108335191722157,0.00532226166279009,0.000865686950016337,0.00586374852725046,0.00249921386431074,0.000423856292930238,0.000621112704786971,0.000644697187416645
78,0.00268409396958743,0.0115898842823805,0.000650753631187701,0.00332489952916437,0.00122360639257288,0.00110872382335648,0.00154499278096762,7.11400207331902e-05,0.00366670858640238,0.00272117347213136,0.0103089615538162,0.00608940936731607,0.00241258391965377,0.00235170423617909,0.000575077720701792,0.00595211586023839,0.000334683966086676,0.00136115869191418,0.00429313437226266,0.00082212128373256,0.00180784354841719,0.00136970518423508,0.00561777420841886,0.000777816635200014,0.00330686650551894,0.000691807431706135,0.00204659664522241,0.000142521106891696,0.00658141554823968,0.00804732751578051,0.00295092391271151,0.000468943236375985,0.000214830658934272,0.00235534488358526,0.00191232753681474,0.000116930940577799,0.00126216488450866,6.5041923826199e-05,0.00385751297324395,0.00414929141915318,0.000106081951076646,0.00139579620644973,0.00224657623657132,1.73876303501753e-05,0.00023357790125454,0.00070029136309618,0.00477288606042696,0.00563666602509517,0.00192171597151675,1.34618768341687e-05,0.00133567815639435,0.00105957505347918,0.00769546728201184,0.00616223737281059,0.00696372329556108,0.00311968734405499,0.000275493361015843,0.00124733099344747,0.00200222847356309,0.000743747844300086,0.0134693365388449,0.00174744274297755,0.00204526464077846,0.000519188299129327,0.00108191532514764
78.25,0.00500115079957427,0.00128139767348173,0.00521583611603066,0.00127722572151422,0.000195581655736441,0.00158225313601101,0.00176223956428468,0.00142281945096058,0.00231713862439484,0.000642395939307647,0.000444761611255057,0.00124416516279344,0.000930340499021918,0.00433202198354845,0.000848886046179598,0.00405101899013304,0.00423170676981357,0.000135270510904444,0.000956186181912802,0.00223347182809562,0.00228709326636645,0.000275014782096925,0.000742841226348042,0.00033428330262234,0.0010329518056081,5.62282077439486e-05,0.00108770089890298,0.00402395883608883,0.000466196720585764,0.00184444474250527,0.000456182383534208,0.00447396818807341,0.000779597794233726,0.0024850289574492,0.000245358410136966,0.000741533211572523,0.0016652884062327,0.000734709122121886,0.000636215290386631,0.00309182547822229,7.63063056373526e-05,0.000301192143969125,0.000942604030401098,0.000232498856804732,0.000978232066981525,0.00144321208368743,0.00179398015727602,0.00085984365769314,0.000335796949845666,0.0019190952306393,0.00165191105378532,0.00195313071578683,0.00240610834833306,0.00199008054328894,0.000383531957707942,0.000508718333887952,0.000345508519088949,0.0252642274224662,0.0028645761150451,8.81766779944025e-05,0.0134692351175347,0.00474200085187785,0.00110819502288688,0.000551397871686586,8.55353719437311e-05
78.5,0.00642287917614891,0.000683676861057723,0.00282782736698567,0.000404800319472045,0.000181973451510337,0.00343168221723013,0.00088220545863974,0.000141815972293503,0.006796743579219,0.00226920299839397,0.00179827106844132,0.00202250824073244,9.81284672461107e-05,0.00890317665244797,0.00379734630108165,0.00266356018786865,0.0012865336957491,0.00136246732015705,0.00100492917315003,0.000458594600439976,0.00299619525999691,0.000261577659957196,0.000619944496246013,0.00088995123562374,0.000370950180458399,0.00230172176650884,6.06636665165231e-05,0.00510068101976863,3.94379044365763e-05,0.00420563439067567,0.0029038717870919,0.00536559049968532,0.00170199193642607,0.000630507608589915,0.00211331490845162,0.00190981782250486,0.000387517906053014,0.000395054524793711,0.0037666517531101,0.00111588205314568,0.0017499909002842,0.00160069150939318,0.000451483249097822,0.000616928868477692,0.0011227265959124,0.000806520219746455,0.0025005933395378,0.00117875733484242,0.000555077174508927,0.00501636694896125,0.00121849259717057,0.000951629758294225,0.00773796506852442,0.000724855654315379,0.000187350637430459,0.00396615078194408,0.00691296472718112,0.00697863832351094,0.00464758181559131,0.00247374464223786,0.0421520435004573,0.00459149328888953,0.000804221090037394,0.000353947131668508,0.00154223786379839
78.75,0.0197108972883963,0.00251843229961439,0.00594127256907144,0.0029553442219703,0.00223138118233243,0.000689006665294082,0.000636069064594199,0.00669787497558146,0.0137282116456728,0.0194456718868837,0.00998669440050174,0.000705932257270268,0.00121432192603561,0.00066423726716157,0.00429977757952605,0.0100120228049677,0.00552440837673018,0.00482194270153318,0.00017627550830716,0.00232880409559601,0.00315296249457877,0.0030764988669204,0.000458189957087919,0.000206058432262423,0.00737314745002674,0.00377077090167404,9.77482656459872e-06,0.000666896173773822,0.00233333614553016,0.000614446989926063,0.00266137173394978,0.00288701335157386,0.00757581752732261,0.00184231407339936,0.00141784503570709,0.00128131209796175,0.000124638154865942,0.00242061757923958,0.0118139123655438,0.000415555622948674,0.0044241859925053,0.00521410155861444,0.00012526485237366,0.000477374973248883,0.00251529075342124,0.0131868655761974,0.00891783410869783,0.0031813430520437,0.00314195899502385,0.00129829325418887,0.00051130653227469,0.00799955211549662,0.0137495819656857,0.00122294522747489,0.00715314370070996,0.00331230978105023,0.00366829309694859,0.0275186598642527,0.00439119668569432,0.0151526081795815,0.050478276541763,0.0182084921182438,3.46581248197593e-05,0.00812414299272144,0.00323898512866367
79,0.00811975078769219,0.00134965405131162,5.02856086416202e-06,0.00124099569306102,0.00038620926489591,0.000575971612711773,0.00026508182616343,0.00101657155702848,0.00143604236610599,0.00141811701105093,0.00223166118198142,0.00214695029529765,0.00154932484894933,0.00031007578734051,0.000142535210686267,0.00103797195730702,0.00998836096892753,0.00025335508385404,9.98845223717011e-05,0.000580282397103828,4.4720966286169e-05,0.000347707720166754,0.00288604634672023,0.000991655873335545,0.000589466435961914,0.000639244311256741,0.000863701134170137,0.00161347732703902,0.000294823006407307,0.00382240795766995,0.000286610822102174,0.00389794652232168,0.00203048768143434,0.000869350395451457,0.00173401794543112,0.000454589016844046,0.000778865525424801,0.000781978404141578,0.00931298426010566,0.00471749772716812,0.000139811778134073,0.00146585506541497,0.00199106939116713,0.00157163057742442,0.00181270561004621,0.000494682887142809,0.000386639687175877,0.00330420468342724,0.00230340297575605,0.00169958655963757,0.000196825849001461,0.000511048617964745,0.0140199756024745,0.00301616453988817,0.000455667570429963,0.00182409808723284,0.000452327740310816,0.0215146160503043,0.000183719702888342,0.000970908109066203,0.006501274103536,0.00512159526110223,0.000717882009730901,0.00112328528796204,0.000502000552210466
79.25,0.00263447737344365,1.10493854920786e-05,0.000540703758110363,0.000166732207498589,0.000174894218026853,0.000477037629302604,0.000361565389020274,0.000110359612693707,0.00327296752894379,0.00235647475584572,0.00493784538473171,0.000322152167064857,0.00132558525086971,0.00219253511755384,0.000281949398812606,0.0013301307573556,0.000539477092684405,0.000438069689760663,0.000573303942920965,3.79336834993324e-05,9.23297008402272e-05,0.00025565447201228,0.00103840852664977,0.000213662902018524,0.00029430398324919,0.000716129729800627,0.000166558742060182,0.00202263057149475,3.06253308501626e-05,0.00180286573179786,3.76605024449072e-06,0.000187586638171916,1.21278304989469e-05,5.97944421502151e-05,0.00109995626484757,0.000641211502474335,7.49484334415992e-06,9.84001820700104e-05,0.000920645241507426,3.01478144050575e-05,0.00034180118393757,0.000214273363049959,7.70149391610833e-05,0.000473603065080596,0.0010333230158018,0.000935067605794158,0.000970437016369095,0.00056067589465917,0.0021836922799466,0.00184430277414741,5.57104200524855e-05,0.000955677654574395,0.00305520400112258,9.42077640448819e-05,0.00169923222945456,0.00143026656232514,0.000230052850859185,0.00157891299526352,7.73105804075545e-05,0.00175178529928503,0.00279882909925852,0.001225566915833,1.22570800132437e-05,0.00110517917318953,5.98377215032737e-05
79.5,0.00210666037013943,0.000300053346959526,0.0007724006735783,0.000443019569080188,0.000184366264669874,0.00245436453887125,0.000214330381230515,0.0016477291532409,0.00345048127000442,0.00502530001609776,0.00157773489304763,0.00106020359731124,0.000265140259190665,0.00107478499041508,0.00238321818574299,0.00200459023121214,0.000740132208332995,0.000267020815846539,0.000203257762530161,0.00338596275739193,0.00146990945617751,0.000162028945349051,0.000935016926167224,0.00060289385250403,0.00346361028669605,0.00159005851720246,2.9394544355506e-05,0.00102772593426664,0.00410183405435323,0.00385386570750228,0.000416540935544918,0.000186115908245521,0.000321235746154312,0.001444688820001,0.000252840802782003,0.000335363130564182,0.000141990396270281,0.000274284225686442,0.00140998734270926,0.000365859257330878,0.000658771386156401,0.00101707391769149,1.29600445581473e-05,0.000484994353907112,0.00443688175003011,0.00831664767156949,0.00184051686680084,0.000812019151718344,0.000452160882053779,0.000314580020442179,0.000316010571974627,0.00240480015829772,0.00389921811155651,0.000230879867286958,0.000993020761371052,0.00147080545294157,0.00105271533271083,0.00733117539046162,0.00386622387475153,0.00373304284604702,0.0133603450724044,0.000960014722999936,6.07275465782511e-05,0.00469365507285256,0.000652751013552153
79.75,0.0168189835342073,0.0137089638305023,0.00319073450829199,0.00811646090159081,0.000111300922103634,0.000437925460611505,0.000519092019084019,0.000912965293543858,0.0116375863588291,0.00416692163668344,0.00697780398242501,0.00526302202225143,0.00160124083931644,0.00506079265778969,0.00449321526124216,0.0010333786628588,0.0144513458892754,0.0026336142348621,0.00029425574766404,0.00158610894317092,0.00082186688497053,0.000854204981874443,0.000100566152038575,7.03853777236831e-05,0.00135947700878094,0.00161988400164669,0.000367134899746115,0.0104944456346573,0.00349423584947401,0.0101748702915376,0.00131457296052646,0.00649039424904294,0.00367747629982098,0.00603895638311368,0.000232199618410202,2.61852933278377e-06,0.000115584796515173,0.000107367211565787,0.0014672047767408,0.0114645670549647,7.08179621894591e-05,0.00363291828138501,0.000245910648169878,0.00137178197845019,0.00167463399038399,0.000301048607816198,0.000133255981665613,0.0038592904019545,0.00104874711898162,0.00374068565809339,0.00225942075760488,0.0011006410725977,0.00113168582538904,0.0125184379613765,0.00563093801863586,0.000924593431184811,0.0055184475122464,0.020538829881871,0.0160417840872279,0.000182962979790514,0.0843665700188637,0.00145687321104466,0.000367214546707097,0.000261629331413692,0.00122169033349112
80,0.0106298949726947,0.000904182021130295,0.000846565593618405,0.00133132527472269,0.000269554851516672,0.000161436993680137,8.37687832671255e-06,0.00392752504838498,0.000547361036359378,0.00571413635990222,0.00434540911347646,0.00123163484261292,0.00299307175079897,0.000924232986393721,9.45421600736587e-05,0.00121125541629913,0.00277603319669101,0.00294947833495115,0.000720090786577435,0.000907965477368155,0.00173927510434661,8.73871625956514e-05,0.000363443600154946,0.000194251255133778,0.000234018421251292,0.00222195567509795,0.000420989487271697,0.00395362971769599,0.00163907060247577,0.000962557691062391,0.00279754515273423,0.00297629162237792,0.00168373168546761,0.00222701435266344,0.000982725385584214,1.76393557622822e-05,0.000615700127403461,0.00173864175826437,0.000228068572061604,0.00219844102992905,0.000391801305099512,0.000447104608356819,0.00011374539905005,0.00390443909611119,0.00088876872860798,0.00886488431234257,9.97820774120883e-05,0.000987419902173637,0.000312250957001862,0.00346812861966163,0.000280078800068071,0.00397626083483279,0.00313196587645611,0.000404880309239002,0.00136741818008391,0.00145444334714023,0.00113787752413141,0.0164269524165033,0.00147998525849286,0.00331587858001728,0.00142593021172536,0.00181694748363055,0.000190789943628079,0.00192332162879274,0.00150675353744814
80.25,0.0102335396500325,3.81860753030163e-05,0.00350311493701706,8.15617582475618e-06,0.00234716791268167,0.00115394419661556,0.000456457213520618,0.00358495514885529,0.000956959879204665,2.84633857417889e-05,0.00230151723131804,0.000759404369030404,0.000546405488638743,0.000571212610851302,0.000104363848849974,0.000592983962827798,0.00191489938326637,0.00121574906087292,0.000312835683320846,0.00084772163902587,0.00107737165787797,0.00045013778529561,0.000358596682671699,0.00221654344410894,0.000407693725808219,0.0012503122067589,9.47045550807836e-05,0.002796675046852,0.000930487038957671,0.00177407662351019,4.77265157982732e-05,0.00139189743525624,0.001695273791863,0.000409699861012454,0.00136134331750066,0.000635809218049562,0.000385953270632866,0.00311443471346932,0.00288992028234192,0.000274776338483338,0.00383337532706625,0.000708907624383759,0.000983178178647923,0.00139623029102086,7.78319802373422e-05,0.000807872159507481,0.00287007776125315,0.00132675984730771,0.000813061910480435,0.00170597371635115,0.000205779479097148,0.00165195812764571,0.00498234953203054,0.000495175716103449,0.000793077995626484,0.000704510964129144,0.000504243320783609,0.0109365750698859,0.00060048314467682,0.000120439959669739,0.000838106410963519,0.00281396331335405,0.00127627631299543,0.000438426278122346,0.000233686995105069
80.5,0.00562283847512498,0.00164052848584135,0.00432600433253765,0.00141985935635564,0.00181142378388487,0.00216946616131256,0.00112501864316468,0.00424403428320827,0.00634908158349515,0.00828557094272588,0.0235909446976867,6.0436493656091e-05,0.00398486024277013,0.006187922568478,0.000150510936921416,0.00082920715688026,0.00854519426540168,0.00471390156903635,0.000642520054686387,0.00160773466503008,0.00347320530718004,0.000262390356743101,0.000347187089105483,0.00182536860713299,0.0123529282433817,0.000843911987303023,0.000685431008007432,0.00648417634963694,0.0122564875837139,0.00212710096847685,0.0025032824386675,0.00962550019789149,0.00259225732804097,7.75630370238685e-05,0.000677085493186079,0.000314589256997324,0.000585106915968246,0.00230056593263318,0.00785005553947914,0.000678584498502555,0.00424853622748973,0.00296095398722532,0.000755153759684273,0.00251418532228641,0.00418121912261578,0.00700743873555378,0.01129473507659,0.00322497526368418,0.00383601779394264,0.00498168941699481,7.12006346246277e-05,0.00402862387678615,0.0137025356599239,0.000274764902851349,0.0117432576048274,0.00109743524360269,0.00266123093043188,0.000507357578944454,0.00484684887359728,0.00350668061439761,0.00223578980497249,0.000448066866462921,0.000920407483101776,0.00396279559672492,0.000389930076614519
80.75,0.00600494728273735,0.00309651136728883,0.000395205028699042,0.000526962774265224,0.000587353542551265,0.00331820352813177,0.00165312418267765,0.000611697317139481,0.00561703339537201,0.00482662055475765,0.00596787889309769,0.00298343519842387,0.00205430616440427,0.0107610102739121,0.000572382333767511,0.00246480227843819,0.000338096455728269,0.00253288301909167,0.000170403220740209,0.00253966898540817,0.000538820625128688,0.000835482421135355,5.16518239173311e-05,0.000224074000122924,0.000231788021479485,0.00295312187534003,0.000226513389617,0.00303763959435235,0.00135068834293137,0.00188221865565761,0.00693060806131271,0.00511819632202325,0.00184046745043113,0.00209479360015582,0.000135641908971837,0.000662896823530874,0.00256606899378584,0.00112577108965134,0.000981505333240889,0.00109356853709662,0.000140397355523021,0.00171794800754181,0.00049281134326974,0.000426838722489041,0.00409584347496285,0.00464734948160884,0.00317459637849832,0.000249431589688424,0.000467720192372834,0.00714357340778732,0.00227227428305826,0.00144308705506898,0.00334168444009492,0.000485320861980001,0.00125802168385499,0.00630119545752324,0.000943734028766904,0.000293112078916388,0.0018056847865905,0.00275866121039791,0.000990631930183374,0.00228070596540614,0.000578259560074898,0.00337147266580368,0.000323765445794563
81,0.00203138178697815,0.00340759300812369,0.00442479845411071,0.00190943500737195,0.00092189286715368,0.0021825852210062,0.000283822623001627,4.74011578564324e-05,0.0240047113056535,0.0149437678418076,0.00129670166765158,0.000291372895497181,0.000165905103421805,0.00148258465111019,0.00958423176580168,0.000126987589838986,0.000711956132165544,0.000733069631011173,0.000756086807973783,0.00018987117479197,0.00174643577153704,0.00108473808255668,0.000699871170325878,0.000543020460737345,0.00291132481959885,0.000911677598635814,0.000100701702798233,0.000424350163707741,0.00345762431935883,0.00196002459434017,4.02289772344628e-05,0.00233342259187249,0.00114300433281666,0.00159195079479768,0.000959864554841174,0.000294251228035345,1.44074945283068e-05,0.00137709253694681,0.00321460094878426,0.00135786717379016,0.00227476932982735,0.00131623497674858,0.000289078056991043,0.00168246221844769,0.00130386887186513,4.76695001426853e-06,0.0034289427224152,0.00130976475020531,0.00184010936113141,0.00046509758624013,0.0031223730373867,0.000146004361950461,0.00948494285455116,0.00179184523124857,0.000116013861561875,0.00189435676833364,0.00763817308761525,0.00601326872080694,0.0103569372898783,0.00172383953482158,0.108184677409776,0.00370128226265878,0.00146915575308692,0.00114881812175643,0.00180176922690637
81.25,0.00481413709154377,0.00424242532830248,0.00046412717742746,0.000264517329617787,0.000415119320644331,0.00438274309526344,0.00013190161081124,0.00166151178785437,0.00651505841617393,0.0053698341423801,0.000950170499900382,0.00140591754444327,0.000314925215646685,0.00139626447188318,0.00208925525052925,0.00116722111024527,0.00468034579169993,0.00118843493216282,0.000666535776640721,8.55055635822827e-05,0.000826462079398386,0.000561016908370656,0.000139231665140829,2.75574049549181e-05,0.000258196536678051,0.00119956293772731,0.00119004397719375,0.00410942886997523,0.00296872991212386,0.00178619309556841,0.00127604413572763,0.00128839585769751,0.00164033355829657,0.000724876136963313,3.11384526476428e-05,7.06031415304846e-05,2.32912125948e-05,0.000375644396172709,0.000106857826927003,0.00307159036489358,0.00129632966457616,0.000569631662080118,0.000750017472142102,0.00245589611511346,0.000787613147620897,0.000637997902012468,0.000419831775779696,0.00128872823944384,0.00250701909984148,0.00219654239440662,0.000893885633046153,0.000433889912897007,9.12533860096483e-05,0.00190869465688024,0.00218776906549602,0.000754863765119413,0.000121539345332943,1.20599774851111e-05,0.00404805417902859,0.0041016591211545,0.014902549018692,0.000388765442806905,0.00019600604778332,0.00153653502755073,0.000465338473542123
81.5,0.00569473216711169,0.00370603344757738,0.000526181719085341,0.00246497690520938,0.000870984363620729,0.00219308792864074,0.00223047249586187,0.00114854196706431,0.0136563080206894,0.00947592802130984,0.00420902097639207,0.0018867542293615,0.000386359334264253,0.00341696400664316,0.00256449210105567,0.000377640012459879,0.00214036948020782,0.00103131311518091,0.000703286394579543,0.000605443232252706,1.89214168084177e-05,5.39722090872766e-05,0.000828563059625355,0.00189880622083117,0.000922683182131857,0.00172314470129013,0.000319346414490688,0.00146300084645826,0.00357313268008413,0.00843567629295385,1.82201298793931e-05,0.00421439067670051,0.000262074955896796,0.00185281730155197,0.000616663107090323,0.000739326470036815,0.0012191211511711,0.00045900262019986,0.00322458281769674,0.00299907973844396,0.00088575572604476,0.00101563598617398,0.000365326611102142,0.000122742836972391,0.00593212132075269,0.00149587460877271,0.00171790322438555,0.00323844378800283,0.000250935382431823,0.00213552465981151,0.00219375482886897,1.24539602063002e-05,0.00220377829526934,0.00374714146743784,0.000305607806879189,0.00217698562463361,0.000576110442344623,0.0134184511789142,0.00991141759311696,0.00242006231154571,0.0438208543393509,0.00243545794932851,0.000550412743210502,0.00273870856841708,0.000111752556926038
81.75,0.00360142619792588,0.00200340222040869,0.00065680615845938,0.00230195880575555,0.00088800813450661,0.000411628800022128,0.00211407085440174,0.0001563729790657,0.00800275615091745,0.00301229091400302,0.00272154037131553,0.00176370520829195,0.000394420312039783,0.0109313804482331,0.003803708229656,7.65040564487449e-05,0.00324033945627419,0.00023189908070944,0.000367548549458785,0.00169849637744258,5.73056661000892e-05,0.000744529800006562,0.00152704287650082,0.000318005154223843,0.000886723261703421,0.0024593768408957,0.00113873567716292,0.00681652945889338,0.00603665859525176,0.00615175293303045,0.000350556306833975,0.0160899076466089,0.00050365311018464,0.00160380557177647,0.00047804331937259,0.000975379066108517,0.000234600722578758,0.000226410158415169,0.00131747335517229,0.000448016226348792,0.0001885438045206,0.00143485939700358,0.000919168052942688,0.0005678326978113,0.00379520831403779,0.00199098137034899,0.00150524159587098,0.000535835702464509,0.000693802961707916,0.00730817297732675,0.00377332856198011,2.92695192566842e-05,0.00972244534329362,0.00254281757761086,0.00126682495922415,0.00362598275537264,0.00100912349930582,0.00148152059094342,0.0130525172608829,0.00149758452050053,0.0537093772633836,0.00270400280778609,0.000715788492375214,0.00259907504375111,1.90457146551688e-05
82,0.013742812616391,0.000697370344518132,0.000621297784021442,9.14114180363715e-05,0.000860437000287889,0.000547271797864389,0.000398008761056722,0.00298588035947543,0.00223337073377616,0.0151728666326887,0.00650845723166153,0.000187461990136762,0.0016250489488987,0.00155685082255534,0.00375063781303832,0.00791156663633508,0.00635667668315328,0.00181330499999893,0.00682623122794168,0.00030478926138547,0.00207837106793212,0.00132838225119771,0.00072926948881632,0.0036784845393377,0.00347185263507014,0.000738078559648536,0.00179278784299695,0.00449166297451486,0.000553301824589317,0.00069438727930708,0.00720248559973583,0.00173459360033918,0.00126603644540887,0.000231256040407159,0.00227227509314828,0.000696489218836891,8.32386424128672e-05,0.00398576472013596,0.00384522459514171,0.000763506592254885,0.000535900812889021,0.000351033383523257,0.000407303690589791,0.00218201109369009,0.00174424932874277,0.0102771314002922,0.00084849921608178,0.000486544975247335,0.00189282361280815,0.00119692000802382,0.00151194896240503,0.0101502162797376,0.00181347895437836,0.000621303182903671,0.00234033179748088,0.000527692356914341,0.00474919766299134,0.00752587052627274,0.00547310409976527,0.0152580626877777,0.0224330499524119,0.00438554733720974,2.94029396353548e-05,0.0040248476985566,0.00199412386601125
82.25,0.0134735977940652,0.0154782172746404,0.00321347188237381,0.00431593505206514,0.000185371235070263,0.00477360095081539,0.00499804559914364,0.00272762313393612,0.0194995757714013,0.00381043552713151,0.0028961661744093,0.0057826127281923,0.00211214672515145,0.00317231207475506,0.0155540404979275,0.00130101637065194,0.00688543939549508,0.00632011470413818,0.000945206063516484,0.00162006541171445,0.00135373716836636,0.00134994486513454,0.000502958564173444,9.32598662385919e-05,0.000166441915323704,0.00356875846117658,0.00270113383874067,0.00045332476217075,0.00509872186278572,0.00178333280099958,0.00933509037104611,0.00294707759519326,0.00366031855359899,0.00494174233947039,0.000187540055824011,0.000545075672582509,0.00180203936653349,0.000310321822344765,0.00560588248689133,0.01091038260367,0.000147285686024581,0.00100510948879703,0.00189577595950602,0.000260839684580115,0.012506482464069,0.00586808343506754,0.00187049821750235,0.0149150489899049,7.78588011231695e-05,0.00326079207007274,0.0123193723557075,0.0023607939916427,0.0014763949550513,0.0114974764064309,0.000311737033063138,0.00880209077891078,0.00301506783247017,0.00997435675811926,0.0253457298527537,0.0036270436135,0.0698031531489028,0.00323115328040706,0.00051803687790071,0.00710539138361768,0.00148893352881706
82.5,0.0125309059353383,0.00241999393943082,0.00476090671943311,0.00267132524039122,0.00144840193336624,0.00250015550659639,0.00173558094700385,0.000658621135305095,4.04047081432575e-05,0.00117788995191547,0.00138537416082023,0.00391909758352621,0.00229634751478563,0.0159276381692713,0.0045779936862489,0.00192048382533642,0.000289530947530365,0.000291050262040625,0.00100536639180926,1.2449774617379e-06,0.00227359657524629,0.00074330771883951,0.000766422326061391,0.000144618277684572,0.00303503575455045,0.0045907247263749,0.00392966718022359,0.00741704794949633,0.00177175897572885,0.0042340495303068,0.0102948655492635,0.00849278745305483,0.00094920434971968,0.00112257396726375,0.00175405991686571,0.00100941456095439,0.000603168125539261,7.2687401211888e-05,0.000398664075328499,0.00171166752697064,0.002160173682022,0.0023621196258256,0.00158954874348739,0.00113087629728836,0.000605898086969647,0.000319689794549823,0.00454698441699878,0.00415694966336705,0.00215187175876348,0.00947723815360092,0.00477963537225098,0.000794539910317392,0.00264760860854482,0.00188854046523952,0.0072328054076668,0.0100767856886997,0.0022208706597474,1.7916922350583e-05,0.00396513141173308,0.00086826889057018,0.00389302569560026,0.000551771499808814,0.000499504783671604,0.000959720786746482,0.000466201880253201
82.75,0.000978130573046988,0.00196829694487518,0.00592175806820621,0.00193281799531108,0.000823246511692449,0.000233211347825348,0.00038331321743927,5.82311208986659e-05,0.00387316295039816,0.00723691277883093,0.0018036764976082,0.00131339206881814,0.00126659883311983,6.20000022437208e-05,0.00164453425594171,0.00165504928183962,0.00153085786460664,0.000261557103097392,0.0018458330538248,0.00140900133922565,5.52118015354392e-05,0.000354247227450732,0.000499606137549567,0.000129069192693408,0.000127289479047589,0.000253681122561137,0.000801605377200361,0.000303538979560537,0.000257726122517141,0.00334429769741867,0.00348244788293225,0.00119638117426331,0.00090781504824494,0.00110543215096227,7.79055380367091e-05,0.000446151996950627,0.00029339518480371,0.000676545697764921,0.000848308911939297,0.00231195958591058,0.000236640463433882,0.000816086034668582,0.000138328171139307,4.8103588458475e-05,0.00117139275193985,0.00299658476416299,0.00225629544856377,0.0014195552123262,0.00287463862557056,9.25783939659678e-05,0.0016276623592729,0.0018603061930118,0.000256844627881577,0.00278527625027974,0.000192964522941239,0.000177088535839406,0.00185331139954535,0.0012424785229286,0.000215074785002093,0.0038703972042907,0.0140443405022526,0.00130803947051452,0.000668786173354222,0.000115768299157026,9.05584726913082e-05
83,0.012062054598627,0.000637241441016479,0.00164829560446411,0.00136671317523408,0.00100741461328436,0.00131291341205376,0.00221597858813795,0.000573356257706842,0.00427286183145797,0.0111521917919121,0.0163497743395873,0.000603288482134525,0.000487791969243173,0.00899050053012822,0.00203788922422489,0.00121090935841263,9.60371918511188e-05,0.000342782642337877,0.000467366081667207,0.000775181130994591,0.000195691771925745,9.79341016335332e-06,0.00031742204926116,0.000620410593969602,0.000935573977751031,0.00189509897238441,0.000887280286338984,0.00745891992579948,0.00955955804818684,0.000168798010664485,0.00158552405627719,0.00527410014057552,0.000166455673567355,3.26006610559408e-05,0.000146921040553717,0.000160610567466403,0.00228794006572736,0.000202038738751896,0.00433503186125343,0.000136152370652857,0.000357839790284789,0.00316697779327327,0.00191430972811534,0.00069765829320129,0.00266328864243433,0.00186010383466888,0.00582621331063745,0.000432201351212399,0.000843884057512567,0.00589422937982022,0.00130747558231972,4.80638895215772e-05,0.00963824847108088,0.000463895482322364,0.00764866678727185,0.00430352693282924,0.000625439719609194,0.00915892028834742,0.000921494990286683,0.000534905831653325,0.004928353947098,0.00173425906238038,0.0007110064328278,0.000662128981699421,0.000267819185892239
83.25,0.00650756359108629,0.00209928675205077,0.00131143376296436,0.00179981653620561,0.000238569602240853,0.00297150340621384,0.00117971100913759,0.00017092386114988,0.0145901742087948,0.0178483478514296,0.000589962320121024,0.00129745983041232,0.000883780878944497,0.00163067540326927,0.00712086700300377,0.000800371782296507,0.00302136871913088,0.00154464213567974,0.00201843431397041,0.00108723399010092,0.000860427097000527,0.00313935310180485,0.00119544755044687,0.00223250687161634,0.000823924013885581,0.00286219302947852,0.000237237635710623,0.00326682616603679,0.000359168483395162,0.00028606944423309,0.000593751181902894,0.00146920343500884,0.00123891113688217,0.00154127617402379,0.000305675857003467,0.00300185559028873,0.000362878241743449,8.29978798719765e-05,0.000795472187299373,0.00124291512439376,0.000506492660712266,0.00269187951169253,8.79333733216268e-06,0.00421995583313973,0.00313494590684139,0.0037731111881231,0.000875710658390788,0.00227825727803285,0.00232075467563877,0.00315745564231319,0.00375078590222672,9.70230597465678e-05,0.00166467266357816,0.000294708873051464,0.000549343479028362,0.000887050193865321,0.00320875401404835,0.0041877461631599,0.00995557117691225,0.00592053482003089,0.0451819146462922,0.00483544789450719,0.00211541960161081,0.00213229296005412,0.00109301759967213
83.5,0.00714133179901976,0.0055597482947304,0.000119400898924163,0.000415176754370244,0.000149705472297949,0.000176253619375777,0.000355744368374977,0.00014717972235373,0.00122726840511383,0.00300382512774178,0.00792828345480524,0.00473313669981056,0.00524261850562364,0.000896546402674526,0.0024240282713429,0.0054263713540477,0.00265007937546852,0.000510672228715199,0.00107012589304508,0.00197838409650244,0.00107386172522482,0.00108498339446688,0.00111234683075215,0.00158004862000225,0.00125723871652741,0.000144484457869201,5.41601419348068e-05,4.4067518066912e-06,0.00952381050650893,0.00306526543185771,0.00248637866901577,0.00069147386237458,0.000276840435493144,2.52869546727578e-05,0.000394157846876557,0.00129259255104568,0.00135613818007303,0.00137679969871792,0.00196544338433368,0.00178442851589031,0.000586488833844821,0.000687077003547638,0.00098524512398504,0.000184843738124233,0.00168960969350344,0.00210621629425676,0.00100965112318434,0.0027743688159996,0.000449915848514143,0.000771963706764755,0.000233917225422968,0.00162665646070787,0.00763033765439562,0.00442169717662433,0.00651888167841324,0.00319066393653667,0.00142405493625194,0.0261096154793269,0.00238932948271103,0.00355056716384362,0.00853576698376778,0.0113517260433692,0.00382454534533627,0.00041101562149442,0.000590066182591076
83.75,0.00975421277162041,0.0030659984936859,0.000203833691221325,0.00055804099332101,0.00113552110892643,0.00043774320611646,0.000161306621002691,0.000959462903502625,0.00330625261154214,0.00244126053370872,0.00588796957771982,0.000677088253161196,0.00263654357116172,0.00261999298244138,9.37553326578277e-05,0.00110689328126623,0.00550857933407516,0.000191456083362225,0.000440033608552689,0.000874145581264329,0.00125502319484073,4.84715631628828e-05,0.000135014409061047,0.000106648337670271,0.00380770132980665,0.00130361656690317,0.0014269114175254,0.00672867247272874,0.000100480240445122,0.00201811891283062,0.00100327203880433,0.00109118779142597,0.000410039682033714,0.000933357440526004,7.86443737744928e-06,1.77088226996968e-05,0.000726040275217922,0.000450958555251417,0.000652818907234277,0.0032996151915307,0.00032236943989242,8.4718005968597e-05,0.000493562248222999,0.00210947889622984,0.00157970662884111,0.000128722838754491,0.00224154456462387,0.00204494017574221,0.000158833107121211,0.00266248881457863,9.95941584941501e-05,0.000951989224292549,0.00396646326003689,0.00258849147907519,0.00353856778858387,0.000721161521796914,8.48166771351052e-05,0.000870689794306082,0.00013997119777903,0.000636697207852324,0.00307657070357202,0.000766161028567006,0.00025878032198043,0.00181171667158021,0.000695193715432466
84,0.00253273082164024,0.0055300688044143,0.00115711015111828,0.00148792984745024,0.00025726937391369,0.000408466374102821,0.000704450990694489,0.00295197819966396,0.00170140670097506,0.00268147323029944,0.00093632023177732,0.00261598442604834,0.0013867875515622,0.0064190907900805,0.00270673013154504,0.00214973418171266,0.00537382973743938,0.00228161820115638,1.8347674204145e-05,0.00080202712037782,0.000757174134091013,0.00054725911827803,0.000400888897989748,0.000104447338600148,0.000940575282606551,0.0024507730113694,0.000255743201354418,0.00751175620022776,0.00217657435574033,0.00337650013248797,0.00472956361460123,0.00427063472104859,0.000823477801451211,0.00209021977480372,0.000405992988854447,0.00155007023947762,5.16419224645187e-05,0.00303201618187009,0.000180561821279886,0.00544473106460009,0.00085978598756085,0.000592674630387911,0.000165776930307554,0.00270234854693365,0.000942155902021723,0.00406040386826534,0.000854526348881641,0.00326144767585579,0.000602580131849083,0.00425096823241751,0.00112303541244294,0.00407531733409644,8.47465448586468e-05,0.00374031528176335,0.00012381515813826,0.00262257329494351,0.00249591253248356,0.000345456894207252,0.00364167605700059,0.000664260402763093,0.0148827826192013,0.00013022281868306,0.000617126408942107,0.000987467766953171,0.00123642590068809
84.25,0.00443269896975173,0.000914256450125387,0.0103117147976712,0.00281387603195841,0.000214083463984472,0.00049241447663397,0.00117121653509111,0.000936055610883568,0.00880776689789246,0.00937291711545295,0.00382022344210304,0.00221991046744615,9.32268032100933e-05,0.00582013960514929,0.00639600177041982,6.38414725783622e-05,0.00375832543821556,0.00406893161287134,2.3474592979373e-05,0.000333834882006072,0.00077587388754559,0.00307568431040426,0.000418398211252396,0.000239907531106496,0.000136356711398433,0.00155264273273261,0.001006010333766,0.00164312202119598,0.00073229852255727,0.00524242287348522,0.00872563903689888,0.00215345202136082,0.00174890992366761,0.00106463888900751,0.000250393372621171,0.000113859079999045,0.00140281800197332,0.00119360386122118,0.00350396509934199,0.000365531571041996,0.000629192118204965,0.00539901896459122,0.000400928361755961,0.000188289985230439,0.00236678379479757,0.00613856164411746,0.00661579728944207,0.000694562960976556,0.000181704224756809,0.00275034734034929,0.00421920230361452,0.00235566424410097,0.00411834662050684,0.00138194963776041,0.000113440572322682,0.00292485122623108,0.00680784999757335,0.0010330468881937,0.0113182860467103,0.00401101375639254,0.0344589840833894,0.0031634712124489,3.86923261964896e-05,0.00433342036952718,0.0011485562270642
84.5,0.00120950288294295,0.00183517471064376,0.00458443801049022,0.000722349501338043,0.000720769594252849,0.000947754941828681,0.000175450847400283,0.00266168802218287,0.00125046896220552,0.0116753063196709,0.000789890232860581,0.0019771496968361,0.000234771975164921,0.00719752432189355,0.000480324934037412,0.00137675608719295,0.00318861839107027,0.00322508572448277,0.000430663248166139,0.000598405226529823,0.000677780196122278,0.000246723768130831,3.84692890297631e-05,0.000572691833095292,0.000238351127513308,0.00215315267240561,0.000290541577776428,0.00258830349166047,0.000155905373920634,0.00170079285688249,0.000319367091556922,0.00418382786323243,0.00191559716520595,0.00196793776872747,0.00018965668020829,0.000661878138793577,0.000663240116302802,0.000402724273500686,0.00461810551208733,0.0011048041973212,0.000770708847020904,0.000576548878655747,0.000520358942338283,7.0722773198846e-05,0.000505913964133995,0.00645717097758315,0.000971201517557857,0.00216909891944466,0.000149214464934808,0.00411566717272235,0.000125318380399204,0.00435683491641191,0.00046913913313384,0.000922518430824609,0.00199563353402745,0.00435987584753623,0.000134108640133736,0.000351230749338578,0.00159739019038985,0.00693817191193753,0.000743293827693777,0.0024392278281297,0.000142156247681361,0.00128014223629533,0.000299807998370771
84.75,0.0275443260597333,0.00360690165563244,0.00138779410077173,0.000838421734139824,0.000751915703694481,0.00218302619444453,0.000166868670353951,0.00427370081380845,0.00875327245101609,0.00373090732521799,0.0124331314054534,0.000630334272443597,0.0010223114469546,0.013002491152486,0.00456772574269937,0.000843291479944395,0.000131950394398465,0.000159896667338477,0.00114254209760244,0.000310399687374214,5.50847563663008e-05,0.000372457193067314,0.000857078747992893,0.00178509302771691,0.00482167381577862,0.00437700516049965,0.000320850468867132,0.0142607872975424,0.00472298268041394,0.00153253632849708,0.000466148741795775,0.004663461581168,0.00202233519177487,0.00110687688491116,0.00101917650904486,0.0020018657218608,0.00159079484773325,0.00202856870492729,0.00479514710813911,0.000517066727882026,0.00353840147409893,0.0021088363222936,3.53608314261393e-05,0.0031247376645616,0.00314142797542246,0.000592075120335742,0.00723855068038323,0.000869993565069992,0.0022078750025328,0.00946835106164459,0.000117415363834632,0.00100303235684129,0.018105064714511,0.00108904590268089,0.000706972030744608,0.00152639671158702,0.00161018121741253,0.00152510443077816,0.0064356876734954,0.000942465209512305,0.0276343180695651,0.00245008688333383,0.000946905725752364,0.000663443845745518,0.000250125480836987
85,0.0014919971067194,0.00115246060839326,0.0045488292585183,0.000644240310093302,0.00102893802943445,0.000448920099319248,0.000891516686136746,0.00095325378273289,0.0109244359742041,0.00834171485997012,0.00091849935806581,0.00106476156872116,0.00234372134134629,0.000602409476455718,0.00457973760888018,0.00311373343232198,0.00803466229568137,0.00125579868004528,0.00200524987924699,0.000298746689619721,0.00293013864556141,0.00076779293478305,0.00158874688930102,0.00236928001260787,0.00147939283731078,9.44805392834413e-05,0.000387359247571647,0.000153478763318413,0.00747109599213057,0.00020522159200053,0.00451177093709593,0.00120107024087284,0.00229417449987457,0.00138817045999587,0.000873556646902876,0.00256165365940375,0.000660217579003105,0.00108449863558309,0.00147218206239605,0.00311545180276341,0.00167565871336608,0.000145407527129811,0.000209742708372776,0.000252359348088029,0.00159255498406402,0.00236641898714339,0.00273262662702307,0.00163929205905057,2.51494824726169e-05,7.59055605008576e-05,0.00214871384588205,0.000435109094051759,0.00304444029251797,0.00103358193145075,0.00336510083441006,0.000399147255420981,0.00556560850019316,0.00113705862832128,0.00976837213703004,0.00448351425310294,0.0573024134301151,0.0058258892427503,0.000631628141969506,0.00175295121833564,0.00133051707529696
85.25,0.000763169539828765,0.00396289695759011,0.00199908843522632,0.000794047577642372,0.000354814578137151,0.00087750166361133,4.76120310893107e-06,0.00100485222617931,0.00111102150451259,0.00203585952996422,0.00506031437635393,0.00221802821537998,0.000909435538502939,0.000160920517245874,8.17046571765917e-05,0.00408809829154809,0.00155024519213009,0.00142505862698171,0.000272095641584401,0.000971461488412436,0.00135157612013392,0.00135997526443151,0.000220871800017846,0.000164022112325543,0.00257542244438802,0.000467196931980482,0.000366632095275827,0.00159856425512848,0.000381654251524082,0.00560158882405578,0.000261290347924922,0.00333714133047925,0.00190828630042773,0.00126188059392225,0.00139273859134862,0.00015350684990252,0.00152612376271633,0.00013471530686484,0.000915737352198101,0.00342046228218717,0.00135835432746215,0.00134063278817634,5.33636763873625e-05,0.000377724348145643,0.000316866964468944,0.00377125069895011,0.00365605705038427,0.00249410979480204,0.00173193115635875,0.000376086297716684,4.615261740082e-05,0.00539146992034912,0.000784175512371197,0.00270111533622592,0.00174560687521995,0.000356066020601913,0.001035275218207,0.00164276789303493,0.000646591218003563,0.00379917867809354,0.0272314815884876,0.00226896641380427,1.26359930578087e-05,0.000684087065603541,0.00126034166141623
85.5,0.00677282284768507,0.00139073119276366,0.00654608268559175,0.000244161157010631,0.00104392085639693,0.000420330497869225,3.19280345004049e-05,0.00296702565349518,0.00394865559716163,0.00917724737648166,0.0109763035923209,0.00122321259124612,0.00246555201099784,0.00418161352238266,0.00339530983602722,0.00348484163297044,0.000564785052872769,0.000996649510246427,0.000422319491881295,2.13216257657115e-05,0.000314578376783634,2.3326483023185e-05,4.64119075072567e-05,0.000120415166275925,0.00894069905964551,0.00143849304709512,0.00105704192738107,0.00457851352847884,0.00960108069762027,0.000702660903128747,7.30110585838417e-05,0.00220470981704765,0.00162298906512479,8.87171567187693e-05,0.000609419222974212,0.000240248630456427,7.73672852285481e-05,0.00114229737964718,0.00552691783562187,0.000475461051054504,0.00501734916347376,0.000229276201205032,0.000415085390898095,0.000664326544245262,0.000604398883827108,0.00440233334867558,0.0133679973406238,0.000779288524682381,0.00222035217982859,0.00255277304423092,0.00102828166454787,0.00305779512916696,0.0118670364457367,0.000992555227742798,0.0114364654954532,0.0016199970963692,0.000800948732946999,0.000992215841510826,0.00145430093778996,0.00477667824996446,0.0570044406414561,0.00373292796061453,2.66730860085347e-06,0.00413733758834857,0.000675747797591976
85.75,0.0110660465723377,0.00294657763491425,0.000105093192155687,0.000232231312131844,0.000596312659245646,0.000657681781943484,0.0015313863152728,0.000260079100131541,0.00107451362331399,0.00184847603555426,0.00281681507870682,0.00407814641438172,0.000372098309178242,1.67126099935521e-05,0.000821199821595322,0.00223987758520142,0.0012043142105483,0.000166158478513367,0.00383511965482556,0.00336520832372207,0.00113000388298114,0.00122916676372799,0.00153036903941285,0.00322836408565413,0.00138876039119326,0.0001320316671806,0.000256764482690144,0.00101096828868101,0.000316387776174088,0.00749076949667545,0.00192898387775542,0.000636289540540595,9.1735094921904e-05,3.12658731561459e-05,0.00104066048889212,0.00101883926874182,0.00324712898336778,0.000943816368972705,0.00015530098195621,0.000854586904958631,0.000318813725530363,0.00065181838840634,0.00117929366866142,0.000851571050711671,0.000682756752811623,0.00039461884687877,0.00068225235757548,0.000901141502170296,0.00102866265280769,0.000330310831385464,0.00119686895982594,0.00136485743942267,0.00293441840684586,0.00277358862142484,0.000394184646713559,0.000359133162356135,0.000725363190177924,0.00226062573566818,0.00355779345081654,6.26042761511446e-05,0.00171522400825011,0.00182118752492323,0.00156899373733189,0.000175694117629587,0.000692899870735689
86,0.00247038465868977,0.000935843604429603,0.00326527655911724,0.000392273437957133,9.76755008167777e-05,0.000648065232122888,0.000165516562310413,0.000478519983698171,0.000440393257293188,0.00699490839460777,0.00126720733155405,0.000824551622916813,0.00116736828061818,0.00130459223588145,0.000527397050619599,9.2240402969788e-05,0.00181019450471787,0.000314763344273908,0.000618649520479472,0.000408341110396576,0.000520472562131681,0.000101405850901634,0.000454645831137559,0.000167425220470941,0.00017664092291116,0.000381492338600969,0.00036563110613249,0.00144563470363081,0.00265274871084805,0.00188467008282041,0.000566616049288578,0.00271541951774134,0.00050107898795506,0.000167494711671174,0.000196511310582842,0.000161364157586001,7.45105799169783e-05,0.000540454810750805,0.000924946233220333,5.84504377704773e-05,3.92939583971614e-05,0.000661384382293256,0.000400985837432373,0.000948518769694873,0.000105627599917221,0.000510782791312157,0.00104272744613061,0.000195853829740321,6.17778668916139e-05,0.00195364618416438,0.000115564034163011,0.000203440366982795,0.000946433707969997,0.00040497586060769,0.00106021065024905,0.000552584698395167,0.000899320761893294,0.00493471806030599,0.000157340593205747,0.00156947204180211,0.00172376950040009,0.00317793987942246,0.000205660334476292,0.000785127315496083,2.61108810720328e-05
86.25,3.5850837885067e-05,0.00592990315167771,0.00541062029189932,0.00104939574229739,0.000281450959359754,0.00056513251958736,0.00112925987984291,0.0034942462269298,0.00840632620187911,0.00427409264983004,0.00407004440161912,0.00181487070853803,0.00400516717561802,0.00186324240816048,0.00659646154719305,0.00256102460355831,0.00185993817708091,0.00141449680605645,0.000240005856435033,0.000765904775598626,0.0025751907499656,0.000541098542327075,0.000475863177013952,0.00136771838574714,0.00525623807134536,0.000455488584061198,0.00131548967255351,0.00305869239971539,0.00185047381002964,0.00383750448492246,0.00669962341353783,0.00127460053197731,0.00451375059521779,0.000962864251006587,0.000479846004245501,0.000159409656481854,0.00124690531353021,0.00141994573247432,0.00742435326325983,0.00136419416661697,0.00481305372998123,0.00032826856943607,0.000394805013019966,0.00111881021226135,0.0049537594624509,0.000597397468337991,0.00739149839469776,0.00120671786196404,0.00144514445911055,0.00137395775623288,0.00391874087923244,0.00128525418591462,0.00393584907201062,0.00292226683464097,0.00327780849999423,0.000540057851650026,0.00391218948286421,0.00430529851943636,0.00641269695679034,0.00558968300036284,0.0182733411219671,0.00293563800501219,1.16332503391453e-05,0.0050314693708517,0.00152857541346159
86.5,0.00250371814664,0.000271919461577127,0.00211106597131461,0.00045174285095671,0.00269293931145387,0.000726460290991059,0.000248589418725163,0.000134248681184539,0.0041971427653251,0.00122306677939871,0.00101702161922553,0.00143808337443604,0.00443024676753235,0.00649422155685391,0.000744007786011088,0.00157145320570899,0.00716046622744907,0.00115927024504255,0.000421254318792799,0.00176039161224403,0.00132834301208025,0.000208544768056207,0.000282456317071589,0.00205284894428124,0.00220538825120466,0.00190076719053621,0.00107959478818619,0.00354969926621456,0.00247347404246767,0.000477873812165181,0.00309684969719909,0.00611663337170794,0.00193059512885759,0.000696424643997055,0.00154790516659307,0.00010757498674791,0.00220974967673659,0.000457372524152798,0.00423203898645311,0.00058099875838503,0.00150666427171634,0.00031601281344616,0.000405197281843752,0.000178479103058139,0.00021765157635316,0.00150215106543779,0.0015369732022936,0.00140096048865797,0.00265281079273849,0.00356698061766004,0.000191338833110154,0.00195049268589027,0.00614690901501925,0.000535695450093731,0.00310989584315696,0.0068328771728208,0.000501470615653692,0.014571797089102,0.00288056211392663,0.00012702740877086,0.0275193137606249,0.00563185726198826,0.00178608849644147,0.00050587168345872,0.000722437384321063
86.75,0.00810990419827928,0.00045587109841893,0.000618286477683169,0.0010339789999498,0.000441906118652861,0.000995943534785235,0.000197789288300577,0.00242017018046686,0.00312547966102042,0.00341814056145485,0.00302444837435819,0.000233701917079982,0.001777460783278,0.00338774583746285,0.000890853032052385,0.000585181811166991,0.00123675945372865,0.000775661051066067,0.000772998752141047,0.00146612285294053,0.000125261174240863,0.0013644017437127,0.0010644793330355,0.0012297638632782,0.0035565976956591,3.54730145467635e-06,9.51848528616317e-05,0.00367724804524638,0.0090083433034363,0.000894343825887738,0.00072546041862761,0.00172686371295485,0.000596292177079127,0.000611688935512701,0.000543766008928651,0.000832738123752759,0.000222049030130002,0.000987811629976906,0.000349689622118796,0.000934857181551379,0.0010313547214943,0.00139104280861266,0.000623171547534436,0.000782308148105434,0.000443278649044566,0.0025963957731271,0.00328392346856682,0.000201883332071824,0.00246259473483745,0.00151249133309612,0.000452268195822538,0.000681853086346925,0.00382485789575056,0.000185234383146939,0.00108725459796294,4.22420367368919e-05,0.00513852860780296,0.00376662288360016,0.00398137209242354,0.00295210261869051,0.0300620875186522,0.000233000466680736,4.37898896170043e-05,0.00125359030027167,0.000515418840777503
87,0.00298327127941771,0.00349535214397519,0.000389562470198082,0.00108651262044815,0.000767246406589495,0.00121079256251046,0.000177639334937132,0.000163361427489669,0.00237554112797054,5.43440987811879e-05,0.000490597242342429,0.000242069863417987,0.000779772589051633,0.00269745793843085,0.00629110444901401,0.000443244395340468,0.00120033863292768,0.00171838699114581,0.000962315017328261,0.00163089353224002,0.00135498520746593,0.0022710087806654,0.000138856635905915,0.00135099256869357,0.000421998178146423,0.000674316072086978,0.00114908394032863,0.00122724456778611,0.000188135305445797,0.00272121466657148,0.00382545132594255,0.000815329871939392,0.000441654855998388,0.00360470158755684,0.00151193228559429,0.000727582500680812,0.000611726664918606,0.00039037417605584,0.0062326764163564,0.00174808121217502,0.00123950792673807,0.00071716126990272,0.000738845600478238,0.000295866731551664,0.000249899860517644,0.00149310072431892,0.000952060407797067,0.000544740975692562,0.000461295926191478,0.000893467816002766,0.00131266706591617,0.000616584093091546,0.001374632129132,0.00119545894327815,0.000513411952485662,0.000286893335673176,0.00447045558790729,0.00591492415899489,0.00698053110496975,0.000697578489959869,0.0415685045873775,0.00177905243972601,0.000452398449896751,0.000156982699086103,0.00261821744517774
87.25,0.00205182919074135,0.0016927642318852,0.000361253390407796,0.000298382221913354,0.000711635580965047,0.000391363320689151,0.000447138808268827,0.000300739038027947,0.0016992707185133,0.00197203120220087,0.00118830743560893,0.0004195596524835,0.000246518488845687,0.00118156590448995,0.00399675798361898,0.000201142660261262,0.000568939275269617,0.000754427299801658,0.000166381942538046,0.00160315770465628,0.00120151595237654,0.000628260135428533,0.00032047642499056,0.000368800832249746,0.00231497463051835,0.000745446260477512,0.000115870140772906,0.000385527943285235,0.000201444248159956,0.000120718109957014,0.00252893281266427,0.00208085147771065,0.000662779558811245,0.000475812299037706,0.000344859584286951,3.64501586268583e-05,3.02869918540007e-06,6.16072726714e-05,0.00519571062031015,0.000612322750774756,0.00157334578804142,0.000359448056703767,0.000531410311090853,0.000559048139489558,0.000703372154659577,0.00100240900503625,0.00138276664605972,0.000184545542746488,0.00128821999101813,0.000978117823902143,0.000780031795879671,9.91750148342139e-05,0.00373419310215543,0.00037734037083809,0.000495647473287931,0.00181751250426996,0.00524671052002158,0.00173594683156855,0.00231794549348838,0.000660096664996508,0.0341503105561251,0.00111501378904613,3.83586421653578e-06,0.000113990739620466,0.000367722939015686
87.5,0.000722038933186055,0.0061481182162241,0.00136426776680041,0.000925873731597253,0.000445587640256905,0.000494235487775061,0.00109721736942198,0.000104615391517424,0.00443948240252412,0.00383900550400279,0.00550892622658141,0.00167789712857874,0.0019451807364738,0.000100263360980024,0.00455148997009045,0.000892305871141313,0.000211673979460094,0.00124181406082726,0.000494211671521452,0.000247664043770939,0.000827294774394925,0.000340758497527474,0.000550003021853139,0.000688147048187627,0.00202216569056433,0.000323774237034292,0.00147348329488338,0.000128285013115947,0.00431572434730952,0.00384550268268597,0.00524788332338932,0.00213827671973957,0.000640931328695403,0.000779138571490354,0.000340842938616552,0.000262549500604093,0.000313173016818898,4.19717679873429e-05,0.00324038284496666,0.00158390416707897,0.00153957174597029,0.000776182649158063,2.3134761240199e-05,0.000932645624204279,0.00112389985438298,0.000602866714577997,0.002904113127742,0.00192449711360165,0.00275323451756221,5.14051802410462e-06,0.00311465658962778,0.000640786058059314,0.00489069680765737,0.00265974265840205,0.00502144771153078,0.00061347092173294,0.00183692043320306,0.0158545191362985,0.0048330483797967,0.000460086661979196,0.0176620150891385,0.00560916779646481,0.000197011523808177,0.000504025527319159,0.000685043396212657
87.75,0.00594568984040926,0.000222853002010183,0.00148069277996429,5.64902348217315e-05,0.000137893588501332,0.00010913563661102,0.00165156423046103,0.00117596814882714,0.00333025335306016,0.00380372907346767,0.000354481748906712,0.000547527631648177,0.000803681975797442,0.00111134283515291,0.00575474557052907,0.000500324790615922,0.000261537010646937,0.0011038182683624,4.43092154576785e-05,0.000103408507018124,0.00042527339658124,0.000774258854428523,0.000387707763965126,0.000860966255353258,0.000100215643962563,6.73392494528728e-05,0.00174995067851026,0.000746666576608079,0.00369639602513103,0.00144177569713332,0.00358993731496456,0.00219925255213554,0.000513600438009551,0.000133338095407044,0.00138039787300375,8.76973924646795e-05,0.000321275586432546,0.000534384229192856,0.000508413805051983,1.80794913576352e-05,0.000790761522881246,0.000196528776548816,0.000299220355939902,0.000519071019583533,0.00162943813469663,0.00163048549127377,0.000792398912470979,0.00200934888330103,0.00156015022423092,0.000622457068905635,0.00289702804758059,7.61380631066715e-05,0.00304534646040075,0.000245646313293717,0.000735537819207089,0.00119524207389206,0.00026937745724254,0.00329608888461073,0.00342100643703951,0.000815297665125125,0.0105546504966766,0.000763535111079636,7.0276717451163e-06,0.00135226107591409,0.00135824668943424
88,0.00110788013115168,0.0012496762530378,0.00297884289367831,0.00105072454523211,4.68041267680332e-05,0.0014509492086296,0.000634279647133946,0.000619867172932613,0.00192062087785823,0.00837621622880915,0.0060941535976683,0.000353197146725574,0.00013307398250971,0.00116137447560904,0.00240790943743052,0.00047232212063168,0.000961810292335818,0.00052368622747802,0.000441123617415898,8.06190100648079e-05,0.000363979367428062,7.37461077475854e-05,2.60788356010932e-05,4.65937984515396e-06,3.90804208625409e-05,5.27274591589121e-05,0.00122780640539382,0.000850805016941844,0.000776357630802269,8.26572580205868e-05,0.00277267953943672,0.000400187731332742,0.000395691144052159,0.000629462501190025,0.000257924968386881,0.000288482835902387,2.66845367830335e-05,0.00056675242369274,0.00155968276768943,0.000484648892392124,7.00889920519745e-05,0.000523175244968797,0.000148152065970741,6.69644534735625e-05,0.00109233386744576,0.00183210089687044,0.00296817607272822,1.04648895450071e-05,3.20601803412603e-05,0.000417392771897155,0.000701490528136544,0.000772283255889764,0.00175415110943622,0.000555970735489313,0.000308820940026408,0.000200353220137419,0.000165183131977408,3.03420020205246e-05,0.000527541931136363,0.00367723962351117,0.00344815982955399,0.000779809940338674,9.70446809785657e-05,0.00174926830897689,0.000299442737506446
88.25,0.00195561832787205,0.000176686134186391,0.00104918857720511,0.00278919916181178,4.10262425408254e-05,0.00122963739730519,0.000308304490757688,0.00019766712558233,0.00134377367668132,0.00397970261639059,0.00999392592847313,0.00509938944311638,0.00277601973326306,0.00816121146668651,8.54536274673189e-05,0.00151446755687805,0.00104220562419437,0.000365629901729893,0.000331397285371543,0.00162127324786352,0.00027288685824852,0.00136773074654198,0.000841674556504558,0.000104145316364026,0.00717170766993327,0.00298544104893953,0.00118051135625766,0.00163123088174041,0.00243377558591041,0.00422402852031545,0.00151938684536398,0.00218093768818959,0.000121957593370984,0.00136121675948401,0.000101098280216565,0.000387334721960568,7.23870704943774e-05,0.000564021265438181,0.00143195351017038,0.000439183957518367,0.0010201911531958,0.00294596287827036,5.97887520947005e-05,7.73826579944907e-05,0.000832147674018882,0.00416158262385062,0.00556138525342644,0.00430746709521875,0.00209795108653265,0.00359998673200476,3.83443082877035e-05,0.00177936199658477,0.00470536137401309,0.000641614247243997,0.00314398345515549,0.00536375616283222,0.00219471769469902,0.0102512127650534,1.71173251761998e-05,0.00260823993990846,0.00373947465720303,0.000399293247221428,0.000479628362537688,0.00180082147846085,0.000451895816131698
88.5,0.00229658520220959,0.00445782948339993,0.00285499057546261,0.00344798492109716,0.000170991029626723,0.000116869270966342,0.000477525604964467,0.00105170115069457,0.00791403417275335,0.000494957183995671,0.000982418039480283,0.00109930566553713,0.00105054411316808,0.000412972417298582,0.0130014759894461,0.000263295384355695,0.00474090169444213,0.000414267423547183,0.000421869175502231,0.000385128673969634,6.33178818603107e-05,0.00214785415484813,0.000506736432449873,6.42892145103707e-05,0.00121532472202179,0.00050858590849217,0.00155605925968395,0.00085224669917246,3.67560707619784e-05,0.00188203886595803,0.003715931341724,0.000295229007541735,0.00389928080133616,0.00310622711210738,0.000151475343459935,0.000192001439100767,9.01912730803353e-05,0.000324784242581334,0.00440664181727672,0.00316553648017558,0.00148782266460426,0.00161536113065351,0.00150189014948335,0.000987145961490428,0.0019176510560545,2.02225140438663e-05,0.00245907741229846,0.000490501785205469,0.000429938316328606,0.000493142236704262,0.00229269320591878,8.61712447178241e-05,0.000165443873135246,0.00305330990514199,5.47663018157459e-05,0.000319757968884387,0.0109790120378728,0.000144589359863875,0.0106176822920428,0.000391785481891803,0.0951374667321937,0.00173871635336775,0.000348523376765773,0.00147443712803904,0.000189150812708766
88.75,0.00282399890146868,0.00280903248295668,0.000156212264784493,0.000619919152335324,0.000805064403133719,0.000102288707166484,6.96932418580361e-05,0.000236723677699814,0.000985280151456441,0.00112703522821083,0.00502381851999292,0.0026892800317661,0.000747042211729306,0.000950257035044053,0.00285930862438412,0.00110701052385803,1.20731368074361e-05,0.000223651632274585,0.00124473946348092,0.000604830537587302,5.8178950596573e-05,0.000873577784789968,0.000132125568831722,0.00112997715114345,0.00104347929665479,0.000649277238354243,8.13533369088438e-05,0.000643126222998213,0.00170262198447386,0.000912109012668464,0.000496777363839871,0.0012804783534426,0.000490976366612003,0.000433527308981949,0.001272577333087,0.00153637511349788,0.00191987752853364,6.61643656632525e-05,0.000510455081312501,0.00055726935819684,0.000467183198828137,0.00136245596340463,0.000207629122275071,8.10551920462973e-05,0.000280783164078048,0.000554254333201624,0.00138513657830364,0.00191105080416011,0.000393775042598899,4.46111510018913e-05,0.000225271086523945,0.000110459068072019,0.00842656814640825,0.00137468375801357,0.00184716980125267,0.00107801148497434,0.0031723338438774,0.00109394062491265,0.00204266635817955,0.000358905290489212,0.00381664207899852,0.00038914476838489,0.000440844911077292,0.0011485184328673,0.00034824856269129
89,0.00687026626552127,0.00147659112791184,0.000990552995449174,0.00166608838666698,0.000124047886099591,0.00137045078258164,3.56095989994639e-05,0.00116863213669066,4.29752015734771e-05,3.68906781220556e-05,0.00708396658448492,0.00174576100954931,0.00234635816488781,0.00228674186981844,0.00176800134631547,0.00172203694617149,0.00333573529043181,0.000304975034348941,0.000439332284905107,0.000481169276754301,0.00152856267101113,0.000296306111834655,0.000312273939365126,0.00058503938757779,0.00253601869086816,0.00441668736399437,0.000568622460020878,0.00131751996468921,0.00298428200978562,0.00346573054743271,0.00173957763447949,0.00032722549438037,0.000102146040681693,0.000436075496343849,0.000119295015167784,0.000297079606343768,0.000112143672636847,0.00133729208898865,0.00180941267549873,0.00110656727071081,0.000327883348835631,0.00202649393449821,1.16561913192734e-06,0.000805117144813781,0.000121865845118732,0.000265679305965487,0.00229015705783996,0.00127118562266279,0.00203374403080573,0.00197770164855905,0.000801616330515945,0.000860070256563189,0.00309062851468519,0.00194051907826706,0.00382038008575387,0.00194842819888526,0.00498269748569063,0.00228192847221034,0.00509035901799234,0.000168047373018571,0.0204763754073849,0.00102099318674478,0.00025874510318318,0.000768526984507021,0.000314090686770343
89.25,0.00557430330857244,0.0025576979604875,0.00285543269410399,0.000550297905796812,0.000104612710406231,0.000352802605881874,5.82008270366016e-05,0.00122913203008271,0.0065334857636789,0.00706495832391553,0.0082537134971817,0.00212847464204592,0.000327971033279335,0.00131889605014965,0.000155766867957166,0.000403432451608276,0.00048542752970482,0.000490073430167777,0.00209731833829475,0.00135724773230288,0.000869204649359769,8.70626959345913e-05,0.0013729803343514,0.00191705418407763,0.0027111622718591,0.000835028930900147,0.000413203503382405,0.00022890778309342,0.000297744680452962,0.00500208592467464,0.00173459705659943,0.000343245385107011,0.00147556256897297,0.000257820351258668,0.00021049501461686,0.00108875212726852,0.000366565284208524,0.00173674001471471,0.00168407046872591,0.00205376504737649,7.28881343117645e-05,5.39985762390972e-05,0.00053774390487558,0.00110363635406541,0.000400467803223433,0.00362542569804088,0.00311123527748596,0.00255182747310327,6.36696471059257e-05,0.0002622923518778,0.00036017797523329,0.00255655626973777,0.00282341468446281,0.00462106475463302,4.8516621399113e-05,0.00180153423807228,0.00198170244775301,0.000489814625002631,0.00154394264216618,0.00291839502195005,0.026027836874262,0.000103032175462669,0.00298019577130177,0.0033089117848549,0.000624421213290666
89.5,0.0123019338240401,1.22859391159896e-05,0.00151945644684684,2.01722166495498e-05,0.000579322492649512,0.000201063726684529,0.000187092219808054,0.000567531019609267,0.0031403867088286,0.00109159819730124,0.000814243645702425,0.000196461633581178,0.000226260643128234,0.000981776578011443,0.00259504687205157,0.00382302059535303,0.000368283181218961,0.000112876733449372,0.000223042392106849,0.00102602844871847,0.000592563651288384,0.000483379432833931,0.000316809723618695,0.000136046739862479,0.00311825472346595,0.000233366929105582,8.69532863007079e-05,0.00496343940187672,0.00106733023143103,0.00267559204371682,0.00028891484078289,0.00277931549288365,0.00149058234155439,4.66005483238681e-05,0.000606395372509138,0.00050631478173044,0.000414625004524413,0.000228769924150333,0.00277902424360056,6.68583218755317e-05,0.00251477750149166,7.94183696799246e-05,2.2278573854815e-05,0.00109344718937006,0.000479369264858096,0.00100008925909475,0.00207744739169039,0.000529540065924487,0.00163334890282289,0.00128249103915089,0.00102152206565436,0.00201744196720066,0.00160617063266029,0.000326820809289058,0.00247168588347902,0.000351186642504916,0.00169891870764872,0.00536675009397289,0.00114081966623555,0.00285737695700863,0.044960980908317,0.00531697453063138,0.000392579804269496,0.00072865824728375,0.000652118959180463
89.75,0.0037294056355716,0.00344728342323851,0.00308234933193846,0.00314251130974714,0.000229735969293348,0.00152576500931273,0.000735264763346561,0.000157009463197752,0.00234115089122605,0.00200233711186299,0.00544757233271529,0.00199038490441285,0.00585514732217217,0.00206965454575868,0.00113386482295287,0.000131362279730455,0.000136208906651267,0.00101082906156278,0.000246501552229335,0.000371158253477982,0.000293098736071966,0.00151670529112862,0.000249025286230012,1.11485351164489e-05,0.00510152963094916,6.69249698997524e-06,0.00113132004908934,0.0018048999859759,0.00623253179642768,0.00474636934185055,0.000446993635019357,0.0036876007353989,1.39907009840539e-05,0.00241676770932831,0.00022715266674157,0.000371618078794554,0.000407019457787557,0.000616944041728363,0.000618551739231457,0.00262853307681022,0.00153781971012623,0.00127557818232192,0.000229542491988065,0.000132205496132156,0.00264309864129264,0.000109135050835349,0.0048534272022115,0.00231129381807117,0.00311545890548779,0.00202067099661138,0.00047286099809683,2.07192199363439e-06,0.00188662989293418,0.00270786763561314,0.00993110629045456,0.0011554484880556,0.00100126505320391,0.00432264367370233,0.00175353679209472,0.000779355633422583,0.00416575679282713,0.00178969303198186,0.000123401174451841,0.0024761566101734,0.000432093834793247
90,0.0043025903671667,0.00668010508411851,0.000234035825021228,0.00585036065091475,0.00117968318582053,0.00142107700150681,0.00269167061229024,0.00129258230493449,0.00506971809368561,0.000205930949558529,0.00314950198425869,0.00504114101823932,0.0109540043510808,0.00516689296583045,0.00764951047844185,0.00219097224044957,0.00261713036379566,0.000679545581347005,0.000256861780966864,0.000401723833377722,0.000641189472070241,0.00108764577754443,0.00265414613366225,0.000367498058019444,0.00209344441055014,0.00170984630306109,0.00678170668381875,0.00438640290038302,0.012170824217191,0.00126380979556958,0.00862174689480535,0.00510997976033617,0.00109638012972388,0.00461358890720083,0.000154979376367691,0.000111189875408583,0.000461563027122623,0.00057053321242938,0.00157257146691102,0.00655689503371512,0.00018278065089251,0.00276556545624034,0.000377304311836757,0.00121443094279204,0.00271393052926986,0.000219043718470637,0.00244345338498066,0.00350622602816983,0.0032443800449182,0.00349961297139584,0.0040789929577896,0.00306631394717373,0.00795572047698657,0.00621219798683609,0.00488134993561573,0.00302190699038111,0.00919394435138053,0.00254777362574043,0.00465393269744108,0.000384497587877354,0.0175566376081884,0.000136972702883318,0.00013883677582103,0.000811403149459496,0.000460349940724423
90.25,0.00266301010989091,0.00314400182329831,0.000663964302338623,0.00702178691707401,0.000273761970954941,0.00189690320418238,0.00125669754268283,0.00105670340932053,0.00463125315465837,0.0042631485664037,0.00287305220779318,0.00355510741569191,0.0154261562209506,0.0075951921055124,0.00447775724458944,0.000364438754375723,0.00203002825941608,0.00224423799524395,0.000896828941520685,4.58027676875396e-05,0.00106660213372829,0.00218096194588986,0.0011184260939718,0.000167846933539616,0.00144455419885523,0.00322236507047093,0.00266908021457393,0.00455018799070108,0.00532949948004072,0.00277210377364102,0.00753705056928066,0.00187513509441146,0.000632708144514192,0.00459546793015141,0.000243744928024763,0.000328215912661386,4.36462383600438e-05,0.00054211496475534,0.00344848430499297,0.00371584834815405,0.000229906586452793,0.00392751377383699,0.000846314564298169,0.000396515214050961,0.00110225934073268,0.00117873981330134,0.000536458458247465,0.0048311939908925,0.00206665550112132,0.00391650772812367,0.0033895244657649,0.000561500618761337,0.00266993635919156,0.00345862602436396,0.00390696880889903,0.00391723839984384,0.00297693815450916,0.00750183121967913,0.00363915480969648,0.000541796053173544,0.00347124733525372,0.000108269031269063,0.000132097509649495,0.00293454220081428,0.00128322948270878
90.5,0.00964930974741105,0.00246440869634778,0.000462894491108099,0.000196998862584589,0.000391588332746647,0.00133971376427994,9.00625601846077e-05,0.000824885948944002,0.00204166787059781,0.00170257975662548,0.00145843903816205,0.00164543159281571,0.00264574137970043,0.0049133897866165,0.00141242865153741,6.61794238430204e-05,0.00476480871387016,0.00174415487291351,0.000291345315894897,0.000933836419445453,0.00123103423943105,6.00944765859795e-05,0.000439936817760109,0.00402018222870878,0.000303259783801104,0.000644948320491147,0.00201419902457268,0.00592676082431371,0.005859136339727,0.00053266107505186,0.00750326930655934,0.00487826956867783,3.66987778459306e-05,0.00021273551470313,0.00015012245831744,0.00086730812464421,0.000597537331355665,0.000983955144972432,0.0011050943996561,0.00104258572323545,9.07224737092e-05,0.000484133015066032,0.000659960853988102,0.0025110388117665,0.00044442228321457,0.00140021594615249,0.000807604863343814,0.000317162006648185,0.00240937590064034,0.00388750049262266,0.000427590689962632,0.00169622472690613,0.00195289459146947,0.000609343249760977,0.000779483442747573,0.000931804472787626,0.0104054624533333,0.00154545161683248,0.00139395511862888,0.00060316984811287,0.0417484798718953,0.00325318809773401,0.00126711370635819,0.000587852563536556,0.000180292653537547
90.75,0.00337083248738654,5.47066294722218e-06,0.000207796615496581,1.2648992556162e-05,0.000636150267390199,0.00266271079592713,0.000158872963397647,0.00400063055643709,0.00165015848936269,0.00366981630414539,0.00333417158497838,0.000656900526192991,0.00225201103635315,0.00572381654032067,0.0037272739447544,0.00175950328030624,0.0026429071216857,0.000874456322158587,0.00010974722133897,0.00056652028438563,0.000234367496721163,6.92727340578042e-05,0.000329714111633328,0.00107158394657797,0.0027421843275177,0.00154331936567546,0.000173393829894939,0.00764565855118544,0.00103944831946114,0.000167923756109869,0.000194313942123161,0.00379139947181505,0.000101113437749971,0.000184036657358055,5.93476507032859e-05,0.00121421249553196,0.000285592288702685,0.000843865412550505,0.000264117219737381,0.000482395366169762,0.000219554259968594,0.000374399265724945,0.00127067199295296,0.00268606466769514,0.000127076766137372,0.000746911613205453,0.00107689316868791,0.000834979659910937,0.00282553032859861,0.00444404093268475,0.00191743801587359,0.00056187872069698,0.00170639944499556,0.000138248448889003,0.00171082851472349,0.00123911262426439,0.0025296635293611,0.000695825198123048,0.00337769342817554,0.000849778082923304,0.0154927300597062,0.000200976325805452,0.000219446331460095,0.000260467739722923,4.23689139800414e-05
91,0.0064666279525151,0.000418607057492907,9.70247437644707e-05,0.00147271833073642,0.000206345289364956,0.000565663248432226,0.000741697220896975,0.0013983583860499,0.00144015315677861,0.000467285947778574,0.00114273177788521,0.000269660843849766,0.00145375646368588,0.00111220397442641,0.00611736050584097,0.00181914909633289,0.00127492182038044,0.000820564371562191,0.000174579283353351,0.00028045214423239,2.60276306113488e-05,0.000904162108491952,5.81389148244956e-05,0.00102284185086731,0.00191413141834176,0.000873824227258153,0.00199618820724602,0.00191208812071847,0.000937172409220037,0.000632364910744218,0.00581596541234714,0.00316575426905608,0.000183937714727988,0.00128038403709048,0.000825107511815186,0.000244030085730575,0.000407439602362398,0.000577141303316093,0.000189759046583143,0.00139961724944252,0.000246743887869728,0.000759581688678676,1.75965298079973e-05,0.00229919260211447,0.000421083829219008,0.00305795440023308,0.000359667663552581,0.000894911973083477,0.00162073111182629,0.00158802206661084,0.00167089880147264,0.00553957324166379,0.00137935602768173,0.000680345081076458,1.54187024715683e-06,0.000817095443212732,0.00630969993145001,0.000944005695199959,0.00192647634929399,0.001430908287898,0.0199641451779784,9.69819315263007e-05,0.000888628257730715,0.000173206034880448,2.20933945584371e-05
91.25,2.05545803932375e-05,0.00112386922492827,0.00410761201468441,0.000163271370538133,0.00135607816371636,3.41311853325963e-05,4.93839131709546e-05,0.000687921042262792,5.91272080345385e-05,0.00249036407975009,0.000309819959171496,6.67689346215381e-05,0.00261892616925822,0.000814444073749574,0.000482304842037334,0.000765765703368334,0.000580387999034898,0.000792171417943445,3.22324557677925e-05,8.91930651461846e-07,0.000163828674554678,6.01510211128554e-05,0.000445272784433137,0.00040591720842951,0.000172550046533479,0.000172089687183202,0.00129148366228006,0.000435007359642405,0.00125038988267526,0.00106491792338015,0.00278653367312356,0.000148335250452051,0.000177224164653584,0.000132535959844474,0.000106814424826631,5.15604593150259e-05,0.000174220434469913,0.000905444131385842,0.00116431092885261,0.000311184918465523,0.000757791916816303,0.000179894130075727,0.00071165105533508,0.000283043389163614,0.000424327510164884,0.000270317875903392,0.0015685318143912,6.21903028632578e-05,0.00109921419765981,0.000266025324733161,6.36526490343854e-05,0.00120861857142314,0.000193671741858165,0.000420269899826621,0.000251957900299614,0.000138667689378045,0.000656256828292217,0.00262813810608334,0.000386397046261479,0.000330416744359697,0.00562026049635509,0.00212790776033439,0.000176777008929506,2.77027976068786e-05,0.000181912608972221
91.5,0.0120152411587613,0.00235516872079205,0.00070221652694311,0.00143462899765018,0.0014006249492852,0.000157900230494196,8.07070619770748e-05,0.000127976162034231,0.0016770999531885,0.00199818643013195,0.00127476792254884,0.00157433952750828,0.000101049741280236,0.00315512493111213,0.000622108862874383,0.000272187298282142,0.000535103796496261,9.87337427078448e-06,0.0011172189127225,6.71194457793968e-05,0.000574076128701763,0.000979987024448184,0.000416424838400343,5.29788582548708e-05,0.000129765473026112,0.000597421668642705,0.000474791433352068,0.00233501622357129,0.000289358779904316,0.000166574384167747,0.000740154196487898,0.00585303807840254,2.39782633216307e-06,0.00156468145866108,0.000257194520979883,0.000142243554810564,0.000100702162780648,0.000398115920272181,0.00224452289952925,0.0021827114398706,0.00042980086630954,0.000592049041123089,0.000400039938094735,9.04434439471615e-05,0.000184692053997586,0.000809852806225442,0.00127790586850825,0.0031291803717453,0.00169157816801402,0.00366037219209435,2.72671569464749e-05,0.000238523100595123,0.00269911956650355,0.00159932592847249,0.000117123515218086,0.000843277264049067,0.00079455510341595,0.00389488138820578,0.00115338802726906,0.00037956975620342,0.00135124842510563,0.00197462265149616,0.000124950132266115,0.000358070126939377,0.000207885188638548
91.75,0.00283967624373928,0.000987944449438753,0.000889601211294306,0.0019739366491526,0.000223564901502883,1.33317239697937e-05,0.000387364757425892,5.32560227878936e-05,0.00199666549463122,0.00852737523108109,0.00112583993355961,0.00205183880257188,0.000267651619529518,0.00110752199402015,0.00194997216791362,3.6707828205128e-05,0.000352835865366593,0.000314140407700266,0.0009848504240867,0.000709094896314229,8.78386717509861e-06,5.28601058547154e-05,0.000271899625203453,0.000310626755079249,0.000722697332706457,0.00292818111597542,0.000349208633940038,0.00499519774126438,0.00137076598919887,0.00510363372459951,0.000887250054661191,0.000564172505701809,0.00111946416649748,0.000146077218208825,8.39116168306747e-06,0.000141157884977135,8.58544918310349e-05,0.000238688858972293,8.42328142756852e-05,0.000619860496105747,0.000292856917037663,0.00208358221597055,7.84672175229811e-05,0.000778836792478826,0.000728686377380959,0.00148110971073346,0.000322066110579908,0.0042076174689859,0.000228667366480565,0.00120023149056597,0.000258543452373377,0.000460434593568227,0.000420467280043493,0.0027030368910234,0.0010350413820044,0.00219527259185999,0.00300311920751703,0.0178371076023465,0.00185384438022508,0.000961612869404081,0.00924121340723172,0.00146217098554109,8.97012795965037e-05,0.00019739548832485,3.5358431133526e-05
92,0.00755885066963305,0.00175490330186301,0.0030501833955097,0.00165537002643587,0.000283933748265534,0.00044359637933996,5.73083413898032e-05,0.00101412306199313,0.00223847600612682,0.000743159479686139,0.0029339113508281,9.5403483559469e-05,0.000841535231107259,0.00588637336662518,0.00507580115855372,6.75346224061696e-05,0.00281601323017935,0.00219439814841885,0.0012151023715405,0.000162744018294142,0.000772357606138304,0.000882013756007799,8.0106883326372e-05,0.000601444944196289,0.00227370934874829,0.00168339240925809,9.52369043531393e-05,0.00486399898462012,0.0038494129557609,0.000287998956864976,0.000281845553633607,0.00498477347584875,0.00086197905539804,0.00190173413655095,4.46053742645763e-06,5.23642219735401e-05,9.98937877554501e-06,0.00064526189865959,0.00052681593078774,0.00178621990324447,0.000801317259442724,0.0011928735935547,0.000267278754536401,0.000777195438255884,0.00177844195356968,0.001503234513849,0.00298993653872802,0.000714704197407945,0.00036157151567828,0.00401225751615964,0.00132704289574398,0.0011626104255261,0.000510333007996168,0.000570826981103623,0.00041690872699462,0.00222677478595991,0.000755669519260875,0.00105286482018037,0.00547537853179437,0.000632075236197647,0.038632730460404,0.000113257313994392,0.000198289548975083,0.00181555603656238,0.000424454600752402
92.25,0.00585687112606152,0.00612232360275107,0.00202901707112079,0.00113940456710141,0.000149178931092995,0.00275655612783176,0.00095999699776548,0.000844468185506772,0.00397266507850527,0.000123340754577727,0.00482975204004542,0.0016766710396525,0.00223544803463985,0.00298192362722586,0.00161392898728431,0.00108543443275978,0.000635054011038878,0.000272188756896927,0.000404206748743628,9.43301865524515e-05,0.000554724350174022,2.99669164025027e-05,0.000391474022600875,0.000501924201281214,0.00206246568210734,0.000580113227950838,0.000299869182513371,0.00402970035255192,0.00362044665066039,0.00199186291331316,0.00158797739199214,0.00120706707224538,0.000946210369929718,0.000327504691768615,4.22512875836437e-05,0.000366720013589484,0.000619941501914668,0.00153034188323877,0.00050169384642521,0.00172153952753845,0.00201826888317248,7.57099277505074e-05,0.00026851615080166,0.00090542833135486,0.00285268593391991,0.00087141556091236,0.00295242829338417,0.00113031121471024,0.0016052844072752,0.00225629204356344,0.00236154305089631,0.00114431725148839,0.000997272998567951,0.00399822021893069,0.00082819209649599,7.99194900760729e-05,0.000753142800821216,0.00162462994243316,0.00806038041343254,0.000825829707112086,0.0278407648635271,0.00104988890199418,0.000981354359367004,0.00255497211169103,0.000173188595585403
92.5,0.000448940882513151,0.00563910116659132,0.00157482651797275,0.00196476928080696,0.000583312012883133,0.000311168331563244,0.000913060925434131,0.00118772090343071,0.00941069484538042,0.00130257435153242,5.81275424623528e-05,0.00413475271269668,0.000480629869822989,0.00136999443844793,0.00161165116471422,0.000282037498153161,0.010842385920766,0.00167230413770682,0.000335416577731834,0.00133997071741566,0.000822442554527631,9.72454720566488e-05,0.000736083355486829,0.00048495419108286,0.00044163261513267,0.00080619449844405,0.00102646945480882,0.00171789382906488,2.19234725017734e-05,0.00360669963610507,0.00325524181370732,0.000528781697595785,0.00118197672204518,0.00149264130447452,4.01582844986349e-05,7.37990672787173e-05,0.00155745780620616,0.000858371195158613,0.00566265190989766,0.00596797040576514,1.86925920309857e-05,0.000725936714745331,0.000379846075883482,0.000268983303075517,0.00144291471457729,0.000556055202074133,0.000890011776851545,0.00178298567684164,0.000729921972800951,0.00109593972607147,0.00157120139845042,7.75663646840362e-05,0.00140126487497526,0.00562217105640704,9.5596405988656e-05,0.00134088929219618,0.0014918780392855,0.00779561342208768,0.00576566931441524,0.000256059030783429,0.0284988002315851,6.31608986716303e-05,0.000917491899559457,0.00234321180677889,0.000276157170790787
92.75,0.0183272239105545,0.000932018965299396,0.00281856640386442,0.000841656515405762,0.000865581748663835,7.65811138392798e-05,0.000263933541959676,0.000362502053145755,0.00107258582734984,0.00161379616785044,0.00221375631098929,0.000696808889277741,0.000525458508063197,0.000849193984383043,8.57366808481527e-05,0.00305913512449215,0.00144083520174576,0.000925025491014966,0.00110890871591008,0.000792198609935467,0.000165338052046941,0.000498776863557303,0.000215321163714802,0.000334838439778281,0.00634975879799122,0.00201845460566493,0.00085610579181155,0.000295521879598861,0.00388519475639158,0.00270435691818117,0.000504313334287427,0.000785430737881439,0.00162079333531331,0.00143602664258849,0.00108881597104068,0.00097737164567423,0.000772991307497973,7.58565943584002e-05,0.00332586466168239,0.00116086229596567,0.00295191135806351,0.000235341401654366,0.000125712523395772,0.000517013820384143,0.000509226353465625,0.00190730223256059,0.00415723026441208,0.000857920342706881,0.00150781948555978,0.000291208433913562,1.4944432915271e-05,0.00219202950478742,0.00390161874225711,0.00137988581662399,0.00265529087193334,0.000764084247195027,0.00111859569588794,0.0137722238922896,0.00036195068743183,0.0038198608720937,0.00431203787787758,0.00358403409229717,0.00081055638498425,0.000411758405126188,0.000508862313698725
93,0.00277920395967391,0.00195178729613912,0.00067770982898467,0.000143240754412354,0.000714934501200647,0.000137119366159914,0.000812183048028806,0.00169362859682819,0.000708331224872855,0.00396970525486309,0.00165945090549276,0.00138926225802728,0.000439381707892032,0.00192655503772085,0.00165463515109539,0.000922773261433691,0.000399171630205761,0.000904114592577556,0.00102688973235477,0.00111685585510972,0.000326464485870054,0.000279826043146938,0.000997912826496309,3.97363322930344e-05,0.00127940191418809,0.000488947562711051,0.000272320904824141,0.000159135257161644,0.000880224963845167,0.00174473295982255,0.00196432011581344,0.000979249091350475,0.000300649370665104,5.78530328763825e-05,0.000287353489818175,0.000458898218015348,0.000701985776534805,0.000563051289958116,0.00443182931028048,0.000314875960969207,0.000556512018571062,0.000494085399470459,0.00147432201483103,0.000249013232524988,0.00208374201782475,0.000273326038385855,0.000484125448647774,0.00170499923576514,0.00100774582415752,0.000441580254307458,0.0010443635421699,0.000755037151915972,0.000409074445293914,0.000794692694671402,0.00106837240897148,0.000638814553332693,0.00219670196351715,0.000122357497063017,0.000335442005587889,0.00126559680673352,0.0128704412259674,0.000660976393614458,0.00129666812632733,0.000801018029497741,0.000358804086456115
93.25,0.00576799862904115,0.000995288808939624,0.00085568632980925,0.00244098753444289,3.87889945628875e-05,0.000492265501199008,0.000370443201329724,0.00168169017543409,0.000570703407730206,0.00501508904256063,0.00138613608268247,0.000468332852201961,0.000168446114739257,0.00334894761010793,0.00321189112041728,0.00122543597899754,0.00275310251160517,0.000162868033129016,0.000583014342389323,0.00355516660334014,0.00052271530184407,0.000380479721506895,0.000252445756419578,0.000172891956526524,3.22429818717008e-05,6.69803187054125e-05,0.000341979146539994,0.00278097199598869,0.000636720037442736,1.47892404511497e-05,0.0032976707753498,0.000760481326556648,0.00181212441995466,0.00139580658673339,0.0002577921411128,3.99830067192544e-05,0.000443351831289296,0.00162410267324432,0.00882587802324678,0.00147197623996936,0.000813706881379042,0.00170194216195631,0.000590051323366954,0.000464729273168987,0.00126604149284121,0.00149820701230426,0.00011003047292068,0.000921937314885832,0.000416485506080935,0.000722116537676039,0.000468746610797678,0.000761022075371685,0.00212310773098213,0.000847401079868252,9.99780719955447e-05,0.000129803055379709,0.00370421249311895,0.00684587270712191,0.00197853147171095,0.00269823132837398,0.00603032531257477,0.00186964682847322,0.000523100955781311,0.00194157786265575,0.000512273051080543
93.5,3.3306636510987e-05,0.00200555403283615,0.00172021810327361,0.000864801063588355,0.000122270007068653,0.00145894371692808,0.000468229209680828,0.000684912523445712,0.00017804136356882,0.00137681039159465,0.000210428677114167,0.00081236134288394,0.000575333434053264,0.0010329183867955,0.00311550440137731,0.0010131783998876,0.000796873546196441,1.68569077227989e-05,0.000799763836399718,6.92225220336708e-05,0.000528005308217319,0.000297141684230375,0.000151870720848192,0.000659242779538098,5.70197327894966e-05,0.000312830845437122,0.000191459946985774,0.000916323498284962,0.000710616864401228,0.00325542440599717,0.00263499986705023,0.00177369416674978,0.000666079384575583,0.0013254389912329,0.000539871796118426,2.13595102265154e-05,0.000296119301575135,5.2714265608797e-05,0.00090662188276689,0.0018612681310277,0.000605019479129232,6.19380718137692e-05,0.000300484395641099,0.000335848749342537,0.000508597764138292,0.000533946005139977,0.000560554686985061,0.000516881535072789,0.000422519820219071,0.00125754736446262,0.00171388267361997,0.0015510801444597,0.000258140987731436,0.00163278220657224,0.000525182660059464,0.000184308212596895,0.00220678390857568,0.000589262676084393,0.0037249517829586,0.00283533128403196,0.0224076154446896,0.000375703495091175,2.85030357232838e-05,0.000412697838276166,0.000176425234478457
93.75,0.00117449248027174,0.00109198004259678,0.000841150841010836,0.000169755241701319,0.000562068802436879,4.68915756455982e-06,0.00032169407133846,0.0001443997755445,0.00152487882995195,0.00710859929079951,0.000340920945135272,8.82216425915766e-05,7.59884430365207e-05,0.00185601642446932,0.000475425006684072,0.000130408605038511,0.000372020281129801,0.000559899189499432,0.00042064678476714,0.000632430191445747,0.0004715853195661,0.000139598846640582,0.000840563748583855,0.000267503027982751,0.000329397531293992,8.40744495550814e-05,0.000276953224117499,0.00196305241448257,0.000273283220752779,6.97347513133851e-05,0.00128640894030251,0.00364469879578272,0.000191033530120619,0.00120141734998381,3.44241543868137e-05,0.000135714136330067,0.000319196450134761,0.000682789462783234,0.00331448082108889,0.000574956528048589,0.000491441998074539,8.52114961227011e-05,3.90061190515849e-05,0.000156212258755132,0.000218108098690442,0.00558002245287646,0.00132098551640454,0.00024017347168552,0.000705441448587349,0.00178801709710934,1.36172869253661e-05,0.000590743084353989,0.00220123814154653,0.0002297113330827,7.1551801102045e-06,0.000849441985947205,0.000647072722374503,0.0028424058839994,1.30718695257997e-05,0.00375422159431947,0.00362525341793067,0.00176275581111619,0.00096262609145794,0.00205820876645981,5.43828574149041e-05
94,0.0020975421998724,0.000182763070091149,0.000756966948038626,0.000245285250409985,0.00144313399462212,0.000460068958931649,0.000278240785440221,0.000170644813277175,0.000759718542230191,0.000603484014666268,0.0011696925245622,9.34741084616053e-05,0.000401028797509858,0.00524316167394143,0.000462951822200678,0.000353976827711335,0.000301092837673113,5.34223247060013e-05,0.00126702491418169,0.000921867717501802,9.08921254288512e-05,0.000156065753409657,0.000454775896739909,0.000196717861720058,0.00157043926851728,0.00340249363101322,0.000574779748654485,0.00196699906365835,0.00222251990458838,0.00265199938860219,0.00227315132930349,0.00251099005762085,0.000307037643228527,0.000371948299569146,0.00138564927787802,0.000512114841379834,0.000169740119315376,0.000351643193989771,0.000571813726026033,0.000783918340862863,0.000591395360670397,0.00163973731075812,0.00026656601750492,0.000765512712013065,1.30898405252795e-06,0.000584450656217363,0.000644871506396557,0.0011066320153996,0.00253405784424909,0.00276798392424117,0.000112634487343755,7.32063805228709e-05,0.0017301302767138,0.000171503021216892,8.39544927105293e-06,0.00488171074458248,0.00159597860051956,0.00372198901493267,0.000309415911251365,8.3362715139945e-05,0.00381309841074428,0.00136619093300164,0.00103611589487249,0.000247026433682617,1.3425140965758e-05
94.25,0.000142985655997259,0.00179969974870614,0.000452940489617936,0.000436215218700915,0.00125001534231317,0.000227332586945511,0.00019870373588423,0.00039494186778013,0.0103467541705944,0.00313498614462146,0.00273418346791738,0.00241127944967726,0.00373650441560905,0.000138508226930335,0.00139158444446794,7.33200907284274e-06,0.000676763011657957,0.000765241478454816,2.41455837142799e-05,0.000579010007382992,1.97742677215616e-05,7.0587877807184e-05,0.000192587249127908,9.2714750552566e-05,0.000818020544903991,0.00108734812025849,2.60182996211395e-05,0.000167631974532666,0.00265188538890775,0.000641888099020254,0.00183141669144651,0.000805676319009148,1.38672526619116e-05,0.000502912920384367,0.000548599635321397,0.000290170988054298,4.29287286776734e-05,0.000197711037364875,0.00346735113460369,6.01497441571117e-06,5.21111967551696e-05,0.00103199540222401,0.00115141481540183,0.000158905656586954,0.000528920562969124,0.000829302811579741,0.000988396758057957,0.000651639194250959,0.000345791984785044,0.000160960419663596,0.0011489768976704,7.72639046205606e-06,0.00117333835992982,0.00102320327445651,0.001391022935862,0.000159485263881229,8.78176824227232e-05,0.000705300593438281,0.00339253355642728,0.00152214392571751,0.033637792615797,0.000726141626188994,5.18576897743537e-05,0.000373989824935365,2.47572218666493e-05
94.5,0.00310339765655924,0.00190455417465809,0.0017676142895108,0.000164580184388761,5.56830885205096e-05,0.000381014183998791,0.000119450120452062,0.00134709230758739,2.67688176939005e-05,0.00129772529706879,0.0012509847771872,0.000623468664516948,0.00141532252183162,0.000730933403693842,0.000395614763942086,0.000164901380834638,0.00297022653020469,7.95357105336842e-05,0.000262795689334819,0.000665085966826906,0.000125703562697536,2.99450825254446e-05,0.000140604606895303,0.000561645415567686,0.000120808728495184,6.78772523946473e-05,0.000315885050481037,0.000899613249473189,0.00116186621178015,8.44309005773132e-05,0.00134850168477865,0.000656536043118792,0.000455286341898569,8.43920649535998e-06,0.000274525502572016,0.000170180369374161,0.000763230338156465,0.000353344274580542,0.000329676140012574,0.00103059838815586,4.96633025636712e-05,0.000584501190939342,0.000166208874908152,0.000873156863230388,0.0005601255315129,0.00030162875296221,0.00196376255415488,0.000592720536227285,4.31539002377901e-05,0.000394296009306053,0.000822337983710022,0.000547056792955771,0.000216634773356132,0.000432280314900041,0.00134875149910266,1.48505692521002e-05,0.00108317712980123,0.0013210841276991,0.00143833392282484,0.000417994485366805,0.00685133658517414,5.24872428948537e-05,0.00154911951783253,0.000918287669800515,0.000107001218860829
94.75,0.00797057040073296,0.000613704753409902,0.00163064670359735,0.000321609643196423,0.000629002197738032,7.61778877652639e-05,5.49598824025459e-05,0.000244546021392416,0.00359192836650893,0.00319013532757124,0.00102286899592709,0.000355628895426671,0.00131907679683909,0.00212693914370458,0.000933750574250177,0.000406354563223153,0.000605784447577658,0.000147001104773099,0.00115427894818155,6.69736088245432e-05,0.000395491945807334,0.000291857825479247,0.000188177423965419,0.000351859679207425,0.00221498426794061,2.43919972622724e-06,8.61637541949744e-05,0.0039668010315877,0.000604781509236397,0.000888349449899705,0.00139436161709912,0.00151077531471971,0.00137242086097733,0.000470856497131756,0.000312399027964032,0.000255953194652023,0.000296414947540689,0.000636202995544628,0.000957285046936892,0.000433684662862893,0.000940969020721001,3.51838455041697e-05,2.43488914023866e-05,0.000255713037635184,0.00317786003028243,0.000317172048562465,0.00282604938964104,0.000468206473248389,0.000100613871708396,0.00167304148115489,0.000738470334607605,0.000329770177920256,0.00392376085787598,0.000695556055426433,0.000932013237183303,0.000150688825027548,0.00201774350091904,0.00407227905539276,0.00278782961089392,0.000656490634341319,0.0146866252977476,0.000844995199719965,0.000899340743999684,0.00303259075876122,0.000160356922393708
95,0.00188308308352237,0.000547065035394683,0.000101995592853649,0.000223996733199225,0.000264872265361593,0.000398146680509854,6.11950759090645e-05,0.000162551694257635,0.0029307494561378,0.000936668458204696,0.000310528422659568,4.88611643355044e-05,0.000689758742645707,0.000991054734642897,0.000771402196103003,0.0016816238440518,0.000883743796601412,0.000267121472470694,0.00143237696588903,0.000255134756357169,9.89248615960473e-05,0.000453585773108036,0.000297777349061184,6.97228758867545e-05,0.000337360302013352,1.25755032102312e-05,0.000462213850696575,0.00141585141466698,0.000332245964447439,0.000672483986553244,0.000459273779955298,0.000406545409326946,0.00055212799373679,0.000634344093726256,0.0011484135229902,0.000165731725242119,0.000588363716120658,0.000186476460398253,0.000166958472461697,0.000360096134228878,0.000717186901459058,0.000104298706948614,0.00020680865126129,0.000121522632784261,0.000350636446757903,0.00151926913457259,0.000243897983986664,0.000382514485464734,0.000102993119247761,0.00079068732762131,2.95606085806972e-05,0.000121442433292101,0.000646572978959367,0.000586511458482549,0.000218886920549411,1.43020229023562e-05,0.000785307869688995,0.00253690672333285,0.00120138502077431,0.00164545885906615,0.0157215460070821,0.00341591568305065,0.000633502084740638,3.49222719430667e-05,0.000221717053576632
95.25,9.81743401846218e-05,0.00107056463402597,0.000396240187802439,0.000544106859685784,0.000966997228633183,0.000515674115268081,0.000338385397791162,0.000201745345977651,0.000417068226302583,0.00135643034456928,0.00226969441092169,0.00063704319364983,0.00176722427810985,0.00165366598083172,0.00176946900627812,0.000288101249546205,0.000952418341083269,9.33919042962421e-07,0.000414130593639694,0.000635468106806896,0.000716486324043896,0.000458922947833804,0.000655255340169949,0.000250208381211954,0.000109178378352863,0.00026340332759168,0.000197360312934748,0.000803006142491866,0.000427517662666784,8.97197201431504e-05,0.00258930501965335,0.000479460968471292,6.61602835635834e-05,0.000860461507194944,0.000775877991612794,0.000784222231421449,0.00105801835822058,0.000174935751115681,0.00134120752200462,0.00178125673597492,0.00113680352343276,0.000257368604091619,0.000108641048760332,0.000245928004891069,0.000320864377480807,4.11775374638028e-05,0.00033383244532075,0.000588877359996661,7.23746178201885e-05,0.000438605174671268,0.000669498543441037,0.000251279790150523,0.000807648379943656,0.00101979403916568,0.0010827021848543,0.000304063123348924,0.00356804253914488,0.000661860913517661,0.000408914666000383,0.000102014470682183,0.0115122429613305,0.000346310315108688,0.000143309221267894,8.43025272664395e-05,9.83171734889224e-05
95.5,0.00775502259869821,0.00216600055347042,0.00368353849965147,0.000453258707896979,0.00116352012118741,0.00014552818838241,0.000307417122349113,0.00243173635352318,0.00699209798415921,0.00295312471640591,0.00521091917799904,0.00100961261494319,0.00170029385611022,0.004034420064928,0.00219275717252692,0.00238792469816905,0.00432934866650429,0.00140588364316702,0.00258182455136408,0.001058029188111,0.00133611054830856,0.000206480856279291,0.000701924966883767,0.00089525833112248,0.00766965090027296,0.00191930227055413,0.000970326382925253,0.0019719629870189,0.0032858440234535,9.76790017910339e-06,0.00462886884695695,0.0021930569681795,0.00155378648063299,0.00147107134099112,0.000688794607430648,0.00142455159941356,0.00114088523426329,0.00205233005523855,0.00206435471698582,0.0021765070951562,0.00523096860370012,0.000112088854726407,0.000761446607172153,0.000642994277020408,0.00176357057886002,0.00443322884315927,0.00686433862219455,3.82925323811122e-05,0.00403192885091355,0.0011710313315347,0.000125806858290433,0.00247552377117016,0.00916587674527979,0.000806610110956677,0.00398872624020345,0.000716999718960252,0.00209534540554893,0.00650820235252195,0.00252392807261786,0.00361340561795206,0.0364887193921235,0.00428878716004738,0.00244773493093313,0.00280843419597856,0.000470798601545045
95.75,0.00297137811881918,0.00705740419462957,0.00557568042055701,0.0024538961622491,0.00061490482822699,0.000433431942090335,0.000637773937510996,0.00016043181762405,0.00789695750278346,0.00975827415663802,0.00509642594180664,0.00271317546554613,0.000427796589363482,0.00217244130088917,0.00305959893002745,0.000858808308015925,0.000431362447537538,0.00183449619197281,0.00104320487085493,0.000995015694521083,0.000568329170289078,0.000925316442594517,0.000210383701071538,0.000765212909391485,0.000467961878860432,0.000822378681195888,0.00036086225150925,0.00570344349684446,0.000679276638688836,0.00581412023439191,0.00111150515341314,0.000482070723350499,0.00150733634317947,0.00384455203433596,0.000249822899708962,0.000492576107481703,0.000296734438865237,0.000774897555426095,0.00101828556593283,0.00252945579819943,0.000720690145607501,0.000346188265276585,0.000206334560534727,0.00159695838997363,0.003273761416789,0.00409898808653871,0.00479261402569306,0.00192168964475054,0.000443161041537302,0.00135538011662951,0.00179134147142941,0.000440330717361037,0.00528609131145914,0.005022650286601,0.000616405476445596,0.000388993498225251,0.000127918708667357,0.00132599909003093,0.00271499155913983,0.00406987247466118,0.00912160322262895,0.00388863223832171,0.0002308724311452,0.00297198289996247,0.000990599375531434
96,0.00474572418727412,0.00012001300838826,0.000700336973954984,0.00130710670767018,0.000196667113332606,0.000469828324435607,0.000125201355496987,0.000144864909748426,0.00633057297630042,0.0139599069291276,0.00425979443647063,0.000180173398908736,0.00226074275756508,0.00193606064852807,0.000401034374426402,0.0016888397451737,0.000141848426485739,0.00174426235896117,0.000365100120942381,0.000743199463573024,0.000886419542356462,0.000197645138735665,0.000520795018903772,0.000128669524279645,0.000515693195101842,0.000869603044038523,0.000110871747254017,0.00127211804877622,0.00521985382291295,4.59353808905941e-05,0.000355728890373203,0.000332036046529062,0.000519751165361484,0.000723927035861701,0.000188033939380957,0.000361504482288882,0.000857185192358372,0.000528127026260375,0.0038405300355452,0.000240729742844964,0.00170334854224151,0.00161418609972358,2.04574545042154e-06,1.43464187232039e-05,0.000967487170858083,0.00167248107679696,0.00135608784006359,0.00107449715514603,0.000803711290820949,0.00111473829196946,1.6947423377376e-05,0.000649613600375951,0.00494422094489576,4.6589014779033e-05,0.00318580396752692,0.000620570927627335,0.00102632221338765,0.00500076247399618,0.000728603385935845,0.00388045773819479,0.0282403696026085,0.00929321191043376,0.000355990463548953,0.00285423333284854,0.000913657634371301
96.25,0.00121898535651356,0.000426944826037576,3.99949459296199e-05,0.00121139197972227,0.00024622921390792,0.000108847694202109,0.000583819321466065,0.000170276221826154,0.00129812580783224,0.00911560212064823,0.00130996703300805,7.93628549051388e-05,0.000360606110994725,0.000993201107393048,0.00287719664928692,0.000649830515689207,0.000588104252368932,0.000990060607404028,0.000144250144797561,1.44993854015352e-05,0.00113237819876186,0.000147723912904518,0.000173449337085024,0.000450489661429044,0.00104264725932141,8.02494814217651e-05,0.000364164489197014,0.000628169159232083,0.000910062725126132,0.00255320129137794,0.00198971440600039,0.000370588525510737,6.45146947738613e-05,0.00145497077868259,0.00039254454720658,7.65298674173522e-06,0.000241716791041011,6.36195627053385e-05,0.00012764908143583,0.00140306866075182,0.00065238245308264,0.0001158073535095,0.000376975121980316,9.55672632962339e-05,0.0004175369768441,0.00143192308936394,0.000265123061659751,0.00151272513700391,6.19739367247474e-05,0.000173672100495931,0.000741117162074315,0.000783552069249922,0.000801628317719056,7.22122604500598e-05,0.00336835306495523,0.000406135961128539,0.000195708434842568,0.00126131972989235,0.00505827159699627,0.00294891566509523,0.00905226883757536,0.00087407784169469,0.00044125434280741,0.00104162333330818,0.000401006793353748
96.5,0.00360891769403818,0.00361577722890416,0.00256808416870509,0.00259271865836711,0.000203773945978109,0.000325284944657321,0.00121190941224601,0.00103036536685946,0.00891249951820327,0.00123541628086606,0.003872515622316,0.00288674909144891,5.91001451865572e-05,0.00113069854898245,0.00490982332896563,0.000793293295772438,0.00358705663120791,0.00138042209890819,0.000722637627654729,0.000670694870372203,0.000530658644167069,0.00146565327204862,0.000201683310734189,0.00116289565329861,0.00229898548406162,0.00331088686229924,0.00019173429108764,0.00249647193615395,0.000686226178908738,0.00108326962967073,0.000486915560554361,0.000662574724011259,0.00184722070654922,0.0010223017935617,6.7216073962692e-05,0.00036930387135604,0.00075407860665479,0.000543269759849957,0.000464499968926596,0.00129345374189977,0.000990483536354564,0.0043272227429141,0.000161883716607973,0.00093572539284837,0.00318642036735886,0.00515371819155715,0.00250984191830366,0.00345096176120706,0.00059662726899972,0.00166049028472165,0.00343059566062235,0.000968786225305877,0.00312478243604413,0.00347230502517392,0.000756987470056968,0.0039690607884206,0.00262847482222805,0.00331078855161472,0.00714234248158953,0.00339384719770566,0.0356230074451611,0.00134076708319096,0.000242416347367505,0.00355330369420282,0.000789811577780855
96.75,0.000934795073390915,0.00108105253886715,0.00146576417706515,0.000507047356960776,6.75610480470115e-05,0.000105927503535784,0.000584303977498276,0.00080661422005045,0.00161584014510398,0.0018359841373712,0.00165025344490883,0.00109604727990144,0.0028222527458553,0.000164320446856715,0.00156866184664657,0.00100819892355829,5.52562341344909e-05,0.000470894126101627,0.00137458124328306,0.000527282943424311,0.00240685895979659,0.000454343079863022,0.000103275595884657,0.000232243169668785,0.000947117952256326,0.000441692680457759,0.000162338477085062,0.000156131754552618,0.00348723379338106,5.1949428234981e-05,0.00470936603555939,0.00201156470600814,6.31872111584007e-05,0.000651995171304099,0.000194409642517412,0.000442566884528115,8.82597686455075e-05,0.00035032769775642,0.00470273637995223,0.000968897032512352,0.00056896669218782,0.000498591866331321,0.000652274200725999,0.000217815525470811,0.00245856468709994,0.00298745599553573,0.0015358009348016,0.00108219696463647,0.000314060284981678,4.96816274771586e-05,0.00188370503152813,0.00304605692969002,0.000262877016640397,0.000516571144260525,0.00290162431622926,0.000811122608315492,0.000967141573177802,0.0107762888406283,0.00032236623050384,0.00398014626665689,0.0084724322488717,0.00165833672422161,5.05123742374269e-05,0.000688378002258006,0.000916116183734509
97,0.000755562945621225,0.000582775829034346,0.00287519420344233,0.00114804232970339,0.000253524277231817,0.000103025742722276,0.000841699392929249,2.63867941353808e-05,0.00169914951729981,0.00179466311261015,0.00231144119050939,0.000109557181198106,0.00113912149155016,0.000223926542926669,0.00233305128022543,1.86905127625033e-05,0.00096852389728746,3.92401189688394e-05,0.000638388454877568,0.000311339781113599,0.000718238665906204,0.000105781439552442,7.99429818255775e-05,2.56746925206142e-05,0.000743757540748987,0.000161405685401888,0.000524374963652731,0.000462346915069937,0.00456222024631468,1.99123033703003e-05,0.000870164404047586,0.000223163113837627,0.00108702802338177,0.000624809386230229,0.000400643325824747,4.34277658739605e-05,0.000463817078768127,2.49952839815364e-05,0.000418252708483362,0.000523377691362365,0.000485623351261509,0.000625573927905904,5.79578566119539e-05,0.000111113809882427,0.000414260563307834,1.69917680949359e-06,0.00293437822464026,0.000237551220079957,5.95708487999547e-05,6.58998868972532e-05,0.00128442808882342,0.000879420864259575,0.00282092200770747,0.000547523851393443,0.00130330143008693,0.000132056909547143,0.00115654910617317,0.0167733681490207,0.00174443850093848,0.00037015492151392,0.00695428764266497,0.00474214960625496,4.45281700669014e-06,0.000723308387452681,0.000463240163465094
97.25,0.00129324394083584,0.000329767723881918,0.000855484927709747,0.000506095779733641,0.000165358974487611,0.000454538338238592,0.000831793700304883,0.00101382022087674,0.00102655036258009,0.00050076006690604,0.00639381352217003,0.000852317642221682,0.000973267054376228,0.00116693904729915,0.000687601626171658,0.000328665494353473,7.83036146359433e-05,7.769434280224e-05,0.000338340463756919,0.00131452017574062,3.88678664337056e-05,0.000631688108761831,0.000645989477717509,0.000196215045990729,0.000580831285972364,0.00263843828138102,7.50956863548456e-05,0.00143482226848978,0.00150329985262952,0.000826649680265676,0.000978013434025809,0.0014621722061031,2.72895662217875e-05,0.000235196538483205,0.000219695098906106,0.000250451958982729,0.000336856832828423,0.000756697647736391,0.00308494948177158,0.00022177642376593,0.000115279063434529,0.00108586096934046,1.31672498397752e-05,0.000530122098535015,0.000550447589943525,0.000209153555965268,0.00191252402212643,0.000107264080261292,0.000151870980167222,0.00096195771352545,0.000366911668854091,0.000796707613744188,0.00452082514574234,0.000156382220305644,0.00153693116055783,0.000178338088073811,0.000771661857703538,0.000734784686126022,0.00129991823424431,0.000849489114821938,0.00990084654609514,1.75182755499966e-05,0.00143952185036497,2.75197955613644e-05,2.50978397329045e-05
97.5,0.00040151570594184,0.0017462199625486,0.00107894503176354,0.00181037589520282,3.9513637359544e-05,0.000719052250677111,0.000617517756247111,0.000347095804358768,0.00502328677300215,0.00152196637731853,0.000926535082356134,0.000129283965445276,0.00260201235146516,0.000377486801814386,0.00470202647257675,7.31635482966998e-05,0.000148630721413215,0.00132247582155222,0.000215370371610236,0.00122866525088631,0.000284822454833264,0.000875170086573096,0.000384161842187903,0.000693181663889875,0.00172031292126838,0.00166539518565247,0.000500211438840002,0.000935854842877608,0.000328054934095338,0.00146068748007641,0.00276195301184784,0.000263913545078313,0.00238334607824824,0.00159019790521041,0.000159069018332086,0.000821944782734899,0.000542238526204308,0.000337127642274388,0.00260195996276983,0.00108915327712171,0.000419647541363297,0.00119477692322113,0.000724530931521077,0.00066416759702203,0.00109542785186129,0.00134038720412399,0.00099551562012737,0.00187601261900859,0.000775141519961585,0.000389254060967639,0.00126608733213581,0.000257137696547303,0.000688099250350642,0.00125584160261557,0.000683759202143853,0.000153511838523398,0.00149733730544367,0.00362526246735768,0.00630599767646703,0.000272317057631307,0.00936378081187544,4.52412064522135e-05,0.000305434623228753,0.00238692533951125,0.000697811396844098
97.75,0.0003660623783121,0.000191929198816895,0.00529040543297549,0.000944729968495914,5.22178948940717e-05,0.000145862984468156,0.000735383882406857,0.000132500913912837,0.00369407165431467,0.00120166221747051,0.00117796354791959,0.00017053477561328,3.71256442175818e-05,0.000934310538164096,0.00218028326224349,0.00228239693442335,0.000211698686346501,0.000454670025646418,0.000252101811091878,0.000740836906914084,6.71866507210279e-05,0.000185811151971941,0.000760433177320735,0.000207041544975099,0.000867566091206974,0.000380221308660607,0.000276475438385449,0.00170667674835667,0.00128271917635006,0.000121551568752731,0.00127190393815396,0.000974942461543889,0.000681314628568991,0.00204695867824612,0.000124906544606116,0.000358650474404148,6.62522821356714e-05,0.000120700134279479,0.00285520611909501,0.000601788867953348,0.00193115871278908,0.000299481072396242,0.000400659771517463,0.000402198330974601,0.00101214286866275,0.000143328348430271,0.00292501353186043,0.000689451037330311,9.27946312387538e-05,0.00123831049956538,0.000363678589989834,4.73434391926161e-05,0.000118749858547336,0.000188970799093114,0.000427788480460806,0.0018875058754117,0.00179328219447157,0.00138953324281349,0.00173073804384458,0.00297666862513371,0.00966678076064427,0.00255771296928162,7.06471954888421e-05,0.00066744340944647,0.000264066247766416
98,0.000378893672363608,1.49512150161726e-05,0.000139452510229322,1.03420755839257e-05,0.00022197480355003,0.00148774270879214,0.000223851842611989,0.000569103771371962,0.0018812606574311,0.00100682538047516,0.000624464403988133,0.00018414438689126,0.000222250904941171,0.00128816645711486,0.000745081254622653,0.000607243844886644,0.000557670304919589,2.12506693540204e-05,0.000159326503821469,0.000279989043418085,2.11702368676524e-05,0.000151923501926655,9.28301832533266e-05,0.000182885343772746,0.000960160687715751,0.000242060301483784,4.14564821676253e-05,0.00100221849268403,0.000243460214626836,0.000669225068837978,0.000327447701885824,0.000608791190499082,0.000289650238639374,6.28175125020271e-05,0.000331249220996206,3.85573893529641e-05,4.23209759223223e-05,0.000254340444517143,0.00035316894774153,0.000161268595823519,0.00109767884047746,0.000621387903726528,0.000221791740346054,8.58946790125737e-05,0.000698952726430793,5.08679915419349e-05,0.000446829646978876,0.000252595402140628,0.000281393553973051,0.00108304440318833,0.000654871722201278,9.4697546208612e-05,0.000454001509831125,2.29435086284077e-05,0.000238078101468521,0.00105996785074138,0.000848948084096834,0.00235127827408689,0.00231936321362466,0.000550290904446566,0.00806840514411781,0.00155227442482087,8.1156987321377e-06,0.000516529849298134,8.53102458906967e-05
98.25,0.00046520412266316,0.000214840705587558,0.000202706885330113,9.28210304045784e-05,0.000779734960448347,0.000431134632108766,0.000128324414306815,0.000812212827213247,0.000672510726042286,0.000960381141796897,0.00206729981453986,0.000466592418790708,0.000206572462134706,0.00830479254008897,0.00118172947484893,0.000193502730208208,0.00118792771205915,9.70519554001272e-05,5.50243455831924e-05,0.000179345213877784,0.000358704684163781,7.29093756869012e-05,0.00010302818565766,0.000150835115109666,0.000817723641210478,0.00114795487965991,0.000415532269388057,0.00911507385118916,0.00107740899687724,0.00213253713465012,0.000445643171221004,0.00612216870118587,0.000239213556779532,0.00027370657005959,0.000530849867642937,0.000656861614968524,0.000785871257234595,0.000440212730976692,0.000130339066636646,0.000110266330235136,0.000677553682759225,0.000335396942215128,0.00105385366298795,0.00150929203775834,0.00156615680053373,5.34836126363443e-05,0.000186593326415693,0.00102657128491916,0.000650790244262584,0.00512095103435001,0.000189421891068833,0.00103635190350947,0.000771628032068439,0.000182173082068291,0.000906449082647887,0.000467000406635193,0.000173089112943878,0.00436084729074927,0.00230273912274382,0.000118316387858138,0.0153653836674703,0.00178406486443093,3.29000575354216e-05,0.00123109916406546,9.07905163958468e-05
98.5,0.00144516218600156,0.000323943512491842,0.00532569411214314,0.000323943395510312,0.000675908267916814,0.000310807657982596,0.000841373958809542,0.00154338952235187,0.00349571147475805,0.00097367736418158,0.00456792363737114,0.000357416025691463,0.00121895820248084,0.000215562578874328,0.00176194012503248,0.00222759401091724,0.0011371640479741,0.000888139767863392,0.000334265791938088,0.000482056326203197,0.000272342650178727,0.000439051969838641,4.10744877008451e-05,0.00010918503522256,0.00461423948684282,0.000102420092157536,3.66369916574684e-05,0.000354282914266888,0.00277391109658063,0.00227276631737755,0.000170667487942747,3.04965372813262e-05,0.00180682185471781,0.000104525174292683,0.000548522331593198,6.24870630081889e-05,0.000633352606894986,0.0011730534418883,0.00196388493390825,1.19152167482705e-05,0.000752153172153156,0.00118348418011764,0.000227674153090523,0.000286567174848453,0.00226668209940975,0.00187707601071128,0.00525017474861923,0.000142343069830187,0.00272154519788828,0.000315054003317474,0.0015078443392598,0.00126447894525595,0.0025966474073388,0.00030184202713133,0.00412056247890493,0.00257872876698324,0.000753528124301202,0.000213223857607799,0.00725418608111555,0.00178216060024078,0.0479251787824642,0.00217686295658947,0.000524924312320466,0.00171274227440472,9.0602754333336e-05
98.75,0.00246331335524422,0.00185744962803317,0.000132308095747154,0.000410356240619478,0.000138092010639447,0.000582574754581194,0.000124714712817689,0.001467252702751,0.0029795336261223,0.00177833943103408,0.00054642613691762,0.00090427296400116,0.000213439259374697,0.00144440544137441,0.00181297663985189,0.000840968492994891,0.000643874289177281,0.00138535022732899,0.000839732852547972,0.000169729323959349,0.000238982032118099,0.000420972562836589,8.63517555962859e-06,0.000293441549033448,1.84908525865542e-05,0.00109260238140874,0.0022671661246324,0.00231009299233308,0.000116614108149383,0.000447782177648267,0.00215931554287997,0.00194663026974395,0.000368711323087444,0.000657566395196779,0.000235209561280337,0.000508449324345115,0.000357099745987579,0.000282783154827595,0.00197348715438605,0.000656953644689843,9.09171624806893e-05,0.000270674816507258,0.000411881472943235,0.00108747576488627,0.00080134834142859,0.000243368993862299,0.000270958198354969,0.000350643447623995,0.00068653670550424,0.00137097964211854,0.00106382743803083,0.00159570281697015,0.000624741689405098,0.000343872178401173,1.35439727995362e-05,0.000694629296049017,0.00120509991879254,0.0013528269982042,0.00621789832331172,0.000833631692795557,0.0163335928144847,0.000313229770007232,0.00122246333849303,0.00113153949897922,0.000217585820581452
99,0.00348240869688961,0.00515717887685267,0.000286537742802774,0.000390321137939296,0.000547326536509942,0.000467836369341645,0.00011836307905848,0.000746186321121668,0.00530901038460846,0.00549028487969628,0.00313659079948668,0.00153784665499462,0.0013426617015552,0.000106736089469943,0.00188683503037522,0.000712359790080019,0.00315759524200489,0.00194366910616791,0.00101670163651157,0.000229339050211587,0.000536096997901446,0.000402961403610227,4.69872113992204e-06,3.12579418937912e-05,0.000302759138485059,0.000759910395357312,0.000470400408796436,0.000936631618388089,0.000265927723390578,0.00114581417271556,0.000705238947026387,0.000152257864586076,0.000342126825708525,0.000442713952079701,7.45593624442649e-05,0.000122247532006157,0.000326050355121629,4.28279004633254e-05,0.00198928115522612,0.00240250490585908,0.000203556497168784,8.85261849632448e-05,0.000295356917052718,0.000424806477477532,0.000927004933739795,0.00057080025476172,0.000192302460023139,0.000900311693753649,0.000327328005516327,0.000107358101505785,0.000792743558633017,0.00212358094913646,0.00055111702179995,0.00287021381099832,0.00147777746564537,0.000269519757595476,0.00175445535163827,0.000580310628157728,0.00541673903367518,0.00287117639503881,0.0329815698393622,0.000609615693547596,1.5351374185882e-05,0.00123416440524883,0.000429473088754213
99.25,0.00437139812131819,0.0044359638808938,4.43927153928096e-05,0.00100420221375344,0.000677524508791935,0.000717245365015477,0.000713729935429337,0.00101798944867454,0.00460178834864692,0.000975045028560571,0.000288565522337086,0.000698328551900442,0.00130850195366602,0.000735180588683774,0.00390038631822606,0.000571811861596463,0.000134714965196958,7.06717274128119e-05,0.000172395992653926,0.000491898539085353,0.000130230719041724,0.000198584797664733,4.67763399017047e-05,2.79856239987993e-05,0.000117133439002898,0.00195412100201299,0.000666378425681316,0.000314029896543523,0.000951887500440641,0.00163672907626309,0.000197922158345279,0.00034992886608448,0.000252725790188517,2.26531426295681e-05,0.000124597938385827,0.00171857257014959,0.000336734526741016,0.000205987225669107,0.00081301708001882,0.00102242011069784,1.56708753533582e-05,0.00118006660099855,0.00111635965938148,0.000151578129903367,0.000339930495919556,0.00157788304708536,0.000128194780170395,0.0043507495926606,0.000471132406472613,0.000657674623079221,0.00307950080835178,0.000780081143590882,0.0027420102199341,0.00382209658915647,0.000244386771342807,0.00177392273673741,0.0016312723991139,0.00208952069327705,0.00796347932125397,2.70713032605783e-05,0.0356470356092071,0.000238467079998606,5.07439051119523e-05,8.23138381384014e-05,3.97097047550316e-05
99.5,0.00190654628174468,0.00150312009459868,1.86512739532661e-07,0.00162415144454748,8.29961799256337e-05,0.000187279022252826,5.04983269028963e-05,0.000345562327535699,0.000186692697369808,0.00123649510000192,0.00127725496176237,0.000699682419624825,0.00271399395859279,0.000671655663936973,2.19061212211985e-05,0.000439940127895606,0.00199502565433137,9.93334240099589e-06,2.30590923213381e-05,2.64731395469712e-05,9.10426597498204e-05,0.000172148550419498,7.14959405471403e-05,0.000419516233477493,0.000566066872327087,0.000604432739770239,0.000305435189379178,0.00108380077131564,0.00631326999878192,0.00564830986782228,0.000301892022897687,0.00161180319672226,0.000127229095734216,0.00074110819277169,3.80984228775506e-05,0.000316229539185106,0.000102303775124972,0.000213854733843982,0.000581302753180883,0.000657913370017791,0.000326244558498511,0.00187724777455093,1.72622208172148e-05,0.000211281661364035,0.000590004680230934,0.000110097574064444,0.000137208293610175,0.000795350356908356,0.000386474188924904,0.000747771735985088,0.000249446276012898,6.49865768876778e-05,0.00162818661968974,0.00136740938328537,0.00205684042585528,0.00099319807269358,0.00110892067832203,0.000926183984460305,0.000183168953874525,0.000352167298188697,0.000910046126820098,0.000258443379582998,0.000323880254324422,0.000131371971606423,8.48025780084179e-05
99.75,0.00189200042877972,0.00185381906319242,0.000681862994539321,0.000689540203460959,4.42968279248929e-06,4.75163036101419e-05,0.000346208806480359,0.0011454296709586,0.00020727446187973,0.000189181168127161,0.00123860979873085,9.98182954014733e-05,0.00160674774148007,0.00132685818791729,0.000610687624646281,0.000697423690191545,0.000839827738646532,4.80783468121782e-05,0.000635895410640352,0.000361932632338668,6.29531425081899e-05,0.000700822443748911,0.000989397973341466,5.57489759205952e-05,0.000985398254092475,0.000144570640839393,5.40324337419567e-05,0.00264729634336859,0.00093004498252277,0.00125728698319118,0.00016095957522578,0.00122125137365322,0.00103678476079356,0.000405113768933572,6.06839232529607e-06,3.31429926143519e-05,0.00117101798497192,0.00086407262274536,0.000985694134589776,0.00173629450934578,0.000338978837911063,0.000321857956073415,6.95065659218708e-05,0.00062753738668387,0.000388186209709154,0.000301855477597001,0.00045087960750881,0.00130501265487352,0.00068121701691266,0.000508781863962711,4.03914693028555e-05,0.000602822839695608,0.000564412885359095,0.00183637649113529,0.000987252326715461,0.00014861829956525,0.000715433847639189,0.00065374302150246,0.000312338855977495,3.40482959636109e-05,0.00353426831967251,0.000447323072494787,0.000373083554010263,0.000639092092080001,0.000111327330514296
100,0.00342714451655866,0.000463991783195581,0.00155709392052656,7.92840719564477e-05,0.000139612640727382,0.000416783093419664,3.26827494350124e-05,0.000890690824178031,0.000829900018531031,0.00488206327787279,0.000335873626130278,2.81660832030235e-05,0.000151981972563268,0.00287985707904464,6.05786710729293e-06,0.000415195769547201,0.00240512471811263,0.00152928725929182,0.000152683684075482,0.00340421505207791,0.00176357514182046,0.000521065025134981,0.000219642309773789,2.98146269162403e-05,0.000100801156541879,1.1101712111245e-05,0.000219402756215222,0.0028013890240189,0.000311339099618677,0.000174414331027608,8.96209277630071e-05,0.00216550827221652,0.00106696511299423,0.00149068707665712,1.97920782644037e-05,0.000490873398823933,0.000271345976423533,0.000584009284517288,0.000681101017784761,0.00112278187115993,0.000912136841656598,0.00044344607515764,6.2337952566687e-06,0.000102242865105313,0.000528032809462581,0.000418106562387416,0.000617910929004112,0.000311641334033334,0.00105991036519303,0.00146315973018494,7.90662963843001e-05,0.00139937558324958,0.00212858598591711,0.000396390775707592,0.0017731493273501,0.000379852466230203,3.17888920349e-05,0.00233024269519482,0.000390659220335673,0.00226251052083921,0.00359205555864608,0.00041506101984188,0.000399595259029881,0.000320405124049334,0.000799834397850612
100.25,0.0105461039647692,0.0010629790682104,0.00143037972428811,5.90274839008519e-05,5.02932269959615e-05,0.00018455527097668,4.07486686540586e-05,0.000219805589819361,0.000447404900591889,0.000414314041133277,0.000904020152526445,0.000166234686117384,0.00108254550670582,0.0021993812956663,0.0010688638661217,0.000163674473437493,0.000253477661055958,0.000253384315647775,7.2158092075717e-05,3.92997866465067e-05,5.33531356458272e-05,0.00031637412201863,0.000167305035914732,3.86103739036319e-06,0.000164936484586022,0.000200636883291814,0.000420498248377256,0.00206045387414526,0.00031540711540658,0.000117672775509627,0.00171434100887045,0.000589862212899248,0.000102798054541563,0.000131598219875553,0.000100332456511893,0.000108634195458483,0.000219887542818618,0.000452816572286653,0.000554739592684998,8.05178749439237e-05,0.000137549843742235,1.87823541957685e-05,0.000218650731367343,0.00033608738071286,0.000250582885360912,2.36654910082088e-05,0.000587495714326866,8.70640783516937e-05,0.000491533571556846,0.00113758873853137,0.000926488354752985,5.2748050367521e-05,0.00193950365787118,0.000458074193079776,0.000349569547209075,2.60627251486419e-05,0.000334258373276288,0.00657326993308602,0.00102894446513765,4.7601382415844e-05,0.00586009126575696,0.00146507630764654,2.8553811333312e-05,0.000355501546106149,5.78117664569906e-05
100.5,0.000438949401172948,0.00065724467136017,0.00138325810803264,0.000263204799700913,0.000128955901297963,0.000152064455310857,0.000262674652784592,0.00204929955347706,0.000122788158960658,0.000927715110035195,0.00178768625115981,0.000516997134586359,8.27633163627451e-05,0.00507720660393522,0.00104801077064632,0.00229115581598326,0.000734683996911538,0.000794722878878218,0.00057222449946373,0.00107271959844364,0.000891643673552639,6.46102129446304e-05,6.39374939310261e-05,0.000393032736094534,0.00010792796672451,2.90399987852722e-05,0.000690825374821179,0.00591532564509996,0.000968698140675931,0.00116704274290453,0.00112250936227508,0.0036897153352486,0.000280878621032067,0.000402108612183076,0.00070285966424495,7.02933364221408e-05,9.84790461243786e-05,0.000149920501345062,0.00112511377616621,0.000528492892664857,1.73533834570145e-05,5.83215511586418e-05,0.000162770313372703,0.0013108017337406,0.000207420987846401,0.0016711793281586,0.00136510040324564,0.000732818572815382,0.000565729783105654,0.00263560156355884,0.000512762359669505,0.00212835760137742,0.00206703610209814,0.000210184208828781,0.00109602283850064,0.000407465818326515,0.00153675469517527,3.26657825445562e-05,0.00147289004465116,0.00180415719288243,0.00429889170685956,5.56025721566038e-05,0.00104564048050179,0.000136703048576917,0.000232838324260369
100.75,0.00520444105219354,0.00392596045657288,0.000185071498572863,0.000240608433763333,4.61655572227903e-05,0.000363992291540802,0.000325156771270424,0.000897273058374396,0.00124408289644607,0.00320650940079596,0.00267556875471338,0.00306676359331597,0.000574238548799353,0.0025241169344901,0.000888421089883506,0.000380643074342814,0.0010675959810941,0.000444237278989852,0.000543748764244301,0.00100452756155642,7.45583532215786e-05,3.42129309014148e-05,0.000196366803169947,1.39652650371314e-06,0.00138688218128036,0.000788382824141093,0.000388323639316482,0.00157971309028529,0.00398978441437237,0.00225200549698892,0.000645442305270179,0.000342698587433327,0.000955035797447531,0.000281732163937635,0.000141084048904125,7.54876342324619e-05,0.000221483473284713,2.23347065058256e-05,0.000342376109562718,0.000820853849578806,0.000698915589725734,1.58478214760055e-05,4.3700767778178e-05,8.24565960981464e-05,0.000208301528373257,0.0018650522561226,0.000416401067414485,0.00121197239043097,0.000422649299982984,0.00128257495974932,0.000453047672589671,7.15239486924309e-05,0.00412142630362885,0.00286725146727577,0.0019065473610172,0.00107190926242816,0.00019653223769703,0.00286373030532884,0.00159755895438036,0.000106349028657098,0.00186571794386474,0.00107596547401597,0.000114954375912949,0.000874753283619734,0.000165865509221999
101,0.00150892352877448,0.000243276980653331,0.000260253539679585,0.000129614414599161,0.000582902998239979,0.000693799775924018,0.000145984201763061,0.000165149445885641,0.00062342323308553,0.000338789849934263,0.000463953556289194,6.64441514205931e-05,0.00014623385449287,0.000331934019767476,0.000696326525442471,0.0002754494130965,0.00121612386076297,0.000152256006177562,0.000957539305226341,0.000159878859948545,0.000165233404046028,0.000727395881238248,0.000709943070465587,0.000723366541263622,0.000836444518426012,0.000404808543705729,7.13894220518262e-05,0.00059140941736783,0.000550665334693893,0.000391078449111726,0.000294679385280271,0.000205788270984388,0.000233470590137036,0.0002724547354665,0.000122814582470563,0.000448357597990856,4.90281499420227e-05,0.000395457686351415,0.00165039648095739,6.08087220155637e-05,5.73332493839392e-05,0.000135176689407786,6.79963286097391e-05,0.000552324261384891,0.000289414691621136,9.89782936166132e-05,0.000294606241309343,1.42927703555008e-06,0.000737788674415394,0.000487639500228576,0.000220807835002664,0.000559153664202718,0.00180129067542216,0.000138752355926215,0.000133085445027911,0.000267505956214821,0.000913747007874455,0.00307773176307417,7.1683659798179e-05,9.05965370493334e-05,0.00580642506564219,0.000655888927451359,0.000763779192341695,8.45757635196974e-05,0.000195245180046284
101.25,0.000515115508844955,3.3989794797542e-05,0.000639559133739502,0.000189638845022056,9.19315475456017e-05,0.000235607197465615,0.000660702400995113,0.00043905619184173,0.00282034487845751,0.0115325400002131,0.00169801262724195,0.000664182177556559,0.000698264481800792,0.00283270884706923,0.000329105704237158,0.00109296948107024,0.000250028729498789,3.19574325321038e-05,0.000589835964431267,0.000149686845539621,1.26723482007876e-05,2.35693000759329e-05,0.000414800912962522,0.000233083635432668,0.00181780332847614,0.000539195629501803,0.000101053063440715,0.00271611875423107,0.00305336264278793,0.000392139678805103,0.000877531091224953,0.000878861932516072,1.40456724877711e-05,0.000819746561313075,5.36384563304919e-05,0.00134537325934754,0.000456449546873316,0.000510891734348812,0.000957603565263094,0.000826608042389647,0.000162993697679263,0.000202892293383912,0.000157655135931632,6.79346918126982e-05,0.00289470311735529,0.00112619439201314,0.0013961598535582,0.00041446555466937,0.000652097457553144,0.000796031481349001,2.14867773842092e-05,0.000593038607846082,0.00212192710582273,0.00017401323145546,0.00236689967639534,0.000203032127951745,0.00298997109556034,0.00210011274663503,0.000430508171238509,0.00372937947284064,0.00731535003945533,0.00183994572920468,0.000351918685688995,0.00167357258855107,1.65448583174901e-05
101.5,0.00290696174706063,0.00524112511023327,0.00148689212555211,0.00172246309651077,0.00159000733199695,0.00010288392278415,7.73760898613597e-05,0.000979775440598652,0.00717018041402176,0.00326962058439395,0.0044191112532886,0.00169367426372689,0.000242213100584341,0.00179835400439625,0.00362766524234908,0.00136247593901107,0.00301421846983775,0.00108536243843185,0.00191003699114985,0.00248548440731499,0.000737014235327791,0.000434610914107807,0.000682610106569543,3.13497171630743e-05,0.00118171849550374,0.00104453906809978,6.13274675602575e-07,0.0034183817556827,6.19344326362679e-05,0.0014701196919773,0.000752789794424123,0.00149220312721546,0.00313177118925561,0.000306581926878837,0.000547596068984279,0.000523495886970351,0.000263842949979915,0.00095713938422174,0.000988038225694623,0.0016763477216437,0.0016600630160032,0.00203083006088666,0.000568784676967522,0.00105061922171149,0.00115061468461799,0.00206296899418209,0.00160404764477589,0.00274218014908374,1.92301403567943e-05,0.000565020193416197,0.000268088487844888,0.000741324137952978,0.00210203568991706,0.00426243284414873,0.000706202202930201,0.000472550715296069,0.00343434631358018,0.000432206756395053,0.00264756766139812,0.0029926537173814,0.0498764805042987,0.00236743415862603,0.00243741736741077,0.00112050124055942,0.000618215507773547
101.75,0.0013020466093502,0.00156872849196251,0.0016546178408428,0.00220875664528587,2.00810974927949e-05,0.000805541327317639,0.000481421100622993,0.000807628897458045,0.00479409928777242,0.00263870672248212,8.01872127739577e-05,0.000180229798502999,0.000137564470493732,0.000662801162704533,0.00191404262155576,0.000260579925892487,0.0019997640175811,0.00110633485595833,6.68879621870159e-05,3.8396090207284e-05,1.29992376327408e-05,0.000620577639249933,0.000319630908874338,5.76957328762161e-05,0.000138377186463652,0.000337425080059295,0.000932488020558681,0.00093875143637398,0.000344615646298116,2.51795205327297e-05,0.0018864153908372,0.000331080618703489,0.00165649459471882,0.00379161961018072,0.000337708925715752,0.000567656628848772,0.000283013446474407,0.000151589658113921,0.00262667284905314,0.00289606918740231,0.000580162791313381,0.000774640484172629,0.000259417233050013,2.9001943411856e-05,0.00144638906231322,0.000864074709665486,0.000806763774773427,0.00117446307139512,0.00119781096970704,0.000470546817860552,0.00134583206747787,4.0787841910806e-05,0.000326277003987553,0.00115842425340351,0.000564218472171576,0.00025473557889052,0.00310811097513502,0.000618662570878156,0.00319613989278858,0.00139847950248781,0.0100763636910367,0.00123029892792477,1.45801509414141e-06,0.00174282259534963,0.000190828731995705
102,0.00266935105227624,0.0024908073973342,0.00047146460476376,0.00292756135232128,0.000135932142734659,0.000740782414236721,0.000530238609499149,0.000938518342768878,0.00672273035500217,0.00104198879457475,0.00153305685500682,0.00236854856594379,0.001983590272081,0.000285834091058846,0.00877459668946367,0.000220211067750183,0.000328132615782767,0.00026449148866943,0.000491442644742434,0.00048191721481999,0.000136583281036023,0.000202856413823685,6.07446340516371e-05,0.00120535253206741,0.000106807702347349,0.0018684090590694,0.000643026876247913,0.000514767854184701,0.00232679861199822,0.000206573686492351,0.0071087293592944,0.00223597223576516,0.00249693278393334,0.0024931141155614,0.000727242370635326,0.00135472196426099,0.000341119645201919,0.000575731248252057,0.00169583176321241,0.00245855507085152,3.65357590341931e-05,0.00129755361128883,0.000134244775440296,0.000822908349398155,0.000379825748109276,9.98806893911892e-06,0.000172553972167007,0.00210035421190535,0.000684540758314186,0.000742927636404168,0.0041717083165938,0.000564077108669576,0.00102803122214333,0.00185870908544476,0.00179156696576515,0.00104939357163266,0.0137450065777082,0.000667237110595772,0.00640314578828268,3.57575265133131e-05,0.0747578661636566,0.00103409779941761,0.00054981445252122,0.000186276242409358,0.000562876289307198
102.25,0.000663179046402365,6.70705264525442e-05,0.000672584085161346,0.000396542508834728,0.000100959562341472,0.00114949804932196,0.000252723162509144,0.000283255185678189,0.000700500665175675,0.00284446249931906,0.00122534383911216,0.00105335987835066,0.0034255614073016,0.00506649112698126,0.000525209732147915,0.000994687587852517,0.000175058172421002,5.16381980030932e-05,0.000647017500881355,0.000718624021951202,3.10282191593628e-05,0.0012228061111423,6.32743897661324e-05,4.6975199126981e-05,0.00245700282327371,0.00274679056167561,0.000299462370391713,0.00209714345219494,0.000606748773294876,0.000662107569655639,0.00188804251402402,0.0011110996491102,0.000190015541068059,0.000270995370343564,0.000198171525465468,0.000232055502584063,0.00116843667739112,0.00103375967293308,0.000287224401926445,0.000195857836603247,0.00036654004495755,0.000658131527744271,2.24504638530002e-05,0.00017180030065195,0.000706156206376241,0.000231775555115025,0.00105938974919659,0.00048102564248497,0.00178914481535776,0.00196021527297102,0.000814382966633226,0.000287380181478754,0.00211027012735536,0.000158991757680541,0.000862321290858489,0.00140759070405028,0.00072600218105096,0.000218049326950558,0.00117465651077472,0.00041443253064194,0.00351148690241368,0.000969196114155563,0.000539445861470535,0.000638472845168675,0.000228193411926501
102.5,0.00187203418149581,0.000551359668887217,0.000273687792171518,0.000320433847203025,0.000150515577396191,1.19557722511353e-05,1.49539607900105e-05,0.000367831313829118,0.00340496411627893,0.00394034674342224,0.0020587320820028,0.000699034478136576,0.000725761253541924,2.06126976694776e-05,0.00180988453565966,0.000771234210629261,8.48260339022924e-06,5.20249634987051e-05,9.04034664743032e-05,0.000461370058626609,0.00080832108259689,0.000235143585148419,0.000139691454463801,0.000657223130497388,0.0022626841819185,0.000270964326084439,0.000457212129560303,0.000460324867445691,0.00244404796779928,0.00122815841461213,0.00136200237180008,0.000730554130646084,0.000435211835412455,0.000465871214378999,0.000131799052137427,0.000394686473459473,6.5195920548185e-05,0.000153033032693121,0.00163581398677309,4.67152074911366e-05,0.000842295999300365,7.51508794376613e-05,0.000211463687034071,0.000255558331077137,0.000364037140846026,0.000981444363655893,0.000778005377266821,0.00030781145924658,0.000411420818710461,0.000466078409112538,0.00100189798494869,0.000547883092801406,0.00172160350061889,0.000237112801362719,0.00177309836271873,5.76973418424627e-05,0.00176958616527905,0.000530760351350739,0.0041342781165746,0.00272329246455246,0.0280672475565203,0.000607359647975265,5.77292054502361e-05,0.000294536435964672,4.24003421762845e-05
102.75,0.00136467597776579,0.000580905758850063,0.00186541581683152,0.000930901252980499,0.000207869773404607,1.01958969576041e-05,0.00179635834490994,0.00112826169097089,0.0030481568199294,0.00493054883260632,0.00351293552660325,0.00120788344498268,0.000256064193645476,8.13296677032048e-05,0.00067115850146677,0.00019064815381592,0.000201661918363378,0.000476494581134883,0.00127806302274256,0.00184805527334436,5.71642034188067e-05,0.000455600966953292,0.000866381153613274,0.000452077803818723,0.00135281080296517,0.000290926873103531,0.000125275931584309,0.000295084607498042,0.00176339249872281,0.0015066424439445,0.00029740829881249,0.000165193207254106,0.000149493058731715,0.000392634906814295,0.000371593941163754,0.000127391747341495,0.00123467669941425,0.000560861068305282,0.000268795849329374,0.000296463138056204,0.00101327746556033,0.00081071952375129,0.000166721106329022,0.000423218633010821,0.00279079988859429,0.00132694639639022,0.00369710457749402,0.000896486514425554,0.000435625714310414,0.0001881808813836,0.000561772273144031,0.00107089755291156,0.00115878835903481,0.000634474001879403,0.00220857797181632,0.000998993403437992,0.00109388988397818,0.000796709177942556,0.000301171658466726,0.000994947087394541,0.00049063111648274,5.22397210609951e-06,0.0010958308475401,0.00295196490755017,0.000131384573100248
103,0.000633382232327604,0.000717065590345052,0.00203741971739713,4.83496320796295e-05,0.000452921920229666,0.00117616163815947,0.000208384086995862,0.000896081747672171,6.4538310182077e-05,1.09939285552683e-05,0.00135711366633097,0.000306913793402581,0.000345384535176001,0.000365690921369299,0.000951706955804212,0.00039193065475437,0.000325803005082494,7.73602850703951e-05,0.000229104685700544,0.000571178630767762,0.000236312884458705,0.000121773162943185,0.00050008932075851,0.00188442443685569,0.000959437096902677,0.000227875559615882,0.000393726216539772,0.00229691726842792,0.000949039698310572,0.000876824553341033,0.003488506407003,0.0019502834919241,4.7736237822034e-06,0.000171277476860855,0.000143580795382502,0.000991040975487426,0.000134286978610556,0.00081879221477456,0.000507140140784409,0.000175829560572072,0.000374188493343601,9.44550731035688e-05,3.08272189336949e-05,0.00225707023622704,0.000470658459682283,0.00106880295712955,0.00152309801728796,0.000724287709424213,0.000994785901228833,0.00124375664157428,5.5779192121137e-06,0.00116191247130643,0.000185012744977995,0.000990776133756196,0.0012933002318182,0.000299199123830393,0.00265218975490004,0.00527610073530241,0.000435801389476693,0.000470525473083508,0.00995771478629084,0.00107536028262401,0.000256450961507216,0.000944068527530315,7.87150984761162e-05
103.25,4.45984170327779e-05,0.0011867104828707,0.000916419783253127,0.00057333516048683,0.000180947257789729,0.00030219317681335,0.000674064489487038,0.000240805282067136,0.00119807732981697,0.00214097886654095,0.000519218233844039,0.00115256559233132,0.00081362435137088,0.00270246969756725,0.000417475276443514,8.68186323107621e-05,0.00120490469404886,4.15857245970756e-05,6.69239694703182e-05,0.000167196411421681,7.24065937964574e-05,0.0010820567082649,0.000172277425424265,5.18268072808237e-05,0.0015781929952625,0.000682929512872504,0.000263027649320658,0.00238635706428499,1.32218419421351e-05,0.000581377390717356,0.000522686403652226,0.0024071080014279,0.000243270704047403,0.000178559161162372,2.87411847911204e-05,0.000174846150646459,0.000765301724550771,0.000713280556088675,0.000910682405865907,5.04652805860866e-05,0.00109694427144791,0.000606016484052825,1.55402744863565e-06,0.000448518957660724,0.00246409103654385,0.000218443770892509,0.00181250496737965,0.000833848474152517,0.00116878185972684,0.00214310716365281,0.000389220130595947,2.57006426653046e-06,0.00216802643584303,0.000572979370359077,9.94161104257562e-05,0.00174875416976754,0.000435222139666877,0.00314381715294172,0.000300433968632468,0.000813025269050153,7.85950934299306e-05,0.000192158507314001,0.000120545350083876,0.000561316150985376,2.2129032818326e-05
103.5,0.0014375377314285,0.00013774700382202,0.000589807916584768,4.96754673885436e-05,0.000102458189745739,9.14025756291014e-05,4.9162693367358e-05,3.07771352357245e-05,0.00026796564750941,0.00176076135959413,0.00037422085318383,0.00116068797356724,0.00015300863499587,0.000570491734076005,6.56439307330175e-05,0.000527914723980216,0.000153778915612835,0.000606225067186498,0.00013868672814889,0.000138735674889938,3.43855220168901e-05,1.81903809550871e-06,0.000165240383366584,1.26019172037127e-06,0.000103649806124753,0.000515182442674158,0.000186359698617492,0.00114786213749407,0.000165627016280016,0.000447235303681122,0.000323371675067127,0.00142928168609465,0.000233502781410867,0.000213600475810722,0.000447724326478382,0.000450562891705605,2.26301628550078e-05,0.000283611181585604,0.00022278612527491,3.25056884808066e-05,6.23817325008302e-05,8.57220610322741e-05,0.000144439775014611,0.000220359883271471,0.000609585110253871,0.000626828295023122,0.000244092067696,0.000312451093454498,0.000164437532192491,0.000176947447093484,0.00027000717006833,0.000857421392652054,0.000283871920735151,0.00034043510493802,0.00108990708067396,4.92077246926308e-05,0.000234174590155763,0.00559443613199077,0.000142693717302107,0.000315955242529614,0.0171021600942219,0.00121942946813632,3.17609086802546e-05,7.21822294392678e-05,8.30762131757037e-05
103.75,0.00440519457247725,0.00121118061758189,0.000309480928858534,0.000349666161401738,0.000290234570319547,0.000211321299250537,0.000455074893749917,0.000407487091837006,0.000817654845359968,0.000424371621419759,0.000725826992462248,0.000725847661535374,0.0019816542520507,8.15492162029466e-05,0.00185236675142912,0.000583884183370604,0.000536660801149541,0.000274474746846526,0.000639579102795066,0.000287150487407073,9.24453535993912e-05,0.000196792217340551,0.000441263524804967,0.000261856128517723,0.000667917275495151,4.28861510565534e-05,0.00050700849758127,0.000595987170508434,0.000348190251192885,9.89272009028078e-05,0.000789769047587225,0.000679385657212239,0.000490088838382401,0.000242043817045132,0.00030916701615386,3.58477981659462e-05,8.53638284315468e-05,0.000452487091344936,0.000246938103566001,0.000911457331273179,0.000105923543256579,0.000253044116865627,0.000344858464664565,0.000293580836511995,4.24934899706852e-05,0.000738734204101233,0.000441077881086867,0.00147023445869137,0.000772066862438165,7.32935771917682e-05,0.00014738988439102,0.00097918691902576,0.0007260870657577,0.000689985905129072,0.000854835372522064,0.00013391195352609,0.00173617852417166,0.000568710271370045,0.00112912627947169,0.000389361780812577,0.0133084897243477,0.000654458290579632,0.000268421188779909,0.000315007514907846,3.15686353453065e-05
104,0.00566619857496373,0.00096738849989989,0.00130425022140144,0.000324155543702435,0.000531868328334653,1.43898580214306e-05,5.9260198610962e-05,0.00284834706890707,0.00199987780361708,0.00386485992518599,0.00711344918105813,0.00025291827416376,0.0016303526935699,0.0015339451719053,0.000890708756522152,0.00146400887545769,0.0017120747505007,0.00132182948593171,0.000348900975654604,0.00177052327539006,0.00188676857186059,0.000432993975548816,0.00044226560125925,0.000896901493640072,0.00299263496959257,0.000502168572628663,0.000509340924342927,0.00358599744583581,0.00134799010480925,0.000838634081504744,0.000255117122838539,0.00273744439468605,0.000577957775892263,0.000299823093242975,0.000275285335672222,0.000211387769144735,1.17520676939875e-05,0.000578469187138878,0.000527253067981497,0.000114514822480941,0.00375302490277629,0.000961642671173889,0.000195411575804073,0.00098242106280363,0.000396611707329053,0.000379466816335039,0.00388846893763784,0.00112386389228984,0.00133703136142632,0.00144883367360441,0.000134731206910468,0.0025627553567386,0.00651402803146147,0.000528710167231169,0.00297501562059045,0.000711418478543499,0.000203581310444894,0.00276219236276645,0.000216060449052012,0.00502668149923043,0.0118241092914324,0.00232855273894125,0.000440574732331702,0.000574119175645367,0.00096142055455116
104.25,0.000633271599319128,0.00149974783551964,0.00014794152836637,0.000832705296782801,6.86986860720153e-06,1.6866348829696e-05,7.71990991394569e-05,0.000146348994152777,0.000461982929389437,0.00140788753374301,0.000201663102125946,0.00125098426218222,0.00025691984459133,3.69956317496382e-05,0.00199173952288817,0.00073738768442385,6.51017881933201e-05,0.000387723850893078,0.000190402690576456,0.000367200382919939,0.000130862295475779,0.000406561896950754,8.33909852650009e-06,0.000120334029352592,0.000107737912758033,0.00120814609247758,0.000686420142937806,6.30171309867783e-05,0.000338296991927886,0.000314927704218888,0.00274537983974798,0.000448677736570701,0.000154456109992045,0.000963890114562489,5.36721744664218e-05,0.000383418504226794,9.64025312175108e-05,2.8300587560198e-05,0.0031531431475681,0.000720038875858223,0.000176506348027642,0.000246354648458604,0.000249650500214643,8.13739961551254e-05,0.000157477876674408,2.8426558505486e-05,0.000446079860360945,2.43966352400932e-05,0.000250504112607452,0.000209481555681387,0.000129145216065715,6.7920981637932e-05,0.00148239731127801,0.000529875530584553,3.84525490309664e-06,0.000135323765719168,0.00117912857954756,0.00240319155420275,0.00112039570270936,0.000251138379817892,0.0021502623053808,0.0017966282867879,0.000210972261450998,1.08600549893343e-05,6.42738687639984e-05
104.5,0.00451361771713254,0.0018688975360432,0.0016380382403466,0.0006195108694578,0.000429725193826291,0.000281762220701808,0.000137578514288213,5.1476686635563e-05,0.0017728900874071,0.000926318779255197,0.000740995474245478,0.00125169986051675,0.00204020736998088,0.000516011881073635,9.15487603623062e-06,0.000182687732113854,0.00088489976283256,0.000150767888604171,0.000121006770480885,0.000556900630181978,0.000186195202336178,4.32841599381142e-05,0.000199927808671104,0.000196874256959756,0.000814358149071166,0.000630202076666135,0.000482497837586182,0.000586467410685729,0.00215188128779925,0.000112035197749519,0.00163376411343903,8.43142635820331e-05,5.08966166941953e-06,0.000724490893048211,2.98303226138282e-05,0.000284748629058924,0.000124788010304197,0.000648962028268311,0.00291406995496733,0.00164707094827656,0.000350291841204231,0.000222893084509042,0.000490410428964793,7.78107412206953e-05,0.000653988082934969,0.000448419698875412,0.00211689054112648,0.00110787362237502,0.00013264280199136,0.000282487157323084,0.00043089992354617,3.20220990340885e-05,0.000489212016965392,0.000712848439034001,1.51790103933007e-06,4.06745532514689e-05,0.000633876519983872,0.000840951350692314,0.000272538978610505,0.000450782549998074,0.00124959633852266,0.000432073314266262,0.000222129581496322,0.00013750212272305,0.000107979783350543
104.75,0.0036592329723424,0.00123074259739989,0.000473539415117315,0.000572982962333806,8.408557049012e-06,0.000309366747934706,0.000306742743652243,0.000688100715117142,0.00340401913112887,0.00412559440546852,0.00135331689076631,0.00118303504302609,0.000366673427210486,0.000308671197086287,0.00193536316136832,0.000596463439815676,0.0015526747843396,0.000168329798785231,0.000145167332213798,2.64465617359929e-05,0.000130590770140918,0.000226421333607877,0.000182957911333966,0.00021815768157138,0.00029717283686552,0.000462997545218889,1.19722406490846e-05,0.000439922860998938,0.000102435003556292,0.000845440997941622,0.000911986540011115,0.00122515467874335,0.000216929756632939,0.000318036428217914,0.000606810567168831,9.86693147408334e-05,0.00024928169967112,0.000183484379552893,3.9360374558635e-05,0.00113237697580405,7.38590088693183e-05,0.00036627042618461,2.24081396109154e-05,1.51308257787958e-06,0.000185063384248162,0.00116109705463599,0.000189095760096278,0.00123143523578061,2.87348847373508e-06,0.000127816689282209,0.000834014370252712,0.000159345022476458,0.000347597155221416,0.000979801014227088,0.00248704082247465,6.89703353972637e-05,0.00154940462436359,0.00299496986877466,0.00261966773692384,0.001575981720359,0.00935639158184598,0.000677515129146304,5.32251092952622e-05,0.000533522878598206,0.000142964017066532
105,0.00162151450368928,0.000433339340900354,0.00313990323828658,0.00111224904379548,0.000238578047708711,0.000744452041079956,0.000464278625938682,0.00116222345734875,0.00241224319625499,0.000280920615349737,8.90068950890142e-05,0.000405908477265938,0.000856254954216575,0.000793239094742015,0.000564822220740725,0.00055187753797663,0.000440493600364551,0.000323813347355563,0.000107844530745095,0.000687721814332536,0.00038397701163352,9.66052412724713e-06,0.000931361708773475,3.23380745888362e-05,0.00133641052235388,0.000152862193670673,0.000685302562985385,0.000128693930466706,0.00115442528577073,0.000560142083392493,0.00154177480174504,0.000923588132855834,0.0010106555654745,0.00178440667332597,0.000297616647347479,0.000242227463625633,0.00104865250227162,0.00117444052496334,0.000222308000519334,0.00160781820838797,0.00120716535032036,0.000336727359985671,0.000242679952936137,5.2147599034795e-05,0.00123658206991445,0.00180272968819894,0.00196845786163054,0.00154277571976042,0.00204435768729643,0.000111905495886226,0.00066960220503028,0.000852252005882466,0.00137107360271599,0.000713872787973344,0.000533560294849324,0.000621891974935853,0.000210713137800708,0.00186031621121627,0.00539197880519651,0.000550356901746717,0.0123959482621329,0.000916344329918951,0.000531606431733129,0.0029287651396209,0.000194271001788356
105.25,0.00200808435661953,0.00168666012223807,0.000330685379284183,0.000129471844590728,1.71677189177601e-05,0.00119580749196109,6.63635715936979e-05,0.000241766442202116,0.00056218233121838,0.00397618651109424,0.000763371466576884,0.00030769415121654,0.00050343505120234,0.000743242576541557,3.92887070665969e-06,0.000339114869207952,0.000711248117523045,0.000225803782799762,0.00043992923296589,3.84224979398744e-05,0.000425979074113245,0.000223982727647862,5.38749933988387e-06,0.000136984476742205,4.91459812357956e-05,0.0013428520821113,4.67971500500177e-06,0.000572518078621361,0.00255377941891689,0.000349340020875553,0.000300765434242577,0.00195538378795756,1.93203232651996e-06,0.000237290035080101,3.78889292209589e-05,0.000203774903273922,0.000415779221834856,0.000514766773282231,0.000200309104291313,0.0002937540494926,0.00050077311441303,0.000913356550545371,0.000647145689379203,0.000334088187995659,0.000115025090831618,0.000969775796827612,0.000403704919106103,0.000391385702265867,7.76532590466167e-05,0.000868256418682722,0.0002094984136534,6.34892572728534e-05,0.000169171220915423,0.000522942049547804,0.00128735892312207,0.00082200067590224,0.000656005662700179,0.00163768229467684,0.000615086215119102,0.000288364880084881,0.00127126091780079,0.00110689444082212,0.000446230206533069,0.000317821034860976,0.000211306791360383
105.5,0.00831921886728536,0.00154471901196277,0.000682919206679303,2.74932294603628e-05,0.000344106916822618,3.61125355006475e-05,0.00073260136219963,1.49129136908622e-05,0.00127034380715436,0.00171005795854473,0.00184997689716267,0.00146036946404548,0.000735801352447411,0.000296946479080778,0.000540357253109797,9.62824377821681e-05,0.000708330179250313,4.84867090057585e-05,0.000486598514544027,0.00111999078321539,0.000200578489409689,8.54801000208002e-05,0.000318858833740134,4.84642868877455e-05,0.000967469582565174,0.00054661957748668,6.23099080328865e-05,0.000638094318708027,0.00182609172222714,0.00119343109716348,0.00284118674159574,0.000132287635944247,0.000226050756341394,0.000157528219876318,2.91824975896574e-05,0.000890467034948783,1.99348648010482e-05,0.000356287327716266,0.000657197018300827,0.00041950969500644,0.00068121652931271,5.58397680003895e-06,0.000472521202730991,4.79800665446896e-05,0.000537707257085216,4.31310598125974e-05,0.000582219354470455,0.00209109756146669,0.000602415236489012,0.000463274469437873,0.000217163931045866,0.000412819485224401,6.62357473464211e-05,0.00139655785715608,0.000232219538355083,0.000842926053903635,0.000625771806393726,0.00175053188111373,0.000141837587777038,0.000289104055393432,0.00269095631622724,0.00181679148179887,9.72504485836915e-05,0.000337803071722383,0.000108948495687819
105.75,0.00531525753152386,4.97431173545726e-05,0.000451722498574664,0.000879444617024613,8.2776305116332e-06,0.000494941663360534,0.000797330273628624,0.000153784738567774,0.00680458958493657,0.00430266918678186,0.00236900075111212,6.97987441714623e-06,0.000205603854209612,0.00326348268304625,0.00151116038477832,0.00112986724594644,0.000793424834729666,0.000979078122396908,0.00291886795218419,0.00181855736584285,7.36670538720975e-05,0.000735425988490305,0.000712989925199665,0.00012459089012505,9.85037361060703e-05,8.90271056443834e-05,0.00072313578937417,0.00107769711319372,0.00195308049379315,0.000390466607179241,0.0030151658242596,0.00253997512647161,0.000288218941518473,0.00058655586757999,0.000541923731978772,0.000468871802520105,0.000425255886920703,0.000390499583636003,0.00178101515446956,0.000534088457645221,6.99073285086383e-05,0.000626424693919319,0.000561046162485418,0.000337822955750135,0.00128054755986782,0.000255235819424852,0.000157350601677297,0.00078665315737738,0.000236555142401502,0.000420245623816427,0.00113782119756732,0.00031685562372639,0.000982480341224087,0.000205199813503187,0.00122504036608802,0.000390444831449378,0.00169874632010578,0.00321147291591048,0.00182799503822584,0.00199997796088856,0.00833070274203747,0.00264979028372411,0.00107218061583993,0.000758526536401004,0.000704156871309761
106,0.00154383781461846,0.0026574484968425,0.000271055287714268,0.000102050704281542,0.000189703702802196,0.000714418045641523,0.000739573919362373,0.00110993284931127,0.00165224389785832,0.00126227564128269,0.000809816690568397,0.00132676986615191,0.000308236774911139,0.000420322452928481,8.61528897076322e-08,0.000183874898848917,9.70823340272248e-05,2.69984108657577e-05,0.000514336494526082,0.000841133355095825,9.84223923305363e-05,0.000408671788183373,0.000344821999363078,0.00039033144554201,0.00032311608332518,0.000123623675384208,4.39126938329841e-05,0.00130935235157777,0.00218828981486472,0.00152248485019273,0.000362988475648938,0.000595981790455206,0.000291865613523357,0.00025873540639839,0.000120398357040018,0.000150499163792204,0.000629254495729093,0.00187185739663323,0.00037546118947942,0.00022990157636388,0.000211913967076147,0.000136680304844423,0.000373297228037508,0.00033464344829755,0.000866066867417505,0.000983517255562826,0.000165097378367696,0.00103761876122017,0.000258039332884941,0.000626012803460861,0.000294672033137394,0.000783777300476425,0.000236872211760314,0.00112076595979045,0.00248335609604979,0.000156074108414836,0.000946310306724223,0.00086868065890977,3.78149699440437e-05,0.000424068366249825,0.00140482705945706,0.000130171114487421,0.00186237396773027,0.000863855548225497,0.000133125842677619
106.25,0.00067823103686943,0.00259854151550645,0.00119136460544776,0.000795236588347385,7.65583086498311e-06,0.000618210718964606,0.000984803067075318,0.000542214138030513,0.00272207794937866,0.00442989744938582,0.000551225574478613,0.00317298191818593,0.00521188631230473,0.00297015423835071,0.000548769676272867,0.00157914185835888,0.00122552905135426,0.00112923249800837,0.000453950416023854,0.00387008000963368,0.000503690788678068,0.000634703700402722,0.000624964882026925,0.000348965968011766,0.00102929814324386,0.000765653169291541,0.000869920760514352,0.00194388071053602,0.00250703899493456,0.00401745472972831,0.00176333832826117,0.00168686928114048,0.000612007477587616,0.000705251715198309,6.73336942890123e-05,8.68456466680227e-05,0.000245602214001886,0.000750699436864941,0.00223340506934881,0.000984051402092114,0.00060610738040583,0.00126864897851331,0.000869624345245103,0.000448527855198369,0.00256216073653136,0.00055929442463177,0.000722698113646205,0.001845488726414,0.000942468920704828,0.00142647568012238,0.000548491572246914,0.00138516899602376,0.000807146171695791,0.00190943608401273,0.00178168430356599,0.00120184642082321,0.0015739495062715,0.00317038763451988,0.00189692653855427,0.00259426742176074,0.0039258102766641,4.71100311024589e-05,0.000502395672959184,0.00201538153126947,0.000414419686838767
106.5,0.00233265824488465,0.00162794605268396,0.00103403222751153,0.000681010460003219,0.000182172928913584,0.000216246878640411,0.000110907416230442,0.00114672103451067,0.000398201116753006,0.00096305648603452,0.000137386356571709,0.000661992455147682,0.00201794791735804,0.000862357079376081,0.000630522045917249,0.000253679997378976,0.000183175098148021,0.00129570706205611,0.000108754771191327,7.55003075116867e-05,2.53076675850665e-05,5.14482378725595e-05,6.34129831467528e-05,6.71859103771429e-05,7.47295527794076e-05,0.000256699203230688,1.64279216284329e-05,0.000965069480232776,0.00075723580746962,0.000488952090570254,0.000774884989022753,0.000483016625957049,9.78675729429921e-05,0.000472180637205788,0.000235535935330422,2.53028150566026e-05,0.000592124269812165,2.1806994785788e-05,0.000665342829130943,0.000453999268966904,0.000281384199497665,0.000341233052472423,0.000446020823751653,0.000528516205921526,0.000197578522231473,0.000327195748137048,0.00065270727692925,0.000576233643827465,0.000148522700608251,0.000194872353458424,0.000380256962781541,0.001230941920397,0.000446098279000548,0.000568119091305506,0.000967052160724075,0.00033879437781658,0.00178303883580164,0.000818381846525948,0.000220353875365614,0.000734861919230289,0.000791964514795338,9.93163772528335e-05,4.32551965309172e-05,0.000565718863177803,0.000124716356336195
106.75,0.00177449511233363,0.00124779895217707,0.00130514307330924,0.000677014462384425,0.000153219771210636,0.000414554934560821,1.70754313494116e-05,0.000799798909243182,0.000707867185849291,0.00395333429018164,0.00029039611693691,0.000769930572107862,0.00120325433527605,0.00229977384787528,0.000192517097112857,0.00206493670789725,0.00134038699871858,0.000204692102051643,0.000310047244438261,0.000248198877062424,9.66894970300513e-05,1.54411799874977e-05,1.72071578249508e-05,0.000411060494893264,0.000667285884567956,0.000260101966063377,0.000201860364163888,0.00743290799219281,0.00153674401690401,0.00186550970565887,0.00200327165019595,0.000882146639008016,0.000130192453841848,0.000451425153640732,0.000203418000234613,3.01461967867334e-06,0.000287180837470081,0.00106132358081466,0.000384059964895824,0.00162451008545682,0.000570185123048667,1.52051872771565e-05,4.33709194445979e-05,0.00138352243957954,0.00044037278126722,0.00097655989018349,0.000848057329188151,0.00206319142786929,0.000910454900741541,0.00225217434293437,0.000421775765804154,0.00234131611242265,0.000735403884811569,0.00191572206535221,0.000340546638218014,4.92567848700577e-05,0.00126958253676024,0.00101980724160859,0.0008892791249747,0.00251365076509159,0.0013258844129299,0.000288396136211234,4.41817517430472e-06,0.000414592990119921,2.94063950240329e-05
107,0.000243700386211985,0.00116230631298668,0.00172933639823891,0.000759193468326141,0.000122622072432311,0.000462252855977866,0.000188858059647027,8.46884821199734e-05,0.00233708058475605,0.00295736719124905,0.00501894547973757,0.0017386399954753,0.00210322488495526,0.00270412815050452,0.00149895241866363,0.00116699469851347,8.80280544516947e-05,0.00024168559592534,0.000435894891267822,3.54781850650811e-05,0.000456170159879785,4.58704668890166e-05,4.68716113181598e-05,0.000137632820089404,0.000935573977414579,0.00192542136444777,0.000423124395628259,0.00213787818004129,0.00314966107253872,0.000320870702733041,0.00170598334041435,0.0016136040905186,7.08172535640899e-05,0.000208337396408095,4.15219810539117e-05,0.000426782502974887,0.000134858888325498,3.08469405370129e-05,0.00104285951645476,0.000473277019014208,0.00105466313632125,0.000462022125705146,0.000127190064102012,0.000188281898775896,0.000415831678299271,0.000719301775035136,0.00327243564475207,0.00106264937725595,0.00114177313516551,0.0015072342966728,0.000448354063220631,0.000185260271599337,0.00263152331290686,0.000864268267383405,0.0017583846091188,0.00169654377672294,0.00163854670705317,0.00212040686922305,0.00346740862431022,0.00128287361662847,0.00587736808239272,0.00123230701134472,8.9941996829054e-05,0.000163936632974401,5.15934641870819e-05
107.25,0.00344963539837807,0.000429117768771419,0.00170840772572192,0.000382302148692679,0.000197008059315849,0.00090318028601321,9.99467742334249e-05,0.000478453765334033,0.000980671303538071,0.00304717121243864,0.00157667939564237,0.000619896557401614,0.000624643364550002,0.00101445605946068,2.19794078929381e-05,0.00260755659142223,0.00224378896728975,1.2863649370081e-05,0.000172118698090238,0.000273523413461113,0.000155113957747561,8.34727136286793e-05,7.9576224191216e-05,0.000325773203409321,0.00104226096231637,0.000808871246844564,0.000177019351855189,0.00143212380793649,9.41237527966741e-05,7.88298433932777e-05,0.000197935675428058,8.0268761071357e-05,0.000489546856122449,0.000271044802944526,9.61283267736606e-05,4.83331914474582e-05,0.00014517736144396,0.000864572263237858,0.00122967292688512,0.00128491273163696,0.000973263648963406,0.000352385520406322,0.000164997596999114,0.000347128609759884,1.81990333575878e-05,0.00102721879619163,0.00210094978218098,0.00168401367630915,0.000338789739101651,0.000635838228284038,0.000401424913298661,0.00141653105516552,0.0032417906508137,0.000925021272627685,9.22227206601069e-05,0.000145577655942459,2.48509198386035e-05,0.00072459083050131,0.000441478885417733,0.00126128047242169,0.00116239655824056,0.000644536807941819,8.05829249071209e-05,0.00169393230372015,4.11708452253677e-06
107.5,0.00381751349665903,0.00108091504076865,0.000843325747141115,0.00011741680020318,0.000185954585769656,0.000189022164780537,0.000871018885736953,0.000254479564207787,0.000604535245523996,0.000495943057799425,0.00375266387305277,0.000872672590900541,0.000173732826668336,5.45811097532988e-05,0.000158346838116093,0.000362557573464327,0.00049713257643676,0.000186474616646066,0.000131719157970892,0.00133691961006465,8.77845849184662e-05,0.000257813291763696,0.00116043441450123,0.00134485680739896,0.00131771641097169,0.000627388924936502,0.000595587474889633,0.000734082096875718,0.000603535382473019,0.00180695149190476,0.000443701691912907,8.25787301210318e-05,0.000687524776861563,0.000333280531469018,0.000404580372400757,0.000582486726517862,0.000943931190493099,0.000521896965402032,0.000133437810841388,0.000436973410630831,0.000507539300570684,0.000130355301024117,0.000513335098387907,0.000984274473861381,0.00134243064691112,0.000919332299855432,0.00158655108314188,0.000357961058266099,0.000603744537767232,0.000427397089344793,0.000283177211586126,0.00049648923598544,0.00170036744296305,0.000844344792353878,0.00141664008175876,3.23495015589648e-06,0.00063148847051102,0.00289249721502629,0.000191715321577329,0.000241053797878569,0.00527683980989167,0.00294477036768787,0.000528827687699152,0.000694206234649048,0.000101265173357156
107.75,0.000562328354359165,0.000710329198108747,8.91645075079277e-05,7.46445337211792e-05,1.88034613978412e-06,0.000251099457695679,0.000148763043254141,0.00157106696377516,5.4550852329241e-05,0.00206851704967302,0.000201851578699122,0.000311169311666746,0.00051362249506767,0.00132620054496649,0.00170740567147746,0.000415392081028228,0.000357527730317676,0.000384244169052728,0.000705411050619922,0.000415945114428379,0.000182833369086474,0.000374643055799527,0.000446210296719107,0.000270708124747121,0.000334291266352107,0.000330934995894181,0.000505597409041854,0.000517003582228809,0.000568376858836809,0.00027913261269647,0.00395096353750116,4.20286291551287e-05,0.000159285113289233,0.000128962593746081,0.000126044921012351,0.000584348253544764,3.5947863251677e-05,0.000413815257494821,0.00031132052991624,0.000268700698954331,8.15718974020288e-05,0.000368390536477985,0.00013611227113448,5.51181637188202e-05,1.15426873199058e-05,0.000682230291897997,4.40932251051743e-05,5.94068051780747e-05,0.000836967974886933,0.000311912685720006,0.000936273089514849,0.000922037488518463,0.00106146080366862,0.000570446551810674,0.000135991437649055,0.000171276292250777,0.00131738089771192,0.00211822398236659,0.00113926895776126,0.000784838760481432,0.00657595558344432,0.000528176436900958,0.000494547168008729,0.000145718628545092,0.000180512543890696
108,0.0017020335298483,0.00359327879938266,0.00199656279882772,0.000346344731090171,0.000206982514921333,0.000163294788844742,0.000758269660625762,0.000645449590546844,0.00427269070965398,0.00259133914558721,0.0015157157659671,0.000786533472434983,0.0011554273844359,0.000161814863439787,0.00394819105526491,0.000491627077695153,0.000896141482431941,0.00082860523652432,0.000107805285596939,0.000694924935409656,0.000377400952851057,0.000146270762412985,4.16770505599853e-05,0.000441307211447096,0.00182301597475612,0.000929291841772969,0.000334349731133682,0.00126499225809861,0.000537435701803393,0.000887947716203609,0.000831815526061797,0.000685988867453282,0.000663924666839409,0.000223443782910963,0.000553575240977929,3.02097447599542e-05,0.000355504442481284,0.000751047371230463,0.00450780775843954,0.00150555221480547,0.000830987565553646,0.000256254694534385,0.000303505084053742,0.000387583384651929,0.00204896239005751,0.000705727548724397,0.000879608812479161,0.00241231459928387,0.00101340704067631,3.92446921665323e-05,0.00055666705915354,0.00120310601114536,0.000617071902218779,0.00227610262428067,0.00125559878793696,0.00106984491271433,0.00173151816150671,0.00100492724784679,0.00183605288583405,0.00058738495057075,0.0180460353216086,0.000488553064475797,0.000322191000218938,0.00212268476268192,0.00042050995933675
108.25,5.99848160002194e-05,0.000588245650931786,3.99498562876481e-05,0.000914415598063382,0.000675571663458395,0.00229182859996898,0.000118554824618662,0.000601756484500865,0.0068903170477015,0.000341252852411092,4.22103897839414e-05,0.00199354363998353,0.000360097045366991,0.00181722648069964,0.00483676522158416,0.00013586362516667,0.000111709344203946,0.000260238366786244,0.00189789811487813,0.000645088518782515,0.000226720325447638,0.00103543597165606,0.000215200982552388,0.00102907072859074,0.00102135931544218,0.0014668223526247,0.00116148318357806,0.00348503405214743,0.000141032710491132,0.000681901709451134,0.00420828057985103,0.00208824430152879,5.69104389787035e-05,0.000444245943888332,0.000346003839248017,0.000828577338025538,0.000513608559091034,0.000190319753944929,0.000265956596817122,0.000237861934652414,0.000375830781742104,0.00116595858756609,0.00020864008902562,0.00405338489046545,0.00073967745659316,8.81165233769987e-05,0.000269694144965557,0.000827125938470536,0.000542621550666414,0.00352892212415871,0.00227299114608146,0.000439570231275097,0.000989286981080044,0.000518603625870675,0.000370987295923201,0.00307601325707493,0.00463063160143744,0.00212681393315796,0.0134640342807288,0.000156043271978197,0.0603422174559353,0.000853508270766417,0.000330082777008949,0.000351476266686523,0.000369970399031278
108.5,0.0116570907543485,0.00132009901554232,0.000899392301963468,0.000186152024409516,0.00016892433533716,0.000473986066096937,1.60045700741372e-05,0.00187277342336606,0.00248830095102253,0.00037521285221217,0.000700009941338727,0.00237053843325638,0.0014903279145583,0.00792654817943005,0.000128810815317764,6.95694618148255e-05,0.000363101411673426,0.00038108861154633,0.000536900002741369,9.80183352664404e-05,0.000230993952868734,3.53163419224596e-05,0.000123747661687991,0.00109420193662834,0.000402493576930494,0.00250537995124603,0.000240816958508535,0.00839086530290416,0.00244660649653072,0.000465215830896463,0.000731754502299045,0.00383746085469768,0.000275860828402204,5.50411371403185e-05,0.000517184381374002,6.03165179538166e-06,1.59618749866723e-05,3.20876171026703e-05,0.0013899960750929,0.000533586795168034,0.000253784033736684,0.000135149493674077,0.000101369420241157,0.000828301081635758,0.000982868739257774,8.79032179509101e-05,0.000614337442421025,0.00226950014096061,0.000794693475658681,0.00468784022640851,0.000256989996490476,0.000211064766153523,0.00166401135530162,0.00160643681989256,0.00246408653248471,0.00136391633709376,0.000614856279984106,0.00530274988014445,0.000738071454371445,0.000176165943898868,0.00175261151598061,0.00297272017235328,0.000238348302733824,1.90979208528295e-05,7.25442125865619e-05
108.75,0.00137509172319771,0.00193150186365999,0.00263050914148697,0.000971851519262256,0.000358168975262915,0.000462302190734835,0.000306548025176839,0.000155789919329506,0.00114979715929056,0.00158977476206723,0.00479796577149846,0.00320823837559976,5.45494365304322e-05,0.00210027065846059,0.00247457454365094,4.24145824124052e-05,0.00050633259520811,0.000664117260790337,0.00022138818972277,0.00036308472734026,0.000126258305969899,6.14043562608052e-05,0.00019311229661935,5.59242123638984e-05,3.32419451759484e-05,0.000529641070260361,0.000167117713699216,0.00208709668263002,0.000299348849559165,6.98927713586884e-05,0.00196657106453082,0.000504658904052892,3.2463836989518e-05,0.00064217032208774,0.00025204033643799,8.69877362225598e-05,1.02918546157239e-05,0.000277515685173258,0.000111159462272481,0.00211547687004445,0.000212144521833745,0.000121382694054674,0.0013714131575952,5.69805356144883e-05,0.00102926095109614,0.000612487635954137,0.00254436938551927,0.00264775606471901,0.000433118865912054,0.000775668388595715,0.000558900166795077,0.000385961748767702,0.00277807448377234,0.00189570289555271,0.000839999894427584,0.00101030828162266,0.0010920400481512,0.000247440113639054,0.0014573203653683,0.000829179050749075,0.00468101269404759,0.00032029249184289,0.000512861458608259,0.000506126991554599,0.000166641562217466
109,0.00134482828937659,0.00434783347623196,0.00111939640012164,0.00153507364049366,0.000235213535352396,9.05989996608806e-05,0.000994334721567806,0.0007719874424162,0.00532173017368808,0.0125085178062962,0.00136696500849262,0.00281681214717253,6.5190840399886e-05,0.000507876457602749,0.000735310305996651,0.00143574064074339,0.000757741781953166,0.000747284655570923,0.00055776233084519,0.00247177947728707,0.000197616283734509,0.000531804671824896,0.000349033694594082,3.43931222618568e-05,0.00102609375181361,0.000994431420905333,1.47443131109925e-07,0.000197016155760948,0.000889253376799184,0.00157073334811459,0.000166725094697715,0.00110085136463429,0.000278134357582337,0.00155059496911342,0.000196290990212214,0.000258938722210357,0.000591689343572534,0.000747736588252126,0.0002762060438067,0.00183410495443221,0.000683157613122956,0.000799559965558454,0.000137025341979887,0.000452899781553558,0.00241397201741309,0.0056263904856746,0.00145551759007092,0.0010031262708949,0.000119096479635255,6.08890778313008e-06,0.0014081034346662,0.00153251675271563,0.00105956648788011,0.00228070637226574,0.000217135431936106,0.000516309428467137,0.000540776754533938,8.78475972212862e-05,0.00283813301893849,0.00568654323616597,0.0103070179967322,0.00129412788155317,0.000453459230849563,0.00275393474728652,0.000370974329673834
109.25,0.00124899764735444,0.000893188696157671,4.82153504286143e-05,0.000516235414519718,0.000127077490200058,0.00040897301454648,0.000225256877120487,0.000196735087778131,0.00308174842627392,0.00179167943894627,0.00212167342318097,0.000392502661749499,0.00130286113850196,0.00496901374354702,0.00148890165665131,0.000983022279247338,0.00217896713400594,0.000823305797175853,0.000365247520092457,8.01466961492009e-05,0.000631604020965935,0.000199228417686289,5.72322493732542e-05,0.00036582523910797,0.00165265591077585,0.000227276182137658,1.77721991244473e-05,0.00319445550450409,0.00194605462589674,0.00102465715333622,4.73909689596306e-05,0.000307325229904965,0.000812053820146727,0.00153001002760551,2.3015491571011e-06,0.000173172134403239,0.000539938415380913,0.000485590073240921,0.00426390030258527,0.00151816591775566,0.00116640354870531,0.000205314468262916,0.000210642267859583,0.000109695820147336,0.000767345121564865,0.000308826423467699,0.000450268851751027,0.000119911024679583,0.00161516270956977,0.00189670918748868,0.000586163918500236,0.00106725577595488,0.00309092017929639,0.000315772011922173,0.0031860359085683,0.00131746296931441,0.000388383794573193,0.00489798510323395,0.0029783896453635,0.00067425758334927,0.0251850760988999,0.00422176310509165,0.000106591520907042,0.000632946826124045,0.000103675846620657
109.5,0.000111805880177952,0.000172811286046286,0.000408119829087559,0.000183167488970264,4.52004687220608e-06,0.000227690089085282,0.00114753056689633,0.000938391414229187,0.000443731701088086,0.00263119321506064,0.00214049565850894,0.000440012345148292,0.00288098950529256,0.000126810340731665,0.00127922281217402,7.29133027618118e-05,0.00126449526091313,0.000282073318505098,5.34595169498548e-05,0.000476351567700779,4.52947221179111e-05,8.48748682676885e-05,0.000364035239521753,9.0278557364004e-05,0.00047369396641863,0.00045517947065238,0.000369436116286928,0.000178925181196782,0.00117211322223986,0.0024032555309748,0.00190216136590719,4.07202315490462e-05,0.000165225815242204,0.000319532600296117,5.8597768085786e-05,2.14483842622222e-05,0.000809735265704386,0.000663805878363395,0.00137213374217468,0.000469357445101437,0.000187372792433723,0.000106632451958503,9.73815961049573e-05,0.000262718912728735,0.00249651667640974,0.000837790775614479,0.00119385623791665,0.000755397056373463,0.000387519861408133,3.06473316691283e-05,0.00142389217228952,0.000468046451832517,0.00273331344733031,0.000757031412740564,0.000253181272037201,0.000664315780386574,0.00070941353934987,0.00404461440982617,0.00167209906821545,0.000864215233672896,0.0033835728103733,0.0013744064579717,0.000393116614515642,0.00089711983850014,3.31267125926068e-05
109.75,0.00345424884152031,0.00162318739106779,0.000673912908760824,0.000357389892262247,0.000568043451335965,6.97314533553272e-05,0.000292850397070776,4.13002356195025e-05,0.00163237676009963,0.000131401741736506,0.00184238232379941,0.000936121024005394,8.04380022722304e-05,0.00216747702224784,0.000665214864600419,0.000806212690637622,0.000448714361824155,0.000161550810461216,9.51286844138169e-05,0.00127760160312723,0.000455260534005364,1.64231914837114e-05,0.00180065755314415,0.00015230297935428,0.000473118402151998,0.000645041790109629,0.000249741139545153,0.00306711049072869,0.000678517707289989,0.000724590155293299,0.00300036471109942,0.000213795935074872,0.000393341268590267,0.000429615340720938,0.000653752484607484,0.000286720147708658,0.00026332190081062,0.00161619018926903,0.000674183650136219,0.000204394097005265,0.000828002846099313,0.000179770190716088,0.000420038369622725,0.000417453658022502,0.000348409326792651,0.000770082600527417,0.00125870198696919,0.000921177005196557,0.000753148487600719,0.00151277469404498,0.000170099050430418,0.00137225746553308,0.000853805136248959,0.000787207567570011,0.000844510540802761,0.000920016804332343,0.00073228261240847,0.000353028817313346,0.000318410906788912,7.6572130299781e-05,0.00686295545048637,0.000986952335746172,0.000662697663267861,0.000450771493639738,5.3617148731228e-05
110,0.00212794627221774,0.00185749227004896,0.000697949567650458,0.000868282130289621,0.000202864351061617,0.00140186997538716,0.000427900959818684,1.43565525121173e-05,0.000560321523670501,0.00154241331913104,0.00190454750033472,0.0024913360957888,0.000695159185529291,0.00367992683145354,0.00161556291743234,0.000958343545313899,0.000610868518600523,4.35100034408669e-05,0.000187969016574755,0.000229260786735765,0.000202204061348615,0.000167825390502408,8.80976467731618e-05,0.000100599193734441,0.000515303188738947,0.00141182105072227,9.51560016959803e-05,0.00163179609731826,3.77238002924994e-05,0.00120959175788609,0.00124434925172729,0.00146370843006862,0.000126762698623602,0.000306114910052656,0.00018164708198005,9.98520976025123e-06,0.000110146076970053,0.000477885209557638,0.00145007122958077,0.000666222304795745,0.000170571580159856,0.00117013002943154,0.000113158492414382,2.94568897002874e-05,0.000450463572119406,4.97047493506506e-05,0.000703200466767188,0.000862740160037954,0.000314705083272453,0.0019039333060974,0.00204284823223841,0.000634904424268601,0.000385208181176143,0.00163092395217302,0.000818210203202577,0.00241864917122339,0.00206374656753053,0.00173427473053119,0.0019821505506035,0.000207003676656715,0.0155697742531571,0.00150437338478969,0.000882179832519749,0.000452572374280715,0.000118948201759921
110.25,0.000463997032773893,0.00108551176286749,0.000840047287974137,0.000745173941385957,0.000524809481310911,0.000271852872796298,8.46654313987399e-05,0.000144358602621634,0.000274055232995537,0.000474122909063384,0.0032678200618426,0.00131573420856317,0.00228010210809586,0.000689930837448849,0.000686000153790439,0.0022187081688004,0.000340335327361923,2.77588253334363e-05,0.000349966450800286,0.000210323753406672,7.60412579555777e-06,1.69200710918091e-05,0.000756298122146178,4.31271894994891e-05,0.00223399783427499,0.00041762401898935,0.000380052099468179,0.000666145438753194,0.00220828629815765,0.000339635904614789,0.00121785361914235,0.000799011920640473,0.000305749639661488,0.000563255196018123,0.000251823050818146,0.000101389864815634,0.000121381713049786,0.000273742178839365,0.00021101807165774,0.00115220841680716,0.000116102577252744,0.000242111060765082,2.84965571313152e-05,0.000559185089624754,0.000160143081449026,0.000363062471037067,0.00236933509608281,0.00135470610215328,0.000325845591063048,0.000505247951194282,0.000178088172997398,0.000576489284943574,0.00186477637333854,0.000977126812082774,0.00347127664569345,0.00073922098282517,0.000739115129983477,0.00602945138086352,0.00189946842720195,0.000271615199008841,0.000303780427305339,0.00108779701153712,0.000604548549195371,0.000448498758429472,5.65398586475194e-05
110.5,9.76590379207993e-05,0.000349138589225197,0.000783543862087755,0.000235159721936101,0.000188848715778688,0.0012683819853289,6.746741988078e-05,0.000286642499095382,0.000688209916405764,0.000929007479946389,0.0026746606137416,0.000944097244718649,0.00296156511414627,0.000649363072833278,0.00291830713433131,0.00238297195091577,0.000283513182015547,8.55083041691641e-06,0.00027923984104321,0.000166894759753014,8.72662947522619e-05,0.000504914548398801,0.000315329927067702,0.000224033186354766,0.000116149829523289,0.00190121225406905,0.000882023678079971,0.00129013373357887,0.00176643870930257,0.000332467652652238,0.00325591861870781,0.00112036033479472,0.000524517756845258,0.000527889480093565,0.000160312320588242,3.15648195137555e-05,7.24027209284749e-05,0.000211422983582493,0.000892999918977705,0.000238559185717508,0.000241856996319797,0.000120707646702804,0.000770191981668056,0.000694237429769797,0.000234442673687882,0.00050089059897788,0.0013816489209604,0.000124480758485922,0.00162859123112231,0.00111666822588197,0.0010737700822718,0.00130083721065337,0.000455309877829095,0.000244749673646029,0.00162328149648192,0.000797422302607814,0.00259827034997543,0.00363812627223048,0.0016538546034746,0.000996479130518391,0.00729328719289993,0.000868835702551824,2.71440557298012e-05,3.33048267141631e-05,0.000158501606381808
110.75,0.000841234886884665,0.00153043259842834,0.000534389292851148,0.000828316493849609,2.67471260216266e-05,0.000544969050185298,0.000167392902690287,0.000257783930725789,0.00255391312231307,0.00118626901966372,0.000374245403768987,0.000627337539786935,0.00264087740877919,0.000272428656371744,0.00211976880565988,0.000107018282439157,0.000371660631424547,0.000376947248169089,0.000280541139719604,1.22567213046926e-06,8.08687391296857e-05,0.000175404420494897,0.000263699959054942,0.000539994829638812,0.000124505772677865,0.000128418578188866,0.000394345475353836,0.000835608797304715,7.23461532522049e-05,0.000506869925004418,0.00159327501426743,0.000852942624587131,5.28624820261802e-05,0.000738069156071543,9.59136642630786e-05,0.000273288488858949,0.000186183346699067,0.000253392588069164,0.000351094022085434,0.000779576986533185,0.000204924299016303,0.00025108569700592,0.00025992415984778,0.000416520023937767,0.000541943659503485,0.000544385746359888,0.000639105092705996,0.000187461943267856,0.000199694577081731,0.000492665810855421,0.00114592026725613,0.000917431127459201,0.000638388731597305,0.00101043386243794,0.000420503959443069,8.68466314267892e-05,0.0010027332760299,9.59397297199742e-05,0.00170083620854875,0.000294466387702242,0.00425157767718636,5.20575806195622e-05,0.000437985676905142,0.000115706542245153,5.25064207277647e-05
111,0.0012824658490692,0.00183102257467359,0.000646520922897574,0.00102837830493475,0.000341030576066024,0.000145198007349332,0.000346009034740872,0.000173978019465474,0.00324643348151719,0.00174913619690251,0.00361718560344257,0.000330332245157247,0.0010620935349804,0.000180708326908951,0.00207589923597854,9.15358569941822e-05,0.0013107510494442,0.00124721160949652,0.000607508301057615,0.00153758032070666,0.000244950014329213,0.000593354927281734,1.01760247599214e-05,9.01839556093202e-05,0.000255142856834953,0.0005559320796638,0.0012172819318812,7.31991844992799e-05,0.00103274833366367,0.000733393538186853,0.00261480174876625,0.000747105693437126,0.000808107979784806,0.00131685722733651,0.000171377791824961,8.25502060939696e-05,4.96907893012521e-07,0.000220047436010193,7.7764350376948e-05,0.00104459633906597,0.000526064228178506,0.000289601029925821,0.000333866697779955,0.000159113582556245,0.000857378321767941,0.00206210453869598,0.000708454154034271,0.000537210736692718,0.000244755035936993,0.000100009865625519,0.00105283228618976,0.00133878985453389,0.000583813540991518,0.00106951930074116,3.66756425129461e-05,0.000159711116007298,0.000651313154357025,0.000614826651469679,0.000730107257797771,0.00154724063981252,0.0119209317255004,0.000298967033232334,0.00027281263414867,0.000875182990043356,0.000176511077026017
111.25,0.000376077010424691,0.00270826438046182,0.000263542812308912,0.000801773659990602,0.000306439802754655,9.31561333835477e-05,0.000139086231474179,0.000180456361576119,0.0010151179338536,0.00629155411959978,0.000795826505137746,0.00270622232106966,0.00014522046697848,0.000279404364487222,0.000100290825314144,0.000777532705254155,0.00052201264371328,4.78445680274417e-05,0.000892000630634455,0.000107217644134594,0.000106883596395293,9.84109267290047e-05,0.000275621784597365,0.00110349794617352,0.000280788035429359,0.000657554418404522,1.97547666688481e-05,0.000198593684744575,0.00121703239199489,0.000237027538389372,0.000106274470595977,0.00140025945195711,6.80892160645261e-05,0.000196052654025879,5.23823576098532e-05,0.000226152492166493,0.000102201833563277,0.00057746128937461,0.00140896195266961,0.00144183036662117,0.000293641555816748,0.000473590554420935,5.51622436897734e-05,0.000159441194599273,0.000224068454443846,0.000474513758453684,0.000168906923598523,0.0025518095930783,0.000780030276628492,0.000380693957062383,0.000217710098021935,0.00021748324237616,0.000226851486060116,0.00201961969788203,0.000110005551632864,0.000262220359337256,0.00115320460794906,0.000473508866657218,0.00168826882510107,0.00377797874951426,0.0077252553512105,0.00096573431473749,0.000129467209818665,0.000662967190389202,3.99012056998626e-06
111.5,0.000948189644491614,0.00110187167336123,0.00024405869409121,0.000740794640348562,3.9056118790511e-05,0.000679249378652862,0.000160212343527453,3.75676382711718e-06,0.000637405289812311,0.000525596276375387,0.000265473031622539,0.000294271072517588,0.000697566856500067,0.00112997204588972,0.00105071878075016,8.54348222148012e-05,0.000366377923480215,4.2029355591329e-05,0.000122139230988281,7.92526181989836e-05,8.73160628341088e-05,0.000181518504017636,0.000430161576894843,0.000226958456621407,0.000232511522163457,0.000305611363229827,0.000100842000249176,0.00123229900919451,0.000773954655181405,7.96772620768998e-05,0.0013834692207088,0.000520116698335532,0.000103684708468538,0.000929776236554163,0.000526317068949479,0.000305128326295278,0.000130201616462858,5.26054672697747e-05,0.000382397932309901,0.00134104217280274,5.30498872164446e-05,0.000182970545517038,0.000186042354492231,6.14269424180922e-05,0.000305464199130722,0.000188817376987494,0.000242385393449923,0.000804767118007619,0.000172002348415881,0.000601182674703619,0.000193762402846636,0.000263954326751051,0.000652341097503571,0.000738772750946392,0.000861617516921056,7.57949727251697e-05,0.00137161605949931,0.000435165508932422,0.000843251374008601,0.000201321401191129,0.00150359318967832,0.000158616105368056,0.000200514524998489,0.000118299433836729,1.94270759253547e-06
111.75,0.00165797052932024,0.00387443558063222,0.000658313472521586,0.000854589837939544,0.00107638765534633,0.000218352641582605,0.00141002089566099,0.000436934042027056,0.00112803516347434,0.00109136236610593,0.00245890608568698,0.00399265268640566,0.00609501828798929,0.00445377434674125,0.00344119362264783,0.000365010015508725,0.000706405394442582,6.46419309154463e-05,0.000152208603465275,0.000760104479835161,0.000243559593262237,8.19146607019912e-05,0.000127947287559719,0.000690466200390325,0.00326743056547907,0.00321185140223265,0.00101790339683431,0.00253755498497121,0.00630395852608691,0.00875213203263371,0.00338078192907109,0.00239736078239402,0.000446088637616439,0.000312137318057247,0.000114242865250457,0.000744417445257151,0.0004250234285767,0.000177926167628434,0.00190642217537842,0.00197367920741145,0.00209407020116339,0.000846306971292544,0.00052416517990611,0.00167433535460977,0.000746561804577949,0.00060547556718797,0.00180686175394937,0.0040168424844204,0.00257592716639863,0.00280869520628885,0.00214842649931761,0.0030284611814135,0.00396105084455152,0.00480480565333203,0.004362967278474,0.00477251316836452,0.00428783623046571,0.00459295219490129,0.00105371458343444,0.000898135819212545,0.00419722653138253,0.000331394106935409,4.5596021505703e-06,0.00140226069975905,1.03850875818766e-05
112,0.000880976598768453,0.00103630472090079,2.32700066365777e-06,0.000276338806355092,7.15961295005947e-06,0.000138251881565293,0.000719379930874452,4.6324905556342e-05,0.00199995692655977,0.000738118288642016,0.000559301173704866,0.000732678734152595,9.52217127710927e-05,0.000135141352727657,0.00154186086821409,0.000244157477849787,0.000525541466050563,5.46758627457567e-06,0.000953511884028408,0.000294970258923428,3.53291603427113e-05,4.61310750652193e-05,0.000137644985496046,0.000410367393120718,0.000609404199662151,9.73400311058785e-05,0.000198748618260866,0.000285677653507716,0.000590937373106538,0.00152799905809357,0.000672683555399685,0.00050762755888628,0.000295092540292947,0.000386962739170076,0.000238238917278404,0.000142536132814159,8.2830256889791e-05,0.000323660955221837,0.000948382001957114,0.000343144434475452,0.000637132773918485,5.93548091593117e-05,0.000347091257664654,0.000229818310040337,0.000626513853855497,0.00021367593171409,0.000253584602062471,0.000243592678589877,0.000415071332220081,3.53186077101429e-05,0.000301506143416021,0.000194905595412317,0.00163174855732514,0.000751380077036459,0.000886076277748376,0.000543567450248734,0.000803412553181569,0.00164521897005234,0.00141081376918148,0.000224921923380692,0.0167333193702219,0.000191483212630708,0.000186027193303046,0.000145491487308099,7.28276511537675e-05
112.25,0.000179095490552949,0.000194706860986652,0.00054718165400569,0.00030831515052087,0.000524613107180732,0.000827656219466856,3.77551383865192e-05,1.89169448824932e-05,0.00251167565828777,0.000151435908666666,0.000281655775184882,0.000231839978945693,0.00170643449258634,0.000166834010764432,0.00176545045399855,0.0002735972396742,0.00059766347928411,0.000180249673273652,0.00027279992762909,0.000233555146426573,0.000519487564278589,0.000342785303682593,0.000344056746071193,7.78067410928817e-05,0.00181729984792323,0.000246064253861717,5.12882931696432e-06,0.000263882459153219,7.48196498014726e-05,0.000258254974512563,0.000134599561581153,5.94859774819269e-05,0.00128365347114026,0.000231403250695597,0.000277462445804342,0.000123013390380778,3.54906692720604e-05,8.53238519780793e-05,0.00050167077591115,0.000187698297041365,0.00082694882407158,0.000678227247057549,0.000860637405152996,0.000416774086337442,0.000858683818829357,0.000483695076457854,0.000675587503324442,0.000188959122428622,0.000307125709697581,0.000376340704438864,0.000487848383766275,0.000394261420701054,0.00133541589620039,0.00024782203946926,0.000468720173555953,7.76816215392135e-05,0.000550789092839725,0.00329907942520145,0.00122128846640887,0.000132700848015562,0.0128474190985107,0.00195710295832452,0.000106853873072827,0.00057657031058745,0.000270345692436081
112.5,0.000467199057141871,0.000199808696644843,4.55900253839943e-05,0.000283735927505597,3.17895407947543e-05,0.000396244725326836,0.000175897849233097,0.000206724935840833,0.000939827273788384,0.00147808158001637,0.000106174739931872,8.90597219493874e-05,0.00169209942896491,0.00130871531028812,0.000267220015313898,5.66270055926776e-05,0.00104949010687656,5.47528348598791e-05,0.000571924089713203,0.000743517205133777,8.94872959181897e-06,5.88882623320267e-06,8.65257072630969e-05,0.000508379782545787,0.000543193775272069,0.000155574408948264,1.87662289834131e-05,0.00096499597425403,0.000757527185736942,9.11591231032133e-05,0.000167939278669057,0.000887062273216987,0.000306085901464463,0.000967035073659893,1.02102111534794e-05,3.67370372779934e-06,9.61331059321271e-05,0.000469473188787846,0.000715987950645798,0.00143041085340967,5.75125354629496e-05,0.000135828257510364,0.000290827042605386,0.000533344941933861,0.000262308697232435,0.000248574759557284,0.000221070554238553,0.00165590838410251,0.000641212160468078,0.000869242126023521,7.84596370826361e-05,3.9876538430646e-05,0.000237476554945669,0.000522942084865634,0.00109222709329023,0.000968293779408948,0.000415406565453594,0.00121481024089298,9.71490466957572e-05,0.000971768602490692,0.00193785046770786,0.000309141630443885,0.000205600188266169,0.000302404387592038,0.000153693280249502
112.75,2.73461027463813e-05,0.000501643767112045,0.00114071676009037,5.86836513042788e-05,0.000199097749231523,5.03287850602821e-05,7.27677340648346e-06,0.000986583019456702,0.00302550480738295,0.00115374368801044,0.00343390614807712,0.000848846870568884,0.000718615616798194,0.000892226601368324,0.000623884646039376,0.00172847771041807,0.000430919456725641,0.000372790705846653,7.04349421649553e-05,4.87234498703216e-05,0.000479880036948254,0.000227667919362322,5.1293133156332e-05,0.000240470596644993,0.000687187585300089,0.00147932198657779,0.000130498549261275,0.000216197772464858,0.00064323468357702,0.00156249518094374,0.000221605498757566,0.00164827408923309,0.000430807674044819,1.06745465913032e-05,0.000359675352223019,0.000207732861570608,0.000672950396593026,0.000639748991033465,0.00229907606318117,0.000124791410759598,0.000945020016127448,0.000194497870325878,0.000285995269964155,0.000146260587768562,0.000522676520252579,0.000779027461255286,0.00160315085844521,0.000446650308035811,0.000952870939314295,0.000655831511409058,0.000150471307639524,0.000561763752044814,0.00462983494421819,0.000662178909089356,0.00193220246294207,0.000739809804323486,9.90528823696932e-06,0.000706234252639249,0.00292599371560218,0.00267376031562347,0.00497630559250902,0.00146712618943743,7.69434489628169e-05,0.00124645319966672,5.3699391829688e-05
113,0.0010940642110264,0.000277922415902254,0.00143755568455775,0.000159749627295793,2.5285773282374e-05,0.000651815378933351,0.000468461350805705,0.000716464982201414,0.00300105424569997,0.0041939213568305,0.00106374465497609,0.000549616574630688,0.000721084364003678,0.00161127133107908,0.000639758566589327,0.000209672201731926,0.00119973044782892,0.000140912844082071,0.000194135859212796,6.92862481551228e-05,0.000109518974130096,0.000330519499260044,0.000413726274632875,0.000604744698631403,0.00105725657145567,0.000564002536040571,0.000562538794676593,0.00092155107622242,0.00202416901083239,0.000664512698797466,0.000317059730749256,0.00150769721772976,1.82960423465405e-05,2.4167678246576e-05,0.000552283266928294,0.00068629485472352,0.000195501017323607,0.000844139295535082,2.54037930135315e-05,5.72251936005803e-05,0.00011566126754829,0.000323314310544977,0.000133694322744397,8.11326969401473e-05,0.00135780805235535,0.000246150780322213,0.0013180296222486,0.00110617929523418,0.000373757033427174,0.00044328896514162,0.000321971451712256,7.67122912068432e-05,0.000888285851636643,4.00917566924508e-06,0.00166533833578867,3.7196722068715e-05,0.000381667176141422,0.002521078446975,0.00197584077143689,0.00157983019117619,0.00577326495406193,0.00297958075082737,6.9872639101195e-05,0.000659996725047485,0.000251341262509352
113.25,0.000280983535814134,0.000808781818938713,0.00173263294986093,0.00033255981964481,0.000426193245657664,0.000426982849993064,0.000458287153344672,0.000114390054927912,0.00323531431163502,0.00529069434795661,0.00189860691549198,0.000991354759748402,0.000890585135353377,0.00215873109143306,0.00083045946912,0.000478192607013348,0.000105242266699181,5.52119671226113e-05,0.000999801347842578,0.000618393062619082,7.1919309234974e-05,0.000667914586150228,1.40631632934561e-05,0.000557284877853197,0.000887526220445909,0.00125031515037655,0.00124533620869685,0.00064255977642403,0.00354431412698056,0.00204419163650609,0.00210763755439034,0.00314180406141866,0.000128323469905515,3.09574134307936e-06,2.5288021039977e-05,0.000829132017776829,0.000737972140867071,0.000700104807776738,0.000514319810214558,0.000129208207800581,0.000243007284240358,0.00114285624929813,3.49013890976319e-05,0.000117013336834464,0.00126041608688679,0.00192708124105655,0.00178921307489758,0.000954338820687929,0.00121751102569869,0.00114790716408646,0.000787168835660288,0.000690610709465214,0.00191376003174872,0.000837483500888847,0.00236078401813846,0.000725204967082959,0.00281481753551071,0.00316929120028716,0.00240671379839077,0.000919958697867827,0.00572893562406706,0.000403237700091563,0.00071891470303035,0.00161483854378915,0.000167605652615348
113.5,0.00399023703415799,0.000599535945909857,0.000944927781280561,0.000124210371805504,0.000197856967092948,0.000127753878612947,0.000203701943774785,7.32522280533651e-05,0.00146312616074221,0.00118096371910381,0.00105373799896365,0.00139765601038784,0.000202141699610288,0.00092662502382,5.34461815981935e-05,2.18604210752329e-06,0.00036647034150653,0.00135808019249129,0.000373830748296196,0.000105895983608799,0.000109252072082646,0.000611780879505627,0.000465996624593703,0.000310247407868745,0.000397917383444136,0.000447195041940977,0.000707636478204177,1.98233568861403e-05,4.8735687296175e-05,0.0069702550400425,0.000287706167933103,0.000545254242236683,0.00029219916514835,0.000812697707192733,0.000721760972900175,8.37854115434951e-05,0.000405821781839596,0.000752984346717482,0.000211489783310779,2.24986955752619e-05,2.4627893103968e-05,5.05936734190935e-05,0.000180063873972369,5.00050917177346e-05,0.000826395812613108,0.000996637030015553,0.000382029045060675,0.000709915772067133,2.66747921691784e-05,0.00011955349668596,0.000107749849819353,0.00014972719441425,0.000460193818329252,0.000965484014256909,0.000354395322589915,0.000937332990204186,5.64717370209856e-05,0.00146388281143175,0.000447663969748826,0.00053485919832819,0.000532358521333877,6.56847122966412e-05,0.00015015089397432,0.000451021103980452,5.01209912383399e-05
113.75,0.00206093977379718,0.00163798579360114,4.93059062909586e-05,0.000650358359450583,0.000336060624640214,0.000247670947640538,0.000498995873326964,0.00101980988427955,0.000612820145586331,0.000341835628262689,0.000420754274589876,0.000192312610151081,1.91356808821114e-05,5.95727806393551e-05,0.000873082103850327,0.000414853779064764,0.000367688258947944,5.5253219443507e-06,8.39291771339965e-05,0.000511981979434179,0.000142740258246141,3.07229897459483e-05,0.000247959198625068,4.00642868912341e-05,0.00362116540749365,0.000130566618076569,0.000154627991946128,0.000764899986549238,0.000552072208393804,0.000147205587233942,0.000318760932611316,0.000794669078636887,0.000129978080069214,0.000326320789920872,1.70268748387925e-05,0.000124027260657421,0.000511647666859487,0.000769569649342684,0.000139447237556655,0.000394252055448691,0.00068098061990203,0.000440746071143677,7.51056072714388e-05,0.000627648782727395,2.85914261545889e-05,0.000788910157048319,0.000212347325324493,7.53585840899071e-05,0.00268180349987491,0.000396271903663694,5.31665245215961e-05,0.00146757374944482,0.000367322301710713,0.000550477276994236,0.000108105875510158,0.000570479516557405,0.000538247056949658,0.00267790812175849,1.53410711815296e-05,0.000574362842831104,0.00337013204351284,0.000690289522608403,0.000109648771208172,0.000988315250072901,5.9577155715123e-05
114,0.00120722920381834,0.00313411831570416,0.000244709882652034,0.00171128506693896,0.000668654285932017,0.00102969962610362,0.000870079794658409,0.000119006668622046,0.00485699624650897,0.00817615015144137,0.000960177580089322,0.00222946097481054,0.000342131020350695,0.00364133391776018,0.00330141923040672,0.000314115605105181,0.000418136052872316,0.00134602908069769,0.000154930023026717,0.000373939172817842,0.000799126171204039,0.000660639160659603,0.000101255370434238,0.000332642621585606,6.14490092080816e-05,0.000417394536364863,0.000180690954261423,0.00232374943463417,7.05079888606488e-05,0.00156456007141797,0.00130319795595012,0.000803794248466675,0.000724962054897059,0.00225011503080253,0.000179964624046334,0.00023806096534866,0.000350555085975797,2.67387884676268e-05,0.000570230891701731,0.00225689676307432,0.000870716253529314,0.000720796245512448,0.000785577537306304,0.000214409458496166,0.00261524492136418,0.00134693591999553,0.000157097392906532,0.00225258167697725,1.90626360558562e-06,0.00097454959467348,0.00063239906017163,0.000335115889713094,7.08092915127569e-05,0.00191053636561626,0.000544093839441273,0.00114276079504361,0.00168883109692341,0.000207244684722053,0.00444694845097177,0.00118519310278305,0.0227184710289822,0.00214414435205185,0.000391734553359463,0.000712506130573367,0.000770966918312917
114.25,0.00202323929819942,0.000826720736430376,0.000290810846550927,0.000323300445459764,5.30838364573366e-05,0.000117764361707572,8.997716791432e-05,0.000121805350725971,0.000560154446045344,0.0027930725868096,0.000169442234464676,0.00103160914087415,4.65535475988228e-05,0.00131498803501968,0.00128380698171549,0.000440617541624698,6.86384389072723e-05,2.39362021932084e-05,0.000263764397100947,0.000733296284743933,6.77754792997097e-05,7.62014114389694e-05,0.000185076465229174,0.000375448801017911,0.00021899551116806,0.000150840942601302,0.000278046318654345,0.000174058825273848,0.000266210661128561,0.00188232432494235,0.000245773987080962,0.00104244810760342,0.000600399674632949,0.000380664325482925,3.69653323932008e-05,4.62309324652137e-05,0.0008400465131237,0.000704705332163236,0.000275117964291634,0.000213549606377946,6.37022208653715e-05,0.000165478185230257,0.000206754409979301,7.9951242148536e-05,0.000523610674387158,0.000301357479454233,0.000126256266596563,0.00012307590543331,7.72496557515724e-05,0.000438298656390306,0.00019484631383917,0.000390924953683922,8.66895955187045e-05,0.00057876655955716,0.000267841151314481,0.00100493946762847,0.000873762124477082,0.000777699168893642,0.00162951903081728,0.00166719667551638,0.0010252274364615,0.00052719644364058,0.000264220855987347,0.00195231767098887,3.09518606738427e-06
114.5,0.000196461126867942,0.00103094888756435,0.000812680335482556,0.000412441268608832,0.000555874865691039,0.000448219399215415,0.000132927429868939,0.000112492069467645,0.000597497868122436,0.000194241955100439,0.00507283275200224,0.00172698211304751,0.000134057209557039,0.000548233766364616,5.60524296800672e-05,0.000712305461715962,0.000953481236950363,5.91064388924801e-05,0.000279641611145903,0.000162323515895324,0.000200460714928255,2.57148769110216e-05,0.000544936392032458,0.000142448891178098,0.000596303480625165,0.00164385131905211,3.60727398633414e-05,0.000388690806868022,0.000760677283026553,0.000299594105876803,0.000256764738725935,0.00195716665340097,0.000269959950150586,0.000442764200094239,0.000406191702524353,8.21227048888883e-05,0.000703471139464172,0.000422811295079156,0.000391950194796574,0.00104606876343443,0.000680359198107818,0.000130904774414705,0.000126802850490611,3.14676866920332e-05,0.000315580555726503,1.4850516615585e-06,0.000417075097356983,0.000775142585393422,0.000759098058172977,3.99353474855901e-05,0.000153947219657468,0.000129101950439083,0.00159322879584087,0.000696699904332569,0.00220591755820235,0.00104312507344789,0.0013150964453358,0.00574914765873454,0.00039848020439541,0.000299809596403353,0.00198657829777259,0.00139381895887438,0.000285759188693478,0.000112233931146114,3.53850184988206e-05
114.75,0.00144282119758862,0.000315434984186957,0.000145855837676379,4.33421724590539e-05,0.000298832770138977,0.000383418479615944,0.000167283606075884,0.000804448380633554,0.000155386313551759,0.000111474526503325,0.000628752358564501,0.000886695465752798,0.000226803127646459,0.0010471424071488,4.34443824400598e-05,0.000485023093381506,0.00108045973068472,8.51602696490501e-05,0.000891906506966352,0.000409483320324983,5.94398566964002e-05,6.48926363447731e-05,0.00057971698627055,8.35964124706084e-05,0.00100556150104775,7.32094497414252e-05,0.000482269478152022,0.00101637862482259,0.000220414517706685,0.000361007148102884,0.000283870131626572,0.000578777123785035,0.000262851755708575,8.63788237912122e-05,0.000293237972486607,0.000180281222865769,0.000622954966464861,0.000777380171723194,0.000853951085177178,0.000102392906704441,0.000188966722607657,0.000150837042920949,0.00053422856070929,0.000832536615102382,0.000590318008927433,0.000211084024327365,0.000228673829294822,0.00090814971368806,0.0014603995941735,0.00055520461901169,1.3311732621491e-05,0.00042739078590799,0.00148533945708821,0.000326638546279671,0.000607531873654464,0.000243834422428407,0.000107210720331572,0.000342470686227892,0.000170112956868733,8.30064893667388e-06,0.002684214589812,9.65013768844671e-05,0.000625039757634924,1.4828859346799e-05,4.17394854437801e-05
115,0.00126883516045708,0.000142057775793758,0.000607583971559088,0.000802416527679413,0.0004436923966062,0.000587989326440197,0.000246998035827353,0.0006738736799756,0.000895705247534274,0.00152167277490865,0.00114131457131487,0.000547933213992339,0.000266415121310496,0.000603524783802763,0.00241356030353504,0.000346746058539112,0.00181718114634353,0.00051517083699203,0.000712769291496146,2.4530996442456e-05,5.25911288459701e-05,0.000402016890835102,3.31007475977074e-06,0.000294368312384419,0.000102485691776789,0.00062472691545674,0.000665944218400969,0.000167297461216042,9.1185630950939e-05,0.000492990143587532,0.0023426945267644,0.000774881310859959,0.000153442116071737,0.00116721961505064,4.41088283353605e-05,0.000147837751246231,7.8375070908774e-05,7.95061278451482e-05,0.00103850355077833,0.000964570303030856,0.000308893700515279,0.000254677468732643,0.000114890446686734,0.000193012723041286,8.85315333001671e-05,9.68037084661258e-05,0.000744731667649147,0.000359378626740398,1.57861944858435e-06,0.000288608296409025,0.00123048102442771,0.000251547889281454,0.00204697272764664,0.00047630549535937,0.000707958713474612,0.000468576310340616,0.00119548988212947,0.00226857617364012,0.00166842904439902,0.000167272593415582,0.00869503992439189,0.00165977417760445,0.000456184798394474,5.25471328856983e-05,0.000203527709994058
115.25,0.00377023097783056,0.000722466685918159,0.00047337931131269,0.00170903611425215,0.000106415723079459,9.98697574738502e-05,0.000452985269955718,0.000912469339139023,0.00338041220766672,0.00331712305867602,3.80906625628292e-06,0.00017780067134082,0.000409067451821189,0.000629537622425558,0.000214486375055211,0.00128902586919995,0.00144244721332291,0.00110767949232842,0.000167896399177935,6.62797900534456e-05,0.000197920013279283,0.000305035820061018,0.000198074908110536,0.000640573864539304,0.000188877312011608,2.25969178725929e-05,0.00016973180835831,0.00110405382666859,0.00266982541762498,0.000371171434838192,0.000155316696741391,0.000313790056421524,0.000382782082374249,0.00103274149929117,0.000190440872060378,4.0713061774601e-05,0.000164999500387465,0.000277899292309641,0.00116948682305629,0.00115876931917728,0.000536623013117711,0.00116903059110671,8.2251483027526e-06,0.00020647422093729,0.000992754503708784,0.00044386405156111,0.000128985217597532,0.00153450356053888,5.90854537010423e-05,0.000182192745611354,0.000240586079059555,0.000408010463800245,0.00188692126021792,0.000639792398328815,0.000977614131168033,0.000354159838695345,1.08419694468455e-06,0.00653699267019723,0.000537510853456263,0.000969265784264657,0.00470330916065489,0.00142807064136636,0.000286052284491573,0.000763997173827386,0.000190596871061676
115.5,0.000902514947164766,0.000818129715392423,0.000637445916787745,6.81565022491077e-05,0.000117717260811677,4.33416311682387e-05,0.00133726078656913,2.74280896357654e-05,0.00161339698453322,0.000399610642423055,0.000267755652391434,0.00077062359151887,0.000184169523716535,0.00254454183683087,0.00118420610582412,0.000180270336386203,9.90433859549429e-05,0.000154115051933568,0.000174856495478525,0.000232539534459961,0.000117379856736093,0.00011268533687568,0.0002764801072426,9.85949749912163e-07,0.000680993673379612,0.000898024076180853,2.52789399394792e-05,0.00048667585036167,9.31928812962066e-05,0.0025595077767862,0.00062536331788118,0.00238919835225052,0.000162089108795026,1.75681255732548e-05,0.000309992254332066,0.000112441633945415,0.000659969294171961,0.000330528156107421,0.000329823219961084,0.000432281568173479,0.000315855201693277,9.08902213228733e-05,2.51530821400444e-05,6.74532361412594e-05,0.00267181626853944,0.00054074670826746,0.000726720759829125,0.00140441341295739,0.000270605148953316,0.00130280285138042,0.000866507576736353,0.000503747677491758,0.000308955753545698,0.00106224394882418,0.00015362873134908,0.00177559410750763,0.000932900796420785,0.00067435549640756,0.00354977066700538,1.74541387353242e-05,0.00373068251995742,3.25550709689878e-05,0.000199327282930705,0.000511009055037175,4.35944546732138e-05
115.75,0.000514816171730625,0.00264368117169644,0.00015341313363905,0.00117456112791339,2.13353487463668e-05,0.000275190151730463,4.88311728185357e-05,0.000112673937707168,0.000783661267397104,0.00505828139759174,0.0013687490035677,0.00290284410355953,0.000409350572427712,0.000851265290194242,0.00012232003436739,3.60628350578288e-06,0.00090908853150515,0.000194132302026286,0.000437778271775127,0.000716361160898863,0.000302604659149762,0.00114032638320262,0.000341383234382514,0.00020408292001905,0.000358446279941719,0.000801370544912305,0.000266412555696121,0.00169117564618717,0.00162367892733543,0.000294190133074362,9.49378129774227e-05,0.00107138595139639,0.000278090667658827,0.000743975243573659,0.000122422217712027,0.000265368605978038,5.69212922637415e-05,3.25919751390388e-06,0.000831837889463501,0.0014315964711357,7.51629624774354e-05,0.000612757535622208,0.000361701403188053,0.000645529436436181,9.07261520507163e-05,0.000655575458071922,0.000663017008341075,0.00151960323460116,0.000818703530161347,0.000738383588250159,0.00010306636096034,0.000204431800637765,0.00053057052861814,0.00182566677855543,0.00123514947659789,0.000118115875514537,0.000994684646989461,0.00102171060948624,0.000412740496499067,0.00214299987432639,0.00638190656543738,0.00256069076157876,0.00012094453707373,1.80461832636296e-05,0.000195080244496279
116,0.000142992886055189,0.00188172234206111,0.000381106181099187,0.0018873972554827,0.000307330184482787,0.000625655503786314,0.000230057546154646,9.02006186802587e-06,0.00187200388567116,0.00310840415203272,0.00226025069446919,0.00188944509776936,0.00329368708746991,0.00205249829000361,0.00157988583254708,9.46684753663527e-05,0.000684631748573725,8.96594443948065e-05,0.000138242904489184,0.000655959644382039,0.000175557131772254,0.00109084445743654,0.000373055128820375,0.000256333214717284,0.000617673755720779,0.000502998957421491,6.01058423296481e-07,0.0011435840064723,0.00236892474654579,0.00145133643990977,0.000772288277006268,0.00126681534316651,0.00118482538888256,0.00114655921660381,0.000430664235662799,0.000729514824907615,0.000571324360804378,0.000450687399344403,0.000219848137533437,0.00133456843269636,0.000275755912196785,0.00132028220532213,7.06420354364762e-05,4.74357887577318e-05,0.00238481087312112,0.00170231537008594,0.000499990018744359,0.00165751306749134,0.000484463158589866,0.000779555510342472,0.000313057709714302,0.00033754716652709,0.000303198423950156,0.00159462364252719,0.000778805295965226,0.000592960583887902,0.00108788566371436,0.000641143699004203,0.000134360589774611,0.00277560192475423,0.00196592396960391,0.000827848428904211,1.69621888241782e-05,0.000338910640920166,0.000375919256995689
116.25,0.000368167637245484,0.000118320117141223,4.55171925745613e-06,2.3226702451054e-05,0.000210818582212139,0.00011335284388082,0.000259552125249493,0.00121829585212732,0.000304551608373061,8.55476143683452e-05,0.00114749507586837,0.000127939686056108,0.000730466913201475,0.00010279943157664,0.000356514468653306,0.000320526781037753,0.000473527590638394,0.000178968195387332,4.57200963686485e-05,0.000882664753767661,0.000611611146086512,9.83896121472562e-05,0.000666636451844576,0.000220270329751093,0.00058793877909174,9.62252526973587e-05,0.000111802041919087,9.25385536781123e-05,0.00251107380884267,4.46576005829454e-05,0.00168126431819205,0.000114892305565893,0.000153784983958492,1.16219007777368e-05,6.07495120656669e-06,8.80663711681383e-05,3.59893776519619e-05,6.83045604793341e-05,0.000565023294448623,0.000206435129679684,0.000785217101196168,2.12922591372519e-05,0.000114866407236064,0.000126402252242968,2.21219621936786e-05,0.000830612391144559,0.000508504991896871,0.000951418151428244,3.21028745040696e-05,0.0001587550060944,0.000206600911033317,0.000204702524498849,0.00114356314655555,0.000142908997429037,0.000147631517069187,0.000282601729685859,0.000335551063700746,0.00252641855012278,0.000663777973851238,0.000116983775475416,0.00227317742367423,0.00068398662615156,0.000791981998135287,0.000151417055747211,1.77680252793828e-05
116.5,0.000332599668118873,0.00279221357062972,9.17067516731232e-05,0.000358938249080494,0.000102884327727767,0.000199377731163066,4.83278454605632e-05,0.000358021915816533,0.000380059388149291,0.00294277315854515,0.000158029934409461,0.00211116921116252,0.00162418030453583,0.000504315597927991,0.000501100547659,0.000857400039994506,0.00275505221426507,0.000275483473451604,0.000375613268130313,0.000163307571117941,3.60033431212535e-05,7.29280577585635e-06,0.00025165491593343,0.00140444337485596,6.0297790791449e-05,0.000200503407461254,0.000109580498783057,0.00146192588466127,0.00342110339358715,0.000880547171230797,0.000192103606822629,0.000255077860543962,0.000224665002765939,0.000222930470491881,0.000416103266644474,0.000215068067041385,0.000548278568668588,0.000632879498499195,0.00135639514426216,0.00244183075536429,1.46851921408853e-05,6.90683048410454e-05,0.00012073543219811,0.00126310170192028,0.000180547442240435,0.00112549526784293,0.000346381470925931,0.000683832879609384,0.000908644969089533,0.000882011767864906,0.000272910905579814,0.00048687951336692,0.00115497197423054,0.00283767397891721,0.0012884739004334,0.00133251594630236,0.00037821276097324,0.00137733567427563,0.000325539245071242,0.00213270219987986,0.0244629808339018,0.00237389403040438,0.000507624184793436,0.000348750647591761,2.70562998485336e-05
116.75,0.000915058865067951,0.000797521473125628,0.00026412827817124,0.000980095453215481,3.79119956811944e-05,0.000291182598431404,0.0001912901768053,6.7586848635047e-05,0.00170665376660913,0.00125369665233676,0.00200708038377721,0.000220473903589377,0.000407032411997807,0.000754380356049835,0.000735814389361605,0.000572467931587392,0.00122661421286324,0.000282215145374061,0.000336880987667276,0.000107092375372613,3.4945739560201e-05,9.34275204273248e-05,3.30434807179433e-05,0.00021446701784802,0.000348933318969574,0.000262847800657285,2.82955652037398e-05,0.00047752922609248,0.000331945529118335,0.000803537219966296,1.96772468595472e-06,0.00117882622419343,0.000162211164455593,0.000507002394319952,0.000146814019305531,9.77227228605417e-05,0.000562545511148758,0.000203603717335752,0.00152466667583841,0.000741806353243559,9.7226266713385e-05,0.00047647632393911,0.000128650587248508,2.31083699331517e-05,0.00087650362091447,0.000117735093633951,0.000921663983472675,0.000210507878741914,0.000225128644313092,0.000550089906316158,0.000520098332197807,0.000771697070349778,0.00086288370612486,0.000554558092952885,0.000373579344364234,0.000477950720865912,9.45315855815714e-05,0.000110785523571863,0.00185732183934178,0.000478016862240654,0.006029507034007,0.000325725786813846,7.72607991428519e-05,0.00075232506754975,2.62648404835561e-05
117,0.000220041026363857,0.000587935546360197,0.000135400633860132,0.000210269299871099,0.000119113976118944,0.000243509494494411,0.000354090294380251,0.000734735920299744,0.000394434321449141,0.000119682998383591,0.000310460982686322,0.000246608963407077,0.000261810434788777,0.00174397736773501,4.63095514721255e-05,0.000313937542928393,0.000824520871699025,0.000120130111725741,6.88379031996526e-05,0.000163682496938555,0.000734784181903904,0.00012505536424973,0.000169167318474218,7.2414416644553e-05,5.83076971536199e-05,6.31902452785137e-05,0.00074370724455528,0.00117755639434452,4.50190272124383e-05,0.000235385755366558,0.000535776250713367,0.000991113361181316,0.000199849583644988,3.23761709052528e-05,0.000225687907923493,5.22237697657384e-05,0.000106785945318939,0.00052696339608804,0.000733649712040852,0.000176570492716268,2.89982899031145e-05,0.000118133280569052,0.000706983054570857,0.000478864976411944,0.000287778876997693,0.000404465864204466,0.000146730842401771,7.55286948889905e-05,0.000960852054231436,0.000857223794901279,0.000180274095381752,0.000994009343706443,2.23779122171347e-05,0.000204949235030055,3.11196667059712e-05,0.00122221169078637,0.000165163031972601,0.00224226873117583,0.000576322907713566,0.000480247403138934,0.000467089272279362,0.000862549564682645,0.00017777800282453,2.29234609985622e-05,0.000217779304377841
117.25,0.00183674558734735,0.00121718901874546,0.00167114979525409,1.66826398047786e-05,4.08127942825919e-05,0.000578974169458886,0.000246665073380259,0.000926462267291246,0.00227549687464361,0.00180283357566199,0.0018612732965074,0.00041542511301082,0.00249622939049721,0.00249502141749341,0.000512494289342938,0.000361352444738424,0.000244447282844156,0.000225680524534028,0.000270145901496382,0.00100694330852072,0.000324216028839043,0.000513589362933841,4.65919606637916e-05,0.000190117806962556,0.00120839510288282,0.000265028547219901,0.000735943973064171,0.00275834891805713,0.00226324718466992,0.000359521376571349,0.00150345355332416,0.00128359403075466,0.000387051646875037,9.98624407503852e-06,8.26513161951731e-06,0.000486475533835181,0.000122355517686735,0.000531057319219957,0.00011066001608437,3.30810237043876e-05,0.000381094257643505,0.000166926370393341,4.18335820942149e-05,0.000892242536605484,0.000518883626308194,0.000874931724200729,0.00122006082368723,0.000230565279071631,0.00235940239400538,0.00161934184960651,0.00028158776671153,0.00131220066277613,0.000478613774269119,7.65598557732753e-05,0.00219007962363204,0.000542086651150951,0.000789562636960141,3.19131857115955e-05,0.000218740840685215,0.000632511616411464,0.00193962377484147,0.000597788708902804,5.23010948040138e-05,0.00120953736144385,0.000202774751726096
117.5,0.000531602404761313,7.90412768801505e-06,0.000103074760331277,0.000463770609905992,0.000476808660150645,0.000146091584828027,0.000280757809828479,0.00115989218472885,0.00396253540136021,0.000927236662342961,0.000217180917180101,4.28541534161686e-05,0.000601418567852931,0.00217275761664391,0.00541933489457125,0.000495393975291394,0.000544971285796011,9.51580285792908e-05,0.000104453928643558,0.000352889417525045,0.000605788647857116,0.000200638648157863,0.000412852383425714,0.000371517249693761,0.000746064289255745,0.000386760172732861,0.00041545265570528,0.000483027700076169,6.93431756544789e-05,0.00133957640745746,0.00237091887256105,0.000442711165691951,0.000313363485808303,0.000276905814159837,0.000324473120163206,0.000435664341787407,6.68424559622726e-06,0.000788890947364625,0.000257601773639528,0.000260387616184177,0.000809216007690578,0.000531096706359443,9.31368604583856e-05,0.000181011407096581,0.000331929434395895,2.23103338913283e-05,0.000209815937786087,0.000431934927150256,0.000902189285187027,0.000482189060340734,0.0010706355791226,4.42024901804866e-05,0.000321688779243827,0.000142864796090953,0.000115307332967802,0.000757241547225195,0.00439103783715309,0.00603115481483588,0.00347308065648601,0.000177952020822363,0.0350083106897083,0.0013266590334522,4.61849500218923e-05,3.66801670417858e-05,0.00030485816615805
117.75,0.00142179048045265,8.61163445871473e-05,0.000395971717104887,0.000116368346957122,0.000281979439097517,0.00133909253037251,0.000485469915942572,2.8456251402156e-06,0.00822229846553411,0.000435515665871715,0.00103216561000837,0.000600333104766345,0.0011689170063907,0.00391974161681846,0.00588000949721562,0.000596513919210037,0.000803367656806408,0.00066792329350598,0.000427455816007433,0.000427988220943233,0.00115804068316523,0.000867862971783193,0.000293556283411094,0.000536044380943017,0.000336693253297964,0.00122930177417579,0.0013277736504061,0.00150595950385102,0.000259379061726588,0.00471915977486451,0.00193108209190913,0.00221940336205832,0.000532887353735765,2.26273218129228e-05,0.00031847457851827,0.00142790062583561,0.00036414739099601,0.000271347621895241,0.000203199225322193,4.46172867917197e-05,0.000201734181995339,0.00102684199542436,0.000363745425560299,0.000290000455752171,0.00129222279858866,0.000321750598857869,1.94304994156249e-05,0.00108940334598358,0.00062292125477005,0.00175581449981035,0.00173612231485412,0.00048054363988822,0.0012606778661986,0.00028910473420798,0.000989429955398324,0.00291831977971764,0.00292668124765762,0.00737678699039248,0.00912917177294371,6.03958784046956e-05,0.0633632355524513,0.000229374206396405,0.000789886137667636,0.000484696692537583,0.00102967616311307
118,2.69929864041929e-05,1.9123530201e-05,0.00126880386652322,0.000190589585869349,6.48238059363082e-05,5.3540745202022e-05,0.000450145726936695,2.71950541727443e-05,0.00116241899255995,0.000350238575685654,0.000607206447873446,0.000261604720384412,5.59094445051847e-05,0.000549558019608655,0.00186160731490145,0.000512780046868686,0.000148218385867718,0.000216134007694451,0.000191810409641418,0.000215153405263696,0.000178125693209698,2.68232040913464e-05,0.00021747915487412,0.000128710773723609,0.000157612418187197,0.000446416691209487,0.000153986634419925,0.000594433123602587,0.000316823303397925,0.000190332007991844,0.00074582423591625,0.00063567804142813,8.4670313813184e-05,0.000218979426382847,0.000115367127332448,0.000301435567641585,0.000260216875779245,0.000329419145284078,4.61359069270165e-05,9.38081660509193e-05,7.34375823315399e-05,0.000169172709793241,0.000448594473131139,0.000197637927005342,0.00017626925874694,0.000118168160141667,0.000698247599620524,0.000256311173344904,8.42942587248503e-05,0.00058950968811475,0.000405021632938137,0.000136305104595032,3.92754568691352e-05,5.04975472582323e-05,0.000538279589412609,0.000566270081822263,0.0010128949054249,0.000526885114033702,0.000632424465739039,0.00164208683164948,0.00700005629476363,0.000781998427826957,0.000483855241022976,6.84031020394467e-05,0.00019568241187936
118.25,0.0010691875201495,0.00275137775784939,0.000241778630018441,0.000662591617870737,2.92504095451349e-05,0.000285833210062789,0.000225211660389114,0.000143133310506281,0.00515971622751104,0.00135396149110535,0.00198279736715885,0.000656594110059443,0.00040570461294431,0.00257671831860393,0.00522569916950707,8.42456717186999e-05,0.00151773227987174,0.00157479396231382,0.000342296100428194,2.46993921517294e-07,0.000222480743545081,0.00142678657606962,7.11060133657757e-05,0.000161947866173613,0.00240496064723346,0.00136662594487537,0.000408562901661378,0.00023240952067446,0.00021705471801734,0.000298627222664181,0.00164346579660704,0.000434962574564154,0.00134931476062408,0.000741307340605821,0.000290253321872708,0.000493678487927737,4.53037837164451e-05,0.000169687088353882,0.00290228231281873,0.000980606685060917,0.000382331623641101,0.000708566922401596,9.53621025298771e-06,0.000810960163260569,0.00124749798635419,0.000443810954328728,0.00050417853645398,0.000270375362265258,0.000244797927787367,0.00010947699505549,0.00135277249653656,2.83592068293643e-05,0.00389264804865145,0.001311324510364,0.000725962645242478,0.000205211933654971,0.00308976887720245,0.000776647496741996,0.00602033205155364,0.00193140442772547,0.0472860075829034,0.00160161327944089,1.36677994083371e-06,0.000836363806329517,0.000233727852299492
118.5,0.00116498715706495,0.000579153806191012,0.00219646685495281,0.000114584658952023,0.000540260729118384,0.000341458755870243,0.000260274115043462,0.00071671906537633,0.00300691865103754,0.00411967414911163,0.00273989741666191,0.000280297658461086,0.00191597080667856,0.00159149559151927,0.000863917975852265,0.00107702160894516,0.00182725200415269,0.000812105056023429,0.000113178249744319,0.000246474452663027,0.00130926334376773,8.37159521818095e-05,0.000203154873920853,8.28689192852584e-05,0.00225331015139564,0.000769978478162622,0.000146941424328744,0.0026445242011236,0.00409407652093364,0.000383668252032381,0.000510550146101346,0.000960745303118077,0.0012063098345419,7.24565211041802e-05,1.83234192915826e-05,0.000502351694829473,0.000242758323192741,9.9706972380943e-05,0.00119911196415625,0.0004641978364783,0.00165208616044887,8.37559095881559e-05,0.000241905154839023,0.000671542025200409,0.00179899270320118,0.000399219452401408,0.00278375839787491,0.000125969413374024,0.000480476525285116,0.00174906513903638,0.000639657534484599,0.000779825272578958,0.00294284532690984,0.000194877562189909,0.00218726403633179,0.000617973941724756,0.000967062754113334,0.00155305900212083,0.00137766449196527,0.00169227418713143,0.00967510795801965,0.00124049841121282,0.000184772975255974,0.00129439743804996,0.000289548902897835
118.75,0.00244001199327201,0.000217841515277398,1.06179030042852e-05,0.000289798485187519,0.00048857634753845,0.000169965075634514,0.000838100163514485,0.00035038328838139,0.000123123464429345,0.000298351181855416,0.00426048400038095,2.50779142461108e-05,0.00174632688289724,2.75409706262313e-05,0.00124539758651644,0.0010869920214365,0.00125229162615,0.000130031035385364,0.000384990487241116,0.00116485910427958,7.64318983682988e-05,0.000251778418875392,0.000101702725986124,0.000103945834957383,0.000175968244061733,0.000211651972396946,0.000849919813571417,0.000376300875966739,0.00184687111922925,0.000715524012065138,0.000839509267731965,0.00120721219575865,0.000280718919207407,0.000296389596473609,0.000463703820075345,0.00015535044782292,4.80856702809838e-05,0.000192914101209417,0.000805437740780378,0.000415637170606874,0.000178336766662823,0.000155887946809713,5.96808844895717e-05,0.000362610242709152,0.000281016502186954,0.000350362984271086,0.000280724808970511,0.000233138708418426,1.39674719790546e-05,0.000241469507978778,0.000863406113482111,0.000269383758148459,0.000752307201070316,0.00019283181219696,0.00203765448435691,0.000687097999324955,0.000658718495312999,0.000791821574762942,0.00080584446846628,0.00141769473946623,0.0027985608861883,0.000364847769359567,0.00066520590776156,0.000239152690066108,7.50087371929466e-05
119,0.000714819155307529,0.00393774866613796,0.000569169885162413,0.00097360689080143,0.000258834838618898,0.00124787537455126,0.000421756504573407,0.000168643580334423,0.00657050806819856,0.000821723762122066,0.000279187283449481,0.00434816722055993,0.000653311305167643,0.00288741285416259,0.00520326308568104,0.000120990827229528,0.000516761539667328,0.000807893331362792,0.000297216817218709,0.00106813220311839,2.26925240028006e-05,0.00189967595166365,0.000467366335849703,2.19421287960342e-05,0.00370458374058148,0.00356863643454707,0.000954388088333985,0.000143189413013356,0.000339373821698352,0.00733784076617725,0.00244852029909775,0.00189886295841123,2.04597478359673e-05,0.000274489121432183,4.37520671494746e-05,0.000136756958177749,0.0011415537584147,2.72298999312455e-05,0.000219873783127569,0.000739100257696995,0.000816876866149126,0.00183100171084866,0.000834549954402946,0.00032616054321327,0.00131297471347158,0.000561945743241333,0.00109336830723868,0.00195563942779597,0.00192020834266607,0.00128015891022627,0.00285497874707443,0.000420235370063047,0.000346092532681852,0.00326993913773032,0.00136393332236528,0.00464595366721505,0.0010742346585376,0.0115561169358194,0.00594931128719299,0.00182763009377158,0.025004983240556,0.000424556255995097,0.000438417847300603,0.00120642134378027,0.000385287891274411
119.25,0.00143015477183298,0.000349430441522563,0.000257107897145115,0.00016307164560542,0.000287815939331348,4.18516649685179e-05,7.42688314396405e-05,0.000124827530153746,0.00059689304194772,0.00131986253239864,0.00100024778929244,2.04817038033391e-05,0.000431716979153738,0.000107188858816768,7.33703842479909e-05,0.000300910159811107,0.00200868798249337,9.62649930514847e-05,5.71411779504912e-05,0.000182964928736818,0.000266970788254467,0.000359452437379706,3.98458387818063e-05,0.000529883267961426,0.000517566592240183,0.000150092601531214,7.15846835702568e-05,0.000299982249010472,0.00124521710323959,0.000396150669040399,0.000634936286654143,0.00108671762912216,0.000450374207651291,7.97318656053186e-06,0.000123481105125055,1.92891155425035e-05,0.000381475924851482,4.27472072348941e-05,0.000542697240391294,0.000554046584647608,0.000240084821921661,0.000172292410634452,0.000187402881210417,0.000235352286509537,0.000144421515637232,0.000126531297516511,7.28047533110996e-05,0.000741904029821051,5.03253809433074e-05,0.000218279020291847,7.83791492371884e-05,2.64491951855922e-06,0.000690692080528725,0.000751591506389202,0.00092731110613646,0.000145192380657324,0.000736412483310486,0.000437675640816135,0.000971282777094368,0.0003784068818653,0.00698928052621893,0.000491272243617783,0.000134774210370508,0.000144512255302723,0.000118213608552354
119.5,0.0016948796874769,0.000371300787219727,0.000337861308475624,2.8233686316279e-05,0.00029190583226777,0.000173517606228077,0.000517416292279488,0.000132465850958462,0.00284717732155665,0.0014253529631082,0.000851776236796868,0.000149555599849327,0.000222685283175839,0.000417962057634104,0.00334862564351686,1.12011723354047e-05,0.00060734716500426,0.00127231504617722,0.000108876561486018,7.16798329760288e-05,0.000408222199915994,0.000990336339893044,0.000160232624924504,0.000241263490795708,0.000175171124978698,7.85546907582666e-05,0.000160777880787484,0.000585449091571341,4.34518904459845e-05,0.000107586164340154,0.000165680839245531,0.000340818743698462,9.55176543098771e-05,0.00045283173703913,7.41408009831147e-05,0.000484861668671151,5.07148522030277e-05,3.7485776412339e-05,0.00217962404018165,0.000355924968039289,0.000452027317663638,2.67269558792913e-05,0.00025543387476482,8.82608116887138e-05,0.00169288310483869,1.87426053729082e-05,0.000303274240039083,0.000699442430969903,4.16244205705859e-05,8.29580819164861e-05,0.000831455081904692,0.000272086034612852,0.0004822073595745,7.26716330021425e-05,0.000373321494532562,6.89049544628797e-05,0.001052917666997,0.000596114443630265,0.00131401367957963,0.000186806624831384,0.024804195868661,0.000750805221014641,6.08317714542586e-05,0.000275620817063812,0.000511558463703017
119.75,0.00402083256110747,0.000768115280768398,0.000867548640383007,0.000497357808733806,0.000211177451425295,0.000541524050325678,0.000260387661925156,0.000236010613361162,9.29968075875678e-05,0.00111646748499239,0.000752063290044777,0.000545126820991278,0.00139081317270253,0.001429131643081,0.00116985796359796,0.000577752689453275,0.000716845027437657,5.36857288172308e-06,0.00102438929074338,0.000609042127335607,5.82005106301191e-05,0.000181772380323627,0.000270598470018666,0.000317961870732619,0.000267750467841646,0.000781701573247294,0.000310133117481032,0.000424714874101486,0.00101665998560163,0.000512880807837187,0.00066373550578228,7.40232205291906e-05,7.20529338357264e-05,0.000542659799301553,5.39913435970116e-05,0.000200091198504422,0.000163470287466504,0.000102178017567316,0.000820807805994657,0.000284906140559498,0.000260387637385948,0.000193182107711949,0.000551947023584607,0.000209497103631296,7.55709293637798e-05,0.0011489306170108,0.00123776382722118,0.00038156689399434,0.00126232612532107,0.00041980098259352,0.000510954599124976,0.000338399509691238,0.00307585271582005,0.000484779510629497,0.000606022876146975,0.00032530258250363,0.00155357588506856,0.000498369852207734,0.00181568016717751,0.00159210005301575,0.00799482150557327,2.40458906547417e-05,0.000657469857289009,0.000687092659543314,6.17131557220583e-05
120,0.00116849001358708,0.000129281843110553,0.000567550617406448,0.000102778377153071,4.34414850162911e-07,8.57556930273425e-05,1.0032566326044e-05,0.000762646290567779,0.00288607741008366,0.00232247526817076,0.00276633519311424,8.71978137623554e-06,0.00208972547353623,0.000454982364525431,0.00198906203303872,0.000752074396336902,0.000780209910302499,0.000160466188119265,4.48309055933637e-05,0.000348616998458787,4.23830874141354e-05,0.000216459255601747,5.96576977834593e-06,0.000104911196317121,0.00235074137557597,0.000104173800489936,1.99916828588938e-05,0.000134181036773124,0.00112254453692894,3.01059931760601e-05,0.000524079489194256,0.00101120268394214,0.000827554439145699,0.000748051071251103,9.48015064813522e-05,4.70854136044213e-05,0.000373065025449147,4.27547349657432e-05,0.00328200790286492,0.000159581217148143,0.000945336537641174,5.76944898030924e-05,6.11238584757952e-05,0.00115267333278558,0.000408170544706737,0.000457425757573878,0.00264030184983093,3.5881849811922e-05,7.05630954343946e-05,7.31714866968418e-05,0.00127335582735603,0.000254306688751992,0.00466286480232753,2.79210712198886e-05,0.00322656075905539,3.35959301137441e-05,0.00033699170466729,0.00120824715290278,0.00139738263847267,0.000439631787521132,0.00949295000852023,0.000583063792138853,0.00016502459332522,0.00135207470909332,0.000155601450288786
120.25,0.000408208959052814,0.000613132697072077,0.000891238963550309,0.00208387014971389,0.000196538908838263,0.00033422914425687,0.000167945340670947,0.000212873976917475,0.00246353757522091,0.000627893815164186,8.08972632387667e-05,9.69934296652547e-05,0.000140364926906753,0.00149159651740493,0.00390957259843027,5.4583661438054e-05,0.000282539567265276,0.000243942366920102,0.000653115252679718,3.88590610494389e-05,0.000251042755481801,0.000548502977747085,0.00015752700181592,0.000816693219257693,0.00025091537421941,0.000410700349587565,0.000545599504726166,0.00257316983960752,0.00115793389028893,7.90820478724439e-05,0.00189286077857834,0.00020612227121089,0.00143307582958938,0.00132053953581999,0.00125257062982963,0.000404329837205074,3.66577849316544e-05,0.00045071423163527,0.000332077736986498,0.000790239715384375,0.00031781277345595,0.00129537181903837,0.000238692820818822,0.000288479745475032,0.000215718616763927,0.000281535434320332,0.000301109123685274,0.000549561352903234,4.53718275123247e-05,0.000405404439822258,0.00142517929935039,0.000129656052072971,0.000203262134221786,0.000711530200373787,0.00012201501894094,3.9083962457266e-05,0.00274507161167671,0.000541787933014354,0.0064442997340323,0.000830127113914509,0.02246495379644,0.000626777353361691,0.000189585509062039,3.63752027514586e-05,0.00052164060488135
120.5,0.00384662920009694,0.000489866272155818,0.00183334675938193,0.00071248106631931,4.12959856765085e-05,0.000205408780417248,0.000171608472822954,0.00047007782080108,0.000460123392597279,0.00109833426895611,0.00294408272752149,0.000534093130244899,0.00184938741076063,0.00180378399012409,0.000162626023884386,0.000107779823619913,0.00027254615223702,7.32212000754374e-05,0.000126537333380338,0.00037898706533184,0.000843780008698214,0.000181970511054524,0.000158185617701705,0.000259376501806808,0.00145795169011815,0.00118035781110451,0.000437054016785268,0.00126856293054616,0.00136670240401769,0.000529137030027393,0.000269821675064168,0.000526898144580936,0.000425414629066537,0.000124199375917192,0.000245760880531273,0.00042476791074755,0.000286366698584854,0.00031391594939813,0.000795684592226338,0.000548358103741707,0.000603000873577677,0.000684678378210451,0.000113570784608223,8.13687220664629e-05,0.000344446403323269,9.33710508203519e-05,0.0024575685661471,0.00122639301491834,0.00138433324285116,0.00114589836066781,3.01998586000284e-05,0.000107734800064684,0.00228646781195264,0.00078186317089226,0.00211256701974173,0.00191648419204037,0.000952255179561671,0.00018308238060015,0.000141076834575172,0.000322778133913301,0.0014842609495586,0.000221898482445375,9.31455379672412e-05,6.22759844291385e-05,0.00020216857791113
120.75,0.00296447327576782,0.000539839025092635,0.000637934987584118,0.000167814979207156,6.25986416992893e-06,0.0010369606643694,0.000361953347529426,0.000252663593654213,0.000163409177328936,0.000603582113473752,0.000312856479125271,0.000316991951026833,0.000141630760523233,0.00199426332739599,0.00041684259557685,0.00043520118549494,0.0003263411478683,0.000206352391081788,6.98321840449608e-05,0.000328608304178266,0.000148348358185878,0.000213201417334928,0.000402373633504345,6.11619635515806e-05,3.69659739551503e-05,0.000364748946212572,4.91323729293295e-05,0.00132484789175279,0.00105251131291226,5.25017602180734e-05,9.34111488675822e-05,0.000152829065160346,0.000324167140510243,0.000587704131966956,0.000226026539482268,0.000101440432348974,0.000163489284970005,0.000169250465082338,0.000395241529559404,0.000241936198950783,0.00047014575818282,0.000115439082706274,0.000150210929782934,7.57944928910161e-05,0.000824853413580202,6.74382468230485e-05,0.000342484143856736,0.0012715539744518,0.000175676684521806,0.000741108847716139,0.000369045252091259,3.28654235419804e-05,0.000379295161098874,0.000149152668432155,0.00020907547499415,7.04838519950926e-05,0.000664827619463987,0.00188681004493273,8.53852285548082e-05,0.000133674724781873,0.00174360068682187,0.000486640870781579,1.89112151012957e-05,0.000106781653376566,7.00798353987244e-06
121,0.000192038828946017,0.000101020882884726,0.000852690991501052,0.000278984213602056,0.000220154125933195,0.000225538012420867,0.000177532803894732,0.000646803108863298,0.000999385669676282,9.65455266550833e-05,0.00135480567024372,0.000345031411512875,0.000738306786310003,0.000760067982038113,8.62677411167099e-05,0.000359916435222713,4.84307585621603e-05,0.000196038099373176,0.000297087811047601,9.31539229755848e-05,5.38877746730912e-05,1.98147117640159e-05,0.000211952299603093,0.00020429623712459,0.000652052469646625,0.00156020287503896,0.000273799658080895,0.000310215535144462,0.000431395836820614,0.000477126679247113,0.00178281354836519,0.00103776395475333,0.000401275561211453,0.000120706653417167,0.000297098590575595,1.00965690536783e-05,0.000140539191159844,0.000149010585929253,0.000719853926895873,3.68660366986596e-05,0.000742097183843183,3.92762860916793e-05,0.000130628690199116,1.07221894987538e-05,0.000218404246917522,0.000249955554605148,0.00129789086527797,0.000673447142273627,7.39949988456693e-05,0.000587933804371934,0.000101062767911342,2.4962676038278e-05,0.000701489107670177,7.27024796042527e-05,0.000627622497591732,0.000493665794712063,0.000424282935080334,0.00183052474108452,0.00060014417849403,6.91525383802738e-05,0.00114475335021477,0.00018539281506941,0.000679346825896387,0.000223104190005762,2.97480060761691e-05
121.25,0.000159754168044673,0.000543884075102202,0.000407580999473484,9.17597979467001e-06,0.000158812857290816,0.000165644185951835,7.00567304787014e-06,0.000214957663752239,0.000251558766828082,0.000939868250631457,0.000742188496527902,0.000102687611245679,0.000225015236003887,0.000101718429053735,7.33884562218648e-05,0.000243957961345511,0.000967382926184351,0.000359715752151268,0.000413996307602981,0.000803689527300369,0.000247998575694263,5.95150111102556e-05,8.1445774180714e-05,5.39335835384608e-06,0.000116040991859874,0.000103383845417789,6.09191788459042e-05,0.00082337964217538,0.0011975150204649,0.000313994946668616,1.30872487819508e-06,0.00157627715459029,0.000275696745693312,5.03711064723013e-09,0.000206588372437317,0.000277653237971145,0.000103800500813854,0.000742397752604014,0.00015991463469137,0.000232942966616045,2.28003856365877e-05,0.00022361332101591,3.37735199561287e-05,0.000257690948347945,4.85719365051737e-05,0.000223632572160692,0.000234377995678899,0.000431447611362237,0.0006559641076871,0.00031469458629365,0.000178795758309077,0.000507928470219669,0.000246283618943058,5.05672695990908e-05,0.00151745219736432,0.000421003489174869,0.000112064268215944,8.06658076192442e-05,0.000520860595201468,0.000121611484058673,0.00396175235720166,7.06369261627274e-05,0.000492886269527939,0.000240800037193454,4.37156292318185e-05
121.5,0.000336138709090486,0.000495091259811709,3.05640816239156e-05,0.000570137232416571,3.36481439796715e-05,0.0010713162180698,0.000648685483683943,0.000342997947765116,0.0042585757588043,0.00501758820631436,0.00183763172699222,0.000847608681635245,0.000538788306407036,0.00297009105844201,0.00399354669517786,0.00047962250499258,0.000206341990617336,0.000705470884847708,0.000702878811426516,0.000848740693090632,0.000427226532585423,0.000863073199897475,8.78891392312831e-06,0.000153076225268456,0.000850038945359582,0.00135590157376077,0.000539598694374336,0.00195134169089123,0.000803486434736549,0.00311073914264171,0.00127933369453754,0.000404532776523877,5.11416928902108e-05,0.000592428597444813,4.58983213259057e-05,0.000307485825879859,0.000434225402499014,0.00069232203859643,0.000987685447311678,0.000346209208462782,0.000933212765651726,0.00100439553221398,0.00049582557778356,0.000323757883883212,0.00239270433522034,0.000267618201401954,0.000704356208217104,0.000598170979736173,0.0003320850830804,0.00143021515879736,0.00202491877775872,0.000438736922032869,0.000789601041111995,0.000525670326285592,0.000459831199075818,0.000922205952146804,0.00206361516415681,0.00231334914383711,0.0050982647577203,0.000241703214552676,0.0263799028842101,0.000851389354118586,7.26131318923558e-05,0.00105198880036169,0.000418717968944463
121.75,0.00346584868845029,0.000486106954871798,0.00224971094530945,0.000527558650369208,1.19129782181641e-05,2.87136472831979e-05,0.000345987925234447,0.000518971855691839,0.00164099736406324,8.07884283345995e-05,0.000401417120351907,0.0015719554972929,0.000247946017455401,0.00023836509213476,0.00403248758817371,0.000156784055023454,0.00110023450863329,0.000184273517859169,7.98508487737769e-05,9.17975719338281e-05,0.000110438812878036,0.000130852936472627,0.000451198232109251,7.74317339810749e-05,0.000187736300432579,1.63315094135076e-05,0.000236860959745182,0.00106652589054599,0.000900032487225645,0.000545066983089095,0.00158345074097067,0.00138919246947754,0.000448198321399133,6.96899744030066e-05,0.000222145185057314,0.000350264678335845,0.000352346445756582,0.000463614062590303,0.000138227918794661,0.000393232767322152,0.000878450694439061,0.000516217608286863,0.00039395432538979,0.000676146732549018,0.0010273411076651,0.000586343307044963,0.00141804375988873,0.000578261888403405,7.53347954684944e-05,0.00065910221161961,0.00104375373959116,0.00125732684857879,0.000278621918395981,0.000996521454162338,0.000350079870034046,9.32421375649644e-05,0.0029910328781733,0.00108153305360044,0.00167069200672592,0.000833671227046958,0.0118650051722584,0.000425886404947443,0.000152939907256144,0.000402211543487724,0.000255113669667209
122,0.00187879524421722,0.000395809757817514,0.00118467128936042,0.000934036658958889,0.000167848574917657,0.000180562149737491,0.000325250259041948,0.00113499793715572,4.05101781389399e-05,0.00215916093713856,0.00469711281621617,0.00122125379039061,0.00185118357338679,0.000172655668796065,0.000329746866055364,0.00120736316675271,0.000614148427517661,9.76681617720591e-05,0.000371971880028005,0.00060090491897027,0.000132754606355296,1.79116668766629e-05,0.000228513267880585,0.000149745627731167,0.000159884461848549,0.000302919766215146,8.97983277851655e-06,0.00128170966986707,0.00172625102075612,0.0014898288643012,0.00037097946173885,0.00057767918377167,1.78302441617821e-05,0.000747617482474862,0.000137571856636404,0.000308816421853202,0.000855607654498713,0.000653993495081528,0.00124541091268569,0.000558269918246191,0.000494939904838264,0.000352041956193639,0.000165023703264115,0.000525681046964744,0.000329327565908893,0.0007835395525512,0.00105490919016524,0.000603928462777892,8.88271733270174e-05,8.25334420853598e-05,4.12412847531225e-05,0.000647321788105698,0.00164645420855779,0.000728739635765739,0.00211706315096008,0.000401298763592264,0.000696656298156531,0.00189361158680111,0.0027887803950864,0.000605871349109923,0.0132804932300132,0.000501966905255449,2.54537640761164e-05,0.000110895244759366,1.31809564969327e-05
122.25,0.00453183246205599,0.00015653617505873,0.000630998258681622,0.000833974259645741,4.97259034431732e-08,0.000966412635180216,0.000201195393143988,0.00024103664027092,0.00217589280709737,0.00186157264884155,0.00224510258232797,0.000875786330532381,0.000819004689777188,0.000381770159218073,0.00116519453130513,0.000289566070947084,0.00119750382300205,0.000580217390540198,4.90823598970779e-05,0.000277759747085767,0.000329984010804987,0.000221137359642311,0.000333911677467504,0.00018964275805572,0.000851504303624588,0.000150668997761694,0.000313948797939406,0.000151554938251279,0.00049636305659166,0.000850984891317053,0.0006600458321432,0.000211800093980786,0.000226033986347376,0.000534407976837362,0.000122024325112407,0.000153187160818638,0.000155385666017994,0.00123914093041927,0.000454553996866011,0.000571186949251927,0.000112766116029778,0.000424016473803089,8.12405260680281e-05,0.000669045388543158,0.00148827669626452,0.00131158417309874,0.000984767440164682,0.00027510246666898,0.000406867847725832,0.000188241263454799,7.65827973552654e-05,0.00222696013981302,0.00278400030668598,0.000318134103286755,0.000511098210719658,0.000267571221224609,0.000615944172379364,0.000506065209368566,0.000688122041643895,0.000698108672068157,0.0112614252155606,0.000815446930942207,0.000212873157877593,0.00168322268560891,0.000162662673544357
122.5,0.00053005579522521,0.000454643670629433,0.000489614899050959,0.000976247807470068,0.000206624463166116,0.000160638102979424,0.000546565234725526,8.22505361000841e-05,0.00309038071095098,0.00555973960148977,0.000325101412102514,0.000141662801989141,0.00146721049922295,9.37364819727757e-05,0.0011475958899628,8.90175799785318e-05,0.00142640957482217,0.000407373681660587,5.2995470935069e-05,8.83542144298094e-05,0.000305566073657201,2.7733430281921e-05,3.60561349343394e-05,0.000316101780094345,0.000233992316650078,0.000134842863667658,0.000347785486110297,0.000161346770618605,0.00174893708599044,0.000137370583154998,0.00342979029987357,0.00110973189017563,0.000240351753584954,0.000665684517931216,5.30907920367798e-05,0.000447079052076729,3.25529922151231e-05,0.000176750286296342,0.00166281476781008,0.00105996815225075,0.00028491608500016,0.00037886838924042,9.72042532395144e-05,0.000565551204307184,0.000117754901232479,0.000890847782528647,0.000212385550830028,0.000512351426727578,0.00029677048574361,0.000247948598277806,0.00158209264166211,3.76225244525034e-05,0.00012448833728815,0.000421951054954782,0.000843711294150089,6.70561428310221e-05,0.00154282774329803,0.0017061518702588,0.00108416441959917,0.00225772036851439,0.0108955133864475,0.000906125979959136,0.000423006952591387,0.000100449109860295,0.000141056098624923
122.75,8.39988626354617e-05,0.000757451531310432,3.25047869655283e-05,0.000222621775060496,7.68998024527719e-05,0.000819280318869301,0.00030567346531421,0.000134038344873923,0.00149941289829408,0.00112129914095703,0.000572048451003907,0.000597921451168541,6.81939129981769e-06,2.78546264391747e-05,0.00185753137162909,0.000742816032080104,0.000494319326681446,0.000374173276712664,0.000105689292940893,0.000165701566924689,0.000129387148211613,0.000971514264601546,0.00062418267995512,0.000690469309102631,0.00016282546845441,0.000493398245981596,1.87764425331381e-05,0.000125653896644848,0.000165534180929508,2.76546905368886e-05,0.000260807838763384,0.000320862572074364,0.000360345046504194,4.88761316510582e-05,9.3049714306714e-05,0.000133440644404671,0.000105150156423684,2.04174836426898e-05,4.32151916666673e-05,0.000101423945849274,1.12783274693136e-05,0.000493568060643665,0.000275988463755006,0.000399775577043206,0.000129692352400502,0.000400193544390845,0.000423189608692842,0.000505934875467289,0.000157282638003966,7.66102584827679e-05,0.000148505121879716,5.3527050626929e-05,0.000420398282154405,0.000178874397292381,0.000291921485170321,0.000112005214116744,0.0020582811170179,0.00102477328677582,0.00253762526018356,0.000537780856715,0.0151092023307461,0.000948405516436343,0.000100857456718497,1.87400968778176e-05,0.000306675619373071
123,0.000801983423185035,0.00110752689823726,0.000467368058076957,0.000788133229430993,0.000114054195904698,0.000458971019230849,9.50822020804487e-06,0.0018530302373061,0.00459875609088339,0.00286984640203314,0.000263277425152052,0.000190910197483322,0.000969869485832033,0.000183759769397745,0.00455366858651764,0.000192269022435513,3.40894231366537e-05,0.000494093544546547,0.00279768710425409,0.00116012992601424,0.000188596795381006,0.000742601303674945,0.00057513133787044,0.000771235674192244,0.000258539287785173,0.000911564744491849,0.00105347579334881,0.000104802380842349,0.000276839665935427,0.000246553406398323,0.00349046900062903,9.63524891190559e-05,0.000341970272946384,8.47750759017664e-05,0.00110915088622887,0.00110604945422437,0.000577617596767061,0.000608626687433085,0.000991733024399248,0.000159237852874866,0.000242865391006289,0.00134572758444951,0.000120907193802888,0.000481634833567525,0.00155794186079089,0.000342789071134011,0.000311095131244445,0.00173008415964714,0.000512896127013974,1.1636797829435e-05,0.00203963842137454,0.000521931634520111,4.374946281419e-05,0.000534187252222484,0.000387118160370834,0.000856191140859583,0.0030653747007087,0.00232044862487167,0.00401044249377526,0.000340073548242918,0.0286082003459022,0.000360929924432174,0.000809890906461826,0.000197708638989878,0.00037923011556485
123.25,0.0029133102949942,0.000180676817159776,0.00186979293798047,0.000282364062131833,0.000443415472602426,6.54564919627062e-05,4.47754582792297e-05,0.000625167719816263,0.0014797937317163,0.00243912186822885,0.00155427234692165,0.000616936260778232,0.00227194814584992,0.00137170708635853,0.000100933092048836,0.000770202372083272,0.0020874791077999,0.000880186037473815,0.000110308755171733,0.000134760128040215,3.62633014999573e-05,0.000216958374787457,0.000128577600666556,4.07199201668963e-05,0.00258451861801557,0.00024334996231091,0.000243604898482244,0.000879349366729584,0.0032137379376747,0.000254302136137961,0.000379872664423579,0.000479977202824107,0.000200877428473185,0.000132542608109119,0.000445954650176915,7.03472525111451e-05,4.20670710869153e-05,8.82352928983622e-05,0.000531183980141955,0.000123629331775918,0.000545863212916411,0.000214222295920582,0.000435559674309576,0.000194017235010658,0.000130651365060587,0.000517694600342301,0.00207447969035704,0.00050407486752719,0.00147360621476301,0.000493675496919707,0.000285074814896017,0.000528200171558315,0.000853273067469001,0.00025770552978041,0.00254956053753276,0.000180811307465354,0.000391283123784383,0.00105761313740054,6.20081704813265e-05,0.00221228904884521,0.00237547506749199,0.00129850375476272,2.43727641936932e-05,0.000242675774617818,0.000157586405417829
123.5,0.000321554995805877,4.09340215928345e-05,0.00062997160691704,3.91178757136232e-05,0.000189270181185897,7.27480440982274e-05,1.25239915759843e-05,2.38115802589524e-05,0.000430961146068256,0.000807714731159607,0.00104142258237749,0.000816309197695964,0.00023772577794973,0.000678035883864109,0.000819721955905806,2.59829975390747e-06,3.93830365440073e-05,6.0809733521504e-05,0.000151689906889338,2.01238093980015e-05,4.90563030469686e-05,5.63212445851993e-05,3.81071983967273e-05,0.000115435583721227,0.0003994634172511,0.000396550072157374,7.97251577854287e-05,8.55131625362966e-05,0.00046500288056172,0.000555612778633245,0.000545076889759662,0.000139090190046206,5.85910569095004e-05,0.000150800849536369,0.000242187956535395,2.48689924085697e-05,0.000111790335902546,0.000153856993583405,0.00224690890271012,4.93678340035516e-05,0.000215296466968443,0.000207068995194768,6.45895382214878e-05,5.11700631682445e-05,7.63151107543119e-06,0.000901811027699069,0.000123053775748292,0.00131284525359901,0.000269758197150896,0.000236538266171923,0.00014008702588767,0.000195745775629212,0.00133681393470929,0.000160165426070122,0.00225028501614769,0.00109368424392191,8.68144111605022e-05,3.96638614930873e-05,0.000128265287552118,0.000695355559646164,0.000349355960916905,0.00011995602101043,0.000505563632676657,6.3023393029437e-05,1.76661171739946e-05
123.75,0.00396682762424262,0.000241448291444929,0.000486888510088708,0.000211403859621835,0.000523090245879799,0.000166228247467128,0.000437964440430838,0.000754906590283859,9.02691389744079e-05,0.00146460171488645,0.00104214333449799,5.37067411157765e-05,0.00122233639628503,0.000190854626245334,0.000687141013715249,0.000450860833050149,0.000115761284709103,0.000477588224335347,5.1244442748368e-05,0.000572706676460325,0.000113099370390661,0.000577898524087263,0.00016096860232367,3.04115664776253e-05,0.000646472305759164,0.000790640566630781,0.000804267169740067,0.000341145731143589,0.000512074315468605,0.000195705897171207,0.0013543256099213,0.00103919799320376,6.42012747121296e-05,0.000132401518064536,6.8109992987939e-05,1.39139805294239e-05,0.00019318668569052,0.00129586113551893,0.000235716421419903,0.000153531586739366,0.000181046327192446,1.18664993769217e-06,0.000193635243195807,0.000238677844561631,0.00109848491986879,0.0001506948165243,0.000145887419491593,0.00119717083197109,0.00158325438864271,8.25622023553468e-05,0.000782925823170576,0.00139513533586029,0.000565092666257301,5.84902663088619e-05,0.00117007559105995,1.04870572410766e-05,0.00156027244882274,0.000297581136837834,0.00164056645954843,0.000416235707875054,0.00799230122970515,0.000112418814372555,0.000907730336518352,0.000873400066419603,0.00010628484360836
124,0.000738602455981068,0.000745556399489106,0.00046055662225261,0.000240374706844837,0.00113396898880142,0.000222999082860536,0.000240296651100978,5.73715853665846e-05,0.000879001240348416,0.00210635427199961,0.000458069124071663,0.00226898647114129,6.96777446262165e-05,0.000105718006677667,0.000407604721168735,6.78620836870937e-05,0.00104207967356175,4.6573898745266e-05,2.44279119701025e-05,0.000587117987817132,0.000130330038866157,2.18470846876107e-05,0.000587087146759029,4.2497717165809e-05,0.000727695152814976,0.000734164084455004,0.000462182291384635,0.000135432226679529,0.000330313943746964,0.00178081570056169,0.000115035226258421,0.000181215543614844,0.000469017634158703,0.000131762633439424,0.000256822935206845,0.000779797970249915,0.000180270390875739,0.000284918998344935,0.00104247867732526,0.00082521030090688,0.000296064740775405,0.000240633405276784,0.000367320753496472,6.06635995427234e-05,0.000202192699385,0.000706603993379559,0.000208737839299634,0.00106335815756375,0.000426233058370676,1.75572910463408e-05,0.000154991440141215,1.62012244696621e-05,0.000553718670810931,0.00110146758384937,0.000590036355854822,0.000355564382973811,0.000149337009180982,0.000311550331545664,0.00060347842554012,0.00114714833042684,0.00190765054891623,0.000232660566303063,0.000816613753961141,0.00019823175092407,2.86059474162443e-05
124.25,0.00211838617716511,0.000258881592530137,0.000293802088448661,5.12688658208833e-05,0.000162087390686037,0.000163326382263137,0.000510514080916426,2.9675738393772e-05,0.00140030359618841,0.000774805204345752,0.000298316254606179,0.000549444780173606,0.00173530728936596,0.000440329198950479,8.74772553845884e-05,0.000705514345938399,0.000972596013228305,0.000400809950729496,0.000381662375770372,8.77041662980095e-05,0.000326745195412791,0.000278715360277831,0.000775696080999849,0.000104690079632294,4.58243855863962e-05,0.000558572528911225,0.000386376954342564,0.000691071918825568,0.000503121370002706,0.000201554483709496,0.000138221337053418,0.00317084246079866,0.000422662008518883,2.36413036603632e-05,0.000375998833126416,0.000286029043470268,0.000446174895726393,0.000330766400436273,0.00379800424808483,5.22838947496547e-05,0.000259693930199646,0.000176248918075531,8.9592790773571e-06,1.2420965636304e-05,0.000417854972445273,0.000728234172297513,3.02787607245166e-06,0.000325310730477408,0.000880593631664514,0.000353084465401836,0.000126785411455693,0.000934279332089498,0.000746097570091799,0.000272509435997849,0.00132585418234264,0.000720129900078243,7.73150172173444e-05,0.00239885753933017,0.000221526973331461,0.00128885162266512,0.00431121372998583,0.000956724009287093,0.000208623284624552,0.00112222717981173,0.000251170077467438
124.5,0.0023822631450913,0.000739989178796332,0.00108934299247775,0.000231906683549918,0.000252859492704661,0.000383938149688225,0.000633245041501325,3.5604457517503e-05,0.00035679131230431,0.00315894000463844,0.000150410384152247,0.00201427908668038,0.00103210170823091,0.00296382577067851,0.000505710648030917,0.000402771846986325,0.00156636908665697,2.88238723846485e-05,0.000265798371688886,0.000451824785499326,3.36675030373871e-05,9.59133624274458e-05,0.00017429506765688,0.000102906143362415,0.000460729505869517,0.000420481274734408,0.000795197786190598,0.0017055461162225,0.000261220199242664,0.00261141076316643,0.000145099669326012,0.0017629005627196,0.000281405062860302,7.67275759717556e-05,0.0002887052644,8.09588365695413e-05,0.000940997482264847,0.00024444065614165,0.000921735924839565,0.000583125012820377,0.000242558634336672,0.000376860511045114,0.000554279328222889,0.000185079074456222,0.00129474947470576,0.000875611430304163,0.000513122238766197,0.000603314621583328,0.00185420158440392,0.00152441326073866,0.00110991328675001,0.000210101493200816,0.00100807764242891,0.00116470843677782,0.00047325056820754,0.0018869490920893,1.94953014513739e-06,0.000281481725889953,0.000651020216830152,0.00204980318219908,0.00275085415021312,8.37453571580678e-05,0.000217470869325631,0.00117266117740369,8.54516584898766e-07
124.75,0.0022568401050078,0.0040773655782204,7.5625457899722e-05,0.00106724023145973,7.46560331402497e-05,0.000977540580292118,0.00055703508585859,0.00060208020065693,0.00172138039900817,0.00353304029538337,0.000944801898346754,0.00129582668032596,0.000385739125251069,0.00186491885282281,0.000197396431367786,0.00109354334401616,0.00220346651389641,0.000201649512542164,0.000507898083429125,0.0013421402888585,0.000789906751294901,1.67446533844004e-05,9.08479704309224e-05,0.00121461328294206,0.000519376945752349,4.3116757255827e-05,6.38247005420713e-06,0.00168538164203277,0.00041809044264343,0.000522003273164377,0.000146814206540806,0.00130028059263883,0.00147436588232837,0.0010765183172406,0.000175939241676166,3.04379538797579e-05,0.000416530832523334,0.00039770080047547,0.00240845009853098,0.00317812311044635,0.00048128285556265,9.71247568029064e-05,1.63934298812667e-05,0.000119762593726271,0.000435899719779488,0.000342979166925402,0.000116525655372122,0.00131957356184762,0.000665285306878845,0.000485966156843046,0.000257235843284088,0.000823502280047658,0.00138317767562225,0.00307605524198114,0.00097569631786065,7.38421260881443e-05,2.99183081055088e-05,0.000732070369239421,6.04731438208176e-05,0.00293070695110732,6.38167249243324e-06,0.000557297263017018,0.000265411231819244,0.000349324794647956,0.00019323731801945
125,0.000308429342085769,2.93569429498016e-06,4.49581883019758e-06,0.000129038872389086,0.000124574228006752,0.000295669703217374,4.1781939516829e-05,0.000110941671212578,0.000304845556521735,2.16081509399473e-07,0.000209355086984098,3.86511261105502e-05,5.69832532699942e-05,0.00037486024914976,0.000237042671025643,0.000741958706786851,0.000232693157764807,4.62123925052416e-05,0.000155872838276295,9.58730013372782e-06,5.12946246848467e-06,3.57948071251385e-06,8.76690742614924e-05,3.65436260989713e-06,0.000781227371121188,0.000398209765502323,2.5999970907365e-07,0.000245903094603464,0.000108253489055529,1.12206144031249e-05,0.000226245611705435,7.52647137026033e-05,9.44670715101989e-05,8.71895547617155e-05,2.40883557495738e-05,0.000294271929168107,1.43719658905918e-09,6.50824409639257e-05,0.000527452342724404,2.28067903424282e-05,0.000110839804087335,0.000129340240608073,1.70452431787288e-06,9.7884466650009e-05,1.39274653753674e-05,7.08983938948295e-06,6.5351441096033e-05,4.45637722344865e-05,0.000329342817333333,0.000210347115402768,7.09234149372876e-05,4.37372403780284e-05,0.000417960324761971,4.47760413693292e-05,4.76119917458171e-05,0.00032873593588661,0.000200787936101787,0.000678291913980699,9.88963321127194e-05,1.05002180714951e-06,0.000418435897785005,0.00019689784890924,1.78368214525683e-06,3.13107403983595e-07,2.9617567261065e-05
