Frequency_Hz,Ch_1,Ch_2,Ch_3,Ch_4,Ch_5,Ch_6,Ch_7,Ch_8,Ch_9,Ch_10,Ch_11,Ch_12,Ch_13,Ch_14,Ch_15,Ch_16,Ch_17,Ch_18,Ch_19,Ch_20,Ch_21,Ch_22,Ch_23,Ch_24,Ch_25,Ch_26,Ch_27,Ch_28,Ch_29,Ch_30,Ch_31,Ch_32,Ch_33,Ch_34,Ch_35,Ch_36,Ch_37,Ch_38,Ch_39,Ch_40,Ch_41,Ch_42,Ch_43,Ch_44,Ch_45,Ch_46,Ch_47,Ch_48,Ch_49,Ch_50,Ch_51,Ch_52,Ch_53,Ch_54,Ch_55,Ch_56,Ch_57,Ch_58,Ch_59,Ch_60,Ch_61,Ch_62,Ch_63,Ch_64,Ch_65
0,0.0218217281681683,0.0319066521982239,0.0109033300760756,0.0379187213433116,0.000294425778469537,0.000702969901799377,0.020730089708815,0.0224602864384968,0.0349590848827239,0.0935027885488968,0.0151959740811168,0.0240195203456715,0.0020251379845071,0.000931723076835416,0.0110267415373681,0.0474426594431583,0.0608657386268393,0.0542321770162096,0.00142294414647131,0.0258758512650862,0.0363165222951011,0.0335988778623503,0.00265840654804726,0.00299635063226389,0.00234647513614805,0.0130146542091952,0.0055712162613061,0.00309036773846266,0.0053116035666904,0.0058030855243707,0.00256301404257104,0.00385183194646216,0.0344866210448766,0.0450241450675956,0.00189590987244309,0.00737298087035203,0.0153446961793603,0.0206503094806442,0.0199255203963339,0.0453322762084859,0.00512787950526327,0.0202519847988654,0.00477664891059658,0.00553782225944257,0.0299178179863369,0.0776038631665518,0.00464975861423311,0.0346839267143175,2.14424752429529e-05,0.00255452104221728,0.0155868173475326,0.0260735483709112,0.00179176551776873,0.0266334542302128,0.000655097120023154,0.0125943028814624,0.00502843798644692,0.0234547086772369,0.0255666648030839,0.0519017417325836,0.0602624565924785,0.0441294613259129,2.95673688773202e-06,0.0519441780321727,0.0465753341236856
0.25,0.0934207286532895,0.1449610624101,0.0401700002074543,0.161280758895697,0.00417722269751314,0.00309323131155264,0.0940092440163964,0.090578027128068,0.107658234554312,0.356123549620428,0.0506218637028357,0.11086361242642,0.0363966151996858,0.00829930687262433,0.0567654915844258,0.180021605945624,0.25235365016593,0.219042630614959,0.00531192965426934,0.110439352364542,0.143545087410501,0.139029891436674,0.014898302306256,0.0138765221727273,0.00338195488046702,0.05806401138142,0.0380077179350347,0.00993399079200548,0.0206891314850153,0.0345036281034514,0.0349883830897587,0.0105346059754061,0.137034485053237,0.18545154469936,0.00453820007467611,0.0281472377660886,0.0696734432000391,0.0873614090284069,0.0805604330606798,0.194691436257892,0.0143880744451598,0.0861830020355408,0.0278335742408085,0.0222925900293257,0.120945639552938,0.315174746053979,0.0141596416133871,0.153881345741813,0.00213642680553292,0.0134165811563506,0.0743212347857405,0.0979970518556067,0.00563086953258575,0.123206941439883,8.75016026291258e-06,0.0584829622963005,0.0190613264842458,0.0887583170687336,0.0813561316288074,0.19368127210905,0.0822233711666316,0.141845522323059,0.000200237210007367,0.208136531543677,0.185851824773379
0.5,0.167494940312459,0.193184071555129,0.0773877968577998,0.206973135394215,0.00678860146372893,0.00190740573928604,0.128178655893372,0.136148982108471,0.184908628817558,0.512756101446052,0.142984642000136,0.150803363618864,0.0229919468717166,0.00863005365483975,0.0704000029654146,0.254083450061555,0.341058921765768,0.282268944566485,0.0243113421482439,0.16811286804781,0.176841091367708,0.168030212703058,0.0255742136680216,0.0275810387314598,0.0199570026482351,0.0682246455809358,0.0384840637971556,0.018116375229504,0.0481749995338431,0.0454375359363504,0.0258791716343665,0.0184648874647537,0.19955731030633,0.233040462834181,0.00846660069788726,0.028317033063653,0.103193152542334,0.133483159131596,0.129204927240594,0.255595516729735,0.0335431186536997,0.106108036075598,0.0333157091059006,0.0370515080780549,0.174561683444711,0.411973376870073,0.0488715662315735,0.209469531846257,0.00195377576346068,0.0134475318507065,0.0924933758806043,0.143594672290679,0.039360769342261,0.165213847328518,0.017106305402547,0.0739437656021554,0.0213958037532682,0.137946241885509,0.141312555083809,0.285487096548942,0.20146633366814,0.224288015431494,0.00265392277214665,0.30723577295803,0.230538999007752
0.75,0.239070518235403,0.0833850515594384,0.139485506838668,0.158937642749109,0.00657453783704633,0.021914298745572,0.263541821468514,0.24620546884992,0.519362818802197,1.39266303678576,0.291843431906457,0.0368518124247938,0.115956098327417,0.0548863701795174,0.0902216264849722,0.245558843793776,0.392584876146416,0.375669776098527,0.082738628976042,0.214385534161376,0.664707553432811,0.416381492273098,0.00952332514575192,0.0436519138108503,0.0367683272289967,0.0276169801580181,0.0560414115534521,0.0109704907800922,0.277135951346392,0.0845920954669427,0.019465518674222,0.0109290166804209,0.369598271345777,0.267340204496439,0.0169315632436441,0.0465432565102123,0.165651828555261,0.240300309498736,0.098706922902915,0.155124358646699,0.0903712220104193,0.103597102259537,0.0506153274598446,0.0531561475207018,0.386837364488135,0.997723308463367,0.0837961897036611,0.0521613363840552,0.00215928558125316,0.0292370754094283,0.152414044475074,0.21304089936186,0.0228579570480187,0.0511121647548285,0.0526241265560232,0.0808339119966971,0.00865228103587374,0.0503262197598366,0.29441465491558,0.3228021539326,0.30162767868106,0.14202718127013,0.0135249582553569,0.509452739201492,0.389043721319799
1,0.34379408013889,1.01418002676253,0.203422497625188,0.297594568607416,0.846731354921717,0.0466686520937174,0.59946667582676,0.485733571858977,0.325909598127834,0.384371559421319,1.56486486128645,1.0960064000287,0.344921275867414,1.22452233618264,0.374379038909315,0.148805768377272,0.558659571199594,0.119650094657996,2.71072173005539,0.495319054521525,0.434506966412238,0.325101243565002,0.995965346266888,0.26855582084806,0.286681045843351,0.650572503333799,0.19027603457429,0.174976722794386,2.78653243627405,2.60845076718997,0.0376955929632698,0.794605845911828,0.0185369302526297,0.139429667255603,1.06506651820182,0.406535132537147,0.673477694500298,0.782464866114489,0.154669300609957,0.915822943038553,0.075425786327813,0.0175131159057298,0.82763514028587,0.150115505407893,0.453614611112419,0.988980407039083,0.702595154783163,0.869112520963859,0.0550584483976448,0.278950595378988,0.412729320428178,0.415505854502671,1.24015607474884,1.50109312755546,0.814492017075359,0.574950422581982,0.571936960129621,2.830383128957,0.475227639125595,0.0790872544502138,0.432349837793582,0.430230226690896,0.402375807738869,1.26284255499352,0.646073419745231
1.25,1.12895034078221,0.314351094834301,0.757943050357668,0.84599080134836,0.937986091360123,1.26311154748257,0.509972270070122,0.177799182698994,4.60984052307181,7.91678134541429,0.85965377106961,0.637102555111409,0.269570433932608,1.22438393172737,1.66381864568459,3.64927603907374,1.21269287576402,2.85987036004468,5.30755847420148,0.0423384553116481,5.35369975222708,5.04999399807812,0.667774266023935,1.03138881345404,0.525107929031463,1.09004658818623,0.165084379823736,0.355459083924368,0.430724127425076,5.54153206534679,0.121768044863971,1.66772348099357,2.5864420265608,2.31054430053194,2.33544943399309,2.94721910640944,0.0569169588744842,0.37287148042222,1.5403535792623,0.808269326453984,0.976969468395414,0.72797223025409,0.566542352807547,0.00187021390932052,2.86412911675934,2.11395094174448,1.13056867534633,0.469849133001191,0.178567166208968,0.486528593609231,0.571272076553925,1.27961700755642,0.555376407239676,0.154020870102526,0.856867557916964,0.793662094653743,1.1984308010137,5.76054258014146,2.46726938884541,2.67185269671043,5.3570395468704,4.62905207252657,1.6524602877625,1.10139098092478,4.35767615998408
1.5,3.84758576819052,0.429728429109035,1.40496540936727,0.0114383247184111,0.219199828801737,0.125774819334734,0.981822148852401,0.678539690184423,3.81334709313775,3.1698466132403,0.88539501243224,0.269764719583748,0.382648847636098,0.346484351491901,1.21073141828756,2.47310501978061,0.946279997723369,0.360228084107249,0.678372715217287,0.0187402249792921,5.84510725489254,1.14277802346405,0.0530954212634543,0.53287937469686,0.534661489085142,0.390074283805286,0.731469482549901,0.00149293871117874,3.59963195996599,1.56945603988895,0.364766685833474,0.175110931400548,1.62076598002821,0.11165317706874,0.306016682161885,0.288562234560994,0.0428884139168663,0.833251392795515,0.854350331786207,0.0252356856447864,0.856926670901492,0.0219104309142682,0.120417346316835,0.130016960058607,3.45842658150329,2.10128483767199,0.9052030668556,0.156786162626567,0.684485454934974,0.127874146364184,0.683942211503952,0.894487494663562,0.918266171412348,0.139712733908891,0.23433586101879,0.308530958983425,0.114468396069164,0.984122714205549,3.98729789768014,3.31396802617064,7.31044982804233,2.6542865367139,1.35989450328201,2.42575912543835,0.172406400705926
1.75,1.91598049440462,0.851382359453523,1.07677968589304,0.218551715699071,1.91294172389239,0.0859608116250988,0.102502707873886,0.059466064318966,0.293281846544391,0.354454249908447,0.706362408897332,1.75324804624941,0.178446371689208,2.61994296388324,0.0130588071324865,0.331239518972748,0.0746332826244493,0.607719656667805,5.15158091585938,0.0131544232463467,0.191294650206057,0.03050332619378,0.196432477705787,0.263354004074374,0.975623435641511,1.07218727711965,0.237058781733969,0.800810669816347,1.597479940377,3.75786404889501,0.623800908076815,1.78072239252886,0.679270971649044,0.00089888180061481,2.06232757312233,0.404169452532338,0.00361896267337884,0.0353056875883339,1.56067666211705,0.255953044875791,1.9965439288014,0.0646317528043424,0.554181758252977,0.102274451775887,0.255928914704151,0.8983718334557,1.09030555961313,1.1866840673307,0.486667858984591,0.896011568698402,0.0108522518133891,0.0483648278040467,0.924623974789383,1.25060826072599,0.386698780792516,1.67599972165979,0.855250660452394,7.27704042019181,0.242014575793407,0.0180467845707045,0.61886962155001,0.78772475319286,0.0444578934425753,0.0234780175547103,1.73245686358466
2,0.86392852657187,0.0410952103967071,1.28921925099045,0.853031845532208,0.0566797953553871,0.0987559842360974,0.0307416271094619,0.69503803833917,0.129532381838815,0.223864195189545,1.14267387741178,0.161695447961263,0.701099833327101,0.000318229151949038,0.227975918539358,0.282281712085579,0.0822908124313011,0.0248914782228705,0.190823137148442,0.122855810119689,0.145630920135194,0.115669956168902,0.229632630049939,0.100488367545587,0.586314523072732,0.252940548481575,0.223123098663973,0.0204082809275309,0.169564800073697,0.0184836611216138,0.607947634583285,0.109319684836385,0.0446939836342693,0.417671145397545,0.200350894074585,0.00835786368079762,0.24617922402792,0.308205604191692,0.301292764481741,0.256405023628885,0.00662938568860433,0.498523029759976,0.00947185043567603,0.050112286982239,0.107730034232634,1.02137105161486,1.85998024582022,1.02272567943275,0.742623270628166,0.0677228417788933,0.113411352525094,0.589791713553493,1.02044638089536,0.196403535243657,0.299614995804198,0.18181262965986,0.288625133223867,2.48421129750821,0.165340750340999,0.882676091940824,0.283945105534087,0.867935982974156,0.127755221266983,0.167019295317548,0.145999358554501
2.25,0.335713413860901,0.32156916819247,0.720072948134335,0.477031686174584,0.704164850186316,0.53524835926028,0.0756373186622931,0.0921971859174273,0.627542136146642,2.16815310742769,0.272143338068485,0.584866882381523,1.0911015342392,0.985031337545135,0.698896248802888,3.65470231259941,0.675692078814789,2.03949985126924,4.59493368831989,0.0936976965602081,3.15066192990087,2.87231267086492,1.47374613599781,1.27081106394488,0.0190127465780032,0.545005508810507,0.294894180962419,0.177548743428415,0.867036343974513,1.56719282576004,0.902194082016562,0.925186044950492,1.49202087990752,1.6564513130801,2.56506971557402,2.25705873713234,0.226364123622767,0.0117103343218722,0.528662709280799,0.179115795899123,0.946758628685146,0.518153507887493,0.3673326216967,0.0524992226778923,0.0524167345515662,2.36447802367421,0.242825421807236,0.148949794108681,0.0590908928327635,0.214896967649335,0.237178108449338,0.990334278226204,0.149834724109078,0.473113594982021,0.327704138498754,1.10433699424859,1.24522988535299,1.10238816467965,0.717723131261034,2.92232103990062,1.48800410477979,2.04317920722668,1.51186959181173,0.39100030392935,4.80618225371813
2.5,3.06821454432236,0.281250351961271,0.93354133758697,0.959519413957984,0.477828091732096,0.363572067289078,0.99187993466711,0.730396852245208,2.43583269020381,1.90272494724282,1.1455275571474,0.564362389333669,0.650345650112806,0.146976585863434,1.33781417577321,2.3050898109699,1.21025916660785,1.07744039538413,0.0903306904026351,1.33431969567938,0.694251656924004,1.09921384656259,0.38948961170574,0.0940516317721026,0.763122998499237,0.207472790809636,0.0377205325301378,0.326657465936593,1.15679026028775,0.198275800497535,0.266501734353115,0.238264396398558,0.603496811490633,1.27157275258691,0.248156357137046,0.124891407892847,0.985802998636942,0.838057055885066,2.0309774372575,0.664574848634392,0.729036843749129,0.570573294185934,0.131038121107023,0.267540466414131,1.9748078165791,1.17677377914621,1.31701223834507,0.253154320132928,0.303446411025515,0.103256756727824,1.29087377631177,1.17104151030934,2.28218754149145,0.257928798265813,0.406537628388683,0.0756003667679249,0.113320557334939,0.795429765234174,2.44753912781227,1.2010884989815,0.820484019417594,0.982243724300074,0.247166119432154,2.16899185139836,1.05055690936526
2.75,1.56114593258964,2.26228872331552,1.37454804511592,1.47060638572192,1.06994386782668,0.0437719503279171,0.793821229191317,0.378850982723187,1.44108970431958,0.937718776311343,0.544681694035974,2.48005124434467,0.31117931318696,1.88214396196148,0.821290881947958,1.62270764552663,1.15816369799143,1.93892029016325,0.487586367355683,0.721614921139181,2.61063966541307,1.45911205306915,1.03030512829681,0.575716477630092,0.137503645176557,1.09623688994146,0.349947472398384,0.630798729279831,0.309797545615065,1.38805675745721,0.641998331013887,1.47833303921399,1.83367478438001,2.1986247261863,1.4255770392392,0.292426251052964,1.14837674806244,0.398039766930348,1.56469938453002,1.46333107029828,1.1575908795118,0.482426028830637,0.809035415108095,0.155918415905069,1.07863121396875,0.463348736844301,0.616756550295021,1.46702715432542,0.182776267523138,0.843773202705607,0.65633010890441,0.612475579124565,0.638486530752714,1.87341880228428,0.140153500073785,2.1111716183463,0.525996180675027,2.28493075526695,0.854247082566212,1.12412112256612,0.311358866014985,1.35467255781273,0.860747736528069,0.829721422231439,2.66258615491422
3,0.47780104909014,0.182420842926155,0.0211843837559207,0.425684328126348,0.888579504767206,0.0288524206166272,0.107528035724095,0.488699981329504,0.361920928137251,0.28943709235399,0.654074713266337,0.566479616300584,1.55608453315586,0.721661067491046,0.420563062374538,0.210176691998518,0.195291613166585,0.606328971369848,2.48935158600264,0.473854513333575,1.90368195711879,1.1052652361259,0.869377650645739,0.623607154285171,1.12762538935586,0.205708218723714,0.527129022601332,0.130947583171238,2.14040949426097,1.09486766194054,1.24421708843582,0.484558632781334,0.334645088887565,0.726767637836633,1.82526767391213,1.01701062991131,0.350094513962859,0.352502719291131,0.0290873033474815,0.234193774196578,0.6075368585223,0.199807059664968,0.531582423412171,0.103165864478031,0.0156196557526138,1.24444553646619,0.322263102321334,0.190343838860239,1.42230060132251,0.23717811689722,0.105840952324733,0.0861550844381956,0.488974887421828,0.281693266668616,1.43742282810397,0.658841719763193,1.65269499691891,1.1003882422423,0.595186282756177,0.159719293049106,1.38556212235814,0.600684723429311,1.24320432017765,0.162418166890438,2.00720600244928
3.25,0.346977119673331,0.132334755483589,0.268371183427632,1.52542851149585,0.0941683818753843,0.178907761946482,0.310145786714893,0.0141867313457808,0.641958347287338,0.307651848582338,0.183248466277446,0.0175771923501523,0.0420230756405606,0.0366145769297776,0.723336308775543,0.0336315529926343,0.870161606045789,1.76517113526341,0.112343347251828,0.133147908581641,0.68168028206797,1.16196118891156,0.0442751245683381,0.0602968003033858,0.188587955836754,0.086921696563486,0.262022007721174,0.0444193291409024,0.204490125115302,0.119501174110423,0.348584354098933,0.130171139424154,0.998949675350282,2.02938908896165,0.0105342458691733,0.190390142463178,0.126351498563436,0.107214523585505,0.213667990214725,0.816979159054939,0.0577809919944689,0.541139842165207,0.203119005499246,0.0482918731816112,0.720830908873095,0.0441888802973879,0.0254833797915533,0.499852788316522,0.371803568875168,0.0606049790764311,0.387435646815106,0.00883576024739434,0.0247371120800127,0.0550586145202551,0.230922709803098,0.0431109557641719,0.370724360846429,0.362091369574905,0.645193856077842,0.077471795027994,0.847981490850945,0.277334900631964,0.0631486642312239,0.400119177859302,1.25704367041881
3.5,0.212763285966127,0.234488703819729,0.133679452309458,0.166739056895832,0.0877751298520145,0.124333838136299,0.169861196716585,0.0371118714184473,0.183054714049018,0.369166550495855,0.438658817911492,0.61106767104213,0.635208748340637,0.603446724666884,0.319171983683831,0.151552276870625,0.0686120834367911,0.350433546438074,0.101533142846175,0.0644392651962615,0.320957076996846,0.155841271064648,0.0379349406902098,0.186319845743233,0.23648355955445,0.717358521019718,0.191174407382687,0.281456333745197,0.0980312789809995,0.550460198036796,0.121867511620643,0.652366596297774,0.322652297509614,0.0475470712414468,0.0692528279347464,0.00821806350109793,0.157229649406309,0.029543794935256,0.051027929617583,0.0905223918683662,0.323897698209619,0.155125237621096,0.0971525928479189,0.183188294414135,0.0961574647781745,0.337536454914858,0.25880477103021,0.644810506762892,0.145387339181589,0.524661809761872,0.176884463883112,0.136694435028266,0.379394827978138,0.429248959378936,0.174037811976759,0.457684594554634,0.143983476625306,0.10663855600676,0.212142874993856,0.180024376676441,0.285163633064751,0.0927166396514402,0.0370919625571711,0.0262552443677341,0.807031393642316
3.75,0.0433701345312448,0.307418494087867,0.519503413413888,0.228985714383258,0.219938904428836,0.012208900252028,0.153056576631831,0.0387659504746632,0.381411413863721,0.0477523644128667,0.340798711413344,0.552839697776834,0.100113404211057,0.712221911157357,0.0725531209363469,0.399933294728858,0.134030351079839,0.193652470914516,0.129503188307091,0.0830980543918242,0.310996294922978,0.0238209520926572,0.0357242738224168,0.102479098549354,0.339553236602261,0.485602630689724,0.189594469141291,0.280605258113708,0.130171795701711,0.943943144923422,0.214310904144487,0.326371988972,0.461050588329249,0.15227495084708,0.132373270235159,0.0370881416256937,0.0398409955245369,0.0885313644390217,0.28437108738945,0.27234391646853,0.568624983779561,0.136539457614338,0.183228775526784,0.108688112622909,0.352496949576079,0.227019542382296,0.415809738967544,0.805607650617181,0.3591727654488,0.293671343941048,0.110479252401831,0.151918873294663,0.110845863216019,0.570044271809073,0.275069628161937,0.7142839467738,0.298360897322888,0.546014150633836,0.133943480156089,0.0245319213724304,0.26302103820966,0.124448894477554,0.0186350173806912,0.158333043459653,0.196594738117843
4,0.425863221449522,0.896902839499099,0.0472313704844067,0.0551685485700937,0.489507814958555,0.0423439676036392,1.07195695713678,0.067743190598067,0.420797358252635,0.0548177779079781,0.495754981753034,1.69721328871789,0.00894015356942877,0.947172420825172,0.28831236121774,0.430743180293789,0.0461411598674791,0.141715795661969,0.88476388253755,0.816664294351587,0.783104608353983,0.111507430002504,1.22919549159322,0.260844203693482,0.0833860893278203,0.611934135846482,0.129950475267486,0.236414394579043,1.26930091880469,1.47484063240998,0.0270192030874693,0.904184279381471,0.284234295789887,0.0884582050703509,1.06947254147303,0.248388024484214,1.09813017865335,0.207535640268591,0.0221927070473844,0.167216320031049,0.408640224281772,0.0869424279646006,0.611724710594885,0.05563243977341,0.89071389832388,0.323424741940329,0.058435289949345,0.67288229820959,0.0119655157792015,0.524033630124903,0.534069454727319,0.141102234824262,0.647319941546532,0.987044965834536,0.246880366438446,1.08830961652828,0.270995102864283,1.45354939454391,0.570955365671905,0.165142785518474,0.1510399273473,0.348350734946214,1.09353438150465,0.495651932911444,0.638591690633198
4.25,0.472535471966399,0.284341795145632,0.868646839211244,0.133293899547214,0.544639974946513,1.5380033657101,0.380162765810783,0.753383116212938,0.4184952354258,0.0780024664402093,0.536281948344203,1.19382413702649,0.765274791753789,2.75450652991122,0.701536038427541,0.665217235171717,0.266551734603204,1.01724033746473,0.531789262263221,0.317393891134428,1.52688908052302,0.0401940042815474,0.589351536390512,0.494178924865599,0.704958539157912,1.74975621130686,0.419574555176771,2.4180986871657,0.887076783802961,1.23113996885896,0.477831789537249,2.02044883236735,0.945680916933274,0.259006625691771,0.632936574511325,0.1377279756601,0.498415472757734,0.603217544493609,0.618378195410765,0.131074779124236,0.647542815529238,0.487994303893958,0.52541105813317,1.42392333640705,0.25254928413078,0.244398842807501,0.742358876181404,0.898919148905075,0.629191181584483,2.70321678843572,0.278180374520671,1.24330687201344,0.563028755368763,0.652057486798053,0.839256953631766,2.19626148547095,0.378591732474247,0.846278032192915,0.920931035415474,0.369393568887777,0.313776908829154,0.135622208004732,0.54910776510493,0.253180399243246,1.20667034755476
4.5,0.0581591276624852,0.40266281348662,0.0349395417121466,0.404421989966114,0.0668319048553282,0.13144711220996,0.254791911436318,0.0438361345623037,0.825677334251833,0.215827927020104,0.119872649437163,0.750885745780536,0.493474362932889,0.265292782216473,1.38235087913142,0.0252017209101047,0.482668316538978,0.812584983374249,0.483991404968015,0.0207631229717939,0.391685919593387,0.755428778652841,0.0965854240081208,0.163708002421727,0.171361600143244,0.555090264595696,0.508330661678598,0.0807705454017606,0.00078963964816435,0.348997110754528,0.862056645066761,0.086781608123579,0.467286017292808,0.678385856007086,0.151474507202796,0.369649619264921,0.0502759100917848,0.0580202105718141,0.164174984274483,0.352672862598386,0.0958133934538951,0.309427079370037,0.0887121896973542,0.0330448601910826,0.362188309104154,0.132565403869833,0.109336151767017,0.270160361805413,0.244373046933424,0.295393979860511,0.621551004293285,0.000453991724140131,0.0518678537162251,0.311123245341509,0.216470429379494,0.447837179508684,0.519092551424011,0.0387633083856706,1.34759524703038,0.0160249897920514,1.14268046629235,0.057290482666493,0.147657686523114,0.195453554619559,0.959827048665644
4.75,0.337439862940495,0.098020409408896,0.328345517669496,0.0681977079471057,0.254271298065141,0.0860600033236651,0.00437855877607027,0.0174125626938936,0.36495925724635,0.0243636330557925,0.261211869480769,0.0566512574711849,0.127386334156749,0.736315130623493,0.167445487105895,0.173673126235021,0.381374806045898,0.755868884415497,0.42129670341899,0.180125686998721,2.03205553426006,0.472783184835792,0.0676073478481812,0.0141581881539041,0.075003293542422,0.145196964258039,0.131756867466765,0.366898739104574,0.134441314866284,0.544617599258052,0.055149458246537,0.610182863085111,1.0278923715386,0.314043788944866,0.533433840630387,0.040825430283675,0.109226908694579,0.0573719650961132,0.476840982601424,0.154227400516491,0.593710249716406,0.0014014240066147,0.0985322454858202,0.0894328387894191,0.0593428644262669,0.361967403804593,0.180549473712548,0.241806348274962,0.0856141450280845,0.391614066980535,0.0658962923124222,0.0235358751584978,0.428337088340072,0.140205098629024,0.0651034120880861,0.432550386650589,0.32747915701583,1.71842945958698,0.462683459749959,0.0251704635830309,0.468436943133965,0.43086326162508,0.0566534366419327,0.281315838135733,1.55625540537263
5,0.255046379687909,0.322624423261395,0.0865309322411141,0.433324447241411,0.367263751878439,0.0669625542015799,0.381992919604489,0.323159327918316,0.199339477457233,0.237286894990735,0.0940313315058467,0.418324995022997,0.127851593276979,0.652981249346441,0.233434899665997,0.0223538399586314,0.707505637749774,0.618223355855791,0.158622971221609,0.641758326549526,0.383880207893324,0.279522936528535,0.374987816102868,0.143738170178647,0.0919938112115223,0.469347519838292,0.307673987719285,0.272386485753379,0.0411076379576015,0.705424883417209,0.0923073031782146,0.385201489994326,0.322012143681595,0.527521155790343,0.249964341974828,0.052655456769751,0.501765648945448,0.373290809812157,0.23067949689957,0.520771540035572,0.467114224877968,0.203243000611937,0.496194371113829,0.110021238361453,0.539012207495323,0.275295888710089,0.0812460386120915,0.444712654377259,0.268192684107443,0.408021614923217,0.259483089963389,0.137587214003866,0.0683242207935569,0.362427883293517,0.076258586592389,0.702856158779204,0.00988777595005095,0.22207214590952,0.183272585987198,0.0504937592653111,0.0824742396385519,0.100688093934446,0.300526306576862,0.543442756823604,0.31593971475966
5.25,0.276544741211881,1.57415015365422,0.571619093376511,1.16893305515802,0.419162013422467,0.143273523499128,0.595243851907946,0.0806091678535118,1.10939008334345,0.0333452629576172,0.394914960789404,1.59277377742366,0.22947576094264,1.52632973309452,1.21833767981397,0.355965378557572,0.939296470297032,0.576970411480964,0.781382556042902,0.21799660918694,0.727070740190131,0.149137548576829,0.391176734186178,0.269926914543873,0.317790671772381,0.913333642690198,0.383825835106188,0.70589966821309,0.152844769026975,1.28086721775645,0.251009855735994,1.0949328425106,0.641892528708339,0.729918487947127,0.605342841892032,0.261554514521865,0.409591199291347,0.123763893530992,0.517889315751085,1.44561695047692,0.444484303899397,0.471997918927895,0.364082936240705,0.123657561025282,0.783099496106865,0.0304392947774188,0.454535252927327,1.84056071044015,0.248600896624841,0.980918273911814,0.885939833478142,0.21087717390271,0.530791932020611,1.68737136949066,0.276444215605899,1.42096433770388,0.146875380663109,0.229424350370652,2.33081799308876,0.0292194784272537,0.971698919042164,0.0654019051625448,0.424190484064483,0.19870268714996,0.648183476343569
5.5,0.036005491946784,0.344152464467947,0.31254612417283,0.23246836883314,0.227248594939461,0.09300501240682,0.548829261208607,0.0254111562466442,0.524187073135242,0.01443834917549,0.0862591196443497,0.618870463651587,0.64909539156881,0.250473258806179,0.528543642386977,0.100075516843936,0.0242493974411011,0.311486411980428,0.895474045876802,0.0839182379404011,0.798269537925039,0.376595835011278,0.228602197949686,0.15337283779867,0.211246494575843,0.201129785041777,0.713357763029819,0.154446037219095,0.423880587143048,0.279695111394941,0.797039507553057,0.365808288107427,0.284715463960008,0.292977043598702,0.400263084296767,0.252844866091563,0.0933797107916679,0.037021056893621,0.0112237696848485,0.111928927917878,0.263307045292005,0.181044126805727,0.191392444348045,0.0272301649210603,0.547005242493424,0.0443012162031402,0.10721464535329,0.215592045207361,0.32306007536001,0.233472142165735,0.742058170757788,0.0790329295461247,0.0917958332745309,0.33608213764973,0.43078064572192,0.387767305484284,0.386069842680989,0.475241935902165,0.672496711752866,0.00560089490991595,0.609216998158731,0.0827218569799511,0.150704011278034,0.0318327320114578,0.625423933644832
5.75,0.11065874367506,0.219951974816454,0.023682964432877,0.479302190916342,0.0755601254845523,0.217350071922542,0.219812380780322,0.0837842896693076,0.258411935952793,0.39476737435688,0.225597297523702,0.162184754365406,0.440323557937434,0.483641292290527,0.202556521351356,0.614019654351439,0.264897887483388,0.569631966393985,0.150209263612781,0.027106255613075,0.11241886531249,0.425990926854782,0.189205107330923,0.00771064926498674,0.109676171670792,0.155063444547635,0.357687078603765,0.505610268038348,0.499715050269229,0.173923898682131,0.372821374881116,0.578367943305301,0.215506920008194,0.524525526797024,0.07939221750644,0.0912288584046486,0.123497030115239,0.0494984876849771,0.120999355827686,0.284190291435646,0.00538361813643327,0.325822188492268,0.312747749035392,0.150665403970412,0.13881176197049,0.218234658237878,0.0669023446452589,0.219535887082752,0.215628610993423,0.401234567851997,0.170031820318521,0.408253602314479,0.162952525599394,0.110393789441407,0.265531073331253,0.269491751948718,0.318304182846638,0.591525018894031,0.228405609766164,0.295540291342143,0.47639763884285,0.388098429176493,0.0773561331988049,0.221368940632486,0.364222682019734
6,0.256664305221941,0.00745938195738272,0.617495979037576,0.19522479947067,0.0353823549415151,0.0147664802084078,0.0328014565815096,0.459993673706186,0.0228877806005955,0.132435814887288,0.526904060297159,0.00429665892128423,0.258492325381545,0.311294371000649,0.000160001868613822,0.495560509208541,0.356993034813913,0.486348062703063,0.0936785358307467,0.18333122051699,0.483935801663359,0.466307622626922,0.012906695262995,0.0981463990227016,0.242329301125576,0.0418711744960319,0.0141654905078244,0.355625245693362,0.509007989559761,0.238498189513561,0.131590330553944,0.49762373413307,0.557627032449644,0.265071253000896,0.0820837765430916,0.0428931350284047,0.0822431266888766,0.402813875802232,0.462341305151105,0.0532554368115226,0.321835671473416,0.136711447204064,0.00150438740762901,0.187169121430718,0.377680817450066,0.213712888405425,0.43558096207379,0.0859118866404442,0.0513558754230577,0.125442140891008,0.0225370677512924,0.425572087357754,0.460512950718029,0.00312828427987764,0.278253263370206,0.0885452551759907,0.265495282753054,0.132562992434329,0.0560674028189106,0.0289517958998069,0.0573027356715809,0.128012249523167,0.0693307351533791,0.295950830073829,0.654581897043624
6.25,0.0502665375555547,0.0738237723997178,0.447044954480039,0.104906158748752,0.298349891650362,0.212443218304405,0.0329074712337061,0.23778811264884,0.0523007154411893,0.139719508193613,0.0955425397553317,0.126889159010242,0.113579917025929,0.476128458606906,0.231546618994979,0.0874908990194478,0.29951085934421,0.71415645226586,0.921279868448672,0.234267681276465,0.946629461494089,0.226003720690987,0.109530310189614,0.0337169580095109,0.236815156840547,0.168965396738062,0.0347227640555344,0.375349555543776,0.0382020822794511,0.398770567618888,0.142523022167922,0.515648526826872,0.614932505240166,0.289071045590316,0.790045396131327,0.0296878242216176,0.0197713146999637,0.216540102377955,0.26597627877891,0.142251181880314,0.451875474516318,0.0211227223995584,0.0307521080620183,0.219805723559406,0.0547521306962519,0.432450821837795,0.226011296832085,0.011780936884019,0.0759958579766399,0.350839553923478,0.137428738972997,0.219635682341585,0.0192417563270852,0.0719793409636438,0.0965468350290184,0.252089605224877,0.0808490604388217,0.178978381656863,0.213533534529515,0.0167147057603082,0.296276565720917,0.0709304431122978,0.0533799176971959,0.164980843223909,1.00182731031568
6.5,0.571967370035374,0.487785024491447,0.0380283274186732,0.0163844047027659,0.0187813529302007,0.248393004464426,0.0837723272656064,0.49836872297324,0.0454567155735496,0.0658777721698059,0.210987876112765,0.273438983855871,0.0687621676106167,0.0244002492622678,0.0134792583934042,0.204154371173576,0.0268735321811311,0.0719999275937112,0.142350295070921,0.277455516556974,0.020843382984712,0.196353931005892,0.0726446830923089,0.320821582208377,0.1320290921795,0.0227814388348415,0.042221268405082,0.372672759906309,0.824751879046488,0.610769658329534,0.125784067056636,0.126258196165671,0.00120363077329139,0.110658230775859,0.0210863836185816,0.214434139893157,0.154328443120269,0.432471925352763,0.278539864452338,0.0852242467572954,0.0559597934692375,0.0337997608858518,0.0655577571770213,0.474178504507275,0.0864066209199682,0.395493999501254,0.126662824379662,0.241980053632326,0.124740392402705,0.0895735119345318,0.0368390879222911,0.590104072524968,0.3047140784873,0.412958239206369,0.37467851934579,0.102917761996221,0.33493018560543,0.153685562679429,0.0852517256608211,0.148300336968809,0.411274679082078,0.0962202432414223,0.201794465101865,0.15081391793487,0.124225567129977
6.75,0.0952324625248829,0.215303516036061,0.25378457742268,0.232334990995566,0.0653284834370091,0.041496444880584,0.0283345807554412,0.078680177739466,0.0859698720826033,0.209493724788896,0.135033048829871,0.230581505787974,0.0252139992336711,0.0626402230239679,0.123632744591238,0.0219312239883942,0.0137873858743633,0.0154517268250453,0.0218401664443926,0.112715028234163,0.0278981341591794,0.0630716065967055,0.00216815228426348,0.00456781442459534,0.107063108807322,0.259466761790849,0.0431646543828155,0.0354670426225433,0.0175733713244619,0.0921356761163555,0.025259809711245,0.0271225146746912,0.0496866270238628,0.0904899798062623,0.0129254732463306,0.0237728095880404,0.0617149804155938,0.0402171485940427,0.00491861245926234,0.12340895469223,0.0658892087471966,0.193065052415997,0.06082328116491,0.0152820956784543,0.156942636245412,0.511237892356085,0.288726650970503,0.345671912442835,0.0374914222279283,0.0706636131820618,0.0880937617303539,0.0618616244028711,0.0715215373296791,0.188200168290287,0.0543885523297205,0.181100117596004,0.0113136072512832,0.0503870095055425,0.147005224475598,0.0512209922410919,0.0313351131931646,0.0572914262444445,0.00379557318617919,0.257405269021576,0.0399234300921472
7,0.15413557437688,0.0868295457565708,0.16518385755082,0.0455558390574058,0.0369014452669921,0.0733560854074577,0.0778476614640454,0.0141447287605931,0.0297706819245411,0.312478825129246,0.12499070098403,0.146828461619339,0.486546268517661,0.163124345313012,0.0529896940157924,0.239303774793422,0.236596341836886,0.163682040811397,0.0208530466858535,0.0782389930382439,0.0521553471485786,0.0124127533436478,0.02970869970635,0.0152257721736943,0.0440299738750241,0.146098549243492,0.0151567901843897,0.0922125759736358,0.608650446134398,0.0383579876848119,0.0955116082373525,0.117456601575898,0.277373594765939,0.0390127251372717,0.017877030713575,0.00673881635956483,0.0600529872407229,0.0411065434589947,0.247343752234492,0.0159733401188917,0.0522121516239625,0.0526517468760869,0.019591911839186,0.0140730675730789,0.138138666852814,0.120159313519499,0.0067775304065711,0.123309666699382,0.011736014141091,0.140530996706053,0.075219057650809,0.0660444158362272,0.235818685162993,0.0548598679331062,0.184976161499871,0.104388161188865,0.191809437664815,0.0862774573207897,0.104390306700914,0.718534705397948,0.00738960925907969,0.149426052015796,0.0284026537712253,0.141902747134398,0.0280176833131649
7.25,0.0405321081389949,0.266763609689863,0.306191087880588,1.00414472719955,0.16342628686856,0.815416658719615,0.299935062686913,0.0290186691513638,1.16890969897368,0.53652358773642,0.466644173372879,0.169259904772595,0.84652189372692,0.0289300878554308,1.34031977891517,0.542426487665319,0.539701813633923,1.71951774642293,1.45406973028043,0.0361773384096582,1.58246892434742,2.28841092252711,0.14253301199057,0.367855045945721,0.30512839638973,0.0482362250117753,0.528186216140993,0.090115434524766,0.919712609708019,0.442709865202541,0.660092180259718,0.0984460293966745,1.4556024487009,1.69017453802531,0.808310768324327,1.12597176544916,0.131226645709776,0.0529400888116387,0.286836304009801,0.442564949588715,0.308000028054417,0.938435721754338,0.176081319031047,0.23961566301995,0.807647148667072,0.115440974087514,0.0997276322612184,0.0710583186952519,0.479848272590705,0.143396872342533,0.75775807387445,0.032755214011219,0.276250429029026,0.203287498295526,0.694568827119822,0.0914151817258502,1.19205838510281,0.323111709829716,1.84006864338211,0.635428430288872,1.96240498210445,0.708694820168368,0.18791695500051,0.349751663178808,2.70646833535693
7.5,0.160956346682785,0.170393092397526,0.0683440907564251,0.0322434126133272,0.281812871277093,0.21702002532864,0.0456043597993108,0.193513152359447,0.23450490067498,0.708473120852517,0.393235770594649,0.0622582181669168,0.334021069472583,0.0514142835283857,0.189666838294133,0.0802985133306339,0.0522817249791649,0.0185798364169776,0.286300415753553,0.294259566123964,0.242529039161473,0.100010771198187,0.124755700816701,0.515154238945609,0.533341920094058,0.111222784233364,0.214143859496222,0.109146498516397,0.710235531919023,0.0607740139986576,0.264530058309038,0.0355817474467633,0.0110022673861737,0.0154159057625737,0.184418742901438,0.335882927370952,0.216642410252155,0.296935860838494,0.0864639879502101,0.0659433578537216,0.20445997898862,0.0869575120259586,0.111002888249229,0.340513152052628,0.0445524433637631,0.779697298872186,0.248282450908102,0.0444698322385469,0.66752268542714,0.089514915625442,0.0176650345743283,0.0107926245014752,0.181988887511067,0.0632324546083216,0.690504425872737,0.0403148263097731,0.426330680068215,0.226530892551143,0.206761983509555,0.820214762996181,0.433102705735662,0.248500660417509,0.394258196627811,0.0732201264277756,0.0983099081314897
7.75,0.0100824938135311,0.0476144496449702,0.286014489950943,0.352491170442592,0.296850453160162,0.0285167250369494,0.151060139470193,0.582723565684328,0.106622157236822,0.839375984301175,0.346235103363211,0.130977007685267,0.315404040830943,0.510194447519333,0.0530391169270213,0.822341029205278,0.23398848341595,0.637358650271891,0.353108510460607,0.0586800135304768,0.44803166774194,0.532746287451235,0.202442809169554,0.0371741313934226,0.260628613793057,0.0378821300317815,0.230076773624952,0.436760319378173,0.017087582960484,0.834129545381018,0.0578873312075036,0.891679828394983,0.267623248666461,0.547610961969269,0.402489598084913,0.166968529398992,0.124575851412288,0.192555353213577,0.0408614370975933,0.0862685825228202,0.257558598652258,0.124126678640496,0.312402475662341,0.237045871936791,0.0454908837512493,1.19155002429568,0.323748254276116,0.115195682608084,0.243526574841063,0.231964218779352,0.0736976054897825,1.06011671163348,0.21252830004053,0.102970222060488,0.0949080972961144,0.239138143516377,0.0549012270433065,0.614226296369698,0.0634169526720415,0.896802807414392,0.241994278558739,0.674728247658917,0.126697565684688,0.0281603789331829,0.538233505033565
8,0.225578556081015,0.360061353725053,0.184511361752528,0.424377521699937,0.0482547508435576,0.0984867103878928,0.376834472063306,0.217285894850708,0.0105364630172987,0.0905365308378234,1.31771344696252,0.398671919074177,0.211266362071419,0.213189686116883,0.520454036783193,0.218316460902308,0.176406347885754,0.117292705125761,0.257716120167542,0.461240764528185,0.000572674927373083,0.107177872576952,0.304678246707562,0.20784707654763,0.683336514956888,0.199781123024566,0.156011063611612,0.151162186609372,0.916740823330997,0.423754837633042,0.249936069144809,0.212837190546119,0.00196123015897726,0.396820198632997,0.102737494772381,0.0846113771809893,0.582387128843168,0.250121579204972,0.157135038456487,0.436965639005331,0.201984037929511,0.18774677050933,0.142144999657372,0.0936581189283318,0.294145726025639,0.184997180654154,0.805528915934652,0.432348264986992,0.22696505553173,0.177795721031909,0.428804857843224,0.15385974731653,0.693389761414854,0.429142986121842,0.712754690941482,0.254674651921869,0.266485752787362,0.170632154181611,0.257862791849602,0.0891931417045069,0.175186563443507,0.130482574188672,0.594945458944366,0.300153381612896,0.0655847413442113
8.25,0.126993888441557,0.0329573275510227,0.0664275575095944,0.178551980798681,0.0645231336736467,0.0020288243255075,0.0226728712411579,0.254547624478026,0.000599514057472737,0.515533482811742,0.24701195012271,0.113303110231872,0.146749075853745,0.0625846285303873,0.00716452918880535,0.0601035124657554,0.0942456049515245,0.0248764595710792,0.000233946742743882,0.190950150725485,0.0645507443883601,0.0752370416749363,0.0360221661563051,0.132232010683319,0.11747367244669,0.012625501519172,0.0212179470649217,0.048852125838875,0.224653445791039,0.0550945376469403,0.250769692291197,0.0447221738724548,0.00177506435500691,0.201085767047856,0.0606939755307691,0.032931261066097,0.0369546920781723,0.237862639790157,0.0118415193676484,0.161171666871746,0.156793082384859,0.0357272488145798,0.00348841787249265,0.047057448682466,0.00459993707111595,0.404244598734755,0.177666753258972,0.104625847149581,0.0156249209126001,0.0390098690040485,0.0129214336776465,0.185207065925287,0.256990875155791,0.0482615416436471,0.251225634477153,0.0305220596783937,0.0859482777769789,0.116791562153823,0.0574015561158583,0.593010931562911,0.287758643446053,0.12896300626055,0.0595453032902914,0.20874827834899,0.0186746781576469
8.5,0.104100229314817,0.0218739581651065,0.36527827642292,0.119412448165818,0.384365709338084,0.104693611934454,0.123228684163146,0.526058890480729,0.273328766459413,1.53838421081542,0.157793159116396,0.00250683873404269,0.00868384680841334,0.119338323490528,4.56878616273693e-05,0.541456085929235,0.0433013057012208,0.186571180785678,0.713473193246509,0.0197970540932933,0.481922397319321,0.308298647859183,0.4948767613724,0.040925002571697,0.209261542030795,0.0336887020918671,0.231334736198821,0.198801365463452,0.191714066858475,0.253268206279917,0.0788543767610865,0.490831309079146,0.273034113998655,0.117103690286164,0.618764461065545,0.207283930664446,0.170087033844724,0.108906948194417,0.418542315366038,0.0103242977260722,0.438717921478462,0.142491241589087,0.353448823047158,0.0916227172687385,0.0212730421409467,2.55611002819768,0.288592231398734,0.0276911849439115,0.319703298919068,0.113709542794388,0.0449476066909172,0.775288346034157,0.0445046801258556,0.022709479428363,0.0360700678698306,0.0602709183628124,0.15248615554878,0.366884319254872,0.0604058932191794,1.14209193701522,0.182818074554393,0.575648170540501,0.211537690077296,0.609265155274242,0.541971314262438
8.75,0.0867038454040218,0.190413657985153,0.435008139211438,0.208643847130057,0.205896231059796,0.0491932510417982,0.873361391609748,0.792167769965896,0.525722261902311,1.71479950536986,0.258760547282427,0.232351386575946,0.350508260239913,0.127043359027634,0.224957913684054,0.642535842221037,0.160169243697594,0.204270133464587,0.0507984130395529,0.518174564032729,0.213331305271275,0.0776162007250197,0.421867381317536,0.215022601526001,0.457916020690308,0.145864791211516,0.337234110133233,0.00245144139201746,0.255147986888375,0.145567129475256,0.201373109723358,0.0963840715233053,0.294757377395759,0.197986958178088,0.095590347905655,0.0349852145444315,0.603890877672354,0.640548921794989,0.259489971157624,0.172576084311952,0.475845572293532,0.141693871583758,0.386182430934054,0.0818503179093551,0.93591419475252,2.57997095452521,0.507173424739196,0.216484525274104,0.24443810249481,0.140674155638093,0.563011427102067,0.7141468149124,0.275707366651189,0.185814620051795,0.364873531786477,0.145183971461878,0.0494547603056641,0.159477937024801,0.498270975344927,1.61057488888313,0.0286367050616329,0.378436873096792,0.300254222865565,1.1405203846826,0.123631059949565
9,0.176715352560898,0.0227510200325089,0.458822078796419,0.144926273269898,0.196171343282328,0.293127094157911,0.0607156063070741,1.36034575440881,0.185055895131695,1.57244660515629,0.664433824595451,0.0224957027492739,0.185428693108088,0.464728201095049,0.690812094094033,1.49858935331861,0.141653287820238,0.206155984608719,0.695625687599269,0.392590140388434,0.395088659484837,0.358918865429357,0.350466625322694,0.614149388687163,0.452549641811664,0.128939193387533,0.137318883926568,0.78763408383849,0.455203390885444,0.406736938863406,0.29902988326683,0.590283392273224,0.313235900854701,0.211666912788512,0.55202978573481,0.581623271200616,0.175034435692413,0.796330760101843,0.13449005358386,0.0751925600871556,0.261704565163987,0.11926228631866,0.112761863037835,0.611419998297382,0.0128475704141375,2.50616723108351,0.665860569456936,0.00137626865493672,0.190206042884332,0.393870375212907,0.200883232481353,1.98802425905651,0.655386749646261,0.0141011794515068,0.544054321119771,0.245099890305115,0.755994983217385,0.337205820668997,1.24806129792724,2.23396648800588,1.34006468015805,0.539680643077179,0.620629922522319,0.392641629880876,0.423273837892315
9.25,0.407196534494516,0.380519800789563,0.894482315419212,0.92320968397786,1.30012806587298,0.241996173797088,0.33349479726242,3.77478610689936,0.57267567102592,4.14586016693028,0.635505008114451,0.127564686150228,0.665428748234299,0.315613763602501,0.0191623615055292,3.42240356684836,0.998708881589378,1.11188530620193,0.217800878914861,0.574859363097307,0.947392139316227,0.371133941206123,0.726539335867874,0.649017234884308,0.653154482173631,0.00661994791695106,0.660521094297986,1.34902128973377,0.238599235571966,0.155197092910644,0.0368583585459438,0.589177823856895,0.946407088867278,1.11187931300049,0.612853107580323,0.0157656698644058,0.593875406066442,1.86438416085688,1.00713444148081,0.7910780065698,0.899546550117841,0.191291184862424,1.13620958833544,1.43600649644766,0.0928445900171491,6.89600459893721,0.803264964950306,0.349310153549566,0.8022680239291,0.200289816311488,0.0765088682405841,5.31830715567556,0.642083552021639,0.216556344081147,0.411190023207953,0.0217208220533944,0.14363659259844,1.23472271120067,0.23124202146912,5.54611431773787,0.817802028238299,1.83624142766742,0.329825894189003,1.15849782895276,0.728443675026224
9.5,0.0257565188658552,0.397430900263708,0.154447514921047,0.350610221096856,0.050592834561458,0.548266985225952,0.690569480101812,0.381116540800608,1.40872370441006,2.78813426729371,0.018816131995568,0.529651389955247,0.119960271701291,0.517375244625859,0.781403959451351,0.237453997900672,0.0449658838194125,0.101882822548431,0.072766560739632,0.177310937986512,0.143187117750024,0.219515113225533,0.122190459599315,0.178672502793866,0.0151381047125579,0.604044803470465,0.268102771398776,0.198849911923014,0.0475531599145038,0.525460512528204,0.251891169276502,0.114061614785,0.13900816603561,0.183600103303324,0.0588487686591977,0.218226563610091,0.317183616646256,0.10823137808957,0.0139132457750266,0.231637604292191,0.149886273971273,0.527623524416367,0.198313938080103,0.267810932053125,0.907875958504722,2.40065933831142,0.066049913798746,0.584533523679168,0.0181954761920941,0.405085863340998,1.01345369240212,0.66595205303366,0.00688319757168991,0.493311480509985,0.0230452519440874,0.499844859717687,0.0722810360872958,0.574699567745872,2.30245509718593,1.93697115219076,0.14660442117306,0.052255816253064,0.0528782184479428,0.567035280692902,0.166170358510303
9.75,0.0301727250685318,0.0628250085939147,0.0423676258067466,0.0394160777816901,0.444776658903346,0.426882213342355,0.506696297067498,1.11164394117434,0.60560480219352,0.122701968911587,0.290339264339035,0.206451875200755,0.435891354197031,0.297832361989969,0.687819106331172,0.661266998753685,0.00419020160685818,0.0523558764147776,0.329734572200159,0.738202313769226,0.0552348454641161,0.164496309773997,0.397346896094535,0.77320673119915,0.373676227262242,0.174630577974532,0.707642575360597,0.522913156885492,0.406061790894558,0.399641465073836,1.13020543120226,0.472789860558139,0.0115923481081549,0.0224402146093912,0.209562668348821,0.395921509670651,0.364376130336099,0.822564609928248,0.0280328284179539,0.0115358805357002,0.12321810590529,0.184694310251424,0.377431420942183,0.679342686481263,0.613083949484433,1.28027077517048,0.153078516003469,0.112518500099046,0.864439198397399,0.284279018582839,0.737932533780902,1.48281825264579,0.18759501753749,0.0963029310522287,0.474469339793065,0.1831499466926,0.752725109743621,0.928729412433966,1.09067644847687,0.505277555137977,0.168274569777203,0.254836825904767,0.508669032958085,0.21939420660073,0.204213684386202
10,0.451423255504975,0.474485459308203,0.967004477571157,0.795542145359282,0.427279001379596,0.339574646091156,1.01204700648727,0.492372297440183,2.84696623466866,1.02792287305942,0.0713540763958704,0.337550978048664,0.467295335058318,0.342642211382914,2.67561177417169,0.76586125809024,1.02486639478572,1.20255911675374,1.56990112257944,1.22887021749934,1.22985135532256,1.06053456084269,0.753825978960958,0.695483538118993,0.012324693152386,0.198264851817216,1.40058568973302,0.0355436390228061,0.49661681600947,0.53213525104121,2.64846797791532,0.21568842451585,1.35072864396745,1.15192954300464,0.999745420359895,0.968325957138787,0.960837578971147,0.77525664076693,0.832148148073603,0.716607191591517,0.5118113653837,0.515464613070971,0.674697573039949,0.112434736166788,1.86989533334217,1.33612501295747,0.395846880469333,0.223477615313164,0.520288834037628,0.0738955796009336,2.03521205186541,0.637320209344491,0.382183805765583,0.405761594251634,0.0186028394291863,0.234245125259786,1.63541590828631,1.46462554747919,3.85533432649869,0.86808997775659,0.993188371911882,0.921294344553399,0.840589263420801,1.55961668520364,1.46894062707649
10.25,0.499619783862001,0.0454211775169607,1.05039709916389,0.308778347478277,0.260881543087665,1.61267872215328,0.256529191707125,4.90698615417866,4.56121804862903,1.54047052466611,0.992373985092413,0.313257686308313,1.47058515451392,1.3607843344908,5.33344185482265,2.23603870804153,0.397455650793759,0.80054498463948,0.271772331838443,2.69436029319467,0.652788169933011,0.242963857609446,0.329992599756386,2.36507131302457,0.79741727138375,0.861722617869838,0.784658224238982,2.8052681617615,0.906366583879489,0.323296402986675,2.29810933467128,0.677938837138018,1.03188771228465,0.391884828111761,0.195939668815337,0.633645779405152,0.517069623225231,4.56334827996739,0.386861217696373,0.151123466253862,0.55184160312698,0.577927856584013,0.0748062239674261,3.93796413697338,1.48294035508148,2.53427654531698,0.896386340713049,0.285197218776598,0.913142313413202,1.33041672826412,1.96471582645954,3.26039212491309,0.491197498390815,0.0915620689689439,0.667540069216315,0.583382229117686,2.49201524580868,0.227964139304772,7.65524512370994,1.55284188512232,6.00324081643888,0.105028732524676,1.01285498740978,2.75529332497566,0.603371906682524
10.5,0.385937987671503,0.395058908649215,0.358102890591128,1.10400737960361,0.242254021818381,0.437662066027412,0.762513043431041,0.527650805282047,2.79500328295972,2.54035827184002,0.421522611747411,0.518743198783908,1.0598681848246,0.362123725131196,2.81797401154982,0.205147527103379,0.602501143581298,1.26041783488551,1.20806832900088,0.615002932288034,1.45285669603254,1.33438132135994,0.303096729525915,0.739380696869133,0.20616564889159,0.613018818270494,0.693074549134086,0.528811629416179,0.312193921886707,0.250163049293315,1.57602415736591,0.364454440947784,0.91789578162824,1.35057815615898,0.976590158758157,0.903812302517892,0.360784332899992,0.681282641041767,0.13501559362934,0.776821527822646,0.40208495446743,0.687646680119505,0.0704987997030546,0.688224810973608,1.53648193836335,2.41683516736322,0.273986151514745,0.860125811404285,0.193038173756867,0.570134496519357,1.69527488130593,0.242240266886739,0.400249613230327,0.521725996526864,0.34999647273817,0.653017866048078,1.0809668407897,0.0955429169651353,5.20940624020645,1.76074097273534,1.56290117421568,0.498119337123871,0.626161116041595,1.19935160831707,2.0888692086803
10.75,0.334468079062246,0.139514289457944,0.363805525813407,0.160373609470618,0.583723668038078,0.337457934615879,0.471433159125805,0.796983330972482,0.123327530790327,0.787881546579781,0.184092376896154,0.0623688687669774,0.0424946892263382,0.149747174896747,1.3676733331211,0.703746048254249,0.420008858649752,0.819645594501784,0.0319086508509386,1.62924019564999,0.579190235037483,0.149690153775786,0.0816947444164616,0.595137363760716,0.311531373156723,0.0119369367803748,0.760054244588183,0.420481541858778,0.343397614386839,0.0204556244352062,1.34504151091102,0.496752781092873,0.698488528914631,0.448814913678481,0.050583456541922,0.136257563499374,0.620629870966348,1.07870622685563,0.161827544170797,0.210528164054123,0.490053270218354,0.017637848117919,0.133666891692154,0.70918832427255,0.959956482838677,0.375851737191477,0.157303908858212,0.0217822122346781,0.822836402284297,0.176336936465162,0.876459103737804,0.419986679599634,0.155404419030639,0.0442872197331507,0.314449810077255,0.0126904054437364,0.248661621199945,0.195600018530048,1.74582723175601,1.03231142406049,0.00554133332608204,0.441752535644399,0.606141614682546,1.45664898754069,0.666704376143285
11,0.170303590809885,0.00295120881902058,0.101499112247591,0.0791855275244204,0.0600331746496164,0.131588298898951,0.306159163143098,0.89584059377672,0.101398386419068,2.04890390123373,0.205440032446149,0.0464160748622174,0.575175085671477,0.190294607931284,0.737914673894751,0.840002829306294,0.0738370403087879,0.0867224010216648,0.0341301648793569,0.0026618674235221,0.0897360477382401,0.0956018308047018,0.0866570961471437,0.00756551620311841,0.107948008005861,0.124905024459856,0.135367632666753,0.340385699528924,0.408630520885003,0.10481052517747,0.370841939759753,0.203471538622532,0.110094095122222,0.11426246102076,0.0609095705510557,0.0315776601454676,0.111118449743241,0.158766648410472,0.222759828388326,0.03716033431997,0.0511311171238222,0.0888348409066502,0.12997777977061,0.167994720246082,0.461830616513376,3.03250076170068,0.184860186248407,0.0529732132652339,0.00260657728364444,0.160880895683255,0.422749991616912,1.95757631758254,0.328209489828853,0.00691928313954729,0.21268739581574,0.174890525659724,0.431872911842281,0.0149765398007685,0.509968910304342,2.17705117690751,0.47475960418538,0.109345974540997,0.0255129303407784,0.0715787522560944,0.0691459804367331
11.25,0.471791604085783,0.518093546527761,0.0426844083045916,0.557371530026781,2.19659200092933,0.319661708022331,3.37838201563499,1.42009695558525,2.90910301728622,2.18145805209525,0.0383272587701465,0.612357448589859,0.0284445015537062,1.42155604376571,2.98120825096266,1.15443557840096,0.420731963616265,0.839889984535025,0.239807374705561,1.00662118274076,0.351627858203676,0.552979589899009,0.805347416023863,0.208715243741517,0.1935042806144,0.376178574360833,1.80267215901203,1.14879734981996,0.278826954132616,1.62249067305524,0.668919811427666,2.06220041124792,0.389776839786229,0.806109218890119,0.556052828557115,0.106783424712743,1.33798648917139,0.810283379761329,0.343252511808985,0.504496161894264,0.442897008349839,0.308783045869998,2.57161063760509,0.581694832101282,4.46837412931394,3.55089241628488,0.0143414960286483,0.466606932466883,0.967793279436709,0.759499507315416,4.4820551703304,1.54829173691025,0.19049419742289,0.45376236359266,0.0832259030373442,0.522319219429757,0.0253186214227271,3.5386256931578,8.4664009116125,2.24235799946739,0.13379671281423,2.02188245121709,0.0987821635391481,1.85359796096476,0.784115716552831
11.5,0.748511415600674,0.744174818950248,1.10367276874859,1.76949997974558,1.63908661779596,0.345266813811448,2.67102857546858,1.03196992638366,6.71128168658802,3.27531797402002,0.492797502974112,0.60924004768534,2.8262135868268,0.210570866235464,5.4749126673761,0.533688962117058,1.8048523735894,3.22719275980135,1.79596158924345,0.261460116604293,2.36647612586131,3.07643596991555,0.232161229601139,0.00594778414431095,0.606208124983928,0.597204081868021,3.42798463575865,0.0749846004532619,0.550611215167591,0.236192729841502,2.7664123876359,0.274201968219892,2.43548761797,2.84739311600366,0.720548702330962,1.16306650657249,0.635219051203318,0.49527731642432,0.684797566961091,1.39926476834289,0.769392610016263,1.21574140468067,2.22565412044421,0.0747009287977814,5.16564575646145,3.77562531710936,0.480502051139985,0.70232551169029,2.26605231430173,0.240725276329829,4.60734349338303,1.31501917034065,0.48803539099106,0.561024943688691,0.57313992058265,0.547839728600088,1.03673505436171,0.157682127433115,9.68825524591835,2.21287494471514,0.437389444739013,0.118629964201802,0.1624960122779,2.74007582843607,4.40633387059042
11.75,0.218064652335485,0.117014997957582,0.0849935414653374,0.296098640025648,0.2647439561438,2.66471261965234,0.0452429040411412,0.889703039924173,2.75653167320503,1.2765891540566,0.608330175504014,0.333234275471674,1.14411909490757,0.127698079541818,2.44956940352704,0.0291737939842079,0.00193876313302096,0.00886690173790932,0.306147181357112,1.02706520456403,0.0272808943543651,0.766823947581586,0.121773455419287,1.49668218251621,0.332719614089336,0.411348809175857,0.607197421799472,0.33464336308084,0.725350584072315,0.190958135671039,1.20633467022124,0.114675962687321,0.00221984711496106,0.132555412133567,0.0189926196957586,1.5133279557396,0.277334960467936,1.19841577123433,0.029998962811949,0.0751999686518196,0.160128120876194,0.797610700831412,0.167080390999711,1.60221976731786,0.327276879084634,1.49725877731927,0.307718377021606,0.453268472736127,0.430651205335981,0.448713455664419,1.12192945976788,0.392918626721197,0.455278585872054,0.162470659208343,0.906605064825502,0.261104124128068,1.42595007343427,0.148819942375175,3.69204369383488,0.997244835792789,2.33810857017562,0.244246822572774,0.562824706879061,0.446026728588195,0.0987020138959867
12,1.12685935180198,0.417788091665709,1.85296417752956,0.204786910340221,6.44752766698556,0.697788937027711,1.39199401642177,1.98513161371003,0.624807824820724,2.23932082351364,0.632447245851097,0.0521525562408717,0.133224549153017,0.0740920170469672,2.30635514616195,1.70843212192302,1.50629699422355,2.14436561222743,1.51266269857747,0.14366039097932,2.07182169335256,0.73782122316141,0.394138079952905,0.803147018384385,0.27310874036477,0.0194788404248549,3.97299467432234,0.380224603999412,0.0189110953254412,0.110049841512692,2.16961345935399,0.326737964866337,2.58107623199819,0.938133414093332,1.00531791390886,0.357977155173261,0.201373637518341,1.29446171457913,1.56460317406943,0.560974933739122,1.22499891602446,0.0176365297301483,4.23160848925779,1.06320635265765,0.597475303169593,2.898997949475,1.11455311147116,0.0218227289744047,2.1393648654256,0.0898399845236598,2.44257141019954,1.63923554248762,1.05937464773133,0.188162305180114,0.153185650023054,0.2300440805886,0.753863409647905,0.793397858847806,2.38575972631577,2.70642942009071,0.671002566900785,1.07128438302274,0.167825869497856,0.577574518861097,2.83183911504176
12.25,1.01650318763344,0.566424646175455,1.05181076755263,0.687497115131967,4.04448888832601,0.243499970672206,1.43128154164711,0.552549749192563,0.215361021713752,0.0172582640934786,0.610232682422292,0.104409049727728,0.929569677601746,0.400914374360702,1.85675504294978,0.616778487863904,1.28872019814485,1.43487817180914,1.59917149553937,2.34663882434924,1.07851168961205,1.46876836590819,0.32644682367528,1.20178595024348,0.744111019687928,0.0201240999293646,2.54278469348936,0.111326706917499,0.325124655345882,0.174418536773757,1.64155158775487,0.96502988555698,1.54373007179907,1.00289391106251,0.289736154127309,1.17850011798445,1.28761176501461,1.32689883935093,0.987676784865816,0.732365754945949,1.26711997047486,0.464278437867727,2.57352745957483,0.408597116908998,1.00351090374325,0.184824865421681,0.736538404413826,0.298344265582789,1.22573490399724,0.0922767219159892,1.89348258551376,0.600797376167985,0.857598550832512,0.323579582416858,0.686727440779795,0.128378340298234,0.870231085479398,0.659873725662931,1.48476725908127,0.0508965734905512,0.999371836719292,0.169534193292788,0.954127638886686,2.09301675013604,1.99330577550867
12.5,0.204603288682549,0.148796949777164,0.338688129805548,0.171822184796012,1.25629160841997,0.53713498750577,0.138468533892654,0.329109947799263,0.959690595338616,0.281068481309681,0.398602943284349,0.271051811451454,1.68278379217367,0.357518948677506,0.750666817985203,1.02049668211911,0.112918142516412,0.0727853478185357,0.178519463297188,0.394338006078706,0.329027682479507,0.251073074868021,0.0704368572326916,0.289294471391863,0.955187868254216,0.62723531504188,0.479915813539101,0.57208878392208,1.18316217204591,0.0910538691058192,1.53972985440461,0.802091133491393,0.163080364782614,0.015631557079359,0.142441207516251,0.335562058618156,0.238592533915986,0.292755876027129,0.233142799122507,0.0849294385453075,1.11251003869693,0.416636782001569,0.201381594114788,0.397875783042244,0.870960497592432,0.144780233006476,0.425262665294436,0.450097564538701,1.50960775939092,0.371679330859326,0.214353464140115,0.463003302660838,0.248847370732768,0.226514877249468,0.878658569953559,0.308579453363919,0.878746822211219,1.24016411255805,1.37899628821934,0.54551680117671,2.06676410003579,0.345580492621872,0.221770072118836,0.294239186102251,0.227896048613139
12.75,0.0133956669612278,0.0303934306608398,0.138261897538165,0.111255796032037,1.32115013091439,0.0628874136015034,0.0511804671065172,0.392024062924117,0.99362502988191,0.433035726513311,0.473294183940335,0.232405373507447,2.19749299537172,0.645150143504492,1.5309355071074,0.190718738411524,0.0869233903033807,0.215932531433985,0.372728051653487,0.51335095972217,0.317962530716081,0.347131764998816,0.201532905652722,0.335557302658613,0.548063636790505,0.499176601645477,0.595287187518449,0.0870712651848393,2.04324936724721,0.522383417456509,3.20169782341888,0.230010156328181,0.2152904870035,0.188001816462129,0.494144393325979,0.275729410662648,0.254816498387638,0.448078965361445,0.0550498380199141,0.0196899423600088,0.573635144065495,0.100858455803742,0.454240713698657,0.0723778898131534,1.07538163555112,1.23743373033545,0.15461078622194,0.0519454539650611,1.15288622537459,0.455730626661575,0.187186709168265,0.497793853366365,0.117220641968047,0.0828653467255761,0.894438078917148,0.969949093642103,2.1208843900683,0.106763797357763,0.337058799027016,0.28927869351048,0.826041860242752,0.0381202314061839,0.355017826166871,1.2284225833602,0.438159104004897
13,0.0577889789476008,0.0648066468052895,0.063522878503158,0.148221676378149,0.161230137940741,0.49671802329459,0.5700332136217,0.0125387122738657,0.45774557697131,0.0586899490925545,0.182150648904708,0.277897751838983,0.0644312502956561,0.35396615517091,0.00627144419793533,0.116900478072819,0.099192332769844,0.212013914252362,0.0758379211973993,0.0903678235178735,0.103882717002383,0.227827204330881,0.241341756845916,0.0214073895158224,0.123010802672535,0.598894489578717,0.353627918591423,0.243594366975479,0.220377167953183,0.290347516887808,0.0749008788417536,0.455205019070782,0.136207738121528,0.170481942872076,0.0795469174973995,0.178171539647784,0.303280866919295,0.0345107937133857,0.0950678555364147,0.0592320827215062,0.0816734304770743,0.296658752125659,0.397645677643076,0.155597718587812,0.729368705385686,0.0147980834051385,0.155070014480299,0.249878756918052,0.100440780060921,0.484573477586678,0.371462760888612,0.00537870374110427,0.301531741569701,0.123012351839862,0.202051026188267,0.601552828880181,0.0551987218256262,0.638385973654614,0.528816089073299,0.0257768235105456,0.0194892061636924,0.156725173920681,0.0106639357115395,0.12552153946938,0.136383828229572
13.25,0.095703526623992,0.0722282466789216,0.870333499766411,0.0717002655838749,1.13918455709124,0.476448540625161,0.31649005453238,1.17710231488351,0.276215251812674,0.940480435135177,0.650812899928994,0.593356588280301,0.555015189499953,1.37084400396339,1.58603143206809,1.52224571578201,0.12028315045203,0.476388420679952,0.306823852721209,0.0585174644967434,1.03059869077816,0.229405196462326,0.318177784456094,0.154537562544539,1.16771488630625,1.10217716673356,1.02019728218257,1.35609894851964,0.781343152876629,0.745415919086733,1.45279110589107,1.15807658260755,0.737988555909845,0.142951123038491,0.6626938365995,0.0945522064867945,0.161524379018805,0.375929933316025,0.191924218670049,0.0019371990776576,1.12046537794083,0.299720167898656,0.442910307980277,0.782892721531664,0.574627311845243,2.07446119188513,0.736079537826475,0.423358222682217,1.57320123407583,1.19861784200305,0.434892145549323,2.40357191938009,0.115292713484734,0.228448857768294,0.802734333785259,1.36275466776269,1.30963836517351,1.40766724147094,0.375527081420141,2.00469459876288,0.309633875427894,0.73028762374161,0.0847645300994992,0.157692288114831,0.614175299656677
13.5,0.112534439323834,0.226078981943449,0.283742272312152,0.154746627213293,0.145481972534501,0.0126957206492326,0.13082351146692,0.0695865724318437,1.438377838902,0.22359596823495,0.0410627941073426,0.175406357131071,0.407189430796798,0.144890996138182,1.6037727409108,0.0304952038186685,0.278633879457384,0.310367282388051,0.206171861057048,0.0309915845843942,0.322719199185853,0.135671784774671,0.0697100480809904,0.0294656462855237,0.0774823598730056,0.374886062480066,0.113413399068826,0.0117639101838361,0.388508947588233,0.238329280692305,0.474288584805404,0.0626829240610158,0.365265180317992,0.289368183472673,0.169922054091571,0.0654726210668502,0.000872257792677642,0.0748796364729742,0.355306218611097,0.23005696028538,0.237551733254233,0.0642845884550085,0.0275078703576148,0.0145970978822526,0.511703239933324,0.782476700082997,0.162104844876575,0.0887445093167874,0.0503332947879838,0.0977591853883781,0.587541759258116,0.0729732703834784,0.0667270859716911,0.215478251547202,0.0381338619279806,0.388562761624997,0.516064609930454,0.368204735151941,2.08326984685393,0.101378472429994,3.15899374123443,0.000726989033578306,0.0416056904029652,0.34375662817875,0.252865243731618
13.75,0.0791085233921064,0.111493644944546,0.0109496200183904,0.0313542135867018,0.180805828117808,0.137128784708277,0.463060141384909,0.424682898548992,0.302809566259372,0.220477696526806,0.203668644901659,0.215536709630505,0.791973989784817,0.627857748476354,0.27386714024618,0.34583745257,0.026728900564436,0.00976981497391409,0.015330791190829,0.044931928815351,0.00201406195406021,0.0524635626108561,0.173460322990919,0.119298578883233,0.163121738329377,0.264702374591312,0.409457865649603,0.539702613456075,0.723888171773837,0.325035240379012,0.346050784500965,1.24221208375866,0.00118981738394787,0.025372980202331,0.0326811091053461,0.0384007871590751,0.182790187975198,0.268955406025632,0.102369066720962,0.0516363978830315,0.024365708866983,0.0796568490054971,0.424448179994241,0.243253057964669,0.464470637748548,1.2130456645245,0.0852583091867725,0.133243706501719,0.203008519151386,0.635024136487668,0.438434583778496,0.62616433078319,0.0646759091961767,0.108814489018143,0.456577101706534,0.640637247494767,0.459889089439058,0.0180510894117373,0.575305615010637,0.444893610820289,0.708723238978338,0.00149457035301964,0.0315109488264896,0.166506723565813,0.0170654502126764
14,0.247442691080317,0.0110141579652492,0.163262059268583,0.0044599337098559,0.156319485012771,0.0749233087688523,0.61495739729509,1.57146138144984,0.0688812461647103,1.62211525916793,0.657662844934836,0.00652358137935251,0.954397459353077,0.115451603970363,0.865449329088505,1.06431186339703,0.0991297333373655,0.0980260775216447,0.0108106024668711,0.185669896675189,0.146179397032911,0.0321361421915039,0.175563966088116,0.0832632314833835,0.185514657147934,0.159529226531263,0.733767865807135,0.468048245320808,0.597110119322639,0.0342536103583774,1.36214184321681,0.318262102925594,0.202244220937387,0.0272324425044321,0.0727860719487881,7.54860559754928e-05,0.277219203733527,0.652378548590155,0.00877682198532314,0.00914738090969695,0.0889086567859134,0.00131010284782576,0.487429981904006,0.366695312708157,0.279155690555688,4.53987587604888,0.210299650466506,0.00517917082696029,0.411686212913279,0.117862326288731,0.958821541463832,2.27185627352187,0.347296964564449,0.00589778847075761,0.377739323008759,0.0808473605707166,0.395286937822434,0.734895384585468,0.291746570749213,2.44977167797315,0.336889600929286,0.55853327612253,0.0462917805624445,0.872327616500996,0.103305397373918
14.25,0.00892026381935978,0.151247425735815,0.221989564402319,0.0373624347652527,0.573560152878886,0.181503114798207,0.54486746342607,0.0180894714118689,0.862436919254821,0.310561737628119,0.0461826194332884,0.21419069412632,0.0405952801243694,0.235244723100603,0.992988150780614,0.360464434275377,0.054277372019409,0.322502251037097,0.63020194896877,0.237783965539144,0.768063123460706,0.303358305882598,0.401941972445299,0.201123208852253,0.109650549908826,0.239245937429926,0.137349109620591,0.173029932726295,0.240506100848131,0.497779317885801,0.164053851442279,0.264239388847054,0.410087727679356,0.192192478076305,0.625165720427638,0.30595064924421,0.435439367453155,0.0875430720122702,0.0421206949209792,0.00667178178031612,0.541716556370252,0.0623624932829735,0.259126736827707,0.158025458582363,1.0782388026844,0.261986808786986,0.0573475303564839,0.10500565888755,0.196459533623246,0.1662240266345,0.564622617913641,0.195986344823526,0.0559651692796347,0.217136061657917,0.0252498007518224,0.184455748973908,0.40364967143895,0.467366029959769,2.18945163582074,0.480238550885453,2.4561080991397,0.552829709056593,0.35083170842487,0.192509844368592,0.591292979124399
14.5,0.313115291432803,0.290848501316339,0.900254476324443,0.0335971412185641,0.141309437838229,0.166026653130961,0.0363385988332077,0.79411053784707,0.0221510099934318,0.447222174108359,0.335285799726718,0.343460061070456,0.26033205750002,0.462081927510101,0.00942067481329592,1.32232744128173,0.629537069106043,0.587327993609349,0.11904364131713,0.260208811381191,0.363947836823201,0.176183097437456,0.00776804577653718,0.223387510929495,0.386530208089149,0.339510010508094,0.128256556619283,0.450585429777934,0.163514898098966,0.6931455083891,0.000778631961439529,0.248214749848615,0.947529518647939,0.26476899032731,0.0297858647072047,0.0928359421779925,0.0247757865992158,0.477956087612907,0.749608031148631,0.140098199929225,0.50208981697147,0.0119621500206944,0.0785086573926746,0.378157108974756,0.0153716373857145,1.07021323238096,0.584135810062657,0.145325962510822,0.418045498809625,0.23051173770947,0.0469012389526567,1.22348070026352,0.270911637411674,0.231216266032983,0.109817828556507,0.492599117409757,0.0325548163037304,0.115170500600753,0.0602187800545452,1.05793210695712,0.339234155337874,0.171503809723309,0.0873925985061685,0.54256773648201,0.329159134860477
14.75,0.111743745058911,0.0968230865113291,0.0274707336996782,0.0234604737409242,0.395449033715181,0.00307652101769739,0.857373085832545,0.323900625661135,0.543275785645956,1.21978758105772,0.178434861111948,0.139585505544566,2.06341880129402,0.238049722445978,0.0501234484312504,2.44408569573804,0.00852243798480611,0.0637559894357783,0.651794941018365,0.50848302827542,0.307833610419623,0.13856486734618,0.813309253194421,0.0593764261609209,0.0363766182101597,0.0686070147927599,0.247940249150849,0.258723499999524,0.67528187890568,0.156776583856572,0.272440683536345,0.430037150079641,0.0822104626956899,0.0149213260016551,0.620257975922611,0.109746768941615,0.944079808682712,0.0453092792077575,0.0111354548779929,0.0693779412424179,0.168095451006086,0.00300735485188291,0.794836903362388,0.0250598492054938,0.623577555656575,1.20799918769829,0.0373653968883,0.176875438718521,0.168450322199768,0.0973382661243467,0.33078702602065,1.47427421104558,0.383755391864409,0.129922786532632,0.472330787083629,0.212746976162329,0.165468863714343,0.395220787106083,0.411380342321876,2.24004591990806,0.523175869488083,0.655325193458692,0.558385371753858,0.204456007925646,0.325867304940393
15,0.360826878125269,0.247798928263708,0.0410248096150769,0.540590983801477,0.0348665188534116,0.17522858647707,0.0303542951931726,0.418728399364832,0.783849955763387,0.222698715268882,0.278750432255617,0.331520858036177,1.07998740284214,0.158599936936617,4.1662775381297,0.657186873473078,0.222414614831415,0.279198338166996,0.633132274025565,0.618298874227985,0.139135454508982,0.552203437643047,0.208956727527476,0.416092244282097,0.149106950236951,0.263759417046957,0.543400408647162,0.0519716014608691,0.363010007863787,0.194824255812545,3.09093571058356,0.846506552245909,0.0531708051906874,0.468469471595615,0.294887148024306,0.544909448378955,0.286513942963834,0.564839043974076,0.097007145609261,0.364341475775393,0.0136321276845041,0.377821605994216,0.0124148670782962,0.156077461507803,0.215954682177819,1.45788175469694,0.140961480516956,0.526672476815728,0.160468253289972,0.0481544660018601,1.1857709625867,0.227013154078996,0.517805167047085,0.379849380292501,0.334090945767922,0.145993077382965,1.73521011605863,0.215224484683541,3.45527837446216,0.490391965755998,3.7972979296315,0.330370078161709,0.603469039910879,0.864864082670193,0.440102610773831
15.25,0.0973900816828537,0.092693918284927,0.0404996170362349,0.0523537268042286,0.234023148301281,0.198471470495467,0.15229679184131,0.942257556432778,0.15063061745009,0.691834473351185,0.410162399584097,0.128301942620607,3.10357232063641,0.0961646761262406,0.341079843899025,2.56906493152641,0.000440604630130658,0.0233015117288265,0.118623471754308,0.0156345122858559,0.0085272150811975,0.164496335060992,0.0843976018954192,0.22456522588712,0.493240098440898,0.0334533824822754,0.510803850568215,0.553304957893091,0.56049299083333,0.0848824321403938,0.605986782973379,0.519417717557309,0.00246305193928135,0.0491177252528853,0.0764989566666982,0.171378587102591,0.0931372109196063,0.286547942862863,0.00774568504970448,0.0356763143520436,0.148875792230252,0.076686443344219,0.241734334674539,0.38057734817458,0.171258083812348,1.59809210133157,0.177906962351342,0.15951538223266,0.733575874251998,0.0887645294009498,0.166161050252983,1.78194219737774,0.117557409254796,0.106419049435714,0.911613481434598,0.039443267102126,0.253127755422977,0.704486964669611,0.0965170963396246,2.05536593514043,0.380943603531379,0.555536198868209,0.074705017776338,0.151348828975087,0.0703842447487272
15.5,0.160121283941135,0.0157290170163457,0.138480329233265,0.0840143848556692,0.102347079393657,0.381957981289093,1.49536547241787,0.496767983429311,0.553722685900373,0.463637049788449,0.0840437342009281,0.03369901579699,1.16369680753274,0.0457752782638858,1.37367836529213,1.42572820119873,0.100877092812353,0.178036904941803,0.0495774759446751,0.143964615054272,0.0946019917850568,0.181621872435048,0.226353278502481,0.119845116484795,0.0953903365342118,0.14341867092979,0.378265155202848,0.434454167995922,0.565272369090438,0.102330052271672,0.192454904026131,0.176611881549598,0.177394198880709,0.146277162012045,0.0109530129003885,0.161753505037405,0.678298205971395,0.0879603971384247,0.0754181287107401,0.0474543035776009,0.127029707248879,0.182177658628376,0.534911106157442,0.503470055518028,1.61399756552389,0.490450824241601,0.13477790898323,0.0170187432973071,0.124294080579476,0.174517960595477,1.64559421855791,1.11129807411978,0.201735170111391,0.00246219078583268,0.19890964745866,0.0313987355617302,0.439151476348917,0.505245989467358,1.8895435126594,1.09779542145354,0.481143270356948,0.482079300681523,0.00735515135147961,0.161995182515415,0.183809282899983
15.75,0.111921074540973,0.0249849154690463,0.193859509517237,0.301908202869224,0.16222391540657,0.187939874532613,0.0889041498922965,0.702978148974567,0.0302307104911756,1.17505848716221,0.00812272202604127,0.0269237153255698,0.449538409603515,0.411433132423105,0.0187129569442421,2.03768429227654,0.223940811652876,0.552287963576364,0.241715079446228,0.0387311695050788,0.525288010239736,0.419513182865464,0.132425715953638,0.00471939043182764,0.0688865381645054,0.170172411179927,0.0395660654686288,0.456067990343804,0.102092105256741,0.628438387187627,0.234282299505569,0.713846343272769,0.511456688461287,0.474654724445779,0.293367614821078,0.23118098354064,0.0540330906765241,0.185932189121135,0.291931821588115,0.137966505806379,0.298982715643736,0.274409302285218,0.126011045393032,0.0361994172860883,0.0847883460886015,2.0045414033286,0.0434748852292046,0.0377285665316511,0.139260515194904,0.277433913558517,0.0410734773966243,1.93868662640181,0.0298207681141793,0.0118023098183296,0.145184226993579,0.218165147114776,0.0338094131170311,0.971264431442289,0.0150855519488878,1.4959057978456,0.546716647404262,0.616236032734258,0.0381035101808544,0.195817492217909,0.533314199818062
16,0.362193700337189,0.494509294292383,0.0527610443839235,0.320245428608121,0.255559037454033,0.0277263194446046,0.00865240966730061,0.910851567895248,0.104709962479487,0.215065020851414,0.145082552231808,0.464809655282314,0.340341904879109,0.171496677254115,0.103813482555724,0.253215816371255,0.12206030863485,0.158473004544411,0.0182129770143689,0.0825682985777308,0.00439868982320991,0.0914217980408591,0.0329856446438152,0.276810858671492,0.0796401294914263,0.266955924941376,0.306424648614153,0.255862453157198,0.207939582015946,0.819364352573939,0.297815860967969,0.243369418253214,0.074657491041889,0.167400079236359,0.0461871869058103,0.0320198972321172,0.00145589574609528,0.469931812803324,0.150496379450622,0.271243431753592,0.0313823118139372,0.214137433098643,0.200708856887487,0.440070883160293,0.178559037206505,1.19798698088279,0.101936755679618,0.521800016921243,0.7111591991156,0.0326769753652231,0.00200789566067814,1.10041350453347,0.254053888828105,0.547139906260727,0.0121171491781501,0.570967218429441,0.0225938162053503,0.0845806450565066,0.205807833515891,0.551577928316322,0.79409650034138,0.0154599315875008,0.127414442781999,0.0525649518152116,0.0497112931997392
16.25,0.713050300484264,0.119826802098358,1.06730445750955,0.113234246201598,0.129282080034325,0.0064846778681306,0.251421598662486,0.420022602823919,0.33322185957297,0.540488372241547,0.127414842714242,0.063000867018089,0.0430355686503904,0.199259187064918,0.160427465967749,0.625150867515452,0.196037286936051,0.484669847062856,0.148626909415809,0.0595899315933696,0.670750116888051,0.198373151296761,0.0647847428379336,0.0130602908304115,0.094205990776251,0.0497843998165824,0.494210766696197,0.383798398366347,0.55335765481915,0.289785874030082,1.05216428123687,0.33078009964615,0.808066647794538,0.277847920272752,0.200237842262491,0.030110584412869,0.182404322440962,0.0832438736960951,0.402094835815663,0.0702746597928397,0.57234001718681,0.0334631661763889,0.199625867133755,0.0972291813749672,0.305353446772091,1.11295055284332,0.621442944430112,0.0115247745747896,0.420401954155385,0.187031691419662,0.202183197424297,0.71786725831788,0.540704713889897,0.120102540347915,0.0406434202193715,0.0827036414114756,0.00139686311822113,0.209244301031666,0.108480636353742,0.883121203371222,0.721636021983251,0.498805664959273,0.0206043669650244,0.3157937334349,0.489950518422149
16.5,0.106356506848985,0.15192076386875,0.109511991523633,0.310113924658392,0.633854058148298,0.183936976615796,1.19679468940151,0.205608545703326,0.504531366879436,0.0545929432163697,0.276792842945671,0.231630261789221,0.520899614508873,0.167270906982808,0.90975440135525,2.44967855778775,0.321387621638613,0.190005957419252,0.276899879278071,0.884270455802102,0.424194855055766,0.0776280039904015,1.31276551682307,0.105782187789898,0.432792771477773,0.14936289046365,0.0393213682635828,0.578030449136988,0.0576772487069873,0.0898039798684662,0.329836112954913,0.624111997166878,0.119657748491962,0.321454623228495,0.757432742865718,0.00573288100637613,1.48123890806005,0.19829048727974,0.164165576132247,0.391926852199802,0.314906146616007,0.126916382728446,0.836772137957992,0.268334414923685,1.00725782591996,0.111571635929524,0.195799894211172,0.521505990075839,0.398043876254217,0.171894642148518,0.600032825272543,1.42477304009732,0.195571758422918,0.262492340947138,0.411083572358534,0.347667926182656,0.187841293432575,1.27095543259952,1.63521891871405,0.618286595076009,0.285499310122526,0.525669347322322,0.625025441911431,0.912401951362029,0.295002717316404
16.75,0.32904702716288,0.791243822902603,0.368481707432756,0.74263276396387,0.31659849198467,0.161121480563339,1.86466465356527,0.25008616092491,1.27588781487466,0.215892977115616,0.602136778352097,0.778170593578922,1.22206464247043,0.399472575074268,0.710773660510609,0.0190367267584075,0.38650892652842,0.102251494535278,0.208863189516224,1.14363298812263,0.156142300197643,0.109437286500609,0.980384042194296,0.217079483483645,0.30644360965519,0.757401885684413,0.396434643188216,0.00914242419656252,0.653625968679352,0.409185850989463,0.57399415191402,0.0808327648253252,0.0858539524153611,0.437978092002595,0.396878166274845,0.0381387328558545,1.68209003621654,0.543357112160558,0.287569307388858,0.736602504605481,0.151382689505577,0.458781459401603,1.04732052023664,0.0863863707256293,2.65207455111445,0.877502146936754,0.535429563400747,0.90187844794908,0.0432129050401283,0.227392551656569,1.44151343440845,0.112255458995225,0.308306131793983,0.791281391694401,0.698912100717217,0.883692338625561,0.369832544798042,0.70958277784056,2.39256154924136,0.0957964444300613,0.358287331284531,0.172620475123487,0.598673505913275,1.85678824738363,0.00457594800566182
17,0.439917031096341,0.428311979694032,1.4026814010868,0.806477154364906,0.205717177562347,0.0251145773839819,0.82075304573076,0.202078520482526,1.93048671883489,0.418187787923248,0.797120502058162,0.206644648115628,0.105892180444065,0.314328578864446,3.65547794933578,5.66186658679111,0.689799232038617,1.0938896367404,0.0351522952177595,0.805528897324406,0.676456641026647,0.432591604381954,0.274533910209922,0.403711151734762,0.803830520069792,0.226731214068572,0.218783826313151,0.195171844531336,0.691441693249396,0.319052914562169,0.263778512032421,1.24617083842344,1.24819484174702,0.993836730907996,0.097485991059576,0.03646204936826,0.648431205099052,0.411170502905886,1.09576632966682,0.583270409258059,0.88098440961702,0.369586429837086,0.270945697329892,0.122015526870902,1.86653201018733,0.0643812176402769,1.30929721642947,0.398715182772189,0.297837024263675,0.0219450741522446,1.39785855224925,1.47732232076249,0.964906231692493,0.304339893600938,0.328962920551156,0.147644347973143,0.39693957211394,1.43010705521438,6.69313297975074,3.19309955420857,3.79142736306657,1.92265213233261,0.374422656131115,0.860284910361846,0.663191660617944
17.25,0.405821021382312,0.100288182290731,0.59020789853975,0.48632430119283,0.107285629869752,0.437860957539972,2.91857332624034,0.645775167492114,1.70651687691264,0.598833509259832,0.398437162908389,0.288127043717792,0.0376128732218848,1.3114112221699,1.45899184043913,5.39709732513104,0.174755881609872,0.439380278861107,0.276589123323417,1.06734893687924,0.453933795590633,0.42288388257531,1.02642348847862,0.21509052103801,0.40725631197995,1.32393051839928,0.690542187998998,1.54933377403544,0.622451283927748,0.466444671351564,0.0894692894945042,2.16031382631357,0.544232635444379,0.45875092681214,0.251136720611031,0.0458005302079352,2.18845794169796,0.433509391037387,0.678786465250209,0.23653061344084,0.315439780137548,0.631767225858383,1.53984899130687,0.378731063521902,3.05222454052032,0.416105918600111,0.651991608024108,0.350444470628113,0.00873285909675448,1.48662744514194,2.12069359275271,1.97653405600634,0.490761901788684,0.134130872719064,0.294231053158845,1.03917829335209,0.0786040496735877,1.78925243265174,3.91294723090072,2.64322518048642,3.62478835276639,1.44031199184696,0.544348626623872,0.893330030674453,0.534373725253027
17.5,0.590740990473074,1.46356623121603,0.131248837013319,1.36623891646566,0.492045780314334,0.265022440091921,3.55938953072361,0.678044932885294,0.835538453779298,0.657284431021717,0.0896000744305888,1.95466846722305,0.317333632377431,0.701156117020362,1.26667520836865,2.63379630578312,0.849787488181164,0.473199520820049,0.306749184675846,0.625692365518727,0.222918461669803,0.491169292585348,1.58136546425341,0.107443466684654,0.00476511485189694,1.27007723155016,1.12647752836233,0.602319286216267,0.0575609002305452,1.25643420876087,0.537610371284343,0.0940703657581835,0.193938892784399,1.06347661915397,0.567882351463017,0.139802928136526,2.68572272877511,0.233343117837107,0.621730202398956,1.58995778188672,0.159731081773318,0.790571575814258,2.11821029019981,0.253992529434252,2.8258628833692,0.75005119482001,0.0929327589909609,2.20319367262678,0.286715128787288,0.618631808834737,2.54244879593785,1.73454080759904,0.320649805857666,1.84553852814314,0.067259939599324,1.33999957380674,0.00781652037099989,1.06748874533669,1.61771018521988,1.7286936629964,1.16519292451935,0.55846050924813,0.647729498483274,0.109053721644625,0.336275492042411
17.75,0.15176190573236,0.59925582582811,0.454853979256748,1.00302264297582,0.321721893274263,1.28332135857216,0.344041041591289,0.0811053548621591,1.68810478529822,1.31450800114561,0.103579696580273,0.778981984259838,0.486491271973061,0.350524528420316,5.27845390581061,5.62434150819381,0.475319605453409,0.832776257534058,0.940673656288457,0.359180215411806,0.580238429097635,1.22783794783782,0.346075959996295,1.13860093801246,0.0374413747894394,1.03912570242365,0.382422291152247,0.0340306537754171,0.317601307434919,0.271971628167736,1.90505415572987,0.408341562431332,0.624996920760146,0.93472937500126,0.496570773378341,1.67633489728966,0.162901699642639,0.405525170415998,0.0967120466390088,0.781583771499509,0.311005880749752,1.16073301044771,0.271714647274511,0.429479593595793,0.814332628092976,0.389401083745233,0.142277231459155,1.09560065845166,0.0869854098394063,1.00177744055097,1.76187045728738,1.09665704185931,0.204259093811151,0.729094878866252,0.0195722767494167,0.574025607823242,2.25833316319478,1.67602621533678,6.37694902927124,3.6178618879366,5.05055695569856,2.46479133547477,0.837497008851277,0.047140765035126,0.82042284070453
18,0.00862979662056254,0.181811878377086,0.354550060768601,0.0838963983179837,0.0815884678287474,0.00428942878961834,0.0505788701987671,0.412146941744309,0.0540444310735242,0.16597989221748,0.0582094274093738,0.0929262252764989,0.0314818625429293,0.0182837636123843,0.103749081203081,0.513413868774093,0.0527659469307754,0.135077483283713,0.0487102666593962,0.254613515191058,0.376151945319177,0.0569536444575355,0.00880200263593391,0.223190933557336,0.00931148652697533,0.0576564258084111,0.0123753000786165,0.0696303645474189,0.0387476565244846,0.149933368811073,0.0456518964344121,0.279913885983826,0.305856845729373,0.0724103732758497,0.169049855648929,0.0223381600636088,0.0875385842772915,0.498709540099866,0.0707268596897681,0.076784765642123,0.292737822091975,0.0829370536965442,0.0146252527492846,0.129742779834979,0.0484998411143695,0.536604528771896,0.148655202933741,0.0773151107171148,0.0240962317622973,0.0227352702734006,0.091500237859089,0.350122806159955,0.0381638333736549,0.11463281889931,0.0733067815557721,0.0404609401832562,0.0554439414521373,0.331635722357867,0.198964551234397,0.697014176957424,0.117861046286976,0.242116264311968,0.0563781148776225,0.157687644042459,0.132118793709004
18.25,0.344596424035546,0.346828724221356,0.0119700451562007,1.49793814907536,0.464458190318472,0.0976418844858414,1.15865063185705,0.533055936716381,0.754420081036745,0.306898322809595,0.341507696089425,0.255416968399282,0.514036649907433,0.00502666479464605,0.723049522187226,0.145907806637241,0.47671692479219,0.346856623741602,0.112632598538703,0.916601184327939,0.0364681181457115,0.325314887412536,0.828073011482902,0.276855214638625,0.305673695204304,0.0892355641319131,0.0376535065055158,0.0451743551081606,0.601767057937523,0.0705506314612049,0.917611568302095,0.109209019240666,0.0459076445123152,1.10866926964947,0.259635706157834,0.0480166577190431,1.25510961526423,0.640695041818674,0.19748035745006,0.796464221173792,0.0705771803021057,0.732167262272987,0.889974251804457,0.184562471287965,1.76775777749107,0.579715962861914,0.126508016860139,0.687056731002119,0.142870638224973,0.0978016358810126,0.626080696121743,0.296241196301586,0.248511364522884,0.397311234637906,0.808854948565296,0.0686535217877561,0.395490521485507,0.315091094119279,1.13652169829751,0.357773275953261,0.145300473162355,0.101392671583814,0.465045050964772,0.791137947143295,0.0648233244582768
18.5,0.415753321543709,0.711892290766254,0.451692014753121,0.314087022044391,0.447728275032981,0.101011319687149,2.22911559213939,0.714879520567379,0.821999517250091,0.174061697968652,0.216791883688635,0.4244210120176,0.0524498273299779,0.33818068374125,1.6640288344501,1.16008275420523,0.82575823471475,0.727296269880642,0.095174892145771,1.18756477813115,0.502554690846402,0.326902147889865,0.521267369047011,0.281799715738411,0.0215076950529347,0.26267278490689,1.02382335501831,0.29943872397912,0.439432947993975,0.703688079157262,0.522641837590478,0.706117383219249,0.712510304249847,0.50507228805337,0.250146687824674,0.0680102105889057,1.55898037815166,0.789732298381944,0.771238720974076,0.611616068226035,0.289711589164795,0.185254242775065,1.19452300100075,0.344450151845607,2.46409382906719,0.593366517576489,0.06519485082879,0.318978020154148,0.0789613009642364,0.235912746049428,2.08769836233282,0.823696794224356,0.246565932393866,0.5922894007918,0.232332399559716,0.565132259313948,0.0700277378743016,0.537445465048226,2.77616894199961,0.931706687570475,0.0844393685725286,0.475694464449462,0.175629059382777,0.617820852099673,0.502423064508908
18.75,0.385699754056315,0.276979883301459,0.971816195907128,0.92224435643266,0.0274353066277037,0.128974810269058,1.70236778650621,0.279858236609947,1.74694494616484,0.112706885567001,0.596604783603471,0.424871775432634,0.561868076602613,0.163834405929868,1.68650513476282,2.11845862433731,0.815870336767244,1.32321362864123,0.355497915524682,0.177801599478442,1.12800304015378,0.779581960434666,0.18024319147122,0.112875519223128,0.567300117747542,0.376039695826788,0.421722978097003,0.0710976048276991,1.19322982001332,0.5120783759928,1.22560781629919,0.371746025057464,1.24976984962459,1.10762317244162,0.182020046505153,0.261023176216535,0.661166706206031,0.224655132444369,1.18443190722095,0.594711708084683,0.545619739711764,0.548560684368667,0.233289694516785,0.0629456402379426,2.45494884221881,0.203548255788101,0.814066809226418,0.804607618824002,0.459539203975884,0.14952211188176,2.04770131392912,0.695394221751558,0.66513647876272,0.335247115937548,0.838310395228152,0.52328591218025,0.933791565632787,0.227313086372776,6.01103725726386,0.355986524859447,0.881442207327387,0.405450429511544,0.190098627470487,0.11879598561216,1.01201349298379
19,0.0717215508734122,0.101671012425311,0.113956891331116,0.129128522212122,0.496298374698636,0.423951968384337,0.999866380913376,0.126497243597409,0.797516369533803,0.0815643539534111,0.0601334512129894,0.355459213215674,0.11553837446138,0.508997490718552,1.59651089930833,0.279726073681906,0.00568158742118065,0.0282113505635057,0.0426221094546672,0.0499181830254925,0.358788111133174,0.100001848542204,0.30219539269315,0.102806882735568,0.014317190550787,0.417991761499651,0.338979451786272,0.34094065573461,0.171049284257481,0.423349480387217,0.618458452020831,0.80636849016861,0.174482979325089,0.0344403311596699,0.270994028885355,0.167996108724619,0.381428394922275,0.0638349975220708,0.172841060272826,0.0592488798961051,0.29902924764917,0.303428225317728,0.689973968752589,0.246286042859215,0.823373540776171,0.386443579593092,0.00119057493582746,0.260682347713975,0.0120767004742541,0.588904907062053,1.25878840563296,0.229450373134612,0.0990517468548423,0.218383664408155,0.269016452862829,0.546124733979772,0.570148989079257,0.40266190401836,3.16519553158424,0.167165589977396,1.43670098845274,0.0550570904916766,0.0458241554839388,0.0735128434621417,0.158387061484706
19.25,0.234986497489852,0.137980846208421,0.168851303041723,0.462881111368406,0.122226762618771,0.0995770517210091,0.507584587768756,0.857075223130778,0.32012598377304,0.895724815762536,0.396986386554649,0.220395204767114,1.93552771088433,0.262979439386689,0.143326480288061,0.467895342543905,0.160939751540583,0.179827048164384,0.14369909043814,1.39142606669962,0.131241406013039,0.325690923693145,0.416946553400186,0.517896439138437,0.418185859434546,0.0778851721192564,0.0213086198896166,0.0397194672178792,0.494160086919827,0.30791550585705,0.807159267064268,0.12100299729263,0.12082201058077,0.505220408765272,0.125445013447801,0.216659423648971,0.890114948663089,1.26214183011849,0.325055175182745,0.19800095196892,0.242885992714501,0.338883418746728,0.13070526329638,0.0655922518521465,0.644990127676293,2.38774217129413,0.30929022346513,0.0817418412301669,0.195749713074572,0.221099083320428,0.0805891330617843,0.625306587200491,0.238733261439891,0.131938674583455,0.300653967908671,0.390316093666737,0.56983021069297,0.952723049450436,0.193926788022138,0.974097319692958,2.52939278480472,0.983973609101954,0.806175454937923,1.65000162482701,0.10270912849801
19.5,0.229787260787799,0.221188515686988,0.492933672047127,0.0619018816249386,0.65871605528387,1.41844350129717,1.77027251505972,1.03292328356885,1.42630960319343,1.36084899226773,0.203761164339676,0.556860841825625,2.09010306140318,1.86470544937901,2.03965618302096,6.36636453147462,0.107288678914024,0.0204476019084069,0.0124456741880005,0.399965701030936,0.318062371602335,0.0621950254479494,0.506970506297527,0.28638622737059,0.884397875770527,1.68254010840322,1.0227866192212,2.18014920647415,0.3103166001519,1.05343194318511,0.55226626368828,2.41034459247998,0.226035429148022,0.011517161911145,0.219710641127335,0.237709561688659,0.938159057761213,0.333660398173275,0.13144329229353,0.0868344415119606,0.846164053932337,0.467016554871343,1.03152781165869,1.15666532399538,1.94944232313566,1.71745258353403,0.355422610332665,0.271359013255516,1.04323951644321,2.25405635026502,2.06237470317515,3.92875685788411,0.25131844306813,0.358947401276948,0.802872598641566,1.16531442545224,0.52626832091503,0.58716935916405,3.39168536682208,3.53080427953749,1.55778109430877,0.532886432575351,0.082429425642327,0.584175674583262,0.0051920088084671
19.75,0.0145817525783551,0.0369461277144218,0.35131505971107,0.281512932925749,0.349124868126532,0.0387169039854071,0.00150474576228586,0.124617026479603,0.253940657115302,0.1052105790066,0.143417222886208,0.106590629052043,0.553702296691986,0.126853933530315,0.76210094098683,1.04407043009642,0.0924809077473686,0.20892046527456,0.0746029877058252,0.0833025210083708,0.234870602369229,0.192926128782504,0.0964010061471842,0.133867542718805,0.157274265392461,0.231370418987558,0.172553217388199,0.227185848363149,0.198046799895834,0.0412095718190467,0.570747982336471,0.563003696526388,0.179477112300963,0.318742787143851,0.128446880917281,0.0243188209717326,0.0590950040017159,0.0604575444853241,0.103060373929752,0.12651851313082,0.262736407391298,0.100143372076872,0.174381947077801,0.222362580574396,0.102809442568426,0.0390465445556517,0.227442924298204,0.126050958707006,0.349748505425691,0.197809202541281,0.142973627124404,0.513598158710507,0.0708276380626336,0.0358783570579497,0.0603963546477701,0.123717381804454,0.221499029052745,0.80061827765852,1.00941960444281,0.631801096640268,0.0976963350035764,0.468179345745252,0.0551215767279343,0.073871807617008,0.245533993665849
20,1.11937149815186,0.505533465445684,0.650372024573893,0.548839473898986,0.475831356218267,0.518780346338267,0.803535640132898,0.49036094626755,1.72553054231089,2.46386904834657,0.758218362513944,0.674686616701602,0.547605284994499,0.149761643405407,2.29719718317929,7.535247623,0.82788047362292,0.621309631473391,0.472049984910265,0.181315885175822,0.458763526866442,0.69454818150498,0.33244026353039,0.332706515712345,0.841819419346421,0.527638231520132,0.157786620400435,0.0869342983278849,0.0975700014075808,0.301532269621221,0.469060306322508,0.313392840132377,0.598882628914257,0.59523793748358,0.324162070292342,0.624515849149946,0.406396145984884,0.0734909195179769,0.957022777953262,0.518480188332738,0.712417345943445,0.679396797184884,0.473711284688651,0.104265877566548,1.30445778798604,2.0707953208743,0.763455506767187,0.503929528313527,0.356540351704983,0.468722343282288,1.46892217765798,2.92265977044589,1.12440421077469,0.542886800318125,0.344902495900719,0.734555025206675,0.460827784249326,1.3964368938461,3.74818963069213,4.99028834438638,1.109083268607,2.22228329114126,0.302644791433691,0.53330583655954,0.571875237148113
20.25,0.218550196471919,0.0713947442128134,0.538390617316924,0.294348179560297,0.0989292161745783,0.299295189131755,0.227346246722453,0.0685834535592193,1.07814308093383,0.426505106668397,0.331500395787228,0.028178459417919,0.420085640580316,0.048563943104274,2.53529991380963,0.805530170166645,0.229422486532396,0.291899994690745,0.438029900579703,0.0835528881637454,0.344309136752879,0.371503211325078,0.0692810928200277,0.188978560834635,0.326301522100881,0.0407702262364647,0.675205018288438,0.0298087726836489,0.218766390513177,0.0195227637112844,2.10554322539591,0.312392380526486,0.286081346100987,0.247779199253813,0.265885253265708,0.31015523761817,0.0648950768650893,0.0839678752245964,0.268163835685319,0.109636631932099,0.458218695178616,0.371822481410162,0.019336455514191,0.0799825261870501,0.645179270861941,0.315388188806078,0.574584893204714,0.161861069763945,0.540619972655698,0.0146060423346087,0.855470278806058,0.0864282410111224,0.232438959703603,0.0464743254519883,0.193503703148304,0.0178716855905219,1.34142821297174,0.328938807647986,2.68036089828456,0.13265154276544,2.85130350677127,0.397132938314684,0.205704458198232,0.35063501378096,0.402484688488264
20.5,0.370865013420845,0.635094070140929,0.156199104496179,0.167080669398907,0.28344164152945,0.14602364266211,0.213350764510393,0.25775730877046,0.0884098597730778,0.0413672837001913,0.600880489143396,0.747807676300105,0.464642758918463,0.0987154793073971,0.0435859062385899,0.338050956731981,0.0804007018384968,0.015700104736791,0.18874759622118,0.329201536237827,0.143221009069255,0.0386891763433218,0.342457342863588,0.35127985867041,0.0626375101426757,0.226086088503675,0.0789967621387362,0.0270691133975789,0.644875908809227,0.490312124067314,0.0858021409456157,0.0575202695382034,0.130369583871869,0.024735089302071,0.190626519933451,0.152230254138313,0.31025567687905,0.239778687660804,0.0691953190339829,0.365007266907904,0.209297702271533,0.0378153162995801,0.253341789672012,0.265073201993584,0.332578925068099,0.578344803475448,0.306969252563789,0.856687007050279,0.081846265514414,0.0527479164923313,0.116663384011887,0.307562342046607,0.416476447065605,0.907580691225552,0.26282504461612,0.390415229408482,0.251573292724642,0.30975901643057,0.29731794748992,1.039431803947,0.403384384551148,0.0445508290325856,0.293004619603494,0.195996490070368,0.0624580122891005
20.75,0.465758388585109,1.0221801544052,0.0733914472533614,1.39204958732881,0.504248438328493,0.0824583201596341,0.293326572943676,1.4091392613511,0.145856981284885,0.649083539909954,0.0927802202477919,1.1354087941829,1.49657204928547,0.0335843057168999,0.630727369708867,0.606798181970667,0.319523032094709,0.266430030000617,0.101590262010137,0.781858598219144,0.0240052895002098,0.312028986211117,0.408781093916415,0.736940136340456,0.0100873681878358,0.942815676775713,0.346798635655517,0.301153935755515,0.141272767858907,0.164495023504079,0.0866273465717228,0.024216277385231,0.0462297321233578,0.838789448128534,0.169118023607741,0.0702602276636697,0.562967753138066,1.24313285216114,0.161930677392659,0.974185985293061,0.142753241232567,0.726099119445064,0.532849291384412,0.645302267149006,0.191261515956017,1.92372869042902,0.0439219549181166,1.35900802633312,0.119006558124239,0.070906175405631,0.356005638353512,1.0968345355438,0.214529861850449,1.0079586744007,0.494403457387739,0.224976327228079,0.230935875827947,0.0361674824528263,0.621158332801896,0.728206697122371,0.85869878888859,0.134316930320706,0.630050274564703,0.602683774210028,0.117477747832351
21,0.00383761283023375,0.0627555970451774,0.376047510323498,0.0732809296409131,0.0361216924672839,0.0651163692024027,1.17946751947272,0.716121477309118,0.503821527492876,0.433502726120119,0.0962055221698714,0.140129549172882,0.14742593523596,0.0675175946837412,1.12184114077346,1.39525365853963,0.084301994956335,0.204660459651763,0.0636146511396964,0.522902468644652,0.537043159863623,0.0222231563627222,0.302594913091191,0.161065464928129,0.0186357002626813,0.092953431790111,0.863412437888352,0.410893735788718,0.153815269770793,0.136017523602099,1.01924995325506,0.307541446857158,0.493192641493995,0.11238975617436,0.107319325058346,0.0612385231430233,0.801164103923152,0.266714157214046,0.0737762869400899,0.140581459028798,0.28928753870026,0.00786430966333605,0.592292554696159,0.268213036551091,1.12903505970533,0.797756991549302,0.125012062976945,0.257751991499562,0.101362087681058,0.0956155670380381,1.30056130260451,1.15796431062425,0.028037555677377,0.0832665365824707,0.0305218520262669,0.0951334267703086,0.486999809210115,1.21655858031871,1.23857928941545,0.552052865237319,0.293851697688053,0.618840578415937,0.219438435631184,0.165232269802451,0.181652948109856
21.25,0.00859644883366575,0.017043156178451,0.122083733602049,0.252059663337242,0.203410708110176,0.256118794998202,0.442882460983346,0.616341456058364,0.0887775955112095,0.992107466885142,0.251869029507499,0.0649567502331488,0.358003055212451,0.632899372006011,0.426103510158284,1.84238467808769,0.142740319326207,0.101965913988731,0.09435959517277,0.0890868518887863,0.0419276082508365,0.0913480865647793,0.230570939977669,0.0374532593715798,0.12218885045018,0.209622190553834,0.571276559321708,0.965092344660359,0.764196982218533,0.360559522554793,0.747790881914308,1.43642221463755,0.0971324899877434,0.219991071283495,0.105351822914307,0.0589896165781272,0.324655842675104,0.0556359784836901,0.193897683139181,0.102209490707952,0.0402101763200623,0.105971571615632,0.477936315883567,0.409347497799829,0.398879550751288,0.741059900709503,0.137505043423769,0.0779031142190033,0.39879967051637,0.461344327140205,0.510409642016716,1.68336278439112,0.0969227359499011,0.0411100488565745,0.207390324086097,0.0713970827076355,0.359327942167771,0.768801977226243,0.207798208238078,1.51635079167249,0.144823939283339,0.780964844052194,0.111116499975055,0.0249888921524965,0.0903169997695935
21.5,0.0763888730994745,0.0969794566733699,0.280539222576716,0.291020880673901,0.156989975161371,0.215843872421843,0.0408617546749399,0.741165189522234,0.531833698701521,0.490425978232207,0.198915345307295,0.0592177088808909,0.127586798608313,0.22103290206804,0.975940517028298,1.05123607343977,0.0483039175959248,0.146675318437924,0.172271142009716,0.547797238723629,0.235396842886199,0.254955991007524,0.247969021709297,0.388691443448858,0.110098872770713,0.0989162181692177,0.118483015334414,0.535801235518873,0.960863951342885,0.00856808909340901,0.468532104154254,0.612765796913328,0.143598374893353,0.245117594721739,0.242724742093683,0.179113227815635,0.282171521690817,0.712309072037542,0.234619211972173,0.113673453415458,0.210051952036055,0.146365080823042,0.111935109465592,0.467392023001556,0.0147849590398435,0.705549523990815,0.376690869930955,0.203945341430992,0.074289666637332,0.105465763349771,0.223967405225703,0.64103914231331,0.237613722228727,0.0814367467228682,0.0674002954192389,0.0142689937540351,0.831190101137014,1.26568930372267,2.10882596582632,0.389617881663426,2.28291426825287,0.905426788710949,0.366217398812142,0.458652836135224,0.298541605607392
21.75,0.00527001731035677,0.101364369498857,0.148167002027314,0.420716148248304,0.788304671877799,0.0996080098006297,0.856568072464227,0.214638041478728,0.0048610524010981,0.403411617961609,0.0656011758763044,0.261414760979439,0.995988260344653,1.10826169436099,0.653733004392935,1.6371088168262,0.0482379410732045,0.532430287312925,0.120464908961734,0.35871657479348,0.3701528254766,0.472542160859757,0.621737156970876,0.180687818679375,0.1442863813219,0.3506340325416,0.676473803432361,0.640435630445199,0.00476837867863253,0.797032093213037,0.02692499269981,2.26173476995457,0.364788026144996,0.623607728673465,0.327895265495187,0.016602085697325,0.801324142475414,0.279073951691129,0.340374564023288,0.100765442184111,0.417003431791319,0.200935645177732,0.944506005563341,0.274382363483618,0.333214844000185,0.588319354720793,0.0928159474690822,0.148988126971631,0.640145128712271,0.594399870643756,0.668413990063322,0.65424199307084,0.171637331083377,0.167910468575139,0.182716351212475,0.411595799638843,0.0361714892286051,1.8561494994961,0.609584341033593,1.01491984948888,0.213291325804275,1.2054347290829,0.294635867156086,0.0526563143302591,0.488876530845543
22,0.0213355106516713,0.0620255460003409,0.194139955256318,0.0465813408816938,0.024193825869033,0.00232697417985851,0.633011397393467,0.26864270162365,0.203578752038018,0.475862317998517,0.117243151548508,0.0440264854700321,0.305821371627475,0.111635541052767,1.3840261664252,1.61332793605063,0.0301316741439408,0.0119481814919379,0.280601290723689,0.76635154680447,0.0137335829218213,0.0478028324624885,0.445647147951482,0.201861211288058,0.290668393818382,0.173663731629551,0.113314656127216,0.119519267929176,0.342027120244232,0.188215532794894,1.15038508627476,0.644695652262349,0.0821120944446544,0.0062128369565995,0.11514758636528,0.182122191126608,0.78546287157186,0.376930127975307,0.00347861311457229,0.00526061771135348,0.120160588948461,0.0507488923856532,0.215972489414015,0.0185175923922432,0.595511777455985,0.84006204598266,0.23150327481084,0.044532372581109,0.0980110844874183,0.0554723699866154,0.617233188330657,0.755737284158059,0.085769728450081,0.0215590151873185,0.0385537432985277,0.063914190774697,0.852798441645401,0.493513632683065,0.973554462381964,1.51946376117355,1.45047857620129,0.558693948884989,0.502202487234743,0.472662202276291,0.043786793110062
22.25,0.561133586909743,0.235973051766866,0.395528019600127,0.229638348387484,0.115739521387162,0.0755508233013776,1.16079347753563,0.168080868190102,3.27397188085647,0.0496473015253993,0.401916911103389,0.283493287725469,0.329315960026145,0.0875785483059364,2.83767631171598,0.688913595577032,0.160643655083921,0.242451596904342,0.015277658871211,0.253977338272752,0.183376303766883,0.0473792416389898,0.0750702862148973,0.0943006225356686,0.405427324709254,0.611251609673462,0.326658434081488,0.132648796464735,0.0906533296857337,0.257814732675358,0.358851849203068,0.284535791970462,0.3052115993614,0.231082033997125,0.0331828696796559,0.00630212992050881,0.533169487855891,0.129848510986058,0.458295017892933,0.183893531350951,0.333685653079518,0.128706851113961,0.160228078584147,0.131725780759759,2.67659134352882,0.102030429559063,0.524783048553369,0.294150590991219,0.410236128164609,0.259994780411503,1.93229750851305,0.205100716022204,0.780031195991662,0.239026427600342,0.0767428835620524,0.462883250023287,0.285998592969499,1.58501893388239,5.80777753058088,0.116282083262422,5.05210923609456,0.348273229877113,0.111635041621946,0.257844573484294,0.107115411148442
22.5,0.132001988702499,0.360221863211505,0.197011991903489,0.699112322522354,0.360289880994984,0.278652007363508,0.507255047623139,0.00574992844400255,0.153496708899748,0.0218855344314926,0.0684078165854031,0.302652603571549,0.112145732719701,0.174042254958827,0.249965801598846,0.737090239412616,0.25308446987051,0.0694434815250414,0.0899988307444563,0.459684052913997,0.100515616620054,0.261970668279047,0.374412681571168,0.0469212668060148,0.0343454904304169,0.174038637354681,0.324154960006037,0.130840366659487,0.238313159895219,0.249952626524659,0.140767775745913,0.120228828292997,0.0655629434952336,0.4014067521595,0.213728520587341,0.0363957160601721,0.520377043452203,0.14406087366537,0.15739015875877,0.427881488517829,0.119533628093692,0.538700766121873,0.559993238202641,0.0660335327969704,0.518824815412421,0.0941141102948654,0.144991956281237,0.551434836157097,0.0994504999305413,0.161827831524652,0.395087668282807,0.0972312457760363,0.0584792386063899,0.304988247242775,0.0379961924585148,0.0473209990685619,0.00407417167465554,0.20700641082486,0.157195216828005,0.573232149114547,1.00811369453059,0.278220470919292,0.265728231428993,0.359558686805162,0.00674274859288607
22.75,0.372526386315391,0.34356707261343,0.215980981262357,0.720850787891071,0.0406842470149527,0.488999906506541,0.768555955973004,0.60479312544093,0.88250892442034,0.132831676785688,0.304400237538043,0.304214640423339,0.49349980775905,0.268913237916411,0.109478824192286,0.20997224934909,0.360377319171074,0.292974360238574,0.0913537818060801,0.570780574939439,0.185636283878504,0.101554618862602,0.266886470425821,0.602495538499325,0.263451647416582,0.684564346368102,0.0097424626047157,0.475013125827023,0.159874794273279,0.134194273830525,0.0225701146423283,0.549438025593701,0.237323323340089,0.548123730340265,0.0766730409061643,0.157488811789771,0.636082437183481,0.52997255735245,0.361336687347295,0.506572088517688,0.164104227231645,0.364990578207471,0.11359994975181,0.7362417481814,1.29197770562958,0.270032516683711,0.298608770076752,0.515484276881133,0.291953832378927,0.510600233195937,0.472091943460746,0.626653313737741,0.365053516564961,0.402616468150326,0.40402012276836,0.822353325141653,0.0317745583116409,0.410845626448145,1.07162061681752,0.160256117557442,0.640043656941566,0.0225200631223617,0.356174655375259,0.40619232625072,0.183821466740245
23,0.127655980562806,0.381109592411651,0.0501740762227557,0.330767033054341,0.276026850984588,0.29040491634912,0.0264429945370101,0.694400590464525,0.0025851968293894,0.0207484211520083,0.169493963441284,0.274697355921863,0.175176130795671,0.172721079606572,0.250321837490406,0.0386215854125436,0.135715354690906,0.238375651702023,0.169421281696766,0.314264761319318,0.149176847375055,0.408118479306048,0.0279329883511581,0.38591580957771,0.420118320789344,0.0359841912667657,0.584590206295504,0.112896426345864,0.307731234365379,0.326022200841366,0.422587234703923,0.287666521988082,0.0905583492924717,0.45465384234545,0.0565023146938662,0.332417936000799,0.0756307510991947,0.570441673775137,0.06161326845447,0.320117199810414,0.118752954153268,0.104668743807914,0.281578482383315,0.30875253517993,0.132736995004665,0.673221727551775,0.190866891419514,0.245428662448721,0.59267397705255,0.112400696167212,0.0947162219595091,0.284600310109888,0.0511937053130965,0.274565894388288,0.58871967679911,0.119280501815743,0.580776972434427,0.594024290045052,0.0281725689135355,0.0195094752308063,0.838531032495909,0.30201841446704,0.128221446052093,0.634483462610022,0.333716345696873
23.25,0.223448848373355,0.47237506297445,0.118979396926518,0.211824771327741,0.300598543215246,0.357189144767887,0.0427719745122174,0.319135900559943,0.968504887385646,1.10975842214427,0.0527032970744184,0.186534779330796,0.266233013242367,0.120974667143526,0.842785488448078,0.363113458651706,0.233568393263179,0.145113585461847,0.113574337778721,0.0333861083724884,0.097267819163699,0.027010018549696,0.141295936665543,0.109009707237808,0.178224341776798,0.308581671775764,0.122944446538486,0.342616537195835,0.127983600234048,0.219845690483774,0.631706580239055,0.20448975079537,0.0846304450721654,0.1673842106194,0.217001909591313,0.125267558571722,0.0864210753019407,0.0559485431365929,0.16163845760655,0.290980049884122,0.156437186704314,0.130687699211833,0.112720210813887,0.234851128318908,0.255032560539285,1.5117684695487,0.126318525990828,0.223702380093776,0.163411420108899,0.261499628022646,0.406961845594824,0.533018713501137,0.0558788056245536,0.385040390055177,0.152135805044913,0.108681657098763,0.0614672344746741,0.0794217567545906,1.73914388763142,1.24494040759654,1.03324544649181,0.189259261175539,0.108673951238458,0.317969590010065,0.0724095297689599
23.5,0.478944906724858,0.189458347531597,0.11256965360944,0.301988584843506,0.174994155851614,0.188760794375993,0.449049737517439,0.0104088637261858,1.188892274745,0.209317785102238,0.612334074459127,0.196896197210398,0.854170405226943,0.18412656513087,1.70901935195308,0.247209449249611,0.206777823978413,0.250657822603507,0.0552587401980789,0.0166559842334125,0.0371028715575039,0.149460780604199,0.0229942025772662,0.0434517130245496,0.496754618560608,0.401659817259593,0.766345109962762,0.117188235141608,0.443842486999726,0.144735420726751,1.26146489647737,0.357830931009468,0.163690798182713,0.221319245453178,0.0081226923767202,0.10872071468325,0.095097462156015,0.0191323031200289,0.325523495176337,0.186888453950147,0.0524211215177537,0.337709409825065,0.288022541758322,0.0892993228583508,0.716245933668408,0.0345405900851403,0.330766763213532,0.167496692628551,0.877276567817175,0.248833025123219,0.94085087923771,0.0572457869259573,0.329712648297431,0.190999428118298,0.330994756150663,0.202811499469524,0.419286795724809,0.171513074633721,2.43644481505193,0.176676087298969,0.908275971466619,0.179859872053569,0.00722844392120265,0.0344300378452509,0.119648710962491
23.75,0.210279516131557,0.759279063306629,0.359706459961113,0.743916367586328,0.165756440222739,0.622970274478008,0.291194830275147,0.876874903684037,0.292190278900021,1.41603232773012,0.304893892803654,0.304704727594895,1.02877797952439,0.395775772880048,0.715377263619427,1.10430891261262,0.553427115258725,0.835627231740047,0.311089886293,0.0733426191880401,0.271669867630814,0.707117153923722,0.0175863350281503,0.149469701626563,0.11962340212021,0.758580738603073,0.681638582530728,0.409885751181929,0.0608550048928302,0.805520483307329,1.50355702100163,0.763937091006581,0.535045940372592,0.959649008394931,0.0371948777492893,0.463358142422004,0.0699160346062066,0.301248722488783,0.469085771338839,0.656841349251037,0.060891848910746,0.62433282143152,0.33737644457418,0.310679454494011,0.376656378229316,2.25067858876262,0.214987776225126,0.251701223444121,0.390481812353496,0.456220106666569,0.479851222776378,1.27352298251781,0.210843285490832,0.509544078239195,0.229423149535223,0.280481108564506,0.214462834425568,0.64425075665348,0.47564913167444,1.80004747161208,0.413817913393564,0.366043487999799,0.028629035748993,0.371972061983061,0.613276423385767
24,0.132355116687319,0.139905370452025,0.0968750567168704,0.115959495693815,0.835577904964655,0.0740291462554244,0.0585555244269365,0.446678665990154,0.197633138414663,0.692164641916209,0.0581445005630276,0.0766542642298757,0.761723156677418,0.0249442051660464,0.0733377160113568,0.319439921766428,0.0585265691361506,0.0223892003135746,0.177214981158508,0.0291387010984154,0.0506321523532588,0.0879062204006604,0.166910037296147,0.0685858378747747,0.328578935561481,0.177746075275237,0.287961025974477,0.0392221815805529,0.41567997197425,0.303467950121405,0.196768079071396,0.118991820673652,0.00440637683466047,0.055914289394128,0.342254838541892,0.110735066948597,0.0810073538574264,0.18547257344529,0.0284920817191606,0.0542975570594201,0.227160049933521,0.103123993756331,0.322782276526715,0.130515956176547,0.0221784240039493,1.22464287629181,0.0959668142269361,0.032143382545532,1.09513938016404,0.0257278673266363,0.0209009399974005,0.6481562676532,0.0757758362494177,0.0852554287581263,0.256456654496443,0.0495856688473081,0.0656062986731993,0.329254632110195,0.235972842924173,0.602344708493153,3.19295523210209,0.181766188415353,0.0787710283231989,0.0607222891470236,0.0579866007378739
24.25,0.0328953989033645,0.0955137427544732,0.00538409384175347,0.0102322079001647,1.1390759103985,0.0687532584734828,0.00833783428404146,0.0517671692935415,0.338399842032823,0.00229394185777147,0.0692946789284769,0.103167984570815,0.0209946826333555,0.15118078520214,0.0946418602284098,0.0542685629341677,0.114685662837472,0.122739723449636,0.98606668021426,0.187028477206457,0.218893860672782,0.549852188511155,0.0933250530693479,0.250528717911247,0.197420798686508,0.111381168329279,1.19832876310909,0.0984065348671274,0.24178939168525,0.437588659958169,1.04051744356044,0.367002626903732,0.0753897828372426,0.110166476516068,0.175384825369391,0.629750027881168,0.0583466625654908,0.0559556133009654,0.105832606620124,0.0160946025197269,0.126746425051349,0.0221212769611428,0.283664006566851,0.0245681767855893,0.112727587230817,0.159657060470962,0.0255294621840345,0.0684404114249535,1.75869023630086,0.114843945256526,0.104556879797091,0.230708477368079,0.0232926494790667,0.106887775371128,0.209686072398495,0.190650376040257,0.0454356703853981,1.00901369754296,0.278966977659877,0.161076848198572,3.99725819536586,0.195290971942893,0.361328367146072,0.159103315252947,0.681547361070201
24.5,0.0124013968534631,0.047836807492188,0.0130485850816083,0.100501910031374,0.0526662104518151,0.388682106572108,0.0891425583495322,0.234785514983082,0.221648148080421,0.0130389892989133,0.0164450403237584,0.141474260154781,0.521721349038981,0.0387474313485553,0.262419650842996,0.0443297458468416,0.0189629624725595,0.0101548749017063,0.0119791968828305,0.142001211836098,0.0317203770161837,0.0421073069093202,0.0671588157848403,0.0847959288061588,0.00300711040962566,0.65810740831498,0.0396794894723863,0.228945432046952,0.0418323189027837,0.0368530130313955,0.333238221109504,0.273435788511544,0.00668516475279525,0.0191719366163789,0.0426159692539193,0.0776376541658601,0.0433998633026131,0.121331786190812,0.0398860209599299,0.0338473507203511,0.0170598836804356,0.264148674463052,0.0642768863038307,0.258039956615515,0.109812110577461,0.511979919898324,0.0149887360094003,0.156994364545114,0.0292560700848486,0.401151091613087,0.132367668487248,0.187538305652084,0.0204064906373754,0.068474177039582,0.121983826120376,0.000388422289604666,0.258430472978814,0.571404343401082,0.457214875978778,0.0166138659084527,0.867529213850943,0.285836696666559,0.0720248900230122,0.0757939690728985,0.0307894488994112
24.75,0.658517009852347,0.685053512601243,0.135009789403807,0.483205347249014,0.359707878275326,0.0677760785259919,0.392374313051907,0.538450466645951,0.33246861658209,0.598857469344663,0.251786552215958,0.451482163902716,0.201797663213216,0.144207668956098,0.316866489348834,1.0174029271897,0.268827256732822,0.153034619266191,0.11930235207701,0.501238044825558,0.0573627105733135,0.0842875701224235,0.446690465624527,0.197508779822767,0.0695282522438767,0.264822751407787,0.349012739412954,0.418831094613492,0.891386937307366,0.865812160581952,0.423876796759698,0.554141751165463,0.157746065835286,0.322086693104735,0.236486466402943,0.0243050809069599,0.476670524370705,0.41779257511261,0.31577982338927,0.507051746579617,0.0320512983982507,0.204840345718601,0.565309730532721,0.331375402118395,0.364558290717876,0.683035809445765,0.221735005462722,0.798838586431771,0.190236905868082,0.123634190210977,0.233430442744941,0.83438225981472,0.367515351599962,0.738808858740513,0.431348216437501,0.190675801512698,0.245404589748222,0.390967845206801,0.161977547790631,0.540942436495602,0.411185277481934,0.249882453132738,0.272064658132038,0.547727355539753,0.141566090777115
25,0.316733111884013,0.244588489405463,0.411623193956416,0.224140160658538,0.156020090434948,0.0498145460953759,0.349245157089546,0.217086107105711,0.437522234119493,0.236499747356809,0.261515621150179,0.0932613398907687,0.0336510969760098,0.00511727249271775,1.35339341675376,0.0215665888922199,0.259038411456306,0.297300913177633,0.0444982180706337,0.104813318440044,0.154654916605824,0.246468377794634,0.0856804058470138,0.11718314487621,0.176316249125704,0.218360265897334,0.227536276193886,0.0355946559094903,0.804769701825991,0.144276359585625,0.312062778222273,0.0203129654397562,0.33376863053567,0.345755718476167,0.00121635239736208,0.0960522674521314,0.199910907917348,0.167277560612785,0.307787555830782,0.192526043607224,0.143129339574111,0.136316473587385,0.161891203438081,0.0814045950652924,0.501275045895114,0.349229154273282,0.3811991607886,0.0179786689760425,0.0942504031973535,0.0310187013316072,0.547342456236701,0.0866150968686617,0.340800180669896,0.164363602832803,0.296907171938525,0.0192670754065259,0.15564218249229,0.0902691850366253,1.20005509422886,0.405716924414512,0.639002544189132,0.151091563014939,0.0802012436540555,0.170586752642285,0.307007036736846
25.25,0.184146746982518,0.332992196712544,0.0927538561741369,0.183146374574869,0.0641724263013409,0.0929178905545226,0.236169981406397,0.106194244574057,0.564113486657234,0.452095051239775,0.250410777786549,0.258118548837316,0.30107396523446,0.0528891011023225,0.317002591319646,0.0618637828764129,0.153144286386102,0.0739091383006803,0.0989641307735122,0.195510382194887,0.00729589951430251,0.0701947566484195,0.18174561238935,0.135594669262129,0.10417176614211,0.185936103163051,0.0399460282507472,0.0573614530741255,0.106855960669118,0.244026632570069,0.10360695249305,0.0597755908028981,0.0580099839339546,0.0996445469772786,0.125885457818185,0.0776089830333571,0.217018974043504,0.173490478379437,0.307566402972899,0.195423666835392,0.0534680766789077,0.128759722586832,0.0845108926360693,0.0941473327887906,0.387902787540407,0.205763366434778,0.164769584420662,0.290636409159338,0.0352350573595907,0.0643836079094302,0.237074656211089,0.0419157105567399,0.178576042931476,0.301331969956449,0.174379396866003,0.439529195747847,0.0408762725353643,0.111414586946642,0.654372495138774,0.345178204822304,0.492939749854313,0.166442892051133,0.229354946687999,0.251997443434677,0.0246267667846803
25.5,0.190532357832794,0.0548714009170033,0.0158716952116206,0.00244946815582337,0.0348307835625622,0.163577272708675,0.00477168659762378,0.186486206192497,0.0374619722959257,0.10038951334327,0.327591828746288,0.00398160787404719,0.287101373158693,0.134655027510845,0.200156118803474,0.0459020594170839,0.0533592646014364,0.00158341398322557,0.11166698829294,0.0698717261032562,0.0295401880055309,0.064205962146163,0.00142752089744552,0.0832438870756514,0.184971788910647,0.0713709444875198,0.0290128830332009,0.45506814693518,0.371234071722856,0.168925980648733,0.0102948204816323,0.964476795234962,0.00712451806983036,0.0026112998146709,0.0297092430742316,0.0754816141119041,0.0036582370543611,0.124439877232095,0.319284830885367,0.0261480585704619,0.0113151622716579,0.0354712921423157,0.0215622737360678,0.241694633950993,0.0039134866616042,0.0342973963256847,0.110844484196244,0.00432407053791333,0.107017729977819,0.36992021536714,0.0263132188768425,0.33345197449467,0.181123650830942,0.0199141084212933,0.570044325803221,0.0554140396154661,0.0761391920077262,0.270514370351605,0.0276011308998966,0.295560540511618,0.0759403774802887,0.1706253674793,0.0425789370018717,0.0315194303057589,0.070918005977957
25.75,0.0278327779548003,0.0759689321012395,0.0308976773777191,0.012021704321057,0.0245301523636731,0.19598574586164,0.062530863959764,0.0203780005685936,0.523063040977426,0.569993096541439,0.000266897255298534,0.105950704562668,0.130118339573527,0.448006457921408,0.0537312189682187,0.201124466367407,0.0215765084946583,0.00343527444740705,0.0160305972107574,0.0899027174572909,0.00238845329852022,0.0554641722491056,0.000260532867865754,0.0107780591506988,0.0518329185114412,0.252582501916268,0.0113071423411786,0.331512563263004,0.708435355154585,0.352885535465615,0.147839271511579,1.33709250368578,0.00752307107398965,0.000891509156773063,0.00675345882769215,0.0435713303507544,0.0677414562038877,0.0575287609351922,0.197891178808431,0.00729752779681826,0.000943379448382724,0.112190756537976,0.00085851711947979,0.0602914424855911,0.346135862221034,0.375240559343738,0.00827048997356893,0.0511290154650942,0.127955021832847,0.670936523646962,0.0761107379069319,0.0562243131689517,0.000136232207892714,0.0503701127875885,0.0909046470505448,0.116312650197319,0.0938205399981672,0.55475149830454,0.362288819958288,0.726908310214637,0.71519216469236,0.410209030905376,0.0119260502454213,0.439629459111087,0.0156796257290685
26,0.0301634776347117,0.123469524982392,0.108247842238003,0.0216163948020221,0.0238015413187742,0.15190835208979,0.245733908660471,0.0291512901591894,0.485356236180507,0.276926146930581,0.00903289320854672,0.0324919963590095,0.173792656943927,0.404780569870234,0.324288331633959,0.161345646113105,0.00392750953491692,0.0735974396971909,0.0628824047891528,0.193172271895656,0.0866867671660241,0.0984927100993831,0.0523667116473407,0.0687446965780154,0.0610011766647282,0.399261597654696,0.056917546472575,0.46730432178417,0.507132647554735,0.0829356529906022,0.0230011906876498,2.23011787279162,0.075083756046405,0.051448806947072,0.00899065421624479,0.0331038307256993,0.168785983418272,0.124316639746052,0.282913371294101,0.0112546371502133,0.0695538918336187,0.0674239556649197,0.0245808089243473,0.116141845832813,0.42277370379123,0.141335771281024,0.0735389238313467,0.0267607152085757,0.195742342792975,0.724221107830599,0.279082886932584,0.0892448592865465,0.0501845089558176,0.041892724707719,0.0494448075735727,0.0522146157769193,0.145874654181889,0.0382330766925372,0.898986354255399,0.373277333811462,1.53689856390748,0.161181838964799,0.0651844755722145,0.277146317899145,0.107663394804024
26.25,0.0542644544685456,0.04681681365755,0.135117258600308,0.000801019437891308,0.0281629358025759,0.00681668749391066,0.118393832251689,0.138679049788771,0.605489399486337,0.425402491697393,0.137861426893088,0.0230062313593095,0.168695523183722,0.155794194143206,0.21628906713609,0.0527047569377572,0.0777676813806115,0.0877975552118323,0.00820428671707333,0.0678846420536645,0.0912115160578871,0.0323073287987666,0.0222118915408995,0.0130114382338238,0.0960007234223154,0.0663127387652036,0.0366861486195058,0.150019301858002,0.278703329405135,0.022073334628945,0.162263336964945,0.847263064597796,0.110127192517483,0.0288791329833747,0.0449972953760336,0.00471958255259822,0.0766201735809638,0.119429482281422,0.379657018904467,0.0292684160527508,0.120300942478853,0.00274767257957547,0.0178373000856737,0.0446852462834988,0.373048950777911,0.331653380330377,0.13283327801603,0.0554555466728278,0.0954713370688741,0.199333008096809,0.156485021654154,0.282929434049383,0.14454302304112,0.0157071115400968,0.207844716271424,0.187391235921441,0.0207129956495493,0.149440311504217,0.56043529234834,0.418757974371156,0.242315340641524,0.163626962561212,0.0170185575042839,0.370766346724666,0.0816757199507339
26.5,0.127859778571981,0.0600148982631916,0.0230127454591418,0.00686985073589235,0.0472282790776916,0.0597766687520629,0.0422020640244981,0.0269927885103693,0.179767489853525,0.0366319820418336,0.270845697329524,0.0681120347369669,0.930416003117836,0.185733748900346,0.347553185585211,0.133455874725639,0.0571688127637267,0.00767091822989,0.00896460469952121,0.00196673116532531,0.0211519398678582,0.00747782196095932,0.00465279051935258,0.00357505902058647,0.27731787116339,0.137005668708276,0.0891867738395164,0.256626554679458,0.76750930827258,0.121920872518514,0.32490532750925,0.291680219085023,0.0216885689778131,0.00149068071211361,0.0158182489955133,0.0139114463510769,0.0113654779676437,0.0033494139877093,0.119808268555918,0.0191929865509622,0.0554829398356343,0.0170988449667089,0.00349221783510544,0.0489706827093635,0.130519659538104,0.0650474231936411,0.111024349118694,0.0629367886147063,0.212009222477518,0.168904248590768,0.0701413793927263,0.221339900836271,0.148716475261195,0.0490031183585653,0.410102044745846,0.0320809285787479,0.127302444606818,0.0681840291839912,0.170426672073798,0.0148003202888983,0.321368647779214,0.00190598044249473,0.000845007201009562,0.0344010140969163,0.00959979511994978
26.75,0.251568370662239,0.403733969775318,0.164589266317536,0.183901199717389,0.0110366799064717,0.0752425068042188,0.193675007322899,0.219489793274369,0.566519563847706,0.853376642519293,0.123208319089829,0.453949218997637,0.143280566261965,0.310423272074418,0.737076666984322,0.0195822554566984,0.189154597347978,0.201064833279227,0.018140385710209,0.204583120288359,0.12097237223942,0.0410006594385267,0.093280839311649,0.116840195378718,0.122257689007112,0.286895158977595,0.0969180975757092,0.0227828665722064,0.00600890946128251,0.649072265704056,0.269008517888881,0.0478288907016766,0.15738272724359,0.193090945177666,0.0183167564985721,0.0550935216035126,0.155064286172483,0.240467378018829,0.204575830836708,0.270225914687047,0.05731669164159,0.102826042432011,0.0379839194121101,0.0914341522154526,0.488097537523059,0.796397883283859,0.132945798301413,0.28082261986251,0.106606902331745,0.132515507136081,0.246102712673751,0.170588006432267,0.0888980979604995,0.378311883781462,0.186298408839121,0.598558537092484,0.242448673275137,0.358317928816734,0.330814228580824,0.437201771453025,1.89697003215937,0.03779077625646,0.0609132503768317,0.505743991231106,0.0830812387682527
27,0.109880394882055,0.0211063107280161,0.000512278062970686,0.125748850588339,0.0398536703621374,0.0529586626510629,0.0835032088980061,0.00718987903447494,0.150748223628266,0.0987420130648051,0.151103610963748,0.0286627935358811,0.352893802056608,0.00602924074295798,0.00201418073638828,0.395951909606722,0.00880746315389902,0.0298767510148867,0.162847873874133,0.0509104346490915,0.0113937521019671,0.142508860299429,0.100199333928156,0.0756500079445776,0.0349034641252347,0.203069422553933,0.0241578817549882,0.059546155489532,0.122861576655572,0.0704330394248233,0.158886607616152,0.220932072346916,0.00146461406137517,0.134692627413282,0.0725083704742949,0.0960673630142581,0.0737212807323493,0.038787516674495,0.0141797904019891,0.0406622177548912,0.0329762320528495,0.12556545284853,0.053785783504485,0.0030630780709481,0.135112308003085,0.0503190963512644,0.0298947945279378,0.0702129034443501,0.0117748923013356,0.0727878875569966,0.0471115859981052,0.208210596188526,0.26104879432082,0.0267306128436907,0.0357474805151066,0.00433283310094056,0.00693636013732136,0.429499576760105,0.359308607191237,0.101163227862663,0.396001872602715,0.166265256361952,0.0768149550068474,0.0387407593585489,0.0802513265192598
27.25,0.0953928187905482,0.128456349336781,0.0771052127724013,0.0578190925270434,0.0805418293475022,0.0287643333358552,0.0559943485858023,0.00505082975586791,0.0542375074948787,0.0888337218408944,0.0865357220140697,0.224211708369262,1.18019992469493,0.458850264612339,0.137785389109479,0.244753763385687,0.0747626833047442,0.0369513979024461,0.246649818598884,0.0565058755357073,0.201137871102314,0.0162286160813405,0.0687162483369384,0.00368408843715917,0.0955172418038776,0.197354080477083,0.0734705374165164,0.180613909392378,0.144651487754571,0.859289734364276,0.263470496469287,0.406562875676148,0.0761160771842486,0.0256467577789297,0.219149573753789,0.0195183874359366,0.05189217045112,0.0166766264978988,0.0391648926231835,0.0746610312428786,0.147454604848739,0.0547901887075099,0.0350497717853797,0.0202316985606259,0.0985907101578689,0.0893816185307928,0.0322519189438089,0.100173919295027,0.118980049869021,0.270733144301197,0.0840265608774345,0.0586898605915474,0.0370464075278498,0.227002009610285,0.373362085910504,0.557609509814767,0.0441674282632703,0.299704926359631,0.230377097466681,0.426246603648728,0.076395961609673,0.184050401574685,0.0802839296742845,0.091069109081275,0.130788407858394
27.5,0.137347424844115,0.1166020051074,0.00178031129995592,0.0137697532041937,0.0211810060673923,0.0456129548573498,0.042377672827607,0.0328389119579846,0.0103787909271592,0.00554389569704558,0.0476506034098763,0.100035689474069,1.87695632127809,0.0532567974941271,0.162199479645985,0.0782239632442133,0.0155784988214288,0.0117968399715235,0.013068096680056,0.0151996348078897,0.0193494112739814,0.0344393525583361,0.0420984957255721,0.0360961269317367,0.175835891684099,0.0540849185026224,0.0434248609865246,0.120199300293224,0.0823892702861511,0.161353330608154,0.0213376581301689,0.483993354403842,0.00240076736322889,0.0133129312024807,0.027396627334209,0.0650384296497833,0.0450975186383953,0.0179656982179123,0.015519480919337,0.041820626052312,0.00910196353800453,0.0215226856387419,0.0495296153389236,0.0395344601525987,0.026892923607709,0.00627345135489124,0.0271627578109806,0.0798933585428394,0.216453881408414,0.140232941664014,0.0596491257619412,0.175797961105167,0.0792402548173069,0.10588828993658,0.457887790675381,0.0702196868318397,0.115452729621674,0.0961475283936536,0.0123380076868889,0.169445695730639,0.157046688238211,0.0416187226429626,0.0174444209676448,0.000733638534170933,0.0161295340615229
27.75,0.104216669663869,0.158891764238559,0.0380867699988464,0.337611984403709,0.0189763735855119,0.0773205778471146,0.169918120389229,0.185795389250462,0.571288926466374,0.243238314186807,0.100843455301271,0.209103261835356,0.745829886729857,0.17914186028083,0.705227892101089,0.264774511013232,0.11769027124353,0.0936963613810926,0.0216934360143655,0.0240965594321708,0.0154866295305222,0.182897113734432,0.00562391293997542,0.0124019639734433,0.119583642880313,0.241950591157952,0.122527423357114,0.110118940878129,0.0268463475232724,0.268813006317686,0.409676877344053,0.223241636852518,0.0235999553059273,0.242863241154733,0.0063183126022385,0.0673079716263316,0.0570526152082339,0.0635407941403876,0.0585679345790068,0.188103452506125,0.00654057225504886,0.286508227520048,0.0725282901726361,0.0502528484554549,0.28652686649533,0.438569529520172,0.00563670107855292,0.212475656636292,0.093842412101012,0.221669784039654,0.395698615015143,0.500775247687492,0.0206040437339511,0.211877424950941,0.356650727664295,0.432084803874487,0.366424803122277,0.00671665604465664,0.979144665253291,0.7422702281972,0.808707568317068,0.047344705875186,0.00285904211284355,0.133955577798574,0.0718190130793271
28,0.0446428611453516,0.0490973543514394,0.0107242092857368,0.0226895983481611,0.0302249772458314,0.0593648078708311,0.158165549466819,0.0864901348365075,0.474478209287777,0.0109814937773755,0.172341856156671,0.116860430406722,0.0182654147111079,0.446680208788524,0.350560418187051,0.0176816431841227,0.0170540495468112,0.045151272463648,0.0966935919249226,0.0139692685379843,0.0415035734760651,0.0439645813960502,0.0467528926514221,0.00429025673658106,0.0498195583510103,0.0445842356333121,0.176029671270254,0.250971084495468,1.28960881397286,0.241691853507666,0.137503199886846,0.531675075495062,0.0171763740692001,0.027785615268865,0.0406296171350521,0.0234682173151616,0.0587066570005441,0.0229875282841235,0.0233168257376645,0.0134905661880989,0.00224141709175824,0.0905659566314511,0.092181550795639,0.0451106166194338,0.365739997176037,0.148392272889558,0.0882925054627411,0.0223028233264689,0.127870642767806,0.29442242684618,0.228677304782034,0.152157849479582,0.116935583797893,0.0650265290842623,0.0408086807171725,0.453559371330596,0.0997755471534847,0.0995631765035284,0.494539688989899,0.0765965482646542,1.14341480087258,0.00569860528545079,0.0182295633179287,0.0297099152422917,0.081605825090156
28.25,0.0139358773676085,0.0609060102383008,0.10324028549852,0.0199900644182127,0.0634732536827179,0.11616279185017,0.0108219536369741,0.0202786058971818,0.218141953538621,0.219641424029449,0.135837268153386,0.0523938584148371,0.502926003800972,0.000525038941833147,0.356794529204586,0.269475695181665,0.00453548161596107,0.0909249752162024,0.270106379342428,0.0194032873704748,0.109547678618489,0.315199210120181,0.112975469015094,0.117886396806247,0.0731022115770019,0.0689781907801468,0.006961366934569,0.00610229426021291,0.0728059500212554,0.0234680626578954,0.0333612881497803,0.123602187445825,0.121328404188532,0.063361466473763,0.183106327070534,0.317055893178969,0.0322355380204841,0.0126534388436106,0.114563320279483,0.0174706394546883,0.0935735045471834,0.0899977440805434,0.0258256183560817,0.0217169419182181,0.109515055605792,0.123942132550256,0.141954086343461,0.0260581257759269,0.0452912141575946,0.0341951983393301,0.0528916682423403,0.120493837325482,0.100556669872902,0.0298320181582649,0.0901163096619651,0.0790349202926406,0.21903335802852,0.178710112840379,0.19462078487839,0.329049128875795,1.25656972862352,0.232553021818633,0.137185796397449,0.0251680532579598,0.239923855271129
28.5,0.0228419384471687,0.0901755360416398,0.15440330142946,0.0271302259684171,0.0412049543737964,0.0804324030989842,0.0024723439487075,0.0505085305368436,0.0942833041360867,0.143090633620944,0.146949936284252,0.110727958532579,1.16046012127363,0.191064850579832,0.16667731442828,0.1224491530776,0.0478576627966655,0.0331672303249049,0.0148585004891076,0.0249014188477894,0.0386528172038583,0.00859617019139001,0.00439809214038132,0.0316801718790612,0.227856616061043,0.0537101156134453,0.164424891203564,0.0771196196117055,0.400758165436479,0.400149202369718,0.289048511153209,0.13230803894109,0.055939207619522,0.0314463061082359,0.021411266799544,0.0238783032128695,0.00687135783573849,0.0325905267583507,0.0554346728886206,0.0359072286596767,0.118981108983181,0.0234789570922509,0.0215717150161979,0.0867291918205725,0.024054721276004,0.041782091948957,0.190443269186409,0.0240511322840028,0.547352017514581,0.0983060299954634,0.0271842964705453,0.102990533013325,0.0793291848748491,0.101965753107891,0.205385581194852,0.562686720159558,0.257599389626343,0.352955020870189,0.00586046329955887,0.119376961276913,0.385277683213383,0.182899468738474,0.0273202064336249,0.0914997525679483,0.0333975795270768
28.75,0.273544728303013,0.447892999033664,0.196946468575677,0.159723795660248,0.033848407161186,0.0214056156307007,0.203293726444308,0.120738285109485,0.300480989362393,0.063038356915507,0.205442208054741,0.269233687095685,0.636816005858454,0.163376471526447,0.723325498405656,0.140245971616143,0.250598670178804,0.116825541543005,0.0577645531662706,0.0933165535508276,0.0886550217507428,0.00252353257548343,0.0356756161769853,0.0542001567999163,0.171719744491403,0.0440536202626546,0.367748040118376,0.149030448786246,0.509747459821357,0.191380512811704,1.13115938076186,0.394344780261029,0.166305509334032,0.0756590184569339,0.0446876468639689,0.04520388823443,0.0989114170105058,0.10670389274301,0.18213146542635,0.286773225625217,0.0930927822621534,0.0414259133197216,0.0991334966130086,0.0697369325689037,0.328153834103061,0.3110722107459,0.208206173736534,0.332893627140454,0.273033967002304,0.116920241890294,0.429508293439424,0.283587626196792,0.109991878676353,0.416251487056151,0.206490720563634,0.199580388116307,0.0852927177120423,0.233729239483018,0.354202278175954,0.0227977659201523,0.510060887656386,0.0325171101624977,0.0388220177433477,0.20960874468504,0.0594734348471871
29,0.0388405273274675,0.0413879768557237,0.125009431797169,0.0392418157546389,0.0589909775363874,0.235911131954876,0.0826022586685001,0.205830557648327,0.0502775780809829,0.0801881239003579,0.231341896167644,0.157968733282279,2.1080333864672,0.313647237291342,0.384833809811869,0.285846090319595,0.0263918187748766,0.0469723781838506,0.0253735391944832,0.0144549065863221,0.12293135490024,0.0213268069663067,0.0164845070591882,0.089161460265497,0.349187414521769,0.163449339221604,0.313518743157372,0.373731107546965,0.0946426140126443,0.21669184594148,0.437833017085031,0.362965454011554,0.130107679824248,0.00255040720367829,0.0168979561838685,0.113314427078883,0.0157261096999696,0.0835195405321236,0.0412162102029961,0.0214190068697907,0.149703868368547,0.114844816748121,0.092875760350879,0.245303922313576,0.037830566099156,0.0829948750361109,0.132909465900425,0.144014217234454,0.488322038601055,0.305136590114987,0.262634978402451,0.313120594215641,0.0855348215510103,0.115106662979641,0.677893474803803,0.273825993035644,0.16481685517803,0.270966997892441,0.434934620010323,0.0915154629868099,0.339970713027515,0.0901113039662058,0.0605141648099305,0.0501773202469489,0.0404865681357393
29.25,0.08401764761109,0.264144452102287,0.0396844632498868,0.0886544289509886,0.039020883991063,0.0279909223959889,0.0905854621720851,0.0537581405362127,0.0748163323104482,0.0251800742726151,0.0726698276283805,0.266191310293259,0.060788641325157,0.0819942311925083,0.0254329216961647,0.0285530195374298,0.0906275205564897,0.0274406677191983,0.0330907848233396,0.180890690503679,0.0221177911766844,0.022590106142223,0.099025010207335,0.0517892096119392,0.124272581822649,0.0852064062745737,0.0871092812862433,0.0159328830645125,0.0860272517202738,0.223481349054648,0.299618460696756,0.183153884274768,0.0427261316124806,0.0252178080053617,0.0519844653794425,0.052154202630707,0.111622353313239,0.0674845723670024,0.126130314153032,0.116445612052899,0.0369394310258827,0.0718584208881741,0.0785912953012067,0.00859055436384023,0.0852026903405687,0.0456058266213492,0.0430934794588931,0.18334467187327,0.0366984050039472,0.0735163233765719,0.0453860215519232,0.0208669819162466,0.0124133266888657,0.238113423570806,0.0222396450670025,0.101868637378842,0.0379499514224114,0.282377159962399,0.361068241784786,0.162795610469683,0.0205904494701029,0.0522239081424158,0.0789355863842278,0.0732840678136264,0.0045257471419699
29.5,0.0240311911871567,0.0131664950376785,0.0452709982968819,0.131506613910378,0.212918626405369,0.15307932932182,0.0365956794613257,0.0343094676609789,0.0461260690743371,0.113674199626386,0.0667115144491468,0.000547826077324503,0.566859394774869,0.289586394747144,0.290139850183551,0.187944629265972,0.00220930061292656,0.0175602443069869,0.0589523926165307,0.00553975151380962,0.0993307874817068,0.0848873448243807,0.0529963379368921,0.0201625427601577,0.093940940387659,0.115067415691582,0.096354095622364,0.209357082277886,0.286027319909376,0.133028698173245,0.290540245709194,0.850102282642762,0.0446804842898947,0.114485445419746,0.0846969763847949,0.0595304493129988,0.0192751559348949,0.000528510739740441,0.0160104204270561,0.0255618613175636,0.184571568796569,0.129202058905982,0.0661607818882478,0.0515463067114025,0.0200419532152206,0.0843852908480248,0.0170885180082519,0.0390457703002212,0.118017234159937,0.300022675810744,0.0660301878967528,0.132562276825984,0.0272603606886511,0.00681607381581032,0.132487573874722,0.0182594378043115,0.00871355030363533,0.379908092638499,0.11675515992677,0.0874587491275164,0.0791150803495121,0.125362787008443,0.0140143729317316,0.0377269827019343,0.0449753708328073
29.75,0.265679992364501,0.259939823690404,0.00338839431675478,0.00497554166864748,0.026216332374449,0.13706240821518,0.0269925858607698,0.0566693350156706,0.0917594480490686,0.0464976210548024,0.043888329969895,0.0713956045717328,0.271266566278463,0.157081901384132,0.123967891373841,0.0672180118628813,0.0850120711631575,0.0136425646477104,0.013454929384928,0.000106975799609565,0.000333818274469364,0.0372069219221041,0.00169649636401714,0.0145999781976558,0.0580428568113039,0.192236253157105,0.119430364992511,0.216405014763448,0.285204826219604,0.65013739555799,0.22405308599475,0.763205600985829,0.000834730185126503,0.00644698760307144,0.000385802198449106,0.0612065124055264,0.0138739890390526,0.0131954861733136,0.16989780088627,0.0467539367709354,0.0469700974073604,0.0561893350176159,0.0231151507584723,0.0960611353393856,0.106601311111559,0.0818954661659212,0.00218924905896716,0.0177828234766198,0.246833488937185,0.38519374081819,0.103881691851189,0.192629498994241,0.0408984664416058,0.200955865709852,0.0774461685984572,0.137964044423434,0.123634109070676,0.400327040104184,0.494790340631607,0.100701900764525,0.282565935663572,0.17391315981874,0.00861613811159712,0.0190140703182822,0.0155257592257495
30,0.0148181185215954,0.01927395780791,0.191403993016694,0.0703808779269709,0.143891302999316,0.0740979625050002,0.0252515857794188,0.00981377741746152,0.509695595993984,0.234615670547483,0.0652415711332976,0.0830044595077782,1.66226995542887,0.185075797821295,0.504667760866194,0.541205507417635,0.0107685984278314,0.0609723279596243,0.0494576974620324,0.0663238815288458,0.196218242207923,0.0581758285845104,0.103628095148507,0.0233649969300667,0.322102315111071,0.298614882100175,0.0051340120611037,0.195346264182971,0.0824230403221171,0.0377626928634397,0.0269248908298041,0.870908436563073,0.13649753410613,0.0582347591122049,0.062056251813229,0.0585523969366926,0.0862408008562369,0.052459348415011,0.0830718321663673,0.00399428316346286,0.342526020123458,0.13258266360164,0.0349899478045639,0.00897526287673716,0.119729064801738,0.105637507599618,0.147933981226538,0.059565621322197,0.321551900496569,0.423155756768651,0.0887045395886515,0.0820333214207385,0.00412113453755589,0.0292728525020719,0.524609404594175,0.237789286737216,0.334959223659173,0.285051722846118,0.583685288242167,0.150596990669067,4.68794817162593,0.507322868849975,0.0578357178063382,0.115320657686421,0.0986508265842275
30.25,0.021888274267184,0.0203348637561508,0.0074055311279709,0.000620397004506551,0.0103600974662881,0.00498855989556389,0.0806944262045796,0.0119945132338928,0.147243532253509,0.0464827008055867,0.015871807306022,0.0997220369242716,0.761310695043351,0.0692167085698602,0.338141686036901,0.0357773122663112,0.0140910512500677,0.000584185724277637,0.0874866882651122,0.0111737765371998,0.00660270622088012,0.0422267802192114,0.0238746332459277,0.0192423869368872,0.00155444149461893,0.218983127749244,0.0629062128011288,0.0325063893492481,0.106725674562421,0.103539039034432,0.257092629913423,0.215679816473088,0.000753483940142315,0.00907231479717721,0.0202298703498002,0.0310463402951399,0.0551322133112919,0.0238655041546942,0.0425521450260177,0.0047972039104356,0.00428393553328993,0.00584698845379096,0.0374386112660508,0.00292563385884428,0.0925341565179108,0.103272052928343,0.000585268759176508,0.0362849729258642,0.0333024545172896,0.144315583271155,0.125791649163424,0.014632258763667,0.0415030080803103,0.0492456680039207,0.0736220031610031,0.224452848968531,0.0155742897516226,0.37198802698619,0.244110290311444,0.551964216760508,0.665852716385899,0.113054131070174,0.0309274046095074,0.0357514203260211,0.0181569203886398
30.5,0.00333415216782638,0.16820600414954,0.00556080666698086,0.0545109565139479,0.0182672829409249,0.000105422831251569,0.0222843719641297,0.00634188637626215,0.0644655023459306,0.0516432982137677,0.0235425031597057,0.0729533424758378,0.126244499721505,0.127390417627123,0.1380190851992,0.00645324056969561,0.0596933377968404,0.00968257229107213,0.0987404697357528,0.0440365269441892,0.0330486244741418,0.0111266220247627,0.0302790239384882,0.00656010301972739,0.0126940001081881,0.0488925650724618,0.00614863259718534,0.0227921372702494,0.0881195402043463,0.399891227650015,0.0278033693716821,0.0243769431888927,0.020192027067068,0.0326846355272271,0.0271233513685145,0.0121621281324704,0.041764330890138,0.00635808008886476,0.0441045200858027,0.0927245203719829,0.0104644004122584,0.0178502124124107,0.0118169518602138,0.00337459581102994,0.0490935732629974,0.0278271303358922,0.00181544085998349,0.117552833344833,0.00695292236542943,0.0226395583788271,0.0245643093144457,0.00421281482732835,0.0209445411836212,0.156461590307846,0.00753181293430416,0.0892628729237589,0.079863997348189,0.0210844998141992,0.109504556627525,0.0586990803721797,0.565287866861365,0.0187039361376384,0.0522391851173175,0.0481034523343633,0.0284025723649491
30.75,0.10560459851931,0.0229663879039069,0.034541946559576,0.0479336567954707,0.0703290745447595,0.0745590705359375,0.109549590837083,0.045410309362894,0.0962674175340689,0.0379453069424382,0.310561565157697,0.0626437173669567,0.219449072398759,0.15635611094454,0.459058962706824,0.147812743218512,0.0327154156856912,0.048182957461174,0.0207386013121327,0.0122109529410882,0.00354982070058317,0.0287390592711547,0.0564624768496028,0.00216696922820651,0.0736713802885094,0.117452867018841,0.250626806712119,0.0922970741074922,0.278142213659603,0.166078064278963,0.366638767369386,0.315575842222394,0.036875444463563,0.0501750826615022,0.0304273821158099,0.00139854402074378,0.0379885721537326,0.00423105853492158,0.0590128393618474,0.0412202905844581,0.00620323528937187,0.0513118678058151,0.112238647608803,0.0324559971977351,0.077773221086844,0.0537347373317161,0.111756678438579,0.0819297604147214,0.268314265297092,0.130194935100529,0.239031588173988,0.127396062721734,0.215174505752508,0.0414672773866925,0.279438477621048,0.118241067620635,0.0892347307918908,0.52008327545734,0.26223346237008,0.172209103804478,1.18422774302348,0.0825565146305912,0.0164691779075163,0.00486223817728665,0.0148649658569062
31,0.00661890071824197,0.139168189701715,0.043394350914943,0.0683263281270468,0.0183353991902538,0.00314006832319474,0.0159306830830507,0.0938182195336835,0.00682786731547145,0.0152148473826035,0.0601150243649055,0.123134914689481,0.25186353887986,0.0743857010392929,0.111192354042598,0.203908962316601,0.000751647907527655,0.0541099377428494,0.147344076580758,0.0816504357150091,0.147323643230769,0.0462918076935568,0.0156044698438427,0.0467525546404975,0.0281138936906177,0.0737461627546458,0.145262606760867,0.03010622258741,0.288642870435764,0.226715759687087,0.347150927892365,0.0731469791964982,0.0514069675044785,0.0345518156531765,0.0832939863031032,0.0461894825737364,0.0128845879503559,0.0799108291189602,0.0381372194118168,0.0600641159250158,0.0293647140913011,0.0402198114001908,0.00630678774793521,0.0459319531636873,0.0249894978482897,0.0971385147337459,0.0139420435394813,0.106663434245465,0.303838537715767,0.0557003665548907,0.104952584957649,0.127398889039485,0.0109892288733782,0.149392431498261,0.0599796474979744,0.112390244291759,0.0213982942993396,0.114283748022731,0.0548880303261273,0.0713078239335822,0.0868510345269508,0.0801036020634798,0.0911746972439368,0.0307822494175609,0.150997006760074
31.25,0.0716740075817493,0.014362342994136,0.135613527621393,0.0179452994363543,0.0632445794162205,0.0151977121549088,0.00374881847161459,0.0631743324921094,0.0753982792849272,0.131295485488034,0.0164611928109735,0.0613696210003678,0.108136454340427,0.0477457403379006,0.078700007667035,0.049542195405842,0.0307212749041803,0.0666009570599474,0.0100669644345188,0.0314963405575997,0.158310339339485,0.0141428266531427,0.0135148958405303,0.0130878620932194,0.0221442237938366,0.075478024617699,0.0190678953603078,0.00850079236157446,0.52486294424395,0.0604197838861573,0.0208660003793445,0.0175032712475451,0.138722119182941,0.027692610166767,0.0299769666905031,0.00843475227003174,0.00828132536955858,0.0419630087039084,0.0319257065217685,0.000439383267104057,0.162611519727065,0.0300083236188231,0.0140322013829164,0.0168867959867554,0.0098166307529259,0.164631689420299,0.0797495115894675,0.0634524247505062,0.0361341033959992,0.0276974385829281,0.00972252192330266,0.0393634804664987,0.0627109806242757,0.030976399797731,0.0896165697636061,0.057589179379482,0.0398504517539433,0.331583137434171,0.155542356114239,0.18637774176525,0.669078707122094,0.0282008210770712,0.00699550833855658,0.0861104446437614,0.0547165666214754
31.5,0.0366059301781433,0.105942305177158,0.106820207588852,0.143081167832865,0.0052227160962784,0.0198760993910409,0.03946108009331,0.0824571827390609,0.160639496325442,0.204493546406084,0.173004388381267,0.104712427556388,0.786017116975241,0.104064330400209,0.380724650752149,0.22152887774136,0.118717908617491,0.121945303804122,0.022424507839865,0.0335333850273342,0.0345204751876892,0.064604518845393,0.0396183012359479,0.000678019263184501,0.033067311440542,0.12705362161742,0.0627840363523582,0.067002006246844,0.02622988137865,0.0723486613942803,0.0326910562098717,0.222760150131898,0.108633546311104,0.118988274829817,0.0114442089928322,0.00891908294567988,0.0352576987772555,0.0175032264750048,0.0803824647599322,0.100115713246715,0.0317091511642715,0.107461620637896,0.0192140412931311,0.0163661213987741,0.0334565801295949,0.10862308079547,0.114246904155723,0.136302373011262,0.0396841866630732,0.115482307665101,0.0937967067470558,0.102315718301235,0.169672484339649,0.0905786626390935,0.0133260787726916,0.119238180373104,0.0466057258522863,0.119573832952832,0.0923263438447408,0.417724660157255,1.23362998540505,0.126176957232527,0.00751080832470255,0.0457757539723703,0.0920106753944104
31.75,0.0511268941407007,0.0114517613208366,0.0222970198524283,0.00491886872585353,0.0156917377555035,0.0404388842835463,0.0356166779864948,0.0584933877335862,0.0476691911281116,0.0971511447613495,0.0142134873680527,0.0291545090757778,0.687648012015561,0.106760965151155,0.314624490482635,0.036431892919026,0.00742612984839179,0.00495382540403902,0.0114629942704579,0.00788664806862567,0.0268646503697371,0.0179083599147208,0.0127388542040665,0.01032723205721,0.0218119906076494,0.182177791164191,0.0243673000166572,0.148572107335356,0.0568415529093862,0.0175165047407005,0.0460528035869489,0.620226358488861,0.0268562248325227,0.00264602333949078,6.78499571025565e-05,0.0130408060236289,0.0217917464802143,0.0135053679712062,0.0239150455103235,0.00525700698357841,0.0614245418025059,0.00798212507271336,0.0139948912120727,0.0599611758720168,0.0225868077361789,0.0315995761539838,0.00714488646048502,0.0168279112331459,0.146142410440708,0.206814401061207,0.0864304924179824,0.042734022265619,0.11267771285606,0.00545387040269916,0.0704137862174671,0.00575707676768123,0.0579567298600032,0.183702634942686,0.131926505568018,0.125456452369883,0.455422442616059,0.150961983547381,0.00602250679914043,0.00395059781351533,0.0257785411716148
32,0.0949201627628145,0.0550437709922243,0.0245356187977122,0.0412724409969309,0.0352534057266185,0.0765549457399775,0.054674733242411,0.190026722824992,0.0821103875218631,0.0383752704602827,0.295073988611668,0.0242417530782345,1.5502611244959,0.0693754693421296,0.551213043144178,0.0613032308129423,0.0368898941730259,0.0579713420285959,0.0156449000415302,0.0889672188869528,0.00664492298731809,0.000389470367554256,0.0434449868868051,0.0732300670829003,0.0639890204268342,0.0781093380230936,0.0171926169298958,0.133020599419923,0.107986332903497,0.0180103794343862,0.163995893367587,0.190580365045963,0.0104546049397866,0.044050334131763,0.0428559169542631,0.0340328691889149,0.0764245072590049,0.1255872188808,0.183853764969341,0.0296923399866818,9.75945025663789e-05,0.00169909573499713,0.0174140046340216,0.128049814002706,0.0772550280155908,0.210246839377546,0.106732572244341,0.0380334671372139,0.0241888781855287,0.137870918092936,0.129787490500814,0.194893643838476,0.24771885606889,0.0272154136606603,0.185263026085105,0.117948760997088,0.237686444209702,0.0325765598638587,0.345377308248265,0.158689335648871,0.958952588815183,0.0626833466847515,0.0729675485201306,0.0925510935495624,0.0107040761124201
32.25,0.045903251304307,0.0446280149493513,0.0116311613058162,0.116624839101472,0.0867088850166508,0.0407201639469381,0.00366827259489096,0.0661415694601844,0.173180050885293,0.332349967732903,0.126650522427042,0.0247624459505346,0.123288784161863,0.158074417099473,0.213078596226594,0.53521434233528,0.0584799427443813,0.108139117288979,0.161942199472832,0.017822681358347,0.0493806362746799,0.135476230775134,0.0398624704962772,0.0555997651644771,0.113621770036468,0.0793898700781264,0.0665074048448596,0.0484036037096035,0.148883553402829,0.180462282204646,0.182204553186255,0.0416922246373441,0.0545757838290287,0.0834563951741424,0.105176472634881,0.0819834543569494,0.00530272194279651,0.030131051030571,0.149707101987965,0.0462444911315553,0.0202758893558689,0.130547419609889,0.0481670292969606,0.0374852858763301,0.0553548545032421,0.207756861806049,0.0388747870575852,0.111033196697088,0.580144119436242,0.023571587571823,0.0195979427352038,0.134022218607422,0.0609487843998373,0.0236887687604375,0.00264818317584206,0.0040130097821648,0.228926662222776,0.540229284809904,0.0789428852106589,1.15528978041069,0.827258834371181,0.608465358774559,0.0722158523347276,0.0231924221203469,0.116792026060302
32.5,0.104103579523147,0.0285375461298493,0.114612922003073,0.141752350326705,0.184479743417121,0.0963837109071896,0.00281511100534712,0.252248014156824,0.111230707586262,0.576159492227893,0.0019634066570318,0.0177387763771455,1.23241901852799,0.0511221458017441,0.135959993977419,0.860233360147586,0.0532342251330597,0.175454954502816,0.112876725306759,0.0172064835895973,0.155093588922915,0.161225313274512,0.0224249471107343,0.0382952492224465,0.207306161054055,0.0779658784014977,0.00437458071518534,0.23165281545249,0.0906213803913907,0.0592554882282814,0.0976602799548455,0.336861962916577,0.126119288511734,0.218478771155733,0.100343150683136,0.106927278700922,0.00221198735296237,0.0969119417812274,0.0236334806947836,0.0711858457455546,0.23847227822889,0.0839325254608661,0.0123905775015207,0.102152446593224,0.00608696266529963,0.570337509888425,0.0554688623579653,0.0266266685289579,0.216034540220379,0.110975152505733,0.0219214116343353,0.646970769972799,0.0314584212128182,0.00312954047620353,0.652308670749013,0.0492917891209047,0.0232450043892677,0.106134342143547,0.0730239586187027,0.579580110838122,0.63528391754112,0.339157564263698,0.0203536862052539,0.129410489816849,0.170228953102596
32.75,0.00119174881679877,0.089258853048027,0.0530675128647695,0.0323945246741167,0.0439482229925849,0.0219687376676812,0.00549553453684541,0.0301081008848638,0.076681985629282,0.253172421517272,0.0664563472466297,0.0647309613638064,1.3514115277151,0.0570833104365512,0.527090527792282,0.0906599253991671,0.00935222230187078,0.0504789098276042,0.139788728541607,0.0088552781599528,0.055218465749866,0.0902974232046369,0.0249957276334993,0.0267382227873156,0.144236731777436,0.0476856695396268,0.124944535769703,0.0185223522873195,0.164303559984307,0.401853095677002,0.871913181125455,0.0386406530211366,0.0810219347082177,0.0483929254676933,0.0537852692706364,0.0839061824157283,0.000880771319743231,0.00683233739239988,0.0309133206352038,0.0378132797381325,0.0992275628302023,0.0297981709493325,0.0196128320468344,0.0236515561613255,0.0508438684944357,0.0719490771874302,0.0636149358248628,0.0232178118027476,0.0898430254445948,0.0330709217716228,0.119929052433819,0.0763180936366062,0.0299758953119337,0.104350763401196,0.497317001033146,0.0220881736366825,0.227209684621308,0.398087526398427,0.0222947186150872,0.385364163041632,0.408607759082146,0.313017917273388,0.0297106312645242,0.0409588671248673,0.108293020658766
33,0.0043040669549908,0.226641760262223,0.0389735329796442,0.0531647139627776,0.0259456234899126,0.0709192702415866,0.0373404870077551,0.0207684996361159,0.171776341560145,0.119030839402835,0.0788363084610952,0.324552505236033,0.932779339938201,0.140647210628435,0.119526202656281,0.0260704782109031,0.0375434132258679,0.0197325245787669,0.0652576626060512,0.0198037862232359,0.0317549068002257,0.0536107820309284,0.00814638439695599,0.0304216133257634,0.0133285739064569,0.23701528855301,0.00325681654271495,0.0131802342480902,0.125527249190996,0.4370285175961,0.116775434476499,0.151158330253791,0.0271720493414721,0.028969707492248,0.0168004848487563,0.0727219677731584,0.0067704169819376,0.0221927886661989,0.00390694519229952,0.0835807284297838,0.0663388952930484,0.0557682866234171,0.000775343885149098,0.0172459432757494,0.0620828040344333,0.16318515959001,0.0290547683860137,0.188551728460591,0.106875427189696,0.105549250828102,0.0691993652166464,0.0247714257276928,0.022148606156947,0.225143882749107,0.17493497887843,0.632129400573592,0.176361687078263,0.00627556278249278,0.181166288302581,0.360427518099923,1.24803058795576,0.048980157454657,0.0143622188032758,0.0615424207494526,0.0471373650184769
33.25,0.0689891369921182,0.031764586162705,0.0985385088878858,0.0346709827317206,0.0387931936546754,0.00272084204555961,0.0507881407794546,0.0769141559716211,0.163079747625743,0.135529848869285,0.213685514694824,0.0351387165401078,0.0351993739951143,0.0931151302317972,0.0834743078221538,0.0386296126806826,0.0942977249102562,0.0706847193403854,0.00846583872414108,0.0753736465013006,0.100986629387115,0.0155573104546666,0.00640055327572799,0.0102885541235885,0.151990438110268,0.0286200841553684,0.0791120820716842,0.090640251273116,0.299325671820612,0.105000359101765,0.212389426656881,0.163522587605428,0.140293420222383,0.0292540019598017,0.0245219146677847,0.00086306062235444,0.0489724676225166,0.0415050797088356,0.133970552327752,0.0358578321900626,0.15650723322511,0.0274825376734788,0.00872625317309886,0.0288222986448224,0.142080411376279,0.115418646313718,0.138139453205386,0.0442941755730782,0.162798859701055,0.0556691022309362,0.0607132788151001,0.0446627664514398,0.123010663970831,0.0321909881040465,0.299550219618017,0.0326813400636142,0.0112556616298233,0.107313454651202,0.125549612452661,0.231583913474538,0.552898138241146,0.135921071652824,0.00528565925793751,0.0712882289459932,0.051898385004322
33.5,0.283940025669537,0.00487718927826554,0.0257298094542372,0.0238357331027591,0.01413825611379,0.0082559624358546,0.0156225045702482,0.0384979483602338,0.0175327967272244,0.00566819441535501,0.405963857001155,0.0692127508265068,0.263035285254141,0.00512062090454299,0.117132506893745,0.0346455077522821,0.0690003761739548,0.0222274575395796,0.0279721934099368,0.0189507998414019,0.0143976362329356,0.000604197848408563,0.0453398885670617,0.0294664917421133,0.0237558361764025,0.0401773343455195,0.0344502119292611,0.0487603267731103,0.142263387034619,0.00612398600220352,0.17779834239138,0.070971339619304,0.0147217742214577,0.00467888670567853,0.0357469424259708,0.00683428939529433,0.021852736417278,0.0192749795569172,0.0782287640971278,0.00664290593387907,0.000305104911296405,0.0376534746759804,0.0356300419339451,0.0209645028853362,0.00717391647166696,0.0375039556661354,0.144512246803694,0.000739350133595662,0.0538705266989571,0.00365092776869189,0.0342169455589341,0.0799494126216158,0.434626209453786,0.0215114419366337,0.0580167807475499,0.115290639120911,0.050990116485659,0.22500176779545,0.0100923107837163,0.015253179336773,0.417810400727609,0.0377370956355325,0.0355507551506064,0.00921598490739944,0.0144284104366524
33.75,0.068364404105426,0.00108993424259468,0.0159527090820641,0.0299064010096934,0.0309311359689464,0.0272142174096634,0.0506493842852835,0.0254870512203569,0.122064071040127,0.0599180544567321,0.0241126439553,0.0140784135368474,0.591647168743956,0.0895975123927609,0.191322959172499,0.0653849044959827,0.0123728615004569,0.0528419795414193,0.0199678649331036,0.0339328622047772,0.00117184374755929,0.00159749981519615,0.0328953340910323,0.000264397499329894,0.00649933561012175,0.12253905433959,0.0471412195719305,0.113333648949999,0.0914158200731872,0.0435177272220078,0.429516816752669,0.327566778472301,0.00951636895588476,0.0674878829492974,0.0494038451704279,0.00554580013850794,0.0420509525066409,0.00571152845734355,0.0552983518424085,0.0181308622891431,0.0130569410817947,0.0332243580167284,0.00678767873971857,0.028766286538428,0.080934688557408,0.0132721728105662,0.00631484999534551,0.015143666779527,0.0633894474789762,0.139846553604271,0.0891168802924331,0.0855828449825155,0.0021896666307844,0.00419089027245686,0.0264029440225853,0.021024835649303,0.0191650251193009,0.00040079033683521,0.151824033148319,0.106917575323632,1.35641410918941,0.0558638987924917,0.014623069614075,0.0293489443278878,0.00101937376035094
34,0.0113598086326406,0.011223508950717,0.011742612381654,0.0155689434082918,0.0485153196460708,0.0844482743294859,0.112547215799303,0.120616968797556,0.14135587569911,0.0164101023474517,0.00118832439823785,0.00681337152352193,0.0650694626017839,0.152366516966852,0.503118644262405,0.286889447919626,0.0112218475050307,0.0218390063479453,0.0108197850055609,0.0150295842687277,0.01919339848293,0.0136741743025527,0.0315581916600015,0.0213128350837338,0.0624509813105436,0.101140191528715,0.212722324845877,0.279871461162982,0.152025964724401,0.00612459482485642,0.505301923117675,0.370471151038641,0.0226547952234656,0.00563692112547126,0.000980455923939401,0.0307738169234045,0.0438550850835856,0.0445560324306835,0.0555492875092283,0.00945715909314185,0.0114639618141356,0.0357964397088903,0.0730393200110376,0.0925388151273369,0.0732902482187419,0.0651141590652215,0.00147142835702273,0.0422723145799822,0.194708484481086,0.150539864578112,0.224310420860244,0.285750303563184,0.0505343250089617,0.00979256163781385,0.0456909394249505,0.0397884191565357,0.201409836587653,0.397699601061178,0.509905994941444,0.155437301492759,2.07370945354789,0.135460772151247,0.00791412129733373,0.0191879851340252,0.0141662472042394
34.25,0.0752649123281781,0.0329894519811981,0.150728024314307,0.159660171089933,0.0211364686198498,0.130216841275289,0.181164343482535,0.0203992136728904,0.557879100006764,0.0732533648765831,0.301079958293641,0.122235541947175,1.44865124181814,0.0600681844683369,0.492105097331194,0.0952533411772185,0.0616299167100772,0.0536509670581266,0.0480501010790002,0.0843019294063011,0.0669224387598213,0.0891929013131037,0.0257862136659392,0.0281823237343276,0.116377420725284,0.194571690668747,0.11194317942195,0.0905141945443544,0.0870444082295122,0.126486097811595,0.242389598902964,0.0637755267561648,0.0489896903208198,0.0603186754532706,0.0111120370920107,0.0679029629973788,0.0949224127489207,0.0231444328938958,0.0276647251330317,0.0539893847235073,0.10319736117966,0.200338644812096,0.0363790979044932,0.0444757998745592,0.340763789940478,0.032466978590019,0.170291838228019,0.127464047260842,0.00306806994214381,0.0843110528315902,0.298121893316643,0.0933546759486579,0.218006303881595,0.0715029586653815,0.32468824579955,0.0292181494506439,0.303280273006429,0.113794959309868,1.07785246920172,0.024843467875929,2.38209921027985,0.0620275685177256,0.0219830557172604,0.134215838702059,0.0597066455935785
34.5,0.0813101031572637,0.154240731740304,0.036558868747745,0.12587452840904,0.07032991893864,0.0171109542905462,0.0534427744092746,0.0726617091333886,0.0669355232937714,0.0190774277509134,0.0236787385811484,0.149409834843952,0.419153239359993,0.0254104935089522,0.459352602663518,0.0918907321875671,0.0834011474097381,0.100358601974878,0.00587140552008868,0.0132389905871049,0.0679803726949134,0.0105558782647609,0.0596258184377054,0.0417278094624007,0.0985099363413169,0.104543663145546,0.116862580856002,0.0224427472183463,0.0335522798192564,0.251280854844403,0.306660841254682,0.00851589842795401,0.0483693202131532,0.110049730210836,0.0498106428434893,0.00642926317913438,0.0419948951322842,0.0316171947972292,0.153543139019371,0.146873623908448,0.114624273787544,0.0593308281818983,0.0387372067173875,0.0365568580554862,0.030459241830231,0.0489821150550191,0.0327173486565607,0.19166246412401,0.0446470788208865,0.0186446258388171,0.146483105803732,0.120157348057029,0.016321838039657,0.201936634719468,0.0716327416074083,0.0747297610655273,0.0781182956884369,0.059884735592881,0.27801502497529,0.0341425453439264,0.793903703135966,0.0325685577960271,0.0297259061141412,0.0119221204369963,0.0395250376411534
34.75,0.163300817125183,0.0021041314746322,0.182215258428941,0.075186589343507,0.110824028640036,0.0824906937372433,0.013193211580262,0.0857153361123759,0.375326776819619,0.275644184844336,0.123406057574666,0.0100128903705485,0.45047342856519,0.0823894536974819,0.0401220992252942,0.0601770911639828,0.0452401362067782,0.0703780862448797,0.00385842062976988,0.0159778447377726,0.0848943267096751,0.022530333837708,0.0095025248950987,0.0424593276334527,0.134132348166632,0.103041502833473,0.0711237179604016,0.222858722086807,0.132501637314633,0.00190124003123613,0.00313879587028951,0.503200839342394,0.126457848745537,0.0488195272986098,0.0223146198155525,0.0186645446670527,0.0069463484786052,0.0479661804419414,0.117625786201384,0.0160123845088158,0.145592173020485,0.0953101644583108,0.0749783344462689,0.0904458809001306,0.0692439831507531,0.11093241931651,0.154623675090622,0.0618347309206117,0.213676248582976,0.212107934073467,0.014908988960637,0.178007270982765,0.228351850998247,0.0049419396824697,0.204995322978081,0.00572625374461769,0.141736612786473,0.197217821336255,0.320747600261164,0.316057521812581,2.47626168474414,0.326357314772875,0.00470819671200076,0.0835609562105295,0.00871896378863295
35,0.0648459467320945,0.107251345300383,0.0588744127500816,0.118795427891759,0.215751566448837,0.0561346821676506,0.121837836987766,0.0707915118359442,0.0079140530241538,0.248715713029209,0.180621905966009,0.123600222430239,0.575523321727289,0.366902660161581,0.793442732166353,0.235401906054712,0.0794971293094855,0.0310878930766489,0.00831600371820855,0.0232202463144143,0.0429360124090296,0.0100271882952752,0.0602953316753432,0.00232050252181376,0.154909482066224,0.0496077327990553,0.636516784787829,0.384156206896956,0.568636258728138,0.0716146451333591,1.16761008066576,1.37216632396934,0.0352005507747958,0.0702322091362795,0.0491532258404231,0.00456525015013234,0.0520710566763335,0.00046494382455577,0.0549869340531536,0.130196886784094,0.181686776474237,0.0576757278318042,0.19787807799143,0.0768670456195879,0.0134901096606272,0.103946591577849,0.129244568791783,0.163536346936116,0.55413415046868,0.418950701312073,0.329217422131183,0.367243157665555,0.11835504829812,0.115113538455138,0.0484249052208581,0.175481741782058,0.340767955781921,0.167068421867204,0.0172147152492195,0.539576728977677,0.201862650018616,0.248373787888239,0.0168901849523355,0.00175056501196891,0.00376896618788722
35.25,0.140773870610382,0.167171070822995,0.0672391768080277,0.0405691778122873,0.0146201445635211,0.00470461008687171,0.144394061281052,0.0243946257764376,0.164376708143722,0.160939083847779,0.261133768727428,0.241852501177129,0.706752165401513,0.118107729892465,0.236081596327574,0.00688097153612364,0.0521947181464899,0.00526607279328384,0.0106127403318923,0.0880041915191291,0.0305158182652477,0.0187823564667692,0.0630422725994761,0.0573729434209995,0.261877543535504,0.0732052043609435,0.247191022153884,0.0196927843096369,0.36545518282209,0.430917150664622,0.0564237390991735,0.128621351870479,0.0154020360874136,0.0175067582546402,0.0294064734254232,0.0797931463527243,0.0729652810655103,0.0458805208847222,0.0246980325803916,0.100644568167382,0.0833058977840725,0.0166524122520128,0.130455356971393,0.0158500736300937,0.103212298884349,0.0987657157878559,0.220201933439819,0.228110450968954,0.0150471569604239,0.0432989617176279,0.157893466138614,0.00744871850040545,0.166497223693933,0.250259373003613,0.417282865892683,0.263519624930722,0.0714859195867812,0.0852530456770005,0.0496202701880958,0.141126616167921,0.664371043712748,0.0748850402421774,0.0406404629369794,0.152721002943274,0.0133706573533772
35.5,0.0121715797076367,0.0153713397989512,0.00991050627525859,0.0027375225938386,0.00588023725459384,0.0144395426199109,0.000673587966489793,0.0638978080563161,0.0951805489623334,0.0104848360097678,0.193058041077999,0.00317815610538513,0.133910941251659,0.0323715966661664,0.0566253055590506,0.00158616120843739,0.00223026298737056,0.0125735295626167,0.00872551013504354,0.00320251756821507,0.00530514409700461,4.82750537519937e-05,0.00418213144531878,0.00890633172748464,0.074443866605319,0.00691202049376268,0.0310680677402211,0.126303271236868,0.129874723925717,0.102163805564466,0.274968189160423,0.536406824106363,0.00179067799052737,0.0126293053676758,0.00914794908494779,0.000599745738614971,0.00160765860983333,0.0213984150183062,0.000430675198707551,0.00933266704478944,0.0368381394867299,0.00666688043812009,0.00617901424840602,0.0546330875118458,0.0127031943038243,0.0598429111368296,0.0628737460332854,0.00228498917724848,0.0681527789735279,0.115252545572251,0.00345276883121098,0.110969286031559,0.095546263186479,0.00589250084732784,0.0248024750766732,0.00188740069629418,0.120379191922785,0.247666359874148,0.173406249383305,0.0176441315311479,1.36707949214258,0.124834831405332,4.35955734744178e-05,0.00750618831011907,0.00740680603652892
35.75,0.140397835514383,0.0114077748404961,0.0687820244042243,0.0202925752708092,0.00414877654040709,0.038200729623713,0.0283856802317284,0.0067263204224951,0.0326816164363372,0.023646206913426,0.0113037072116364,0.0140260937671163,0.058355766140157,0.0170947896502998,0.78758294208867,0.0944302401623946,0.0672589856847733,0.0889816903466917,0.0562698281202222,0.0224592108684824,0.0521693386605163,0.0504859306222064,0.0292541086144109,0.0109828443895146,0.025451018286957,0.0300740225807696,0.226227425258346,0.0129566993185784,0.640842305145991,0.160707071688646,1.2012046160473,0.0163320044023335,0.0899263099047332,0.0170110759942985,0.0356544454883611,0.0629336268648263,0.00286356366719486,0.00611778862791695,0.0335416869878708,0.00379540615047431,0.0572816417989794,0.0661661621276441,0.0336889827991769,0.00140732742384901,0.0119882921839427,0.0124769802017902,0.0199564090941672,0.0125894938404569,0.205850948185479,0.00246250270903337,0.223154455554951,0.0848671330167768,0.135305495687387,0.0219157660255823,0.122435384245254,0.0267115973840196,0.232728523810202,0.209191906377414,0.275023256564293,0.0659932041450848,1.06415489512121,0.0306436679731519,0.0501949752909794,0.0293823348636175,0.0747504007015392
36,0.0447412660828369,0.0898013324336981,0.0119986809592924,0.0677159861189075,0.0075799803855313,0.023539092788745,0.0409380168520793,0.0442581170439409,0.0754021260654172,0.0188702137085155,0.182677224676264,0.0690652609243669,0.225744967275159,0.0206182787236146,0.652085009011842,0.275202214324704,0.0201233025471043,0.00472919913579912,0.0179897457588805,0.00300825522892457,0.00325982149759304,0.0390202775189662,0.000283891298754712,0.0108936343396695,0.0264626016401455,0.111743918130708,0.0911799096919977,0.0752259434869417,0.0696739568456711,0.0101696065779505,0.380165305515291,0.094132387995506,0.00338128599740224,0.0227402185032555,0.00841127156798492,0.0451870033187147,0.00729218258277969,0.00642122003901462,0.0369187481779741,0.0405418247437762,0.0102488703672161,0.0686681893251222,0.023220109619089,0.00542191098031424,0.0501458477550186,0.069027698055906,0.0417988018097556,0.107134988152765,0.00497202814315472,0.00103285962165068,0.159370163670531,0.211342218787575,0.132965902691633,0.0856711685991585,0.146530512093779,0.0857815876260098,0.185299383585945,0.331561525840201,0.23755682346476,0.303435399368047,1.39141885779365,0.041905159993066,0.0134770063470091,0.032010277700861,0.0218927802973484
36.25,0.029615045703759,0.0381087673816697,0.186651224947335,0.031764310166628,0.0447960972712651,0.00794911591904419,0.0515851702141522,0.0304153378527679,0.108632507565753,0.140535328264257,0.0170733269956159,0.0267872783092104,0.463342516562545,0.0255827368898534,0.447470280538778,0.134958721947691,0.0616981872400017,0.0677235468627846,0.0507881353649753,0.0319746780666467,0.0615603879925918,0.0450763803847423,0.019285633681483,0.0547165408896431,0.0615830886807419,0.0121685195045957,0.444450976483774,0.143604836749939,0.062849186453909,0.0722147748927276,0.4248417592172,0.233748692795842,0.111710814288529,0.0344175641693558,0.00748822584392367,0.0349675229384462,0.00860953729895323,0.0236813015274768,0.00612163148828877,0.0318288549391345,0.0892381176306946,0.0248999532741345,0.0913825950187226,0.0365476835884871,0.00733460982845218,0.0294527886371211,0.120049516409168,0.0241267665084142,0.391444947615266,0.0709468392297353,0.153120906950748,0.117800882041395,0.0163309028198796,0.0332448422389708,0.0130444565819832,0.0113586123114325,0.093428523858885,0.359492796726608,0.00178057299025815,0.267654266293445,1.03311056107621,0.164024943783775,0.0279693868880247,0.0144318666682895,0.0642712607355271
36.5,0.0444885869721225,0.141349752026083,0.00436790401653583,0.0840628558723079,0.202755731742971,0.0246486302927575,0.075798941463842,0.0269935143715744,0.278504348984511,0.126276224200025,0.0128552217024527,0.203124238403514,0.196930181265106,0.0874241078468943,0.498907428124932,0.114123338721657,0.0195516351650741,0.0354560100152092,0.00508223120164671,0.00566222232768746,0.0173693460809177,0.0403752524109597,0.0228080472743101,0.0110450701196078,0.0418673420554113,0.171334928690517,0.151054862201144,0.014920191669996,0.0445693472188341,0.238997275058036,0.0998968511162855,0.0264476874079781,0.0332246511265897,0.0347792219122012,0.0302470666132137,0.0282347022789068,0.0298044923232896,0.00943787194076435,0.0536217040357398,0.0536957676221916,0.0822325000805065,0.0898000732618614,0.115252961571227,0.0194032388251235,0.0848664680009453,0.0269951729002468,0.0123205948628171,0.135881096696865,0.200982481826706,0.0545456606897122,0.196700437095731,0.0108927928938122,0.0937810578068565,0.150136472597397,0.00807872036561366,0.22535737615975,0.114669569182884,1.04128251149717,0.302035831766749,0.330572344533913,3.11685001631142,0.425757563207613,0.000413444935011981,0.0149843631221138,0.0322911368899961
36.75,0.00408695658292051,0.0876512384000806,0.0240123230099694,0.0397153437340043,0.144548703443216,0.00287134803207689,0.017008969890289,0.0416304780231493,0.133609911112691,0.0252195744596976,0.000620735471608412,0.0717555744275529,0.617468361716775,0.00887256029391269,0.527052063994406,0.0901574901313201,0.0284642237782329,0.0287200790677576,0.0322716409539714,0.0583037691386494,0.0741313879947616,0.0321491187825461,0.0558777477693034,0.0267538382759912,0.110510257690819,0.152060818869008,0.0428242200168374,0.0335536112441539,0.0509239938322827,0.0362220531980841,0.599205748099581,0.122311246710294,0.0603644470995041,0.0179688065009526,0.0680819971983289,0.0250816268285428,0.0523403501408462,0.0462492838768465,0.0277974698872842,0.0387958987309847,0.148470479445193,0.0412549820498804,0.0358927702398725,0.0188081338193169,0.0453254268019392,0.0921690896954212,0.0135328603133373,0.0734250679692229,0.242048603121178,0.0045813556708168,0.0596312707038199,0.107337148098581,0.0149502246455933,0.0667363018170578,0.0908318764825109,0.0299997660027975,0.433846488240255,0.0112434730093618,0.220712546256847,0.00706476930312804,1.36480376460154,0.0608174380747022,0.0577097525306603,0.0805559751840451,0.0433275999575218
37,0.0127017258020227,0.173224118562725,0.0543452909645085,0.0843316845003888,0.0789301611804412,0.0395304569801595,0.0347387577896035,0.00102733372796996,0.0737299750106161,0.0279691641872343,0.0169730535408251,0.141818928364525,0.0444588470660818,0.0121703918748017,0.0760565552116596,0.0669248229191023,0.00457458685877887,0.00519106084258382,0.0217849296117633,0.00014826420815334,0.0262294185084944,0.0478222966365493,0.00335212996698682,0.00734848517584668,0.017537160853796,0.0856083339312439,0.0615242496258426,0.00920818841709776,0.00399817657570688,0.0651204311541246,0.251083050774854,0.0538797150282081,0.00978150801649947,0.0206213605765085,0.00399771961990633,0.0342258623832793,0.0230695302463066,0.00157527962752295,0.0311211711389031,0.0631969527345201,0.076249796921117,0.114224250572364,0.0289566122016071,0.00167901347828382,0.0532994934343579,0.00704066830410751,0.0183083533362333,0.161870195819554,0.0309886873838299,0.0117720021690149,0.0720124196659197,0.00948900401290704,0.041898399440995,0.150644622694999,0.0546346636281174,0.0442583424574314,0.0798944604274868,0.0194408121915553,0.0650138661226533,0.427501796810823,0.626122919119187,0.0176270480719504,0.00221225259039397,0.00962982502096334,0.0204713284527802
37.25,0.00211247776773937,0.180763897176164,0.105619452945407,0.0316322398416872,0.138694570116972,0.00542256834363723,0.011018472179465,0.0144814992328749,0.0668532729617252,0.0821206244942646,0.254883954960267,0.119256363984755,0.929663762830123,0.158098983377489,0.00111733588506005,0.421447282498311,0.0155825555365456,0.0022817237722571,0.080830183755795,0.00491987511063665,0.0418802757985747,0.00525140033469001,0.084418871151276,0.0170724668836522,0.182177644431453,0.0433672794750658,0.0733496695672888,0.0413325667595646,0.709073355074072,0.31322498176186,0.0214820471414187,0.0624785596155511,0.0130133982983172,0.031387819680599,0.0918685844276911,0.00402780542012478,0.0225036436209976,0.00420402238362171,0.0136484594039663,0.108754588835897,0.132174757576692,0.00425902676802015,0.0660971011348301,0.00128101138335403,0.00284035302227974,0.0286331686924712,0.176726113501902,0.166678394946227,0.330470186107595,0.0183898849913446,0.00669748915034135,0.18371355289446,0.112761246377564,0.148962961143615,0.179721178919535,0.238733885007,0.0878518320291973,0.0172769895176099,0.149030116620562,0.384523956814917,0.40229579592208,0.121364514018556,0.0751426449819399,0.0173666811508685,0.00814466360608958
37.5,0.030185141184413,0.0484754419016331,0.0197883345297572,0.0522068808539567,0.0204969656801853,0.00600511301453098,0.0602281219512312,0.0160418757692525,0.0175771315353584,0.0249568838309782,0.0510978118264245,0.0442394677164197,1.18398200150435,0.188689644060479,0.232382551148237,0.295521950862571,0.00396592796257684,0.0128317317750493,0.00510650408812824,0.038210568895865,0.0045175385167612,0.0249301081850197,0.0124558904094447,0.00426160523921469,0.251759281834123,0.0475301090964876,0.118667680546735,0.245212109196323,0.144887772565592,0.186903505575391,0.272776402231636,0.233010217654641,0.00721248642982457,0.0282943128538381,0.00407929263957086,0.0085744997685278,0.0441382950063303,0.00891095705574839,0.0248976098759744,0.0198268036710882,0.0347138684612878,0.0542752193735044,0.0444397820853653,0.0415724551700244,0.0430362852566254,0.00135715633281638,0.0605235114506366,0.0131823556598156,0.225539297553181,0.129850485724947,0.102036441226816,0.202395613379355,0.00997050472465652,0.0509264606640888,0.40577372777591,0.0633068567750531,0.0108351646558967,0.0608576612049683,0.00122081786900772,0.223333848316798,0.409987721100351,0.0795261238346172,0.0187852801645824,0.0204525072129706,0.0060001005355499
37.75,0.0106172310949643,0.0823308261689525,0.00198647979984074,0.00306977962634351,0.00236417265528201,0.00956980941995522,0.00368991200652716,0.0536707265170719,0.0333778472992104,0.0229603825289224,0.000557523732205526,0.0809404367921151,0.135303266403033,0.0605328645656287,0.223531338196453,0.0480940009897362,0.00745444898499723,0.00287056692536213,0.0316332695034153,0.0389238129389721,0.0191342124179641,0.00985779650500532,0.0196576490690624,0.0378449521115319,0.0103750414288764,0.0533017897759747,0.0553097811887614,0.00607730171797576,0.0100895478900084,0.160411773941711,0.433562941690641,0.00250297295618406,0.00404469624911987,0.00141397572010496,0.0191696988759443,0.0144209308768682,0.0201840643225137,0.0382663870101927,0.0444584034948377,0.0168107939405923,0.00121897486841732,0.0164446725499357,0.000647464974260682,0.0242566130891164,0.006717119128792,0.0485148387942705,0.00163319782823765,0.0413720718502134,0.00200747284730559,0.0238454924782853,0.0419907036087445,0.151551037166052,0.00579315957388071,0.0548930229000297,0.206857134705991,0.185774055724052,0.134008923662944,0.00276429875619139,0.0590287605489038,0.05042595877818,0.283554093332199,0.000156398690736375,0.0350181452818108,0.0167656129899261,0.0182216617302788
38,0.351363051209978,0.101350431715715,0.0426772634989979,0.0576999158114176,0.0460240758218282,0.0298941067263085,0.0180545407732714,0.13009610210863,0.0056116776490311,0.0620871939489982,0.406956368891331,0.0794980617948319,0.25129578024479,0.0432792579930086,0.243992867409603,0.0321201099879829,0.0413500709765611,0.0157367645918613,0.0122876803745783,0.0632634814021933,0.00954843506701158,0.0101481875748636,0.0308304680478,0.0604645115215555,0.0790907055628531,0.0280079755433335,0.070652328952731,0.0218024012299921,0.519242379966344,0.0823434375669285,0.220424066637661,0.0317977531196503,0.0147713379382758,0.0333838954860655,0.0386168015838456,0.0360910688503295,0.056897341446242,0.110018321765196,0.00862348066476648,0.078188091640083,0.0460087329693969,0.0285879247378128,0.0293165515580481,0.0519337818251656,0.0144752423977363,0.173518237609848,0.159099350715957,0.10283880560671,0.0788681451981668,0.0120579192714251,0.0381496090832478,0.0803468779561328,0.32075918146454,0.0794335565566012,0.122030245138434,0.14353363521688,0.293356258160754,0.0440116713334576,0.0268672621827034,0.0949843956371355,0.442825890418645,0.0143789443510169,0.0577914867681015,0.079484923717368,0.000459097717802311
38.25,0.0654431082980759,0.0541902627077412,0.00835170074194129,0.047993562464246,0.0390066168761827,0.000569765378953418,0.0146935932227626,0.00982486253711605,0.166094869281341,0.0451118798808161,0.0522870644942167,0.0200390897220749,0.897413384754982,0.0590999091942884,0.0494161113487047,0.0312767401066666,0.0182313988191238,0.0357071661152665,0.00130025959906422,0.0392496045742795,0.0160228923098577,0.0182456633186741,0.00741132284670458,0.0194603201787404,0.149363582943896,0.0023228125428558,0.227696931503373,0.0268855577255942,0.00383425416977523,0.0348580192586328,0.361607110138953,0.151157569291703,0.0154344490218051,0.0557657762352861,0.00159279680859284,0.00436019671196963,0.0294101809942983,0.0161269430655074,0.0832538521402555,0.0322383849174992,0.0476259853189074,0.0233493262605256,0.0412175686542988,0.00260890552666072,0.0324585159525534,0.0139338183841118,0.0242316867185497,0.00737342312007124,0.420673135010705,0.0126757171132964,0.0266688071798871,0.0419237195872002,0.0151123814478985,0.0246724191719534,0.124947355094382,0.0187002943552059,0.00178007765312277,0.0432603023865768,0.113917319422811,0.0168040370406756,1.16622918449603,0.113394467857054,0.0290292264612081,0.045252665543436,0.0103173961646948
38.5,0.22012188698069,0.126249633840954,0.0427683765146564,0.124112478391458,0.0111850484560908,0.0100434770878244,0.0281165493991089,0.00502455552760215,0.104864760774052,0.0400334154175494,0.00501015231577001,0.199376794382984,1.03167689669779,0.010224029711282,0.432198508647463,0.0291061456733266,0.154762476779885,0.058200037716182,0.0107132375022635,0.000574969703603889,0.00314970034046013,0.0373114229364926,0.00915478697755854,0.000381982947155699,0.0180963005437011,0.0651957341981626,0.187177569046356,0.00779178790450834,0.0500526929139208,0.158585846945529,0.875763172193601,0.204874964118736,0.0263338438529095,0.0876592320376353,0.00194301384429586,0.0148580842272514,0.00520302176915876,0.00327519697049518,0.222559049566966,0.160822736054899,0.00425577587120032,0.0642972478594721,0.019390835243144,0.00100074128831399,0.00639597636315208,0.0121102994126329,0.0439633168861128,0.289848944044975,0.261627451362343,0.00359337446578691,0.125625213805728,0.00730076818113372,0.183414191568611,0.221049940844969,0.0741888782716336,0.171551865535198,0.295992070085724,0.202387875048748,0.0992357299468428,0.0912412208850477,0.813233263586543,0.162761523717718,0.00293188332910696,0.00394164552873461,0.0171779750392314
38.75,0.0284859661346358,0.126195662599528,0.0255646422105526,0.0780729583330988,0.0371006679330266,0.0367408239890394,0.0119981896234229,0.0118802741451406,0.224850361284342,0.12554333947283,0.108980051241209,0.20945289714367,0.56983440964736,0.0789675434982009,0.443727436756642,0.0189713593000904,0.0503053276694263,0.0190589326618987,0.0034372262076673,0.00480053427542123,0.0181662447775052,0.0117289931173639,0.00743070660398183,0.00155906548337211,0.0449508847317202,0.159258754653455,0.0586715631501494,0.0104663556711416,0.212059567751131,0.259480196746293,0.103502604217363,0.0511211875283254,0.0217981894369758,0.0486321197946856,0.00822342894736773,0.00758511027777527,8.88620929836901e-05,0.00162925822411185,0.12390282562474,0.0939545543857418,0.0254142787634052,0.0500478031774447,0.0151733284918924,0.00724013238572245,0.0546434344613553,0.0515567503978734,0.0465073974800562,0.196431073340302,0.0400905732453382,0.053551648874549,0.0602706033366518,0.0146272524191003,0.0404519555337166,0.127493654686507,0.23991156124257,0.219413551862622,0.234014561646648,0.118365234745701,0.387726834567471,0.0924720042636872,1.52579903495543,0.11826558303241,0.00204160724698136,0.0393871832569928,0.00826675691147516
39,0.0838178838118927,0.0216642700540354,0.102807734748905,0.0378777245795677,0.0437184592640032,0.00339919551649889,0.00892024196981716,0.0198620502815152,0.247784810574554,0.0791518531045529,0.10878377474042,0.0638653827455246,0.0709035709285772,0.0556429184804384,0.627108632128749,0.0246247240752392,0.0520551005757589,0.0401313302550866,0.0147705884621285,0.00949577410777919,0.0746768508915837,0.0177588962837749,0.00827007057429272,0.00228580057832367,0.0653852447773754,0.0356789457655514,0.0936469162231984,0.0171988774213174,0.151314397547845,0.153686528696647,0.152527290417836,0.180073314043171,0.0498506613719378,0.0495015399786253,0.0277880717743434,0.00318764107358801,0.000835388463420597,0.00143498300740576,0.0175443086322432,0.0424924859425794,0.139450860539505,0.0138952249172531,0.0122473705088348,0.00598155524302493,0.0246976802500183,0.0463029749491802,0.106223227594289,0.0421642017843501,0.130073173577457,0.0496855359635865,0.116279338043891,0.0494086167704095,0.0940433119184529,0.0546710771456073,0.0376997013280443,0.18218075367192,0.30203164632659,0.108291384472906,0.319974584352282,0.0882613533760704,1.79729849383495,0.0849040026471293,0.0115720893912575,0.00295467250461814,0.0243384994566227
39.25,0.0859446977222909,0.121708128476065,0.0888004301860918,0.0101420046036767,0.0541260781350614,0.122804353579616,0.105851887648089,0.0306579157151578,0.292588398886883,0.0664775834535931,0.0840886428063588,0.280996994347956,0.440224644764622,0.689979290527505,0.328187345076519,0.0406464859325139,0.0335238824822731,0.0214074651505834,0.000661703426738057,0.0141215734788374,0.0517562349579154,0.00982882238560037,0.0434835399341824,0.00768995687251084,0.132906028743454,0.42137557786706,0.0452539464258767,0.292057160558426,0.116789188560547,0.692174370766458,0.0133123536411911,0.58186502673518,0.0623971537017797,0.00552801838074497,0.0107110701054852,0.013442700182555,0.0630707733717475,0.0107744448774773,0.0831300253784169,0.0323647473857974,0.0871950080951418,0.0741688672731972,0.0587703959003214,0.069069608961572,0.1327239688254,0.016872875730726,0.134022225352466,0.0654780960757385,0.06743106424844,0.562078312772365,0.154401677256861,0.0941946973841856,0.0630033622692291,0.175047178419167,0.0266760737048249,0.886836040703091,0.1911958419207,0.102156619815429,0.380823810285228,0.0879803824951344,1.31834488157072,0.101446673052326,0.00912872017626913,0.0476504360872638,0.0187776685073382
39.5,0.0484829117597239,0.266098575684778,0.00947571526002549,0.041919994645607,0.0525707292094476,0.0763532984443073,0.0665209330229888,0.025398549078081,0.230185560930546,0.0100144895389142,0.0372973413627249,0.266762158828551,0.68362670832244,0.366903405403884,0.600414134809931,0.18130815376888,0.0216648792610812,0.0167936325368651,0.00368370932673193,0.00872999653046996,0.0192172408393217,0.00103647504866111,0.0280802539826955,0.0083868879738561,0.0162350264856012,0.313774622463479,0.217716130435511,0.161922410926193,0.172556861884512,0.579759667078927,0.279000046065981,0.505795932020127,0.0182671991962036,0.00552303803822017,0.0226234372206712,0.00277104398787399,0.0431995830919314,0.00557397325973676,0.0363712902653127,0.0564455814882041,0.02789798584038,0.107873608316905,0.0737901521628268,0.0433410119076862,0.0608242933247028,0.00178922329014687,0.00718326717456542,0.156665174807488,0.186081415322914,0.319640162696518,0.201220502941843,0.143063114755919,0.0367692910844725,0.337333130848654,0.0896142253095377,0.494319659895638,0.37089891068338,0.0161201487875336,0.250997374202632,0.00602227761956428,2.14322624054378,0.0101350774018932,0.00945924052263312,0.031616880840325,0.0135226383161781
39.75,0.186122393823121,0.131026008256094,0.0838694964765638,0.204700432279832,0.0513618604575717,0.0945616288085859,0.208105525350408,0.0468647458962811,0.78269509061549,0.428962702125393,0.0690282498267443,0.168502035914383,0.0146753680789008,0.190305463205907,0.893596517857608,0.0913583992063003,0.204025227382684,0.149037957786817,0.00839482598969499,0.0417357159780387,0.0562225848164835,0.116017709827881,0.0696495219911465,0.00110460047252756,0.312687280128406,0.247107199595885,0.231873267870017,0.186580039474838,0.00570203119928179,0.111297826740717,0.687735449494978,0.920896903964542,0.113372396920383,0.166646047890029,0.0190424881580828,0.0232878934648885,0.107187718691561,0.0225087008232958,0.252498012700467,0.167613192702695,0.0986755529050204,0.2082359669267,0.101856769941014,0.033572367938949,0.294674456790973,0.175465068431257,0.128494513040967,0.182756491307431,0.200757978058852,0.379634626291994,0.404687236626758,0.160008099943046,0.140847473260392,0.151861466111238,0.230397731666322,0.293147775808034,0.564510344446338,0.0765042240966369,0.463961176146295,0.394132524245813,4.8778939072779,0.37655023512183,0.0119728517532447,0.162492897095237,0.0716996950477541
40,0.202996647193214,0.0105596986489339,0.0237160321346421,0.00311698367183694,0.0102727493335381,0.0102004939023441,0.0767624500978793,0.0321185327469993,0.230518761709165,0.105432431201762,0.241883825759885,0.0638046785427245,0.193174159710966,0.0984574314229539,0.322769141534314,0.0171230524892443,0.0832400074383385,0.00956856953019039,0.0120164731351274,0.0449288911832341,0.00113641468428243,0.00153672598171914,0.0328092586394269,0.0217347225930555,0.119994782008831,0.0255827691896391,0.0623759278755132,0.00518971675817675,0.236147741698485,0.144121590957617,0.0694345027842302,0.0546567170601643,0.00837253962149902,0.0168416442845059,0.00693988852962973,0.00863569407029838,0.0617701100882672,0.0782639475988642,0.174239362744331,0.0289823445059077,0.00345821825992992,0.00825891576447156,0.0375273303072393,0.0103562212767365,0.117476110678879,0.0747761181161321,0.128158670388043,0.033225511027655,0.0219158318933641,0.0325992217910864,0.12494780272469,0.0271354154914449,0.416969216348712,0.0254318380144735,0.421055679860139,0.184256308771011,0.0172436169870694,0.0639377183776043,0.120278589338176,0.0148986714989046,1.45789903433383,0.0179475503648762,0.0374059335420948,0.122009541896628,0.00306740480770911
40.25,0.0210898917591963,0.0237741502548441,0.00354018824316967,0.036268102276922,0.00974230114200375,0.104944656915455,0.0415070430112939,0.0590878079946744,0.327774872523201,0.0356168009009129,0.0373667343206635,0.0379316427091158,0.424836992586725,0.170519269737445,0.642073047949267,9.77915213187974e-05,0.00365093567574565,0.00201940362552778,0.027346422078028,0.00024469354879612,0.00231166823776935,0.0339021790365095,0.0153057635866081,0.0495551200189584,0.0742889843090935,0.0830822819907201,0.072949099001957,0.126720040184892,0.0769941759784146,0.329182540538279,0.264363048362786,0.265718964539667,0.00581050639826654,0.00383137999069553,0.00591832046600507,0.0593543772782674,0.00550338552446219,0.0327239596332803,0.135667894588339,0.00364089067383208,0.00181690105938816,0.139940721264821,0.0157727246515734,0.100731402821969,0.0530752448662243,0.0287151615706842,0.0200330380340302,0.020871395787987,0.0223910100080402,0.180461828658397,0.19780130291827,0.0528462957481148,0.0816078968000114,0.0466185216017796,0.158561253099417,0.0644994445660821,0.485240408626133,0.0320034715514996,0.47031292457879,0.0526372569309291,3.42385856230244,0.0480936854293974,0.0207709464061351,0.000941254411878446,0.00492356854109767
40.5,0.0193943672792152,0.0756187461554816,0.190457111884662,0.0783952317986205,0.0688023345303751,0.205212994555016,0.0635779997235106,0.0328625191012819,0.460256674039709,0.106572458850714,0.422017480052684,0.12662715800288,0.0882178971627176,0.55391252302505,0.448375903295616,0.129684329170974,0.0638069077918931,0.0457743032155747,0.00217817100625314,0.0275311519088149,0.0915296878473572,0.0254297566427413,0.0118954453563503,0.0147230530191793,0.578938981263829,0.33467549505601,0.0140428311336261,0.458039854767664,0.0553489184803396,0.313723072759979,0.118440241893579,1.74769386921603,0.0965505918773184,0.0464034208212998,0.0313791435261942,0.0272861260168396,0.0521194396565105,0.00598156819220444,0.0260927144825409,0.0601465176202706,0.19280540553023,0.154795741426552,0.0199220771474536,0.113419314393809,0.187847969761451,0.00212617905874717,0.252438743892682,0.0955146406310363,0.503137557717592,0.672869833078819,0.157163671449002,0.190118797804893,0.0892862169979024,0.0699739541117898,0.283934039112332,0.143026561821862,0.187898982990949,0.334469595419234,0.635826354732239,0.0110360475997873,3.36653124019008,0.0681829343668943,0.00745992464404929,0.0712394857337502,0.0240952066626419
40.75,0.108323424175474,0.0443129124475423,0.0283103348457399,0.0202496146332023,0.0287885841358636,0.00657685535627761,0.0557672112594491,0.0482194286258238,0.00260412791151207,0.00135537195852259,0.0588025419801484,0.0535739844514014,0.0108378272445701,0.0134416240652625,0.126306347345002,0.034952355194174,0.027392735410761,0.0203125608736101,0.0365443480619414,0.0669863511538285,0.017320691602738,0.00453697551322791,0.0324980852171605,0.031674302451923,0.0860767525821018,0.0745455722755974,0.104669283514015,0.0304873485414952,0.150908891315183,0.117688929757394,0.554786525768232,0.136008771837136,0.0239447601479133,0.0177873182753061,0.0412669812001858,0.00830001727768763,0.0635049962232688,0.0513419027093332,0.0279502219124703,0.0320318434430189,0.0253495041351094,0.00836993578369888,0.0522748376164337,0.0294850093376204,0.057934136372153,0.0777332650304809,0.0327611735458023,0.0316306689984325,0.00449423754471464,0.0446576825073651,0.0828768341713813,0.0945412302909061,0.147297796731298,0.0537912212487976,0.169767152859974,0.0362057214241032,0.007020053363626,0.516666576781512,0.0756558299202755,0.177826851871505,0.156635585077743,0.215205918354682,0.0457369152302296,0.0514752227996617,0.0257691593095152
41,0.0912872792881355,0.0116234459473823,0.00192349126766536,0.0365335689814442,0.0155349018750678,0.016073426579781,0.024538084892158,0.0100184798036926,0.0540016918394407,0.0687879116438502,0.103930316518714,0.0177594949387831,0.190815542914705,0.034217187009325,0.0287023223962732,0.0364745465685529,0.00270347988990376,0.00684249830993126,0.00717377127273231,0.0177725981371628,0.00625614813246263,0.00233629952692374,0.0190501203533781,0.00500444760564088,0.0042193477819178,0.169829485862038,0.0076624609502156,0.032844574621897,0.196753292973366,0.0428061752094537,0.0360054285337446,0.072070500141651,0.00443176936210188,0.0157022944055682,0.0116345392622083,0.00287484145028996,0.0135934515239018,0.00345130895514414,0.0281732946575998,0.0109150364691684,0.00499339860058924,0.0278442153818884,0.010952197682342,0.00665256391384769,0.0322158641984588,0.0171239387363853,0.0243226493050322,0.0257956053734389,0.233984683082529,0.0581627413350725,0.0143470446323233,0.0558100692009357,0.152278057566824,0.0081201836489878,0.0290772029662316,0.035459993113849,0.0536645948881067,0.0215052457108002,0.142302298031923,0.0491570496205799,0.211863241231144,0.0229206475469253,0.00552314924070826,0.0181410682316739,0.000152437549708317
41.25,0.00130599654734782,0.104757390635891,0.027381269332597,0.0570081119119797,0.026032754333158,0.00450265095027225,0.0137008765831513,0.020748774808476,0.0114150029563054,0.0134868586028746,0.125126457749256,0.0621432159386722,0.227316757679197,0.133251527095725,0.0479758503540791,0.0180687997721329,0.0142377767210341,0.00169934560188568,0.014684909568259,0.0048035950244985,0.00813397464465841,0.0165963320758955,0.0223939885439844,0.00821740935867179,0.111571512935602,0.0321232880392646,0.0414945821287767,0.0563804904248991,0.0262752840554852,0.125772604683116,0.192875215511803,0.366470887576,0.00670313473911499,0.0210511639356045,0.012744416211869,0.0132920403684591,0.021525325951602,0.015153807187205,0.00101550898884255,0.0222559313335913,0.0253732649994104,0.0493802942597669,0.0257825047833362,0.0217939582756808,0.00385518809405076,0.00417366532963044,0.0615591327454162,0.0545545890798962,0.0811316554560159,0.0894752664442067,0.0306545416056024,0.0333233887130991,0.0222451587393606,0.0663635320646195,0.0458881327297338,0.0382406873130581,0.0829082254919613,0.24967807489395,0.0747437175445901,0.0623619255250815,0.180273482344133,0.114924725487605,0.0161089881956749,0.00433472295305653,0.00522623143902685
41.5,0.0627571053449019,0.16782071669114,0.0488966813821534,0.2884346197986,0.00146945309430712,0.112772499031055,0.0953274437224602,0.000281311717238862,0.317672259470543,0.0331725725709827,0.112370792956895,0.188041969638106,1.31013985088468,0.011872167859724,0.565582576206067,0.0343515501032879,0.073753996399961,0.175037383769747,0.100376756035468,0.000757717274444094,0.0708998170048718,0.224260908690436,0.00122289580954409,0.0163422105447754,0.162946733383532,0.311137189761999,0.219040104004495,0.00136857999426507,0.227242501992027,0.276106098279754,0.493706323429377,0.113876733616084,0.0963062081370159,0.219916455407187,0.0212863364620718,0.108567536251437,0.0147549560596058,0.000389314707731,0.0876223635628318,0.130134164449025,0.0332943763301504,0.304594115080297,0.0362532455043049,0.0128619450518052,0.182128396535045,0.0130299117542139,0.127786562393827,0.165818796039747,0.0853892438944646,0.040283411086668,0.299809495880113,0.00642910668158525,0.130988660115017,0.196242950670476,0.125443132618316,0.28553342496549,0.462034011517003,0.0189996650393893,0.83035532999603,0.0290138682577585,2.12333442764807,0.0396734755384855,0.0136682040657432,0.0207682799463202,0.147047395231799
41.75,0.123691979632286,0.0724267645859982,0.00645642202678452,0.0420795074062168,0.013732539649444,0.0915826363818795,0.16299786912776,0.0778212214960282,0.583923542766088,0.0469972741835744,0.0635111794630212,0.0784462197146914,0.0799542227420226,0.273513258961358,0.983869773401901,0.226381685434892,0.00729940420095043,0.0440356486360774,0.0335227323487003,0.000785767780723596,0.0204910506972346,0.0314541385606211,0.0027864042535572,0.0346994521376033,0.0364310644876569,0.214237646608312,0.325042153784264,0.254284828639788,0.0282019359483882,0.433031305269381,0.669560804387276,0.296767835783176,0.0159544768807297,0.0418798629889182,0.0102130543605235,0.0519025351970393,0.0221755471832709,0.0203410518540249,0.142035488393783,0.0231563098638711,0.00684472954834835,0.0807024400435851,0.0712058562770798,0.0834706203111931,0.219249894606714,0.0708719160758454,0.0699080609032667,0.0258075802066882,0.346618476139514,0.268517378424223,0.506371645917037,0.195475522236545,0.0959138214299896,0.0844156683929243,0.0482106791873588,0.313792657134617,0.45041952115176,0.0583029013435474,1.36120914344643,0.0387175864003145,4.38479782123812,0.0270012615385806,0.0172018736341296,0.025190652764057,0.0365524685697096
42,0.0798924347334241,0.0446085434400596,0.0878169128237254,0.0161003360818247,0.0066751782617792,0.0604932607511644,0.0228076130024346,0.0370456511742278,0.498556338050857,0.137952672388415,0.0918098671148199,0.0218679154002787,0.254024430466979,0.269620348446547,0.0735820659388412,0.0827759574474403,0.066012246702624,0.00763107749923354,0.00530565704233295,0.00386405251141105,0.0108374923163045,0.0135907452801517,0.000303427910300424,0.00276070066900246,0.0347613248258821,0.125741546468081,0.0120405267011794,0.167220078934402,0.13381135068248,0.374287984240368,0.0485912836284517,0.473691091967693,0.0335876899642387,0.00407981621297164,0.00554006082177136,0.0104534034440272,0.00854796342450252,0.0105910673540541,0.00940393204760595,0.0240307496321867,0.0309810005390747,0.0752893968657779,0.00684076865631461,0.0431800797992186,0.0767562919234302,0.0804004635874561,0.0993286298007135,0.0138126967121505,0.003985200997135,0.241342636960342,0.0617560364792182,0.108616451761379,0.0915866559132642,0.0364176629494612,0.0265387983594198,0.215165681770481,0.179721147391682,0.0564394334914817,0.732403905312395,0.103519508512779,3.05457588753331,0.0372233176230072,0.00270115346425105,0.0465501508513318,0.00168339776535387
42.25,0.0382316830861377,0.158533798060727,0.00484597687847035,0.0435972187211642,0.0131845133999662,0.0619861973711617,0.0545606061686376,0.0357494950409176,0.286566156009635,0.0462195315520628,0.0514804773044803,0.22599088915098,1.86711449417406,0.375480487702111,0.519828018127126,0.150136616306365,0.0162415852183696,0.0108313915895057,0.00549381018841354,0.0169509051117158,0.00195421181347271,0.0229847389301674,0.0199880013988956,0.0286776506638566,0.156493732599488,0.233727644709633,0.0433428084723447,0.145645287711219,0.0334750272464752,0.737077112418581,0.2276707365992,0.310438798467204,0.00295379481747581,0.0208150110663669,0.0227207258567061,0.020181062325367,0.0176838270810088,0.0215296011626935,0.0636510499288314,0.0631428932949721,0.034106953497672,0.0671673038876593,0.027372795426409,0.0520394587128199,0.104197442249873,0.0927420310110007,0.0474671882766186,0.132044569428379,0.0245012821340523,0.229152409829743,0.165881209731928,0.102812417336871,0.0192669960769052,0.209032468940735,0.430667760005189,0.314702210112249,0.276982300869383,0.105426426521127,0.402660708775213,0.0567212487464698,1.51737901836045,0.0602379799091308,0.0262525672107586,0.0467790321981517,0.0182108749989067
42.5,0.0723250269398966,0.0277427699726451,0.0327112320095106,0.0115714300172751,0.0184318434927437,0.00403062545596523,0.0494131607403082,0.00379159206098337,0.231145139118557,0.154230637980897,0.0263733315555123,0.0270343375885923,0.110385328314361,0.0926550000375011,0.281146398040218,0.134676086178056,0.050120032689077,0.005952787439861,0.0030735611175336,0.0118236312493996,0.0172641758359251,0.011220577631039,0.00367553341213505,0.000602459769900565,0.0235070438406609,0.0211341838141775,0.0492506567329437,0.0662152942669761,0.0630624822868854,0.0823526841658359,0.160781628305839,0.167196133098232,0.015331629973669,0.00597139331464177,0.00284365154435058,0.00148663305004126,0.0151087030218615,0.00406386363023273,0.0177609882915704,0.019319461784837,0.00966396761345547,0.0126476993798357,0.0286264049293528,0.00638770403511912,0.07428087775591,0.0465109731665676,0.0391763997368601,0.0241126130659982,0.133553180712593,0.0581295407424179,0.101156208935507,0.0166116485620298,0.0403060889866052,0.0242383057205095,0.112520582548917,0.0352787242417214,0.134060120887846,0.219360385070325,0.146811199092902,0.254351908126463,0.738013308309332,0.11651226196308,0.00775507954664317,0.0191941090573971,0.00863369269176213
42.75,0.020180219149788,0.151384256478444,0.000475121556679328,0.0260333716244876,0.00324899138070753,0.0649989298923103,0.0283049589714031,0.00458231741699866,0.0756742394969577,0.0290902557291236,0.0686512589959986,0.186689816207638,0.249713840540528,0.199986737857429,0.476005654892607,0.00517543390466299,0.00472469649063978,0.000987245137936121,0.00619657263211173,0.0105253494356701,0.00332840246902489,0.010755643293327,0.0189336476056502,0.0209835045390505,0.0713525898033793,0.126390859371767,0.216992180783805,0.0765111366449627,0.522199292235278,0.261904580959136,1.0477021931088,0.102229267340564,0.00249690772871962,0.00840346510868777,0.00510798257885982,0.0117482708003633,0.0147113669342623,0.0112635147285255,0.00213647936721874,0.0458383811773715,0.000759509174272088,0.0399237160528517,0.0320366938227768,0.0340801186955616,0.00613325735922059,0.000542412319837423,0.0308594511426896,0.135221667133599,0.00158315153583292,0.116865514746989,0.167814355565299,0.0117253395745227,0.0792463516632026,0.142068844013371,0.104914378846517,0.178995841734287,0.482964491322385,0.0654168515405004,0.216766086176334,0.0946222560509875,0.549911120756541,0.042117804002499,0.00816416647323576,0.00173169990613583,0.0013167238432523
43,0.0831724082759107,0.0625011840327477,0.0191047467350052,0.00665628145205001,0.00899880677629803,0.000590697413159359,0.0139721303037116,0.0193462230312428,0.05664868214444,0.00794590931504216,0.132995425848382,0.0331648029613851,0.826767188806785,0.0152743603081906,0.0354777978953613,0.0961618182857554,0.0594763143714471,0.00156599601048913,0.000823450138611486,0.00600176193117061,0.000751950267325797,0.000978760546622549,0.00456592091711693,0.00403651141966873,0.0621159832188613,0.00459989051500931,0.0269777165548211,0.0266748440018459,0.270401280328068,0.135519918629438,0.10031848661221,0.138658685881034,0.00959318572201736,0.00547552786313485,0.000580577480428314,0.00134395473421469,0.00394344151948085,0.00247119441062299,0.0715874448807339,0.0473608399374535,0.0267001956550519,0.0156945312802041,0.00324181189153096,0.00964567470451742,0.0118304165734615,0.027623686247736,0.0447695188618074,0.0387774587470499,0.0370010497845536,0.0122006128866787,0.0261304271832304,0.065289493362804,0.0267308400535757,0.0518215869379574,0.216997134588015,0.03634711719884,0.0313258760154272,0.25070622091831,0.105757908644114,0.0161555902562389,0.476353485067441,0.0962962086619066,0.000707645103608996,0.00511382425287656,0.000332777881491544
43.25,0.007310824066718,0.0983091902774357,0.00419619711169435,0.0390712726654994,0.0181803471461156,0.0292461078937518,0.0311138799817079,0.0116994150490148,0.0246215314696258,0.00168075137237199,0.0356958614861258,0.0791819524389033,0.160624314835482,0.0994701317277449,0.187683775932706,0.0077841796679195,0.0201239859431597,0.00622256437900129,0.0162158266186947,0.0139647229980492,0.0015396307582598,0.00674828021503554,0.00289849940607419,0.00250752030718716,0.0207817940447241,0.0579173101021207,0.166761294255076,0.0217395478964861,0.289086689007084,0.134450655264261,0.351270929445843,0.124134277861063,0.00338039763275517,0.0161036125126897,0.018672271771634,0.00318069116777574,0.00862858597835204,0.00536528021376702,0.061468889133642,0.0716216352356602,0.00265888352671657,0.0306101406300513,0.0309965348871178,0.0105914372282818,0.0263897357184293,0.0159832710059976,0.0233027270891711,0.142176926705334,0.13588965676058,0.0392464516794866,0.0736065977475115,0.0138368764262367,0.0163390615829131,0.105628506910705,0.0040230183459543,0.0214625279923769,0.164471183831472,0.133291259404461,0.03734625652712,0.0225283464537616,0.241130013700542,0.0133024687664396,0.00427551908324317,0.0090030747093691,0.00346490086873693
43.5,0.262144295002759,0.555945910074968,0.0256221287831291,0.169118761422158,0.109611330992645,0.0746295926017484,0.258500880810782,0.00980176233726448,0.264803608572613,0.00471266203023236,0.0850891027728587,0.528738058383938,0.565084566758903,0.484762107300523,1.88965917694314,0.0893981228191786,0.115970634369175,0.0788594911231508,0.00214442959035512,0.0519383363794498,0.00876688356149022,0.0340514992496991,0.0815769250135409,0.000744998852300572,0.117661818519703,0.439125869315782,0.794464828020748,0.0971422910077404,0.0727239493576351,1.03663754802854,1.90329320840343,0.226863503844181,0.0293403892335325,0.123322789555936,0.00971655410254711,0.00559513311662564,0.094186535884489,0.00208016807343931,0.185019523066378,0.289828874962801,0.0509521747960347,0.107950054404587,0.228281384687691,0.0232956636183689,0.232366428154514,0.00240029521485756,0.043908710173816,0.338119148695768,0.458928207487623,0.218699116598926,0.700713584828073,0.0330144235562709,0.136078286596164,0.55825613289807,0.0541535963011002,0.460638657633976,0.726963091823265,0.155250153056193,0.511210565469665,0.0344241003668264,1.54522458069322,0.0370552350296597,0.0157372640767251,0.0602502347633743,0.0182381616192397
43.75,0.0109341781092523,0.2424459553417,0.0224769936180939,0.126474894422496,0.0477323886331274,0.00675603739847965,0.0387590739502119,0.0245947691161239,0.228609355325344,0.109334617456912,0.16305651325053,0.172421903077261,0.553605971507805,0.164177465698989,0.0626747254706868,0.0183924342561771,0.0268562576587714,0.0279263455777091,0.0188121347588184,0.0293403933115924,0.00435323833899006,0.0324091605163925,0.0115197702477083,0.000833125824032148,0.107909445631278,0.101637312214641,0.0152575494294846,0.107415292514545,0.151141599845763,0.336053451222625,0.218173380253127,0.256761786567393,0.0209518645292475,0.0970308137429663,0.00119506833153181,0.00602171058155234,0.0179247712150741,0.00253193892005321,0.0267508273519411,0.170118286516906,0.0388156048423411,0.0446752222803864,0.0297024169331416,0.0160629534045705,0.0773629458887995,0.0356719241239566,0.113086474633682,0.265909632631594,0.131963693081587,0.11285138001464,0.0423345293767098,0.0585640786397971,0.092302077626769,0.208039271312073,0.043544104444732,0.0338702092054961,0.191635382936863,0.319749354706712,0.160151789085953,0.0469966833657011,2.49167194605884,0.0761536047366293,0.00531442415757371,0.0579433441694149,0.0226552763151666
44,0.0581269742768975,0.284337221099772,0.0151389341720763,0.0743383673688045,0.00518436440391546,0.0338623995150433,0.118378245050584,0.00991989902759058,0.219270639381537,0.227269778743089,0.0870532776136856,0.493521576926239,0.00307736858465523,0.237021247059927,0.599742044319882,0.0334697253998754,0.0392797501978808,0.00786287621171707,0.00142930526760524,0.042785198536759,0.000543855027131803,0.0126353535904785,0.0325317067890885,0.0141783847001364,0.0800346367352301,0.212054224945892,0.0605398367174721,0.0513772980252438,0.123964393408195,0.345056143933907,0.331538704147668,0.165784716861165,0.00415222630362044,0.0141377300040368,0.00999793894226671,0.000701019755358386,0.0867308243219957,0.0212763864561097,0.00778575107169655,0.0999759441626401,0.0225467592470219,0.104382248362672,0.0441279553990278,0.0028553037541475,0.189505073993936,0.0992203252024463,0.0451831462613797,0.31050370611881,0.0719017964228095,0.211922036026031,0.226975874887526,0.00642131791509433,0.122095606765718,0.320231090522675,0.0138368349017087,0.348294862150821,0.27551663900537,0.334190440879188,0.52335932781236,0.17508191462768,0.308078283348038,0.189438318124696,0.027936800771198,0.110105153637444,0.002393025833341
44.25,0.0782032120012323,0.054461433978691,0.0145036479645525,0.0211756840129311,0.0200639148665821,0.018130195856727,0.0640174107793201,0.0470799416120855,0.127557182055671,0.103773706038464,0.0307873981208834,0.209352313085818,0.0306145253037689,0.289150650636982,0.375461592897348,0.243403214865092,0.0356483437096171,0.0190571169741141,0.00705448618980393,0.0378985886775136,0.00631225563775665,0.0034880247633358,0.0280529922896272,0.00312190684454476,0.0432029803113673,0.113505393564867,0.0185683949979174,0.157221603121473,0.539511315866253,0.317169004309329,0.0616066187916685,0.284719459419003,0.0149882535272961,0.0195574569701136,0.00905286247179619,0.00019720708829053,0.0279927355011848,0.0128865456941209,0.0276505307066335,0.055896598507717,0.0281812450234535,0.0146615826086623,0.0382684977979168,0.0341870430675606,0.0438275264230316,0.0800581831571459,0.0298723781494284,0.13724941296543,0.0470142851025554,0.132473176924099,0.113350956765798,0.108769266142776,0.110273282243578,0.0958976597552129,0.0625284916257553,0.129712164783768,0.296095491593132,0.326509207506309,0.135946678338674,0.121165770659571,0.83365022149617,0.0649466510954349,0.00895094398868266,0.0427888357234282,0.0118887549747599
44.5,0.0060285574039213,0.0928564800550759,0.00218891529805072,0.0578469668421964,0.0279007343562663,0.0397334916676573,0.0261732612768062,0.00932092670100377,0.106552674333241,0.00975787725456725,0.0414512361993369,0.0894620238625766,0.324798945443898,0.258752189966133,0.343072356968738,0.0417526595325204,0.00170526846427601,0.00923387112850374,0.00834422702291249,0.0010486400491488,0.00569941747411954,0.0284676606206673,0.0018458897608481,0.00567405513839656,0.0473773245902648,0.150480608187989,0.0571720154346704,0.149505871091825,0.280138503895476,0.289406695668261,0.356091430071591,0.517962830271701,0.00153695207867997,0.030855063166977,0.00317200369968706,0.01550712328699,0.000889982701430358,0.00811311260083809,0.0483156738597503,0.0294831250389721,0.0226223068293706,0.0802344041956485,0.0085846306423945,0.0391651480776046,0.0269703128687452,0.0277169259983296,0.00545326385403664,0.0694500012471891,0.169298691698586,0.209482310950385,0.104762834901736,0.0319847224997837,0.0337237627430269,0.0792541908583651,0.00528796037002576,0.0945023147471995,0.307540851946866,0.06731879850157,0.299013666283029,0.000282190260255542,1.01695125466158,0.00175279021163055,0.00136723677001887,0.00518905718252675,0.0131985284277916
44.75,0.301232258920662,0.0231619909210945,0.0492703527731991,0.0368240627691727,0.00137564373799056,0.0222883511695628,0.0422396433375273,0.0182887134559671,0.312721580465557,0.281713619813677,0.339042978508134,0.0437664648477409,0.0501841388149058,0.00390786865417499,0.0115014870797524,0.0266974006405373,0.0574638542817462,0.0164612850843979,0.000943214229079941,0.0511671499984868,0.002415839559142,0.0051102821412666,0.0235692784724341,0.0145267564722928,0.132364721067532,0.0627836661107579,0.00472812405929047,0.0661202875634053,0.489203340968345,0.0978641904323861,0.0669145768988008,0.245093645775803,0.0169110614941039,0.0106930525374632,6.10819956008588e-05,0.00316050562435565,0.0444785469865842,0.0232305077279158,0.366048653115998,0.0155696734914312,0.053088470878047,0.0513783760396254,0.0080399471251758,0.0253705093725551,0.113013513724898,0.0473281872877543,0.211334415411082,0.0555818276779249,0.0923709389200018,0.0668932864811128,0.0178151454535118,0.0836271394729397,0.521797197467829,0.0383837731137863,0.101154355122786,0.0567881371289077,0.026556270807112,0.118445654568105,0.171696416862794,0.266680537480475,2.25246368670483,0.222791979205336,0.0148786500772534,0.0730131806349517,0.000917666352921658
45,0.0431310294872492,0.0519445087452251,0.048819407157006,0.00354399970293696,0.0165435670218328,0.000317697227956857,0.0534649541265719,0.00146829748235033,0.0390637458364588,0.0268618372719769,0.234895424306059,0.0426117011993592,0.0418083218044758,0.0956081730950216,0.461018534443527,0.043146306406543,0.0454709446852901,0.0401002808515268,0.0194491901174209,0.0188873532954353,0.0606281802407524,0.0225695342129679,0.02087906262,0.0182270963017026,0.0366523926036662,0.0749866770550282,0.201888121476164,0.020153398430013,0.144916014823765,0.107441171974515,0.912878474662586,0.105909161562305,0.0436155555694082,0.0305710072562443,0.0337330918076725,0.0279887349291613,0.0189660458929605,0.00282847044913954,0.241414828176842,0.000351990641497478,0.0633409279484923,0.000899431734935602,0.0409873889931254,0.00169144787494698,0.0277375120038764,0.0119975276609258,0.0857331636621849,0.010618378342832,0.0709212444914787,0.0675925800190998,0.182413902967085,0.00703545157034647,0.202780857572523,0.0608289530099655,0.0290407394502208,0.139131999789075,0.195297260012667,0.0808072642766483,0.0700445610574946,0.0997005282658586,0.275828823689512,0.0583353835319771,0.0372465859930763,0.00272104293957846,0.0420572466374136
45.25,0.00603141159074111,0.0393190653361567,0.051157229958036,0.00744388520658854,0.0226563326419495,0.00372960642208952,0.0167118297961878,0.0100316402673814,0.00633943871742091,0.0304501936247306,0.0676949929323829,0.0288787736849442,0.174834743508106,0.0191877871156898,0.163540639478597,0.0520202027096929,0.00310444179972406,0.00228543305320985,0.00669386177331511,0.000936666981869191,0.0220810034635162,0.001533168778246,0.00683050857963204,0.00098763890320851,0.0138353928100828,0.0134756764564991,0.0440851454422487,0.0330536568136379,0.168566047777918,0.134971571082325,0.255183460102394,0.165816634742042,0.0128732583880138,0.00281116824275724,0.0175935241854277,0.000294823907055213,0.00187281887290466,0.00130781352990731,0.0648491365661236,0.0156951687323185,0.0681684301944024,0.00308706901126182,0.00813439119883167,0.00468094924011362,0.00740602340324502,0.0085322654876082,0.0170806517424451,0.0339919545289323,0.018095585438288,0.0249960079730989,0.0387828294457924,0.0518271811547584,0.0344467460003523,0.0405327507651769,0.0100047017435308,0.0520745001096106,0.060489291601828,0.15736047328917,0.0172386275068308,0.0382533056057504,0.492321801666967,0.0705768032121016,0.00461857835329476,0.000942739407764413,0.00197853476636587
45.5,0.0675752557364881,0.091779843094186,0.00760877617855584,0.00261466527336926,0.0235290417782376,0.0162941148737806,0.0182777854832934,0.0100934247618226,0.0374317931815011,0.0277021672461054,0.340649504445629,0.147784505674507,0.657270392083801,0.122626393465118,0.0913095630483918,0.0594002987218296,0.000782765459851512,0.0109809109096679,0.0192535712310802,0.00424622482710606,0.0160897810024378,0.022573905786683,0.00273195253095375,0.0015483855443733,0.000538693615037785,0.123494217996353,0.129826109069303,0.110928132307628,0.177971398934607,0.167178694119344,0.305367922750223,0.457545412130376,0.00416627230687037,0.0125122632211943,0.0149685091583246,0.0117510553881063,0.00750125177142716,0.00254899275660346,0.0258119830038528,0.0225901438221081,0.0452604189989819,0.0100174565616159,0.0116198375935787,0.0298902149385296,0.00671417062331217,0.00864800157534721,0.0478560304754249,0.0895005453165697,0.0803169056659736,0.188723048098954,0.059996340512018,0.0612908368339512,0.16929026640544,0.096410894750546,0.248566549884254,0.150753287244081,0.0862692600287646,0.16437014778776,0.115040514770415,0.0620177506770162,0.842256100868755,0.0409066668116956,0.00105712825172773,0.00250775040870817,0.0306080411333091
45.75,0.157164440684436,0.0295025017221245,0.0978009076143199,0.0370170437922326,0.0280360450224581,0.0657565051679188,0.0245092803471998,0.0830626970226662,0.110067638382753,0.123742435520214,0.324192505569907,0.0331399582447753,0.762080040322163,0.0673542261840322,0.0573711854046784,0.0157832500502175,0.0293347691977825,0.0174763632298723,0.0274344267002695,0.0291243416871398,0.0220506454231212,0.00934000309972874,0.0103276500296382,0.0345302926159283,0.315328278009295,0.070038502368137,0.0529415638437534,0.126547705652734,0.21489287448869,0.0139092701911771,0.35074128092963,0.372741015590846,0.0207431196161328,0.0241236555598889,0.000151725489684883,0.024503528910548,0.0275448014653354,0.039241091751177,0.03426762729911,0.0220223688193884,0.168584529531777,0.0412390506241396,0.01977954351647,0.0591774263867538,0.0494543681776523,0.0686462884817233,0.267570656500424,0.0709648652036776,0.261767602029577,0.176006227147792,0.0346140454739066,0.12289288875461,0.417845153376799,0.0281872542241543,0.204104766699203,0.0633037786935823,0.21531388598811,0.291829737931255,0.105429042722484,0.134775050464805,0.430339153931194,0.136286486992618,0.0108677980217685,0.0634102359527551,0.00590013363248359
46,0.0193084068965596,0.0330623382267076,0.017583682894773,0.0340763846992568,0.0533357917375403,0.0506576619803751,0.0549644026000206,0.0527932676160922,0.0291297642146199,0.0268284931267658,0.0441906024638184,0.100350229288159,0.151276555685563,0.263018842897602,0.677203328336857,0.0152393755006334,0.0343841716464803,0.0148474574135415,0.0014765232153958,0.000333115806725494,0.00424558084363345,0.0027626798659382,0.00562419223739599,0.0111455860423281,0.0630014272561559,0.187087927189971,0.541776502379234,0.198864281188149,0.0738355682790961,0.0394253582430428,1.00489968834189,0.600188184770212,0.010032314552872,0.0150999860013997,0.00581237881427335,0.00547116581432778,0.00901341017877377,0.00474405460495516,0.00337831656733905,0.0452727547519251,0.0246458461744026,0.043003146202458,0.0771228738558538,0.059416608776451,0.0252787422674736,0.0277958316981078,0.0140626503370104,0.130327394897275,0.768622170379822,0.294096291803821,0.261771856834624,0.131225111318229,0.0114600300111052,0.0617397751791281,0.00523104628321354,0.258776931257947,0.18429198936424,0.697876216768106,0.0554473580275171,0.0415489731306532,0.208729770013282,0.110786969347124,0.0011566507115049,0.000325768101588486,0.00440238673699989
46.25,0.00577489657328633,0.00629619992623482,0.0199571194052648,0.0534445554502967,0.06335390182612,0.0744486700605052,0.039495638129871,0.0519215162654205,0.0144880147076511,0.0164925702273657,0.037130792972164,0.0404587172585521,0.118318352003262,0.0470106735052077,0.447343517534297,0.0331169099504804,0.0353061432616176,0.00961604869105506,0.0185613391251248,0.00697556628467095,0.000655717068702191,0.0366161518943405,0.00320469335488566,0.017870190972483,0.0704960538762279,0.0731526643627338,0.190387306615581,0.0446166568506652,0.086870378778655,0.00955379685602974,0.560578735817488,0.0753847031856873,0.00258903864077471,0.0272293918715239,0.00195097920308146,0.0438088487068626,0.00529277898253764,0.0208329577418284,0.00613200822799859,0.0286484038917588,0.0535675099657473,0.0569112055980392,0.0550909038605492,0.0417020453192827,0.0320758385931238,0.0247031633323052,0.0360349013944951,0.0819375280413773,0.270999567827852,0.0588974137661479,0.146733574267926,0.0779334395075218,0.020213873561116,0.0127636282885791,0.0124834599003667,0.0355867284445891,0.220992485108699,0.0416621296142532,0.0513494697970803,0.0319249789904102,0.0579286713082612,0.00565518354546853,0.0153455749146735,0.00270560714505555,0.0139045014776502
46.5,0.00761402869741594,0.026674274594157,0.0460833184699381,0.00889107438446742,0.100251246715941,0.0359372289703615,0.0168209146860055,0.0218673510015184,0.0854920987757118,0.0258192963422889,0.00243494732355555,0.0109824403051699,0.177946769136095,0.128763704223419,0.591967150836638,0.0846369814746848,0.0352876785579394,0.00939448138411057,0.0175477669590732,0.0021548829077057,0.0331508520820941,0.0128834876138119,0.002006151704266,0.032259451084686,0.132339574842886,0.0816051387272014,0.0726452955474945,0.140136606838913,0.112557476902656,0.0478365839310404,0.0984892523405873,0.546899364483818,0.0268273558210036,0.00298949175837406,0.0114882493612663,0.0243947539613119,0.00275429986109287,0.0180119636374744,0.00511336228234135,0.0153154525741544,0.179013902009262,0.00874800688187255,0.0278849544139921,0.0507469064767516,0.0438802814664226,0.00959911965034617,0.0122530696929438,0.00905234579022652,0.806340347756959,0.15373098406401,0.0988597542202392,0.1116072781451,0.0152359830483645,0.0155445797808172,0.0166106442526074,0.0113111382110498,0.201964622421234,0.128656552176464,0.0578952967515099,0.0976887181948592,0.70504901021708,0.00838476884779223,0.00699346255517298,0.012404222659864,0.0080249762856564
46.75,0.0512135646335506,0.0185577683120168,0.00882335428565409,0.0348915159737746,0.0427970850512063,0.00490760477554931,0.0279924801127833,0.00980160486484793,0.061734454567827,0.00582266904782501,0.123271663461658,0.00457506148732307,0.913588267195274,0.0162086796434705,0.704677683760391,0.0366669772111717,0.0287321331062442,0.0156188806021998,0.00131573635515852,0.00168352505364541,0.00610271224418164,0.00801616144831746,0.000256830093705731,0.00338952251813412,0.0455064768645196,0.0272925433826237,0.031749040697123,0.0348530431643335,0.0617443657185551,0.152023650707368,0.167823312373068,0.201273594854518,0.0102214720824691,0.0264738032667902,0.00993229951726424,0.00311190892209011,0.00586286282373679,0.000555111224439237,0.0286682527090895,0.0328170999193671,0.0713588416627496,0.0075547814527511,0.00788666852490613,0.00567635671560922,0.0539113568143341,0.00477692596429992,0.0104746234280038,0.0255767469890415,0.190633179906075,0.0532646174662944,0.136205971932621,0.0357162917979918,0.0660041678993139,0.0246238957636142,0.0563283367835,0.11871598532748,0.0335454016502769,0.0154318779489109,0.246785062288545,0.00926612942057868,0.860041892708188,0.0296374872417087,0.00271952541044668,0.0143033610752403,0.0115978340746313
47,0.0340275455454587,0.0417707487654399,0.0142515600185759,0.0204025572292899,0.041177212867868,0.00574325665659564,0.0247727585749698,0.00267018906810703,0.118897912066947,0.04424235041233,0.0242194781734335,0.107278272668383,0.12865764321734,0.0436221740327313,0.0478211653776275,0.00991147586358155,0.0956555514994905,0.0356677506423503,0.0139616832675669,0.00473499583135109,0.0311838213903132,0.0175366806067526,0.0183393216647416,0.00137459179798655,0.0413462335248867,0.0900070903196803,0.270048217388012,0.000782757466898465,0.106859692940079,0.107416691232684,0.487618233630342,0.00187960156424067,0.030562738367598,0.017822958973777,0.0341664091692288,0.00714532335551662,0.00907986167849079,0.000516104953390478,0.00980529369758394,0.0426430734191859,0.0335780812697904,0.0200688566297321,0.056064304214013,0.000241546275000673,0.017747938341677,0.0121025740915833,0.0046766313177353,0.0792341241644819,0.946761418285465,0.0184279323360897,0.0507185271651974,0.00696093083364561,0.0256980539933772,0.0756310224858322,0.0296663660334314,0.197908456550716,0.0878826933906352,0.00318565621474742,0.143169219948125,0.0944658742843595,1.05141779431253,0.0245602979965187,0.0115412998126789,0.000708987110350138,0.0329452062799248
47.25,0.054902219231281,0.0396725400008958,0.0213123475163049,0.000998144718085862,0.0492604614705842,0.00377286531014276,0.0155549841972836,0.0224371991000262,0.040044468621728,0.0349349697831833,0.225522596159397,0.00741797449769065,0.642805697426257,0.0768139615634682,0.0810850459621418,0.0855905794411088,0.0243591415124655,0.00584333594873605,0.00732743211862741,0.0193380797915233,0.000850415393358391,0.00854459989830903,0.0196465413713954,0.019207511129762,0.172529635703805,0.0499779698239144,0.156525741261369,0.0217947327723078,0.00804745706626207,0.126023098959739,0.29180669098028,0.0774806737121703,0.00870369534126072,0.00712211741122353,0.00609030927293573,0.00314317617314188,0.0169683911006877,0.0130546728386216,0.052586911951862,0.0118888923491184,0.034721991903539,0.00178409338810784,0.0296990826501461,0.0142376897576736,0.0371222584859055,0.0143155720230312,0.0949030774810808,0.0032241660122677,0.794542754635725,0.0158103692384021,0.0101245295552336,0.0314479565886022,0.218052584349502,0.0182983716542405,0.126651412504674,0.111605408044718,0.0169828712799878,0.387632307766971,0.0929096326221743,0.0689361135540671,0.075854542647911,0.140353460872905,0.0170155068722039,0.0194908145852498,0.00214185132435337
47.5,0.0193521964559862,0.012544060114239,0.0151536208605545,0.0249310358435507,0.0351267192125674,0.0046733362016727,0.00583509724947443,0.0193277388759197,0.00768730661914197,0.0143070846925467,0.023350129168546,0.0365910774851977,0.0378175814933486,0.0074493570415951,0.0275706317652668,0.105866887797492,0.0183090597647811,0.00141210344524774,0.00550407646332009,0.0100818251607663,0.00166587722958628,0.00517459604257326,0.00248255354839566,0.0105582866256441,0.00707111963679749,0.166866731404544,0.00407962801879669,0.0265806958882065,0.0100994930585752,0.00267459309953375,0.0966877148503009,0.165069193494152,0.00360807881004433,0.00597477923804338,0.00445113623086494,0.00592176779952539,0.00309764915019499,0.0123946588488068,0.077040598354347,0.00931235260908918,0.0346616656497675,0.010953036000761,0.00394974533370253,0.0146310988675156,0.0132560149594679,0.0128662301456725,0.0142337336958253,0.0814780642362991,0.209732133591817,0.0186112294260124,0.0128432661363958,0.052382985817458,0.0441339493469324,0.0337540618252067,0.0325784850741012,0.00982662478623931,0.0303578684504099,0.105803194288483,0.00573484126228522,0.0702648410711526,0.0143145062137692,0.0803781226716816,0.0119358991917477,0.00508415482838053,0.000524495458115693
47.75,0.161177274667545,0.181874736928168,0.129479690012003,0.0988439247386842,0.0158219764943121,0.0259054853480426,0.0809672880612938,0.0441627824264852,0.294225188569196,0.219208279595902,0.229386806363686,0.215424491914168,0.00366745255947909,0.0470536745075324,0.337156267358745,0.247270061193044,0.0728040714839937,0.0528448671921822,0.00189006378821421,0.0876197464876128,0.0276973152638559,0.026519064855072,0.01233864823499,0.0171925514566267,0.10872126721092,0.204843897948599,0.0647291985125561,0.000401322811065425,0.354882636255106,0.120251571106806,0.43819398959769,0.00723105880670491,0.0621324328631469,0.0633122616996672,0.00175746868988654,0.00483291563565378,0.0463356012512724,0.052450349808402,0.0189783516031859,0.118191422727792,0.0934501891306947,0.0775964905278596,0.0194436613456137,0.00749179589634637,0.147905020797649,0.142501061543602,0.145788415225606,0.246812044834686,0.339090123569593,0.0812294416915958,0.187492235740529,0.0540131435173268,0.216447372293179,0.222298977757729,0.0725440203242726,0.203639512755221,0.18026321186152,0.240435868201457,0.357078222208477,0.414449882312564,1.0626974434433,0.261960919425157,0.0375364767061403,0.127459440220403,0.0142775550651594
48,0.126200135862489,0.123595813577,0.0356048225104789,0.0724180474944315,0.00923146710128888,0.010537517394199,0.00232720236670255,0.0231274020405251,0.111860520913571,0.213585909109159,0.206655762546881,0.167992163745458,0.544153864796614,0.00159120629641134,0.0196123496028649,0.0844866570972239,0.0601613305473129,0.0219883674685694,0.00265764055545028,0.0205000373156874,0.00282482210582687,0.0149500421241987,0.00274801546390857,0.0109809712563008,0.0652780120676807,0.0691296633661609,0.0203936371639448,0.0067980398988498,0.467076813811948,0.133757411967568,0.0559486364369959,0.0589451683379978,0.0146354644011017,0.0741337059264031,0.000130190890568901,0.00561719623590659,0.00401080000758354,0.0191213518964873,0.0607459517289013,0.130630768634877,0.00824838993789509,0.0111099257760478,0.00187293529034673,0.00666258878014038,0.0296853127439522,0.0793171600004568,0.070032165615136,0.196614693249436,0.113373338117385,0.00623627322720137,0.00191747986749225,0.0084589942657177,0.252363081906506,0.169370470034319,0.375683556517399,0.0487468115193209,0.0780812494346126,0.0837530570087635,0.296853723164372,0.573179085190542,0.866261293607747,0.149415763917874,0.00268458279633911,0.0498060487778067,0.0117762777447851
48.25,0.0302225220707479,0.0278953183139346,0.0315364002367919,0.0238436248049925,0.00154543168554767,0.0204798897945875,0.0280335445291987,0.0225583557087075,0.0668960139676102,0.0314171285648075,0.0262247658721792,0.0192795697931454,0.0959628124343012,0.0860319832320369,0.445304214452147,0.113997010555461,0.0126525316368178,0.0262620046153308,0.0367015293422639,0.0108570101072951,0.018360999429468,0.0229856886671446,0.000743997492192262,0.0184277267752414,0.0183337153496233,0.0309671368381634,0.0468021851960885,0.0487652049105952,0.0898265847510113,0.111857359483748,0.116652719813884,0.123824770898568,0.0333362485717608,0.0278349300702092,0.0127865790046847,0.0233380848091535,0.00220029424868705,0.00836395988196969,0.00228412401755214,0.0206885146285826,0.00498104019576342,0.0109214331967147,0.00645579843986489,0.019039940233753,0.0194367788923189,0.0108200586920145,0.0218749672087261,0.0307014064669427,0.113831979984105,0.0502504427516921,0.0986278080700029,0.0630139251168377,0.0182019920563633,0.00495095930724287,0.0768682827877426,0.0360369910607411,0.105050680623758,0.429275313723967,0.037481278690259,0.427431740484187,0.991045346561065,0.091962239798553,0.0137413676313501,0.00131166051119893,0.0428548266280945
48.5,0.0234971560019938,0.00604505863599311,0.131234054422916,0.000607308933396842,0.00434892488029059,0.0189638023064463,0.000160905350432813,0.000265036833358945,0.0167250559438076,0.0211893840244091,0.226643704893117,0.0286620562368282,0.863947280895479,0.0153383733693397,0.0723644374268119,0.0390863448407918,0.0148993154905703,0.0521486407406211,0.0617327952658748,0.00426819653064996,0.0625005870328407,0.0326622834361682,0.00893926467551242,0.0135811396995197,0.115121242869981,0.122741099134516,0.0442654935622687,0.0217332309184728,0.0499896719954119,0.0514798512444371,7.96621715901789e-05,0.0899623881157572,0.0743739666134007,0.0194265406209459,0.0146195390165201,0.0241202674101263,0.000912425524483102,0.00503973946712934,0.017931353868076,0.00177054949291194,0.0495569187062909,0.00594361358685342,0.00474483995817153,0.00676494468237596,0.00329831461871204,0.0164580756126116,0.205498756875055,0.0120519684814417,0.188035661047935,0.0678128643389612,0.0108945407538021,0.0220975433740736,0.0992912375462756,0.0219678539888322,0.0675699813572735,0.0291961374318083,0.0456256692069682,0.138937376664043,0.0153627841160937,0.0977634222308608,0.629073962595024,0.0608103205513443,0.0239410250084943,0.00204080447758559,0.0727862017307153
48.75,0.00094028298923303,0.0135092586884925,0.0510034815249197,0.00474870293737975,0.0304025698587834,0.000533588214663257,0.000272318026966082,0.0367864055186158,0.00592283564312159,0.00853613139134308,0.216018019324654,0.0948029399370783,0.277077423513583,0.0481248066461725,0.115887819249278,0.120513346308254,0.0186041569285854,0.00414715440091019,0.0259687804110901,0.00139316646408243,0.0176485326075993,0.00545566776772026,0.0042850050023508,0.00368981755468993,0.207089541756746,0.0119598581018913,0.0102249870729308,0.0395543807450406,0.165516032428664,0.280955536094412,0.00847397664497857,0.00384871291001038,0.01847066552554,0.000190443618076283,0.00590388291182107,0.0028735322514637,6.85547576158107e-05,0.00893764657193972,0.0812943533992342,0.00219998794127328,0.0487158175859508,0.00374473974288722,0.00645241641834357,0.0166249849412794,0.000653163673176102,0.0256924654590254,0.121801869187465,0.0818839709799905,0.148664867725364,0.0069333786884724,0.00960552806032111,0.18094522289642,0.0382558128054447,0.0377208110380554,0.109746830611337,0.127584607455893,0.0186822060846257,0.0338577002587203,0.0303480102749726,0.033604135446082,0.142039467210368,0.00210902552112683,0.0010668534704682,0.000449972541464539,0.0221521167877983
49,0.0388475720690385,0.0329437846589723,0.00156391080433348,0.001897420439556,0.00639460431884011,0.00665309087628179,0.0014216242797098,0.0152811189373756,0.0560753051145503,0.0201401850076152,0.0224410147840274,0.0512325866636044,0.505796828076175,0.0791648946093496,0.049590754867353,0.0351165627041043,0.0221624711333189,0.000311855115268192,0.000451948296333557,0.000677652500641163,0.00785869305162358,0.000578228500947628,0.00163828770302369,0.00358529109139836,0.0573342296950302,0.00727757974923602,0.046571474421566,0.0821824945426371,0.599311507076996,0.130848354088146,0.0459577730185383,0.19480191755757,0.000246875568235414,0.00119943927818233,0.00308380986276653,0.00389360995696322,8.68499225699487e-05,0.00501204009911971,0.0463901528541743,0.0101260443578471,0.000560275146121545,0.00219560789162784,0.00845986553730054,0.0293432375417804,0.0141671132776353,0.00293370129997062,0.00946383844041926,0.0503310734839886,0.186331661803275,0.0508646750537395,0.00121572118766234,0.0834246159335721,0.0376594232812925,0.0432758975217285,0.277743849948521,0.0413345247971668,0.138433365642981,0.136698987005473,0.169933849306631,0.0760013557784518,0.171070018036372,0.0370298497066176,0.00101565456797142,0.00491831716131498,0.000665926290130129
49.25,0.0954143667871803,0.0340960509470135,0.0313031795282609,0.0449587093936424,0.0180807885641986,0.00116215140516391,0.0263937391255359,0.023775071500919,0.0450574645561776,0.0321500899768623,0.0573447036669935,0.0235649712625881,0.0197375115578886,0.0522844851049128,0.408252303676691,0.000316360372644798,0.0520356901771491,0.0261189855284348,0.00480524475563006,0.0105706027035286,0.0233895560071658,0.0058600371259609,0.00696443436518895,0.000738443473109151,0.0142267442778574,0.0224029738813634,0.0111315506855311,0.0801581664711007,0.403010307234154,0.00248393161929196,0.325042590482268,0.363411971332473,0.0318615312727118,0.0204385289931701,0.00968937382804112,0.00866352874398237,0.00982120106033735,0.0119354161123981,0.0841523702049288,0.0326976797524692,0.0166363864880405,0.0222292414231021,0.0262707533960782,0.00714801802567723,0.0302302317221457,0.0386515164649695,0.0411229944718311,0.0675727415715741,0.0811129434760246,0.048741799996698,0.109805489100101,0.0161916793598126,0.0873202831014565,0.0355041270875174,0.105573626334786,0.0327214521283367,0.0994388663538104,0.0912036097066473,0.0464566738977901,0.0337757025705309,0.52612907239819,0.0642903617768359,0.0044829617256915,0.0354868246798737,0.015760877656268
49.5,0.0506023061477134,0.0460914748922719,0.0047690531959584,0.0290827761135376,0.00509794302540031,0.0281340581413768,0.024792403772367,0.013509381596472,0.0189186318521479,0.0118295119470204,0.128095661084385,0.0201049024119536,0.715229278525218,0.0931416557908652,0.0859197811003182,0.00734575411083864,0.0384911094014702,0.00242681273743969,0.0597979692639927,0.0316969351080827,0.00812099216152501,0.0251296595910058,0.0342604286358819,0.0638280915422837,0.0387013397422318,0.0115623481983688,0.015377828268427,0.0665088252537966,0.113725909954589,0.184912033266785,0.104945125625648,0.219231872088175,0.00230234626606771,0.00537271655594203,0.0361349897432317,0.0485426779138008,0.0173239466001975,0.0288539923096329,0.0273707505255632,0.0142629290046469,0.00357828824330158,0.0233685306379242,0.020584404260125,0.0309053710030885,0.00326468243811001,0.0022185844468535,0.0480967126199923,0.0510558183499046,0.0193277341869583,0.0639969100953582,0.0283933508363891,0.0169643304441864,0.0719654141020067,0.0181210465672968,0.143353417276179,0.0754213746897999,0.00810954845820309,0.00079147439866314,0.0155216054848302,0.0466012502405221,0.789868316387449,0.0310860367628511,0.0650305695844465,0.00561113766273566,0.0209565143196547
49.75,0.0547500442488675,0.100235623418423,0.0189014193428084,0.0629642132920356,0.0127981282311556,4.47537632561755e-05,0.0335550197442353,0.0355027433843618,0.0163063895335821,5.1735580835314e-05,0.00477518695616355,0.0915245940563508,0.290557937542623,0.0610811396176754,0.306776742662205,0.0528508217811128,0.0545346359104903,0.0245495402109353,0.00562855529730069,0.0211049491335784,0.00547908440377767,0.0102055816739286,0.0156920499226922,0.0142457688660625,0.000315189054371415,0.046339051775526,0.0771558205554067,0.0590458819049084,0.245067557530372,0.115531938236968,0.175138251802989,0.215637114297438,0.0108903966801865,0.0356647920864938,0.00935682634267252,0.0164913570942406,0.0182884648417793,0.0182105448136744,0.0177430701148011,0.0902583811570038,0.0105362082805476,0.022707045124693,0.0300641771351107,0.0110274295330594,0.0102312275140038,0.019770870166635,0.00409123315355085,0.142017060410804,0.0178662819643207,0.0201092148626517,0.0799205161496239,0.0978119519663193,0.00226454927628469,0.0796413274199139,0.0103512380718352,0.00409422470982975,0.0162822757720109,0.021020294941796,0.0938712591711355,0.00184955393679313,0.751460658619167,0.0220308116866611,0.0122711135683429,0.0127679022677396,0.013062036890022
50,0.109429884895998,0.0816662665476246,0.0718758053113201,0.0113048210194166,0.0251819346004086,0.0446197726056917,0.0338258441821256,0.01547924638199,0.0488911525027651,0.0518803720771504,0.0858447905654702,0.0171206601131344,0.238470166343909,0.0592657692702869,0.415674822988429,0.00692009291540461,0.0460661169967364,0.0311842712047504,0.00258624178934987,0.000456276381127003,0.00780250480300243,0.000795142071239522,0.0108054806895694,0.00786855297092137,0.0374586239020953,0.0394338505949712,0.267904496633847,0.0711846563633584,0.174924226881796,0.0108175227104488,0.997787437944098,0.0728648458241222,0.0433248826863346,0.0303091063230483,0.00588865521937506,0.00731944353381528,0.00750365443585064,0.00435433771336438,0.0296905874371787,0.0515911453960649,0.00240724020271208,0.00860796668833245,0.0476493841570061,0.0266511905765071,0.014804432877251,0.003613084743908,0.066741721659218,0.0173403239671149,0.207031160804432,0.0765357847499697,0.104488556251005,0.0256986220205812,0.0831314433530747,0.0294242115825908,0.20158127647281,0.0121215825669001,0.0810714395972133,0.0611720763526773,0.0906932464947692,0.104283699712618,1.15644917925984,0.0241671330098272,0.0103682292190288,0.00149534487359215,0.00782591703035892
50.25,0.0749627241601182,0.0264202602015203,0.0288336489115749,0.00668186521855302,0.0251899916120586,0.0187995410971554,0.00889470390321222,0.00559116428702155,0.0167802044288864,0.0136529854198995,0.143346624861941,0.0506449085159085,0.194441432736428,0.108834727508522,0.188334100772453,0.0139678255759644,0.00873414083694612,0.00635413498162975,0.0168918505348697,0.00153785166625445,0.0222484830545707,0.00202166360949365,0.00227338650156423,0.00228250307066953,0.0414585147285377,0.0977681638226958,0.0798193977447233,0.061324591685502,0.0965101821636214,0.0577792113755369,0.374089420325967,0.119893639095656,0.00778880348258513,7.26837107769647e-05,0.025705620076503,0.00989393078927642,0.000774435250524116,0.000875368246085707,0.00635153818880471,0.00762041818236412,0.0205445600873775,0.0236966590040965,0.0238384446821988,0.00350067798270543,0.000645199256977234,0.00979212426037274,0.0659006344658961,0.0325948812725595,0.112029445509134,0.102766526433293,0.0535782764423579,0.00815151069631262,0.116840051075177,0.021117812203987,0.0441850157564372,0.0391040057235119,0.0597989872008919,0.307642923179002,0.000869788462068884,0.0701554422964581,0.428045813293395,0.0430798447425888,0.00163317224447795,0.00844517561332545,0.00719817253733875
50.5,0.00284148774703572,0.0292187910658115,0.0157707290760281,0.0503435779813075,0.0219656254094824,0.0189604473789455,0.00419164610774027,0.00623097150906685,0.0305280476594722,0.0728756920611911,0.0666502040146212,0.112029917130848,0.266300550021541,0.00502320277431941,0.128010952025867,0.0231203174298357,0.00333730338090007,0.00873838343584232,0.00885664849528784,0.00893274786979047,0.00514436869305976,0.0145640250672292,0.0085302574189652,0.005047201995547,0.0902548625281212,0.0700598492974568,0.0119018254509575,0.00280455508942275,0.024198461863039,0.0145462435698927,0.335086129039327,0.00355774504914283,0.00336563706642398,0.0187692571112447,0.0080550845606243,0.00978973097333422,0.00591853588170605,0.00511903255204253,0.0284108693364322,0.0306586344759406,0.0140163572527505,0.0495093243737389,0.00385914877585624,0.00118330288154825,0.0131329009435316,0.0379021900855821,0.0276059816645165,0.137153562980481,0.109028643297931,0.0257273961471365,0.025095100093262,0.0140032554868345,0.0128645747906765,0.0323645144061677,0.144173265804035,0.0255442696611677,0.0425961537256996,0.054462921333666,0.0848832239302952,0.0464776596082992,0.00495098774994688,0.053967830763254,0.00919455423507562,0.0235157203723315,0.0114776028498838
50.75,0.113038424386439,0.0362343422026843,0.0230234620502038,0.0217430893641411,0.00185693335933462,0.066192939925559,0.00847022749917035,0.00486599351698863,0.0132967198901756,0.0605195242033565,0.319653574882546,0.00772880406893187,0.0812565189917636,0.0775650478057315,0.129193072205737,0.0634388850821845,0.000900315542126361,0.00355536058765791,0.00158212656461004,0.00042823454782491,0.00137015541026982,0.0291477945186461,0.00348049350151965,0.00409027417887263,0.111354510455037,0.112424790257184,0.0196733237106656,0.076150283868751,0.102748282287901,0.101040270915308,0.383344920723539,0.221418998000986,0.00679851544804401,0.0117012523111339,0.00263987503352534,0.0114773054389677,0.00192042837031542,0.002972016913841,0.0541733077872278,0.00819016789738477,0.0137539579750316,0.0731324881238046,0.00059327500180036,0.0183971990529347,0.00394395455515423,0.0183567152652708,0.115794654001792,0.0236896938225118,0.0298049521214205,0.231704867769036,0.0276163768833037,0.00307851028769358,0.173078593343922,0.0257681423631134,0.275255572959677,0.123277164396325,0.00855443326658628,0.6771985237175,0.0227961373900887,0.178861534346944,0.0207357428265767,0.308174818548107,0.000871441199488194,0.00449893224711122,0.00618683868364019
51,0.00177866897485034,0.0757294752573584,0.000459905023018061,0.0527484014944473,0.0209334760867506,0.00374380976117616,0.0257821563523181,0.00260480834863165,0.0138775165182692,0.0739530985605662,0.153959017776354,0.00926053190355847,0.771348568314878,0.0756066634082514,0.579381668892247,0.0460567894948071,0.0113336316984655,0.0249104371226892,0.00490467174820788,0.00797989866698553,0.00285718923073281,0.0176324832949051,0.00348932450042192,0.0116043971355021,0.0875848423245721,0.000940182083687511,0.237568948967732,0.0560374024750515,0.300564423485999,0.0579299377115173,1.11781991186672,0.108091119582387,0.0114479343270526,0.0503698824501023,0.000620049945510223,0.0109517548368308,0.00791077113806288,0.00728111663805546,0.00320598840973702,0.050487696546049,0.00506107937077089,0.0179232463323485,0.0334633672720663,0.0103476771172262,0.000767539195770126,0.0147156790050484,0.0230353993375985,0.0232876238511442,0.252427838745021,0.0531947113877972,0.141769678618411,0.0113608489149899,0.0378436165548095,0.0461527373270318,0.328531826488211,0.0254947916302294,0.103711274921397,1.04729564016425,0.0576723146985078,0.267252335367184,0.432187078671234,0.374883515934691,0.0151217168529164,0.0212202650361312,0.0233283909389543
51.25,0.036906146643487,0.161451343840851,0.0192897121247198,0.0371006937570284,0.0465676776721978,0.0156080421557232,0.0607400984690303,0.00691261332627065,0.0599512356849212,0.0620067631998126,0.192047322963804,0.24919566265843,0.513536665996652,0.242416539201937,0.443019134427464,0.0609896759977491,0.0597727233581771,0.00696817108031288,0.00999336152553486,0.0255931609843101,0.0126041238609578,0.00134595018698521,0.0271538977438394,0.00196795400976736,0.186001147082993,0.0520435939377281,0.179926564861035,0.0457555006659342,0.137498942286178,0.290702007195189,0.684049257877068,0.204624804330413,0.00847787296970479,0.0106747443821034,0.0246272364314931,0.000315045950507157,0.0350374026422842,0.00810987155983618,0.0480205278622838,0.0884210058413114,0.0321627684975107,0.0253591170496062,0.0587328482140295,0.00348159585213057,0.0619744047077712,0.0296119540609269,0.0940195937846551,0.182444804431992,0.10303685843736,0.0958129663150218,0.146432335062123,0.00393761805867082,0.105392629810116,0.18659804841573,0.238847268036005,0.17278786422714,0.0955829122497749,0.258060422911309,0.0326966256409063,0.168602508753966,0.247346576615657,0.174737468260837,0.0143777659762626,0.0298170597447775,0.00486783357656338
51.5,0.00255781089911212,0.0921729800047403,0.0555428746288963,0.0179385145008853,0.0586866031823861,0.0109599835341926,0.00666348715452152,0.0198197834615525,0.130189909283335,0.0702314136413303,0.145883167320197,0.128470581229745,0.232844887320839,0.223523788687025,0.170008151290494,0.130846137815021,0.00465159902846546,0.0188825540873046,0.0110281947088857,0.00623887103831627,0.0320499758944102,0.00173961934947107,0.00367666809834505,0.000745904601637261,0.0927171794612084,0.0404247874631689,0.162383151966321,0.0480742066119843,0.174956414910333,0.334380645076634,0.379718096129502,0.235677976839263,0.0235798511846967,0.0047313593363327,0.0163369498240788,0.00115596255329252,0.00806903527945699,0.0107819497539672,2.68561592150133e-05,0.0199335854680213,0.0756529256069347,0.0232603727380054,0.0292954116641773,0.00914100082885464,0.018037862040993,0.0212618509350165,0.0719712140552209,0.0881451961114467,0.261604685328479,0.0742090809339546,0.0298955474858125,0.0523220531233216,0.0212036647858639,0.0951232487499801,0.0830256325588759,0.172292333500655,0.0573071570102143,0.100010361612918,0.302882131967536,0.0325920629403964,0.945926725635391,0.132835339188119,0.00163560427878231,0.0234363226517213,0.0162949452876757
51.75,0.132451167549257,0.0044175287033997,0.106107187989019,0.00915275925449536,0.0724742933446108,0.0213509092377386,0.00636791091060109,0.0145957828028749,0.0525001519745099,0.0557495441792638,0.319952109684519,0.0122949985566889,0.0992145245654736,0.436605342850098,0.0332931868155362,0.100592793063624,0.0291483709088639,0.0111067664023668,0.00847578386768564,0.00563918868997876,0.0373776831290561,0.000693825258033067,0.00963735402687362,0.0086946736390746,0.13303171146318,0.0628533619234744,0.125470879555814,0.227803693322609,0.831675393622381,0.234456251468207,0.353508420098648,0.810839166800646,0.0489270177758772,0.00227662234833908,0.0291509577310265,0.00417977231735512,0.00985098637995676,0.00901223219155654,0.00572595271973435,0.00223374048813008,0.105456666291018,0.0339905680650429,0.0490309259138517,0.024262985739413,0.0063870229188954,0.0166604241667433,0.177514044644281,0.00489955324094085,0.199412170668817,0.265426676064092,0.00211903437177016,0.0560991801269403,0.248207780508259,0.00173379953942433,0.146681430271254,0.178843965776169,0.0119536818310239,0.0496879476914957,0.021349859243803,0.0847226924546136,0.588475932750915,0.087550226175974,0.0127060313348468,0.0111879940120874,0.0108590779048634
52,0.0252548444869154,0.0409602255918189,0.0150324932927987,0.0555053438271797,0.0214901884922335,0.0606133307561047,0.0322481619692978,0.0363134219344542,0.0826861504211111,0.0274109781620784,0.0868922936398186,0.253439660035742,0.08821380310139,0.354489455555932,0.837382737016231,0.088347203024886,0.00749829195315896,0.00680937417567277,0.0399341111151608,0.036063032539628,0.0320692673942157,0.0163797146440983,0.0248519913011913,0.028970734613792,0.00759096707361769,0.148242951859989,0.183301979185054,0.249125003163747,0.725536455479374,0.114636938163739,1.01268644792701,0.884607222431988,0.0168992658681735,0.0100881802961637,0.039876505782976,0.0372841078611997,0.0198765094079765,0.0314072614159722,0.0249163627934969,0.0272894639046292,0.0133151700771566,0.0803334843310833,0.0210849502458944,0.0641764858322562,0.0337018659611464,0.045343224765076,0.0169476175909889,0.227607967517082,0.028298715867843,0.365965625296418,0.168242029321508,0.101844266068637,0.056930536006522,0.0644997559418551,0.0539777326433285,0.328608745107118,0.545497698623341,0.0777005633944777,0.0795640765241505,0.0254888169231863,1.05514720908896,0.0032439317861267,0.0304519183318216,0.0209068181017908,0.0345169614253297
52.25,0.0297070251071053,0.0144701659701534,0.00291261143096066,0.00589215613603862,0.0173221073890612,0.0291198187930959,0.023974639658758,0.0218175143304933,0.0435803324210552,0.02608209739525,0.0531274857248837,0.0207921088578763,0.358902761955543,0.0456516223998282,0.145818552102947,0.119895353541404,0.00232741421366903,0.0151004757573206,0.0135910261670785,0.00757398385179082,0.00654852462044394,0.00911953569163793,0.021599153347301,0.00507970392954165,0.0462886849318798,0.0298124659961861,0.064428170337946,0.0440685255757177,0.184591237093726,0.0148679047289827,0.127437351842463,0.0383563850930909,0.00149336922856439,0.0118323298519302,0.01222652699096,0.00467880979514063,0.0129110260159175,0.00147670155311108,0.0249618955973496,0.00228726793022064,0.00761582879095296,0.0100771030296445,0.0258523147890453,0.0174749019541085,0.0217652210236849,0.0308757733997517,0.0203796616595052,0.0309865827518613,0.103678888897621,0.0280283086402346,0.0518980370598033,0.0493369201165249,0.0155290211756938,0.023744103200282,0.089265972485128,0.00330895753195084,0.0411394616365545,0.55346970943864,0.0836932338169523,0.106081235777177,0.232684735166365,0.111079530320503,0.00619155589771097,0.00059867897148842,0.0125305724035545
52.5,0.0131575585021892,0.0189190245989904,0.0354324440563011,0.00818196939737743,0.00581988168069482,0.0604701303657466,0.00734512819514822,0.016658816665228,0.00421320196800776,0.0193527718511122,0.0206642365665296,0.00318986283272387,0.778315440967552,0.170318493242275,0.265894649120702,0.0727322752912464,0.00320382466516058,0.00665112005417077,0.00113323028090218,0.00250888210633713,0.00225345852708127,0.00902806633882193,0.00122792433224595,0.00254767159386395,0.0789573969721263,0.111750755336171,0.0221382152734696,0.131404981674565,0.517439851145482,0.0292654857310139,0.572186843043698,0.261832694840731,0.00603396879383862,0.00328501563620842,0.00358423238262504,0.00838049837487025,0.00518199392759229,0.00535900632445382,0.0104819262878651,0.00109671345142784,0.0177830084022143,0.0277111364051402,0.0104105772350643,0.0340038846032645,0.0048100436760781,0.00849758281977129,0.0429250581408119,0.0178083117771515,0.0391808575934505,0.162649868994606,0.0452253091654222,0.041027172479761,0.0198231683288632,0.00911835019131551,0.257491774870279,0.044515881673609,0.111333267232643,0.0276947087236829,0.00250497592105702,0.0567806015582541,0.016786632976598,0.0119453095196453,0.000923559585888653,0.00644113704285472,9.7936419551412e-05
52.75,0.0519874540302768,0.0222734700287634,0.00777103227052459,0.00758720598842399,0.00909703190131474,0.0654435969172398,0.0217309103586678,0.0569495749047091,0.0416908228750784,0.0728520968755164,0.103132017445512,0.0125375928169187,1.25124203129301,0.106084090136929,0.273388949079276,0.237866168810746,0.0354026843582834,0.00898501012840286,0.0280008187025636,0.0250359687307866,0.000476705027873698,0.0218681135750952,0.00614082366313785,0.0285645512104418,0.127998610219314,0.0505816183577377,0.0946237393711161,0.0649933620852354,0.162399102469336,0.0870634423060869,0.15539089048004,0.182568346483794,0.000239440962091321,0.00709298701515112,0.00433498493828118,0.0389497648168853,0.0104030118125711,0.0471918864331275,0.0196731531967796,0.01747295051963,0.0131224073660627,0.0248681100433575,0.0299692459299742,0.0475735440674435,0.00737318083412058,0.064600382885732,0.0492675600432219,0.00514095536160576,0.114074025794211,0.0550176652998555,0.0828445339865685,0.0691057690002914,0.0359013045338463,0.0274120558831491,0.255609780255023,0.00314602432395715,0.145699078288737,0.296286887519868,0.0325660064578987,0.429130780551592,0.397220007046639,0.119919565760974,0.0186980016662494,0.0277860776018891,0.015535903450365
53,0.148791607934771,0.0812778254044566,0.0221875035757396,0.0372227890782375,0.0216282549474379,0.00459522771591795,0.0651746423405847,0.00350685966108002,0.0998907475086138,0.0443199538508238,0.0885749137529967,0.0705970495989245,0.227823540926762,0.0484338259116054,0.690001804666783,0.0787916097852318,0.0814072119953692,0.0259209608994501,0.000851812748920685,0.00192830053970617,0.00237959247325107,0.00491032803363568,0.00993117052203433,0.00290045792972399,0.130452849171227,0.0232096295793817,0.250468761973988,0.000300975761219589,0.00750904857467227,0.123413090885636,1.01987421371541,0.0232795324672001,0.0113594276176277,0.0238875426968529,0.00193024987874242,0.000180318896165094,0.019680599323494,0.00140091901526682,0.0232007100076197,0.0736423318443756,0.0133949214099812,0.00671771283607553,0.0434094238010958,0.00104033402429329,0.0442133211500502,0.0118659446552074,0.0551411510103755,0.0628707964118061,0.225599418894384,0.0137069769699059,0.238286782088716,0.0135658318009206,0.147001672686437,0.090223980323828,0.116311777323057,0.0305195756435639,0.150596133912607,0.4269128893932,0.0886186521698944,0.0412011746420385,0.385942554090091,0.136502825887937,0.00196609305693443,0.00906144808833505,0.00454171118608737
53.25,0.0346547020131847,0.0216647874092077,0.0694468312232673,0.0661184779536277,0.0032615222868927,0.0230075160044445,0.021935622462488,0.00445325817142826,0.134439789253652,0.0403700639843568,0.0114195161390812,0.011084749095923,0.058480034372896,0.0055187636260432,0.308561302804023,0.00322888339756149,0.0538734164865128,0.0943772657719461,0.0515982627201157,0.00824464893442644,0.0655026878541394,0.060052100822406,5.53405547328733e-05,0.00217088655880856,0.0509204792701177,0.0536340493098833,0.112850575913041,0.0387745724435483,0.298086709581511,0.059688589336037,0.580111360169205,0.110064409030051,0.101208005296937,0.0816462992856447,0.017183897007881,0.026091775477649,0.00496449404899069,0.00296892991614735,0.0402731546157414,0.0395882818663972,0.0345814242195759,0.0375032756758149,0.00907092276441415,0.00528562465870964,0.046942957161163,0.0237906978606242,0.0425903354024359,0.0534890802674486,0.0990563400217801,0.0401027369068477,0.100018758892109,0.00663676727040623,0.0169384873715425,0.0128228411948112,0.00717442912080344,0.0220615601886723,0.279341365580128,0.00504076927745755,0.174203403553192,0.0255953714592202,0.297083430476964,0.0434604382286581,0.0120641664626553,0.0451397713384692,0.080594774414974
53.5,0.108588742361827,0.0451912209943342,0.00414950358128466,0.0112784830708401,0.015998628517636,0.0248116524025667,0.012526256445063,0.0248526411962008,0.0371070969434698,0.000776385596058967,0.0235886166390923,0.0457152609641988,0.39871683275514,0.0794887022022497,0.229472262620974,0.12174916259302,0.0687601580188017,0.00311384321261061,0.00971559071302011,0.0116085383087665,0.00545367653154211,0.0043258323569101,0.0067810028171625,0.00849183424053544,0.0123114210783282,0.0275359210240743,0.0782140955986474,0.0564150396099659,0.0718367425198388,0.268821475178876,0.37469194580082,0.179790155597132,0.00139065263320205,0.00412483753549053,0.0154291010364466,0.00786590907454275,0.00746012289500019,0.00648299781231227,0.0652005529024667,0.0231687314280829,0.00524101502185156,0.015876214555576,0.0130437759175781,0.0284290929199121,0.00795668896250635,0.00921416208855572,0.00655573280140378,0.00277281942534949,0.131692430220612,0.0448057689397021,0.0670841994865761,0.0818182585286704,0.0684212920181523,0.0823379120112983,0.0897025423606515,0.120548764465592,0.0956788496946312,0.0462029183417887,0.0590344735731716,0.0201062589546751,0.362844088842797,0.00542045202790963,0.0103718569773062,0.00323484935258698,0.00486029248513665
53.75,0.154853985374424,0.0597577821136097,0.0793782414902633,0.0323504775671591,0.00621996637675304,0.038071064335724,0.050381427268592,0.0107334910844093,0.0819895244895522,0.0195053331097697,0.352032985320454,0.00507928191229347,0.263773406189414,0.172258026591259,0.605666414277244,0.00748615710478764,0.0370456288195373,0.0242058818863032,0.0167467366703334,0.00341728865829276,0.0199905736766166,0.0249665247754611,0.00162779817652186,0.0116065176014971,0.182867301794037,0.0775783450112707,0.237913095993259,0.0586538771471956,0.000988198448138746,0.172099674528087,0.649186016229777,0.172520049081043,0.0248410303444133,0.0221895589790988,0.00628932824902295,0.0125515608624634,0.0133103471709425,0.0039151629420187,0.0473243117708819,0.0225045236703437,0.0149701414494184,0.0373303712360445,0.0235182541357051,0.016154427605893,0.0521773582692721,0.00267670832121128,0.203773016088648,0.00669335863145336,0.0814163307981542,0.150691956359903,0.214553155329058,0.00693210906132149,0.197676658954405,0.0429597946535524,0.257807950233658,0.191620409860112,0.130677800346963,0.203445190192478,0.191238120729536,0.0623653341087994,0.241328379373801,0.0421943529128306,0.00425698823889814,0.0116455409635819,0.0260678043773506
54,0.0496393291184751,0.0147208350210928,0.0249185837051111,0.00571918210626828,0.0355840113981801,0.0101790179669363,0.0144829397304592,0.0120266614065991,0.184359570322064,0.0382719084108615,0.033836583352288,0.078911622150208,0.734325534029071,0.153393910242009,0.432643980590866,0.0869832733275755,0.00459681978996247,0.0526781914628993,0.043772849957124,0.00629799008141946,0.0519285166727278,0.0304101744680357,0.0175273630210484,0.0168714914413697,0.112814503924035,0.0142853026261271,0.0703881603802886,0.00692983911051996,0.264589555592175,0.24817465498151,0.494832281358585,0.0443732234712245,0.0395134371867276,0.0308802691310597,0.0391934295238032,0.0294209701858147,0.0107757689269032,0.00893223914368223,0.0633850542652088,0.00360623511814735,0.0401317306294326,0.00612465474470574,0.0170263347183446,0.00658538280150334,0.00328967140899261,0.0217640093708717,0.00894685512664878,0.00944525074162336,0.0774653207222427,0.0325874097454929,0.0924017607922291,0.00333143776256356,0.0242293793574373,0.0514442126634659,0.117703028466595,0.309019764540294,0.278814057085331,0.271872917222054,0.262314854818138,0.224277477745595,1.60885413875568,0.0769718627805952,0.0271570696528145,0.00634390582449639,0.0742867610549554
54.25,0.147723531905754,0.216283635933186,0.0215043215377417,0.13348492780558,0.0399181226346718,0.00296965041888819,0.079489098233274,0.0107778414904117,0.107051156582232,0.00265700145535695,0.0674441498141402,0.232203356969972,0.0855609180537338,0.0613347328976667,0.952394025165086,0.00155498717760753,0.0546531259451196,0.0682689361373158,0.0162414868232725,0.00848348860726372,0.0123609385133176,0.0368929530433858,0.0162846986771463,0.00439087915490613,0.0707357146537757,0.113692328440437,0.477057170512241,0.011419523816991,0.101980307564447,0.146065953390652,1.77715242454653,0.000565616814401434,0.041512462277039,0.0670970442948605,0.0083232387677567,0.00838063700363532,0.0181616857993422,0.00779870771893471,0.0790748733492806,0.110149733446547,0.0107176084793992,0.0974978087897117,0.074301241907755,0.0021509498312057,0.0573824920354575,0.0157751346884814,0.0192842926479476,0.214645641511667,0.249030784100865,0.0188426163066766,0.290272747696441,0.0242891909400955,0.0989759125273783,0.228898952206418,0.0391075441568106,0.329535122571284,0.436023799364651,0.0169344576776476,0.115114654903005,0.0311925634826886,1.83032117207749,0.0292091590836431,0.0110240712534728,0.00802084240986464,0.0482534714454073
54.5,0.00133896636449239,0.0145845533010491,0.00717390554900856,0.0072922237447488,0.0514914933156378,0.00328009855567521,0.0127734571444728,0.00219305396207619,0.0785892814304573,0.0226351625130097,0.0036162269592683,0.00240195598665554,0.0141201010874285,0.0869735821083063,0.0474475315851982,0.0160694914264175,0.00127678887448106,0.00367705808900159,0.0114615976849819,0.0100526476948703,0.0159814007961347,0.000629782179797959,0.0161529048299014,0.00236837940550206,0.00760529160934797,0.00296694256204893,0.0403598208675078,0.0419933918798807,0.116516190282089,0.0613492286882661,0.056983012568079,0.263586843790554,0.0119507061058885,0.0037321076681169,0.0346089404966305,0.00293161066667666,0.0108712504994369,0.000901064999171497,0.0115104011412755,0.00265910541132255,0.0353350750524925,0.004815851739211,0.0424393137526659,0.000965479731634653,0.00810891314795723,0.0018740188405107,0.00323607521089957,0.00183867899370651,0.103475041728836,0.0437938585128258,0.021423529086463,0.0166321889437687,0.00324130684416475,0.00473406641757824,0.00772913374885804,0.0170565183816991,0.00350148087433168,0.00466966371667419,0.0464446537038123,0.0234498329721721,1.16206395219228,0.0320669195742619,0.0117112990086165,0.00203238704387246,0.00917589130871729
54.75,0.0333503386041491,0.0531497333995379,0.00642714892258219,0.0233979047247751,0.0699095260591315,0.00724333842213213,0.00196682266673925,0.00838145947273429,0.0352617373190936,0.00961083703562783,0.0291936541711585,0.0684990198076038,0.137866739372221,0.0268775531318942,0.0062158902363768,0.0288136257103172,0.0322228726231021,0.00015568108979092,0.00494949455283313,0.00448625848011938,0.0165148148728708,0.0017820437441257,0.00695723033385553,0.00689801241093179,0.161087092967475,0.0569184107736545,0.0571404102003144,0.00193669140744482,9.45437835083238e-05,0.0332044276424456,0.175832270305862,0.0482111242426012,0.00418449816849641,0.00367979013989235,0.0168759061115672,0.0104173441840348,0.00278121237316003,0.0119232514087647,0.0418314419575747,0.0401747322510102,0.0941129740553966,0.0141985829159335,0.0201364037425674,0.00610855603081445,0.00462847818093687,0.0271000423990713,0.0334844121718061,0.0885186985184944,0.213247109638431,0.0112447021021255,0.00150464334538124,0.00723264316954353,0.00551046350554193,0.0739424388883187,0.00746253406659688,0.00431557269559664,0.00152716090129408,0.183819587069195,0.129873473703664,0.0377510466431933,0.744795692318506,0.0263377950037035,0.00556815436744516,0.00856924432994592,0.00447093820220098
55,0.0162234816076184,0.0360525305226486,0.00424960572992445,0.0114854683266604,0.0199196927196589,0.00748715222979106,0.0104515023956693,0.0166180319814226,0.00861855121238112,0.056994443790249,0.222407923810464,0.0412570515988074,1.02036901134156,0.0417368273600837,0.057008095346156,0.0218483304463573,0.000969713281446499,0.000752310433252002,0.00530122212007884,0.013103118178533,0.0178785379339698,0.00514788816349029,0.00688456563081584,0.0058812657969831,0.074060237131993,0.0437178506032535,0.0200800638859544,0.0402941760320262,0.0258296793796357,0.211475513762363,0.0652554216240634,0.224986777962658,0.00296712214641245,0.00187715995539858,0.0115538570453027,0.00568069258616301,0.00711241708497119,0.0133080863034105,0.0146543701958673,0.01457528404189,0.010119207547654,0.00568483474752067,0.0199016962831263,0.0110449373013563,0.00463668989897647,0.0257974381320071,0.0527140474928042,0.0575598500340927,0.0660470145982849,0.0473374543620765,0.00646166899903724,0.0426819760783467,0.0976690429295874,0.043259887092123,0.318459093174331,0.000647022426485896,0.0251828554732047,0.0276210465796234,0.0219714431124423,0.0324767883063768,0.0778362877874908,0.00465542868406785,0.00802313763928931,0.0165851071402799,0.0119235384583274
55.25,0.0618527263888882,0.0497944664707605,0.00447291055465953,0.0118691108800006,0.0114107252642374,0.00763182558365064,0.00677482593245886,0.00601994102930551,0.00152697397911521,0.0112873433063944,0.33132586385771,0.0381518125450947,0.27401601824189,0.0857020113178045,0.0643224714974938,0.0413593891224661,0.00420379817856053,0.00307813570859982,0.00278227018532471,6.08393549531097e-05,0.00147976143506615,0.000886533077030998,0.00647860927318921,0.00430939563467883,0.0470224588043106,0.0121996911708074,0.0727831421217588,0.0834650816135892,0.348517497379645,0.0308283831355847,0.136126645673102,0.362943987781205,0.00170547663859322,0.00197052711317391,0.00155492681100402,0.000390196815313163,0.00196956257032913,0.00440077768880646,0.04491549473151,0.00804389450574792,0.0252214773534248,0.0030508103867616,0.00926315707591273,0.010604334345652,0.011013146815029,0.0132417107778174,0.054166528305884,0.0332636353250208,0.0647786593516967,0.069958779199458,0.0223016629499327,0.022219730908949,0.121151775886388,0.030468383116587,0.0999351395266042,0.0149639730364219,0.00873041695881601,0.157856143943978,0.04887703895365,0.0544001079883494,0.164863043131741,0.0214707213608971,0.00104303779536043,0.00160662979597616,0.000796613283823873
55.5,0.0207090006444035,0.0162485829085317,0.00114748178201177,0.014191609972201,0.00337525064355755,0.0265539145738582,0.00316246790156182,0.0131189174845189,0.0160023981728988,0.0414928936519911,0.0709132502581742,0.0314151320040703,0.588362750995101,0.0573732109655851,0.171461487048712,0.0224079400743395,0.0029512483224933,0.0180618502125094,0.0227076479130187,0.0189278480026186,0.0160316619293666,0.0185895554427071,0.00346861723085852,0.00926979294450929,0.0605342572152305,0.032275856938307,0.0363917561712274,0.0135787877511201,0.348980876678223,0.065373881155847,0.260120224529855,0.0590590952737173,0.0118055779333755,0.0204918773381891,0.00987946061637695,0.0207002663081199,0.000206088137973826,0.0128102188308295,0.040037296116348,0.011136720628593,0.0153837665398257,0.0212966687640168,0.000445623862124039,0.0147643619603228,0.000517213844124445,0.017209291227826,0.0183936718206231,0.0386376823532905,0.123982915425507,0.0388849263398581,0.0277035714812615,0.00294628196784293,0.0259832578008484,0.016677610711971,0.113069591582637,0.0646400521898611,0.107834069297221,0.137304943601083,0.0588564327123639,0.127033051220796,0.540656577723938,0.00494972123264101,0.0149736014199303,0.00764940642439021,0.0314796016535622
55.75,0.0258601181372415,0.0641807374602568,0.0334711061910392,0.0164412844745879,0.00481359440041375,0.0196127533319177,0.00392982780150241,0.0120400456737471,0.0232058508323315,0.0418064751818506,0.180437709319555,0.143427547856442,0.0496462688755843,0.0151725024060783,0.0874502083345709,0.0268927464338494,0.0230018116607882,0.0117596461051486,0.0240738108988917,0.0171311642254019,0.0112631278895551,0.0175809412614137,0.00332344458901667,0.0153464790887387,0.0148624811532473,0.112603749887444,0.0425662954928266,9.17372568205039e-05,0.288509311113309,0.0886829252301307,0.147004706544827,0.0185829025278983,0.0120934743993429,0.00444152298196758,0.00401356624485619,0.00813588084184352,0.00996441022349688,0.0144532524219219,0.018078841809932,0.0247031428402064,0.0056424768730827,0.024981847482973,0.00104515603171988,0.00482394332626557,0.00825511364847716,0.0288191187719589,0.032697525546705,0.107881110516254,0.0225112398483746,0.0391465833457281,0.0286889073987249,0.0121942154746922,0.0263567221807066,0.068387768542648,0.0491625212676176,0.040009422236487,0.151561717147216,0.0982156244983755,0.0724648542334762,0.0506412119683516,0.782789667959446,0.0667025706713884,0.0127026257910016,0.0370737977612839,0.00992984281045834
56,0.0244965316971771,0.00954009063948621,0.00628757697730092,0.0169438645917734,0.0324723513256256,0.00762741983643933,0.013359220142712,0.000414028817736955,0.0842452916730538,0.0233798743344074,0.0544223332566512,0.0326793656314437,0.228438104432396,0.0243190395125013,0.475688553918759,0.00368029588015933,0.112010255397034,0.0180008209495695,0.00972946210394272,0.000404219935536482,0.0207906788571587,0.0163445176530321,0.000148200537744093,0.00320483642350435,0.00972448590689755,0.0341645514936221,0.00221456954549901,0.016014265904146,0.0421051237121757,0.0353811153065409,0.564754576849866,0.155365686736926,0.0233097530913256,0.0093697382175048,0.022757661732259,0.0117634679580583,0.00145209453835997,0.00265808910581408,0.0642463759637567,0.0198878684261722,0.0449634803227741,0.0275708892356922,0.0115847641312097,0.00625217557046518,0.0088899219830712,0.00628448827536481,0.00335406856473258,0.0221130270794099,0.256222377218272,0.0434666307484102,0.0712369670616105,6.90270761026705e-05,0.00377288986726966,0.0237048482917931,0.13011280132031,0.20769249262042,0.418147468075159,0.0121781636906367,0.139837348326231,0.0294319993171159,1.08415916952847,0.0177883795831867,0.00173033931990429,0.00227661739608989,0.0159348379113296
56.25,0.0733338875670604,0.0497451256084216,0.00184893990110547,0.0224369912754703,0.0080572903144499,0.0233549172019321,0.0393074304998243,0.0113796278445209,0.201154474019476,0.00393562368127558,0.249274010737859,0.0514012888517613,0.190292773052705,0.0740331422990644,0.633008122243417,0.0300983154996813,0.00882524999971984,0.00781635079874833,0.0015243496953236,0.00447858965632637,0.000474093891532691,0.00929732841975961,0.00629763450630468,0.0056792263538106,0.00480477064685929,0.0526835806412164,0.0913953125217419,0.0587003108024046,0.610383072169961,0.191506080785172,0.24039939088609,0.201327255355796,0.000583304244328852,0.0130612716179978,0.000862700557237247,0.00312019318775278,0.0083775070330062,0.00434332295932879,0.0513357026643449,0.00917535703732629,0.00743729310958633,0.0436500453108534,0.017395539279368,0.023262203858377,0.051925858635961,0.00641390978953385,0.0277039091791446,0.00406815469080961,0.087688705587579,0.0879623268930117,0.154144734406096,0.0528062986034945,0.0532631368675797,0.03064187446577,0.312625705653061,0.129584004888399,0.10329543186865,0.0724587718142919,0.453315880643249,0.0155716738759169,2.01484336784882,0.0522666393114995,0.00619458395789904,0.020395013535023,0.000837231767107763
56.5,0.074035495501262,0.0535642778057558,0.00598749901371206,0.00189941046740569,0.0214704113873542,0.00489395477136321,0.0441512773545904,0.0176402830866091,0.0240825866898052,0.0116525066609893,0.15109954473721,0.0601341648805829,0.172838051483734,0.152793862088718,0.628794738823758,0.0559761190717319,0.0014117169715515,0.00580936405651121,0.00446171322819054,0.000709984874217596,0.00714486422794745,0.000148718655570918,0.00560489880267803,0.00535013962605745,0.0454457379688403,0.023571670294404,0.120759322838843,0.0889943266419971,0.456836230867027,0.233316867619567,0.420596684674438,0.204718495410276,0.00917203160455063,0.00619258391488134,0.0050317447375499,0.000931023964420784,0.00630333208631033,0.00251415119897327,0.00597263023091113,0.00831425194590796,0.0482112662164047,0.00348298858711568,0.0267358312084355,0.0220305497804314,0.0254536059076306,0.00123103754701041,0.0320922647929043,0.00846079573952762,0.0708513047600623,0.118587665916058,0.186335941779325,0.0831447986493945,0.151037554427201,0.061761736260564,0.0494258187263196,0.193462775804717,0.0852123291363784,0.269070595452834,0.0816447595460919,0.0855215167190784,0.176218304019336,0.068575280125803,0.000132900917469176,0.000724293977525964,0.00357783539433294
56.75,0.0176858159096496,0.0110756065488999,0.00260163277203107,0.025431217758114,0.00188349067486946,0.0280460582135004,0.0113279389303566,0.0413077428724594,0.0353999568022565,0.0378722858480923,0.138533621548037,0.0342102831415265,0.0530295098388955,0.00907816528092108,0.244049115223495,0.0207034078144588,0.0172756458662525,0.0237742420893912,0.0116964132564245,0.00578009297363544,0.020639935076175,0.0258905211761392,0.0031465404620542,0.0162744277047814,0.0647892907936541,0.0380338764995392,0.106146784078485,0.0356243736620042,0.165466681537561,0.0136232806098531,0.470694919865918,0.000419704568939791,0.0188971126275723,0.0182720962227626,0.0047461640717217,0.0197432734048632,0.000430524208722791,0.0168033278623948,0.0271693436022182,0.0211457263494676,0.0021768023940217,0.0558162397061139,0.0217806565672484,0.034857232974626,0.00463888021798697,0.00993233470174634,0.0385982136684253,0.0319486768860279,0.0984935250694134,0.0318269761288465,0.0855493758026269,0.0845445394455854,0.0461389681352445,0.0173047291873397,0.173772481137064,0.089052784296856,0.0931322890918957,0.0387438445779082,0.0969550316455343,0.00337596410657598,0.530819508006445,0.00419585987776776,0.00958805562807072,0.00601994934550024,0.0190025982661859
57,0.016480285431425,0.0312294942162744,0.0302558790636146,0.030046702809484,0.0494421884927635,0.0409995931206325,0.0101375609663927,0.0576522118681418,0.0368976074194378,0.0039873577950311,0.133135047284256,0.0691269966434293,0.222736755349941,0.0814871867282627,0.614637201272059,0.0635692917983981,0.00508169500528799,0.0279574654676744,0.0488402442535127,0.0372130127358435,0.0276914885543425,0.0419870246212639,0.0198591037563476,0.0601204460068826,0.0782488227035933,0.00673279811152175,0.285042826511841,0.0757555375386933,0.0138450592458009,0.165528623173153,0.623683224308152,0.124758383336734,0.0346491784104337,0.025783412339182,0.0327626760137485,0.0454023127215241,0.0167497510513811,0.0427142379392354,0.0289410593421973,0.0275990210351355,0.0274436685449374,0.0363303116981822,0.028713959102909,0.0538997391120451,0.00359001469648489,0.0162234416393454,0.034885026127993,0.066055905064798,0.429924691270813,0.0247972753303116,0.137110058587743,0.138023092916783,0.0089949623418595,0.0435248334679331,0.163225827463555,0.0445766559308519,0.200290894821119,0.0314413194907882,0.0233895898222746,0.0194989287179654,0.681007568835304,0.00988864637498221,0.0379257130286451,0.020790940407866,0.0344042174787035
57.25,0.0292551523536006,0.0642833730175619,0.0621190098132739,0.00888771490490754,0.0374996098627252,0.0192019396099103,0.00912264329724563,0.0143417133275648,0.0140469951539361,0.0109310484060373,0.301548083681454,0.0348355180669288,0.04020266907713,0.285167331559568,0.00468976602845263,0.079973396996016,0.00177439916674908,0.00653374914804523,0.00187826749478713,0.0043947469644759,0.00729037156678743,0.00299068021432948,0.0103759323306007,0.00301151389470072,0.244794036352577,0.0681106149260594,0.0424203695929301,0.0709531109193246,0.0262612047282702,0.441202362641775,0.0532322890837485,0.249593521383132,0.00807070090760843,0.00266982829697896,0.00776643504361953,0.000699880155624312,0.00885561182721409,0.0114458118458438,0.026053590693121,0.00402792729594027,0.072025159458142,0.0198359764778285,0.0185635969437354,0.0112618487042869,0.011310139911655,0.0144143375334292,0.172178061835192,0.00643754294838054,0.132627315712753,0.140749996366897,0.0121261714785245,0.0489458722800174,0.149787042805259,0.0505628762080482,0.0784266684520295,0.304527394192068,0.030691532686784,0.0970233720867149,0.0337640902052487,0.012049349702562,0.306073609033837,0.0407960498868376,0.000644639696520837,0.00676152864567365,0.00637889288818709
57.5,0.0273823822268863,0.00169083271003566,0.0433288651261597,0.00202586846517429,0.0235027922801454,0.00183792811106598,0.0201587841286395,0.00104385053405471,0.0335310863041774,0.00669210630315344,0.339721225761356,0.0239202255515029,0.00755879804509735,0.0157408299695055,0.299041161404664,0.0470405143361017,0.000385372716359989,0.00518785643961636,0.0172615939892238,0.00257590982203229,0.000758338335366455,0.00327996496970363,0.0136617457164171,0.00166611146823005,0.0740572181646049,0.0116591426759027,0.0944140033756706,0.0058420015232539,0.191499295356881,0.0134111074724425,0.479573893999817,0.101846778309774,0.00192407618086082,0.0145156524233088,0.0105942809417432,0.00651935954010943,0.00611230148124705,0.000696971864821087,0.0304651429584396,0.00586119751333457,0.0177512373193951,3.70530712981642e-05,0.03044311355737,0.00185727394347577,0.00477422513877477,0.00184192640566259,0.137768350381982,0.00865274646883488,0.0481262279639597,0.0216629648893283,0.0725486075002515,0.0128024330943649,0.254794149355747,0.00639321575986286,0.13515490616308,0.113813080007677,0.041478224057631,0.0337046298436781,0.0308011649030844,0.0449466777953198,0.426307818149385,0.0507666222847729,0.00672111058314297,0.0030884921562359,0.00475146889727909
57.75,0.198930250748696,0.00872204936658342,0.0433309754751892,4.15779216802276e-05,0.0082331518254739,0.00914918773934022,0.0112185286658404,0.0526101369393411,0.177908328224237,0.03341244691984,0.506136897081438,0.0211074464849819,0.525451884387812,0.0203987566235169,0.192493941323164,0.12257474114227,0.0160627113809762,0.0106496678670619,0.00458762027141568,0.0268726904333071,0.0104912745819214,0.00223153963706387,0.0127616358646633,0.00853868312733768,0.126510073860324,0.00308826806891526,0.00495182999168238,0.061683704272469,0.415787223605579,0.0537910164935683,0.0424809590765694,0.0797474560289943,0.00957677562901997,0.00221079288915224,0.00202863095972126,0.00236647643012592,0.0152143653614639,0.0203015975027831,0.20325054264376,0.00423427106150395,0.0235465723531538,0.000559083166351347,0.00190358582648275,0.0333133153145625,0.0305531264268117,0.0287948654081456,0.173797575117018,0.0150777907066561,0.100277532756256,0.0157156494440206,0.0209851819513703,0.0819447586877301,0.360824418107164,0.00812384155976342,0.380759659147743,0.0246255962790997,0.0790681768843128,0.151821084355596,0.135204433896653,0.0174971071552072,1.249254807726,0.118849027904805,0.0128067960156689,0.0423545702608587,0.00823505807407441
58,0.0414412491771174,0.00152993051750411,0.0149281681477487,0.00487081537101911,0.0296833223073441,0.0199160026804711,0.00151631532685627,0.00795589479102259,0.099629948024706,0.0240516089992159,0.100170984164216,0.0125678630544369,0.0915379424597773,0.00503847247851454,0.311139920707813,0.0721316239991855,0.0125585378178055,0.02899439829893,0.0253129472093724,0.0151861149425683,0.0539253728387908,0.0164803088815449,0.0224722107904489,0.0242619413805418,0.106668480924286,0.0102362284155416,0.0129666193924574,0.0164982322953592,0.144699380985052,0.00800423045119209,0.104467490581268,0.0021723022104035,0.0221032404318767,0.0128393590466834,0.0346099265437706,0.0157490544354658,0.00369437902018179,0.00824489270754614,0.0942544580713849,0.00193041446707795,0.0810006093262404,0.00809796187161293,0.00461388960927271,0.0150772206695509,0.00279206517313256,0.00217428471749364,0.0363420982732167,0.00373493567991078,0.0222348077396915,0.0229643802498465,0.0366631551047133,0.0226937867711849,0.0463056412381277,0.00379803482785589,0.0733445559032864,0.00276223125509065,0.0623868128528293,0.530030965308286,0.0588778558424066,3.98323747188716e-05,1.56555798425178,0.251366440251099,0.0354397172637927,0.00156834651136878,0.0404168067081322
58.25,0.199571185152152,0.0216172516240763,0.116950013600883,0.00285680575771204,0.0333837008336927,0.041710034612951,0.0312101650130997,0.0739122892035197,0.215800501666548,0.178565989192815,0.95097880258786,0.0508112940963619,0.70492334173248,0.135091654411428,0.40638975406487,0.215103989995617,0.033546713780702,0.0067969450781059,0.00760907074761477,0.0251298010454455,0.0225336661677556,0.00509155586749831,0.00462825149673434,0.0258999388132883,0.403106214396182,0.139595837898539,0.0927926045902867,0.0898661912451421,0.537754843942662,0.103508532644722,0.462782637613955,0.0682386219713494,0.0263359079527297,0.00103362437337083,3.22599620587997e-05,0.0164408702389421,0.0191684494865982,0.0395657444125247,0.137275388090397,0.0107876221974047,0.113008784880554,0.0255631760878916,0.00827310497690824,0.0455453213042846,0.0519659215538777,0.128427169765256,0.391353183744698,0.00977466639931531,0.290254339809955,0.0994435674811455,0.112824400827295,0.139011522220178,0.404077416457251,0.0340181561142022,0.796601334320037,0.222615111038751,0.0896261639106775,0.382136016444552,0.27196529355031,0.194294444879959,0.961611250356924,0.284867553056203,0.0104013118831681,0.0678097166385238,0.000499341341347063
58.5,0.0653354785555921,0.0580878444615875,0.026361065922799,0.0562684167561095,0.0576191933633771,0.0296890222589578,0.014241084257814,0.0522852294247206,0.0268899461634414,0.119758250975776,0.185859245832916,0.086875840816919,0.65942226742565,0.0221388746734985,0.102011234451834,0.207372934869346,0.014054780139742,0.000888893743792775,0.011723495474,0.00521214507955918,0.00597616345251846,0.015489199846059,0.00861705282696736,0.00877039082266899,0.312204966334194,0.0884710234978244,0.276847212168898,0.0554290973666835,0.106357193520877,0.0541337718113086,0.89891684442512,0.152224134285503,0.00148746958384331,0.0138834723480424,0.00868047396276732,0.00614673178554646,0.0063903897605275,0.0212821939965128,0.0211965484841342,0.0379499489315626,0.0635643418066293,0.0440248353424718,0.0521108076989127,0.0292668728984469,0.00621240069690496,0.0610132417922919,0.120495457070527,0.0784160116991974,0.460694240290768,0.0153942748489015,0.0857080307247992,0.106939624472176,0.0808153732157955,0.087762162619284,0.214283142013776,0.0174065375851291,0.0695188441866004,0.514502175191731,0.0293460344992395,0.197066766780088,0.293307998006964,0.273022416318037,0.00521433246857411,0.0277379805985454,0.00505360656450742
58.75,0.0431143737428005,0.00288541673623563,0.0133760437164194,0.0184963732594013,0.0385082472893833,0.020289416832169,0.00347088468973013,0.0394616676714233,0.0938166011587332,0.135016799267974,0.0865453737692225,0.00482368662081454,0.123935982186818,0.0173530906619194,0.123643149962913,0.095616727159862,0.00722184770517733,0.00416395020571043,0.000908378046738848,0.0153922637235148,0.0160851998109221,0.00164217656904368,0.000837206219096229,0.0107895215302595,0.15233248550314,0.0496475404392258,0.124081465740215,0.04872834861258,0.0411188992336153,0.00512134541833428,0.650678035123022,0.0899493305555064,0.0129897691970015,0.00495460502843413,0.00749796849511015,0.00274564594382458,0.000944458438755392,0.0216240421464704,0.0160874927310477,0.00588883945907078,0.0600875620024185,0.0179965866786306,0.0156659918238728,0.0322918373301178,0.00157488551110658,0.10132359560558,0.046722078572565,0.0278861136957662,0.278896699865107,0.0206329065576568,0.052843912407606,0.0879487636165687,0.0270167749235068,0.0092067405253883,0.257504416229838,0.00834103438486222,0.0298430415752407,0.263819285301902,0.0514430058426448,0.0867851293084791,0.567627899650318,0.217999311067487,0.000508576812275877,0.0501475219327663,0.00807972125151874
59,0.0975756285495532,0.0509338050815784,0.0175903264695335,0.0368448988334425,0.0487418121767749,0.0167718416288996,0.0160042167298265,0.0296014220844896,0.0446416253168902,0.136267505138439,0.233330777646731,0.0997996467402522,1.33797815316091,0.0576001313131788,0.141364085635721,0.0274602666126407,0.00744540361373174,0.0042984351503918,0.00917276073593393,0.00717876873208627,0.0105662788973722,0.00640718248753344,0.0157290089737979,0.0131983394850234,0.153349210420343,0.115830972312125,0.140046475420824,0.0391065028413764,0.0564471331069706,0.0618252613082997,0.514082874992804,0.0488595268707942,0.00441178198686784,0.0136366805390747,0.0194912837741147,0.0115062479996332,0.00789252231696351,0.0178255739987963,0.0195860646592374,0.026324121078271,0.044319905781066,0.0391230465544134,0.0249486605983999,0.0214504458762845,0.00789670308607816,0.0688943022977876,0.0753711548881183,0.0813264024846668,0.257885285288571,0.052484379322327,0.0440747135038187,0.0317432613808963,0.119867147348315,0.0401803683941388,0.153904692543574,0.0476230813286337,0.0288746484770024,0.32624217907669,0.00951120261036311,0.127039303965936,0.470037968043202,0.163538665306736,0.0101414871637946,0.0347811871900644,0.00585170757952711
59.25,0.137950984185037,0.10011452288814,0.0490382928086943,0.0318625723003033,0.010542895668822,0.0201735681402927,0.0355442835294567,0.0398865981643459,0.0623088655986166,0.0142960597464203,0.0141318516692895,0.112331477740128,0.441023007800186,0.000210396982674597,0.173545633523441,0.156071348115819,0.109183525353652,0.0444861843388178,0.0187973849951412,0.0220932019216157,0.0326684022845015,0.0239456507125952,0.0107274110776234,0.00854993929543443,0.0340732454417216,0.0312064006642832,0.0153421650452606,0.0504950983745689,0.0310042567589291,0.0648352337493911,0.0714809602400783,0.0726351353257992,0.0438560520121813,0.0348535482274422,0.00923359880875864,0.00779434525603577,0.0310050343427514,0.0180989765950538,0.0221370536413405,0.0809273477050495,0.0317020686297891,0.0187214332981298,0.00827017407209921,0.0185634148354421,0.0503573508114707,0.0283741765215993,0.0355626715281942,0.0999852014874968,0.0039045116153848,0.0102298991716095,0.0792760626946818,0.131067456341161,0.0840654826641209,0.11036670672539,0.0133821659133658,0.0642728852523127,0.0166336020395052,0.0841167573089304,0.151567450658594,0.00392033039819921,0.020372024296408,0.0118669946884369,0.00985338196944389,0.039955099227888,0.0407470044027524
59.5,0.00350455711103308,0.0143678823743412,0.0189538412880644,0.0281643854682415,0.00172602503088273,0.00135779138948492,0.00718930680893333,0.0113983381360143,0.00764816189049805,0.00483476134811653,0.0140094414797946,0.00049950650452944,0.531164861069037,0.00038424771508511,0.238969322084695,0.0378563246829753,0.0346646853128976,0.0477945423055376,0.00972344499956107,0.00169837930710977,0.0109496543751077,0.0224427360354269,0.00434342541943729,0.00172403700668545,0.00228713451163305,0.00961869079824549,0.0263543193189903,0.0241491374537487,0.0328372143514107,0.0420421044278953,0.13494508725786,0.0801067725401562,0.0240423551090484,0.0405935088911348,0.000704455536940251,0.0128665709166847,0.00195162302716381,0.000525787756117635,0.00162629159091621,0.0255411174099879,0.00478408646048905,0.0160065047868447,0.00233719915387791,0.00135569818113522,0.00356452188158657,0.00531685510536774,0.00991921241938593,0.00459279653614098,0.0367086365045871,0.0112019769411125,0.038110296589861,0.0418800648060103,0.016051805954051,0.0197681174628455,0.041582070318973,0.0162292322799194,0.0453063794918496,0.0846505620001534,0.0195722785720295,0.00576616417804513,0.0114994058395124,0.0160361128977306,0.00457510294821913,0.00413132943371333,0.0335190997558924
59.75,0.0134632260345747,0.00979222727587617,0.00853218115381465,0.0273475284020336,0.00374391769111647,0.00595123447368502,0.010343641793923,0.00950114803383043,0.000923493473634774,0.0124533035015129,0.003440428961607,0.0562193545289285,0.196849753198837,0.0247061155726635,0.167163098751918,0.00234604043540857,0.010473011477176,0.0196000750416904,0.00115494571095797,0.00506018593952874,0.00676785548589528,0.0155005428986575,0.00261319196764609,0.00429463110390069,0.0299842295611828,0.0436138623309872,0.0276121762567327,0.0080748799282437,0.051197254365714,0.00381481169483552,0.118265785933224,0.0126504908760869,0.00536255407023451,0.0171312747089128,0.000523465815655014,0.00684037221617637,0.00420526229490691,0.00374143446132181,0.00536618861285379,0.0124971225461997,0.00242073242952775,0.0224171096210794,0.011182291383116,0.00276954065911055,0.00592464110918355,0.0261889132260757,0.000647788533785119,0.0789723801517331,0.0639961932696707,0.0121257795553789,0.0474108152609629,0.0502279356960017,0.0338688384526178,0.0171014570009591,0.0451048883023035,0.165893075059362,0.037483866786175,0.216542016107134,0.0205864168037128,0.0452979823255724,0.0867933711818296,0.0279960776678091,0.00436738442168864,0.00381370011891292,0.0140087674050395
60,0.0117309180224746,0.0185339878030832,0.00174139304743122,0.000279934113006879,0.013104421476356,0.0096545628899444,0.0333349437143428,0.0186900350467807,0.0013269071907948,0.0116503834235143,0.0600178216078354,0.0516200594449302,0.13769133962438,0.0553935321536556,0.0699436973655483,0.0105348751111831,0.00246227956747153,0.00186342005299119,0.0201839863275368,0.0252184361020406,0.012265171354401,0.00684357908215619,0.0312457734457478,0.0096808811372409,0.037216935850531,0.0178405125699386,0.0237503527380624,0.0347294577173909,0.0175689001754967,0.0433943752546041,0.010243207944983,0.0804559117670574,0.00232644193258596,3.36060339387069e-05,0.021605948947832,0.0134484960480417,0.0196973707481513,0.0187418888211568,0.0161551906319971,0.00600377194462853,0.00375038854680005,0.00401644195546091,0.024024173206115,0.0132209514843107,0.0324884895187849,0.0219839428583931,0.012218211044655,0.0312323231193861,0.0229211551329902,0.0231274948257198,0.0369259311706901,0.0526867839288432,0.0713999857142805,0.0207499580582851,0.0711542507014733,0.0973107580952243,0.0172643046584094,0.0665297895874039,0.0476703067645025,0.0864919470082532,0.170847865384429,0.02688539124323,0.0223054153925824,0.0136623922669973,0.00484891940622357
60.25,0.0983143065370505,0.002167179473768,0.0248061754820106,0.00389079672935683,0.00767829145229931,0.00166981792131889,0.0120249230356142,0.00209310054414706,0.0402201821739496,0.0575163570900548,0.120668560320697,0.0124322736731599,0.140521795653885,0.0727700651583057,0.00665507485250614,0.0144806818050941,0.00428610615628956,0.00471558617534831,0.00181951317658381,0.00619143916046922,0.00258258925551401,0.000274877196743056,0.010953934264821,0.00144122158361099,0.0749682770946289,0.00373507282407466,0.0414265318930225,0.0235763482404518,0.0867563719238742,0.150846204451091,0.0309971438700444,0.0535870446420647,0.00642519154093098,0.0014556474221974,0.00346164302550268,0.00155465027849694,0.00744320294880967,0.00741019665571983,0.0183170089933514,0.00191946785274613,0.0160878335687752,0.0100662905235909,0.0113247007857932,0.00271280596562572,0.0170785496107466,0.0188815425385785,0.0682573743215741,0.0414396141411967,0.0796408965619377,0.0161758228939643,0.00733747040151297,0.00521697871450169,0.0448838866567336,0.010546828105202,0.177164061424188,0.0383722668055425,0.0282212781591831,0.0541238592327712,0.0376468683312612,0.0648633078608051,0.0886667405229167,9.93916081470146e-05,0.00706081198449446,0.02047692453643,0.00274014297811887
60.5,0.12075354767154,0.0019732031096689,0.0327249734796562,0.0010671302287682,0.00876118775682663,0.0176462985204137,0.00386574122053267,0.0382019306735949,0.0417712504836554,0.00579296240186754,0.0179516404952714,0.0153629103386523,0.012058670580343,0.0815301805744346,0.0418973516634718,0.115690502680387,0.0170822270226145,0.00763026709394876,0.00528723999299124,0.00934411294694711,0.0038048714137342,0.00198702184473232,0.00369191480134616,0.0185986888514857,0.0612048144417279,0.0110085667228855,0.0131872358321893,0.0930512522325196,0.0427608940336302,0.065352056058903,0.0410214895666662,0.0953709019850396,0.0146779480105012,0.00460132553672934,0.00154284984439015,0.00748553167132774,0.00192411567350001,0.0108442272548842,0.0255065512945487,0.00260663970757969,0.0293643801994826,0.00415963509181926,0.00473118595173383,0.0410122678964532,0.0107017568640245,0.0120476833716151,0.0342434935038341,0.0290686821246343,0.0763516949190306,0.0542162390172073,0.0135226371020536,0.110534579691278,0.0521877139644142,0.0045757251946256,0.0139641769550078,0.0522598859717721,0.023886799205827,0.00868911396624381,0.1028242956521,0.00462575761805389,0.340477219160205,0.005027448744474,0.0038153918616106,0.00360301952720944,0.000530263274248771
60.75,0.02676615147158,0.0137617298910838,0.000361837916695866,0.0119577367975631,0.00733794935221791,0.00828246791722896,0.0067938060360636,0.0145668244341808,0.0809421957719014,0.00528294753721938,0.00598460213577729,0.00983735976546775,0.122105798760425,0.00262990133576041,0.168065126576641,0.0421347341545264,0.000745015784362211,0.00595370134631611,0.0124203016241556,0.00231995586711573,0.0100568992628952,0.0116168911198189,0.000421163696934605,0.00906299321890628,0.0114892068599216,0.0622431649075866,0.00051766012654609,0.0149687216621429,0.111831870809081,0.0090885386915198,0.0141111266733906,0.0220458830136625,0.00386156806613495,0.00972099773430531,0.00370231807491824,0.00880034783271668,0.00305691039285059,0.0166889780118793,0.0125793265110004,0.00506132903684934,0.0122989095505311,0.0234175333313601,0.00104535873166352,0.0138169018384168,0.0282675718674126,0.00618250975516193,0.00308697539279243,0.00827238077425412,0.00235085306268812,0.00721690541195291,0.0344029971736841,0.0607483978737969,0.0147285010321324,0.0124695910854795,0.00249220582105888,0.0385248319225171,0.0448284359687996,0.0478721840449545,0.330298505672325,0.0560903833827751,0.853579964165446,0.0395878355640991,0.00855558286900611,0.00148060106535535,0.00779665800173982
61,0.2245699745213,0.0423662765114278,0.0862366875886931,0.0228923630344504,0.00190651517807043,0.00193054868842071,0.0198906485307949,0.0362054674152169,0.177786480900293,0.111247018980923,0.279205297306583,0.0468061617913025,0.0465435739567545,0.0466982685359488,0.107104357989168,0.136223998598892,0.130595249896315,0.0647574097236144,0.000550961527892458,0.0175399124605511,0.0268002356637918,0.0086404184882357,0.00159748161007496,0.00347447131933875,0.119624833005045,0.00705605935960682,0.0188467630212509,0.0655470530863296,0.86756116498591,0.0347726074174892,0.00408225639013327,0.394152748410945,0.0724494631813173,0.0373792657938352,0.00244167957669763,0.000119189397392608,0.0106017320272344,0.0190317712475355,0.188814731669231,0.0381503409472944,0.0420232412903056,0.00613171397376516,0.00839476936880093,0.0189186096251915,0.0532079571998254,0.0520791811183942,0.192206409055739,0.0077290371337223,0.0287156350215229,0.0204292211223564,0.0474575900662614,0.0742959174156271,0.397028182973381,0.0372342342406215,0.179238726908212,0.0772172123849382,0.000830866169001636,0.0763177362156859,0.190751353573848,0.134548514184799,1.91817552675073,0.174175168844792,0.000644916369645156,0.0356744208282492,0.0184992962488865
61.25,0.113774295786419,0.133668563166121,0.0652465985424703,0.0597798196442467,0.00852286321383027,0.019654720194716,0.0266769609394689,0.0130586081939033,0.296362294782858,0.264055660968169,0.0897042689660928,0.167567035900392,0.00212211799979245,0.0127217156562562,0.35267725528704,0.0594902765108613,0.115872761771668,0.0476369228287583,0.0160792354663228,0.0108253170465359,0.0266122675231076,0.0436891002073293,0.000689162330409508,0.00305723728333933,0.0513005420337157,0.0898868402793724,0.0626545128695452,0.00805759726967674,0.21051491314475,0.0249521193640946,0.0755767324011653,0.136218831275284,0.0451014915647768,0.050617985204563,0.0107413484193972,0.0191478113907,0.00643298251887493,0.00320210398058763,0.0991171761968143,0.096415035927873,0.0363165378668945,0.0437920870253521,0.00480315722006501,0.000419534144187704,0.0688441554329951,0.097912176242942,0.0751464900589344,0.136402828688398,0.0069807987808358,0.0194841709198113,0.101320443284561,0.0379956139682854,0.0864215398791011,0.140597213594401,0.072370772993044,0.361827843154252,0.127538424927801,0.0918257106399278,0.239965899172294,0.315184202206,2.6611041044155,0.247550321120174,0.00112601523307289,0.0548004389127335,0.0261621171116724
61.5,0.0272450540723288,0.110964161742113,0.0379344582871314,0.22408776095453,0.021175194601696,0.0434484246505379,0.0321561882148877,3.69711638435594e-05,0.322150568223549,0.0949881501888699,0.0457607885192914,0.152727926766166,0.052778305417812,0.0375548699194109,0.792767404523355,0.00741203416142912,0.125018463233284,0.0798830969235395,0.0313231417743601,0.00389875740703674,0.0384555580594202,0.0922997251017737,0.00708707342554976,0.0236256498333565,0.00286784292089798,0.167560392586978,0.0306365908332581,0.00606518773990493,0.0244618158986614,0.0151074767262989,0.0930252554760227,0.159614014294276,0.0745534833429966,0.12435341415226,0.0317347145535129,0.0648540506468964,0.00151122350802734,0.00482643964564425,0.169204649456279,0.133936681778288,0.0369385907604447,0.176193391680418,0.0104985287023198,0.00938822386789505,0.0781368026523178,0.0149285928702949,0.023056020505083,0.214653758233697,0.0943917958674,0.0175498493926532,0.195158243638451,0.000379681560978009,0.0582305116354937,0.12237903799506,0.00946573883132487,0.0930909316245457,0.504288302023496,0.0904184386576948,0.514144373188362,0.147524968758736,3.00648091374729,0.217071843835809,0.0151618277127699,0.0172769137574797,0.0524429572290749
61.75,0.0171690214626397,0.000752048393707356,0.00769078211214765,0.0200003806643165,0.00743325590465663,0.0227553583461838,0.0172502189432567,0.00600546246973401,0.0404581001007104,0.00532237294806822,0.0884896683822323,0.00557484322369647,0.607432644699552,0.0292612401799716,0.298583919217823,0.0049451505782517,0.0394367914304252,0.00841667978652066,0.00628318805356521,0.000426491533389124,0.00979208253626921,0.0105528377933276,0.00543999483950303,0.00151806827773001,0.0156436444826326,0.0470903918533412,0.0446257001852624,0.0170522225461333,0.00206482518177094,0.0126511648879143,0.147483559215349,0.0237097546354316,0.00733378291265888,0.00766550942956235,0.00428942271045043,0.0116530456653825,0.00424847529029984,0.00154217373350833,0.171242057091863,0.0101931768457354,0.000311915314526716,0.0405666878164472,0.0112383258211828,0.0108247447124252,0.00790234631034778,0.00266558666507618,0.0311598590513435,0.0166109138082976,0.0426128813167344,0.0569963065942266,0.0737168448357042,0.011771344262015,0.0612800531796693,0.00728378836472373,0.169012019449462,0.0987466901541833,0.185677192687317,0.0435722079849705,0.039915276253811,0.0244280517658738,0.946263290753814,0.055916495853717,0.00279181918971181,0.00122635931156807,0.0150132629529728
62,0.0556510548852285,0.0531856692695596,3.74987802050568e-05,0.0527722774581431,0.0250762574024601,0.053196157518558,0.050574900008932,0.00713524510752262,0.201085117599631,0.042529326211755,0.0394226569284019,0.0985916103594028,0.684227708422266,0.172664633712538,0.596661321513348,0.00409399593750334,0.0246743385541252,0.0113089047933388,0.00405965164012535,0.00948668311192689,0.000130790624128664,0.0133629503428246,0.0209789976148073,0.00562987373253028,0.0234934964768049,0.135295745423889,0.143084414239859,0.111071974491903,0.19392743807537,0.0601003247843398,0.334264069625134,0.276765322106946,0.00134772001612957,0.0234086920082324,0.00349805713709787,0.00727595354787249,0.0113699800502116,0.00912049896363968,0.208884970940844,0.0427822187156871,0.00821471750092929,0.069746734757913,0.040334118516164,0.0233771401676479,0.0644129203766486,0.021837020038704,0.0125556601574095,0.0874157402697788,0.183057636871999,0.191366862806465,0.174364609713395,0.00845070967786028,0.0903543701065048,0.0726305699618674,0.0508134061637361,0.0980834285086981,0.191688745787776,0.249330230391779,0.145562748467995,0.023497304361046,1.86378366652386,0.120184747847249,0.000972478435434594,0.0238468052090607,0.00442596270438049
62.25,0.0143171020200158,0.0526009936134164,0.00568601048118073,0.0351523650545691,0.0208010110289817,0.11614799456575,0.0401815073069504,0.0278034330499785,0.414835125261003,0.107662469311945,0.00075019037483916,0.0233794279384425,0.607910503032195,0.15772731937112,0.676840584001294,0.0442901912004728,0.0410867535929588,0.0218327804670345,0.0416114484530953,0.00562910683341248,0.0316066198342514,0.0669066577358556,0.00625133866853722,0.0327966015779798,0.0484869081177226,0.0638663391557536,0.110514567732797,0.217551503009388,0.13837191268224,0.116200796013012,0.278902700331811,0.506347407615292,0.0262586424275102,0.027282189709882,0.0168614166092071,0.058856376929357,0.0058944661791744,0.00654725162927235,0.10343911840418,0.0256673980532076,0.0319009854053979,0.0855860181644719,0.0173477771321337,0.0871150700153301,0.0700934383104995,0.000480189456441876,0.00803946291214916,0.0219316415533952,0.0843012782873299,0.278849480213305,0.197986674020972,0.0804296887374922,0.00267599703902349,0.024934534271511,0.0953704444808586,0.114988789825799,0.485106487317813,0.185698977659948,0.377756589842694,0.0879934832573957,4.74012951485848,0.250850683236436,0.0128239275514975,0.0225551277484356,0.0350588557550412
62.5,0.0160968628075611,0.0270778136892301,0.0073147871562207,0.111930137322445,0.00308786350429804,0.064407190930934,0.00891333890700516,0.00150910954765282,0.198104977920476,0.129830456951276,0.0164109100936617,0.120470013441775,0.455168670841151,0.00529634359140553,0.125443317453079,0.0699400827997687,0.0378981442678328,0.0391733810074509,0.0232309320182275,0.000134613102287537,0.0197238361207732,0.0516140741489588,0.000744460451799954,0.012296990631324,0.0222713063694488,0.155658487211097,0.00888731032955041,0.0382081862033427,0.0332689679772238,0.0518799651996563,0.122200626673467,0.123009439396031,0.0190257535655328,0.0505670997306854,0.0145627720527814,0.0359815420681226,0.000292076456434745,0.00220564112709432,0.0626607269158242,0.0537311381367503,0.00645129883715079,0.124919123696614,0.00339373767053753,0.0204666181005559,0.0280319208622297,0.016880287016313,0.0043943728154646,0.16700084877624,0.0172508849896892,0.0996352770527766,0.0259431197190901,0.0165478401315969,0.039575700021459,0.03091542716183,0.0340717931960674,0.00129504322974511,0.175154206972087,0.469141264194521,0.208010706542668,0.143763108056727,1.96000519989069,0.454995399109875,0.0119398510802287,0.0161422708805323,0.0315560905825948
62.75,0.0623701393458137,0.0606139026658344,0.0124189597726093,0.0358860940153027,0.00154387120455854,0.036267607704595,0.00866067812198798,0.00991303983120703,0.195067120814972,0.104454423233233,0.00583392983813048,0.0813343938657337,0.32359531694251,0.0449942865092937,0.132986712462413,0.00812293834995442,0.0336524157713508,0.0198171151817985,0.0275186328170965,0.00019380684329596,0.0136023433368723,0.0276764013796019,0.00259077166275716,0.0132768930709871,0.0203538872373486,0.0550464037569967,0.0141579597880328,0.0666887167963217,0.0353595020189321,0.0674214737269387,0.0078175245535875,0.171575512014639,0.0225527880179956,0.0258984228742556,0.00925536947999093,0.0165365415469,9.49140440536728e-05,0.00465721209168857,0.0471132730192006,0.0376600034086332,0.00398334781414512,0.0467232701957589,0.00264723535647497,0.0321684491668881,0.0233167038416789,0.00455628190529202,0.00125527820850726,0.0649836948435872,0.00834917024147197,0.10013696648819,0.0400192577129053,0.0217729320941253,0.0302116261342508,0.0562590879796178,0.116805984632899,0.0944112691517673,0.163166642812512,0.0159134320713595,0.168405318661366,0.11393396649823,2.72452753210109,0.151428514246014,0.00840758135053918,0.0132383307147265,0.0170287629478408
63,0.0449534092438644,0.0142191753264473,0.0113731486386345,0.0335272618789464,0.00204620015874969,0.00706411734857807,0.00898574867001389,0.0233279224773562,0.134127712672461,0.0410292544173032,0.0377062792099372,0.0237201748731186,0.502162373115238,0.0818995624739385,0.129393081215604,0.125603899988842,0.0527517951210254,0.018572063458307,0.00706372881168687,0.000887934817043637,0.00827537170833285,0.0178107121067123,0.00238094223475656,0.000475486189996152,0.0338433232195503,0.00746422468349005,0.0502556327558821,0.0955690388131611,0.0338915414391345,0.0740828101886123,0.249258084908016,0.339691587135111,0.0243312121652371,0.0170325007488303,0.00303532140151394,0.00346577388948873,0.00339752676915554,0.00420137993344488,0.0728150697715717,0.0206729293281655,0.00247860266449301,0.0305608571402517,0.00616962165263745,0.0176586596757112,0.0139356128517733,0.0108453156592877,0.0112776889304149,0.0420000066742833,0.100087366230894,0.0698612050773182,0.0320037770264421,0.0907834907000408,0.0373522605946697,0.0189988698701226,0.0428264463984743,0.0453481659652305,0.0496667766174413,0.0670376548954605,0.143197237977621,0.051456955712413,2.30033010448378,0.0605784492007587,0.00163255312995106,0.00751818634419797,0.0198803474958614
63.25,0.0175990246699833,0.0593229503100598,0.00356658577728987,0.0254112408786402,0.000754337996126058,0.0298353060363796,0.0137288488665142,0.000481986745639327,0.180219390534206,0.0669952958828591,0.0427822883518553,0.0244216091149921,0.485737099435352,0.103048390001988,0.358656503297763,0.0545472577427105,0.00327792480182991,0.00839049480987956,0.015803329868728,0.000731576780599205,0.0160690588049082,0.00943620567685001,0.0038784631965437,0.00174271511523954,0.000644325137511444,0.0380991545198887,0.0348248228616634,0.0400987715617524,0.112530749759709,0.086130748240259,0.0234058712145716,0.170535786969439,0.00828493309483931,0.00994908278101562,0.00312644721683996,0.0136521692362776,0.00443864104910083,0.00360994319349287,0.0419973051452152,0.0126458953633028,0.00587172514527752,0.0314336338996968,0.00341433010477769,0.00707109555611847,0.0281786608187897,0.0281088936046917,0.00426400208117783,0.0289163186928331,0.076128779343088,0.0723135881842618,0.0745160756187687,0.0116820336757618,0.0152272028733139,0.0329112570700755,0.162513039454145,0.0687768664383441,0.0743353764387451,0.154486719515463,0.124395710736751,0.0823417020165944,2.24253548594101,0.115874750120011,0.0075265619687618,0.0218767999070448,0.0137343930543121
63.5,0.0198717894770202,0.0426174626324705,0.000204950395161096,0.0196750125486894,0.0389562217739539,0.0236978894045376,0.00496766860469066,0.002833243550474,0.155516805663979,0.0112081689637454,0.190330454058802,0.0208002186381262,0.0335990050650366,0.0948087984613013,0.236735777782454,0.0107129892141822,0.031425451635646,0.00788085605985189,0.0260653821901762,0.0094691829325867,0.0160324203433802,0.0255779005781153,0.0206290622972906,0.0140000579952594,0.0922952730189652,0.00641720222431907,0.0334555813624268,0.0330590281068925,0.524097625501646,0.433469626263648,0.104786363373589,0.160836426229854,0.0100739452495362,0.0171371080677991,0.0340907932624539,0.0269293116568275,0.00258318847515271,0.00796528063478729,0.0670924135989327,0.00855042715105078,0.0500813968450212,0.0360051537931405,0.0132170968432437,0.0127746412552118,0.0225130444901894,0.00470161036552754,0.030092613901017,0.000436600685768243,0.283541984454838,0.0519585651616827,0.0415157650532665,0.00555455988451128,0.0463293938785457,0.0270963155922476,0.211996869481176,0.0338388191162138,0.349903051703352,0.191968316235897,0.131945843346299,0.0784562780767377,2.33845917668049,0.0489842941803819,0.0145998418617394,0.00709828045829223,0.0197280665306793
63.75,0.041758998006535,0.0179017318557485,0.00664856977198671,0.0117104955510059,0.0103922854949954,0.0106599988918578,0.00448942823617049,0.0102202536699589,0.120099122865252,0.0326005228656026,0.0542987855943984,0.0158268658372409,0.263228995890453,0.0131879927774639,0.131712330926767,0.0743165445546488,0.00763153671201362,0.00072809294865238,0.00395144793395159,0.0112725657898243,0.000725024777097608,0.0054492784017942,0.00089692143137896,0.00573464794452282,0.0450558861256403,0.0264678667376292,0.0605847502197316,0.0103808065338122,0.296410702636713,0.0692241114766415,0.382761995967289,0.0624320278993997,0.000175321038583281,0.0024256325058604,3.55105440154377e-05,0.0070302134057535,0.00236739724045297,0.01024946641705,0.0479922153973597,0.00286926372959031,0.00643526355419288,0.0206933201355196,0.00655822668726561,0.000951429131960092,0.0175620299850379,0.0279313658745575,0.0146922555809193,0.00956496276816012,0.246273447820723,0.00228639041072074,0.016085596268003,0.0284598916030735,0.0717044947612258,0.00910317978069244,0.112913478199684,0.0284034370077151,0.131915296515692,0.162651578419603,0.0757912011756526,0.147085812848917,1.26767836616949,0.0680837978467131,0.00201256208193909,0.031475919282144,0.00258264062873282
64,0.13242540487742,0.129773068321865,0.0354635526158024,0.0149669652755209,0.00296561563588221,0.00445355705556648,0.0405611337743341,0.0113551189957186,0.133646308630225,0.00606426340463522,0.0398523832919133,0.174972986992971,0.857199414716099,0.118826061804326,0.494732597194236,0.0501650831144298,0.000401152881889658,0.00205089806278961,0.00128228692620475,0.00322138376421163,0.00175458918683436,0.000292767186681825,0.00738342302365685,0.0111008358445252,0.0855324409670073,0.0535227653368969,0.127357853997099,0.0120361163652336,0.0909651279702825,0.310713189483103,0.478906995915078,0.022716776632815,0.00976213279750868,0.00676416568032009,0.00110377697482007,0.0058399948182371,0.0149217521306377,0.00434994632126349,0.16905590878398,0.0288873443817921,0.028511909571389,0.0083832526262832,0.0268741784616989,0.00594850953672454,0.0391636900837396,0.00926312499127379,0.062687538150281,0.0715290151711408,0.0268441071496959,0.0229307468624585,0.129616239369613,0.0445706090142374,0.109509712133332,0.120600654132158,0.0820021296766667,0.145258073301132,0.221144167664012,0.149475924580566,0.158660280009916,0.0451739007543322,2.21492470286896,0.00615102097454156,0.00519698652271021,0.0195632656222205,0.000447647134852389
64.25,0.0892464518840637,0.0265090309796533,0.0173292057383638,0.0118990452595871,0.018318009099771,0.00969740289064817,0.00804327177748181,0.0403091196651398,0.0261860826034768,0.016381020366479,0.0230177753674326,0.0237348180281256,0.12995692468037,0.0336592771358706,0.0304203055782932,0.0470861111652053,0.0246965838717242,0.00328707843489988,8.69831335525813e-05,0.0262275994803913,0.00726326726741007,0.00360115970041119,0.00195944446175889,0.0112371083145981,0.0621735754112369,0.00823413831550878,0.00692917004384942,0.0259867960916054,0.0277327044112227,0.15452329739443,0.00917339414176363,0.0488822609629712,0.00627811678146609,0.00178272523826139,0.00187014276654004,0.00906471527596966,0.00899061808668261,0.0266638045697788,0.0167865183672573,0.0132481446293586,0.0609911955980642,0.0165871499420404,0.00233391056536182,0.0254260004272185,0.0160070357089123,0.0387536901334483,0.0121219830120845,0.0112394198428798,0.133234229680301,0.0122725614459059,0.00217296104051912,0.0972082679474986,0.00399549366869483,0.0159400227016986,0.0675201084497097,0.0164538607796744,0.0319432779554124,0.0423536341196217,0.0507755436153115,0.00607732959271489,0.994971462071881,0.00549776990142834,0.0125540782775382,0.0334879416971361,0.000951095796340495
64.5,0.00982476976686081,0.0498486458397611,0.0140403988263035,0.00825064985174891,0.0118772592436927,0.00283533095119204,0.0108644567841946,0.02161954963766,0.0569784514685878,0.0590649392172588,0.0180156579502924,0.00979667406808936,0.0118729451148317,0.0553435697521816,0.0867614708827125,0.0634673878732655,0.0198123331146884,0.00626702649504063,0.0121510368398223,0.00463935964441885,0.0123701376133614,0.0120267931329774,0.0018933180557045,0.00227469516568922,0.000842286233270356,0.000848922019455777,0.0543101425948856,0.0378490267192441,0.261286908642139,0.0556312448297172,0.29335125040477,0.0490020101992391,0.00664714148386638,0.0138870633411328,0.00745371306808989,0.00824614949526107,0.000384622590674697,0.00867457001918217,0.0689147589506056,0.0234705363166724,0.0254463948468011,0.00254752969654078,0.00979365814075233,0.0112097246653787,0.00679310639013917,0.0386526569696313,0.0123023628681587,0.00913316913996404,0.052591103929568,0.0118938178828874,0.0343326094417361,0.0501224418441572,0.000373786438882627,0.0318094696130706,0.0323285391495605,0.0108050012783059,0.127676598797022,0.0441352590992617,0.0499165380713295,0.0862157888733281,1.06394560371026,0.0559125169786462,0.00565283705442015,0.0151164107672443,0.00784342754910102
64.75,0.0646956574570446,0.0701734907564738,0.038153316833436,0.116194546809234,0.00553282116260511,0.065422183243432,0.039251866176205,0.00150086016113607,0.435852093896993,0.178042422447101,0.056883652367963,0.113955963953641,0.0312975954395769,0.0512625308433342,0.45636318969784,0.0101312011570952,0.0855747209663984,0.0540003389225743,0.0144115126988374,0.000997705274618351,0.0296742018511856,0.0471432769361683,0.000167321128120442,0.00640149024519729,0.0211225912459518,0.0895829932240269,0.00375986522050178,0.03028968728594,0.0611399864406042,0.212653493846063,0.0832171729992649,0.00477301929612526,0.0497879957286229,0.0765398086018062,0.00555232745986193,0.0240064216650472,0.00853737507310594,0.000510681684055675,0.0281192030239066,0.0698618809879673,0.0228973020355017,0.12164026887551,0.00296682121592828,0.0213857952073521,0.112349603797025,0.0253199151554295,0.0245714684730191,0.0663482934549339,0.0295478996490045,0.048799994163711,0.143871130692661,0.00904462056736523,0.107189174957336,0.103258648292213,0.0251342026940104,0.0886114384050644,0.453878548213442,0.09546829973336,0.573804197127031,0.172755553783755,4.28263974385593,0.23077881167445,0.00121712011467162,0.0506494452347125,0.0226086033656085
65,0.0807936521192063,0.0222979150376774,0.0299729661138091,0.0597791381078902,0.00848533243729,0.0807452583264547,0.0480182344603963,0.0104304503550883,0.227766978717037,0.0255157516466715,0.0521049846778477,0.0473450153730355,0.0939412646143308,0.166826526646085,0.40217982127477,0.0148326575521078,0.049931763932417,0.0150729917923467,0.00926519289366414,0.0069408347486351,0.0214409253583664,0.0240502464393853,0.000394499766881833,0.0186087814176706,0.140595799898427,0.122246321800317,0.170533633086344,0.110217730177327,0.19693989618496,0.143821802088208,0.29715536574947,0.0933520629490594,0.0298693481227181,0.0317667576920454,0.00658025689125355,0.0277021955001443,0.0101902905445712,0.00428291420262555,0.0164836917721794,0.0302737851860047,0.0636918074164948,0.0924046301655069,0.0206699499544395,0.0428601292378772,0.0649763094260334,0.00314360479593786,0.0690994304247765,0.0431816077745455,0.18441283347992,0.139817356848277,0.131550712271549,0.0399361156197322,0.0743083126279346,0.0409674010751341,0.0211431451967085,0.125291316516045,0.392684231517934,0.00435744499314317,0.448692559446053,0.00359098716131339,2.05598917378576,0.042463711702414,0.00276424969989592,0.0219828849448288,0.011121494798434
65.25,0.0213779244161464,0.0486997785631593,0.0390123971083597,0.0247296932033158,0.0242140674960087,0.0368552198799711,0.0357123057321484,0.0227470367948417,0.220430633018358,0.0364826030843646,0.0792740785944601,0.0880463827393301,0.388848371021771,0.0491754120641054,0.411892171117429,0.034352599292671,0.0677239216270682,0.0318847048950202,0.00448489831363909,0.0102046381229944,0.0376242063668318,0.0298502819394256,0.00263330200598221,0.00592020890450285,0.137742482604862,0.104420102414981,0.10410974519282,0.055974410208281,0.0769061748644875,0.0366789904902899,0.273836000843787,0.13945163976749,0.0463175382956742,0.0219081972177251,0.00928031041440408,0.00830465543425671,0.0121953792448144,0.0140493452794814,0.0201866896129291,0.0387106937775458,0.0915284564153726,0.0321588330087616,0.0126515084329541,0.0372313102828754,0.0880392473176585,0.0217246654969153,0.0566221330361303,0.0573162601358214,0.231569697389848,0.0906004252902395,0.125034441359398,0.0623757646802558,0.101237627731602,0.0581493905014367,0.109823225226968,0.216791544132534,0.229623389407593,0.0427397611199836,0.346190070508172,0.0373365371618014,1.18772469565819,0.0789191967252676,0.000374254312269679,0.0369259960621526,0.0246456234490633
65.5,0.0479028112172361,0.0890673660884306,0.0111324856381563,0.0356584629590352,0.0246402509901175,0.0187678595133659,0.0403721613445418,0.00214085435801476,0.158984723265607,0.0560148839793237,0.133513756987057,0.122952912367853,0.926963290946656,0.06557255277256,0.336475339850236,0.00314059385585797,0.0370682479693122,0.00525006807272336,0.00173596644313814,0.00591853083961091,0.00607150092099715,0.00373636755143392,0.00631218942628009,0.000413742647745202,0.151236017525808,0.0333804603204234,0.103280074402644,0.0334033263932639,0.08359354414625,0.0480096098768278,0.161288862259768,0.0921129330070325,0.00671537345505066,0.0113271693202824,0.00481007613974222,0.00310288665717393,0.0151505282819692,0.00126289905004141,0.0517812160383171,0.0502308775056996,0.0168987808991659,0.0293700673773838,0.031596154273933,0.0077754188817441,0.0579456514600583,0.0254396175953778,0.0532197579094174,0.115393701889077,0.164790480446124,0.0611243246009954,0.1085312428303,0.00532290616814334,0.0263321677279477,0.0885610894715501,0.243761802861157,0.0723107274395827,0.228939392934031,0.113831085812144,0.117473890557063,0.0355022842180361,0.975293572155033,0.114931631008536,0.00235929544818829,0.027082822335885,0.000979801408054677
65.75,0.00656032164398738,0.12466932939106,0.0154504410535542,0.0240433383082099,0.059969372762453,0.0151566244821757,0.0336215867673627,0.00163216798530488,0.147213065875474,0.0408415771546598,0.0483430624600032,0.131053794159487,0.458707474839018,0.0411705930423578,0.223895611848728,0.0118656230311867,0.00520087463304137,0.0064297837130053,0.000670644290945316,0.00780317899720949,0.00553939428843308,0.00742158938040204,0.00875472752702806,0.00473228803547409,0.0777486104645186,0.0798499595699849,0.191748192864267,0.0443885486144383,0.136102877096504,0.0141220071932135,0.273308990293772,0.113205873844595,0.00687149910460909,0.0147617948376209,0.0103252388371475,0.00175014918573896,0.0158345465832112,0.0024695378215679,0.064284855029915,0.0504758715575861,0.0506011117029389,0.0151606287141351,0.0531282356636882,0.00776302810374644,0.0565947138511846,0.00635032290304757,0.0490019227819433,0.114078326331768,0.531316886406513,0.0874509573711228,0.0914277954294722,0.0049399808815863,0.015678725969581,0.0952163297307512,0.0369699480602741,0.0616847551925436,0.26016714772446,0.0998234963693021,0.146472089559985,0.0365754463349811,0.891396508645837,0.0994900862095405,0.00465637297837309,0.0218964474007109,0.00065489514424961
66,0.0513100933689529,0.0201603331145507,0.00774869001968465,0.0351181176308066,0.00191369013959231,0.00662979829851718,0.00197591448865264,0.000920554312440363,0.128788768301539,0.0337038022347307,0.030885757864289,0.0544293712760601,0.0719055919687147,0.00745999716126165,0.0572772077835162,0.010099237958953,0.0266760948447263,0.00822958776648699,0.0122826002131722,0.00429341703925465,0.00512030392957345,0.0157535912993111,0.00164419623641612,0.00701749155323,0.0258781634240244,0.0235467034161008,0.0505074214469472,0.00499999723423613,0.0185143140206514,0.0138272322463381,0.12214212504909,0.0627258089664668,0.00317262676084738,0.0121895929244761,0.0027379804166047,0.00730393540591406,0.00225667182646229,0.0031725287694088,0.0560939998813759,0.0323385720864634,0.0122488179611028,0.034177900006155,0.0036978192871676,0.00189555101700002,0.0283061047012345,0.0028676651046382,0.0213465364916449,0.0624057384815827,0.18854048511082,0.0114689675691827,0.00377489932299549,0.00820144476544727,0.0710058615470661,0.0339340884737401,0.0562936525586132,0.000376779552028461,0.0315151378207942,0.232349544688235,0.136899361334591,0.0816520836919574,1.38079040886129,0.152792841225496,0.00419161330638977,0.00714919254137534,0.0143986682393129
66.25,0.0108725214592099,0.0357706874757897,0.0018606709312186,0.0276438643754255,0.0224841966989649,0.0617224041596316,0.0264865176236432,0.00639320211765141,0.231617835879482,0.0889795690091904,0.0679901562399212,0.0228487933907257,0.0296592625604447,0.0899418356842562,0.307857955631044,0.0263656081901144,0.0104775947011397,0.00374721542656094,0.00157762202584107,0.0091921532408035,0.00546390781260789,0.0171071786958486,0.0035884396030223,0.00298163298970719,0.0552283147953833,0.141556646113005,0.00689216612440653,0.142200270425976,0.0499815968941017,0.0749570237768661,0.0187663250384779,0.306781085369932,0.00541831867359815,0.0117501421381779,0.00851740561721878,0.0160218988059657,0.00555409466083144,0.000220725505569392,0.0526831973920506,0.0200623947209808,0.04769784862108,0.0894188167762233,0.000895931547608968,0.0373812318762987,0.0482742395247428,0.00743580834313919,0.004241432958216,0.0110352294613332,0.193631616769452,0.255836471270874,0.0678557744950147,0.0385689406822163,0.0345781892373849,0.0305468163449836,0.00018755255886397,0.12597537373078,0.184333158882868,0.334963928870304,0.229185488470008,0.202111038368022,1.80922527085844,0.233662546403767,0.00283772304644464,0.0226368605752364,0.00474507265153972
66.5,0.0484663723835299,0.125122902587272,0.0627518962299689,0.0167520894940764,0.068768703008861,0.0320143271815119,0.00316574698044326,0.0348908812270027,0.254031251022383,0.187404928483144,0.189296365898431,0.0168955068945397,0.0717042220169933,0.0540981497930235,0.0732973384250013,0.03488357339859,0.0267233240759939,0.0136560338617967,0.00553212224139943,0.00628869075637769,0.0333162593412299,0.00686482427667529,0.00462203844551664,0.0128738770544418,0.253412157014063,0.0321796887589454,0.0454833051334338,0.056455621906095,0.104900020475978,0.116099054614636,0.12912991232878,0.301667803965426,0.0378446540077293,0.00873576736976659,0.0183856478331289,0.00724555655872079,0.000438173862009366,0.0158258458001701,0.0553871907711337,0.0357393654842658,0.128645847546019,0.0389517534556396,0.019862376293739,0.0330459643554429,0.0371093032331561,0.0573371429025068,0.131292018354764,0.0109161241103856,0.321879722560151,0.0760209824145536,0.00931324903977115,0.0440922496163874,0.105156039445631,0.0620438648035562,0.0318959621450154,0.0172037397937107,0.013981209782668,0.198362205995223,0.198321062675389,0.266467458309202,1.99404491249877,0.155911309768554,0.00131994741133567,0.0399351226323239,0.0120647990650918
66.75,0.0360889715039171,0.0358621546410745,0.0529675709417366,0.0258929912911883,0.0672268524212604,0.0484361666258168,0.0179801302599277,0.0208032054126424,0.119168937941097,0.136340192788094,0.0772596638120598,0.0370200460942566,0.0543550386190012,0.269998416340331,0.245761937814063,0.0712375127133545,0.142671680376898,0.0153459695991814,0.0144093854393525,0.00154143715920821,0.0304134683351693,0.0105751842158077,0.0159479691239608,0.00916794223514692,0.0524174854000195,0.0791898223216242,0.134769778382177,0.171398761366964,0.0429201847734525,0.146697118811583,0.0683658897722562,0.288391841764886,0.030279225907774,0.0144601806285084,0.0304135271790769,0.00746650725072076,0.00664926850902019,0.00710607730857284,0.0163137365728106,0.0385435537192841,0.0587116548621176,0.0434732653210994,0.0445281343940694,0.0437338985165161,0.0243998165382898,0.0157388774726396,0.0522779748275329,0.0398281909397267,0.300450035762844,0.153284808533082,0.0788055106493946,0.0623516098723487,0.0659728531685665,0.034089025174849,0.0035974343685816,0.105743968708462,0.0783595698475756,0.417442671924485,0.143757786071453,0.147626892333938,0.612281424212082,0.235271231143978,0.0029972679155554,0.0100773073593133,0.010735574014511
67,0.115023438687627,0.0273663582577952,0.00972415090055521,0.00533618122779751,0.00445277977992625,0.00386436995715043,0.00418203158578701,0.00238783747794,0.0450563681847984,0.0549761704651463,0.112270082873661,0.0027710074865132,0.383672936182805,0.0366006104902715,0.0032735303180946,0.0402667973974872,0.0484026071865821,0.013961063483403,0.0152876830173865,0.00112322949318926,0.00682902100562844,0.00649905230008269,0.00111569429693653,0.00216022573856977,0.043162026287712,0.00259578260756969,0.0273389253529565,0.0213142414836178,0.00346973929043631,0.171155055810507,0.0050995231384961,0.0492023439424668,0.0272240116632971,0.0106862993371266,0.0112694867619122,0.00569108038474662,0.000767984495197661,0.00169092368648477,0.0380021180107238,0.00743786632316387,0.00631704093954833,0.00584581684425588,0.0017788608197944,0.00735780578761585,0.00107695414792594,0.00318022361608074,0.0244914489169384,0.000401313490745704,0.0244435657441623,0.0100258381199047,0.0042452052554773,0.0287968226224713,0.163709490758565,0.0104640239295276,0.0224033316527434,0.0169850602447864,0.015803233948944,0.21750978258627,0.0243368045463933,0.0630638683461981,0.259918074852644,0.0917678608575913,0.00497204479687263,0.00433804387135838,0.00921625801896034
67.25,0.0246170771735908,0.0419337179886151,0.0124956283938691,0.0160713837644973,0.0661326998900494,0.0100041740464624,0.00710013770970657,0.00799416698108566,0.0946834611195123,0.0233758486477772,0.017685875124572,0.0137303195883154,0.0495736974277849,0.0856479430347366,0.100397344162555,0.0375878286423539,0.0187629454437159,0.0122208094360703,0.000338949942211764,0.000570677991596277,0.0178103638455689,0.0011646059195844,0.00506276367752934,0.0012018319605586,0.0477931669980568,0.00739846678969841,0.071116000542631,0.0478332416891584,0.0689606464479297,0.075114410895139,0.0150837950134602,0.0923269596068753,0.0136317005302047,0.00928516403719167,0.0146642524455939,0.00189961738719397,0.00272379114329046,0.00415411660533862,0.021338271822745,0.0156206617940833,0.0954308117174021,0.0102637395745804,0.0208086022775975,0.0108160249254333,0.00944109485287795,0.00929312857784216,0.00809281470160094,0.0140686623611672,0.365488668133031,0.0560307441048594,0.0164117922199943,0.0366946772432947,0.0287430752718126,0.0297011280934824,0.129634774501731,0.076022095399834,0.030583292075468,0.0989510778664952,0.0744918804480271,0.0109570189346656,0.546638285962975,0.0278738204350132,0.000998753071547101,0.00627084480552516,0.00224785648086436
67.5,0.0889278140255086,0.00833705788035058,0.011211612551922,0.00437483484462077,0.0187038776752646,0.0382038254823135,0.00251287415523723,0.014767228399989,0.0171843796560562,0.00162244754414304,0.0630628460227798,0.0183296788654521,0.00454235454289612,0.109019726767959,0.0589668280992666,0.0394488580147162,0.0108052868693935,0.00134592599822936,0.00263435397916295,0.00306603840669835,0.00319274624912336,0.00417828022656931,0.00358372134448662,0.0146369265004874,0.0298837002791956,0.0168265689444692,0.0488850158992087,0.125732293959133,0.344492778254923,0.0472191378042825,0.151813611230967,0.368391891730048,0.00382360011003929,0.00326060502341993,0.000652091533317849,0.0133163835139201,0.000381135527376272,0.00970489407199728,0.0383882337882261,0.00574166728758812,0.0378240543443666,0.0154251049429001,0.00953396721659103,0.0367205632582461,0.00250738274397483,0.00382940596849069,0.0230355594724926,0.026026790024017,0.184353305350022,0.128133405221494,0.014728234018098,0.0602248443138447,0.142978296404196,0.0131752235404081,0.139890499602814,0.0178246877501313,0.112008408091405,0.0757796830149013,0.0050567385139925,0.0442260435753663,0.0349874661229649,0.0152569749721859,0.00162575293487551,0.000493078487058861,0.000175371975042939
67.75,0.0820844128431135,0.00533594862817387,0.00246439876131132,0.00746121564523601,0.00601439579019867,0.0163357700083886,0.00473613390780523,0.014149230029539,0.00129835201823875,0.0432486637079968,0.0943511155329195,0.00475675755760874,0.4009709088685,0.0255604475495884,0.0462478824619428,0.00501691626390433,0.0135599519715497,0.00944608992542553,0.0019304943157628,0.0211896893854123,0.00383057066463334,0.0104152864131628,0.00518822508587202,0.00752668550194324,0.0313392733582171,0.0308675953000208,0.012518210633226,0.015136194873682,0.318660128120583,0.0115875366038497,0.0160316954544736,0.127703280019503,0.00542394958842845,0.0109086936494688,0.00594590781336433,0.00373075794842496,0.0106674006835622,0.00908081539630852,0.0105915879348374,0.00431137849319611,0.00119460446739157,0.0128088031351853,0.0066071984889789,0.0116691729002824,0.00751813228983289,0.0387796450310136,0.0299998572491641,0.00786284577797578,0.0308720003519325,0.0496224986367013,0.00825502214129355,0.0236402661413304,0.0560506797674102,0.00094390159643901,0.092951403264062,0.0495565819997343,0.0954105286951677,0.0608337172605467,0.0028546117094955,0.0589801419301467,0.128879072032591,0.0101959736538815,0.0102088381551153,0.00944667016526735,0.00693424520100938
68,0.0250593254507094,0.0289359766586925,0.00189594539235328,0.00577589450510155,0.0240122540572557,0.0120181075464017,0.00168948681886633,0.00980234435356945,0.0154402000994157,0.0741186805373215,0.028652070237238,0.0559471206556366,0.625546181375481,0.0181559850658643,0.00466766254617899,0.0108055930244014,0.00353238649870201,0.00165289066985008,0.00414807306475813,0.00327126795574713,0.00504713959730089,0.00162652583362902,0.00342546052817613,0.00466444471191551,0.0116722945792472,0.0119707720244113,0.0493066543347032,0.0374818870205326,0.0684303649213135,0.015161170029811,0.0856382291722557,0.120552162195561,0.00320407233531231,0.00287609859720843,0.00805849848820882,0.00555621223488366,0.00383890757306783,0.00791247026795414,0.0549436644823561,0.0156606528751269,0.017795986217763,0.000273664731540205,0.0173765480517761,0.0098675497129351,0.000160835317368344,0.0145043851276241,0.0027919004297397,0.0643431402533476,0.122079799655399,0.0175866414942133,0.0122688431033788,0.023309979530472,0.00157200512240002,0.041532110183422,0.117205615916054,0.0249715239790434,0.00748621097611757,0.208904610824517,0.0241816737859202,0.064225829381298,0.0765938617025534,0.0745936688584962,0.00490854257256751,0.00688793527248349,0.00590704997473402
68.25,0.0433711917596611,0.0238340536747915,0.000784548080672356,0.0333448842779635,0.00119646553275282,0.00603237215141529,0.00377065171108464,0.00990341352498184,0.0122464714903333,0.0133944381052528,0.0105897066567098,0.0382577897173357,0.0231248707309447,0.0148172710027351,0.132726302083913,0.0107048585643766,0.0426356118961033,0.0107497716882212,0.00157440291620715,0.000587710667103454,0.00052390434493138,0.00643071981622631,0.000235420990111864,0.000830220539375116,0.0162564198055698,0.0257441907598574,0.0246047675891277,0.0292552380282925,0.0577564730504056,0.0164021068258574,0.196222339440143,0.0589644222345819,0.00401573654516414,0.018423811689132,0.000262948328494516,0.000889244257172196,3.64094652456336e-05,0.00103580479636206,0.108093973710013,0.0307880126905363,0.00510056656378517,0.0148124707919035,0.00411165292648938,0.00819364306367694,0.00225932457899921,0.00856417729778206,0.00131558014122039,0.0452060244321282,0.0170591056089917,0.0114294106660922,0.034398064947365,0.00987356821032133,0.0270532057291006,0.0330327336867173,0.057849252217893,0.00409570824081612,0.107927919579427,0.0329370744254005,0.0199467558926029,0.0488748623859146,0.240261119950597,0.0166442805342295,0.000297217910413863,0.000254604324979316,0.00117195495874195
68.5,0.0118926023610212,0.0188856964703805,0.00221362436089804,0.000948653768914479,0.0244070428817013,0.00056611601217249,0.00877024779096578,0.00991790853613422,0.032205831783824,0.0124700574793986,0.0443220962119457,0.00181589483732341,0.031322049486804,0.0536591483254051,0.1654037222315,0.0114346777090205,0.000843214979977053,0.00070544787271252,0.00422155077043187,0.00433051971482628,0.00479576488266798,0.000376784776074964,0.00631577524905177,0.00666746687560821,0.0143903591817677,0.00592723226752829,0.0829057268503484,0.023849964291108,0.0721468981065748,0.145640298629241,0.07077659188046,0.0655239210284863,0.000769054260623962,0.000895387423751791,0.0106587780800716,0.00306869526354871,0.00446593036267858,0.00899040417560357,0.0208699166292792,0.00050761209982757,0.0151932915478071,0.000561093202604712,0.0206644717480837,0.00804567552712104,0.00278382894705818,0.00911526148069728,0.0114375562805522,0.0191620387329709,0.197807129713775,0.0214107164968218,0.0369486473165043,0.0275905733913988,0.0399530405823856,0.0069960697192668,0.0153802190851672,0.0367814615699175,0.011790210150004,0.0710962692085094,0.0553165516234379,0.0478075014312187,0.382903311413054,0.0310375525144955,0.00342131361076239,0.000217725501739542,8.81519028700546e-05
68.75,0.0155076870210376,0.0133560742170419,0.000512128360594536,0.00513833245608284,0.0112015355270422,0.031243577035339,0.00483070872971865,0.0263075732061168,0.0342026760526825,0.0164613003642928,0.0178083100813248,0.0113868873105504,0.576029701009445,0.0139952918555508,0.115554237736884,0.0157454140085915,0.0202423593783494,0.00306867163694901,0.021849540798262,0.00966985702464493,0.00789430084746993,0.00919382447651161,0.0114659073850067,0.0162600592147008,0.00812243858051825,0.0425018501719307,0.0126839879843725,0.062543853905482,0.12825663921331,0.0330948439683806,0.102795658602927,0.0779150701424489,0.00162162765583238,0.00209212403930956,0.0151547807841094,0.0110325921554976,0.00522928116126898,0.0181492755094668,0.00530670354529595,0.00328477870252785,0.00411183983512354,0.016697665511838,0.00666477007619601,0.0347442997340797,0.000901783816493768,0.00218360084936758,0.00460070154617024,0.0190793635634216,0.018112235607933,0.0579384404702572,0.0266155381063562,0.0434696543241938,0.0512403805966413,0.0101608578275497,0.0521274938078306,0.00319332673803242,0.0831438435291866,0.017439906768008,0.00696007117869079,0.0293763381087571,1.07049796801607,0.0987856440252681,0.00749587290272918,0.00209129861308522,0.00779042832806628
69,0.025281846983004,0.0738822981481708,0.0128680218744017,0.0412181815850893,0.00327490850690799,0.020283750558714,0.00740766440490937,0.0197465235263614,0.0697846662593999,0.0172005665973351,0.00571396605307706,0.117893632232381,0.0568429468782808,0.0138277499737671,0.0361472754287443,0.0242725983924481,0.0143688110951503,0.00278015081626371,0.0031179741250466,0.009080533741064,0.00128144984676571,0.00683434608250701,0.00290084667748522,0.0136006826927037,0.0459083822351961,0.0557193239246935,0.000592503191319323,0.0520164295136924,0.0161742746061914,0.0066499912707671,0.0388871442509195,0.0149109862775268,0.000800091819328118,0.011573446967168,0.00214736607954373,0.0100588071869393,0.00518625504729119,0.00768632851287495,0.0545550106837016,0.0338178751177935,0.00193110191052808,0.0344661467290014,0.000345564216398422,0.0235237301178629,0.0103690985004643,0.00637580143066706,0.0229317305798057,0.08357608689261,0.0683910909719264,0.033988705582304,0.019012585858379,0.0512188785322755,0.0249016192820241,0.0659864410675159,0.0213444163956832,0.0434107193997347,0.0517262337258014,0.0255547000058236,0.101450482735132,0.0222432093030971,0.915753813157055,0.0573472503277001,0.00685553535561919,0.0106199459852635,0.00171708993904202
69.25,0.0588111441619451,0.00599509746979589,0.0258086998996629,0.00703229148398198,0.00776754467355628,0.00131573619039579,0.00875757831725682,0.000505176626412473,0.0367814626705537,0.0393810493894836,0.284244193798539,0.00567158488618606,0.121874949658835,0.0155543693148033,0.0958158513337788,0.019292848880644,0.0130325370368302,0.00906117873771534,0.00293824690107465,0.00349049478757814,0.0017298518361122,0.002390314226994,0.00177159641304713,0.000778057092141204,0.0881598007365736,0.0072775676066127,0.0238215333515767,0.0033462428374243,0.0219269422308337,0.0222464195634573,0.000848089709711814,0.0209114783155099,0.00801755126612735,0.0059241107136749,6.29552735768468e-05,0.00294116718668909,0.00671874997756172,0.00129568956894259,0.105115356521303,0.0127047567061245,0.00722370959825017,0.00861108618838354,0.00561779870355251,0.000479947404166841,0.0120672169969776,0.00438241544395997,0.107314857701668,0.01732533205102,0.169756724067535,0.00610982362963627,0.0242235098387534,0.013190443367698,0.116298016960827,0.0133513378609596,0.0793786480575766,0.00308411353433995,0.058409979727332,0.315535289751551,0.0365970986381146,0.0310750435181941,0.319330038881803,0.0910806656648893,0.00213300752507148,0.00799567487171733,0.00310236972754197
69.5,0.0537681733610839,0.00306393222552805,0.0299599408181009,0.0113212583073218,0.0076223092400609,0.0035239024630707,0.000504550838500644,0.0148052075696072,0.0040878503641919,0.0350643321864958,0.181610207181634,0.00976311364619568,0.131558260480613,0.0301261424287143,0.00635964433591595,0.167108942881497,0.0240213590701741,0.00457557892128718,0.00642851464834361,0.00141775881852125,0.00790746266543014,0.00180137987652241,0.00280502966226943,0.00116752643525085,0.0801580907432461,4.36235513455573e-05,0.00427601744277926,0.0184838617957824,0.230057101831083,0.0228950201670814,0.0243793675793287,0.0388581420741407,0.0092636807837217,0.00210325209013985,0.00685851521351726,0.00125267171642539,0.00013904785680243,0.00519559406610115,0.0386666285431736,0.0122963648098824,0.0212742095593661,0.00364059384831839,0.000402032958535194,0.00719010465143648,0.00284762502106672,0.0136756598397981,0.124120671935371,0.025639503479728,0.0109156104204134,0.0105474674961481,0.00469244074362754,0.0514925891351999,0.167726336017993,0.00650929031232129,0.0251458167668145,0.0253332928308746,0.00410395273669121,0.710528294548652,0.00363965837871111,0.0578905884555994,0.363322510520664,0.13008303120202,0.00147218235311374,0.00512360462162346,0.00718370686553491
69.75,0.125125392344112,0.020531583768267,0.0166895986228737,0.00291683247032598,0.00259656527363123,0.00380186056979775,0.0196847763259119,0.0102104007105958,0.0409574147831965,0.000907514346634174,0.00228109232528345,0.0200193087248165,0.590287354409281,0.0115221803311745,0.367595596466373,0.0113161669037233,0.075220869342376,0.014291209014329,0.00976301025686498,0.00126639349785002,0.00582919672528074,0.00327319696200698,0.000124165376393419,0.00501406791343746,0.0183677892776785,0.00159049937983288,0.0280782977241274,0.0237122430006696,0.0464069736062454,0.046846326995157,0.0892544399483938,0.0889163399718539,0.0140171204142175,0.0112117770349509,0.004873713301138,0.00576102450488036,0.00273146115410764,0.00502831203346475,0.0337192162175254,0.0274779772698059,0.00346006436610203,0.00324202010672838,0.00690800446698624,0.00808969590635663,0.0146880758147181,0.00804920729245884,0.00346068834652152,0.00601808938666685,0.00896691247950839,0.0249631458955985,0.0822610795023296,0.0133829841444694,0.0363615550599677,0.0237364069048464,0.0791950216898206,0.0868073549980232,0.0511625325775346,0.426678474940518,0.181138015681099,0.00226183158903935,0.536499319567044,0.0322416925722821,0.00135928280920801,0.00202515910131114,0.013667020794124
70,0.0114632058353093,0.00128114391428418,0.0267031233537332,0.01849807028084,0.0103894158955324,0.0118381979980067,0.0100856540126927,0.0134658948634077,0.0547879270277664,0.0280846388715043,0.0775998351985542,0.029487572652319,0.24288463168463,0.0129235117651541,0.264067237582658,0.0232721718333979,0.0372250876387954,0.00944728935176368,0.00956706986957337,0.00136821425213414,0.0226496277255006,0.0073870052791718,0.000763614929953335,0.0060983537972865,0.0292540947335607,0.0129898659465018,0.00315641098213163,0.0356001612171174,0.0816497842326617,0.00168972392639036,0.0743482404280742,0.129281340452235,0.0086190406245738,0.0125158649059462,0.00889060809321613,0.00344116566750569,0.00349595478523178,0.00467020640703266,0.00666156051161306,0.0169737715951897,0.0423528338935284,0.00927004416944368,0.00020072825292825,0.0124902654941952,0.0177446692422821,0.00553591834932985,0.0479582471630894,0.034421066592487,0.0431382616067756,0.0311447801060433,0.0610368571336186,0.0463985582551352,0.06730383760938,0.0121945786621866,0.0168805999884641,0.0513885086136459,0.113987045685614,0.104419167503381,0.13625297899933,0.0102169044204062,0.804653573282907,0.0203062028219258,0.000905875089543235,0.0100079615040635,0.015311859478371
70.25,0.0681763892765737,0.0527518677987571,0.0244260163132459,0.0466262621606114,0.0103033008063591,0.00920892953322752,0.0258344567714895,0.00401389137400216,0.0948876709003264,0.0532876370543501,0.107953891390624,0.0643083537122528,0.265824137950734,0.0109527006719385,0.44988699557319,0.0608116442121097,0.0156326831967675,0.0425839542579257,0.0145570711350885,0.000306994163233783,0.0177945869308405,0.022388075118756,0.000608753117659398,0.00226889845590754,0.0493376029209729,0.0289471486880256,0.0481205785595847,0.0129627249248084,0.150780991333438,0.0016907697245493,0.142478478655948,0.0117877800437414,0.0308495301131284,0.0410319229315811,0.00415900050624793,0.012884989619775,0.00328742599806696,0.00200056971602719,0.0192709048101424,0.0477724805316884,0.0158372259893368,0.0226763070479857,0.00928760172256145,0.00010929091970572,0.0360614546570328,0.0076835443096546,0.0502382872181575,0.0998135479502657,0.0267759722987026,5.20000052639519e-05,0.127495495132294,0.0308545916126258,0.0720132664322324,0.0411130109961753,0.048170065901465,0.0756036690949677,0.147841244530552,0.333610842298128,0.38355567714987,0.12316766767365,0.529150789099392,0.113156041129215,0.00208506267044673,0.00576240801294926,0.029059251335028
70.5,0.0702819704346924,0.0864668599560954,0.00438158711488424,0.0322723625603208,0.0275556381668114,0.0132998218631855,0.0190349982322542,0.0362386446124803,0.0223112817802577,0.00780360792453041,0.141903106419256,0.0457375224378517,0.10207006192537,0.00645143165174684,0.0332902270611772,0.073524856923618,0.0195978613820294,0.0124694859614911,0.0164209114974703,0.0272005002918353,0.00571178032371695,0.0030718590250444,0.0147917410131431,0.0137570911331903,0.0239055791982149,0.0125805578873554,0.118415054838344,0.11944546054556,0.0929465877182524,0.0972434545116151,0.184814619668766,0.289579400244405,0.00831036065205834,0.0186329969717581,0.0166072117730349,0.00471963969204458,0.0194114397448694,0.0365297954875836,0.0190412720498091,0.0498367784791985,0.00446872292900881,0.00488906516312452,0.0412446590997768,0.0359792570483067,0.0073374772388509,0.0132045768280752,0.0521477574924122,0.0794363255889178,0.150328306427429,0.0517306907648621,0.0275198621405739,0.123182204303945,0.0846626247324281,0.0939417624815367,0.0276480069970079,0.0425342952601077,0.00133890225901457,0.1315822364556,0.0204459616064658,0.0271654722162402,0.410290169374673,0.0969481896015981,0.0191462433262462,0.0092123970934415,0.00851787537758217
70.75,0.0538184243006641,0.0152387581998987,0.0857586032886661,0.011868382464429,0.00629716276618949,5.41341242556728e-05,0.0238897152628856,0.0264845543390314,0.186038206170234,0.0793327714172894,0.555249438771976,0.0589259833253909,0.0222280455657923,0.0240707199042286,0.0779430806579841,0.1134855729324,0.00784314290111359,0.00942343342403066,0.00114706740172794,0.0209350227504677,0.00904928806992263,0.000103927915353919,0.00850026342213696,0.0119259227484862,0.205985839217818,0.02345513663089,0.030678110398067,0.0254639829974619,0.207656413855666,0.0736683634643719,0.0283549202434398,0.0536989960973074,0.0178628175650706,0.00345355412872317,0.00997958681253483,0.00334988919199736,0.012658124501528,0.0131186030980235,0.0350887660193712,0.0121221268939781,0.0280982690684728,0.0061846158601319,0.0175078673221686,0.0132916313169735,0.036060613955239,0.0169727943684145,0.286566566052766,0.0742805794319132,0.0139856166399352,0.00203969425450727,0.0493541534324518,0.107324214413014,0.324320897718501,0.0125917932349207,0.277418899306484,0.0875777243061566,0.00583629878783705,0.0443167498798812,0.24251706935047,0.0930200167896626,0.934839993435414,0.0975737191797885,0.00741883222877229,0.0248229659309902,0.000766519369835308
71,0.0402784195072908,0.0367175554132767,0.0146356764387252,0.0549765685182661,0.00232979803869241,0.0290419002926765,0.00799519464848585,0.0159751207163651,0.135855480796455,0.0683241534800861,0.07522023153432,0.0665864922774538,0.10453088059103,0.0107991977993296,0.179547074274433,0.0314660250939293,0.0240255340772786,0.017653015225726,0.002091726146337,0.000880655333267212,0.00705250315702672,0.0157966291800482,0.000780917335242562,0.00745180165637064,0.020854758237238,0.0485945331970864,0.0348713999660123,0.0465320142118331,0.01995362086625,0.0541837967867145,0.0508767985485366,0.115016260983711,0.0117793481614921,0.0272636978079145,0.000980478027751498,0.00962658938933685,0.00176815931849144,0.00779068360794769,0.0131157102049388,0.0421663848256179,0.00438961757994891,0.0478395301556753,0.00622130060527576,0.0304423876190192,0.0117998574078387,0.00653887683615228,0.00856093013924154,0.111238020293505,0.0275135581707574,0.0456780508663124,0.0413656480320817,0.0859389486001949,0.0532339434106054,0.0557824111392099,0.0530689652057318,0.0138875097895262,0.200882213172737,0.0550517492162663,0.134608370062134,0.126403217327519,2.03340551657877,0.146228508647606,0.00173197941005277,0.00307235409892881,0.00536984410271497
71.25,0.0996416986487179,0.0342621267306128,0.000866159808664155,0.00356215386563406,0.0172501874335961,0.0124448630145948,0.00149894131802666,0.0313150962351834,0.09286746977287,0.00792313927678714,0.0235126417814986,0.040535504001216,0.0897452420157257,0.0751131880543454,0.11867825448917,0.107896209607622,0.0344604831250799,0.00173456220930745,0.0150915425279213,0.00349775816125273,0.00857104563424976,0.00654599199133927,0.00859213072902708,0.0126238377103047,0.00842551691224081,0.00811093661195469,0.0792123914481404,0.121925552295497,0.347909228185357,0.0953068333831649,0.53797476333611,0.256843623531889,0.00297831139046434,7.74162007061983e-05,0.00734899105740535,0.00946218183083222,0.00225465809232129,0.0137039630539706,0.115202332431573,0.0194596929265358,0.01008971666888,0.00396790582091398,0.0126487910771328,0.0398832565611513,0.00435336754810265,0.0116434166714967,0.00252717737116296,0.022696773813198,0.0640355635998426,0.0847877902719723,0.0144158740950999,0.116993223914557,0.110247974548792,0.0478121029012821,0.0774549752072655,0.0481125116140725,0.112662882794053,0.0841529084235063,0.143607947999475,0.0127111413511984,1.4983281682376,0.102560390518984,0.0102653771634347,0.0104508838589285,0.00765376542428936
71.5,0.135282099743185,0.0344409816509368,0.0221635749495489,0.00373893080744416,0.0135104860856607,0.0246326640691187,0.00269188957970653,0.051885513304242,0.052260749262757,0.0240549005676749,0.164633618164293,0.00945236512400618,0.0177970540850024,0.0320858843259066,0.0266183370497216,0.15484253638149,0.0729584466479888,0.0128453944123771,0.00156780288062789,0.00785746690027686,0.00437332287128875,0.000968516864666312,0.000770079881662154,0.0242024134136211,0.0326284882265118,0.00714173576850811,0.00837756215277145,0.0897806866236124,0.284560053138768,0.00996457182541192,0.0519219809951272,0.162813851171903,0.00699673531232755,0.00818824077571123,1.40137351503534e-05,0.00667560310992992,0.00179081125973893,0.0260358997011695,0.145959738888153,0.0373819479402985,0.0395778544214443,0.00585246889569271,0.000522426733770774,0.0509669677526733,0.00714532738028963,0.0508037436645399,0.0739337455938249,0.00977938505186562,0.037793255622528,0.0478932531720925,0.00223814270744683,0.165689415182086,0.162520232259105,0.0241490927496034,0.025178632889236,0.0132943448800907,0.00322405440286957,0.00774296844307567,0.0718184848643099,0.00223542154791632,0.440405723889662,0.0156141930760533,0.00554592406672659,0.0164556574810575,0.000494197149809155
71.75,0.0444042145651293,0.00352420843816827,0.0189688120263534,0.00681253869866535,0.0103178540692152,0.0378201979432199,0.000348406158807876,0.044964323851443,0.0126318946662806,0.0242945123944876,0.189910101057486,0.0251869562908936,0.454140018956039,0.0625075032756646,0.138390909576172,0.142461529584693,0.0126856736757003,0.00256876968209639,0.0004220324397186,0.00355527127683392,0.00632699965276453,0.0032434299419933,0.000475803681328952,0.0118852689065843,0.143563952621225,0.0569700941312571,0.0241404179254788,0.127424480391476,0.220543315459879,0.000988965762310793,0.257543651225115,0.151081716460723,0.00600126687819988,0.00046811955933268,0.00156167470975889,0.00867654844565662,0.000709987592550495,0.022972346456077,0.0360732154011342,0.00183553243498758,0.0118775909064397,0.0359488240648361,0.00303341336654453,0.0494687870985561,0.0019328782334436,0.029171779406005,0.0628012510936395,0.0121165083050232,0.0987797694350878,0.113504844329196,0.0178030977078305,0.120160369192883,0.0530268039128033,3.62042003659395e-05,0.356530150252178,0.037604350491393,0.116806452058049,0.000997732686358862,0.0186372977084707,0.0276609074594814,0.487147024791496,0.00848839880707072,0.00272838476951404,0.0141168518987823,0.000574861082014373
72,0.00378876580476382,0.0250628348602803,0.00179780669507458,0.00624751848390361,0.0147103114019195,0.00191537949162392,0.00732242391542377,0.00861476971677272,0.00871732981162775,0.00636644929610264,0.011232073516727,0.0411858323460674,0.609725797064692,0.0267902454843893,0.216153577831555,0.104353702330638,0.00028094109820586,0.000651519061975082,0.0014810554939482,0.00198675539426114,0.00653132615118812,0.00107199425269514,0.000989011280949078,0.00144985144898178,0.0671915870311708,0.00652262336294764,0.0358597198466029,0.00801668865878818,0.0192501138535892,0.0750840221145838,0.155781004554984,0.0225523140924232,0.0055991058951528,0.00125172032384375,0.00272342371120145,0.000501574532562535,0.00228107668969059,0.00114575176111777,0.0100890925396827,0.00420069029156065,0.0222283998248185,0.00756995356684561,0.0116010713779501,0.00225563599062952,0.00740213683018048,0.0122691595904144,0.00948846179269852,0.0295219861948373,0.127431358630161,0.00345992663169685,0.050962923111109,0.0368310787268945,0.0117029905369933,0.0358561913931296,0.0197228304326454,0.0122775395097108,0.0291736601310445,0.0256323467914612,0.0191291358013738,0.045053037683535,0.147259782063147,0.0211334974101404,0.000103007020798725,0.00402230467510293,0.00220062164523348
72.25,0.0121450163967106,0.0100133163849805,0.0062087444557889,0.00360339949473061,0.0187057028328097,0.0181200712647802,0.0210817391308587,0.0249118575387907,0.0422499175269165,0.0334481742476613,0.00839886185151521,0.00479117679449582,0.0227333345571947,0.12862490726916,0.46495439536687,0.0823837190991139,0.000764226867414753,0.00318961113706614,0.00570563485982275,0.00679844846019537,0.000956160361802954,0.00180317794753533,0.00108844459117332,0.00526381368623635,0.0107066422506506,0.0377566121188666,0.118674129535983,0.039165690260285,0.0927652886535683,0.110205681932788,0.16040392955236,0.0808957137748052,0.000570388487855553,0.0035008481667053,0.000670359100542844,0.00986406485415019,0.0036487869048702,0.0122811412335681,0.0101038815419931,0.00586763533656651,0.0222273198923399,0.00689825813134491,0.013834929850465,0.01760051145646,0.0186342773289338,0.0318268799524353,0.00278447718040652,0.0114635940301152,0.148923143630928,0.0429722381233301,0.110320069828114,0.0341529066938552,0.00174097235666584,0.0115933596849732,0.0172191648675611,0.0479761133858452,0.0954826717253238,0.080491700215344,0.0500235740161342,0.0508882756318156,0.186019063821586,0.0412540832249327,0.000941470579510206,0.0130091493915886,0.00166995693698816
72.5,0.0141377950992362,0.00879821277090606,0.0172249508549633,0.011668397709684,0.0201429751927625,0.0111610506348847,0.0014531344363476,0.00571760596213253,0.00817207329037921,0.0352096528422873,0.033213771166327,0.00256190822895476,0.343244118571618,0.0340394622114631,0.200355637834532,0.0349558371018399,0.00731559246341105,0.0100600496791483,0.00847343837320944,0.00672757803603025,0.0128776716926194,0.0145706175171493,0.0063672630483071,0.0161801298862772,0.0551553440093424,0.00641641865864663,0.0269453362955723,0.0165224851313144,0.0572660145771798,0.000346594110092988,0.43970737016972,0.147921830177212,0.0238177106097575,0.00949146246957244,0.0140668354250306,0.0146552389900261,0.00229551443323422,0.00533777321045715,0.0127642244025678,0.00421928051049649,0.0327102114377211,0.0109654970556513,0.00721707387656215,0.0095649957108858,5.97822860719128e-05,0.0130034031764321,0.0471336662676831,0.000733362440271047,0.02044992406475,0.0187580472510912,0.0354510496477391,0.0106273335242931,0.0622717439761778,0.00527195368962786,0.0307028484620474,0.00277397006251732,0.100486863400394,0.117869674882093,0.00319746493256878,0.0744815759197252,0.0183970238219682,0.066611070378788,0.0100968830992882,0.0093151224718788,0.0152271522814104
72.75,0.144591852183519,0.030959021793687,0.0245993029911565,0.0165269589773538,6.58718776101117e-05,0.00146104494074757,0.0175257362535783,0.00693008918287655,0.0877493756054153,0.0444894914516041,0.111470491513946,0.0717780405254862,0.0338673954270156,0.0135208620284959,0.159614332188968,0.0304455901816478,0.0361048084871451,0.01163597777791,0.00379518918481996,0.000848624961001587,0.00769119161117928,0.00925229560309366,0.00560281446915588,0.000580050979966435,0.0255214780513444,0.00624797718491894,0.0284864387277459,0.00212440856478622,0.04364370825182,0.0271426742109209,0.0513341864186989,0.0212635217477237,0.0155427435246836,0.0169854611575773,0.00160040329431033,0.00268376882004545,0.00801119211141449,0.00217634947772903,0.0240659975497971,0.0290177090573069,0.00612530701773909,0.00931429543768942,0.00547959119246798,0.000378447421809904,0.0201720946978095,0.0154508530901884,0.0534605808391425,0.0368904740716559,0.00916268939017985,0.0100092026464292,0.0465730139277728,0.0143983259528941,0.185188534271219,0.0454673405461335,0.0745930114210998,0.0508483188974641,0.101029121031959,0.15646694526368,0.0965201810640586,0.0720949917261426,0.615219308775359,0.117799358750184,0.000824807156749158,0.00884339521433383,0.00882326894843038
73,0.0858266436755014,0.00338537693322064,0.0225855082682329,0.000676051886692042,0.0240662256324565,0.00309758187908137,0.000493342365376678,0.00182654503603213,0.034696526476402,0.0295310592842561,0.0244791852440755,0.00120930194120984,0.0237072656979462,0.0177550660584066,0.0195057462662997,0.0149474218369631,0.0118368669277666,0.007923297135499,0.00571234451182503,0.00107246726497788,0.0173542285141583,0.00259169300304394,0.0124541611049557,0.00235588928147099,0.0508727882114219,0.0149825109828494,0.0149769842181604,0.00838776837191857,0.104206104378079,0.00269414685721223,0.0149500522708975,0.0477031944699467,0.0121567713350186,0.00194147175198824,0.0136349248984392,0.00430290477409066,0.00252606219915895,0.001890914494796,0.00943608157309513,0.00241993514006223,0.0231350822867855,0.00796464004872476,0.00827190096159118,0.00673712796343296,0.00250579330627318,0.00335814247575285,0.026462212800484,0.00233103193312323,0.139193685262212,0.0176097628027221,0.00251113813420576,0.00388683272236976,0.0721240312378237,0.00110546397217147,0.0163101529136806,0.0302145822978713,0.051254837492374,0.148246970416415,0.0162724397911945,0.0645641198455107,0.33128208421869,0.0920131566976503,0.0041500624023261,0.000802605104110855,0.00707142691263122
73.25,0.257528737440955,0.0407859686768316,0.0826086908428122,0.00274214865579317,0.0219807936809588,0.00171044968640323,0.0122100625285383,0.0378459727776448,0.252774628633727,0.16034689931842,0.235339848636238,0.0179789340157201,0.0138946287327574,0.00234080709424933,0.0472442946635508,0.0618521574957247,0.099468213535368,0.0245835823382326,0.000766182030413321,0.0184182708436767,0.0208384333434932,0.00255934438687817,0.00127081906118594,0.00389639821416717,0.200862929212981,0.00704207086304546,0.0374941828702511,0.0297739845759634,0.368101210504825,0.0765426280608547,0.173612217489819,0.0596687463382891,0.0339973091617872,0.00697379533849954,0.00339525266886703,0.00309244965847632,0.0101015389829606,0.0257031044331545,0.0525322165308514,0.0188239193541009,0.0663142985760423,0.000279302508393647,0.00358671168609894,0.0226110587424007,0.0678967341986318,0.056067873627488,0.15014355553564,0.00172460713771605,0.128760192922995,0.00421941119253881,0.0211669640809754,0.0572812740604303,0.206885088646091,0.0298096747586458,0.178765452585526,0.0200157475449469,0.0168025743540153,0.334012740537499,0.176948462062567,0.125201026911201,1.57515231261565,0.254131812142243,0.00317843078643323,0.0645557338363384,0.00694521922629202
73.5,0.181967830366634,0.000591728576345518,0.0495785657888255,0.000609187918610358,0.00629725287607863,0.000506535229906913,0.022004767914475,0.00233801389710504,0.126355005397343,0.031225206021677,0.239775098002591,0.0339054848954862,0.0596554438512739,0.00670384994371765,0.272260809474854,0.00166678219921923,0.0250267273807592,0.0266317586141071,0.0051512088524057,0.0108314133408103,0.00778925640418853,0.00183056795426595,0.00101051299198461,2.60736885959435e-05,0.0862869303467469,0.00836364932291887,0.0347131412057711,0.00383000839463336,0.426288962476975,0.0250960964710707,0.0781696670030779,9.91382337221649e-06,0.019859845768393,0.0130636083667751,0.00444762293731391,0.000197201753696716,0.0102940721947951,0.0030623142788843,0.0308585254851873,0.00746018421935845,0.0290734627982873,0.00194031150067542,0.00949089876339682,0.00096578034877152,0.0335775353881568,0.0157289858675682,0.120916098776423,0.0226893497729125,0.0764638809563867,0.000860934441802647,0.0739471889323057,0.00116780487726079,0.268797446564961,0.0043209783178886,0.245054321619261,0.00988301764639745,0.0797418101342225,0.0558373869480129,0.19259291380818,0.00590853859214021,1.05042769237871,0.0422521561935818,0.000929327657560542,0.0191583352665357,0.0106853862843956
73.75,0.038286547361356,0.0208067598734332,0.021244394214598,0.00288843189883914,0.00979151865230041,0.0061410544647641,0.00174765828922889,0.0128500809279461,0.10130338958537,0.0582562261666958,0.136760734853807,0.00414358087901727,0.213319708626537,0.0195576924409389,0.0556577871352358,0.0175350926034474,0.0194424035787337,0.0105841002105745,0.00181397234727206,0.00245425362205372,0.0028330526776702,0.000362670135614771,0.000449015672551559,0.0014903977086596,0.0262858553113557,0.00831254663389334,0.0208588422295205,0.0220464413971926,0.190849137960194,0.0117520413843387,0.033364961195586,0.0470604711211262,0.0107364008783302,0.00659644137969262,0.00190596175030436,0.000321088703785116,0.000736607518005587,0.00562327721638859,0.0203368792681189,0.0179633255326806,0.00966212464218894,0.00237803952509604,0.00337493466796191,0.00738334905850786,0.0192655907636358,0.0236992868715079,0.0486628550939673,0.0175962252773439,0.112369645433291,0.0191755615692076,0.009460218293524,0.00608986150888355,0.162149402007938,0.020049060688151,0.0303833928980282,0.00524627631044125,0.0217282704580766,0.100826286772844,0.113445261086207,0.0769684753777975,0.8862930810418,0.0909202981049415,0.00114724976763882,0.0147339539896352,0.00229361957279722
74,0.0787041481811303,0.0446413933119302,0.0259777418239954,0.027444293026676,0.0144265162288095,0.000162028194173651,0.00950121992183091,0.00119636906710606,0.176357084768653,0.0561466202378644,0.0678288698698276,0.0627492453447384,0.0693708443473997,0.000329814211276665,0.273566469765927,0.0387647351361675,0.101660867794903,0.0396912905657071,0.00471207096370896,0.000224185494298731,0.0275490149081391,0.011191077663385,0.00024879085613015,0.00178132512973738,0.0584146132678859,0.0295385153056215,0.00756664493921701,0.00620851704667974,0.0528919936962284,0.0127034064238455,0.183340962380786,0.0128827883227176,0.0305864313745558,0.0292353875553545,0.0143548652676393,0.00392327380642535,0.00120171062563709,0.0011916829688025,0.0636533091907023,0.0682411563972482,0.0389684942984124,0.0118777392700793,0.000311917290976091,0.00130413076075633,0.024493905099329,0.0107541046307907,0.0525626847057345,0.0804462044509936,0.00856408244724722,0.00432365036964661,0.0526761310140324,0.0261882165734835,0.12013190954815,0.06152935502574,0.0269628963636757,0.0748935524925932,0.229168931862071,0.056418258969181,0.151879611624968,0.0472888988044562,1.76771570745292,0.103138596589164,0.00464584143012396,0.0228403935950058,0.0196211208523064
74.25,0.0697142692160555,0.0103241347840696,0.0168117331256496,0.0152490154197107,0.0107607163823037,0.00854371400185178,0.00566456528189866,0.00918667478711214,0.168942003317036,0.035596289439139,0.0789846948779374,0.00778752195499635,0.15662088090474,0.0192594721871048,0.0410558704617917,0.0328369614613731,0.0519656122783785,0.00971684218089897,0.00237895891813986,0.00398376959634515,0.00546571094422352,0.0098821143922728,0.00307890107852184,0.000918703405305298,0.0438127424391948,0.0274225793511547,0.0285450961381611,0.000131740248299777,0.681376776547082,0.0390077012539456,0.0630849925958307,0.010088403945533,0.0126169866794726,0.0100684007138598,0.00594165653238776,0.00380921627446027,0.00330661914627178,0.00193838218332203,0.0887774593352109,0.0164540668268511,0.0357096411986759,0.0228752683894999,0.00349065567283588,0.000276623812708977,0.0132022042040749,0.0119122663040979,0.0483451685733747,0.00324908940405866,0.0918949400671933,0.0141269401730344,0.0142721640202768,0.0569004141670503,0.0811817735054415,0.00486383022850748,0.0630806373668369,0.0040598796882867,0.0233161148558036,0.137708655456231,0.062427786389168,0.0575324035995033,2.06234917622957,0.1208732359484,0.000655608022186005,0.0187468948600722,0.00764294238913264
74.5,0.0047963331418549,0.0276216715752478,0.0151910727877159,0.0180685287196213,0.0352894958049602,0.0403095447615656,0.00809429250641974,0.0305459788059044,0.00375223426247524,0.0424280233751011,0.0864729357454418,0.0755445496462645,0.757441084217774,0.13985803695309,0.117242913146565,0.0444935514728875,0.00693065084563591,0.00107063895692638,0.00231413005489461,0.00401050265669228,0.00742454384926042,0.0121646425691829,0.00559061018386353,0.0139739570211765,0.133946554092442,0.0871405893058573,0.15642656732199,0.0770438461714667,0.0339490194848494,0.0644875962999495,0.486097058987726,0.166100754685006,0.00237957782333649,0.00324026759659588,0.00477399725933946,0.0144822725806479,0.00500616338756053,0.0102683901922935,0.0170177347166215,0.00526300694491339,0.0392369365462361,0.0459851870535593,0.0421363706707063,0.037936664637192,0.000642748909727552,0.0262286672445693,0.0318089076477054,0.0223325967912425,0.336019533740995,0.117011694504181,0.031794854300225,0.0403384355158209,0.0113221649635029,0.030842889757692,0.166797030664737,0.171418478053549,0.157178964429341,0.285477457177723,0.011372780936278,0.269755464063841,0.250097668491629,0.0941489633762652,0.00444985446365024,0.00747059322150317,0.00147833747918579
74.75,0.00963270022662787,0.000596590327894141,0.00758520511731442,0.0206267416158589,0.0113357638344108,0.0207931686937319,0.000168698448707115,0.00188880138289554,0.000831091543548398,0.00457554041486746,0.0461700505442632,0.00668534513245018,0.264395585312153,0.0248572833733341,0.00530471591400158,0.0215386598722799,0.00661281609430692,0.00125519336853786,0.00720513588299491,0.00682565210108622,0.000185172609396612,0.014149472923681,0.00113855182017713,0.00313305577931134,0.0833192790842983,0.0221670466396809,0.0304468952293912,0.0114871893495603,0.00239550770179647,0.0182492352392708,0.140087570653017,0.0436357154517859,0.000514697510628222,0.00384222208399496,6.54832689340209e-05,0.0101216226333745,0.00376525076083251,0.00211849640085604,0.0107327767294258,0.00378902057462941,0.0109412744221238,0.0414676971389893,0.00169322850155648,0.00660946759105824,0.00123978360463456,0.00587290435008916,0.0235212186854474,0.0231462171819921,0.102419911473906,0.0344442319752365,0.000582633287843657,0.0100381330145652,0.0281634113133578,0.00202131956864763,0.0662482801470756,0.062956134630552,0.0425725946925485,0.0167676241792915,0.0182624750021366,0.0610060784609418,0.127825174546471,0.00690132851744082,0.00368003960957543,0.00399261870583026,0.00416611974871501
75,0.00206509787682208,0.0304120904427791,0.0101925778095721,0.04562642486394,0.0165760100075469,0.000868969293599249,0.000273394807221624,0.00124835206098689,0.0545421218429701,0.012849219275146,0.00625214970110026,0.0900465913673362,0.482061847955809,0.00388775722277712,0.077529086770662,0.0135272976796375,0.00579471718103962,0.0169327246441293,0.0152016902802276,0.0028991741874338,0.0127375368891291,0.0123595164264438,0.00747678659883522,0.00429599846011058,0.0518945542423012,0.013871182829056,0.0589659018154196,0.00324792521114257,0.110008346127916,0.00251939105326093,0.215168584454326,0.048216702981528,0.0136196908072406,0.0212593770636666,0.00749773178000603,0.00778500409437601,0.00132846956682929,0.00267770520299463,0.064149553135897,0.0211096847777211,0.0193241125244449,0.0261014631589367,0.0108295660105386,0.00023263300724511,0.00702817994524066,0.00192474850332379,0.00170928445306636,0.110462775645172,0.150643916860616,0.0120870411125332,0.00596706217495481,0.000511056477580803,0.0124687133635317,0.047744895975929,0.108089050947309,0.00916292056584562,0.054067864910366,0.0336267339562544,0.111401600695195,0.0102867959795827,0.875734186339799,0.0027982739705018,0.00944595788416138,0.00180728764314547,0.0166566565300716
75.25,0.03640754586222,0.0055216209990226,0.00215213220773531,0.00297510021963165,0.00385836007242868,0.00461556463962289,0.0018269520701031,0.00691238233858724,0.000263145314132558,0.0151858705338275,0.0291107866660457,0.0275691093234062,0.145922643724354,0.0204547440462436,0.0214152646205358,0.000868546590549346,0.0089237957592856,0.00678229000625736,0.0128723688668583,0.00828580804154577,0.00786134116021549,0.00810437005611027,0.00840918953947957,0.00834352481127715,0.0146318902658092,0.001304650267327,0.0132951883009359,0.00689495453643382,0.331057467475928,0.0472884609434795,0.0123394150816597,0.0335077759534908,0.00263666590592581,0.00205775464495931,0.00766567630551635,0.00876579393328003,0.00282579056455955,0.00735567639419487,0.0202108707060221,0.00228810539929183,0.00494486336724871,0.00493851927718375,0.00162141518169292,0.00511629945699663,0.0030962654483907,0.012182992556568,0.0161474806314056,0.0273109893321293,0.0394981794147816,0.01139268958297,6.82023657718212e-05,0.00817035425772697,0.036627128224526,0.00951598978316209,0.148055864075225,0.00136639115535265,0.0473933099156343,0.00323555539111862,0.0109258612894271,0.0121125035824241,0.172537162103325,0.00368304480969332,0.00984703650627096,0.00575253873358521,0.00972661830886595
75.5,0.0480206247676382,0.0435419713001726,0.0259093636133106,0.00455965866937523,0.0167826612927651,0.0172954673408846,0.0123693774934191,0.00149831258823985,0.0418311256613053,0.0113381269655955,0.0580365974484605,0.0417626048564448,0.0539131970842886,0.190984128384205,0.069728022484155,0.0113027768299737,0.0206952213124215,0.00279386499556866,0.000242842520493281,0.0026903341959658,0.00776610924670203,0.000151085020626613,0.00840314196135231,0.000114574275039343,0.0436820101336386,0.0101399370573355,0.0526945574415634,0.0820258793248295,0.179660407465041,0.267872065376174,0.210250314702753,0.257242771018921,0.00631352491177594,0.00147552961629107,0.00917162010796117,0.00113074190870913,0.0117749411645773,0.000589362282651971,0.0323013117160397,0.0197612336617925,0.025471235006013,0.00598421625020076,0.0105296135810123,0.0146882518077123,0.0141269595547197,0.000280617656689143,0.0513335848334893,0.0243013795474589,0.030333078214256,0.0892567542367322,0.038243347217397,0.0155826030947018,0.0267067133622861,0.0449394335215836,0.0253452255675271,0.0601393940598852,0.0548065960264184,0.0958770120429873,0.101790240358284,0.0107496889119947,0.240456561069722,0.0132703514333647,0.0016749353369821,0.00638946003146373,0.000362699182090826
75.75,0.00816941958214532,0.046369246230099,0.00520184369808299,0.0169568258138939,0.000273222871648077,0.0059179065663892,0.00540047212384354,0.00839892761924095,0.0719895284574403,0.0189193132498513,0.056808385788683,0.0568822307512095,0.0834813623199316,0.0270081079872885,0.104500604483552,0.0285145411579613,0.0155816771500895,0.00657718653697148,0.00558878289166429,0.00314636959868525,0.00188828221610574,0.00427070918096278,0.00127986631892059,0.00572347399193787,0.00323434688276255,0.0114680522228429,0.0235589023003321,0.0401325117573015,0.134674882968383,0.0460431332295967,0.115538334390065,0.0867448895788314,0.00815862087065732,0.0111130429882327,0.00354600728480742,0.00320898344218499,0.000583439787674387,0.00680727132403581,0.0305217415969948,0.0313236425080613,0.0014777597632536,0.00543730532270866,0.000724812442060712,0.00917893688961874,0.00892030959761194,0.000143609164601415,0.00779429249518296,0.0878969435742971,0.078375149749594,0.0366793927514286,0.0234075763181536,0.037064559740504,0.0100301023295368,0.0445123813460128,0.0728904278657075,0.0228520888612669,0.0759037941508869,0.0141285583529046,0.0872687103093763,0.0423860085177765,1.05126027427365,0.031145024169823,0.00322871278616772,0.00113513507126935,0.00463199156651138
76,0.00186502551538171,0.00304903027026887,0.00359045837615553,0.00198169573058397,0.0176762188522162,0.0029054589173129,0.0114465750094352,0.00479622400269702,0.0189639132974712,0.0142325970460816,0.000621052395443245,0.000169645673491855,0.01570226708982,0.0502532596202469,0.0812039608643414,0.00378422238474995,0.000269449300302541,5.8762980681512e-05,0.0019296790519653,0.00353077681973603,0.00220041413360578,0.000357750745941284,0.00245182737498278,0.00123788734199717,0.119359788897753,0.00539320906797235,0.0264006832973171,0.0393047834214615,0.0271193645714564,0.0398035645135792,0.0670662650136851,0.138967794666966,0.00295593060611585,0.000938776647846703,0.000505289768875335,0.00248636818772035,0.0096230781582391,0.00107100507331243,0.054292140904481,0.000485396179134972,0.0307990600988717,0.00172157015449795,0.00918170585994406,0.00998154934763667,0.0197099346598318,0.0046875953590501,0.0129663716357781,0.0102226446836486,0.0951521534211621,0.0547341904417352,0.0230543000964613,0.0178643890238311,0.0020253042195513,0.00121547326074126,0.00120133126550082,0.0476176861865636,0.028975525532807,0.0460134646740505,0.00630712902788298,0.072150379888556,0.143984047023779,0.0306455330524789,0.00284823669416896,0.00556569280240248,0.000700279455983154
76.25,0.039025706129964,0.0251232002685769,0.00362386994374615,0.00939019318248168,0.0233827377774567,0.0157306397231658,0.0409572312629561,0.0229976159911782,0.0553025457803815,0.00082755329399318,0.052023787577942,0.0376824464967752,0.185456824181745,0.11116955312621,0.263575546504895,0.0334473308479678,0.0187400080260919,0.00676140025599984,0.000849361430489517,0.0112217040048828,0.00330004761622971,0.00223094104845427,0.00659242481821789,0.00394480804290671,0.0362626030247702,0.0216095973334725,0.0707390715524527,0.0803476913841282,0.0260720339879554,0.058110017358026,0.0421650856959408,0.161923964221571,0.00246250873098127,0.00846039342933886,0.00549435092683009,0.00295656232562197,0.0191078974132494,0.00775570267768799,0.0934056495385192,0.0223348939163455,0.0293225951775271,0.00786639806698263,0.0243375395064353,0.0239512372939638,0.0367592597429901,0.00310695799734749,0.0219338781377697,0.0511852429097605,0.130926030613519,0.0737873405693591,0.0791146769688584,0.0671663359609645,0.063280111064722,0.029659315465418,0.0514754474693126,0.0847514602493857,0.0992512583799626,0.0200792023797875,0.0855116016100773,0.0269045568272436,0.623642372830073,0.00932636389353868,0.0043701637949887,0.0154178474644449,0.00324366607462445
76.5,0.05888102373942,0.00483813866131714,0.0419121687577814,0.00485798641908788,0.00754190896442518,0.0153843733037453,0.0105166933755217,0.00583551973781173,0.023893271244596,0.0244200762583442,0.135052934166674,0.000856276175470494,0.0814650913630847,0.0646981288156016,0.304853240638473,0.0241078052585133,0.00253642170222985,0.0181718044334523,0.00635669329868085,0.00312519940829338,0.0196578057933686,0.00160698189739137,0.00392444482609508,0.00161479970438366,0.0573125609646843,0.016476891516111,0.0172774127281469,0.0866463885753672,0.0446009049920265,0.035185922243408,0.104535934234851,0.273103099946364,0.0275238559215806,0.01206386169326,0.00775440924059125,0.00149786927002198,0.00158521889565565,0.00172451581837773,0.107894911119736,0.00336092355343338,0.0383651843841653,0.00420602595945629,0.00403325959150786,0.014079069788038,0.0134066827755234,0.00194244030712125,0.106451538995285,0.000277166138020238,0.00134131765238684,0.107013407827426,0.0490438600660985,0.0363918432649199,0.124810549587013,0.00212202565980683,0.0365953450442806,0.0605281486699978,0.0252738547131144,0.103304873523485,0.0340670423916061,0.109671761148639,0.256789844162771,0.0323586912167186,0.00148922564341565,0.00439852953571492,0.0156729286419112
76.75,0.00205992495929011,0.0108561661444932,0.0171872372901445,0.0139769241628149,0.0127152225423778,0.0143885953922219,0.00360925067493964,0.00553566140958251,0.00910959843795576,0.0324233452820073,0.165379021556873,0.0337708015352347,0.125454330843611,0.0263982673903624,0.010095444628309,0.0122454212906679,0.0385468713681648,0.00809942380266093,0.000837396503759374,0.00374810605438948,0.00783742903102334,0.00400287153263033,0.00144208541365477,0.0003056079190284,0.0723889515839729,0.0309007410094728,0.0245336927556531,0.0122408247130531,0.120180828221312,0.0593727348780164,0.0527252943605272,0.02969034176903,0.00924949517516211,0.00343811227621948,0.000337188779564252,0.00387644545949967,0.000729897425257437,0.000422091376639098,0.0448045343004029,0.00814490325509423,0.0103794498200913,0.0226612053553831,0.00288188930565453,0.00699815452288306,0.00175740499669439,0.00946672483499956,0.0577661164654669,0.0448977221364444,0.100862337053197,0.0287030913040222,0.00364512993484606,0.0075726664995649,0.030397379953865,0.0198472297252342,0.0776970789851418,0.0408706038286318,0.011380461455613,0.0815432208868716,0.050978059241417,0.0957208542097662,0.0693314203912004,0.0256895182917404,0.000969545242600396,0.0034417548288951,0.00293332544170407
77,0.00713564434100896,0.0455755009169236,0.00605293996327618,0.0144110365909632,0.0139738814637482,0.00404703621092679,0.00950957724087963,0.00487606657901342,0.0277099611457791,0.0344582467143794,0.0274513382102671,0.0279608091839289,0.230623964166464,0.0144229041030788,0.176642845197334,0.0212705348726011,0.0230354938007658,0.0126304851779305,0.00268625612894612,0.00308028254885997,0.0124665603178233,0.00616134812448484,2.25881486343734e-05,0.000245273786241281,0.0974309056842323,0.019303684466769,0.00581800870495137,0.00635041235808487,0.0626205125179657,0.00462212643225482,0.0203112218153245,0.00172432766602562,0.00869248466521605,0.0107746979476594,0.00437221473751958,0.00242315710210319,0.00345413956261901,0.002115850166875,0.0108756990512907,0.0241874884906204,0.0378867544185307,0.008842544339732,0.0027171768844848,0.000103771832558341,0.0190875616676717,0.0198855635417823,0.0109371405080653,0.0222768764889297,0.0937689730935061,0.00939559497393071,0.0354994264163376,0.00719498275006506,0.00573700803444868,0.0223216338310542,0.0720420435991356,0.00135277106602288,0.00846412278746102,0.10326631884392,0.0888929041648121,0.0522355237346776,0.12123451065002,0.0511358345695944,0.00045508103179538,0.0143982118867173,0.00872791937323267
77.25,0.0221601967902157,0.0333680683051765,0.037739282965366,0.0245962915241548,0.0420598181835133,0.000437214147957568,0.00150888589376847,0.00388198725989745,0.00756962041731908,0.00256099251449143,0.0354280016879357,0.108349501189538,0.0267573396736484,0.0541548898633352,0.00322733046515462,0.0248840843593912,0.00831774322802112,0.00433260582788445,0.00512279833311359,0.000259798701518313,0.0139603169008608,0.00113376164079345,0.00590503519436474,0.000307744990954876,0.24808567580082,0.00333398305042154,0.0251412553791276,0.00385067509908233,0.0267730052858613,0.0773562654506069,0.034723650164153,0.042105912586667,0.010252438635455,0.012191020353728,0.0120304718487024,0.00106350271306524,0.00206449269545913,0.000167548940303801,0.0412449336734424,0.0239262262953447,0.0907489279399371,0.00642607467001606,0.0147604249775735,6.74990285786026e-05,0.000480417655829084,0.00182132059519066,0.0968835889408445,0.0985159307591795,0.162341652100252,0.0064534802321719,0.00100475419290447,0.00451991820248883,0.0282396898682884,0.0388199392846517,0.0704513894102479,0.0591994503588609,0.0249801307718132,0.197135986178617,0.0528382404317318,0.0286428168957444,0.0543326285787327,0.0807417402715936,0.00464191722557196,0.00307471737462946,0.00138651287556255
77.5,0.00214938761626881,0.0102376277002448,0.00890033924696681,0.00155020933285491,0.00132256655818785,0.00235860897331297,0.00162493319842922,0.00302715725366089,0.000123917091089429,0.00262756520882665,0.0541706048362994,0.00395593469099832,0.00806344237393062,0.0183415360002696,0.0135566572108499,0.00371056822818783,0.00599029303741242,0.0016353230997868,0.000154380375198841,0.000736071384846864,0.000527337083042206,0.000965779959955194,0.00154627030749454,0.000760010865473358,0.00716789412448458,0.018927400750439,0.00125807451112753,0.0105365725719556,0.0508112946515859,0.101621747376798,0.0120038168813506,0.0105115430507998,0.00112081451966879,0.000664867259893865,0.00146931404147572,6.92772158857958e-05,0.00191089148227022,0.000693908403674642,0.00788296102022109,0.00100417021502973,0.00799768156678853,0.00553338337861614,0.00171150660880211,0.00274943546141368,0.0039811666948285,0.00153859189737937,0.0292373083941172,0.00889060862679266,0.0022986638923231,0.00685977405934551,0.00454190484760158,0.0134640451037783,0.0323913478561713,0.00846058217454421,0.0193755336393884,0.0285172193113814,0.00103557974359094,0.0937489979753339,0.00537066469363924,0.0158856386844843,0.0480397583403885,0.0142907411635732,1.89576549643866e-05,0.00140747928454197,0.000202745769857948
77.75,0.0198794961514304,0.0156460005679809,0.00923064959899988,0.0141317549819647,0.000448810666724562,0.0125949585010353,0.00765997424619455,0.00286085128571506,0.0430608058797599,0.0222653048709276,0.125834617837351,0.0103473740875609,0.120443136237017,0.0118502989710906,0.0476075069216812,0.00642213058654833,0.0170346467441898,0.00420932244898507,0.00269624314213987,0.00261631502312127,0.00138562449381706,0.00496332358674953,0.000928463818466712,0.00210225150927336,0.0139315610520418,0.0468652432517118,0.0200207697216161,0.00281361008755401,0.170709464669021,0.0128340671872218,0.0272840680036654,0.0195043555540864,0.00611652649677406,0.00397873659952674,0.00123585267330498,0.000940497006732216,0.00565705729355685,0.00161961739196175,0.0191655984891436,0.00815106851512547,0.00607942806161372,0.0317328075759888,0.00491131920969193,0.00106758454178124,0.0163157852309687,0.00728311680523078,0.0294975279505061,0.00844720757817482,0.0215460217454826,0.0278475767599175,0.0147595680512707,0.00988537102539178,0.0360535291557794,0.00948112313731425,0.0254650018329855,0.0330148591816468,0.0181022172289963,0.0507298623326782,0.0594371401811325,0.0306638858227436,0.457563240116,0.0399960987106043,0.000234654454805698,0.0105844847643069,0.00207954568609889
78,0.00265265597042732,9.40098430743491e-06,0.000442835839682341,0.0204718310090858,0.000289790756580527,0.0106678613063348,0.00767586765184576,0.00489990740786473,0.0114985555436956,0.000321513049244258,0.0629366115172876,0.014293865955628,0.0291038456338433,0.0206874600732751,0.130166621492906,0.00658134516026055,0.000261481638098357,0.0005770377805755,0.000862461368934696,0.000153789477294348,0.000144455394322764,0.00399189346791631,0.00084494059254251,0.00513310415722319,0.00684227971068001,0.0529930372947365,0.0144580934093237,0.0264424703761592,0.0989510812472883,0.0105274010582507,0.091629551267264,0.0711485398770143,0.000581019578563402,0.00540950805909436,0.000457892182789386,0.00454947277619913,0.00138888803400867,0.000929204407643753,0.010595261050381,0.00350825223757136,0.00155888779186626,0.0216464873105739,0.00479537809638942,0.00815162030096269,0.00709601765302266,5.56823441837357e-05,0.0101676800089668,0.0292179781672884,0.00110545279008185,0.0401021957261169,0.0435064714478129,0.0176197759181641,0.0174989218339419,0.00464926713686205,0.0203548863804303,0.0517973775237302,0.0531985273991317,0.00623098220143434,0.0367649902845022,0.0144555722173924,0.00572877318748193,0.00151517689053959,0.000980983723933974,0.00146433051393502,0.000782718688653795
78.25,0.0121691760366153,0.0105139721368045,0.0145087969432337,0.00400795405105809,0.0311019901426676,0.0322890279689382,0.023794107871409,0.0346570976529268,0.069472393875803,0.039399652463581,0.0809665156237402,0.0134637398753996,0.088683467943851,0.15625587888407,0.23467098428463,0.0739183190515725,0.00640663845526109,0.00241526800766525,0.00514205697772931,0.00277810577088736,0.00014598979508174,0.0104436225614703,0.00477862373625809,0.00717881775388088,0.149286926677862,0.0352568786567566,0.124194303392185,0.100130213110413,0.058402217414208,0.0945667553338613,0.170146061697486,0.217875875660669,0.0028423072317166,0.00731982070231806,0.00211719318123072,0.0111711693015335,0.00242106699300302,0.0134723927400281,0.0249148627877594,0.00438382498162284,0.0310079681599672,0.0153076328511855,0.0278140890861852,0.0431969081454698,0.0172830611351005,0.0317003577222095,0.0518708102808699,0.0011258790602246,0.32302404831036,0.10117509683032,0.0721194792925269,0.0692259483520779,0.0156410783819428,0.00828961764796244,0.0265305491179648,0.0622278070859897,0.137738164050235,0.0158979634247932,0.090733822275792,0.0608578953292644,0.563659553010129,0.0134507084208975,0.000271635214867708,0.00771836730271802,0.00569473004721597
78.5,0.00501513075593093,0.0257087788343554,0.0035011248528898,0.00631193979338177,0.0124969018064707,0.00539845253521796,0.0113787955553,0.0059391423057444,0.0355189463623688,0.0258495393258907,0.0204309028974307,0.00730130598221241,0.12744563661838,0.021579506495935,0.203364425908408,0.0174248630695871,0.0283622736766395,0.00742560863476831,0.00213998878110283,0.000142930060351299,0.00173362162887545,0.00588117206371265,0.00302486291369001,0.00124873284976365,0.00635689627976056,0.000994135532378266,0.115465520030893,0.025959746096264,0.0379512682206286,0.00721141616804276,0.404316833052823,0.0551414042491109,0.00202008063002922,0.0085449549933819,0.000282486234533388,0.00118064407395533,0.00287156100775036,0.00169148305447729,0.0178410862858072,0.0254837091116708,0.00352999739687076,0.00272193972182939,0.021892229114752,0.00411376533566285,0.00690810318331806,0.00661737993904709,0.00982269953495798,0.0200137544576666,0.156506946300734,0.0115822016105777,0.0657500677490055,0.0212023353176368,0.015200697041317,0.0208001382506931,0.0165117733541863,0.00063097284067372,0.0729674621676966,0.0655876805911288,0.0661823747396976,0.0149511553167321,0.385288528742341,0.00662069204861607,0.00109944943203815,0.00193550544652444,0.00447609771300973
78.75,0.0966120503375552,0.0602081062800649,0.0655685276912399,0.00864134319369121,0.00896922957471086,0.027633116386576,0.00405762081654544,0.0124550687027043,0.085000005254054,0.0901857718512345,0.519180449929033,0.0466130054584173,0.0393845915200832,0.0410535197248676,0.0914727048355763,0.00474667823380167,0.0178839933783447,0.00513722626409162,0.00534327190615656,0.0139773718488411,0.00279685872145014,0.00603382748608179,0.00479341320153761,0.0158929270372573,0.186091603800531,0.0310937725536089,0.0226959271804876,0.0232245362021262,0.00831687499153911,0.0454904435262779,0.20913881297674,0.074700729738793,0.0105978559624864,0.00154848385536577,0.00327772175011293,0.0127188377879564,0.00431616000509157,0.0159753945184707,0.100871958395335,0.0165306006341385,0.0316744297690254,0.0255209307601815,0.00650314452863623,0.0149676620760438,0.00899203282861429,0.0241343982840672,0.256613254145833,0.0299701936711437,0.0050253307967435,0.0402329984137094,0.0151766906376533,0.0110130160432971,0.34041656763325,0.0480409369830125,0.223305240203153,0.0484070646695153,0.00181867347140083,0.0133033331189381,0.0272082365472501,0.0874656763615507,0.732068365307373,0.0868665521309544,0.00707776305755196,0.0126908354145459,0.00118254941693651
79,0.0435635970092699,0.000764215408058745,0.0174070579935684,0.00541049926852073,0.000130622199285451,0.000306371184711817,0.0055428188252815,0.00233920222044733,0.0795292192113825,0.0550834499134002,0.078043665801379,0.0304866288370477,0.134750014593526,0.0161086791287133,0.00474953887351616,9.54898728975848e-06,0.00729602218231648,0.00249006557098415,0.000574917728760503,0.00850753831220633,0.00380685331474376,0.000820564582823109,0.00153186818972069,0.00125817055109526,0.0123581328940717,0.0134294499285682,0.0273059246965265,0.0032943632967327,0.0342784029396261,0.0497659992291964,0.0171713528274935,0.00212364671641746,0.0120267127909742,0.0032169867659067,0.000367543091977479,0.000160112832363327,0.00349663926911528,0.00486415226157521,0.053970937025184,0.00826272651670009,0.0167179670897517,0.000602067455019633,0.00340499538348642,0.000917030318589288,0.015357391685137,0.0168836985082004,0.0462128675208413,0.0410799631271254,0.0653059150005367,0.00122739674994002,0.00188050918242849,0.0210691767755944,0.0768125766264717,0.00929933260124429,0.0313278817084831,0.00457242709484529,0.0193505717820395,0.138277348359499,0.05268492783099,0.110227136389155,0.571083029714146,0.0321749612890299,0.000356118091343866,0.0137731649870696,0.00200189255644167
79.25,0.0257307988671825,0.0316190840973876,0.0262806965977732,0.00495767406855342,0.0129853801976627,0.00524961382939266,0.0183211862247731,0.0027904161316618,0.0555384383845658,0.00698507389612912,0.141247500207764,0.0210848921374799,0.0466093428949327,0.0364701501102145,0.0642696179624694,0.0122390444203708,0.00133672599431093,0.0062569690969814,0.00129444592019482,0.00294880116299524,0.00371475382577719,0.00146780287517596,0.00467157137338408,0.0029463187878938,0.024492927335694,0.00965299298186063,0.0733419963272939,0.00157971706810395,0.256081038718938,0.0354275542099647,0.0509861173928338,0.010288852717647,0.0131448668010659,0.00602384281531503,0.00231805265523656,0.000904587059557143,0.00906513193835498,0.00367616948042254,0.00318218945757831,0.00748566648638911,0.004950447913572,0.00506200758145107,0.0167049212876852,0.00208325385298106,0.0172333992078233,0.0010329476696652,0.0453358370295406,0.00804387099252807,0.105861826997063,0.0092096690049174,0.0379539089212903,0.0195710755024186,0.0583952400753083,0.0198954007606335,0.0666782260404725,0.039208735201175,0.00137041424127122,0.0248632412316741,0.107669345011803,0.0916656069832947,0.371497181875656,0.00634931504392643,0.00154687671269233,0.00492460639530938,0.00624972599754965
79.5,0.0373640626488012,0.0405689336348532,0.0462237258628125,0.000453621004719902,0.000618580597947371,0.00379997047272309,0.0117515669205819,0.0122430212459785,0.103270553588464,0.00753783640510164,0.300501074630143,0.0291047954789789,0.207538360297769,0.00643485477350032,0.0847211302343219,0.0566168070166233,0.0163210612518732,0.00321173830208939,0.00119637309064511,0.0040451959244939,0.00278983245716754,0.000241892702033225,0.00172492222521633,0.000684017453742272,0.183657002908635,4.05757563965241e-05,0.0327956257876317,0.0121837862143982,0.0862986984473002,0.0703069645484725,0.132236194099791,0.0554917971202333,0.00699680050610179,0.000100871715363606,0.000358256116774502,0.000873727024422001,0.00579875311020842,0.00660984008161412,0.000173521979441792,0.013864147925783,0.0173679764531312,0.00186306347462238,0.00343298661345334,0.00774450543137809,0.0190564445305537,0.0111994045606529,0.15655998152198,0.0322482154657516,0.00420118555065028,0.00485136519559603,0.028201024324825,0.0745130577967153,0.144747735170064,0.0462150063287398,0.256010402107173,0.0234651935683545,0.0397354343971675,0.0331391214156613,0.0825635818013531,0.0262582189145054,0.766142983438748,0.0355532944534871,0.00149459785144454,0.0129913633253906,0.00196141674194956
79.75,0.0592770207008433,0.0240444528469141,0.00891569547616272,0.00420021920964662,0.0133585226640386,0.000635261417401305,0.014844183478926,0.0190502899806795,0.0626563648592334,0.0203615473042846,0.064061186702177,0.0195668921453617,0.0685448752146539,0.00992535761513613,0.0788170531317841,0.00510092148027374,0.0244654555974728,0.00408259474162703,0.00120345126258932,0.0111632433741866,0.00386400095566702,0.000498492624614901,0.00197346128846689,0.00474215424120275,0.0118708328628278,0.0102082501760858,0.0412943062511519,0.000801626272047775,0.0987344856974161,0.00710294515513331,0.0194120830371154,0.00399887021339151,0.00696824282682826,0.00225144040027303,0.00196483961693701,0.00316247369686229,0.00993766503971653,0.0159999525426557,0.0232833473621596,0.0118903319274309,0.017320254363325,0.00298803476653047,0.00938658352387148,0.0040122792046554,0.0230866448414174,0.0232241255149447,0.0185813308531577,0.0188472500951116,0.181776686580346,0.00389595128726518,0.0379381252148919,0.0333217934425071,0.0206736695813385,0.0141169014355726,0.000192621345543315,0.010169497421779,0.00324066637008472,0.0199560216930014,0.0674957558108492,0.0188624176893571,0.307872587090823,0.00234069426803667,0.00594423554208607,0.0209076199214696,0.00206744696449977
80,0.00579438896232377,0.00647820752298347,0.000431726664230816,0.00725916502403634,0.00419596127615226,0.00289291087684989,0.00499822925253583,0.00500381116289038,0.0255670883511951,0.0126619105671064,0.00903075657476043,0.0161927679975978,0.402516304626874,0.00145818278043123,0.0307021518324713,0.00956720411683103,0.0023785602567141,0.0012988019292278,0.00123555849412564,0.000905448499779448,0.00176880601470136,0.000230675205886769,0.000139351055390243,0.000149161601820245,0.0189902555031896,0.000514588809645226,0.0287914702624134,0.00329896922728033,0.144477591080939,0.0129366192084208,0.100281402967324,0.000275103333056818,0.00187095393423964,0.00132693277244696,0.00156267819151155,0.000434403886861818,0.00116619215617617,0.00153320413869923,0.0102765456783003,0.0078272704842859,0.00328788178104714,0.00178077376650075,0.00317786674521642,0.00347226251742306,0.00563864800300057,0.00492241435196006,0.000685579916568275,0.0350853889247381,0.0414728575707392,0.00398398834688241,0.0153099869239674,0.00682957797256503,0.00642256234412792,0.00911434093878406,0.117663598262359,0.00714963668817735,0.013719003658352,0.167493936041949,0.0238307448028973,0.0737330808999302,0.23301270373851,0.0600467041505549,0.00166386776724681,0.00468347078729708,0.000123045725423175
80.25,0.00681356491684983,0.00440220204188314,0.00573223136041478,0.00227888247274573,0.0182780894595535,0.00366299653869494,0.00168335393970468,0.0268477746668006,0.0141515679025226,0.0271797165696142,0.0567049702467876,0.00159764642868128,0.0452574697021444,0.0590712584912949,0.0769591503262084,0.0648704166818794,0.0030531890915606,0.00382261938833007,0.00253539014162289,0.00576644819715643,0.00290875926227288,0.000247590737146458,0.000997682534958442,0.00598167507071535,0.0397138256866676,0.00250427875304764,0.0259053394520603,0.046210047021308,0.0106589136751811,0.0942974327258199,0.00976740488714449,0.073455253833042,0.00101834882065745,0.00383266028691253,0.000610629184989548,0.00105784617621778,0.000319757830816784,0.014603337148932,0.00880714391080937,0.000646609495064903,0.0233050800698331,0.00172348423848717,0.00323102997318273,0.01558741174562,0.00108489417645441,0.0240389762680356,0.0233874856382749,0.00118461980746197,0.111608630886439,0.0258629729914759,0.0131898399376576,0.0547323952706021,0.0222099455611739,0.00381683030950746,0.0173328114219532,0.117241239709569,0.0226699095388135,0.0290178200611159,0.0255065066106093,0.0461333026381978,0.555536215604701,0.0173033289964969,0.00453767093579372,0.00509800276172733,0.00113557518776448
80.5,0.0458614798450803,0.0208425866974708,0.0212947356832247,0.012921061821492,0.00248433435144422,0.00415117882435983,0.0224557710409697,0.000996525433671239,0.0704441084640417,0.00511045703616413,0.00568270936176321,0.00998527923328942,0.17050478814439,0.00306470787573202,0.284403905091417,0.0327174244869907,0.0432528148140098,0.0182938260796452,0.000625864884467494,0.00413299021275854,0.00824929422309668,0.00302364072838068,0.00397162811112766,0.00161298231297282,0.0236121814303705,0.012807357055037,0.00178354533648806,0.00598928993131876,0.0766555486034421,0.104412738066436,0.0958207415149174,0.00086561877972174,0.0146589970509781,0.0128824210927365,0.000663710291708078,0.0002708726911646,0.00662687317142894,0.000617319476716228,0.0188421624088884,0.0227145781074455,0.0229164327136715,0.00910264073689992,0.00480475451725131,0.00257054726407817,0.0392722446555204,0.00251361995495587,0.0219202013860219,0.0137004765739568,0.01928083443787,0.00484454450205702,0.0612724605930996,0.00682416136557325,0.0172721643782659,0.0214570091481887,0.00312426538336423,0.0432733775705953,0.081666206091702,0.0160632545406033,0.14949577372543,0.0158408422383894,0.870301336095429,0.0198966221511524,0.00334802784508293,0.0136577351050614,0.00412580320091302
80.75,0.0406786993061598,0.00895517511248263,0.00166808307520479,0.0113719476164747,0.026980293202591,0.00723114814930873,0.0186915246422828,0.000856615651892207,0.0248954467375989,0.00523835952869903,0.0286911471322632,0.00775776633671108,0.12573752804864,0.0297571575344351,0.134876177858978,0.0273878559583804,0.0256671017627975,0.00704119404788668,0.00732914387806874,0.00364827124750039,0.0101613205815461,0.00816585710974498,0.0155927216173374,0.00222438374538932,0.0275109760458981,0.02948893015806,0.0609553703198792,0.017329895385046,0.128972207975333,0.0563662357364933,0.201696367430128,0.0727708348385868,0.00284756432662966,0.0116086045950275,0.0128416237638206,0.00774090674184838,0.0123080548851025,0.000318283447726081,0.0189548725820753,0.0118776322364868,0.0242556663997764,0.0121240495278686,0.0287914346738804,0.00520248826524756,0.0107237446113801,0.000114305685157164,0.00179180916182005,0.00291232666939785,0.0503002290216688,0.0177868464038551,0.0457570049908234,0.0138339577500756,0.0184467054545741,0.0145638889258451,0.0279330979445037,0.0105222282387134,0.0713582732888165,0.0708803407157541,0.0115053211851139,0.00365675764384128,0.364180092996596,0.0221512807823141,0.00715861882039774,0.00269472076551485,0.00987348781387614
81,0.0445005493251481,0.0396539096989988,0.0184926237961643,0.00367644341212295,0.0108400289355864,0.00117678112664588,0.00986230837124607,0.00438862906918437,0.031624416226809,0.0159877151600824,0.0169780814885023,0.00488595074670835,0.273041648696819,0.00196096166428158,0.254282830097546,0.00569105688145266,0.0471047705670638,0.00792010990711453,0.0019570165445626,0.00206899576806188,0.0067449838994496,0.00264953881752227,0.000683585749330401,0.00296108172931117,0.0877578772268016,0.00411051244596099,0.0153253258428404,0.00858733924882179,0.0539982646317178,0.0565646708051557,0.188865839000208,0.00368878788183208,0.00987888932501194,0.00430016770864207,0.00310368489459215,0.00478027930622359,0.00285025841705386,0.00241020139846855,0.0425469770188536,0.0131952891109229,0.0552226691311564,0.00385124092712358,0.000538130375069988,0.00370830462400421,0.0144921138888073,0.00599633168540818,0.0270553095802044,0.00182167170534159,0.0377853234780123,0.00225293883443622,0.047630900196145,0.00418587390734454,0.000447654564667685,0.0147265149953976,0.00157260371013987,0.00466266689693041,0.0450847101216736,0.0333716126578502,0.0603197584239521,0.0246861176209395,0.232896425886321,0.00191144195838849,0.00282017194206124,0.00332325222319816,0.00294372250479911
81.25,0.0240080049765816,0.0190258435606392,0.00192666666499408,0.00296987569941381,0.00925900110037407,0.00116834024165611,0.00739507887512113,0.00795006308526361,0.00968226636744605,0.00097061251306542,0.0022398153543942,0.01751462788236,0.125373170153662,0.0862939155146903,0.122341153501931,0.0440007617442089,0.0361455331218048,0.00692695589842309,0.00145018135777214,0.000437215635820218,0.00261861161548822,0.00310871050353766,0.00116974907179221,0.00106985283731578,0.0372801823221314,0.00187402539146462,0.0523822326200783,0.0312689390619902,0.00122840595840275,0.0989030090182939,0.160891608622823,0.0685519403888423,0.00197442153704976,0.00423558401586066,0.00359495710293402,0.00285675704930037,0.00343937922283288,0.00193151013058008,0.0103711470331833,0.0170969323449612,0.0279103959630617,0.00368516552770826,0.0113720634963163,0.0023340584771283,0.00691366612826877,0.00285948681087416,0.00606470126505502,0.00525158872822916,0.0410141271871061,0.0215385280488661,0.0355662982195449,0.0268114951153125,0.00118446159544112,0.0216130334768771,0.00571034613815982,0.0906712964202126,0.0471385683717812,0.0129278581933334,0.0811878072146201,0.00548538696527441,0.0990883469526021,0.00304059715168455,0.000357349764389012,0.000110199184252873,0.00217536169543855
81.5,0.0511561065981693,0.051696536272365,0.0110640061892106,0.00784637810699583,0.0031801600157547,0.00614889860231528,0.00644338007457548,0.00459992943882143,0.0175637462641458,0.0334127387015072,0.0616190645558645,0.0292642525963182,0.242209172642337,0.0816710002210994,0.0767996558997816,0.0309118004001978,0.00304621422179368,0.00507334044907235,0.00200268430924301,0.00465531230835451,0.00192016714528583,0.000631522430637638,0.00156984690591804,0.000508544107987734,0.0163572771158606,0.0101374910511847,0.0313119667671176,0.0622876508017849,0.155112351216739,0.0602096774821205,0.0299053000991281,0.246775448472081,0.00521294615668432,0.0104708437426003,0.00140975187129131,0.000286314268911781,0.00440033759311245,0.0033479361702476,0.0404068434216191,0.0181596888384663,0.00167787710727754,0.00234049981628346,0.00354155342294095,0.00461165772421101,0.0102191636799879,0.0215598738601866,0.0407506162643126,0.029880189118454,0.0461175145612659,0.0849357829314141,0.0285201921058447,0.0147334662393118,0.0979461970509083,0.0386282963060544,0.0661599044480412,0.0319956236010446,4.74564880047526e-05,0.081169876612898,0.0764336525671795,0.0207940379913816,0.144864560667494,0.00552433154668659,0.00375799860051074,0.0121710475568071,0.00200887425231608
81.75,0.0792470427169392,0.0350608644003753,0.0194564924514657,0.0176441854723769,0.00946140160345345,0.00516783206202538,0.0222544628976097,0.0037942669505811,0.0765340636752257,0.00451641968578491,0.0351230734004947,0.0488386185762835,0.027341472847543,0.098682703310275,0.323154148048689,0.0663397818941309,0.0299170950940256,0.0134419126667377,0.00136420783131229,0.00230254005450102,0.00425348425856122,0.00423039021616764,0.00162283876501339,2.63446911914458e-05,0.0309733546614957,0.00314642381086625,0.0274342678046068,0.044234583888469,0.105041432388415,0.0559137522504606,0.129223363724748,0.181622106427885,0.0119895612390648,0.0163813591404838,0.00466028685915502,0.00143012172649493,0.0102097315987349,0.000302033932890487,0.0544234822898845,0.0315126978157236,0.0338639194939324,0.00447989568458562,0.0120081609630473,0.00659565339025928,0.0388677336272583,0.00541822923875133,0.0374388783843055,0.0400497475805151,0.0172300631404626,0.0351793264592954,0.0807414439145579,0.0122565201643705,0.0889454037390937,0.0336751699983822,0.00601073393905624,0.00587892565607775,0.0942496240432294,0.0251720064467018,0.193572322037004,0.0462378012776442,0.464166911377813,0.0154561581521908,0.000246488823151278,0.0132526235814015,0.00542786525156775
82,0.0295030025747037,0.0318874981275912,0.00481043263356404,0.00728783049865471,0.00578258189792038,0.00396071473848037,0.0232940046157187,0.00149219640489299,0.0780552546658835,0.00908992391917725,0.087449833216331,0.0387305610157482,0.00552832471784238,0.0646224750844657,0.269792733829045,0.0226482671849301,0.0107106225144342,0.00666260428355311,0.000286021935257333,0.00124180200704165,0.00184581906805494,0.00324616338342435,0.00153161166179297,0.000134681450953564,0.0127443229959196,0.00165297420827508,0.0307085431589729,0.0102254650472254,0.00511490865684272,0.0634899712825083,0.120596260459479,0.00924483262828822,0.00295620232705909,0.0128247580769768,0.000699752348628412,0.00152081757807432,0.00644488197300218,0.000416175736173615,0.0418279915545093,0.0233376325228249,0.0058874855705818,0.000400526668589185,0.0103601774310831,0.00163535798119308,0.0309004662137026,0.00207824894977083,0.0106596212741831,0.0374277364475733,0.0188799912784013,0.00952551944778321,0.0864514136825374,0.00395061268468818,0.0906993026420419,0.0313326748694854,0.0721729394851065,0.0699230236225969,0.100351123915932,0.0873382537654577,0.257758521828486,0.0495133639054366,0.670414840626996,0.0302582071336447,0.000775005847135948,0.00609895076205569,0.00357152761680711
82.25,0.00403192207945318,0.0070545299514286,0.00453310172055183,0.011210005708942,0.0146910659036237,0.00416401351221579,0.000390120476861142,0.00352582376653418,0.101686834903808,0.0315565580515737,0.00778904904119137,0.00537740997997247,0.213970830344507,0.00796100599221557,0.107383910159117,0.00412614156133996,0.0276145733251184,0.0220976123369236,0.00986939495189397,0.00257825424399501,0.018240639651575,0.00968893635016024,0.00382069884019523,0.00800855899602937,0.0114738712280446,0.00901388292801771,0.0076878675180159,0.0101366342373534,0.0267938524050901,0.0281612479836959,0.00852928046760611,0.0117225157918899,0.0134699215403849,0.0252100411919108,0.0118970353862922,0.00850135588602901,0.00193392980395358,0.00296562769567831,0.0241304236348694,0.0173546401910495,0.0222941214189146,0.00423410154330784,0.00677094807449964,0.00745696600170227,0.0104071828377653,0.0004035536230844,0.000454342629554169,0.00717114865128799,0.0550563233177831,0.0100434055268981,0.0109216590305527,0.00206310242143454,0.00962025867871434,0.00940745744351201,0.0363495922866725,0.0554171832736169,0.167886607092703,0.0480458670238556,0.106174726574229,0.0279913724099377,1.47207169659071,0.0873955738017522,0.00864915398405541,0.00216970271377695,0.0143176011281341
82.5,0.0072663137087814,0.00860366618552593,0.00650686405033434,0.0027015874746874,0.00337094108244328,0.00861301711353893,0.0101741889903663,0.00746167465792054,0.0533767255157938,0.000676229148678489,0.0531285310329856,0.00069324098896673,0.0400039038469213,0.0401321388932022,0.281703593410917,0.0153555249583031,0.00722545595138529,0.00385181945963854,0.00335857841812355,0.000312059112301882,0.00203526984496338,0.00306678237648816,0.00328472854498046,0.0018839653575507,0.0119630591208419,0.00527260536740963,0.012369472565448,0.00619591837825608,0.0507915228117896,0.114785972328814,0.0741408586425188,0.0378794691409224,0.00210975816290782,0.00434687741684779,0.00333960446660368,0.00382152468531142,0.00326600764371512,0.0052378018540481,0.0039499463971649,0.00254281046483069,1.36880151260914e-05,0.00246679415353533,0.00259565290405653,0.00388374916421806,0.0189534211651636,0.00245372827171575,0.020365736733944,0.000906291363881844,0.0145902072462418,0.00788109645907781,0.0545690268696676,0.0112023191694963,0.0144313308910955,0.0056254937167083,0.0273245376025081,0.0163874435958615,0.114897023432708,0.168427012135978,0.0784508018045282,0.00175715226518683,0.658764713858389,0.014016746619351,0.00118937410073917,0.000710496795163237,0.00251365974707066
82.75,0.0411755951324403,0.0279414656248842,0.0143096444461419,0.00105663731887468,0.0103238930550127,0.0105869774668075,0.000791765993967349,0.00616604692075439,0.00909071871887483,0.00220834951071136,0.0291558807110654,0.0261759479140595,0.172455251416467,0.0565720329198081,0.0501986237519973,0.0186968007718495,0.0211208230721825,0.00104297719651234,0.000879501572407213,0.00329076150461498,0.00193910094405192,0.0021125967685773,0.000311985957564371,0.00767633163370055,0.0875170398320961,0.00110621488370071,0.00456902380174399,0.0243768283137382,0.0278416120635712,0.0857453687140752,0.00242102504002639,0.0962553204272792,0.00419930828389445,0.00052577972511012,0.00161590829834869,0.00348466683336359,0.00120696155249784,0.00347977492348033,0.0159753181954921,0.016234371656892,0.0316407582006794,0.00522500784105977,0.00167404762147882,0.00866377669296985,0.00162900069355248,0.000140919087765803,0.0461807130164844,0.00702153059434853,0.0695623898244472,0.0351137417508715,0.00211481447523129,0.0104226427652359,0.0807969526527153,0.0302064416202151,0.00375919920584906,0.0246172229066146,0.0220030695158528,0.0365615589157279,0.0017089069658228,0.00377177409040083,0.214833871642832,0.0131118579708498,0.00226327205247466,0.000507855383401957,0.000329976052983231
83,0.00444581119443355,0.00385358909066682,0.00431421968746281,0.00640544890356228,0.0164415792589377,0.000143503506849196,0.000795741350320266,0.00328257756239792,0.00244284446731231,0.00204755838329263,0.0293527117421087,0.016128433286782,0.0619937257928614,0.00934284850402225,0.0487993865685568,0.0348890662485114,0.00110918548931999,0.00146296685333729,0.00090565443285259,0.00279209919231793,0.00414900289240661,0.000333215475748144,0.00461949275880282,0.000498017167920891,0.0676880611230988,0.0081208250351616,0.00602171423557132,0.0221832970597,0.12085006743548,0.00325109946341181,0.0160202767788663,0.0864490467921609,0.00238486873432824,0.000727305626102279,0.00319741564388681,2.37803518514443e-05,0.00204925407504599,0.00120075821402519,0.025385144570599,0.0013509788096515,0.0297749828680064,0.0030570221107223,0.00814534665818096,0.00532733012705668,0.000385767717710021,0.00163644710705591,0.0265418398233433,0.0259032070881744,0.0422542555285834,0.0174837681377699,0.0013193352624073,0.0146460163530263,0.0235991077574759,0.00509455849723341,0.0514119523823625,0.0043045713389144,0.0310602531815153,0.102426313930334,0.00256271682495779,0.00353790297800099,0.156095241528568,0.0238249814635199,0.000597956613144275,3.79845639780888e-06,0.000638638095537509
83.25,0.0401310911074528,0.030543198973121,0.00489879672142257,0.010641805011991,0.0118171027823476,0.00330155275003556,0.021600329758036,0.000781122783784,0.0368529693560341,0.013953217658793,0.0467787175562865,0.0269657876016637,0.291853536538065,0.0221469777106942,0.242931030955815,0.00325926937003851,0.0804445117964869,0.0072739656016389,0.00295797415787667,0.00209167677977597,0.00333164166738161,0.0028400658413029,0.00401360924004954,0.000378105209874964,0.0024250131106874,0.0129233911858657,0.11628526811263,0.0184272401671822,0.0497641662776694,0.0253659680221079,0.0910423476633429,0.105265720095089,0.0102747608180098,0.00303529246245578,0.00113562187495661,0.000472713795667939,0.00650875725392076,0.000170769109302875,0.0779634145142182,0.0276408076259271,0.00130742594164193,0.0115758108323855,0.024407393122014,0.00247869215807936,0.0119799438632532,0.00240654605668845,0.0120306262736449,0.0233010276332155,0.0838836136489137,0.0258447803022584,0.0723889193829962,0.00735062020275951,0.0417203291572758,0.0313011496339094,0.0744668775976449,0.00818377070634554,0.0488971518206905,0.0375355680183782,0.021040971703887,0.0397333799452104,0.294398120958181,0.00805441490764613,0.000736598253090964,0.00499686445111145,0.00430111111045903
83.5,0.0303973038920388,0.00669620128817869,0.00985100754219136,0.00146506152769153,0.0161626640651705,0.000572768846425673,0.00150994396894855,0.00197494470438598,0.0568525773885094,0.0559936395534198,0.0645902605946114,0.0172421541526251,0.0637479934253501,0.0207186434057799,0.0599987816960212,0.00875541347713332,0.017105015779773,0.00308957443450222,0.000834246959349769,0.00115714653770236,0.00279081575463081,0.00177892406324626,0.0026234316916639,0.0028482676505368,0.0628883726809492,0.00235248496270788,0.00754752066970234,0.000882472547783332,0.090043308522405,0.0675914344632985,0.0216532225687397,0.00471070092683235,0.00353714546882507,0.00181029130913925,0.00689643941666678,0.00148440667778181,0.00183113293390569,0.00253556231888877,0.0160843931726107,0.00390562587473024,0.0156843197507996,0.000866018175979491,0.00296571376773158,6.24400066340971e-05,0.00924609037031356,0.0106361678096092,0.024636572759558,0.00709774094448656,0.154279436208283,0.000108481878874896,0.00324948584026646,0.000255691816432758,0.0242616200343619,0.0144369481937683,0.0293380530932677,0.0150668791041267,0.0178619023006924,0.0163153213872581,0.041215001552173,0.0815163599647887,0.197949018137854,0.0303325604503411,0.00229212832630465,0.00686942955367383,0.00198131421013963
83.75,0.0187805282171409,0.01953517088323,0.0112680871191499,0.0143717174793697,0.0154989924069744,0.00271919128819724,0.000918333327987851,0.0169468101900944,0.0462698125748528,0.100699130036794,0.00490033730095349,0.0485847049626927,0.0764906619867178,0.0168471229946594,0.0291446406282964,0.0427697301929861,0.00156409231271847,0.000648419729350792,0.00233777241486395,0.0108850912888634,0.00276864205890979,1.53176512820632e-05,0.00303602557421624,0.00374991053664599,0.0763112579971312,0.0298774427406701,0.0585762131903303,0.00246524786551866,0.0526825476867259,0.157237988682808,0.218217635284696,0.0108246486958794,0.00217554234686709,0.005266066064732,0.00480582619286455,0.000422557492643143,0.00509052725584161,0.0119130877574703,0.0121844135942124,0.0111844434406275,0.0187762680531882,0.0102691099383504,0.00988343176671802,0.00348615804959639,0.0098912627050764,0.0462324715846322,0.0194105889985719,0.048270896420506,0.135017567430521,0.0182403062388191,0.00422044340721623,0.019380959848023,0.0211346964079807,0.0327504172813029,0.0120563668646821,0.0641514715642959,0.0083106060389842,0.358425272662413,0.00843970305211028,0.109122332280006,0.163189191170714,0.169628899877757,0.0047084091445739,0.0268343617051196,0.000338268753926946
84,0.0359292191903682,0.00248688871369104,0.000329193490395456,0.00388058272074778,0.00453573301981133,0.00750548286129696,0.000860457962142408,0.00747831570413075,0.00458305630917167,0.0425260197124071,0.0255834151785313,0.00377421578976251,0.0605830694934517,0.0074603005532468,0.210591758287239,0.022548129015092,0.0169035023367058,0.000370575984096273,0.00558661494764023,0.00952957765353643,0.00127437283450435,0.00199459083328143,0.00208145167632081,0.004114906310529,0.00108361031493419,0.0098071731040034,0.0121213870333579,0.0281923926274847,0.0785071210955927,0.058089568154801,0.127759281040571,0.0730948895944718,0.000985683141369706,0.000799204877487601,0.00242011735775007,0.00452071049351654,0.00199870774879829,0.00727563428394754,0.0015429949376651,0.00131465770985862,0.00366354346659379,0.00823445926542172,0.00232302496879861,0.00756236990359091,0.00425389447300531,0.0199969481012576,0.00155155651767187,0.00396032840217899,0.0439659192459058,0.0251649855952527,0.0332341717596519,0.0095656503826152,0.010231409469957,0.00386731739673867,0.0485102051622755,0.00276841993975359,0.0680479866240632,0.112575552083894,0.0273271763398794,0.0899193948334152,0.0352383501919189,0.0161162694209406,0.00300823367560458,0.00851090499787951,0.00175915297767031
84.25,0.00394867027379612,0.00025029416953832,0.0196384969840341,0.000813650838706873,0.0319448614893134,0.000686941997204145,0.00644660730038954,0.00534305494677217,0.0529844597840113,0.0527041593915857,0.0115282736961486,0.00267587159893929,0.0549180981022241,0.00437772644982243,0.17748093781277,0.0727502779399148,0.00244083380455252,0.00482198024831835,0.0174551053960398,0.00303849089327954,0.0199473057151121,0.00326534015645307,0.0100607908517274,0.00492773344429662,0.0763938995347765,0.00846577029397961,0.0545690233596121,0.000578518700509934,0.0134676187440236,0.00912158366318185,0.140857213927618,0.00369865814368284,0.00969681034767639,0.00270904958536162,0.0135945466185095,0.0032033270872126,0.00191881101872368,0.00484167401170275,0.00739961979493478,0.000487716442693604,0.0414662944355973,0.00121118850827542,0.01826106057933,0.00265045777722038,0.0057085403804962,0.0173836952191154,0.0254055991953305,0.0068835785574092,0.117747549405207,0.000825557169488364,0.0406004172538371,0.0216609581030807,0.00492611666785173,0.00562626618158783,0.00988685318082995,0.00500090315159394,0.0460862932731565,0.227461754999094,0.156505558825452,0.0931862405708599,0.656867167922792,0.143371137440837,0.0115110438735566,0.00575997810975196,0.0129577778556365
84.5,7.41628152111616e-05,0.0196599569005945,0.00046459407565833,0.00148264120697328,0.00221260141225203,0.00876506676766499,0.00442046580080244,0.012715674884183,0.0156990258950818,0.016916164662462,0.000368772100987674,0.0190940181459943,0.0427395587023851,0.0333313678580327,0.0654097037058319,0.048755496041135,0.0089787534941907,0.00630761779162573,0.00609783477182373,0.00234137597910648,0.00118322471675368,0.00532953756191657,0.00236292665453808,0.00556839547800503,0.00827604407560125,0.0119035556151368,0.0149790233045696,0.0294064397080614,0.0166916805193409,0.0356671885738907,0.144314435982455,0.0623440963465054,0.00118899290610295,0.00111750230319461,0.0030018497532865,0.0049502780581366,0.00183154723383541,0.00652417891455276,0.010074906218016,0.00133713092251637,0.00855252812321366,0.00487106483999533,0.00388523627730063,0.00981359756058531,0.00431595743957514,0.0158565179448602,0.000985365209258353,0.00355869430623295,0.0157355490124958,0.0258169353375539,0.0284342898145472,0.0207636534708651,0.00200884931119685,0.0224636007091049,0.0646857177493804,0.0492946377112604,0.0377710479716412,0.0281857536494108,0.0833437562820593,0.06922069077267,0.650962128995009,0.00965555808233759,0.0043920796985438,0.00149583071748511,0.00635755549524137
84.75,0.0314801896779848,0.0131715657287265,0.024066394379112,0.0389331103726266,0.017067014129653,0.0507019642637291,0.0293841717197804,0.00607725787136676,0.298035050257291,0.0540747388778854,0.00434321921592264,0.0532954555004018,0.0614469983117314,0.154630536971875,0.334575812082523,0.0336219330765622,0.0322362465666694,0.0274655901639486,0.0145597146344658,0.00349641616616404,0.0236861298001762,0.0293025651968563,0.00440152406994183,0.0115474558551086,0.0269514425201615,0.0717747948705111,0.0211628780489467,0.0984377831685772,0.0473974264519495,0.183603973531557,0.118634915762601,0.211414202349166,0.0271071278877096,0.0358039161968941,0.012664930783751,0.0267423549556998,0.00569484207700607,0.00103501877666368,0.0281335992397224,0.0234308250457477,0.0315663149922725,0.0616583144982245,0.0118007745074321,0.0271323782669702,0.0673335897672615,0.00784801098252927,0.00778122546617642,0.0364555387144025,0.0849407486267859,0.144232773261438,0.095070235630889,0.0257517331444429,0.0191916054538907,0.0400150427868924,0.126664501510459,0.144178691272138,0.313513808754141,0.0372356147452442,0.479048934477425,0.031230838441706,2.74390476230513,0.0667642645486103,0.00659613318298309,0.0171810567467402,0.0225923143328021
85,0.0608484723837531,0.0152695573959027,0.0137919926364788,0.0212567682680748,0.0135842320588268,0.0587879070040488,0.0127965651238088,0.0332757427970238,0.138603836866671,0.032895825337029,0.00472773821997391,0.0170687493334808,0.0369954654496975,0.150230672486767,0.157447655984999,0.0415692921092629,0.00454271839272691,0.0134263677060711,0.00718722198303583,0.000756770514315196,0.00568565543306572,0.0150898230731538,0.00124471443506943,0.020970446388378,0.0233006647011073,0.0645034753198879,0.0759888515070595,0.121451635201267,0.382067493954388,0.117892083739602,0.2331794614391,0.192881816630198,0.0131307343456775,0.0204227933734485,0.00326124392640172,0.0197000908726022,0.00262958017169927,0.00673486267737868,0.0252196033320176,0.0120954325352648,0.0244828884384787,0.0348100850088003,0.0126306643895774,0.0467270572491131,0.0228727225706113,0.00130562367462539,0.0195350971233325,0.01883232290852,0.0571739486866598,0.114290646501955,0.0529389975899125,0.0700598018423523,0.0309537150300196,0.0223312782289385,0.0146343457462006,0.0841637984458122,0.239006504763422,0.111709836960419,0.141314041504372,0.0548098232094139,1.93920543200298,0.0825623649941666,0.0022289351687867,0.00223900074888217,0.00622931592746151
85.25,0.0138993811642931,0.0213140118441837,0.00635370766349443,0.0231154002683093,0.000858264290499917,0.00101742812796788,0.00154412590257461,0.00146337056299123,0.042611919598662,0.00575404496239187,0.00798344413950031,0.0201768976249226,0.142598976000494,0.0173558597668181,0.004232679348311,0.0166361553704205,0.0111130836195855,0.0101220196584823,0.00135079743114928,0.00134233668728411,0.00352686387861481,0.0067508744706684,0.00236654288931193,0.000993522204809417,0.00486880751995422,0.0136918185175374,0.00102679840550401,0.00394881367794308,0.292371467529364,0.054526455259711,0.0215650768632984,0.0649008332639899,0.00542823468811352,0.0164835622893331,0.00125926629559467,0.000352869222742968,0.00169695854842909,0.000214115805289669,0.00210553686836516,0.0233564662055438,0.00713577385926092,0.00959866187793764,4.5366255652335e-05,0.000266748759384394,0.00798498987554974,0.00159641819679288,0.0041823212894384,0.0378387836811698,0.0239087472131992,0.0138706690894542,0.00154797907861473,0.00383634306605188,0.0112821682762699,0.0303101076239886,0.0819159026243816,0.0332222187769649,0.0346869997717754,0.0856485642970188,0.0553416024665041,0.00842112293995808,0.509845436733693,0.0352776262574709,0.00195086905335344,0.00383705176210772,0.00531961514196321
85.5,0.0147557178045488,0.00140698995657746,0.0271316209182879,0.00746299356157311,0.0311772786996723,0.000580051750816294,0.000290395423384164,0.00124544941618263,0.096908514932179,0.000995370518994579,0.0218938158073715,0.00162739467360867,0.025706395490461,0.0282124088212048,0.0499732652847967,0.030002680316407,0.00395464294450042,0.0108774071573452,0.00584980853988048,0.000809150603692658,0.0137538003143283,0.00336399201682309,0.0031460054172583,0.00102795859239746,0.0497223754658076,0.00405155611612789,0.00832178283049165,0.0105440410995772,0.0416455090729922,0.0459397680762364,0.00401009726924026,0.0386659644027596,0.0182216121022964,0.00868719145822269,0.00809537180346489,0.00105428436328213,0.0015340464136453,0.000519071443940272,0.0159436936207554,0.003002187249038,0.0518637596605603,0.00345921589555314,0.00921397725099803,0.00111315505170501,0.00747128160279633,0.000568232873269274,0.0287228392815159,0.00546807239085488,0.125917847575676,0.00471736964664416,0.00370791793277064,0.00579331657353957,0.00569250074811804,7.08196612716209e-05,0.00160037507959357,0.020366781332438,0.0735685252923075,0.17888631790635,0.0823518597573187,0.0340857113120801,1.48885042825635,0.0258109596491936,0.00138792650675527,0.00281857767336186,0.0062556228468741
85.75,0.0803187345795979,0.112444628682689,0.0146620418100543,0.018453276307854,0.00385372413509922,0.0110674905382875,0.00962920823368329,0.0122158812639719,0.0323078079115851,0.00292473422985793,0.164161654404513,0.0497987679486065,0.00118704399974952,0.0343381627872826,0.121184325370018,0.0547229106063172,0.0179377042642709,0.00490765772533661,0.000529902462066719,0.00339587673450197,0.00422134862887033,0.00194301766446744,0.00264456865160131,0.00584759083318113,0.0224468474283472,0.0321206299693587,0.0388180875832401,0.0795562889036526,0.0863547316284825,0.151819083900132,0.144020643991306,0.188858358685321,0.00903105047867169,0.00776590545009048,0.00144760411087511,0.00115227635018948,0.00672427812270525,0.00682445550767393,0.0430205963252775,0.0322886143353293,0.00631112763192796,0.0162470728050894,0.0106820307354473,0.0161736607085602,0.00837493383179343,0.00469143547555113,0.0591801818142559,0.0241478596347127,0.00849106768170826,0.0608423295094446,0.0275866304882739,0.0497784675425513,0.131855332161864,0.0877663864244651,0.0624057579081898,0.0254839265930157,0.0276095206849484,0.0298547107378276,0.0430540192356756,0.0393764091066563,0.287082169403274,0.00528947413142345,0.00284792562880862,0.00908631515364164,0.00132227698502902
86,0.00372808514669391,0.0500016362549208,0.0087201703448284,0.0291243678182771,0.0198729588951854,0.0119377666567471,0.00757658963234714,0.00464811739353883,0.107247800428488,0.0410584332701999,0.0251595055239859,0.048329884704486,0.00592996837934506,0.121414385104215,0.0726050675043874,0.0403708054300488,0.00936675992118097,0.00420883597013518,0.00135379204610294,0.00336689550138845,0.00841475096932638,0.00487636965286523,0.00418766355810454,0.000976904199872862,0.0506400675927204,0.0539828147885016,0.00851067070661754,0.0397367071531808,0.145180747473547,0.210343525120911,0.0348694846070571,0.118779453223046,0.00849240199365238,0.0119809087580679,0.00812120194196789,0.000723802081287113,0.00465603747231673,0.00376912483609778,0.00991225539117407,0.0199175012002608,0.0353378209855833,0.0341166546089191,0.00415784928387841,0.00567393283742746,0.0222178285666224,0.0183705286413665,0.00851944471082593,0.0255809266365888,0.210437276256924,0.0642632322633927,0.0121374879419943,0.0296980997480882,0.0124065828484057,0.0437147377232155,0.00638550293196062,0.0697424021040279,0.0975187216485444,0.0184803077856597,0.158190467533403,0.00253866318355982,0.643947624777245,0.0363655125844441,0.00100997450912855,0.0276272459745096,0.00438499217226665
86.25,0.00826479338652276,0.00546400591773501,0.00363984246018267,8.19401880871268e-05,0.0230326326211933,0.0192652179948077,0.00541225735075139,0.00935831918482738,0.0801203509590644,0.041857618414518,0.000336927666836733,0.00106542720181315,0.0695277785770863,0.105683810381201,0.0619009766762766,0.0605641952453557,0.00418631045781813,8.26804674195252e-05,0.00795419874212787,0.00776189379453243,0.002512904506977,0.00219388886323935,0.00426454885789382,0.00366403934965616,0.0546519268466848,0.00911878439593897,0.0429542148237386,0.0756775468246605,0.116469777821746,0.117740201016956,0.0389405020937922,0.209092776706432,7.7616958813968e-05,0.0011981887068651,0.00593477602596021,0.00784716930226278,0.00417498727375702,0.00442255253749799,0.00665633644154694,0.00213779928029015,0.0323331135748895,0.00385151784212586,0.0119619824933734,0.0171668369274269,0.0142331642797118,0.0174149678699323,0.00899183108992557,0.00544932033889315,0.114692082765162,0.0594109401733596,0.0120883915294473,0.0226021650282934,0.00423088094167727,0.0038154879198803,0.000156220398914734,0.0043306276665538,0.0218740320333056,0.0469775150085762,0.132815759352073,0.0208100140093554,0.434043876795204,0.0192952587671136,0.00599208866481619,0.0214440681650923,0.00126236168348143
86.5,0.000714570054813148,0.0295605865992828,0.00433999708777134,0.0228538849603943,0.0165616389263571,0.0196173046889783,0.00801530507857771,0.00267735847262174,0.118340689570803,0.0422391860962718,0.025416069018376,0.0723088540357849,0.187053367374876,0.0723736014001388,0.0259847487964324,0.0406773286459494,0.00446838370344715,0.000366283039233133,0.00243265178223611,0.00864314095559976,0.00637280829103408,0.00282764342622472,0.00443169065746465,0.000931542221986739,0.0314194001036027,0.0891919375262229,0.0515189385814922,0.062748999780597,0.00218591587671497,0.0429636975696942,0.16552508055956,0.154371093359992,0.00208079303856802,0.00257160721529935,0.00478637639148724,0.001942917982037,0.00672479530568283,0.00054072898337035,0.00365742587445862,0.00894219742285314,0.0113006932241639,0.0399397156917384,0.0202242365345534,0.0140785394104305,0.0277272702714126,0.010741732157197,0.00860611095189372,0.0764349044870855,0.131500903612174,0.0961281781617058,0.00914316588542361,0.0141111996519005,0.00778215580296907,0.0336422710279046,0.0636942131566631,0.05121961980038,0.00223722026753154,0.00292769465231315,0.145277982838366,0.0328010739906765,0.67177759526868,0.0436976084248156,0.000737689622979101,0.014906519688676,0.000534002131840043
86.75,0.0276694738273461,0.0100464501572417,0.00516265769223461,0.000322447762630678,0.01240675849143,0.00028056314359416,0.00914993909715757,0.00127974965696296,0.0294678397541856,0.0230828085649089,0.0433481939215238,0.0107292302364812,0.0272196540137703,0.0627032242460024,0.084325994671556,0.0306227499885588,0.00542277707504869,0.000732748254838533,0.00359967422079912,0.00259991666006466,0.00158833529150879,0.000676933023163788,0.00502812538944007,0.000431714153028807,0.0281759363173654,0.000376750926586357,0.036379913707787,0.0136451170496177,0.0732253739518913,0.0696018910028533,0.135684838983682,0.0284289058905356,0.000213655796469437,0.00149373767514246,0.0048253527814971,0.00114224671667166,0.0057640805005994,0.00245845699465233,0.00209479053946423,0.00485362080093924,0.00493137991905426,1.2577599977262e-06,0.013693151414022,0.00247455592624159,0.00967946497395452,0.00139276687820904,0.0121628617283794,0.00192673716392221,0.0760063336625889,0.0118395998734471,0.0194708350313359,0.00579261253455473,0.0165221515873656,0.0122684885789321,0.0509726483485681,0.0606036065315705,0.0388327300073987,0.036196358582326,0.0592318562495626,0.0220533296406287,0.181685419263077,0.00809161253513722,0.00482162650391291,0.00719114203417779,0.000261384206413987
87,0.0106785948608925,0.0282644245850336,0.0175534971345722,0.0302554894552873,0.0299314914531265,0.00824257215688702,0.00146105624583812,0.00352748086928064,0.0505669950223612,0.0406853690659049,0.0113323047170387,0.0427551794477394,0.0415791248055763,0.0250977748283038,0.00760768292736699,0.00521440092113802,0.0134120731081905,0.00478223866504275,0.00624817654492076,0.00271471585786385,0.0114462989784974,0.011571412364655,0.00630396700264369,0.00949150827462123,0.0388211805962394,0.0127715563865858,0.0242485691264149,0.00455386109584785,0.072990116374823,0.112334399296485,0.0812938327610463,0.00163533069146179,0.0120539442037089,0.00737733701601021,0.0114322688447031,0.0064720212054284,0.00492585295991534,0.0058527490480923,0.0117154910002623,0.012348113669859,0.0345641808852196,0.0271220897567078,0.0132338503566657,0.00645713545263577,0.00971485464687046,0.0111656572953567,0.00827923573505828,0.0445777270895355,0.0871816106297898,0.00311880035521306,0.00642190682020302,0.00387920696897806,0.00385309047255306,0.032701379596423,0.018313733471976,0.0550015983625066,0.050342771191705,0.00480596738085937,0.0752909117461635,0.0437399670107128,0.151418001879267,0.0394989483232288,0.00282914797866953,0.0104040448947406,0.00532235223351572
87.25,0.0334162825906374,0.00486526904030484,0.00202917231357631,0.00776998709762911,0.022105234378991,0.00512531249705083,0.00576869559950077,0.0106806632523489,0.0107739435250903,0.000468651032942209,0.0114648646240183,0.00933899147993171,0.159337247167263,0.0168941650077199,0.0604226765362382,0.0491673249290924,0.00674172133094207,0.015644204406286,0.00885249321140716,0.000409012769522964,0.00637415503257333,0.00887219838372541,0.00553047310247949,0.00345768641865665,0.0455181160871828,0.00839544268033352,0.0550266804299361,0.0286177570050008,0.0129406414011612,0.0253916431004414,0.0620575383721899,0.0457846026162078,0.00772446095157674,0.0195538497259856,0.00697704524394145,0.0050437943156994,0.00112042338156907,0.00178787049926439,0.0849095550118814,0.00666726765429745,0.0242808133708258,0.00571079887004397,0.0135319511169335,0.0107026197210417,0.00391804352862064,0.00327862982971563,0.00563339491436234,0.00879625721154509,0.0689261466708548,0.014102531623861,0.0252846199429596,0.0432804897003225,0.00576727080261678,0.00677676659296792,0.0236926604345839,0.0194240912966597,0.0103927229738808,0.119156068442095,0.0664578704608263,0.00318117808940246,0.062724622470241,0.0211154867310237,0.00219249462418861,0.000989214482099217,0.0117524329430293
87.5,0.0032531497504827,0.0038105404649976,0.000823105248938708,0.00246619898049024,0.0083228137925005,0.00707140441474694,0.00189182353717748,0.00314820733921007,0.0182835427562222,0.0100249010621676,0.051436250420853,0.00634982300066424,0.0324988574438972,0.0417204230951573,0.0707679424300527,0.0175742151260672,0.00511755454388292,0.0184192217913373,0.0120027260902627,0.00364753421107117,0.0125724801674911,0.0115040884908151,0.0052512774032842,0.00735342713020414,0.00252261870669421,0.00201402462431244,0.00522377263146414,0.00742333377506172,0.14529619569695,0.0312757155600077,0.0656638585497525,0.0255084148528137,0.00911557338575901,0.00827298868068586,0.0128320886998385,0.00988856043739846,0.00219967311973089,0.002675028739815,0.0856799395631879,0.00133165305946022,0.0148347099842733,0.00306635156232708,0.00293528602557046,0.00401509720277501,0.00414677011551787,0.00166542165684549,0.0117148487034729,0.00265664114176192,0.00997599026629365,0.0232636142898354,0.0135582745652295,0.00719106102338759,0.030993037832579,0.00859427531582026,0.0353861526556348,0.0320656482069978,0.0894323248615629,0.0281467011546704,0.02550746055599,0.0139936400600566,0.0935751389595686,0.0151668089379389,0.00687256816033478,0.00335892753907645,0.0170641947215353
87.75,0.0116338856254342,0.015726358658267,0.000274570136269816,0.00331435953892541,0.00236295482525782,0.00210763832390768,0.00417818007416,0.0108607655011487,0.0199394181825701,0.00125134557035939,0.0119911919344634,0.006835089878287,0.164956375865516,0.0166559317960494,0.0583357534201811,0.0217584186815995,0.00471704182468427,0.00290292947513845,0.00653816341477912,0.00151612741036055,0.00231255490150966,0.00402520088193292,0.000571291092629539,0.00633187493361397,0.0279453920272191,0.00528969933942363,0.0201151261646437,0.00601086045670231,0.0665608213296543,0.0217079164203751,0.0473290524003225,0.00982513734608617,0.00086352453738388,0.00427981488790715,0.00123260469616554,0.00374321762036515,0.000128972835107161,0.00355966654731131,0.0848076818602888,0.00774498502697823,0.00279141620385372,0.0022354627981319,0.00281847466877259,0.00637271226562931,0.00412546948210183,0.0039174545910558,0.00286572198287092,0.00482128441035728,0.0381214209700791,0.00572045582206095,0.0190484238850119,0.015261075050586,0.0205513046096479,0.0140916374066186,0.007454016588448,0.017550883308346,0.0529505813760336,0.00730088148451602,0.0726690382647682,0.056506726512356,0.0851152108927174,0.00127503293850621,0.00264414551750879,0.000864728837083514,0.00562391692557734
88,0.00848315892239689,0.00137874901297714,0.00911544056003162,0.00788108292312225,0.0113772409552398,0.00511558448522896,0.00855121639130662,0.000359930944775264,0.0637139381586816,0.0171972503935618,0.0851804566251809,5.66991468062409e-05,0.0737085777026042,0.00701276614912108,0.0986041223162396,0.00376472346951076,0.00200796927611346,0.00661513586135415,0.0119737445862625,0.00696478912162797,0.00516124331967038,0.0119877473364898,0.00386716042234856,0.00403062882278826,0.0210823877421025,0.00883034396205615,0.0167191510546744,0.00486806090526923,0.0566602581659493,0.0228274998197229,0.0455472871844777,0.0100517478416908,0.00908852507616775,0.006055743167043,0.00382996876185416,0.00766570166026,0.00479147682217258,0.00196225242852279,0.0703152041322593,0.000346895628875441,0.00469315837321284,0.0164397815478004,0.00857173354250781,0.00371396200729909,0.0158537687783908,0.00248836026652572,0.0432342345420896,0.000376815551839117,0.0812565072811664,0.00589443554250136,0.0245610640328873,0.00620025429972659,0.0460807267301906,0.0019274607525071,0.112494851044696,0.00771554322723747,0.108591657603633,0.00590035903277488,0.0784422930697912,0.00288799811879477,0.483537502752559,0.0150575549359182,0.00834050089504711,0.00617040412794046,0.0100600609941599
88.25,0.00251037325419884,0.0273895611659679,0.0238174029686733,0.0014890329285129,0.0120754407662873,0.00287512891155048,0.0113845889298589,0.00166841293857837,0.0548767791816687,0.010186864520435,0.0669924840503142,0.0231083028085857,0.0733574648890807,0.0198646805392648,0.159356396316946,0.0170808838473442,0.017648464383016,0.000877765631624166,0.0016107569925328,0.0042245266433026,0.00960723089862975,4.03780861412182e-05,0.0064600321213511,0.00133353249302395,0.0504464871436354,0.0163745958732371,0.029784767310635,0.00640709159895321,0.0275153232965957,0.0377835093681769,0.0500418047875859,0.0189160999636581,0.00638489660958124,0.000296362970727998,0.00465560528992785,0.000353654393985258,0.00588439755816942,0.00204414834652098,0.0128439326066855,0.0123823452243819,0.0165442167123512,0.00192204822597116,0.00947485422211923,0.00122840533305956,0.0119479100281555,0.000484252396880763,0.0448227778472275,0.0189633816990602,0.116206019167654,0.0151188381779905,0.0290087892482173,0.0147835601814159,0.0176498136593894,0.0301797692870736,0.0539300384006,0.0386679678585594,0.0400068980934241,0.0488250637957621,0.028681372765025,0.00389929180110879,0.58279817657012,0.000260244862342349,0.00162344600715208,0.00314734833734965,0.00156228572564309
88.5,0.013194716466405,0.0365508962978189,0.00660296732533807,0.0334438668271025,0.00405916616915792,0.0221749243707398,0.0235224157792186,0.013497413923537,0.0722841031600735,0.0128239776861428,0.0161645601923623,0.0750006960166666,0.110783965396581,0.0519687336609132,0.477852055263831,0.0388467439999847,0.0263144701289976,0.0138592226931773,0.00318440328943775,6.3350012177331e-05,0.00608273836037779,0.0129250864747211,0.000880188576465923,0.00576496981730612,0.0108372686333009,0.0603846997693017,0.0934507038860924,0.0565081044182996,0.0039147352891586,0.0153286849030669,0.394555099069801,0.0765873880075474,0.00882411525700915,0.017730149834223,0.00298598730026357,0.00683543710527163,0.00235965477338219,0.00428909342328824,0.00180909524385353,0.0359988235948636,0.00109424023084481,0.0288939192479995,0.0142172683751618,0.017595236937596,0.0191112636727445,0.000438543516903003,0.00526427995578463,0.0790631511940827,0.0458419448766417,0.0619437803096731,0.131734172279042,0.0430262325380692,0.0256527627467268,0.0480427245982777,0.0183322764594991,0.0601361262796568,0.220612443311395,0.0116353285594267,0.0807587056809993,0.0140550320254514,0.730609202013993,0.00743248605238764,0.00152461162986947,0.000383495275451684,0.00955882406688003
88.75,0.00768531398795267,0.023279020208595,0.0103452527146649,0.0261539978932697,0.00698524924870744,0.00267125944144085,0.00788782187961715,0.00063683536430666,0.0614135084657635,0.0504809085994362,0.0708789973304367,0.0459851607246123,0.142162511142184,0.00308809134443331,0.14384666221149,0.00410648630632883,0.000362176792535438,0.00836388768360659,0.00363615444613217,2.4796031168865e-05,0.00660469305968303,0.00910748410315449,0.00190666686352226,0.00467573377054001,0.0204977856800258,0.0131554499763534,0.0645939439482962,0.00059810127610737,0.0993096234392566,0.00533318989806018,0.158333232945968,0.00575480195590849,0.00936482927439567,0.0141511798179178,0.00470621540994418,0.00520515556290061,0.00255437626143409,0.00122137161865921,0.00330517076874014,0.0148358109658916,0.00433938581340213,0.0145256919783096,0.0164712240452296,0.00267084656837805,0.0149668408052686,0.00109728919750478,0.0331924263608459,0.0727238519465868,0.0806104696547417,0.00152130077010414,0.0341482469045315,0.0077749681910579,0.0208158680140934,0.0261060323094445,0.0427383180754575,0.015101206391353,0.135738265854727,0.00217501275626362,0.0326959277695786,0.10758876955278,0.78447550675158,0.0744156522414692,0.0049468021466684,0.00193730899190337,0.00534765976916097
89,0.0287545207288678,0.00515288864234906,0.0164452768173126,0.00110271421852745,0.00091168479362111,0.0120867034033895,0.00134702320498552,0.0105702416445835,0.0396164518183491,0.0134173678496008,0.121853212495328,0.0210879605924818,0.15113645623268,0.0762535455530852,0.0474478136724526,0.0262808746470682,0.00184568983493831,0.00530182266358047,0.00327514695592445,0.000860964275070572,0.00452175547497262,0.00392552891862693,0.00150889119994237,0.00348665270893572,0.0282025769427586,0.0348450255848221,0.00689361224615554,0.0358238205079488,0.34702383283355,0.0516084415020268,0.0259672224939551,0.0502479995078821,0.00618724995411232,0.00174005256733379,0.00511076728564783,0.00785120285470644,0.000682672972802108,0.00311581977251782,0.026011255198425,0.00121060842698087,0.00526576180031596,0.00799539046534309,0.00010965293740962,0.0123518451002213,0.0041916086558105,0.00745265085214958,0.0598454736558549,0.00545021965002966,0.0314397556888014,0.0518954085232076,0.00942539956180017,0.0102181179945345,0.0659469214131138,0.00662953217779673,0.193132816382343,0.0510501929307718,0.09858045545003,0.00571617920653311,0.0629917880820928,0.0413257641793825,0.767852952979246,0.00565661783750426,0.00424507171341189,0.0016367639344094,0.00367197716297371
89.25,0.00783967483791716,0.0502775111187333,0.0021605554414877,0.0145493250523927,0.00409416067703781,0.00714156760905754,0.028216945291668,0.0150428873528945,0.0796776416986566,0.0333360698963231,0.0424362928032977,0.0406010511773605,0.232910344389025,0.0441189418971138,0.233760237173994,0.0472872670621563,0.0480350602425575,0.00395352529967134,0.000619291592120169,0.00948593904215388,0.000140227581678327,0.00323473705252929,0.00579000160204595,0.00367479086161591,0.0223434286816592,0.024815429127817,0.0574639179110719,0.0323848688106994,0.00970235928662079,0.0560154166296277,0.118383568775711,0.0577515705286387,0.00194533052403161,0.00436448843039203,0.000207509974400324,0.00209226596921521,0.0186721603580858,0.00612562112389481,0.0189106521512288,0.0311702332411102,0.00297751724644689,0.0139631911905499,0.0162179786213481,0.0123107834905078,0.0351538998113406,0.016574687135397,0.00830880409416831,0.0382283059970485,0.038201212011418,0.0253437754419262,0.0767323427355981,0.0289562821593179,0.0178130483074909,0.0547459229791399,0.0620937298056845,0.0365727451462796,0.0673041811733287,0.00944609724814708,0.14416073759693,0.0123879344803125,0.545914526744354,0.00419755804942794,0.00165260477714509,0.0147999096735154,0.000525390428927552
89.5,0.0013272980043743,0.0293685136174457,0.00482401433955917,0.0483101166559647,0.00384547716567281,0.0211872792910145,0.0130964546521877,0.0099293048873778,0.0444264615200284,0.00527893065248352,0.0206335610427955,0.0726546747929143,0.0868606820701458,0.0392305375731309,0.137220447097592,0.0300672134638258,0.00260815594910709,0.00144668023043913,0.000511581943086563,0.000229785416255564,0.000170103708185351,0.00713961373610919,0.00174054427142592,0.00307418795637987,0.00992934126919045,0.055673337831868,0.0105658018012085,0.0504614245455063,0.0927247284034983,0.000866853979369921,0.0721602292160494,0.0547057316755503,0.00129436440917495,0.0158229210927638,7.46301465139241e-05,0.00688321077123557,0.00193909201627322,0.00340603206211285,0.00302182497757877,0.0285336844215577,0.00711492643415977,0.0447598190182689,0.00327186318939081,0.013944431234328,0.0103633695211681,0.00250803347550316,0.00975994995652596,0.107441569003768,0.0126156331159718,0.0594369623614831,0.0368547607995185,0.0197019542229343,0.00358536449295794,0.0336750865460066,0.0457535664839924,0.0256803842280606,0.108867127171293,0.00138309946125006,0.117187898358444,0.0330117917005844,0.474477167753268,0.00828737598657289,0.000911124996168871,0.00128160727481411,0.00175641910512796
89.75,0.0232341451112521,0.0258382361062222,0.0153782507467225,0.0169319156961617,0.00230453495758742,0.00207380236763214,0.013564114380428,0.000707952949952051,0.0327041892118377,0.000191264488723817,0.0525036796555753,0.0278909589680597,0.198223210039937,0.0125286924391536,0.293390980873487,0.00164381305187899,0.0119326946421133,0.00558248381957338,0.00299880200429867,0.00229317765704417,0.00805689995413677,0.00634488265078232,0.00505524548255871,0.00391123351231524,0.0316982030817421,0.0277313018707759,0.0578418976100681,0.0039255642968633,0.0792145927282909,0.0400635864760271,0.180040799547543,0.00326887386637578,0.00592406279479443,0.00600743219269194,0.00347188227737591,0.00211382407077062,0.00810601102681022,0.00142055942009231,0.0126635530063241,0.00658621797814338,0.00684827542869792,0.0128085179448864,0.00599407641258013,0.0011687366025419,0.0169946902085853,0.000102287144743602,0.0406110990414671,0.0344168818744421,0.0357307884000445,0.00758877182520049,0.0691285165106807,0.00794677004413969,0.0491413006043787,0.0250236361521291,0.0426416895627162,0.0169070022401338,0.0803994505150522,0.0289268053387455,0.116735520696987,0.0390281338676521,0.229056850939838,0.00617994142151756,0.00220705286204112,0.00369197906884305,0.00765997216518569
90,0.0190360366482155,0.0117174818486078,0.00577591991225512,0.00339970039353576,0.00210579632425753,0.00403523630303161,0.00119099100071761,0.00378880091877262,0.000702600460433008,0.0454655934389873,0.0780763360317187,0.0113814907540455,0.0675506004300732,0.0391980371768316,0.11350559132193,0.0399496580212455,0.00205519580962707,0.000127432399289787,0.00219154657524289,0.00140925448321962,0.000616813846940442,0.00083342017431201,0.000574755855691647,0.00201350154411621,0.0312593628695266,0.0232069244156114,0.0160807811777147,0.0151735993764464,0.127930852563094,0.0563117894026072,0.0697942062272445,0.0545445899647956,0.000800917802627624,0.000696144895702749,0.00144159503400266,0.0006044261893771,5.09674196649993e-05,0.00297325610049086,0.000583086758234096,0.000913266723361821,0.000709263331506334,0.00707292295020846,0.00216462144761928,0.00325567022397653,0.00157722410400324,0.0147653206045871,0.021096596065834,0.00806607386379526,0.01261942558435,0.0188105160156116,0.01848133913908,0.0113298584483206,0.0579281534166558,0.00531937761995196,0.101224231542566,0.0109686209486267,0.00599537740681421,0.0330154110567927,0.0338006031096461,0.147948820137711,0.0413166362976567,0.0443289305901503,0.000742694611399982,0.00319346567215836,0.00187806683601225
90.25,0.0564609870668184,0.0159278106866279,0.0292389537993111,0.018632275581371,0.00308213153712209,0.00149138745962225,0.014048190299064,0.00333769947817167,0.0491182689096689,0.0224169812058731,0.121629329878917,0.0212439549161801,0.0327657457592151,0.041592133871319,0.131317176414653,0.0173998920139483,0.0171555898300208,0.00452048033214787,0.000703140138284831,0.000537963532965858,0.000802553145302351,0.000404960254159659,0.00206087746850527,0.000438769075147858,0.0104598076700796,0.00685065713662784,0.0417513279762734,0.0109340531228304,0.308776938255018,0.0432974513040574,0.080074850065967,0.0619444656558489,0.00874610832794548,0.00777937917118742,0.00155351505744619,0.000797916129598456,0.0032743369224624,0.00129147561122095,0.00962794137132494,0.0185372817849192,0.0046351037081431,0.00344888638490407,0.00936235102309558,0.00280943645302897,0.0198707463408596,0.00520243216670642,0.0627104338880431,0.039272917657797,0.0468166154774886,0.00886413684138403,0.0425347460219539,0.00599158295380441,0.148762934322048,0.0179940959704046,0.0338000045079668,0.00552754047272032,0.018756289965953,0.000853771381374286,0.161353459632444,0.0818589345373566,0.697239289329359,0.0160975101280028,0.000496152135769876,0.0040773678622643,0.000283723087781767
90.5,0.0123180965057769,0.0140171577188677,0.00525446827692762,3.96282717986748e-05,0.00521072443172032,0.00101759555480865,0.00659676700092107,0.00466609952670615,0.0146745308825528,0.00383389321352182,0.0150988018528221,0.00306919979920536,0.240174770330468,0.0273396282237293,0.106522298428743,0.0100301591989865,0.000736970295463475,0.00349779527133531,0.00276269574124781,0.00607511381605094,0.00295919347899937,0.00238248967635833,0.00202598340672219,0.00656600895963171,0.0244902009676345,0.0078506689569719,0.104420580694506,0.00779217170836059,0.201348366004623,0.0634559374736737,0.22595533468657,0.00839606017425081,0.00257567657621332,0.00417853096610302,0.00123915796872989,0.00164100195178184,0.00276196910669434,0.00710603491544902,0.0176526233668606,0.00382569451737042,0.00269188240975396,0.00108683347784208,0.0130922354338244,0.00184085917505977,0.00342547147501907,0.00560391168431586,0.0188520993017768,0.00263305257330836,0.0828714610612363,0.000495712011669996,0.0299859111175121,0.00356133055181672,0.0108325276239889,0.00996255053393813,0.00829216944956041,0.00723777582615072,0.00660340126508274,0.0725182838897785,0.0404111453783507,0.0225323604780045,0.250195306564842,0.0188575810977744,0.00395575922373148,0.00190723061107418,0.0046006708728155
90.75,0.117353489606726,0.080299924222761,0.0267837747895923,0.0112444686981704,6.75845900080151e-05,0.00117272921735104,0.0212172882830186,0.0145633459451064,0.0913101769341954,0.0299561038782036,0.351473700227332,0.0334121098516381,0.0875155016653616,0.00234141444629432,0.13477155338191,0.0398058790202007,0.0564020633885834,0.0211060243510165,0.00369341287735918,0.012017629366463,0.00646735243723535,0.00190335985593667,0.00528291897054816,0.00609467352658202,0.195560520289464,0.000383142093023115,0.0122866291309705,0.0124746976599058,0.0346372262159439,0.018812966833615,0.166465105882742,0.0230254185936173,0.0242806664792816,0.0159160075330117,0.00208245528920306,0.00254018929953017,0.0109899494871181,0.0157074169047282,0.0913048541558112,0.0541554100157795,0.00593625379090118,0.00106112581819688,0.0030367662346366,0.00527444476359878,0.0317594724504215,0.0183815530958545,0.136279999728286,0.0415233106433395,0.00870591342244553,0.0021435965912117,0.0555270964652963,0.0283535778575937,0.172429399694685,0.0685396674814168,0.151737861007074,0.0150179058707019,0.0923747831130594,0.016612476623734,0.138779673855196,0.0235414987299295,0.624392558143004,0.035771462857737,0.00407768114881914,0.0192247031554176,0.00528586894503067
91,0.109127561041281,0.139615472705905,0.0311109427168285,0.068628288634226,0.0167188817161921,0.010100810413305,0.0240094214975684,0.00564549145302083,0.118489447957342,0.0725547647968073,0.0992843893334841,0.0961353381425669,0.274757412089192,2.70137024792764e-06,0.205751333704521,0.0269107609366644,0.0692347173230574,0.0343339704295035,0.00638620100661945,0.00405657874709697,0.0156067254548538,0.0218860533094442,0.00549224661505217,0.000739986036304613,0.0282586000818338,0.051545626348394,0.105825971692215,0.00191992584288802,0.195456210869753,0.0259990307055509,0.361696569676515,0.0361725720480301,0.0344407057552824,0.0507431295120232,0.00510507075820688,0.00785985877765296,0.00345721174118117,0.00112089772282525,0.0699457572659748,0.104344095432101,0.0319982785681393,0.0411696435603362,0.0199312829203631,0.000351152943235457,0.030741259377895,0.0163588106006951,0.0456672387875458,0.127740113560993,0.0811730964225703,0.0217358358091265,0.0727110200168208,0.0134466222648499,0.0802507768917206,0.138069690389121,0.0168030389981786,0.0376420111423801,0.104614951848767,0.0645331676048314,0.151902710581385,0.0590536786167985,0.743068566242232,0.0792689076501142,0.000395387280085847,0.0112741517144976,0.0168747989354375
91.25,0.0127179710576445,0.0611376679645721,0.0244778561191337,0.0148590962986386,0.00277007038431103,0.0075782494685436,0.00347808071064592,0.00111005494037128,0.0347422920877746,0.0154276301155785,0.0276656095566566,0.0409234895256199,0.16963475141167,0.0184364207825278,0.105909974167136,0.0094763713450288,0.0116099134546624,0.0100458553126595,0.00230247907594056,0.000878195052237003,0.00555438734316667,0.00778612603805664,0.000190453342576871,0.00269688383897878,0.0161681474217194,0.0344974896863294,0.0100591284130702,0.00224150631803307,0.128923225801278,0.0973096781861929,0.0582496389169398,0.0340114367437113,0.00706804545473548,0.0166661760810226,0.0009232141590511,0.0038131060904725,0.000186532910937177,0.000583289420015419,0.00198533859895397,0.02643750672559,0.0116848784744458,0.0120502097257644,0.000436108438784121,0.00285894829289835,0.00667774894442599,0.00312074572191909,0.0222000615482089,0.0155520384984231,0.0145405859065898,0.0220067718853071,0.0181967002876946,0.00935867903467573,0.0695467958260563,0.0485222466848651,0.052055533430589,0.104714626233947,0.0581770880341836,0.0507582634025212,0.0376002774882562,0.0178035530311935,0.558992005518275,0.00120944100896501,0.000455079385035649,0.00326503817026563,0.00459629097840121
91.5,0.0516584791743765,0.0230975206788506,0.0133509363433855,0.0106460416967641,0.000833907517207338,0.00423994344038665,0.00623937837060252,0.00484343837978318,0.000758008364642583,0.0122926982486155,0.0866145661582617,0.0534911143030847,0.0809734548003497,0.00533436186093154,0.066237071493376,0.00675444607287157,0.0166614561885322,0.00405639017870999,0.000788356056418475,0.00400654379121229,0.00012972592869407,0.000754917229905913,0.000305293007351303,0.00412579822231559,0.0872513519147022,0.00443774424460231,0.00558079755044805,0.0167804717257601,0.0912291881284867,0.0375536588752034,0.057809219646665,0.115757597515034,0.00652408063974816,0.0090732740119582,0.000228012043240862,0.00124128147387129,0.00363745086363234,0.00402092029337828,0.0107673163057548,0.0220135330204655,0.00275325260371468,0.00497883126145238,0.000638068825318671,0.00551492633498947,0.00532420824870391,0.00603160247163507,0.0323641817256031,0.0562657038803121,0.00761945420686257,0.0140192945477684,0.0126759335828099,0.00599212445951361,0.0430456480970314,0.0307252097241365,0.0489129680523677,0.0259994323712815,0.0560689626852978,0.0219372665118401,0.00548108539041833,0.0212348419664204,0.0133852883172888,0.0119416954974044,0.00232052321674926,0.00130239615021169,8.14066994554969e-05
91.75,0.00216433855331687,0.00322749927108184,0.0074839775384755,0.00150892081394382,0.016985927346231,0.00213077587733522,0.00140494590093721,0.00611394777930615,0.00304227803572046,0.00655178704279735,0.163361448286956,0.00561418930174604,0.0415741776599691,0.0262135358802848,0.0198813796307445,0.0310679830272352,0.00206326906146928,0.00011161393045412,0.000933080559754156,0.00235456989413465,0.000314715815630932,0.00131009174092665,0.000651963310383152,0.00223285883286199,0.160148531178223,0.0045072369634092,0.00596223967442287,0.0248318635515558,0.055756115711168,0.0624628475777599,0.0127374664905044,0.0581411360294175,0.000349539807236989,0.00186038322628865,0.00124083425218897,0.00283571632521827,0.000172869433103508,0.00439095894400389,0.02295368158209,0.000935743310777588,0.0345743078931122,0.00393776175815536,0.00409491229831521,0.00952232731586648,0.00210221013313215,0.00550652648119455,0.0675571203103073,0.015094912220033,0.0985115849857886,0.0115014063003511,0.00192461911486108,0.0195388275368925,0.0520187550010837,0.00330025936704838,0.0174310359924707,0.00285095064032598,0.00307472646685556,0.0158974523441382,0.00376310567855839,0.013584659701105,0.156048907529924,0.0115797476804442,0.000985990610844729,0.000576809686602439,0.000467977506654977
92,0.0288095001885257,0.00436788145726384,0.0115807440406442,0.0117841776615594,0.00157363996190574,0.00162450726528802,0.00415456124964536,0.00425200926112775,0.0186262051872159,0.00156869153433643,0.0890287006798126,0.0114120477884904,0.216162628284052,0.0116073842947661,0.0212875117693831,0.00320581658595531,0.0151077366968703,0.0052318405279442,0.00299691174879656,0.00292867577535594,0.0024596259599306,0.00235877095103835,0.00242870968541587,0.000173410615406547,0.00733110547728881,0.00145908806047265,0.00586560248411973,0.00447019743002467,0.104594442483562,0.0796859651824168,0.0338314523847185,0.00611047420141843,0.0072735755522256,0.0089118558247723,0.00225927712072117,0.000823724192091252,0.000865459500651522,0.00170812532377559,0.00866833987343469,0.0131186932045562,0.00747842944492225,0.00369432852506049,0.0019249121818009,0.00302537673346708,0.00779009192302257,0.0011858093299675,0.0316092184609012,0.0207737906784863,0.00717429504895,0.00270733057094148,0.00637333758132085,0.0051709186443081,0.0473518344772822,0.0105445833810793,0.0672843898293243,0.00371161840971687,0.0116749548148796,0.0246945228725257,0.0216987785309168,0.0127255241458355,0.0461950443585026,0.0110076256616382,0.000230397021941056,0.00333788869065247,0.00286119808888561
92.25,0.0559807422468514,0.0116848668341484,0.0175214730672621,0.000818395431802349,0.00186363950639798,0.00258104474413179,0.00519866812609357,0.006718977174886,0.0201673628884598,0.0104874320517314,0.0225287367565815,0.00498214393143804,0.0292403989065072,0.0133090210495445,0.0610877113534412,0.0341903272592613,0.00635255817394326,0.000825341568003411,0.000240600273096981,0.000870999276706163,0.00178756240715489,0.000299460344106953,0.0016287964466133,0.00291113715702443,0.0424247782726749,0.00759810761520059,0.00848581749888706,0.0136509977132975,0.085719912278229,0.00663455052739817,0.00839833907680613,0.0437754457811783,0.00400764725614639,0.000239043978938834,0.000768839710479609,0.00100217195762258,0.00135824722289565,0.00462449379702251,0.0209861406741105,0.0050327488404375,0.0120240545132442,8.47224983734131e-05,0.00280951496946953,0.00532869087141911,0.00634356301166257,0.00571088205417946,0.0400042285073441,0.00434257461234123,0.000864845933713904,0.0174403542334191,0.0142195540986065,0.0259303046307275,0.0476102220214836,0.00777599601790919,0.0483358097293576,0.0434574059044664,0.00896363313408659,0.0197573579387419,0.0193651365054373,0.000950985940909961,0.121565409720995,0.0155406405012388,0.000847012956996214,0.00310877773581474,1.98903278949787e-05
92.5,0.00429561777499282,0.0060128701226812,0.000114690269133804,0.0080858347281093,0.00228399773814588,6.65398092749842e-05,0.0022030548261313,0.00383044520789196,0.00926411223236567,0.00585093501094072,0.0200526374292585,0.00101780053074491,0.0890368504433457,0.00521665012920607,0.143286472996029,0.0118079827073477,0.0041652109563227,0.0012845086609751,0.00149576936122867,0.0021750706059796,0.00249941780050224,0.00180731198298434,0.000582298791275708,0.00247376096898386,0.018904924095133,0.00235360235597242,0.0253475950640198,0.00177045290604856,0.000380608059016335,0.0159972059949181,0.224211809291589,0.00166690735280968,0.000865772766215827,0.00380499126096654,0.00177763638717926,0.00127203658763461,0.000145912048942228,0.000408426441926571,0.00302140990327215,0.00108584567815417,0.0132444472974014,0.00402430683782193,0.00283351944016818,0.000916744929757304,0.001101503930906,0.00336893581192495,0.00182723028771957,0.00147219129284061,0.013902837390353,0.00251009711531077,0.0308112178583227,0.0146390837529271,0.00615129348155675,0.00230019168115491,0.0225909783827281,0.0225915121381337,0.0226279027830587,0.0120516208873386,0.0272864448845814,0.0277514362795886,0.235001259565542,0.00763354911641842,0.000875194491272572,0.00082395864847629,0.00138720535836421
92.75,0.0246518734891002,0.0465144786003285,0.0124804659979896,0.00861969876335355,0.0153700212826853,0.000196050993421592,0.0150663044448271,0.002746723478708,0.073359598060621,0.0242732486035924,0.136238669107597,0.0379021145815878,0.0138228566906233,0.0105931422412237,0.13701980367958,0.0090734349162196,0.00900827159498096,0.00452486241164157,6.33179063312937e-05,0.00379496949904508,0.0023077110241579,0.00270422053969603,0.00112042799063941,0.000425913884500753,0.148341063966106,0.00143335721814862,0.0414822008072422,0.0112522151810992,0.0765844011504605,0.00549578791515393,0.110166808156331,0.0200165348326563,0.0039691011731475,0.00691118733659849,0.00151178588793896,0.000896448087261626,0.00563209083312347,0.000974886505649158,0.0293860947317305,0.0223929462712295,0.021612806244086,0.00136758153820089,0.0178397649069409,0.000604411538524215,0.0258411922260218,0.00789909467792321,0.0633721944998978,0.0292994786941653,0.114722709482794,0.00499903694517821,0.0527219095485762,0.0126564937313256,0.0885087485850753,0.0343952669676745,0.0680061603243006,0.000978344548213628,0.0127888701439797,0.00495846624407638,0.123415912608268,0.00886661447457007,0.39803752498178,0.0097080696364551,0.000257911075076517,0.0129502822479879,0.00238641148243977
93,0.0263533210357114,0.0300045479579581,0.0258720777410103,0.0147215802643225,0.00274812563782965,0.00181686139300442,0.0160709176718044,0.00918026279223632,0.0589262093584025,0.00268725304574148,0.101532745090182,0.0286999557607953,0.223771483453754,0.00999658807891327,0.139741837898586,0.0578245027116481,0.0381319000291982,0.00795676140297203,0.000606868359280693,0.00243511214749366,0.00464685037498273,0.002217901882193,0.000669729877239648,0.000828883629185763,0.0678348112305725,0.00314945523229068,0.032400731890664,0.0237666475863778,0.0121818295425726,0.00234924956127256,0.100528223731998,0.0541099882500273,0.00996472170097779,0.00981177054731236,0.00262318032013417,7.65746161686462e-05,0.00263485082932307,0.00276327157925853,0.0433563225677426,0.0318460220413636,0.0196384547839987,0.00407551586508598,0.00413528944859774,0.00413230701168773,0.0200731911073676,0.0064257956213857,0.077215431436468,0.0427677432363951,0.0279094663043256,0.00186026106743927,0.0466853262321591,0.0262680912790091,0.0936273819150746,0.0343579736865774,0.0193830278246811,0.0233124609674203,0.0441537801697398,0.133527525911345,0.150148278459521,0.0207787745652141,0.370147670717034,0.0268224326671127,0.00038841086765702,0.00472170694343801,0.00369138732598083
93.25,0.0264648455393182,0.000630570708389231,0.0221388103957936,0.0132987867353065,0.000350810505629523,0.0193790381545544,0.00178922884532482,0.00843240041555876,0.0433836124368634,0.00366469992377573,0.0827985987445902,0.0200292870966037,0.0813122317734363,0.0642725590222517,0.0542657005155183,0.0304476118556418,0.00362552032530739,0.00394649944705456,0.00820517379873131,0.000596577290801571,0.00340953686959156,0.0102191105877163,0.0012381948002872,0.00643913670898797,0.0242363958366908,0.0461158370103391,0.00177250249890152,0.0415002678850466,0.245210989010918,0.0157413144593592,0.0106883293767507,0.130517130773999,0.00552696623139748,0.0119611729121906,0.00175420518932543,0.0126430990642127,0.000227779273691955,0.0048258855482959,0.0111472762351022,0.00726969722811403,0.00960874848591039,0.0179993134802559,4.4021742996927e-05,0.0127731867673693,0.00682811711690205,0.000754748562216309,0.0562912428839227,0.0175361125710773,0.012451194554721,0.0590202128127745,0.0105523689662736,0.0157327813000311,0.0327507627044287,0.00378173381610202,0.0317445310532588,0.0455829922512142,0.133735199803631,0.0133883449780982,0.0585292857018292,0.00993622632065545,0.51534492603035,0.0117793511807099,0.00351435274579196,0.00015808484245941,0.00523705009171074
93.5,0.00217539458001893,0.0034009619969625,0.00741269617627748,0.00196322089281888,0.00349503719105292,0.00049567267397445,0.00108257301751852,0.000421775850532207,0.0192549988804571,0.0139663221580782,0.046530050830344,0.000197473682254259,0.165085413262077,0.00675952621774188,0.0519983521951549,0.0101448867781374,0.0136898004035796,0.00538957841914345,0.00167352259482805,0.000392237775736063,0.00490609670059655,0.00042358807564858,0.00162336068711979,0.000224195676386429,0.041839214330056,0.0088410831952465,0.00176413191334197,0.00279956160687543,0.00183234468785176,0.000518792790829553,0.0202109173156949,0.0167365344050543,0.00587942868737842,0.00130860518031944,0.00133700811266235,3.98658080967803e-05,1.48114714029112e-05,0.000124006159229522,0.00843309089213764,0.00339029407016301,0.00779734447748546,0.00154032051560419,0.000356544565611684,0.00128952051319139,0.00263430465411586,0.000508015164263089,0.0184757694799202,0.00528310141514797,0.0365435780452695,0.000181631885741007,0.00681384552158674,0.00305040919740651,0.0108867333950578,0.004270673531832,0.0218356560470737,0.0103648085849401,0.013956837115625,0.0828207368530116,0.00698301705223613,0.00668259354198793,0.138589969653297,0.0432784919461482,2.85030373318945e-05,0.000426271449898693,0.00210047702479282
93.75,0.0154243625078121,0.00925472733735232,0.00703437395216308,0.00747781475753171,0.0120324086960648,0.00410150052727837,0.00161400240091959,0.0050576578810798,0.033668371764985,0.00584642411139154,0.0375206245369632,0.0096807518533323,0.109555663160323,0.00815597805144514,0.0275563467397131,0.00139777285107738,0.00888814524931019,0.00386750558978694,0.00171613898347187,0.000409808945014987,0.00352059810537899,0.00105630838728567,0.000846787969641001,0.00192559523101427,0.0720244241817702,0.00637824126865177,0.00295729589567519,0.0166110081191631,0.00233766427141958,0.0100428190386672,0.0789096463439731,0.032853251742335,0.00314551703869543,0.00423054187363596,0.00293804749905336,0.00129754802497516,0.0018172141047903,0.00196625445263974,0.00629433941195412,0.00678466318730075,0.0203161851125231,0.00325838557127094,0.00238164562973201,0.00658684615692611,0.00468315316306959,0.00112159431206873,0.00922075500301789,0.0144278468823123,0.083980258261336,0.0191339230357651,0.00820712033287408,0.0120560840755552,0.00338450674380603,0.00721584691316844,0.0269543171622541,0.00796297674392252,0.0844972783484455,0.0618151256588306,0.0242706186678892,0.00735756038541804,0.377155485890786,0.0368344791320652,0.000363728444228109,0.00238757541852903,0.00144368357154028
94,0.00719279732881869,0.00594276774290744,0.00302894048156599,0.00449367568795863,0.00219311599114115,0.00670984119551421,0.0047411543580962,0.0038992899245874,0.0720437882922204,0.00427191148199074,0.0659343501914424,0.0104692471284417,0.0693315519837297,0.0145606608353201,0.0931022237434867,0.00262374436882742,0.00185388629149874,0.0031520944427628,0.000734997412481116,0.000707484850299911,0.00021061115667635,0.00145716215265401,0.000516143222222028,0.000919817565224953,0.00830861873691815,0.00190158733562811,0.0197612471002006,0.00852547000145124,0.185903506114239,0.026451241357216,0.0557832301460647,0.0214424893978989,0.0030694767132675,0.0034840829081058,8.12301788122307e-05,0.000706083968636489,9.22066422495085e-05,0.000444342445979765,0.00650189219755321,0.00473961456750621,0.00186892631288863,0.00278440075499476,0.0032516067355863,0.00447376325349295,0.00772484897791919,0.00121646682231592,0.013693092698274,0.0114633684430588,0.0163143073947528,0.0101192815231099,0.0312791776128512,0.00985246282636899,0.0840940995903316,0.00711443522433023,0.0186461997988072,0.00621928836149466,0.021857441886612,0.0371706101764024,0.0454865327917935,0.00150785316923944,0.73183611430509,0.0405401399983413,0.00089730121340254,0.00143302246766583,0.00150460387802501
94.25,0.00931636201716642,0.00857252399430396,0.0115550041075696,0.00644774536857604,0.000683591831749761,0.000389204329019635,0.000106878033128736,0.00785420862868701,0.0252795323207732,0.0205869692839438,0.0119090333787782,0.0138540523158983,0.00404169743446147,0.000190616233122478,0.0695500421186173,0.0142018529707922,0.015668561114041,0.00561622208152621,0.00606417023650818,0.00144232658024322,0.00554473956294114,0.00421814712383474,0.00192700595617135,0.00393040854875097,0.00080055147198924,0.00516996341405761,0.0100541194703156,0.00726884721080868,0.0918859419963733,0.0438235185920049,0.0518525808541679,0.00957217630006334,0.00743824141471325,0.005371427729846,0.00364102980502489,0.00499688894027895,0.0019442616577234,0.00664215109180108,0.0146745740383005,0.00814217870126463,0.00346194706625506,0.00221677033351236,0.000136140984518178,0.00388109193402566,0.000621722927289674,0.00883396094851952,0.0130853468660177,0.0217979328510844,0.0139691504247996,0.00135976682769949,0.0124082345451284,0.00683573500436161,0.0181000884094879,0.0122211174936991,0.0152591689550122,0.004863928250728,0.0302966600099264,0.06225430688224,0.00514876961168309,0.0129544737540137,0.274977647340783,0.052800927727635,0.00418929939797563,0.00175651257757307,0.00581290954398527
94.5,0.0153757271826179,0.0001444094713287,0.013686867890456,0.000797614720267825,0.000341714676019575,0.000984562016601645,0.00235399421613629,0.00271529001335002,0.0575225512503029,0.0332432147351095,0.0787993230902162,0.001885471233053,0.065116153520307,0.0117637751325102,0.0774083511276427,0.00352424168301008,0.00596346338969272,0.0062327467736138,0.00187939387985627,0.00429280934416149,0.00586048215210674,0.00218136431288052,0.000305046630726417,0.00057692738551425,0.0025917742081608,0.00127883747518761,0.00147260275780512,0.00547968857003501,0.0750331957454356,0.00036771668527134,0.0108279148041166,0.0115711813148634,0.00735201971936976,0.00390173613208185,0.000625600375975591,0.0019511646878449,0.000938612327934846,0.00216928037907025,0.00653093293307124,0.000894679547764037,0.0020758110423009,0.00155627914490086,0.000588333861370211,0.00247968712227379,0.00712236753137869,0.00570868242295372,0.0228776511274218,0.00273327160049448,0.0189162927437093,0.00669434516094767,0.0092790631186442,0.0122981160724818,0.0295482826266261,0.000117247980827394,0.0153398354467693,0.0038085239565089,0.00521127235306947,0.00436098479656336,0.031942853683196,0.00128750569981937,0.423662789283195,0.0292158593783652,0.000786954271576453,0.00612416660541304,0.00592017566277258
94.75,0.0833471840347119,0.0287968915970126,0.0484687384842088,0.0145807398738186,0.00906878973212028,0.00032165520326515,0.0106151019991577,0.00226469629927015,0.138821174132847,0.0307806140858162,0.165275062823589,0.018875638569954,0.0346557222056238,0.000869972973995579,0.246224492410227,0.0169544369559723,0.0218726830241391,0.0170300303743246,0.00587261935298598,2.59206599419022e-05,0.0212328337622935,0.00469190593827586,0.000386289172925124,0.000690326723891658,0.0482163268918773,0.0122750235540386,0.0206404398164365,0.00586151504763799,0.127420705372243,0.033549008769764,0.088665121244221,0.0439548003924748,0.0277812019739841,0.0143459400610267,0.00472207595028395,0.00229012382728829,0.000196339558131504,0.000479755494586246,0.0433778159433406,0.0187189621867845,0.0351957803035393,0.00738982601832064,0.000473302701929466,0.000542167527357876,0.0275860321520293,0.00596853419891998,0.0882134785166332,0.025083441131628,0.0188696345334796,0.00509698035359102,0.051008410140744,0.0027577055120299,0.101725095438261,0.0277545155627912,0.026919676493105,0.0207112202864078,0.0632017063659163,0.0488025337325067,0.1563831114214,0.0120543491659579,0.808063799338476,0.0684590159080858,0.00158161065178974,0.00951843217014222,0.0135321528096055
95,0.0288696002461511,0.00341513019493515,0.00267117451203099,0.0105917565309868,0.00315818261790024,0.0102847696338425,0.00547110727426532,0.00534332661066829,0.0903267748337615,0.00834051789638116,0.0190014556119746,0.0157151992480241,0.00518043043923437,0.0102852433307942,0.0545448238761247,0.00275282488126476,0.035945437206762,0.0122120184235355,0.00423404010567342,0.00187084733875774,0.00407558482611148,0.00966594293535677,0.00149396740880716,0.00624934390969779,0.000170231327691358,0.01844597971608,0.0152712303757188,0.00938928187976176,0.0493180200895629,0.00766041915575502,0.0189400850525317,0.00606588547644388,0.00375711144370163,0.00823626059013866,0.00292511545851303,0.00388588484793518,0.00120692611027199,0.00640487733808482,0.0209542021939905,0.0101847135998594,0.00727824038225158,0.0118748657517881,0.00538099357283128,0.0069053508930429,0.0124754220288859,0.00200390213691205,0.00241774212006265,0.0121178286163337,0.0384588715579613,0.0154652418733782,0.027062678732665,0.00830220403257152,0.00912824166103032,0.00489445359956785,0.0159719937013936,0.0420472098138337,0.0567965762009788,0.00629179144964386,0.108098481753533,0.00157948827662572,0.634926391720552,0.0284523521074956,0.00126800954053003,0.00413462401468827,0.00499167575760274
95.25,0.0148493250370236,0.0348419185393193,0.00683315065543531,0.0117012693277777,0.00107079674479055,0.00246273771513232,0.00282102277145144,0.000543612527574981,0.0693728497649786,0.0118171162238848,0.0257956080353014,0.0295612030607952,0.116500628358761,0.0151940559523807,0.0673981257398376,0.00667114551512731,0.00958267050976882,0.00815878365754081,0.000698950092491519,0.000102417915107969,0.00505657994757062,0.00636279348578087,0.00137210063414539,0.000761763078851176,0.00444785890987944,0.0131281732275503,0.000810714116239911,0.00945591415490243,0.0663627228846647,0.0507986340546635,0.0168404380941097,0.0532258126180403,0.00236895786002708,0.00972046014310956,0.00149722584674383,0.00187812091894003,0.000626360202170126,0.00154996294459543,0.00500864528057567,0.0149108269700304,0.000538053625856685,0.00595819152710977,9.43442532502188e-05,0.000943699372339258,0.0117220245741651,0.00385530139677098,0.0106731094638503,0.0209169462894035,0.0139574811919092,0.00553751308727916,0.0131018996474762,0.00218369642640692,0.0292849063720321,0.0216282677205624,0.0148751309692855,0.0438229728434195,0.0128350733777051,0.0514282083387484,0.0462604789061683,0.0148620533487715,0.495079007255499,0.0384443098045863,0.000387942507670091,0.00485873678136747,0.0050474921703845
95.5,0.0634402754595701,0.0738674393801016,0.0240325027254426,0.0162641497627173,0.00133603658140882,0.00287828363342138,0.0180003252961629,0.00173066760560681,0.138548740609566,0.0285906165202176,0.0864826503438957,0.0357645512835958,0.0408906901604804,0.00960874620668946,0.286810767185997,0.0219610072617328,0.039243513534977,0.0165667687887315,0.00342137099643071,0.00404262891995913,0.0104866095669335,0.00777762557777449,0.000891305565882156,0.00180594647984761,0.0403593288537752,0.0325742470569515,0.032014560489316,0.00797703458085561,0.348862749529093,0.0141868373353714,0.254123235690227,0.02743267132018,0.0197828179921871,0.0120371603444609,0.000555991339536149,0.00324903708319239,0.00618840881527829,0.00190715911015691,0.0290453936071079,0.0335667686679501,0.0241274462581317,0.0110285615475369,0.00422720864679093,0.00126877192292331,0.0405548060920308,0.00772963214326002,0.0411869338321971,0.0284456103937999,0.00855399686369104,0.0170130094017483,0.0842936742146219,0.00506467055235621,0.065601972106203,0.0579931965971009,0.0171435936566345,0.0471970496980889,0.0868685387185895,0.0370487856606403,0.153068186747874,0.0294480243293251,1.15281655673768,0.0326961069358136,0.00017423650654474,0.0146188985894804,0.00724886280038343
95.75,0.0338999375769606,0.038196091358891,0.013422298494684,0.00257960043683177,0.00665721936290661,0.00732252108098844,0.00846867835999564,0.00186546365239256,0.127438235903015,0.00808496406919102,0.0386542447693831,0.0111786512247006,0.0603809874407951,0.025296996743037,0.062786109020691,0.0401323858184987,0.0166324910631747,0.00848952918433984,0.00484421990186597,0.00496656716347522,0.00642844315381126,0.00302803008467081,0.00593772141306091,0.000164387124501118,0.0142240665669717,0.00449441306776294,0.00105746628508632,0.051930547242293,0.0478572383260375,0.0412208218447008,0.00678500787428842,0.196503474462459,0.00916934561722458,0.00543404486414288,0.00412316416376579,0.00190796720570454,0.00361134692036411,0.000131951655654021,0.00589971543539169,0.0133130790094432,0.0127051839247622,1.71515133581722e-05,0.00302235654614758,0.00619849491993654,0.0201708398931062,0.00226115219705115,0.0129054368314207,0.00344703404890005,0.0414416797367744,0.0531781720014941,0.0172123554713303,0.0193070912729362,0.0199262956411953,0.0244970522077248,0.00778274002118025,0.0085575657047084,0.02666856006041,0.0518909356741607,0.140268202074086,0.00557812033288191,1.19443678633735,0.0179133378737307,0.00274598452059297,0.00890814305369058,0.00487836099542592
96,0.0176729630877537,0.038622933521486,0.0130092355160936,0.0181906929324787,0.00110646789140775,0.00118438318155967,0.00220163709913016,0.00698692472300002,0.0321919217497557,0.023756637979287,0.0131302201903776,0.0361538385698351,0.0994917294336183,0.00320079007555007,0.00795917545469371,0.0521282062428056,0.0213439745822415,0.00613171252304656,0.000400163674340687,0.000625702096374371,0.00212255625924647,0.00269237098966701,0.000486331332403417,0.000217851120797682,0.00403936815970954,0.013936632821649,0.0250587178477355,0.00994232350300456,0.0253192155767953,0.0352869911232921,0.0659952360299046,0.0374783497772444,0.0076453636759232,0.00820390194324025,0.000126057223620934,0.000113541862297436,0.000868047419757093,0.00281922641832706,0.00130374739781403,0.0241102354586661,0.00377758399131127,0.0132019027261287,0.00465546702332136,0.00216034273944868,0.00421723379221133,0.0157553792640585,0.0146073076970926,0.038542665476293,0.064754620340427,0.000617154954009828,0.00726966294083577,0.0375384491367712,0.0158927390534625,0.0432925983685592,0.012991281283167,0.0209220797242705,0.0113965959415125,0.0202301461899115,0.00692630350338574,0.0124528878192962,0.321508591557267,0.0351364662425191,0.000315470416878677,0.00387949045335609,0.00241120852146984
96.25,0.0294158812930822,0.0375865205415162,0.0101159381749565,0.0174331530943507,0.00241758781407453,0.00216086856137741,0.00928169811135723,0.000732468069338253,0.123301019962507,0.0244678993993086,0.0286043698494113,0.0342381402146728,0.0274527830864952,0.0057014092698783,0.0190308517565734,0.0360035342815364,0.019867991863057,0.00968929039797514,0.0046468833275657,0.00255603083437223,0.00519124806742153,0.00584321556444673,0.00312444777456867,0.00259562010582135,0.000532968630401906,0.00709082775640192,0.00406699351620606,0.00231510141161128,0.117281532832753,0.0197676156925472,0.0074819154253044,0.0177370049900643,0.00901985860153451,0.0137172146100731,0.00366154417402588,0.00268697000295017,0.00486131779932481,0.000756046819916967,0.0200949409617914,0.0262818610452283,0.0085882394198235,0.0104926321544093,0.00174166853835677,0.000192237427986663,0.0269769031893018,0.00391889854060678,0.0117315917609934,0.0312642865567805,0.00154945587600588,0.0108926249706058,0.0162752829157434,0.0163185816702779,0.0320973310914112,0.034954229301627,0.00483296069774836,0.035521650166313,0.0227236387095218,0.0226158923219088,0.227645758060629,0.00981885255720792,1.10454992076126,0.0665499787119338,0.00449290353570377,0.0120936576491373,0.00506603885344941
96.5,0.0164369067192573,0.0178102169639073,0.000822017016148223,0.0179484000260862,0.000760805167212142,0.00474900157556959,0.0061490174236299,0.00191249749701538,0.0639526578401498,0.00756554183336313,0.00231326417836446,0.0258927421372258,0.00246293933562939,0.0294296009023891,0.0110238621841945,0.00245030585993967,0.0138552639780241,0.0051810809581709,0.00136767555116932,0.000495582076901051,0.00297186303735053,0.00534818137302817,0.000193802828352323,0.000680296314528887,0.00551907117160134,0.012138820806904,0.000263744436525417,0.00700703861974392,0.0141690232432593,0.0570081073299226,0.00645310015082237,0.033510862509291,0.00513675636776458,0.00947609200830422,0.00100702242407752,0.00297313704473757,0.00235656476609573,0.000809018124911756,0.0192195142299172,0.0169236669020304,0.00234314723957641,0.0138150256390517,0.000430786603533769,0.000462628964489848,0.0214919649041783,0.00511966406414532,0.000218998768152538,0.0342184600120592,0.00163467641881135,0.0101954883677579,0.0113913432930208,0.0068641954121513,0.00800059987161407,0.0208754463531818,0.00173334140394133,0.0211477005161677,0.0327285233915935,0.0541127019492668,0.168265438206128,0.000582486884970733,0.316480464080735,0.0156707048356859,0.000605785320352181,0.0037629053318416,0.00268412346640864
96.75,0.00082566432877268,0.0131643120985961,0.00102070191057653,0.00408323690388105,0.00854671240794136,0.00136844025633943,0.00152819298042087,0.00311591684990608,0.00906843967284134,0.0243137431565393,0.0144150286815118,0.0131192324311102,0.0665266042446497,0.00481741420701497,0.0339270416378727,0.00903844002550002,0.00245140882896386,0.000160273628265811,0.00134831542904518,0.00278599880178181,0.000820549099703509,0.00032761195754457,0.00218335010060141,0.000691505373896474,0.00369791658903064,0.00466049581099252,0.0093730102316535,0.00373992723903447,0.0542924072584191,0.011125874685243,0.00158570499634985,0.0127082073794631,0.000311115279464415,0.000658706977653948,0.00148241575006327,0.000636997341706566,0.00339003096715641,0.00325502568078031,0.00881902721586394,0.00207620469236821,0.00332971631805165,0.00293813031258346,0.00706663975266942,0.00194083678051996,0.00486088550818355,0.0100620142318142,0.00278994827053863,0.0145674504023835,0.079315631846135,0.00247373928581721,0.00667130145247891,0.00498318564676619,0.0148321735175766,0.012556190849392,0.0174544611134106,0.00395224527865014,0.00666978009722457,0.0238321663954916,0.000599917578447693,0.0266572046510526,0.0144592631880216,0.000137663117960856,0.000974562490696332,0.00952882364983189,0.000694607496060675
97,0.00348581158612153,0.00679985025856632,0.000348929697723144,0.000771447270488929,0.00809215489434634,0.00452000828352553,0.00523736230818236,0.00152294711864403,0.0130050170425324,0.00543915486944366,0.000770518449237517,0.00626629918703677,0.192790077695191,0.0316883291415768,0.0375242275553113,0.0276275589283745,0.00549851414771235,0.000832870421239536,0.000430793262034135,0.000646727499544217,0.000704164295209574,0.000413576287543102,0.00187047336885748,7.57579915674719e-05,0.0359920867071688,0.00328835071547143,0.0123364495543869,0.0104476810078574,0.0126307358896019,0.05184726254582,0.00475900871578563,0.0538358390022182,0.000217512642626789,0.00167863571649224,0.000830093328354144,0.000349572095042247,0.00144174740020768,0.000419424678812342,0.0141384151694858,0.00397313558940196,0.00459276196823848,0.00188305442408195,0.00483602931282819,0.00147436354085667,0.00739582010632586,0.000330731495795824,0.000129112583349773,0.00224834279376646,0.0803334585274796,0.0105419297872164,0.00846278613561711,0.0075432646634903,0.00659889475729989,0.00688137285732465,0.0293830373062531,0.0111760578926196,0.000605502237818442,0.0423401882514744,0.0335045118933615,0.00584712189924885,0.0115712450771432,0.0172513511185144,0.00107401598669745,0.000670381782763576,0.000177536561975182
97.25,0.000621879001397952,0.00518622134660789,0.00907973823095617,0.00842179353301914,0.00181145340224183,0.00436363931402357,0.00439019431111683,0.00241009190398777,0.0254607110173351,0.0101669011105754,0.0428011097696113,0.00602834293911231,0.163258926926102,0.00658019039795534,0.0534103878177836,0.00570735398880038,0.00524429105955595,0.0062022372068016,0.00283668534944049,0.000659481712507214,0.00505921866226387,0.00410110858968992,0.000119496332653386,0.00116509205079468,0.0106719469789463,0.0172936061060709,0.00887863603798146,0.00628909253507542,0.0845132016725634,0.0386615785868882,0.0480473407846356,0.00970145320344441,0.00856680140433022,0.00418736957870504,0.000818557129620437,0.00596324715291857,0.000319207939908087,0.00193565271965583,0.02010921896127,0.00564553692085092,0.00774135471356068,0.0112717058091531,0.000993434083832691,0.00720094453741885,0.00510206692234244,0.00238723653952779,0.0135327288684325,0.014410924225559,0.0204411207712161,0.0072319544001134,0.0157614506639009,0.00382918574444295,0.0142190044579957,0.00913155264458183,0.0250766130519405,0.00112641575864802,0.0366593011679749,0.0126937750527544,0.0556064807137326,0.0299543482807069,0.163204942075849,0.0114840291369969,0.00114508888932302,0.00243099357961612,0.00490309538769585
97.5,0.00343894715786318,0.00711030220115486,0.00205807510656426,0.00173643363141,0.00168153429233071,0.00106708517993134,0.000468048729359092,0.0027623249096941,0.0443692395475524,0.00438959434071415,0.0359214763017295,0.00589453452859772,0.139110172774529,0.00911605625526789,0.0103625216038174,0.00425133110735519,0.00683582124698932,0.00177625566500021,0.000488481709855185,0.000123968118111901,0.000761588531823299,8.79189898639178e-05,0.000397331614518486,0.00391577331865989,0.0170826833401409,0.00172428159036047,0.00105236390486657,0.00919908104883946,0.0456977722116217,0.0595807613280734,0.00465027135229735,0.0143141043102877,0.000805436145114163,0.000697929922071092,4.53208221061682e-05,0.000305600102800294,0.000351835382633816,0.00105229798349249,0.00339421504515687,0.00216152688837118,0.000472138136758262,0.00155588133531776,0.000571479136525622,0.00320612947456458,0.00621123768748572,0.00376503572695983,0.00443468781505111,8.02439086630727e-05,0.0332237038496657,0.00143895460355771,0.0055095381026299,0.00442377465444124,0.0110637642841076,0.00525113627840148,0.0100477541488191,0.0280215107044833,0.0038839562279171,0.0429601824675774,0.077357984146593,0.01113144924993,0.475755932589062,0.00364888975013075,0.000944906365286457,0.00207679175058625,9.9544060145079e-05
97.75,0.00936561813369638,0.00299322218894607,0.00103905563143297,0.00666359997039496,0.000874562989174714,0.00861405246147943,0.00100722562784718,0.00489047137908772,0.0447657278600897,0.00249611570932577,0.00305641803247655,0.00186235081886407,0.0709532642637082,0.00735658612938525,0.0128481799944997,0.0220578346966347,0.010968641565219,0.000204248034336896,0.00141286576628718,0.000563179997923137,0.000712441347044999,0.00279678975524939,0.000947321327280684,0.0026448212971549,0.0193914297573638,0.0108779897994496,0.00217453694206783,0.0161379468181213,0.0261011388655631,0.0683956543098355,0.00529120879489643,0.0181680747502259,0.00018555171485603,0.000857552307057095,0.00100567985092497,0.00196542779312427,1.19064885182347e-05,0.0014712283551144,0.0122590835339095,0.00170139758995461,0.00115938722154967,0.0116158346363016,0.000280924230543464,0.0064821893485478,0.00344333550207717,0.00220486076645078,0.000836712296817515,0.0181817750480215,0.0233237916230037,0.0105166661620103,0.00488765449674904,0.00873346429840748,0.00512202158815668,0.00110678202342154,0.0154099970096878,0.00137146899712074,0.0510406176517303,0.00195862426114724,0.0266742100712103,0.00963882246355922,0.72731098265664,0.00680015904430198,0.00109367270175953,0.000272058623108121,0.000346657300090022
98,0.0100939318241242,0.00661472985066107,0.00897686901774447,0.000368955985496915,0.00104226402420038,0.00805380296797595,0.00197825880708204,0.0125653239069546,0.0318145034760989,0.00418814509006854,0.0232422689378305,0.00774551822685693,0.0449220932112165,0.0399870698303185,0.0214514476448022,0.0492442701704691,0.00156394365395554,0.000752430732944942,0.00326778186318231,0.00261243420258539,0.00237208114585843,0.000422971903962349,0.000339756289663622,0.00580077697430997,0.00897862943539043,0.00140228006889089,0.0184313083296765,0.0404707040463578,0.00634506386585022,0.013736575014162,0.0678785148065208,0.0929033886755383,0.00187897657596728,0.00116454373504235,0.000232477364164624,0.00372756138838644,0.00023921922619178,0.00724619452385997,0.0260557726876085,0.00124231744737813,0.00504779388110264,0.0012704617833705,0.00220219414764338,0.0142260416557171,0.00226267318743498,0.00705272839195239,0.010742180591772,0.00564773312184467,0.0472089764118225,0.0321853739029272,0.0102629499533807,0.0223428051362043,0.0127336946603733,0.00572166823042389,0.00622602354413663,0.0239153602134842,0.0277725922501304,0.00992633882098939,0.0534125672897443,0.0181935880581821,0.574001383728584,0.000819190844527951,0.00107657887152115,0.000841520011270533,0.00125542186003047
98.25,0.0119831443584379,0.0189664032115297,0.00278915188816835,0.00692931340628646,0.00403850024043164,0.000611689756703465,0.00071340536462857,0.00380563192251619,0.025256618776239,0.0134585523125895,0.00137160838962882,0.0353243837656294,0.0104767204816105,0.0024591177284092,0.0153488504179628,0.0541865780312614,0.0055922115117837,0.0013190706953969,0.00198830571619594,0.000670585324645052,0.00177027580035079,0.00131804113303975,0.00147948457257527,0.00267974398925381,0.0108644681347615,0.00622713963380304,0.0225777827999684,0.01119249131901,0.0145585523772516,0.0033636961512692,0.0246522135638768,0.0427643262851718,8.29802340978556e-05,0.00193489255261693,0.000697509052911272,0.00127114765496832,0.000963092458269942,0.00386587936577537,0.0283098423000697,0.0102926612582936,0.000991676129164593,0.00222123841127601,0.00303874851036739,0.00351090142272541,1.95330230781312e-05,0.00314744175830942,0.00361492043249723,0.0360442210053721,0.0457921644888517,0.00228475385401469,0.00401809076099156,0.0252229026951644,0.00158701661062707,0.016170109722975,0.00415024140946523,0.010141507695844,0.00281210832873552,0.0639264068696848,0.00774610707230005,0.00544722373523202,0.443342537374139,0.00206760827179915,0.00223570078537153,0.000462312305006028,0.00150951211676076
98.5,0.0178554703555515,0.0265357289273869,0.0054489595284102,0.0122485317979791,0.00374952554464883,0.000332828654238062,0.00455039872493303,0.0101766662586495,0.041161047123491,0.0326384160044962,0.0337408419953585,0.00963286482240332,0.0095989598786092,0.00155614190525491,0.0106447407562152,0.0307024482419413,0.0067158117797632,0.00520759440592533,0.00130222300910787,0.00236665731830209,0.003224353813378,0.0033965151232751,0.00329278112281034,0.000911536864898793,0.0128961073049644,0.0252382156360941,0.00895430919366084,0.0137045569244565,0.0105606965684265,0.0114379396449616,0.00728407205810284,0.0261447248002118,0.00516931483204405,0.00264905301674632,0.00224665425065506,0.000711625304792061,0.0043517063434387,0.0034074636285121,0.0303856872847898,0.0134230204777412,0.00314082755317086,0.0127589762948568,0.00498116353947673,0.00344872534615878,0.0101735213261001,0.0176214869281236,0.0156573288182809,0.0234802149747983,0.0252725051859317,0.000815973086746083,0.00834653688810658,0.0308379137272984,0.0225462220621697,0.0249007949437571,0.0187322224457423,0.00195430253284906,0.00145928912856274,0.0258803669571775,0.0417488218491816,0.00986754263837685,0.0557833365235092,0.0252141000891502,0.00254047976745553,0.015249788305242,0.00418640473301278
98.75,0.0935812623427595,0.0117385890433524,0.0435788870234643,0.0170155678429001,0.00186798399291056,0.00655385186323196,0.00652378850996345,0.00201677741837151,0.0541132234489183,0.0261773949615093,0.129352755394402,0.0283704676414258,0.183865367376676,0.00872741715392778,0.0692659541441884,0.0384485260349632,0.0224333505302742,0.0151632592418681,0.00437310966386847,0.00179844447850841,0.00899441979296395,0.00790515462163087,5.81498129872641e-05,0.000916220755833717,0.0474546438283869,0.0158763215080423,0.0147287815128789,0.00187583203283317,0.013242805468677,0.0120559932402734,0.0136489097492549,0.0285195673685027,0.021349150887342,0.0106042810607239,0.00480858375498647,0.0042955920895591,0.00129948788407622,0.00118727018790282,0.0574216940843475,0.00897243509913545,0.0142921635719601,0.0174208206274644,0.00201378805648612,0.000469682151515221,0.00991848112987749,0.00618935908966445,0.0928103651512354,0.0282158634748564,0.0308572683237477,0.00761749404794771,0.0147165694517067,0.0128158776799659,0.128811810276518,0.0119799385061175,0.118441282413974,0.0572387687986319,0.0586290005487318,0.0933824621064077,0.0403482296153109,0.00352420456301561,0.595775335922533,0.0768791467756881,0.000417723496510507,0.00672143025772372,0.00989259051463214
99,0.0136438112638246,0.0453931219472698,0.00574799665954007,0.00378545928804568,0.00179509139223797,0.00108815568696082,0.00205592153660662,0.0137299085924467,0.000922063389082411,0.0135193150729861,0.0144867731863073,0.029761835784523,0.0866387199822869,0.00936327465595485,0.0125260684633453,0.0393088382978971,0.000172130929560228,0.002010652968615,0.00362696229931654,0.00466506785667765,0.00234133217811229,0.000204337670910991,0.00240463538169446,0.00618950323381852,0.00028223951964966,0.021710118713513,0.00203534726728737,0.0167099484350495,0.0710506223393689,0.0604955832078082,0.0159633795844016,0.0415700339358574,0.00344412078132823,0.00181760494803003,0.00261939814336191,0.00164987881673386,0.00200813146094908,0.00558724001768949,0.00378913092012443,0.0103667338216083,0.00327119933396664,0.000567966311131559,0.00185985821685344,0.0096518260031203,0.0011267044494851,0.0192602127064955,0.00706759067710096,0.0164627093769623,0.00279840634750682,0.00122817126016986,0.00172637121874648,0.0312842177073756,0.00940106458527292,0.0330338103936263,0.00814420515654895,0.0411248900600352,0.0106571570393652,0.0237792061145034,0.00675049360168186,0.0017246029883303,0.0526570571180453,0.0135520287548868,0.00461490851160708,0.00751369731330816,0.00215657753850199
99.25,0.00731902287690609,0.00261032356331089,0.0110670617634891,0.000989739496730118,0.00247031577310747,0.00193565537684285,0.000820547055929894,0.00206593037246995,0.00302807553940211,0.00351139201547876,0.0649671877340555,0.00693047142019368,0.0660050995607258,0.0249644393906905,0.0220857081574709,0.00889697729316526,0.00681359662299903,0.00133514469177684,0.00332200898807712,0.00162087758248631,0.00244977716417984,0.000475482971181635,0.00090232492471666,0.00095428110792319,0.0163672660313028,0.017564681991537,3.51793177173571e-05,0.00631842445775738,0.0211734077760413,0.062212356217794,0.0185549618131646,0.0194964630320785,0.00558661861425324,0.000266042767385797,0.00183229972024424,0.00116485954633603,0.000792954910767825,0.00185271130885384,0.00767849464468482,0.000957251654994311,0.00515179544376478,0.00104826607160811,0.0015548756818354,0.00141406385919359,0.00111188980880675,2.71859466946279e-05,0.0226815683171872,0.00829543123249996,0.0178875764196099,0.00476616628860988,0.000838936918697242,0.0030592771084054,0.0238602302801974,7.91829783914156e-06,0.0218091807722812,0.0259561372238939,0.00363907199858353,0.0520176646950608,0.00476533595000813,0.00178578091023141,0.0347035196905402,0.0087908314510567,0.00215147646439106,0.00111067676205678,0.00169838859647339
99.5,0.0124486003644001,0.0115238263553098,0.00272786547371727,0.00413707208250367,0.00667666518174639,0.00225760741525728,0.00484323967033649,0.0017063340134665,0.0114220029933756,0.00538451821868442,0.0295517279046646,0.0291369955357967,0.0650802149761906,0.0069172103166601,0.0117030024509066,0.0147603197218564,0.00579814049856388,0.000163115922238125,0.000603166958216708,0.000600445145889713,7.32089473164797e-05,0.00195661304848445,0.00347182584221773,0.0016919555696799,0.00449394575237906,0.00105227664328345,0.0155056174779425,0.00978059926056438,0.0212014392639847,0.00342651440046552,0.0361584732916336,0.016969107842033,4.87129279899973e-05,0.00123661009988778,0.00129808389789776,0.000439502697010243,0.00211673837267145,0.000939453432423146,0.0125530140975706,0.00588837670093465,0.00194492241446102,0.00272686991709686,0.0101868526017151,0.00319485606137083,0.00730653172448431,0.0018814415399964,0.0179284573902557,0.0378156108227042,0.0462962759442873,0.0111342666978611,0.0121804070265431,0.0088220705713364,0.0306678009457013,0.0120185718302991,0.0161141349907565,0.0219501586695366,0.00465860898687641,0.141718038670979,0.0252280983485721,0.0108635391151265,0.0129463230006681,0.0380747504848749,0.00148141295934732,0.00205292267607073,0.000229734479343128
99.75,0.0287331443638952,0.00538586957119688,0.0115261180946175,0.00365043143321678,0.00612066348120303,0.00534893167367648,0.000811773541907997,0.00833871689405364,0.0286024232714904,0.0190047518997018,0.0407386713235002,0.0155351545128035,0.0471114620816505,0.0265872528790209,0.00543074823082218,0.0155099364217739,0.0105691593507544,0.00245092310528188,7.56490613808213e-05,0.00194180341859624,0.00198268337273996,0.00027423268685386,0.000272788603084452,0.00192935805159816,0.0201378106880887,0.0117922247319882,0.0165433884480874,0.0167698573931687,0.0310044163346239,0.00164869802251251,0.0858987474408798,0.0570622195525054,0.00824800888255744,0.00272210964126238,0.000314716831204611,0.000945347125544567,0.0005017634026176,0.00239050135792127,0.0177472558145714,0.0079321917920927,0.0168127287098317,0.00598545905125114,0.0030462200315625,0.00648516949693241,0.00679079700887092,0.0133903231272855,0.0259481609852233,0.016072292770278,0.0494763912445791,0.0307097124341087,0.00253254445841479,0.00833389280383684,0.0643553711280843,0.00770738964579872,0.0027402522703196,0.0275984229051129,0.00602517555209308,0.121840544307955,0.0304619403071557,0.0279385712000028,0.160979298747627,0.0695324119954769,0.000133893762958459,0.00501123168128564,0.000434218365841326
100,0.0208024408651381,0.00378869845942751,0.0196753624429233,0.00570701761527695,0.00582867013540909,0.000515572335235278,0.00522750615509751,0.00108947255982532,0.048149485741283,0.0248516522529859,0.102639344609931,0.0105188308868702,0.127559280602162,0.00289541608903799,0.0403830004835179,0.000949685895058311,0.00171688001721347,0.00425376659524614,0.000988938202283121,0.00375285738307537,0.00263298460586118,0.00184527951589702,0.000156571234756811,0.00160625815467646,0.0375064530272921,0.0113091462684949,0.00170057013325673,0.000273700120425766,0.0030518786287712,0.00793166512665722,0.0128207350813012,0.00382197175494399,0.0109368824493384,0.00532897436941658,0.000790468013035471,0.00168522832827618,0.00262294662897399,0.00171330467914668,0.0159546726013735,0.003764289365053,0.0219454985981831,0.00281795547382027,0.000257882112464407,0.000110721069885178,0.0134045573835645,0.00742202998811905,0.043348308975647,0.00663802109912249,0.0536111387894344,0.00194293049845678,0.00972380205102008,0.000235073357485789,0.0542005667118909,0.00447948774762988,0.0620369052191213,0.00365386072196157,0.0449571782923565,0.0422394865665989,0.0330229493298872,0.0240589541321058,0.474448710383678,0.0335752642442276,0.00043696927046193,0.00969643579174874,0.00172321080928016
100.25,0.0412507040643775,0.0132986135790933,0.0112640115551219,0.00101170372316978,0.00108195661270358,0.0030916217862871,0.0155868649032311,0.00220208744468906,0.0787011966370321,0.042805429208891,0.205825770986819,0.0054364803117206,0.0120306894526376,0.0160963877358597,0.05408287851176,0.0075570194625788,0.0117223837837273,0.00297168822270328,0.00167282718606647,0.00988867682416132,0.000725361128863804,2.01578334186319e-05,0.00406556337015894,0.0027127413751228,0.0351781442260873,0.012517718413143,0.00847471957911217,0.00482840845009409,0.0436023403949033,0.0110929205787666,0.00289668207186584,0.0262415074162368,0.00573213372972832,0.00327789221456115,0.0012820453834608,0.000281233157208406,0.00734815450187965,0.00331296080793832,0.0196305461074754,0.0111595440993251,0.00149542579699165,0.00119428002194287,0.00488120779103292,0.000390203028087452,0.0246889258926615,0.014663854265865,0.061939108779394,0.00541278257760731,0.0260339540499861,0.0164072524320519,0.0313398812803242,0.000837526251471918,0.0919202766541981,0.0145026476520263,0.0659655428935238,0.00232620484947147,0.0248076977686951,0.129122887610009,0.0515170470729913,0.00744926329477489,0.401149097739569,0.0656573415453625,0.00320401470138236,0.0188071169489785,0.0007107399677704
100.5,0.00478541521998383,0.00448199292084986,0.00326474761764367,0.000743684923977619,0.00810185524671916,0.00596864076689343,0.00619848766546387,0.00227207897853368,0.0366446469627577,0.00181841680890334,0.00104223560895048,0.00179972650764831,0.147394461315007,0.0196466667582188,0.0699213780396828,0.0121475484472822,0.00275055692844241,0.00258472834307408,0.000711000721569611,0.00250231065074975,0.00285002456563517,0.000546818825855164,8.29883731965923e-05,0.00173994267765009,0.0227322692876803,0.00864609449769611,0.00738053273512369,0.0208913474183646,0.0315493640487481,0.00470326721447312,0.0603042219235948,0.0102682828384156,0.00171782765609699,0.0008527775151917,0.0019158598688486,0.00127503846007108,0.00196341262015962,0.00226132970876249,1.69451232786976e-05,0.00166381518865991,0.0166279581514609,2.10719224890838e-05,0.000186590650997841,0.00361271174150785,0.0151272618303003,0.00134739831692635,0.00410188200020348,0.0110511789327114,0.0751466070713246,0.0184856275249047,0.0233080392479135,0.00619100611974424,0.0174846457298634,0.00281460223284017,0.0236117991975141,0.00599008758274082,0.0151097317458946,0.0264485482321881,0.0681570553075566,0.00837239503518492,0.205058728611354,0.00744720092984428,0.00146800888857238,0.0080357404095395,0.0012113853889067
100.75,0.00399785367743373,0.00622204744652329,0.000903198656225295,0.0023538576572939,0.0102321767541192,0.00183982580609431,0.00432289479241448,0.00592660521333991,0.0183749071036571,0.00933792118166091,0.00958403469335399,0.00572012416654428,0.144859144550192,0.0185661157816609,0.0686346899345493,0.00644373771387885,0.00311303942578933,0.00066776943877108,0.000366862125108787,0.000579560811452714,0.00044363982507828,0.000196563583847005,0.000115150847177006,0.00148701227352674,0.00967403433071464,0.00295008689348399,0.0247878122742244,0.00676615766291536,0.0260058274807211,0.00430794441659071,0.041967823147569,0.0156953896075092,0.000544648224834281,0.00193844604879831,0.000503222646379216,0.00085646820698775,0.00101954570717012,0.00230014812419933,0.00810679066197478,0.00409996941812248,0.0123696533618771,0.000765218487277859,0.00404619027077279,0.00395179532823502,0.00429755412570955,0.00605736016658279,0.000519104632153788,0.00203300582033252,0.130277993274489,0.00980830301927296,0.012456757300895,0.010202114946239,0.00378764604102537,0.00448916381978339,0.0331009149979322,0.0231752818068047,0.0355882009533565,0.0346196051810941,0.0250062390477712,0.0154361909296831,0.153840282215312,0.0113058212529985,0.000623087198429011,0.00267187241267218,0.000136385131346618
101,0.00460074294987277,0.00430695554009505,0.000259641676969722,0.00318643051675732,0.000238418878731388,0.00380681082650305,0.000102161136773225,0.00180360687554338,0.00140302129039036,0.00764968815260058,0.0115599549565451,0.00426369608698691,0.0375435614960043,0.0127268678723583,0.00193124973793557,0.0105014762608155,4.67950023784022e-05,0.00111885843612995,0.00103758202983459,0.00244374703112314,0.00126554045783215,0.001871698708996,0.00135425160342038,0.00120534414769347,0.0111335883732986,0.00719973242868163,1.3636803649793e-06,0.00835675533991064,0.145730034585574,0.00135679906933521,0.0213505478042502,0.0735681176300198,0.000263210673887672,0.000884742063055132,0.000716223992411429,0.00142235215357335,0.00103684606225885,0.00151517183576258,0.0018364566096498,0.000579300895986559,0.00182766420550967,0.0036708005142334,0.000135755505614966,0.00375518193330875,5.78403237870263e-05,0.00105559790699001,0.00365590843603538,0.000357543898571729,0.00997571897132216,0.00959559507412522,0.000210986304830914,0.00525349768665358,0.00833273560019459,0.00117212418426171,0.0147226327024041,0.00187087126940737,0.0368997940051032,0.0337747247099817,0.0106994293854341,0.00469867984406047,0.080131132831442,0.00226545544655076,0.00162992264162147,0.00267151360596673,0.000499813213666124
101.25,0.021942822589002,0.0133122175394372,0.00861569820498036,0.00359634346109461,0.00370765171031306,0.0030622173626119,0.00351799160865994,0.00705009689403561,0.0150139930446339,0.00337684007786437,0.0429900118201039,0.00400164471180839,0.0213371497958929,0.00631185695395865,0.0351807864870582,0.0277827437321936,0.0242505485327499,0.00465816656322963,0.000287917339442083,0.00132889673967329,9.42744019760531e-05,0.0001648139681958,0.000286744492720675,0.0011737288882228,0.00166116261955951,0.00939794342796212,0.00896635780041579,0.0155980517049259,0.135287198940928,0.0105272527571257,0.104216233462473,0.0282061208285132,0.00260295443818936,0.00368692329922268,0.000105290545086089,0.000421257597212025,0.00209765884382079,0.00212281016490804,0.0180810094592279,0.00836526342792046,0.00751674420054607,0.00438435278598295,0.00160597463180813,0.00556198573739624,0.00287404241617393,0.00613178618211932,0.0134313034855974,0.00549467179883545,0.015000418943162,0.0133372925320304,0.00687315264266825,0.0330924075251163,0.0256116513250743,0.00972814903196432,0.032268935912996,0.00365543989767158,0.0412355420268662,0.0643218395828493,0.0167633185691877,0.00916479553536968,0.203053617522924,0.00722836351126196,0.000314049605927687,0.00316562026065729,0.00122349361668393
101.5,0.0264568832530979,0.00335784510825564,0.0107259170947567,0.00363991574713367,0.015405303055664,0.000454316259908989,0.00442833686838872,0.00550700871732963,0.0356149895520095,0.0027948119678658,0.0286507053384837,0.0028837111352963,0.0597196924694613,0.00343029325365867,0.0355342248481625,0.00182192081532533,0.00829931029312289,0.000565728777576917,6.82636277783821e-06,0.00327973577095224,0.00448547408186579,0.000368861948724465,0.000776093399052588,0.000417734910831899,0.0653702898933656,0.00391245730175467,0.0422690673976775,0.00762329372512047,0.00151293794054691,0.0202321186391575,0.0683152732939282,0.0124147181347075,0.00406802219304518,0.00272201832449746,0.00129477577126818,0.00075370653306926,0.00163567648810377,0.00180621757736728,0.027550519804846,0.00572139342769429,0.0347209015023141,0.00244425901374261,0.00521775559602861,0.00373375027588112,0.00914565488501376,0.00225369185780804,0.0336016788998748,0.00350487347201367,0.149796505455608,0.00173648592028677,0.012414288103,0.0123832062634514,0.0570799470116441,0.0109700104031321,0.00171860430657201,0.00166649744750023,0.0124920745745098,0.0124607120284131,0.055908543989844,0.028379632391003,0.162026823990372,0.00358555938228203,0.000480883352656913,0.00607744645620077,0.000764062606421845
101.75,0.000422827157273701,0.018972812346738,0.00417526168757921,0.0109642127510518,0.000761650758306841,0.0113349576301108,0.00281615484435665,0.00120862995133299,0.0215025272254627,0.020679536550177,0.0483796287264874,0.013584229466379,0.0167678322987894,0.027513550616645,0.0202345082662698,0.0182691397283075,0.00668062331468128,0.000735930664839651,8.16112896762622e-05,0.000454515389304795,0.000474983687296254,0.00270865882681571,0.000412610236152537,0.00108132058566349,0.0167693337861171,0.0459831449459518,0.0143036363009895,0.0186474059609952,0.000231521053148252,0.0210836803981661,0.0487163361918889,0.0223902302601736,0.000113744630352687,0.00312435986945334,0.000277001443267435,0.00417296351110214,0.00130057410508948,0.000325545734307915,0.0136836227491659,0.0103997497804838,0.00113294011588619,0.0147494898012377,0.00215415061938863,0.00521702686889014,0.00634340809007866,0.00666875059636032,0.0186619717752667,0.0268247381858664,0.00974525435601117,0.0248954225854511,0.00695547517399898,0.00671050737109367,0.00926571926608214,0.0244854056769171,0.0309254910795649,0.0276897729774438,0.0121909180092023,0.0500607867435675,0.0381208586528156,0.10142930046454,0.260201623838623,0.00850359113199636,0.00019491094041333,0.00212112402394628,0.000260120978121181
102,0.00106077785019018,0.000273640220351938,0.00430114370845172,0.000208064723449078,0.00142302993956843,0.00566062939245564,0.00255575592869133,0.00753420607551014,0.0250571794959318,0.00872383805986229,0.0101508738243356,0.00149080720563112,0.155654354860745,0.0140993159440841,0.0129201295154268,0.0319863765545078,0.00387451094603273,0.000264597588778251,0.000653413895054871,0.0017998543813946,0.000380915606921902,0.00406251658507038,0.000696154597728449,0.00342933988602277,0.0363809384009684,0.00193032986956703,0.000776776635381843,0.0287951400806767,0.0155664006411419,0.00302959736200737,0.00065274223438544,0.0793615493116517,0.000964171375015365,0.000131622397132151,0.000155411940913451,0.00267710904747372,0.000556615749285692,0.00320327958916816,0.0265143790123178,0.00120602871663527,0.00596076166280989,0.00255510074303586,7.16057787200972e-05,0.00944799326400565,0.00627553490661643,0.00173046913411686,0.0186847934707966,0.000625751407081491,0.0173798810659565,0.018180230611717,0.00314855453598556,0.0179832721524497,0.0232810541699112,0.00109192588949308,0.00108140570322729,0.00433928665105894,0.0108601770638712,0.00482557248693315,0.0340787026680898,0.0174756584531636,0.312545936829362,0.00898751250090923,0.00205620785207467,0.00411346617454768,0.000566267444543581
102.25,0.0091022848495141,0.00937268336678995,0.00866251161174486,0.00891193369026547,0.000566594858556748,0.00294663947970001,0.007315245584344,0.0005999119913799,0.013832600686148,0.0107961035297084,0.0503468193895677,0.0258627043555471,0.0337671241105713,0.00423023440951138,0.0275311137372579,0.00853883096786351,0.0102159072211239,0.00112323472599195,0.000431965514829117,0.00227298207729065,0.00192500597268493,0.00107948342545605,0.00145651850551087,0.000270404133430411,0.00912296010387845,0.00874963071709996,0.0105110904531276,0.0158127266172525,0.00197105033409821,0.00510737384770673,0.0569277370154983,0.0110987402165001,0.00496079044802821,0.00337960722317091,0.000215494516736346,0.000519701303858216,0.00408700702784298,0.000108273122632698,0.0234758911875347,0.0113101191113923,0.00964577663393393,0.00543386272836668,0.00231997879622759,0.00223795060469149,0.0102530678617785,0.00139344060433989,0.0215476379076884,0.0257659717222038,0.0231632140634681,0.0101179481111591,0.0124453347473775,0.00787795737859238,0.0398227254763049,0.0167296115747752,0.0348529454093105,0.00119259430427975,0.0444674890175043,0.0141861294608901,0.0191552946410492,0.0260080899681865,0.349000798985841,0.0118990803662655,0.000344547566529269,0.00378288946306388,3.0651254691475e-05
102.5,0.0249597313863305,0.00592145957990829,0.00150985246419062,0.00342154193277482,0.000432171280387118,0.00220668342645654,0.00244508983651991,0.000275783424520329,0.0156868986799328,0.0292651659383808,0.0529076196007871,0.00389023288029998,0.0388317362161907,0.00744768177313676,0.0305801796540174,0.00746230830529355,0.0032029709135532,0.00149424022935667,0.00144110187559057,0.00115900629420523,0.000361591528398039,0.000727014673110014,0.00105343760193843,8.86999647268262e-05,0.00438084282807102,0.0109332258231991,0.000267512225696985,0.00792880781735718,0.026114693677307,0.0123543747325535,0.00259751331014543,0.0183581252040718,0.00140368053475242,0.00150469042180376,0.000999439330496894,0.000976360268748291,0.00116907416652633,0.000162742060999179,0.00947818982160849,0.00212497343843309,0.000516020795937778,0.00421236509668061,0.00111718116305997,0.00205582783367588,0.00550826237373027,0.00379750298856813,0.012186771917804,0.00233693360387105,0.00118138603573622,0.00782703555225484,0.00354144217809965,0.00626992792463275,0.0396045176814445,0.00426489817580134,0.0339382496871053,0.00625072148914314,0.00777006346491379,0.101576646798987,0.0377800939255175,0.0610844347146509,0.091758319249319,0.0371628603673189,0.000376771437271634,0.0049715268875997,0.000362684813854629
102.75,0.00960246226648967,0.00638903570269995,0.00187651755166113,0.000612414752826756,0.00294025185189968,0.0032382761505837,0.00724980479291982,0.00480046142903525,0.011749076037265,0.00264429499727686,0.00334133091785624,0.00739497789945054,0.289829494545355,0.0244840948305092,0.0657323729501801,0.0234381321579966,0.00252609342880172,0.000493454514897914,0.000959688699962096,0.00119405845811391,0.000957883430932373,0.000917786661055387,0.00310500911410057,0.00120172282570108,0.012939366924424,0.0103164497216055,0.0381867699301324,0.0374419609295666,0.00734751486709816,0.0326310498080154,0.129099457630171,0.0679238223286554,0.00229650594450595,0.00125911540442867,0.00130247696899721,0.000857295691133469,0.00158006998399806,0.000287609345313376,0.0041641444349349,0.00368847345551377,0.000628992798851172,0.00168192331643627,0.00671343496364323,0.00820896754301582,0.00775780669556315,0.000953551130351953,0.00481959260276461,0.00337257935203542,0.0342286710673103,0.0286575676936913,0.0189186772638999,0.0267961101028641,0.0102056313301589,0.0103033624850645,0.0134149653792733,0.00528663773459952,0.0431015334357653,0.00792674502269311,0.0394481115443563,0.0360461672581362,0.117836452253244,0.00438536504708645,0.000677832533435078,0.00261656693176366,0.000547761472675336
103,0.0172307915281062,0.0203814472391411,0.000246190237675708,0.0042553492293608,0.0212109548208659,0.00229354326005283,0.0117808794896548,0.000192057507374995,0.00495131358361075,0.00155368977057465,0.0325631148125751,0.0429723886450055,0.164447389253543,0.0590988936787489,0.00148780507681721,0.00623949359891579,0.00335944698572594,0.000839289206153409,0.00381470952336839,0.00322537524393718,0.00675356037278168,0.000668977111134727,0.00988932051094807,0.000629974163383559,0.0557040248040306,0.0371914315728274,0.0374500027575671,0.0153506787716916,0.0622854742758885,0.0326448438787936,0.0424171391278093,0.0396060994453071,0.00171466778971463,0.00125366183785826,0.00854278113916139,7.34692838997411e-05,0.00449777291210841,0.000166047099540622,0.00148770138560483,0.0119136211085757,0.0196344415453952,0.00345549990017487,0.0115951578667673,0.00111033929385455,0.0038127421362015,0.0011725007446263,0.000731590578583612,0.0243632283054253,0.0646043726866888,0.0385585297589235,0.0111225435580447,0.00529361783542631,0.016122641461306,0.0342456441675953,0.0200842186759857,0.0842583401754268,0.00588800600782423,0.0305648496480347,0.0371511082938916,0.012615450406065,0.0103099720306669,0.00197637092423564,0.00428024707361013,0.00151736097769662,0.00212280044569479
103.25,0.00552695798020374,0.00745846998850236,0.00987658947514621,0.00984548606559328,0.00409327045061404,0.00613995912221792,0.00106119050925409,0.00135269138845379,0.0411255417271194,0.0161604894109165,0.047330392557322,0.00456525960445137,0.187383695398544,0.00423622717736293,0.0751744103138167,0.012429024649615,0.0156456200830429,0.00245640108469396,0.00421830489521924,0.000935384223173568,0.00425677132070224,0.00394287523345974,0.000451915681365012,0.00227652729782497,0.0279026435824891,0.0424498580212465,0.000738886953730555,0.00185324623126262,0.0104823408921584,0.0167230148739835,0.0145780832666647,0.00143862415951465,0.00549473105227209,0.00291486963190075,0.00273050905876137,0.00475581749749603,0.000826765697468934,0.00193220007868319,0.00303609818811342,0.00388711977297,0.0136001002897382,0.0152917046411541,5.828735823549e-05,0.00195226885342202,0.00631595478525533,0.00158420649562916,0.0252104163551159,0.00430860074532873,0.00281436141977626,0.00512812738246111,0.0113407538899449,0.00571657348777132,0.0333504604983227,0.00603410980556839,0.0667460165471043,0.00568459007850889,0.0320374681510699,0.0219829907855632,0.0856722136833688,0.0202002262922297,0.573635020731629,0.0091948701339165,0.0010167741549149,0.0033962864052106,0.00185838838740721
103.5,0.0126926020342788,0.0208817876340607,0.00155161363072249,0.0163733183222758,0.00500761771197336,0.00958929431445616,0.0097832335293476,0.0027957585978406,0.0515133415066348,0.0136606796288861,0.0069564569383663,0.043013000548353,0.0590229349100213,0.0168428068520864,0.0326390376791712,0.00569682348780381,0.00655439757678756,0.00191667710375966,0.000310768643087617,0.00169099337863179,0.00167273898917269,0.00196250817623068,0.0029359387504851,0.00265196293420869,0.019582078792795,0.0329117420479576,0.021459624262906,0.0155996024854529,0.0115249210229525,0.0255035853820849,0.111887185658718,0.0228513763692074,0.00149936407068791,0.0059144272301535,0.0013990490254018,0.000699563600521321,0.00255694298752416,0.000971720817602235,0.000227845928325476,0.0108905051779783,0.00388212811393619,0.0159542276120973,0.00637251029873011,0.00805066316795374,0.014265000003001,0.00344059672156443,0.00272636309457457,0.0291508258512847,0.0477388096030901,0.022965343026009,0.020959440170354,0.0115143208345771,0.001790779729068,0.0259049048528599,0.00694530871073493,0.029271991353987,0.0323048458348202,0.015399570669429,0.118622895725059,0.0266755900009017,0.354360386172617,0.00521998996179333,6.9885709644017e-06,0.00340686417948377,0.00129810346987017
103.75,0.00686954902247429,0.00158353383440312,0.00940808038344319,2.79942721335689e-06,0.0122831084284658,0.00286398343924384,0.000560654067464248,0.00353199285172927,0.0134703710797182,0.00276248861775005,0.0385747800136807,0.00193185164036242,0.0737075688793417,0.0310094613636837,0.00950911402155249,0.00993745049542397,0.0156616485679679,0.00138238770158216,0.000791048935644551,0.00115451040554548,0.00472491208592476,0.000291944984476714,0.00116787594470972,0.00117937875437412,0.070621831712575,0.00221529321924208,0.0142332791301413,0.0252185456581883,0.0629738774009596,0.00437241546652535,0.0210552668818494,0.051090886602765,0.00263702232754009,6.41343431405162e-05,0.00279752781131254,0.000659920264053197,0.000323742064223206,0.00177654674196219,0.0106939981484505,0.00362410650630938,0.0242635051966565,0.00103618509603749,0.00363981044924798,0.00706887768736765,0.00281197410644563,0.00252991221706066,0.0254709951281529,0.000723322049251671,0.0567644234865097,0.0205281758100864,0.00344875443322089,0.0128739771391331,0.0234979058072013,0.00199157594840892,0.0380576581463458,0.0273228780565285,0.00191064982635639,0.00890004313296526,0.020855448329174,0.0357260118865527,0.234314272994912,0.00436907364928819,0.000317944344938387,0.00233300943481436,0.000669336277438706
104,0.0401615533335971,0.0207388347869252,0.0109068171583465,0.00663410065668954,0.00108778986299527,0.000573409663680726,0.00337816815784833,0.00803096544107281,0.0500862651823993,0.0122015910812474,0.0670504333624221,0.0224922270950677,0.0824072422298613,0.000890482298556439,0.0306450115427509,0.0195804780585618,0.00897960812167693,0.00491097299250053,0.000343578513284762,0.00127487653716418,0.00165694172761168,0.00150699435597184,0.000140963905029608,0.000383444992310316,0.00688326545663095,0.00421374017101337,0.00347404358093428,0.00783428355926149,0.121974982401613,0.00133627378618351,0.00395370909760115,0.0240834952235624,0.00580532481070564,0.00387755242874167,0.000311342538008689,0.000748131477319277,0.000751517640117618,0.00377327971881751,0.0156336324163426,0.0113862215647847,0.00437236980637303,0.00178617156316597,0.000776429002614312,0.00523797556035196,0.0142840544060593,0.00896271487682895,0.0127433619167123,0.0205142287727843,0.000551593529700348,0.00180333973955124,0.0107203396046172,0.0182279979158612,0.0438596394099874,0.0194110005933672,0.060328447825539,0.00404319345217607,0.00549989905625524,0.0147603537518851,0.0967972937740917,0.0170645634478519,0.620304273691699,0.0199323135747468,0.00112434036616911,0.00593166250400443,0.000895568859817219
104.25,0.0527105683743289,0.0255504300464315,0.017406911304503,0.0159832617431892,0.000261444779063416,0.0011321724001269,0.00723607312894901,0.0071203343318042,0.0282287751191671,0.00557692358835414,0.0647154621609192,0.030260992945499,0.0590440980777498,0.00514708903397459,0.146640389477805,0.0109970747418114,0.012487009592495,0.00675959975825305,0.00135710043676486,0.00116123428020036,0.00241563085371103,0.00414323383231118,0.000495906684546806,0.00326094167506874,0.00837606842870966,0.000982515448905006,0.0075668798776973,0.0200795775394117,0.0140288379177421,0.0096337452296477,0.0319443059739088,0.0147715132678396,0.00801985316301829,0.0130485124469837,0.00172628771559794,0.00199120730625849,0.00265427818382668,0.00322314881869323,0.00824458206103673,0.0214641300068964,0.00688597825805526,0.00430445802293348,0.00146927226978394,0.00608101092591546,0.0107986934710075,0.00382351782452538,0.0275822233068386,0.0235229533836044,0.000908370115488607,0.0071455365586492,0.0278777146416023,0.0157800506313121,0.0509349973239481,0.0258297873723115,0.0130570027091888,0.000942036906873553,0.0407790298322766,0.0157699935508458,0.0510706400218214,0.00980966057078297,0.242925712142587,0.00296342877221543,0.000397462362687672,0.00427316586771342,0.00451961964782901
104.5,0.00286830104354295,0.02278704405777,0.00170754087749833,0.0127456289679716,0.000907446490378854,0.00404462057662243,0.00259530254655342,0.00070469067413243,0.0018498552656794,0.00174759611798945,0.0232249259860627,0.0222979906307234,0.0440953355614766,0.00880538810298134,0.124706968909817,0.00916820272926802,0.0114009564604052,0.00164157992336018,0.000694674839496872,0.000522758249329463,0.000470334063118829,0.00446973874049044,0.000596642597027485,0.000248065882619558,0.0108931523975801,0.0379065917028362,0.0212029455571937,0.000503097011538284,0.0572416202986555,0.0234662513384213,0.048124202425098,0.002548733878317,0.000968093235748495,0.00370368543192626,0.000101422561318215,0.00103777788461175,0.00168490633605115,0.000288224854492386,0.0147670949312143,0.0145456033194256,0.000664967902981365,0.0129746675843258,0.00515357237643707,5.1366362062802e-05,6.28872690239265e-05,0.000381801980422325,0.00504296714687884,0.0257229803715901,0.0182310177532138,0.00407292720980326,0.0237886433266021,0.00626721752271369,0.00257834532458397,0.0255114456012279,0.0445575862855939,0.00967406795543348,0.0213902318884951,0.0149701358156975,0.00166491107478205,0.0108560681874225,0.00704408168650633,0.00830206858209906,9.75197235384346e-05,0.000290914501972164,0.00246447961840277
104.75,0.0156303725234261,0.0257827482229144,0.00270308627213715,0.0327598925768961,0.00212438575705127,0.0109746411584505,0.0264044836859142,0.00132243197287752,0.0613528727507635,0.0160611683287528,0.0270736681919274,0.0174082513069064,0.00323298269261302,0.0417479166332128,0.373357847542929,0.00537490377827805,0.0297236787499146,0.0161693493379101,0.00286107511648844,0.00165132942357939,0.00258969217540167,0.0131548910452294,0.00117369589262564,0.00171957257136871,0.00220551983665668,0.0380315248467838,0.0415552898558363,0.00170541958932498,0.0205604148759013,0.037037488182198,0.182597640257599,0.0119330917339892,0.0105670306601005,0.022275876828404,0.00055627195933083,0.00646991431732019,0.00535388318942904,0.000328873120025956,0.0534736558586603,0.0287689040261138,0.000556917439416512,0.0262536630400715,0.00967822270368602,0.00184255501611101,0.0210305955270849,0.00752705399232853,0.00448825488651391,0.0324463509596542,0.0154120359109942,0.020075526135062,0.0905024401631349,0.00680542512911237,0.0169545806989096,0.0265435120544214,0.0141075608256556,0.0338668035386186,0.120009122330053,0.00860327322041624,0.0587449866390773,0.0139476604749408,0.287157896169594,0.00242474509339606,0.000726280955315516,0.00926447464538346,0.012609598064387
105,0.0518369553037467,0.0536705115485559,0.000589382365246566,0.0102710712794687,0.00292617167978641,0.00135774438392904,0.0208966421455743,0.000870464369392126,0.0230481463554125,0.00899244812933243,0.0240257099325504,0.0339681560160469,0.233147291245852,0.0176528280153531,0.238559098129375,0.00788925216916204,0.0371187571138223,0.0121095779050629,0.00229293430012599,0.00530581272686382,0.00250540053237272,0.00474910078993184,0.0058087194873296,0.0013526815419258,0.00252806574949905,0.0121283005723647,0.0535008050154245,0.00112631545650595,0.00676045925778224,0.110644918871626,0.18615705315865,0.0323095185517557,0.00334629954733407,0.00871790541063319,0.00293758055253274,0.00215984040210522,0.00533678850069451,0.00189334915175852,0.0829422945842175,0.0298054062109523,0.000303805321800196,0.00769035932039842,0.0121751122596957,0.000725658387064944,0.0162460049871527,0.00143983509384475,0.00190199911030514,0.0210500698890905,0.0130231407250908,0.00913792949898099,0.0758922328664575,0.00187968600969669,0.020295182009477,0.0529214003096597,0.0188970414597281,0.0332807210788582,0.0557612039850585,0.013960815285968,0.0294062741304408,0.0484862594073363,0.168055753876275,0.00529779648799109,0.0038106653954857,0.00566147593416865,0.00626324381434136
105.25,0.00580797727917027,0.00929081438615657,0.00022320337437491,0.00136058803516731,0.00311608500322696,0.0025450610842857,0.00883465353177853,0.0011949114490254,0.00994534695619405,0.00367180332545868,0.00488356408917826,0.0055766290283661,0.0327313374355699,0.013972575801894,0.102971483061666,0.00704695442614596,0.00625663567554302,0.00275673046803353,0.00015986474130162,3.67832196883506e-05,0.000134817848386575,0.00123915478410657,0.000816266392828874,0.000614839796144379,0.00633276122563702,0.00189976789534854,0.0184397788615174,0.00195068429520528,0.0989577215073386,0.0524332192486523,0.162351166124366,0.0197304628145915,0.000628336629762081,0.00295689541464542,0.000278142921061302,0.00114660595685089,0.000947448576846819,0.00011047272827634,0.0381325757279311,0.00603141164285402,0.00192432260185715,0.000939065480758578,0.0060556208868956,0.00156401117782495,0.00561958269408649,0.000769933180352774,0.00241527335565774,0.00529790855878306,0.00650225757890016,0.00455686886891686,0.0318884037161088,0.0074473261793005,0.00318500629118737,0.00977671818120318,0.0173159553968996,0.0298210722860749,0.112897191783432,0.0224277505420623,0.00928769418896043,0.0606203770123934,0.126756882116985,0.00439749710641288,0.000952351508167302,6.09457478824248e-05,0.000120466147528846
105.5,0.00646816731983131,0.012782080047102,0.00643855051267824,0.00562369157029174,0.00220049359312167,0.00407333091387747,0.00510695708179592,0.00520444645954408,0.0519162653084161,0.00284170513843394,0.0318409672765006,0.00730531887481853,0.077770514228952,0.0102075297021437,0.124877908730563,0.0075185806545618,0.00738641813804766,0.0113934648396533,0.00479010641773106,0.00220015313720903,0.00495810806095687,0.00711050746568798,0.0031237858476482,0.00311956061069553,0.00770053029308034,0.000228934961259661,0.0343771071026399,0.00909795625627323,0.00353701819670277,0.0285948450145476,0.149453266384072,0.0211291152732219,0.0101374057349509,0.0126595249124393,0.00534780409382689,0.00563875639018088,0.00104512528059355,0.00435541147472747,0.0214025886327094,0.00848829794461045,0.000189811680353994,0.00375211737380871,0.003657727414852,0.00588444084705975,0.00495604577389464,0.000654168772078659,0.0110298726523543,0.000865981822905291,0.011097974102611,0.00875303350282841,0.026833781618213,0.0217643820264029,0.0215904212799313,0.0150346186407364,0.0178046497310116,0.0171788318535012,0.097456039456018,0.0276289358943526,0.0310566222700757,0.0185484465450322,0.592709411288252,0.0319660559848191,0.00402540911480056,0.000527651471863379,0.00991143700001665
105.75,0.00449670650491637,0.0310189571667891,0.0011444819279799,0.00868843973916228,0.00489965512466873,9.98865083763027e-05,0.00634976544977062,0.00206981205400959,0.00438304425409199,0.00665853761663512,0.0129156102863834,0.0229346561884248,0.101610114618855,0.00328875168868129,0.0570171353706325,0.0188113510077507,0.010528808135542,0.00203244533140325,7.91660112676943e-05,0.00217012572154922,0.000328059352365956,0.000831515471964611,0.00169819820223599,0.00107160788280413,0.00324329761969249,0.00527909158848776,0.0354748726375894,0.000183552222031984,0.011987257802932,0.05000065443894,0.0834494928097893,0.0028157686587938,0.000602959471439075,0.00464431699971121,0.000464967990247832,0.000156338873407797,0.00433720846104775,0.00336382086436613,0.00610915455794681,0.0178987639825051,0.00168194709490684,0.00277300562311464,0.00881306789475387,0.00147427310416521,0.00250734340638149,0.00502108015494575,0.00173556847151706,0.0180714592255127,0.0417967009121791,0.000322221209481829,0.0237904276913645,0.0185627248442495,0.00395261269831718,0.0376932948644932,0.0021279368659669,0.0099783151314426,0.0137825862665884,0.00863362511478076,0.00495446151457868,0.0204140593319177,0.198802274643813,0.00721427963656863,0.000793970372589075,0.000642258204777649,0.000296790959175083
106,0.000340673405664954,0.00225133295479603,0.000982145988240102,0.00415758502434053,0.00445220212665749,0.00369192070415981,0.00117888065047515,0.00712704794101888,0.0109888873494454,0.0110284291165193,0.00565787575027829,0.0112014056358445,0.0581782009135548,0.00107888149297145,0.0203046051862179,0.0231619673298287,0.000253173527633787,0.00140321287243103,0.00160209634892256,0.00255294407449776,0.000229867105068546,0.00237577987114703,4.48260742681927e-05,0.00184589814031065,0.0236470483705034,0.00242370402196783,0.0149907390530134,0.00819052218317754,0.0628987823664939,0.00526422499814716,0.0230120996067507,0.0229881158692421,0.000127568414033173,0.00280152834626477,9.38056108882738e-05,0.00205070574878328,0.000252851457659148,0.00306900423418401,0.0105857942200124,0.00286851811640337,0.00719321061024395,0.0042192445894166,0.002017441461089,0.00506922681475295,0.00105979706904397,0.00732638531767381,0.008182389535369,0.00459936380680845,0.0154849876509654,0.00256505768675765,0.00385448274833314,0.0331678765353168,0.000883591806027717,0.00404189545213201,0.0244920808992383,0.000817370254623663,0.0372239124077737,0.00420052369609304,0.00811815071115363,0.00423963246382959,0.18840957539167,0.00699400969975953,0.00141663938209736,0.00140726426418535,0.000633811425327831
106.25,0.000973539790770081,0.00427757525354001,0.00577400863164847,0.0142599633334882,0.0052635664052626,0.0143568467768393,0.00346431817672128,0.0120596259745358,0.0100562284912764,0.0103630442707083,0.175469997154484,0.0177861930050814,0.0325825509589893,0.0399385243624042,0.0483525612921999,0.0355757839597707,0.000803320664242426,0.0011695008934338,0.0013876849134224,0.00186946122158508,0.000336238170405284,0.00556915803133892,0.000200777431009928,0.00353310253480794,0.0727245644142523,0.0124432064626125,0.0279480047205473,0.0369386313799427,0.0481897383319503,0.0587281335645085,0.101492112041085,0.0641571767147363,0.000944338940813532,0.00781264805820139,0.000541680495358401,0.00644927436772624,0.0010333300995172,0.00689429830786974,0.0240584526952512,0.00778450173626384,0.00564034957479745,0.0142569911203888,0.00330177653780334,0.014856317108159,0.0025382797320567,0.006700733686772,0.0539236976500643,0.0247209603292833,0.0320988978369444,0.0235784699566251,0.0182654730658296,0.0309480200232079,0.023310756963255,0.0116682624336099,0.0885791448532871,0.0184400205981242,0.0538208989973669,0.065038810353383,0.0335843731105261,0.0045701137437311,0.267248639683357,0.026653455986998,0.000986715128579729,0.000502759252143997,0.000989347752923986
106.5,0.00597444752011088,0.0377874827080417,0.00141814179010323,0.0295509014116223,0.00134635771024611,0.006940078324098,0.000629119005256818,0.00456368472303238,0.0451347911106723,0.0126101329257414,0.0949601505417798,0.0406451200024857,0.0421234456031892,0.00951481970569483,0.00229602941916326,0.0072093357479755,0.00396303150358323,0.004703817827329,0.000865873780050559,0.00178517015563391,0.000472610640194785,0.00661987042579638,0.00012170950335063,0.0046844877067874,0.0346009770809471,0.0063181365000092,0.0109842038753506,0.0118522256807507,0.00459075115550283,0.057221922833648,0.018418225675534,0.0212159337890074,0.00190942889991034,0.0125967032595995,0.000875861412733433,0.00674857378612619,0.000674028971789469,0.00205222779507262,0.00872994338645035,0.0239713847821105,0.0011281763986153,0.0209839272398836,0.000839899563239816,0.00597335806220392,0.00708550677254938,0.00506678105023299,0.0252937448238609,0.0603209267015233,0.024280267535351,0.00722113918232947,0.00103232760921152,0.0113744545132588,0.0266939983772572,0.0376568831115247,0.03186419633821,0.00875929090767296,0.0308273289550729,0.027959667716085,0.0212265908319246,0.028738844617954,0.63518920892691,0.00570367463572157,0.00129652508166781,0.00669582820952898,0.00112250354880235
106.75,0.023277391196396,0.00878614613681676,0.00385529127390762,0.00174317840783885,0.00201920033518871,0.00288189205792238,0.00308228957574692,0.00990721666176307,0.00525834788750613,0.00649478076828094,0.0373547786406954,0.00186715285886743,0.0295201115719722,0.0112632384300945,0.0703475924182817,0.0509772264136772,0.0163372938816924,0.00331265986514219,0.000731994250308263,0.00113416879622562,0.000233896018469258,0.0023839000937993,0.00039454232950988,0.00398012044127484,0.00334074377730837,0.00388123827594519,0.02210218493105,0.0216187986915636,0.084059586224849,0.0208838915967239,0.097144358520246,0.0251260727259032,0.00165964577736997,0.00334329802068707,0.000408230288375163,0.00105653230881064,4.57627600426128e-06,0.00111675564998967,0.0389560529828859,0.00869547914234892,0.00367110489936117,0.00133621945430508,0.00398722914544242,0.00708541327307063,0.00173407722540139,0.00552964530827456,0.0210737514669465,0.00120277723286725,0.0174988678085942,0.00339979250685648,0.0244324288198536,0.0258218628169213,0.0316426482975379,0.0059828306780685,0.0211321648566951,0.00304175387210941,0.0466624252085068,0.145438539013277,0.0681466283350098,0.0101353969796653,0.239139180920226,0.0205493149842322,0.00103705034458127,0.000751172562007023,0.000704224579035827
107,0.00169039206030844,0.00082290654005592,0.000774819464314317,0.00258086228083432,6.2572716963477e-05,0.00719588049988062,0.00213311033788471,0.00258325236498199,0.00545061645373519,0.00251537639939861,0.00921685745798197,0.00929065969315353,9.26080544827e-06,0.0127566639098713,0.043440496199265,0.0105038108967239,8.79572424704049e-05,0.000999069350248292,0.00162168042569289,0.000611428714185428,0.000776018655315921,0.00322587091910396,0.000419681169078692,0.00164505251024563,0.00530409210027144,0.0173608871014267,0.00371865749593299,0.0122168603880871,0.0231252370551859,0.0066554925638173,0.0202007513535857,0.0143974341632732,0.000729529206783789,0.000756364458876041,0.000219120256823829,0.00244648051418239,0.000235403717265484,0.00284653670766047,0.0141038437207936,0.000553189603853458,0.000406169165633596,0.00698699351896588,0.000474454990296956,0.00551537500669979,0.00190156784082313,0.000490705804625738,0.00357094913962841,0.0113877267055468,0.00341827409469402,0.0137830936373256,0.0106643643801906,0.00412793763975001,0.00353666093932875,0.00283611732787567,0.0299001917415711,0.0129860186333743,0.0381753282674985,0.0169887910788664,0.0391537144426213,0.000198435801108213,0.226888845749006,0.000304817009232811,0.000328150139819398,0.000347632448029044,0.00124604623369202
107.25,0.0147179517738199,0.0129585728027151,0.00958636259750596,0.00704591607953438,0.00453546685128331,0.00207759559083892,0.00373454889747662,0.00378128440919797,0.0140199954275631,0.000467554052331502,0.0827967376348244,0.0113421332878436,0.0549265877366839,0.0062926822289272,0.112893206459405,0.00158532170309087,0.0156782753614775,0.00796680985194278,0.00333085807549135,0.00169892780044858,0.00237391874431068,0.00401917583783131,0.00149247541994257,0.00331672191601237,0.0705561382022388,0.00339683401285065,0.0175850236181936,0.00257267926281725,0.00846863947714739,0.0142535099142156,0.0929843105962335,0.00567268877793198,0.00593633610872017,0.00867420737053705,0.00207855614386368,0.00269953876322048,0.00119737184867074,0.00480838859595044,0.0129989901371951,0.0140248730415249,0.00656546147595501,0.00348333625979988,0.00198633817730525,0.00446905945015856,0.00207004677192792,0.00197690076499425,0.0362752303534706,0.013283116960928,0.0450838009415289,0.00464974449075077,0.0275115461021135,0.00194049680782729,0.0200952691033806,0.0108377675078653,0.0653284612829083,0.0107855207865412,0.0544620270500705,0.0308276441153415,0.0436091193274428,0.00236081554485523,0.384166150938045,0.000358695031641633,0.00197189825826286,0.00104567397268606,0.00422408091912808
107.5,0.000246946786850409,0.00396796243762016,6.44137791344254e-05,0.00389287633454851,0.00247647202571981,0.00549171851173482,0.000816117736365015,0.000687763241905239,0.00527643966717923,0.0159032673892439,0.000325235733894572,0.00832611770866748,0.00462239831597104,0.0157346722183546,0.000289637872706383,0.00115338297010258,0.00201424629535411,9.57798408094373e-05,6.54250598504512e-05,0.00219523676553931,4.31780204928635e-05,0.000816109666993352,0.00105960872201207,0.000218322755997889,0.00464275062234642,0.0203066138796856,0.0039212997298425,0.00418835976056483,0.00875922327305513,0.0148707938339631,0.0418772860126136,0.00206622334941312,2.34523445181188e-05,0.00139288002064672,0.000841410841581261,0.000118263684886881,0.00121877180360694,0.00103839961048507,0.00330779812792382,0.00129037335440473,0.00276413915031471,0.00669636106939956,0.000183822685018371,0.000308859782989169,0.00361813389994572,0.00699042800971174,0.0016591460195495,0.0057415840271704,0.00270469465210976,0.0119593386770321,0.00088177484515033,0.00112169829638169,0.00188381154294272,0.00557256559349254,0.00898609438556082,0.02048986212459,0.00306598466690344,0.0759116389647565,0.00672422995112893,0.00594875196026626,0.00483673697795908,0.017132660214612,0.000550897641943554,0.00616767457024074,0.000124126655343366
107.75,0.00800724955191029,0.000711351335981522,0.00166916443863263,4.64435522510395e-05,0.0022160849060369,0.000379102579468509,0.00227029878353345,5.89468844970439e-05,0.0389274292676095,0.0102059482536246,0.0140776029860703,0.00637854847461368,0.103503033748267,0.0196102648521502,0.0132830183938796,0.0155109648261184,0.00782200647923745,0.00103590692142612,0.000477232095453226,0.00491140646287168,0.000106120555702781,0.00050896266993749,0.000867106901033621,0.000404662738203946,0.0220160784280421,0.00702974975902292,0.00878821040799525,0.0163879806984232,0.0135588460480932,0.00721318388214789,0.0213331028106342,0.030117113739932,0.00107482509402311,1.78200262719772e-05,0.000513352747149922,0.000406182133201908,0.00269843601911926,0.00167330792523232,0.0033364404253731,0.000483186967360647,0.0010458938210023,0.00057481904438131,0.000607757508031868,0.000878328838467793,0.0135606587257012,0.00503999069084504,0.00434192529051388,0.00131523788689939,0.049932029026426,0.0155624289158543,0.00242423683404965,0.00467028982070005,0.00451816157627346,0.000361162097089225,0.031029084309731,0.0124371772933393,0.00484586369034403,0.00451570228982614,0.0406701841407637,0.0202893139027124,0.166771248452612,0.0105679431134013,0.00181056109118258,0.0103215983911002,0.00118394018694741
108,0.00382985890413807,0.00777667928565026,0.00539270313628307,0.0038303984499949,0.00315414597466911,0.00298809947734507,0.00331828967754523,0.000193229149164665,0.0101719083435302,0.00890344460772782,0.0254746573593846,0.0104715969356625,0.0117267933993688,0.00971153865196124,0.018488541045724,0.0139589489104786,0.00329971906498109,0.000713306075294131,0.00154508163493346,0.0013542463415769,0.00203959575977859,5.30598031036379e-05,0.0016173326692068,0.000111211210668411,0.0432592621804467,0.0148804967858983,0.00227357559629248,0.0083715541740023,0.0133836245816592,0.0126406690108818,0.00226322790650439,0.0098867574405785,0.00137358478476092,0.00133557297074455,0.00031348389346038,0.000317788229376831,0.000638743972494098,0.000263917070836748,0.00517598909680979,0.00563925609154049,0.00582561630539424,0.0051258299799226,0.0016206466254101,0.00147739090674704,0.00566521543176936,0.00106325606670432,0.0170324335727296,0.00943409555820439,0.0193734852506323,0.00770155526042758,0.00311330901186109,0.00603394552399003,0.00373138150479015,0.0090561886709408,0.027264672509708,0.00449054142548838,0.00597665424686072,0.0196225470459432,0.0204428377506335,0.0182563558827997,0.157990655917523,0.0151729831152001,1.35273520292541e-05,0.00223097659865225,0.000431782215066752
108.25,0.000679258854220088,0.0218893742982142,0.000526249242958112,0.00627947704251121,0.00259637675805959,0.00532433821000091,0.00203425540465019,0.000153399570761864,0.0288388159653242,0.0127004391210143,0.0260926238412439,0.0319791578162113,0.006838535233585,0.00917419669725614,0.00302874195820108,0.00506057745695306,0.000449674244054658,0.00087786317142284,3.73606628123384e-05,0.0016122092407539,0.000530820499440602,0.0022023120586614,0.000961297246862871,0.000151955180952386,0.00803672610206025,0.0152984081693421,0.0147655170860673,0.00154532403564723,0.0125763708517391,0.0351191025044036,0.0233116540476305,0.0103325687340956,0.000609079860168767,0.00240443182777398,0.00123722637669784,0.000704973901275028,0.00101275438113635,0.000166101749825556,0.00187343418879927,0.00383536519282493,0.00247016539294272,0.0081247983217863,0.0046011445104797,0.000921104518855222,0.00473949550223153,0.00254163733491808,0.00516149381751916,0.00941292295265201,0.0168159385681343,0.00528865668399828,0.00481616908903325,0.00166710759295587,0.00415532986296765,0.0166686471241171,0.0228760665608417,0.0196360492346705,0.00265604466709481,0.0197890367393184,0.0144439185534128,0.00818728157747883,0.149789270804403,0.00626639011388578,5.67907504092741e-05,0.00210885638091292,0.000291323088283792
108.5,0.0224332695264353,0.00724419347006928,0.0133984845185758,0.00907505861241155,0.00677182439024113,0.00082164144229961,0.00626653847405404,0.0041876887639326,0.0246792161137599,0.0137738155045278,0.0589612533504753,0.00312913903607601,0.0159429551872366,0.00312637097639569,0.134216728863442,0.0124563144107183,0.00344387577960332,0.0061412016676023,0.00210482953279731,0.000944807120770139,0.003762838628382,0.00154051493627352,0.000290773316847667,0.000154997679039309,0.0338059369645588,0.00430075512269661,0.000210747216688182,0.00478486292640906,0.0130194143222485,0.00487199718164738,0.046543675009368,0.00360034888606763,0.0120482137719099,0.00525179760460575,0.00173866373319024,0.00100184162575181,0.0012590590979396,0.00126685624472602,0.0292240337082445,0.00500422979784804,0.0138579654554336,0.00657119406158134,3.125300112283e-05,0.000689627015741097,0.0156648972697521,0.00840813130005729,0.028685896605858,0.00853749383465422,0.0613903880751319,0.000373239313619164,0.0305454460335589,0.0147597454587229,0.034016710633228,0.00495726657801665,0.0178798041019165,0.00984469165501483,0.0360553385518941,0.0114464419148472,0.0799629127141438,0.0112979740043307,0.143246269907457,0.0116952381275088,7.18980656108403e-05,0.00563804470092468,0.00259847083573556
108.75,0.00804835228036989,0.000105763473045545,0.0103411587808434,0.000221578486155295,0.00782938070947269,0.000180821568269238,0.00270640278472233,0.000316472243712732,0.031001685836072,0.0142592082993004,0.0417190240227109,0.000376398362391811,0.110685360418516,3.91574631471998e-05,0.0585800109443923,0.00282862397003214,0.00730795159537642,0.00254409238911704,0.00138089107542469,0.000598188158504054,0.00369071740881087,0.000413958972419636,0.000190948676533463,0.000104191591215935,0.0244448330802453,0.000701736925664822,0.0164673060776047,0.000339703513322329,0.0186563821181562,0.00400582600122913,0.0227200935342695,0.00224359917528131,0.00382253836953729,0.000362450659130376,0.00150637213321081,0.0010387696310963,0.00019878050912295,7.80993333567092e-05,0.0169711683539944,0.000602468941204486,0.00829550597077515,0.000775829535785458,0.00122230261575724,6.43273500590091e-05,0.00604482358981733,0.00524522140838236,0.0202247196697366,0.00019238230776287,0.0635025875071318,0.00105845841843276,0.00923087004847982,0.00115196329541567,0.0318670045232559,0.000212434251499676,0.0376599058801117,0.00672417627868562,0.0213178950946897,0.0191141209598571,0.0725181641183469,0.0218921088769098,0.470836561903199,0.0227742712608825,8.34396125877622e-05,0.00383115272736913,0.000943375182007685
109,6.243819216221e-05,0.000686345879093538,0.00190486185880069,0.00182589363117137,0.00161149905845021,0.00525605038714341,0.00123990064381186,0.000479783126497317,0.0535376981417643,0.0204343458004556,0.00589548392949651,0.0032404337964296,0.0883338422399088,0.0111837181717225,0.0181736734368437,0.00280578934567841,0.00331331836045824,0.00220879017621478,8.87710534939661e-05,0.000515902017472054,0.00136272532773747,0.00183147441025592,0.000122413282256085,0.000750006001818331,0.015760494439437,0.0156970222171665,0.00261305120002525,0.00966020854377958,0.0220883298994608,0.00904855209373219,0.0297939040113819,0.0305430233007438,0.00151378981075346,0.00165924307785542,0.000156496509292244,0.000565423851568361,0.000344966129433564,0.0007537509855655,0.00268521813489758,0.000956277004135134,0.00193284484725003,0.0044728780205401,0.000496674254797514,0.00366686899692384,0.00924381048853671,0.00656380696015848,0.00320929503792719,0.00209939594447016,0.00695259431160266,0.0200524212560058,0.00501903511809416,0.000338093507669129,0.00313003383720359,0.00150036202164183,0.0261880159615915,0.0211587642214762,0.0219987379195118,0.00132349810798687,0.0252300645673378,0.0358312826301808,0.467311290799687,0.025787105849278,0.000263043121153201,0.00791010444759176,0.000541797281920252
109.25,0.0168141103840555,0.000516370763981731,0.00155828028213984,0.00316024539484842,0.00379569586841109,0.000796364081432744,0.000374144946047722,0.00102162563290913,0.0178947790578416,0.014633122519687,0.000803344645441626,0.00538274084813394,0.0207850087831749,0.00250193102004047,0.00299813421465127,0.00804514083674474,0.0057571027784483,0.00110294866918117,0.0001015336558183,0.00148213721690011,0.000333907788477355,0.000114251952830492,0.000747844649666537,0.000679972990186259,0.00908219738389561,0.000225132819755673,0.0128759982125713,0.000512937718685233,0.0472364006210056,0.00310950230038965,0.0146984736654119,0.00248196600544041,0.00316446643214588,0.0011651877885957,0.000506914117836061,0.000132649706613125,0.000643306904370134,0.000387290399300461,0.000547106691991194,0.00288400308748378,0.00566462021449271,0.00258353461313077,0.00232764422363163,5.5540160653495e-05,0.00207850235196313,0.00482656819381014,0.00157133203666537,0.0215801191237086,0.0397927287622491,0.00225147110519603,0.00257867245977809,0.00167320847328412,0.00574920013755031,0.00137106924219463,0.00335996478978429,0.0016092155161564,0.0098625285531726,0.0161867951611805,0.00789043859526584,0.0225142599847569,0.137637799704998,0.0203214982465882,0.000125932956023879,0.0054162821113144,0.00023005780242046
109.5,7.94619373332302e-05,0.00343819278063339,0.00216701985649476,0.00318076285045099,0.00722675885584667,6.26555848516965e-05,0.000284624454012366,0.000156189483124175,0.0130262893837831,0.00133417902533733,0.00560323975007531,0.000613439157341859,0.0185364445203496,0.00033004175524973,0.0376876778181506,0.000822255525185395,4.51029182148123e-05,2.88405031996283e-05,0.000744116506067556,0.000594250446506636,0.00162382018713179,0.000372159997939261,1.3184930097253e-05,0.000597449969229065,0.0279675648853191,0.00132515716879887,0.00728962881071607,0.00201030136102688,0.0529791397558867,0.00531922413886568,0.0153291939301613,0.00304178866443529,0.000281185224507952,0.00123060151299736,0.00101947364832606,4.67028238632378e-05,0.000257989775682973,0.000486168795357808,0.000707518672922514,0.00139891815903359,0.0132172067446144,0.00155235982321755,0.00261889983650412,0.000176563480581611,0.00321661303526123,0.000950833029252736,0.00470117215470168,0.00140503268317314,0.0738158206317941,0.000314050657286016,0.00295371989198776,0.00037219259518472,0.000166813261360727,0.00409962006379896,0.0094289693990922,0.00112939999857062,0.00817979911047103,0.011645546255512,0.0121727343742615,0.00186105976030656,0.0829140459826115,0.00158368498022109,0.000384675586716952,9.41368016836799e-05,0.000439626756642888
109.75,0.00342973542375079,0.00554840687705106,0.0022589603137334,0.00340863836857439,0.0010963254580507,0.000841428577228354,0.000957562910629383,4.74145319599958e-05,0.00245884387089086,0.00304116231406585,0.024417626173247,0.00605992476794377,0.0491554290381682,0.00843754664580649,0.00386899207728991,0.00386094288024591,0.000874673585327966,0.000110618598665378,0.000566104518619756,0.000194674539742895,0.000558582762546711,0.000249997629144204,0.000727912170064219,1.60058487678105e-05,0.0114272902805585,0.00642036234573211,0.00256407508702022,0.00713240980654867,0.00541690008797902,0.0150546657215442,0.0318518101019002,0.00468437268110251,0.00106478122449711,0.000926137588120313,0.0010561806082133,0.000133123089535564,0.000855613287663863,0.00015994889837976,0.000276194734124643,0.00281398958606833,0.00131601053045117,0.00205600447887767,0.0014023474950919,0.000698103588952423,0.000181267998537837,0.000761932928098026,0.0100895794329601,0.00381181489947503,0.0013078505149434,0.0053618157461508,0.000831427246446894,0.000572842372398318,0.00257114421354707,0.00642273964665349,0.0241913055144555,0.00772218620943271,0.000693772717176361,0.0377555927185106,0.00102529519545989,0.0058729839528209,0.0544432304823995,0.00538807200524802,0.000405140176112866,0.000248017316812462,0.000133867932108001
110,0.0178465466977155,0.0446139705228119,0.00119518524480578,0.00962539754521319,0.00938399844766235,0.00431536900928709,0.00703394876917183,0.0025345385808602,0.0140067456410282,0.000162271352091526,0.047857275028801,0.0450023680306648,0.0149830469462861,0.0141420404690935,0.0265707355455412,0.0109646954314264,0.0129792500578763,0.00118023608896421,0.000729176293343394,0.00285760218577235,0.000518005352873933,0.000804402299398813,0.00357647415856881,0.00149680580121993,0.00356056861570165,0.0117079569412059,0.0379056423313858,0.0059978185997581,0.0242155288689677,0.0530024220625189,0.0834583519039285,0.0299275915933364,0.000689018806237946,0.00400801352009149,0.00235833260011405,0.00116474656334169,0.00363220673726239,0.000644514686803721,0.0177868948190091,0.0207276379756003,0.00700109666215152,0.00662808609286831,0.011631457223952,0.00332082723620963,0.008911530043849,0.000438552671708855,0.00683781715505042,0.023415911045271,0.0387345723643937,0.00794337447142508,0.0181969733218959,0.00573953987818373,0.0251670077072799,0.0414061934059994,0.000452455736560847,0.0250784636509525,0.0220185410348125,0.0119459500957226,0.0314546699844438,0.000874594499659752,0.0648109561360652,0.00382584545673338,0.00159812394828174,0.00411131956784122,0.000110019416676381
110.25,0.0441025674646017,0.0545870613098297,0.00276614531813787,0.0229676804609825,0.00895538984542697,0.0010977656286188,0.00693123643747735,0.00432970876965335,0.00215643994665373,0.011090292134521,0.0103907622951626,0.0541987611628422,0.035115608451118,0.00452641438358787,0.017835807950984,0.022818315376188,0.016227789960936,0.00748914302633711,0.000845123703400773,0.00333319137288001,0.000276465109732863,0.00102246688974883,0.0033798170534872,0.000875503960562781,0.00518810940301964,0.0171126712574022,0.0344509407666876,0.00349465583328487,0.0369365891880976,0.0323017544125355,0.075221900653472,7.78848297736068e-05,0.00220605612757972,0.0111610396831866,0.00066287979468379,0.000209810708641224,0.00723120786969416,0.00218489438415136,0.018972445553039,0.0312463775866504,0.00388846505308524,0.0116332874826517,0.0111087704879904,0.000579409554634294,0.0050406398280476,0.00479853880878275,0.00220289648587735,0.0534768571553536,0.0448199693021166,0.00306668202675695,0.0148763840634362,0.0138532287916257,0.0208469119979366,0.0510467631513463,0.0024560119921659,0.00800410930917909,0.00278004184139638,0.0101698700092652,0.0262685149931459,0.0123490959703113,0.00377072181864604,0.00797875366595393,0.00215777713655553,0.00311500488243529,0.000576418972857676
110.5,0.0110634490973642,0.0145983883392777,0.00100353466752535,0.0115660724188293,3.87341906580457e-05,0.00357124831270593,0.00444825599940556,4.98545214643503e-05,0.00473473076913756,0.00594409441406542,0.00472677628833388,0.0323362267658228,0.0106089005454216,0.0084422921175743,0.0869804867663228,0.000887878129158319,0.0267599017902131,0.00432091120605742,0.000257884621758208,0.000548964562917234,0.000807089028620494,0.00385436126989936,0.000215114716660446,0.000141742378836834,0.00199485175311398,0.0122854126376375,0.0110089655009381,0.0028802270703212,0.0533087723566524,0.00219732337499538,0.0585029719225088,0.0128496778203628,0.00471213681925714,0.00611486272321405,0.000451009824324107,0.00108032362249226,0.000233993596865411,0.000452964676438883,0.0138595232998061,0.0175627461026586,0.0025456556168898,0.00893681979450889,0.00151783111408447,0.000972519710064647,0.0026616862798117,0.000969697245886898,0.00085946981836794,0.0257625007428702,0.00755930743798202,0.0097306323741602,0.0197942783694896,0.00205974443481083,0.000290050022349709,0.0134404068004401,0.025969469238655,0.00961196390214445,0.0473555081331138,0.0167298120245793,0.0350543028457058,0.0163900557195612,0.0264165014351489,0.0080595644088838,0.00044429085102989,0.0014221146831861,0.00175320998993175
110.75,0.0151099897165451,0.0243796019052908,0.010319406948439,0.0308469749432709,0.00590608835597219,0.0091579728217959,0.00743437084649409,0.00170547783026858,0.029703898316405,0.0158454273514757,0.0192645859024976,0.0265405830884532,0.00717442501798643,0.00774900551118248,0.0393580678503464,0.00425812664126565,0.0167253323314167,0.0106217079917356,0.00208877611490993,0.00132806444284684,0.00360897582690672,0.00807550142741616,0.00104503786668266,0.000971639158205002,0.0195584311335184,0.0192684787666569,0.0396908373814808,0.000898777740990292,0.0146690830056494,0.0094327685424461,0.0973917595610215,0.00189313017443259,0.00878562622104975,0.0191987302554367,0.00256528732027405,0.00715416975451694,0.00255469004573275,0.000959108128567916,0.00614521362756156,0.0254913548206383,0.00419108190752694,0.0212601720648768,0.00597109133227798,0.00243056212627026,0.00891517089523714,0.00581984341895108,0.0173043231703107,0.0349489120063663,0.0504233334516668,0.00690113567370609,0.0181697738093323,0.0052038798283008,0.00906604946230272,0.0272368256607768,0.0185737166595069,0.0100533921799563,0.0403426394177956,0.0322359862329904,0.0577765520397187,0.0287504687344933,0.234302096410537,0.0252852368179012,0.00113542112075899,0.00551694098673187,0.00470415730017052
111,0.00214340818376385,0.0187463445494582,0.00472461397482722,0.00346414273819897,0.0091252144265089,0.00187638220971461,0.000828595873617154,0.000772916280857683,0.0100973124461266,0.00678430878153729,0.102350431215618,0.0199477711002096,0.00534172676911255,0.0037741901467869,0.0321306064537797,0.00541371552501202,0.000500412822391012,0.00182328260152043,0.00156425824487019,0.000192129762480706,0.00314420266495049,0.0023954852354853,0.00239136063681287,0.000358379209479543,0.019093810753664,0.00257610059480177,0.00571784864955139,0.00306104969189664,0.0148702385379198,0.0486218779012561,0.00164375076312476,0.00226863006298506,0.00213220742923311,0.00223968469271528,0.00386118826861161,0.00165434104815106,0.000507261809126725,0.000360492094696515,0.000556072586635027,0.00513395467380425,0.0168075755153373,0.00326783759080217,0.00396830820648474,0.000892199663423059,0.000540749223087466,0.000577150521486393,0.0171416556389311,0.0196748904741082,0.0447064632814939,0.000859132649585128,0.00401821400356014,0.00402721456138649,0.0287167105757157,0.0184957130139442,0.0290973203982953,0.00716350642856941,0.00187919197666549,0.0134946421331738,0.00746127910852841,0.00801375710244634,0.108743010038203,0.0073154143058563,0.000767669397733014,0.00100085258570428,0.00164915024774257
111.25,0.0246472521392432,0.00523407844900868,0.0120884709948121,0.00320381971811768,0.00145148382300944,0.00284876651575456,0.000153064939286145,0.00608858829981292,0.0161561329477295,0.0171658882700372,0.0855524976729919,0.001906236956722,0.0312145540867021,0.0270049879734138,0.00318196017223627,0.0289745014870073,0.0181504096161219,0.00529463025877347,0.00112132434086575,0.00049563132883813,0.00225250925802925,0.00140782526621183,0.000937545830270898,0.000250697772498148,0.00719000844191029,0.00459512330390523,0.00625977515468153,0.0198521933750976,0.0319350717918624,0.0247310525761509,0.0111364184830221,0.0557027825628652,0.0057020381681436,0.00362019315971786,0.00198409520301157,0.00171328265240252,0.000173067828607098,0.0016416210396193,0.0132595663058178,0.00801528502395855,0.00197413961744598,0.00175444338587023,0.00125514425620936,0.00478697782066784,0.000750901522299298,0.00757533742618767,0.0237849992074737,0.0051981099010848,0.0114320328754909,0.018775931195739,0.000446561312394131,0.0242746068358968,0.0490807373565517,0.00271640597114199,0.0233974518494657,0.0171497541414858,0.00550455256066034,0.0168978489419853,0.00862867979005237,0.0158628974922254,0.145622396803059,0.0213967577234894,0.000393641795224107,0.00173473947431294,0.00179584948168192
111.5,0.00459842131006412,0.00111376280712183,0.00217513411471212,0.00394266911287888,0.00445286611889321,0.00234258449076796,0.00426381748491126,0.00377202468500784,0.00983346566160375,0.0138779419123088,0.00172061399714786,0.00198728414795181,0.0770107862747284,0.0110230105004625,0.023428658626531,0.0357074532881368,0.000452109666988513,0.000976651716800069,0.000592204730717288,0.000720451852478944,0.000840957152855029,0.000541117562591765,0.00201070159416898,0.000240675101954583,0.0141495025434578,0.00622945895046514,0.00575220452045776,0.0182334960403486,0.0102964249318657,0.00215382609290186,0.00420790227345515,0.0301563334456355,0.0021959819554717,0.00146188872309494,0.000977142947252944,0.000883151572455335,0.00194236059859857,0.000299189360810772,0.00699420701857515,0.000522328669353772,0.00306920383489528,0.00407782983005784,0.00364109673348817,0.00576511503007474,0.00476995833306719,0.00298008988518803,0.00336807248731386,0.00481097228325422,0.0210203300503535,0.0110437580397636,0.00770414156346792,0.0209372776714405,0.0050924919179663,0.00139128264080431,0.0134756692101479,0.00481515514554386,0.0019868990898749,0.00120715368886104,0.01097143649647,0.00726344006094333,0.0368280600582722,0.00484154663728454,6.14144132902907e-05,0.00300902311079527,0.00113099934176616
111.75,0.0120524178821474,0.00136286288574022,0.000546412854476196,0.0109876367260919,0.00739578807291851,0.00787625553311064,0.0102709926854013,0.00267898991198683,0.0318907062260431,0.00712705162119659,0.00237126247496911,0.0152761719845552,0.0449900651596631,0.00672999014305058,0.0346848219537848,0.0321032088725213,0.00551305964927592,0.00205445972977679,0.000627632188696894,0.00107940843360486,0.00155295370413127,0.00203728524850041,0.0045253548913325,0.000135964245957522,0.0110794288435338,0.01794955878027,0.0140989155208781,0.0327682787148914,0.0574329634067722,0.000930081778644594,0.0458069925447182,0.0446954452908196,0.00214187773844416,0.00377114218869517,0.00154269002137824,0.00140918438164082,0.00388707792828661,6.83727595180521e-05,0.00130582664040184,0.00541266552176335,0.00803776214785685,0.0115147493556692,0.00533322955191501,0.00602906625868091,0.0165868910100041,0.000484398618349486,0.00326380612486507,0.0234001692059599,0.0262910681682708,0.0219090789725592,0.0181714144682472,0.0300697343166536,0.014234166479793,0.00825946476069273,0.00225952476180746,0.00384005082446197,0.0171479529806752,0.0201414985691135,0.0626499104147888,0.0181603261604827,0.259878124143063,0.00177980461150984,0.00086835714888315,0.00567446505188523,0.000805132686755183
112,0.00849335905281314,0.00101363287155057,0.00788694522375429,0.000149730088978154,0.000991591156312664,0.00950492822122068,0.00608849269798722,0.0141529348131786,0.013992967388116,0.00434766281060075,0.0833693798631561,0.00180953833384286,0.0253485311519102,0.037059602235402,0.00705587012001559,0.0642773512032806,0.00037279594764711,0.000272478711471563,0.00324295158495061,0.00310189726032819,0.00020328112118512,0.00143908760234219,0.00162747534249134,0.00447912957485965,0.0380969929491014,0.00287958945272755,0.0166454757416904,0.0575434174961826,0.0263046635533736,0.0190659872339715,0.0351717596174816,0.0950027680680604,9.88835745130821e-05,0.000271245075280311,0.00124583922860652,0.00401408954057571,0.00215428215766212,0.00632510722477664,0.00376584406146804,0.00045467960454988,0.00126728750089792,0.00226446340254993,0.00248911353817046,0.0150815077806567,0.011071353113465,0.00484334070191936,0.0298950672127945,0.00271714869196422,0.0447726759357767,0.0263414334842557,0.00880490520112012,0.0474392993075177,0.0274827117462696,0.00209654133382876,0.0727879746156699,0.00666251326012584,0.024400519533561,0.0297076504183202,0.0552326727754549,0.00396613267825523,0.122853301591847,0.00272594857114363,0.000956579364045852,0.00399215472781146,0.000278936717453332
112.25,0.0120222992231186,0.0111437339948955,0.000280955807660058,0.0164959857431557,0.00587701092395748,0.00266397755055444,0.00537703055416983,0.000939644462496605,0.0194997549673716,0.00833234830786526,0.0148766568333619,0.0293202386057317,0.0607895527269936,0.00767520886403169,0.0166522939398361,0.0121314037002895,0.0259583532842754,0.00104469348760436,0.00121562110779202,0.00199196326890468,0.00075310027705559,0.00126718580794224,0.00254652292845278,0.00283617709622687,0.0154884675745488,0.00149007491188579,0.0288010490438032,0.0071768307691255,0.00526736254215444,0.000894349653076295,0.0681781322426709,0.0205109311763817,6.61237936897866e-05,0.00595252383741852,0.000740457499800939,0.00139650651111128,0.00138501657854849,0.00122170278340885,0.00496490616119898,0.0252858763942065,0.00427288628345632,0.0056700968529292,0.00789469857096958,0.00129445832300929,0.00607689507177885,0.000402532604556505,0.000193658716097412,0.0527591464627387,0.0433642346540638,0.00545248416034597,0.0116989614004317,0.00323577372861691,0.00825963259826385,0.0232269567013204,0.0012196721671526,0.00320544403399176,0.0191069292555014,0.0467553029471102,0.0404516673266764,0.0169734886208562,0.109394584488225,0.00100206021208279,0.00182055474659287,0.00188151948646748,0.000334890148076781
112.5,0.0030024715573474,6.93114904594261e-05,0.00173112357620229,0.00921640376911882,0.000573031443526885,0.0106692874833729,0.00249217581602641,0.00200362115668926,0.00407786249041689,0.00129236934116843,0.0101741972424272,0.0160515346015235,0.0366000847970728,0.00646325052096833,0.0366607698026597,0.00021506854377478,0.00910461151115554,0.000284057316629818,0.00116303363597861,0.000573490725950308,0.000548578587454465,0.00458005835967228,0.000340878005451767,0.00306305906836971,0.0166408431492674,0.00782732638990544,0.00483018512622491,0.025610109119806,0.0344824294627368,0.0102448013408627,0.0475416233789497,0.0277711469510787,0.000121114724500229,0.00242601126158962,0.00112903577761787,0.0035575567177587,0.00177438820105891,0.0018928456492816,0.00297458379304206,0.000127711561005013,0.00761457937365484,0.0121352746542859,0.00121670617026487,0.00841625673045282,0.00213087752135282,0.00168365887825421,0.0112285057274622,0.0230565052152132,0.00396515881440652,0.0202296411563249,0.0101483049420809,0.00456481923355548,0.0033409213694414,0.000584452078288987,0.0086119443552999,0.000950649141456446,0.0440320742156014,0.0232966531685311,0.00508571749327296,0.0129115741275207,0.0873643259242303,0.00307238978990856,0.00168084064109464,0.000832156509589577,0.000852317595950978
112.75,0.00947265142314209,0.00814470520787611,0.0022275707872937,0.00074085084664486,0.000322780811786161,0.00482083736281542,0.00116729149802032,0.00969140248029165,0.00808960338772324,0.00195582684586906,0.0492812461583477,0.00976783222368899,0.0610663703796906,0.0101550009456742,0.0167172355863575,0.0186520933668441,0.00152701998146924,0.000851353055510671,0.00172233730656144,0.00117957014241751,0.00103828672676294,0.00112705524118379,0.000553675440823548,0.00404593129516696,0.000910433641239044,0.000724685597279724,0.00852187989992476,0.0217845825648147,0.00724533039208975,0.00815041232259324,0.00927671638848223,0.0160842381443122,0.0004811877074308,0.00065277840500554,0.000670814687294333,0.00268654414443467,0.000612871172461884,0.0038171180141117,0.00705989678927177,0.0028577260333621,0.00124716106453063,0.000584057066885496,0.00014220398046089,0.00627880890476481,0.00272552429858469,0.00610441607670774,0.00502079527501913,0.0111616357819213,0.0130535099938841,0.00322554830405665,0.00620112459510595,0.0254992787962417,0.0275980680729934,0.00701370097948076,0.0144879920620309,0.00199389767676464,0.00803295488433215,0.0365890909595172,0.0133454239081624,0.00523828885959154,0.132578755159227,0.00346472673047278,0.00250988185639862,0.00164689305455651,0.00078424158306385
113,0.00202430808662709,0.00130620105687979,0.000767228983551622,0.00300752652306933,0.000312674007156928,0.00484360306679915,0.00218461212515218,0.00058469507614196,0.000168565973910964,0.00580088671456718,0.0215453156283404,0.00134294193106758,0.0425468556937309,0.00183655554028073,0.00859454165587292,0.00255118832280875,0.00128355575647222,0.00229255258027275,0.00366739828326966,0.00343073647599445,0.000427294985514795,0.003201626005874,0.000776046448627002,0.00216992020921,0.0673398774472776,0.00798869085540979,0.000431314784002576,0.000251819503159905,0.0568359419352701,0.0046979315508857,0.0269654265797524,0.00180174977430972,0.0002161170160851,0.00296621315976445,0.0022113772789578,0.00225781862003002,0.00179311798263892,0.00196411503363168,0.0155333006344812,0.000627216850254015,0.00590750898389613,0.00286289909491368,0.0025700726375283,0.0011781130157532,0.00479435512246364,0.00063536199493218,0.0240491307488844,0.00566542349402943,0.00314516493739824,0.000951806791240705,0.00146127171508136,0.000492853940730436,0.0167552011241658,0.000443292999762529,0.00794994509205291,0.000236214654446357,0.00988416545309412,0.0105539783001949,0.00814883995851582,0.0262949129752421,0.00882510863415909,0.00515751952655754,0.00165178506749327,0.00134526507575419,0.00364467743473917
113.25,0.000649820303319069,0.00390617821557925,0.00220257163143026,0.00320361988651304,0.00157771644488999,0.00178281510838834,0.00217875430536783,0.00103276608559992,0.0112584716899613,0.00651415277348728,0.00461411709681373,0.0158590465836378,0.0552928685914974,0.0165507419591014,0.013644674726509,0.00540413029864491,0.00193249483225708,0.00084603580379477,0.0017838970786124,0.00119246101514203,0.00168520363930771,0.000524705229085409,0.000461502521080673,0.000864662220729786,0.0109187825550306,0.00892794616107907,0.00289704493147762,0.00350628547325479,0.0179048757676743,0.0382343294566495,0.00549078231328364,0.015900162006085,0.0011882452966566,0.000549137033708485,0.00123350382896996,0.000199822143751735,0.000436244859118815,0.000299884954211951,0.013965755719177,0.00363545862625994,0.00659235296387733,0.00124236835317536,0.000808638869494602,0.00101076141874186,0.000724209678561364,0.000653488721570676,0.00122486911025486,0.0194863029834743,0.0113736428933057,0.00402273888057733,0.00263102394756299,0.00701745327466048,0.00625246565310191,0.00392831964749045,0.0034684641760471,0.00466974079387792,0.0142286933184334,0.016990649370454,0.0104200672453893,0.0364326859360523,0.120238706634175,0.00430317050637166,0.00056700663249888,0.0016506544188049,0.00158576819061949
113.5,0.00520109212200996,0.0271263643751919,0.00436158873979555,0.0035277924167931,0.000328729306902306,0.00271301463570636,0.00194763901964717,0.00196730743407596,0.026816588370542,0.00192258229590846,4.68615451260125e-05,0.0098054025630154,0.000211857065746054,0.00669404529119709,0.0397940615981182,0.026563900454867,0.00320953259522835,0.00691955177203344,0.00259520771891103,3.665705852737e-05,0.00357098986096129,0.00689815912682564,0.00176659638842708,0.00070255357357501,0.00076706818439707,0.00789636443789843,0.00616694727404832,0.00827824369001462,0.00732456460706289,0.0265946290626514,0.0437303042506404,0.0121048896800161,0.00531089748097585,0.00551394939602107,0.00282060557312324,0.00141031036013313,6.9197544846953e-05,0.000934687562993823,0.00529268231923418,0.00693956532776694,0.000948120920226469,0.00214035836634054,0.000467421621994681,0.00331298914474888,0.00273642149688505,0.00262661192609527,0.000219294522599305,0.00572464639712367,0.00280419505252892,0.0008871699995059,0.0105507288345175,0.0298574531415334,0.00311925882013842,0.0111067171114962,0.00313070546269409,0.00755079743446913,0.0223011297861236,0.00799977950333353,0.0194908464714616,0.0221806733757877,0.276920252476208,0.000346252269794896,0.00051504224344318,0.00219377602589921,0.0072124811242159
113.75,0.00162956456997645,0.010514350379436,0.00872716527782396,0.00428192640825793,0.00366110279684036,0.00232084945228337,0.00195028024260855,2.0111443529816e-05,0.0344826333023595,0.00409309233221981,0.00404853609984445,0.0206246729368511,0.00149608323075171,0.00481336819994582,0.0582682991192298,0.00370597056874204,0.000996377458048808,0.00162841763984691,0.000824976250609107,0.000520111655526226,0.0037119397515607,0.00311878494666137,0.00041852960459979,0.000349171721826727,0.0586568650528084,0.00458664529598261,0.00312841691356035,0.000780823456832971,0.0201615394899216,0.0312384601105448,0.03913645616362,0.0017103494145387,0.00256210596324887,0.0025087590089368,0.00178969899933081,0.000300985897150961,0.00130331186551751,6.05232540612275e-05,0.00219826715923494,0.00439851810465186,0.0111139369450576,0.00289451556349133,0.000871600538010888,0.000183618891908556,0.00564341675499015,0.000253841092705439,0.0130329016727237,0.0170887275309702,0.0227941307998976,0.0022610154292855,0.0106516953354726,0.00223460859581944,0.00100421748455887,0.00800762677700068,0.0249353246762717,0.0136232362449306,0.0343703941226479,0.00616556263215195,0.0497942272909988,0.017606775300096,0.435653173631635,0.00293596059848922,0.000307907985932085,0.00351089900482586,0.00194731471627539
114,0.0125712806250803,0.0332339592527549,0.0125457091223102,0.0221817625500004,0.00307543628378245,0.00828973103835783,0.00813121444481722,0.000167731363062106,0.123589844616895,0.0335695294814549,0.0108904669104131,0.0135921684935674,0.0230922799487296,0.00912266177097473,0.15867992348327,0.0133711507266682,0.0228115718932527,0.0191458613221727,0.00774711436523637,0.000217060120700471,0.0134571645588183,0.0144986939844768,0.000768485833561684,0.0037492786304289,0.0257871895252638,0.0153838469502538,0.0104603697734654,0.000565825768513141,0.0197723229996897,0.0687145406276479,0.0365518152459477,0.0023224497778838,0.016192030354426,0.0202913603014264,0.00712248504046156,0.00940164781007931,0.000536337260021936,0.000143582077588065,0.0102285409781249,0.0229186155126275,0.0101347787848514,0.0199648195958565,0.000556339030822651,0.00168304630434685,0.0172249245239291,0.00889386867098692,0.0111706690037375,0.014355028435055,0.00335250245799463,0.00683563234735921,0.0408380489161514,0.00507670364053382,0.00735734891048526,0.0307334563238315,0.0122563591974213,0.0222179342897565,0.110787825362216,0.00304475228348127,0.146104225868467,0.0260450040385048,0.943584161342818,0.0379307948453309,0.0037917786233961,0.0089416001805776,0.0136924853938075
114.25,0.00285923388145099,0.00475025809973718,0.00314661486214157,0.00491072911188512,0.00216301838276418,0.0116443090701501,0.00180374833026392,0.0073860787510176,0.0182694807398331,0.00319730895599147,0.0343247673148848,0.0151328979183345,0.066473397849047,0.0161974103376783,0.0298204367390073,0.00560322355449051,0.00146825888517586,0.00176449807005584,0.00247012336506757,0.00293010198708245,0.000940097548885341,0.00626248502302975,0.000905608294009728,0.00604875881915859,0.0383551626771518,0.0203099335212702,0.0120154594758365,0.00421482605990894,0.0114469813978474,0.0444924784195407,0.0377961307136429,0.0131087402186817,0.00043272789358845,0.00227210448826611,0.00208459458997576,0.00501523043075705,0.00209349359679035,0.00405610394158823,0.00182045729085008,0.00278563072309454,0.00217427239000155,0.0126888582757541,0.00349403560966656,0.00551503779082664,0.00121724212180973,0.0049135371233312,0.0233527120418913,0.0123979423369786,0.0152136333827558,0.0153224652613663,0.0101235057500748,0.00408502533243618,0.00827584415137719,0.00905781582531955,0.0147085402811393,0.0320574573603505,0.031378092052701,0.0743727007576336,0.0283546126051927,0.00110557381461179,0.247142506736926,0.00544433442705538,0.00240327272329386,0.00165593394637777,0.00220862248831015
114.5,0.0170275839061325,0.00755467940544165,0.00151339673984099,0.001597505936449,0.00291765603314035,0.000207649911203578,0.00151712795684852,0.000940474796521048,0.00914536802602988,0.0134541809071508,0.01748646018428,0.00891542951768457,0.0464860667584677,0.00149765025022692,0.0139581428533256,0.0083447086048467,0.0242389980048021,0.00124852862692171,0.00070513127973632,0.000177372754337934,0.000700715586183442,0.000473848267184202,0.000201419247230689,0.000285647526789997,0.0134261030633587,0.000825915921762158,0.0163086222198932,0.00225717847998289,0.00497220568853237,0.00862231986726879,0.0284874152090885,0.00421078160213309,0.00175283951173501,0.000771419520584707,0.00111543858113456,9.66260603658779e-05,3.09760803895069e-05,0.000113362986705422,0.0122742512507589,0.00878786940408864,0.00153135580211794,0.00152155713740772,0.00280243955559488,0.000391718213054278,0.00113236028020433,0.00149026265155555,0.0089421109213884,0.00662803773812968,0.0262578974936908,0.000190364861782082,0.00313620926840236,0.000694365360740546,0.0264277371438633,0.0109931356986522,0.00560970612551923,0.00536891565182076,0.00576310899853784,0.00289917819192483,0.0089071051514668,0.0132687637011698,0.0476785582889793,0.00466819268880335,0.000106554505733904,0.0025808864282459,0.000543263264487239
114.75,0.00139103168739842,0.00650370410183435,0.000540528055648026,0.00192392324889538,0.00225981031508953,0.00013454929442523,0.000786155879986613,0.00104459293899457,0.0157746795083532,0.00667726623109719,0.0128327031624036,0.00555683754464749,0.0477696595436978,0.00587172992956101,0.00107976115855181,0.00257370438614781,6.42073613108204e-06,0.000235926906618407,0.000447390927460876,0.00172354513507222,0.000342064882292476,7.37271064536352e-05,0.000549485171437605,0.000813058706149162,0.0329147111306232,0.00549466048854899,0.00496805968002532,0.00949351256410087,0.010104122419267,0.00738018397220418,0.012083785906036,0.00440729837610153,6.70941064354754e-05,0.000127508878716777,0.000350342796943552,0.000553068084755886,0.00197773918532871,0.00147503843030742,0.00121045835073111,0.00150385486265353,0.00110560849484341,0.000790145836187859,0.000190279616428379,0.00136197793513724,0.00177066743882446,0.00261872934573631,0.00186514864731454,0.00905340502029142,0.0097092183198567,0.0015082378564061,0.000299895077521129,0.00293650924563427,0.00496768408604478,0.00257587618717567,0.0165648377676668,0.00110311932349229,0.00219604996748061,0.0132713824044111,0.0026085065995441,0.0157272005345626,0.0935767168876039,0.00378754927022,0.00184686948569858,0.00434768097043368,0.000277307177728689
115,0.000558281437203548,0.00532672383041061,0.000374011734630229,0.00357280527813694,0.000445196566500617,0.0036377351917441,0.0020864189219858,0.00349823920964271,0.0182364949565692,0.00174112114466364,0.00557557080593207,0.0073097657188827,0.046189369826738,0.0129747599338505,0.0385905504685046,0.0316747481830044,0.00383263398262325,0.00234205180202426,0.00151498503733471,0.000439379016672339,0.000981030699282273,0.00205137930988592,0.00127469684916978,0.00277169128007038,0.0170923551615572,0.00618856910783802,0.00357560494314443,0.0103320924063998,0.00695091432739845,0.0227250952553308,0.00776272636969059,0.0231660163328302,0.000459457883351094,0.00255053004569681,0.00138672111266021,0.00272080225451404,0.00149040926112945,0.000530789197444642,0.00118822866636481,0.00197430273522822,0.000709567316609411,0.00324158876517377,0.00207848610091404,0.00691476192957549,0.00181015057159108,0.0008823344179093,0.0055851241019745,0.00540895533530932,0.00385897561569184,0.00618051150592997,0.00651971763387172,0.0154497211316117,0.00790604697016278,0.00666253635530781,0.00167696527322145,0.00853609815295535,0.0177819095756936,0.0167517471964277,0.00659471800189639,0.00046657430632293,0.179574672936856,0.00325094413820577,0.00116270034383683,0.000255385983218249,0.0030179525528547
115.25,0.00705532271251974,0.00468004574171206,0.00173285402279659,0.000145261952679696,0.00288320182176309,5.80248332864021e-05,0.00106827072311949,0.00337715811673035,0.0193119215524179,0.0106113190040343,0.00321172889705692,0.00333089107173076,0.0521429545311762,0.00382517051281118,0.00554315437459022,0.00816563651533039,0.00406021509973898,0.000224708765388734,0.000492621796634236,0.00172894342336282,0.00143702549007464,0.000234233424196902,3.77429005696717e-05,0.000777253328518441,0.0103512571056352,0.00333207052809433,0.00409780229350625,0.00516108006883684,0.0225361692761873,0.00573658396788339,0.0165260755632272,0.00606988985241899,0.000269982124624249,0.000642882433028941,0.000225147840540938,0.000144596862332972,0.00174442863334996,0.00175634031640103,0.00148921759206236,0.00431676786067524,0.00451045724314028,0.000192527232314998,0.00017458970674747,0.00120157980843164,0.00549930022487122,0.00265135067446507,0.006136028634023,0.0021595911391269,0.0115120960948548,0.00381632553367661,0.00115134907301984,0.0100206873401463,0.00609298040716157,0.00497084462924074,0.00188286270409728,0.00262207584619854,0.00256748391618441,0.0369621521165473,0.00754950872659385,0.026765004335128,0.147114784514089,0.023437768999267,0.000386627992632947,0.00685091488101936,0.000364913860103671
115.5,0.00681204446723953,0.0166642634514659,0.00176960541041823,0.00542210850303819,0.00389108371332325,0.00108049429045566,0.00268808787922954,0.00314147250235051,0.00206942022934429,0.00741818648694988,0.0359204652461998,0.0113850519574923,0.12127653129865,0.000197849575206581,0.0322105123240818,0.0401567267575035,0.0124359546268792,0.00161414746548295,0.0010908505540062,0.000595207412752318,0.00136915647192215,0.000449092721334884,0.00066752496724454,0.000395689706795285,0.0156292999770425,0.00886552343352352,0.014475071225909,0.00523411708959119,0.0302204722195771,0.00044788004151911,0.03057511731261,0.0121860088181194,0.00267322256157002,0.00369997082774627,0.00128552692068655,3.86029459886976e-05,0.00089674123508842,0.00156319854412747,0.00370773870478479,0.0148688195625423,0.00406144418279628,0.00192687817283642,0.00234341785299064,0.00290006494013417,0.0018377758701564,0.00642109370706931,0.0127643567276936,0.0145010851919303,0.0116851592781428,0.00309307256779876,0.00740943795899656,0.0192708036742943,0.0172034810304554,0.019971318900055,0.0153736210402841,0.00335712214425966,0.00570127666845661,0.0192855185888872,0.00705603315503558,0.0259950758324366,0.0718134662666597,0.00586119175025452,6.80587120293237e-05,0.00198342936464755,0.0011069580158254
115.75,0.00880513154541488,0.0143481986355333,0.00141731679539081,0.00227419068760474,0.00108046765852729,0.000419364231732872,0.000626188071863272,0.00936428160111219,0.0029591898460549,0.01734514939161,0.00193181285218725,0.00411216594244731,0.000753092870182202,0.00425352141152062,0.00704013155088364,0.0392756475277228,0.00638861438439926,0.00144370535869163,0.00145024224148899,0.00192076774678942,0.000414651919768058,0.00022267256243634,0.00104001827978485,0.00198135082981192,0.00219276554434159,0.00744613467408809,0.000812489709741527,0.0163653881019925,0.0182113190444301,0.0192464452995645,0.0111529260767139,0.0139140257862795,0.00157591507321378,0.00159225824488848,0.000320133865366946,0.000245163263078773,0.000498385929273699,0.00104368286109957,0.00106780548737058,0.00704536746595137,0.00068092862025165,0.000783494818504959,0.000338472245380731,0.00312538557199018,0.000616849308249732,0.00996396324225157,0.00152047612632224,0.0064193571644572,0.000806094679386747,0.00224409747292412,0.00142250364310228,0.0248090400813334,0.000855891557857213,0.0138392493770659,0.00615971696299279,0.00625523297674301,0.00396402179494005,0.0396596586560552,0.0101119731413335,0.0702550018348977,0.026034305957031,0.0170788679976275,0.00101211473289005,0.00379257628828137,0.000777607957482745
116,0.00322257109257237,0.0219946159939116,0.00422700393091966,0.00439091678276231,0.0039039466585083,0.00169048828802481,0.00327073317519446,0.00583500519439903,0.0209486027907009,0.0252158698890738,0.00251599724188841,0.0281441955437236,0.00956099821224067,0.00303915920567692,0.0447291779515368,0.0143008253766966,0.00226028455594372,0.00112122501366851,0.00105638964182173,0.00551498189230564,0.00360365113095388,0.00141166373080562,0.00264435859714592,0.00125457607599032,0.00895731256188793,0.0361359863304027,0.000302430775539324,0.00158503760393169,0.0113099826128116,0.03801357219564,0.00190421296344409,0.00676166898664399,0.00357902816413125,0.00226890606162591,0.00270176696968206,0.000756732815241582,0.00227625730669108,0.00395004441949919,0.000860510099971514,0.0075286091854867,0.00844389035198571,0.00474143476715545,0.000987153122848938,0.000984627604754859,0.0100896241899518,0.0205808410272082,0.00364787126417849,0.0157339781020277,0.0163415883692436,0.00710286701026004,0.00613573363365072,0.00497648264699088,0.0037884331226535,0.0244172369403903,0.0170960166304369,0.0707582575571958,0.0122319537149345,0.0667121474544144,0.0421493938550621,0.0638940657066492,0.278839873646834,0.0249962274155929,0.00237040638299582,0.00663556416292571,0.00108129923952852
116.25,0.0180494225278483,0.0298251368651421,0.00226800663021555,0.011813561674138,0.0037165378416281,0.00343797580663119,0.00503347981107003,0.00136264414393936,0.0204072589778445,0.00901713591351398,0.0180272267101522,0.0411637601948107,0.0571479672911638,0.0133902332821372,0.0260502337789388,0.00309050407532289,0.00132151727583732,0.00252100759749425,0.0001859834404262,0.00253272419465443,3.15350181921553e-05,0.00351264020378349,0.00249418487285347,0.000504247295905157,0.00369158565537562,0.0199379742956208,0.0132365873794625,0.00619347710525141,0.020422819699198,0.0513946145256066,0.0308150544008629,0.00275773874486754,0.00180667832620085,0.0113976454668129,0.000642424365891602,0.00102015847324911,0.00241977879353648,0.00129512815209078,0.00378629915627373,0.0126279379509187,0.00489724542436395,0.00649898427785089,0.00513593321993096,0.00141926934545017,0.00955728994048632,0.00304252019719425,0.00119427699072152,0.0219555617601937,0.00781297217084729,0.0113601387988138,0.0112358764301775,0.00175088615498865,0.0063365937131974,0.0328554308111694,0.00804293546224784,0.0506256274493532,0.0197947605221307,0.046294032940048,0.0335055464209465,0.0307036840092803,0.115035006158896,0.0148178681814285,0.00057550654784508,0.00363613425812949,0.000796699202615321
116.5,0.0157276772925814,0.00751553982917071,0.00175076880117188,0.00626756959587718,0.0026905896592595,0.00421217495059317,0.00357642723467648,0.00181967086976665,0.0311189473997367,0.0117741637451879,0.0234396246768642,0.0262382971095435,0.0334161057172414,0.0130947548207558,0.0107866294261446,0.00163804599252584,0.00219127632447983,0.000328051398345882,0.00123565137780442,0.00251352650395573,0.000549276199275025,0.00175244820861084,0.00279882110851172,0.00170315793895325,0.00235624466075112,0.00758902410927502,0.00900668488870207,0.00512027832773968,0.0257293958704435,0.0291919738654244,0.00187111859876314,0.0071462792492939,0.000406292463924053,0.00194409176914477,0.00214317586086268,0.00226556397317598,0.00232150353087926,0.000497556557822865,0.0110963333639399,0.00411374643849752,0.00345851719102127,0.00684944084589165,0.00310518862682249,0.00113332871409685,0.0116782102193432,0.00102741117458592,0.00515510966733466,0.0142687271597096,0.0150370238069391,0.00738782815243818,0.00694924475979518,0.000846429618807646,0.0280996722002093,0.0142755316459659,0.000163044056946155,0.0332161055173818,0.000129299017135673,0.00708590464372498,0.0618595568522209,0.00757493546254728,0.105866289195911,0.00160702489316864,0.00106568847737211,0.00298530055978529,0.00101003353885806
116.75,0.00351398729711447,0.00432216779631978,0.00267521365721535,0.000652772649382781,0.00427363118085647,0.00034141164427593,0.000813373064548581,0.000937488144055419,0.00792464705090226,0.00322013875230033,0.00202584257971811,0.00538507408245694,0.0377509751674643,0.00288785464531381,0.0727895622115368,0.00133461339533395,0.000746052446917884,0.00196275799319642,0.00177288895417289,0.00302244319432695,0.00292496831793361,0.00179083111979267,0.00324389296638489,0.000301154017505962,0.00458622094621012,0.00090581386126663,0.00258459093445355,0.0010247542836857,0.00741796337617107,0.00922320694164015,0.00148663603630983,0.0107284632503372,0.0011898333802911,0.00162845644770571,0.00243024488654922,0.00114494965839783,0.00123130781062978,0.000883088081390063,0.0138463076503372,0.000998757138336389,0.0066769753882624,0.000395913122557886,0.00215771256671949,0.000158421127555854,0.00424891688408227,0.00156947824683879,0.000572711746055773,0.00292774442503684,0.0139251012810223,0.0011390026814628,0.00945826366086032,0.00119711068380257,0.00347117343352952,0.00307933258767378,0.00330637634592286,0.0133217730560541,0.00859877767106711,0.016407307905024,0.0543314012730804,0.00487129156805681,0.00980517745873987,0.00435398960361934,0.000222628778271859,0.00090734347662255,0.00274198539427165
117,0.0115629253164839,0.00120661676061847,0.000849319476336789,0.00240881831306067,0.000655847560212055,0.000147012442864098,0.00102600084334877,0.00206951594647246,0.00958028113969221,0.00545429853542224,0.0222886329100536,0.0131190670457489,0.018138985590008,0.000817099066264993,0.0271089191451858,0.000168661806569967,0.0169609943945269,0.00114990715186057,0.00123637482658796,0.00294170992025368,0.00123940371585021,0.00110563853301587,0.000965865688788482,0.00457035463789816,0.0125766701868855,0.000887107956360159,0.00177387813047864,0.000681691586767672,0.00216473204698644,0.000225228193158967,0.00452407904062576,0.00276001010119593,0.00021241305760199,0.000614131015933289,0.000830810959848157,0.00133080890786957,0.00266709204747187,0.00311987107544957,0.0158190872410004,0.00178647993730197,0.00487292070816979,0.00145638610259408,0.000613263941968217,0.00135250470707182,0.00768859841972545,0.00383957393126396,0.0131493428574226,0.00971419622932756,0.0028622088464639,0.000501622199985194,0.00189954946541223,0.0049956333360156,0.0274858077114482,0.00207477004197339,0.00934832087147047,0.00151829601522601,6.90518702308234e-05,0.00792515611582578,0.0261529763385387,0.0051437170098553,0.0954295956166286,0.00431935872510675,0.00251026495273296,0.0037292471020527,0.00294651751524941
117.25,0.0206086563453758,0.0111079804613221,0.00616455661775875,0.00304700578598183,0.00219924417482399,0.00491385640874815,0.00771437320966367,0.00638168965366592,0.0612627767967828,0.0170188689284789,0.022793969828597,0.00481384279693782,0.0113070951838746,0.0181186409378039,0.142491760812403,0.0110706388185198,0.0235770961538313,0.0058327021833879,0.00252288339197993,0.0042053052536893,0.00491503621309904,0.00453577177730218,0.000583131415716119,0.000889918553489317,0.0247558230257556,0.0235259219234342,0.00711283503405178,0.0019732742197376,0.000566664508834772,0.0408703654086234,0.0505722449072698,0.00201690915883823,0.00609260437531264,0.00370161772955252,0.0012274163467188,0.00233209356231179,0.00287412006293836,0.00347446366491507,0.0292840385851392,0.00802475513524386,0.0132296747703462,0.00429964497903992,0.00085839236668132,0.00304323375910226,0.0159386582922072,0.0130656615372054,0.0153112659512143,0.000524003434908876,0.0180694903974939,0.00748280986480378,0.0347017731815219,0.0150061663458579,0.034537075603097,0.00946649463630944,0.0192958034810867,0.00914914514711545,0.036486703588245,0.0199254023470463,0.104292346439533,0.00782991508739528,0.285103694119495,0.00178117077073466,0.00280184475619742,0.012452466730554,0.00535892973542381
117.5,0.0129136228210776,0.00646498182318707,0.00270186967171635,0.00285214457837695,4.96212327904597e-05,0.00129208144295336,0.00223903593352697,0.000976999761781325,0.00857768236190158,0.00330323591719459,0.0244081528212911,0.000546800849971604,0.000869985013354002,0.00693338298965189,0.0476775834162923,0.00788126490537111,0.0085654485030505,0.00102941649621085,0.0011755257219497,9.08779504149927e-05,0.000904743426932868,0.000673266799102033,0.000337316976521242,8.30121471317501e-05,0.00527946744707085,0.005978547268302,0.00667153780907443,0.00148102403182863,0.00395212682420965,0.0123549443758552,0.0256842774177886,0.0021879030199725,0.0023411343721184,0.00204577752953021,0.000408277711788959,0.000486665848374847,0.000321240593114959,0.000278299864900397,0.00513515713753223,0.00509071749228372,0.00211471496105024,0.00251602157868631,0.000625521237033293,9.61277760784587e-05,0.00238856883591774,0.000200397281396222,0.00483155259280402,0.000536056435073146,0.0024652723503859,0.00190747219130562,0.0111707892349452,0.0125275166196779,0.0146512366418799,0.00432717898689725,0.000424804775302369,0.00356017328941046,0.0132349537574003,0.0264642854997035,0.0126727892597075,0.0113208628081226,0.0866909311886423,0.00499807256911161,0.000103541983196718,0.000469088011050386,0.000791641709986891
117.75,0.00243679361069932,0.0179664671277682,0.00131455954457688,0.00558928625612976,0.00418184753250583,0.00299948042518919,0.0153246885000408,0.000241226037198058,0.00895220301229131,0.00295657014141861,0.0145539242218647,0.00957109925608592,0.00770655469388391,0.0129789126272131,0.131798730437584,0.00213897284304579,0.00118659652174064,0.0025484231235091,0.00111378543448995,0.00273117586160808,0.00269196885329556,0.00374044285695251,0.00715905146513094,0.00147760140762558,0.0190565698928795,0.00517508545341107,0.0278137450888917,0.00813479377910593,0.00742414654301964,0.0132153710293733,0.0970055547232991,0.00740620827013187,0.0010474287162455,0.00169340913328229,0.00130033261459583,0.000932332487476201,0.00846850466798772,0.000926818200061785,0.00520798958077756,0.00502577636800206,0.000362531124935482,0.0068544098294015,0.00806914617235563,0.00092485585135999,0.0081956413172979,2.30781972200965e-05,0.00849245476242231,0.0101445445075008,0.0178965481957372,0.0084613519897567,0.040771774252669,0.00635977981933519,0.00219691827919092,0.0172639756737844,8.55070988021006e-05,0.01707079268228,0.0320381109974604,0.0386544284657288,0.0243867615191618,0.0129072997723581,0.162642196874114,0.0163130123354385,0.00383528780879952,0.00133638424527713,0.00351021114181285
118,0.0193995795039664,0.0121876308768118,0.016910815768716,0.00182064729290986,0.00324582719645929,0.00111046096390885,0.000720278642225261,0.005880335096989,0.0225503847867128,0.0137732276406867,0.0525259530567476,0.00448785289058162,0.0133512755803017,0.00203436320948988,0.0265201123559305,0.0281854675219135,0.00591603120935047,0.00614230817239494,0.00263827502764778,0.000184907614894447,0.00784191959311153,0.00089922375046902,0.00111051465798709,0.00022428993661359,0.0249134025271448,0.00163709008851314,0.000884554081694533,0.0139716409758398,0.00475006816019858,0.00708241574726531,0.00211326774243349,0.0232133000613335,0.010797547465844,0.00410843784196736,0.00225225908084126,0.00182846360660208,7.94067421191194e-05,0.00137719066648295,0.00941366363925068,0.00554254858857797,0.0151697934205084,0.00086334907411865,0.000407597745370686,0.00204016189083588,0.0032022889487512,0.00495846957925838,0.0343432979563053,0.00137604909127966,0.00554451888552629,0.00443610692277194,0.00417504348409977,0.0247857234454012,0.0327900545370234,0.00721063096221077,0.0026427264452043,0.00817106098273044,0.0201951964449137,0.00111398359473185,0.0157859730983846,0.0134934212684108,0.275908115552035,0.0151697186072949,6.57542532909097e-05,0.00355564102469963,0.0041198308666343
118.25,0.00101675934245164,0.00388998068837981,0.00636557058231704,0.000738358737492666,0.00288780290788606,0.000845835402115691,0.0012024548315902,0.000417147214500511,0.0181547570097683,0.00692631484240075,0.0233414846159306,0.00100918208263002,0.0946113307546005,0.00124097708336525,0.00998826230943458,0.0122382959772631,0.0030574323978746,0.000717452289194633,0.000530486030229503,0.000815227607321873,0.00172877800509103,0.000265446941382805,0.000561861299156578,0.000154551592984056,0.0194698912137407,0.00196778793067835,0.0014066629480002,0.00334579263681165,0.00270972793393792,0.00446272159701529,0.00982408408330517,0.00228807340322335,0.00122081172323423,0.00019346976325155,0.00115060674776412,0.000213716423851692,0.000692662082866235,0.00193267150458651,0.00227899782969422,0.000737903893025013,0.008539754036239,0.000956521352157264,0.00112928861733928,0.00109255646570332,0.00397362729495806,0.00416953855782159,0.016593634255794,0.00129665272305745,0.0135430437632123,0.000475316214261759,0.00136382536557958,0.00707077516823651,0.0221905597743393,0.00149012624959237,0.0145336850503064,0.00245648289893456,0.00148667574512094,0.00779560945693446,0.0297453131869185,0.00145426506346318,0.0284655099503616,0.00911078869242025,0.000373858669903871,0.00167884694187644,0.0017297945227745
118.5,0.00120477776196414,0.00562195633290796,3.48692421130679e-05,0.00362323033014964,0.000937730435194419,0.00395114015724365,0.00106981896079343,0.00161078827438938,0.00518008707909236,0.00251256078564234,0.00390815044519474,0.00902337121498703,0.00834089804154363,0.00834089657416836,0.0756469013226247,0.00762916150352338,0.000108700813407362,0.000822822900667016,0.00102399400997689,0.00021983950112553,0.000239913510910242,0.00219988137845871,0.000228829066229928,0.00103430843146962,0.0103151950267647,0.00113565256968409,0.0096794091223515,0.00765172275211796,0.00155839129816113,0.000531620038517785,0.0556136559244125,0.00968731960400504,0.000498807780319887,0.00117590933119736,0.000371819148564598,0.00187431429341039,8.67649780903928e-05,0.000465524304562721,0.00511755539832763,0.00123920849870937,0.00128020034926147,0.00500833468272013,0.00192122616921864,0.00262841687479147,0.000250334671708545,0.000273496579528105,0.00110574229861531,0.00359486265406223,0.0127557463785753,0.00433828242568657,0.01567067487637,0.0038634408112046,0.0022127076407693,0.00206973717577939,0.00154039298972988,0.004361491239204,0.0200258856133906,0.00662641833040097,0.00829210944674906,0.00894498466063092,0.0272428170485673,0.000681389321754278,0.00190754081927733,0.000629315663657083,0.00120305132990053
118.75,0.00273789794060553,0.00404875420782694,6.99855033985689e-05,0.000722631684470321,0.00174222469116168,0.00168455932275187,0.000991936592196317,0.00239506927733016,0.00692057441737313,0.00573109009315945,0.00859752743504647,0.00164483619663486,0.00697741444346426,0.00552329790239858,0.0482093191424409,0.00259481830482714,0.0114785659105605,0.000404059178081732,0.000458077188919741,0.000181010276641044,0.000271829836168374,0.00147208809785223,0.000204834050034925,0.000868536318400099,0.017307679037338,0.00390930282138279,0.0124367524720886,0.00291702983794235,0.0412110635162795,0.00966781219681795,0.0251852736638658,0.00364143005987222,0.00012133761505676,0.000501799180656621,0.000765953543946144,0.00115665920550858,3.62278303918809e-05,0.000890632167646532,0.000927929052527026,0.00281960246960622,0.0035602335572996,0.00142817771682526,0.00156663768704209,0.000847609065732447,0.0009065090155061,0.00248933067477832,0.00230286881784117,0.000471245777515925,0.0117475928370702,0.0039427702695326,0.00755749495457114,9.52888192098325e-05,0.00245687420944542,0.00223924328565305,0.00450465658368466,0.0150779934680599,0.025074162349775,0.0321970199795503,0.00700924587620327,0.0140972735366818,0.073069260624408,0.00252909951079154,0.000387697556929451,0.000695854509296825,0.000489665627218173
119,0.0103472622581842,0.0122380641991534,0.0131787879068455,0.00485591458530075,0.00213723742530712,0.00347048745565572,0.00589924248762551,0.00186940378737109,0.0462609038841109,0.0112065465889476,0.0115968013013239,0.0203219170535326,0.012288950823581,0.0111443975219001,0.0591658165027494,0.00910736472220329,0.00250654659836087,0.00313706119349609,0.000542950974298691,0.000603177965879878,0.00353941089569159,0.00176067482688841,0.000868934062438197,0.00106507692371318,0.0303546923210927,0.0103004527594514,0.00564225770244618,0.000975264342779836,0.0152496766998077,0.0289732012751536,0.0314428744473005,0.00249723570689938,0.00545674975429368,0.00321785018129854,0.00225018854922815,0.00199956048178748,0.00160769763623951,0.00204884788601426,0.0022339960697596,0.00734191958204512,0.00600411807693529,0.00425377251514731,0.00235375923406306,0.000112660169946906,0.0115327296180795,0.00565091621269914,0.0203524760038481,0.0176461975380269,0.00369058144800574,0.00693620910802612,0.0140500653068744,0.0102490645560889,0.0127437513232322,0.016319337935854,0.015173173370016,0.0186881123418261,0.013077540238601,0.00273237979548777,0.0636048817952987,0.0080171762967031,0.340694628857046,0.00663277354543088,0.00159656469541911,0.0062797348911512,0.00246035576055248
119.25,6.62569026999514e-05,0.00387267493121776,0.00732035126654453,0.00307344795737165,0.00311106731422291,0.00469889114299545,0.00106816159596111,0.00133330219377881,0.0245832289815862,0.008399088881431,0.0367701675708549,0.0129086328701212,0.0115407967128534,0.0136081502931455,0.0538394131268607,0.0155375575843382,0.000746220982490151,0.00504822858075179,0.00207972359899611,0.000236616268010971,0.00467224201073898,0.00135409482617914,0.000970908082840046,0.00116280032258215,0.0211691357765452,0.0113664782529157,0.00468752759623763,0.00488788671646955,0.00297791536249269,0.0156873414684119,0.000507383294766931,0.00716516255279735,0.00386698459978623,0.00170667997281215,0.00318009570932082,0.0019986117614999,0.000557473985190666,4.90231542962779e-06,0.0122049520873309,0.00347223518275674,0.00812063174989828,0.00409280489928777,0.00149186494067272,0.00190071287518519,0.00186928852153467,0.00109835367302475,0.0216757089884067,0.0188557052168408,0.00266228428962191,0.00831061423008732,0.00779429067592706,0.00695165856882655,0.00273567035056902,0.00737906589459204,0.00874309108520915,0.012170085044019,0.0141385693129134,0.00313842577708703,0.0169323720948549,0.00432761829079463,0.279561265986244,0.0103132381888389,0.0015596271914168,0.00176518483175897,0.00344919837833677
119.5,0.00356152764661782,0.0264673873944894,0.00271415757904992,0.0191043215637925,0.0021339297405368,0.00255859261188676,0.00675225450407189,0.00126745810065288,0.0267202850885772,0.0105592098959367,0.00525516799329617,0.0337236483852725,0.00184624659694242,0.0180130751616884,0.0279028808221791,0.0190563526951322,0.00448085812472396,0.0022621943577018,0.000124753444019538,0.00282459191461132,0.00129452491324283,0.00108885953830259,0.00171055900153805,0.00032512760950718,0.00653317392882685,0.044258784060616,0.01164839423046,0.0100784583804612,0.00406614604367423,0.0358838350935697,0.0373682970799837,0.0136733597951455,0.00405250404446904,0.00626611572243806,0.000289882373251428,0.000116738209971093,0.00129356742336538,0.00106217236418312,0.00526646686735283,0.0163689267529684,0.00401603890181544,0.0154979690457089,0.00419699815488071,0.00273010178900851,0.00686882491386864,0.00791539882334589,0.00239575192127278,0.0443439192021903,0.0172958638425668,0.0167878378310222,0.0100599418011652,0.00587447043485695,0.00463484732393148,0.038302351178103,0.00855674958680844,0.0360122232756504,0.0251773945979292,0.000475996774337262,0.00989238934485532,0.0153579298257537,0.219430514026809,0.0147385804603318,0.00066086912146999,0.00603744544129599,0.000470673408932524
119.75,0.0038551915217306,0.00643831812674163,0.00734653432472412,0.00587729731830624,0.00273018688827526,0.00405215329519288,0.00113414465593526,0.00219119779853526,0.0234717273524663,0.0229839291678,0.0590083124793331,0.010003476111551,0.0172708053763407,0.0167566206539207,0.00248094101787753,0.0174545628267726,0.000242898507603665,0.000139186483651198,0.000239402051288467,0.000320290192175106,0.00174888677595625,0.00169890350544652,0.000508414976959714,0.00123097437925367,0.0381516188355476,0.0165786935710294,0.00728889442482518,0.00800890004183352,0.00348793227622931,0.0351667897895209,0.0238503902137213,0.0131698816530779,0.00272899249822107,0.0013793229615756,0.00264545469401069,0.000896938272595489,0.00018173015781239,0.00369539218261401,0.0110275017845355,0.00407602575356263,0.00947633026122693,0.00677385637636481,0.00308968549222626,0.00126195356675234,0.00554207644970716,0.0067156280356304,0.030375489651804,0.0168955108422402,0.0139227445983518,0.00786945568959798,0.00248821152365179,0.00825753538533306,0.0127492810662581,0.0105049376676165,0.0189715166527987,0.00521451570022032,0.00738080948991125,0.00711105847558248,0.0241136465951496,0.0200329511253173,0.217463000641898,0.0157838970721942,0.000106359645946184,0.0038709270190868,0.000449891357947122
120,0.0208811361261261,0.00441278256217852,0.00401084679404903,0.011492660194254,0.000396791879745097,0.00252354094972638,0.00352776031889761,0.0026151812272753,0.0196203972674965,0.0124117141899549,0.0217418127432767,0.0235967239419631,0.00389294981069662,0.00487469454939031,0.00855324012701356,0.014324912782693,0.0165619279137212,0.0030277202934365,0.000203463422494774,0.00112629021571551,0.000863348797930067,0.00170304255851239,0.00106095710113379,0.000195692416931509,0.0222279735790814,0.0226823541818915,0.00578779555715393,0.00650062919868211,0.0100860133471241,0.0130225783535003,0.00295944827833507,0.021454740793962,0.00483434980484958,0.00561325696338633,5.18381570956967e-05,0.00124140971462626,0.00154120227557867,0.00130802085104021,0.00917934054316724,0.0122659652435618,0.00032677808457208,0.00723462838657159,0.000827022838697284,0.00305248170433011,0.00792379943507549,0.00232933266400198,0.00919269069425984,0.0280762287178838,0.00109855606506045,0.00308238151216697,0.00613977132807565,0.00811024077652431,0.0207663505262555,0.0144426902776665,0.0158553260699023,0.00390009254434433,0.00291924191999513,0.0120751926833287,0.030923176636075,0.0136932697506329,0.143998273526317,0.0144487244264837,2.28671780537947e-05,0.00186998475612866,0.000793690735912661
120.25,0.00050275731937522,0.00369689924395921,3.46383121816385e-05,0.000814206755970864,0.000815284544361054,0.00177539807278998,0.00198038776654772,0.000793740978423617,0.0136107730609899,0.000572073406135301,0.0151207916822524,0.00155172033128021,0.0101082072283515,0.0136656798830559,0.0546442209335911,0.00385096357221772,0.00567689388483222,0.000951548729196594,0.00261552200962714,0.000563460595832669,0.000260443971308902,0.00110923895532281,0.00089163515759584,0.00143677525242043,0.00122144205771773,0.00311806058455853,0.00549632313722296,0.00538926642568539,0.0275314003569526,0.0301439116703671,0.02630902394316,0.0186530519243742,0.0012937006739133,0.000890995412788467,4.68190748598821e-05,0.00110192042234962,0.000230613167933477,0.000140901680376433,0.00527653009755214,0.00158048940612806,0.000240992133958406,0.00285428117246225,0.000133537135953288,0.00151450263121871,0.00313034143467587,0.000643935941494472,0.00187952652864001,0.00328279277056653,0.00131948654630879,0.00742779069374958,0.0127893769261726,0.00161354846931989,0.00988527098313426,0.00270864096077794,0.00444333561509684,0.00502886944029465,0.0221117629240755,0.0702259620041196,0.00534146454314609,0.0129063986908252,0.10019084519279,0.0110511337510267,0.00102296669917987,0.000979977742260662,0.00110048256327226
120.5,0.00247119376426491,0.0131312180065725,0.00576145479130109,0.00240291199703795,0.000393649416226974,0.00238522653401116,0.00158676910066856,0.000609067743197411,0.00630446423221429,0.000380838618819004,0.0331395157166519,0.0139398483929091,0.0315393361849998,0.0110219422764089,0.00819161324487911,0.0197999255296591,0.00765991636116329,0.000441005712547448,0.000613701894240134,0.00012182659681458,0.00108717481313179,1.22281788274051e-05,0.00103329336924227,0.000469553936428945,0.00836365695217061,0.00361666772568608,0.00279609346078979,0.00766608644817351,0.0478315595101284,0.03721139016025,0.00680102558980942,0.0160227056384052,0.000998246630724317,0.000614119065977014,0.000472465301169784,0.000708375562222263,0.000740684410948641,0.000564267744266623,0.0124811863600584,0.00429676805208888,0.00249605666155805,0.00357177308125161,0.00131252463136735,0.0026145556600452,0.00152119166712276,2.44456615413101e-05,0.0106887047646357,0.00667411832314757,0.00206689372985217,0.006776468616791,0.00346550657668912,0.00606852090789027,0.00278473068690961,0.0105346232324227,0.0416585750580372,0.00994229366451018,0.00901212936665644,0.0102544144070517,0.0103670355080759,4.12960228640844e-05,0.0921303764852515,0.00060195084264864,0.000251728731494193,0.000644432717054467,0.000192855502851147
120.75,0.00221571719520744,0.00175014424407839,0.00202997310609369,0.00105222323418937,3.25332505566351e-05,0.00294496858594374,0.00302082108021899,0.00019456045402514,0.00359819374579163,0.00497745411413071,0.0463930452536106,0.0039185774942554,0.0935516507490691,0.00273434755729807,0.00631071875922158,0.014090681714874,0.00190772572643479,0.000466303155771636,0.000107613253870898,0.00255573136748419,0.000308662277341926,0.000138239334210991,0.000590999271763744,1.09139139642444e-06,0.00731026767325732,0.0060760816496397,0.00196795705490008,0.00167736785330251,0.0468034390598454,0.0116865872287852,0.0117309287547861,0.010716586476148,0.00116539575957237,0.000849433856987913,0.000175215527446225,0.00027569964015588,0.00105878569658808,9.17109178070279e-05,0.014610867749926,0.00136140944062286,0.00137289975953202,0.000612836234329045,0.000142040017990958,8.47261189548048e-05,0.00302239497887674,0.000593701991477617,0.0150042597138284,0.00111702368868761,0.00314740182468968,0.000965459907546377,0.00587787695393515,0.00135566780580766,0.0132948829257201,0.00232375787280468,0.0055147501508233,0.00574269270129489,0.0174777713328322,0.00535574905635843,0.0186074200721189,0.00152252909957128,0.0067284121703248,0.00039353572698487,0.000228784204562079,0.00254387410478186,2.44335698198861e-05
121,0.00235655440546647,0.00113856920991798,0.000620603390621039,0.000466009532008704,0.000710248799459157,0.00285775289003082,0.00102542712702533,0.00070786027162474,0.00113869447465427,0.00457721785612987,0.000270830586326813,0.000369234867652002,0.00263247581598913,0.00464513533499548,0.0185482442030677,0.0065190538245766,0.00130167034944414,3.97565754904157e-05,4.5347229972137e-05,0.000121164388826617,0.000255449552857643,0.000394259169350165,0.000316642097472749,0.000244238050902687,0.00574293255989768,0.00177502600364815,0.00738449110482976,0.0040087483039606,0.126287603137567,0.0111817859574163,0.00888964929781953,0.0160424718337266,0.000104897111813161,5.13374079905369e-05,0.000615506992973938,0.000318312745151084,0.000732150569539125,0.000229404104277794,0.0033556691310694,0.00136727273108091,6.00042492717914e-05,0.000483317444788901,0.0024307366291152,0.00148849675448683,0.00140073290297469,0.00202880854664975,7.35338151049665e-05,0.00253922348922975,0.00767196279009809,0.00652075033180579,0.00448030162607437,0.00598331894248488,0.00550572206299879,0.000829442057756281,0.00303263113572623,0.00578433367844196,0.00713170965257476,0.0286385393071595,0.0131624193316123,0.00520554720523488,0.0195962638002278,0.00566912476734356,3.4753574923812e-05,0.000238398830543503,0.00037730641110812
121.25,0.00391200094736516,0.000634956137287682,0.00159144458781204,0.000366295119837373,0.00317208677673242,0.00222877096014852,0.000384163418486643,0.000545402318561022,0.00169500959861014,0.00037040744483479,0.00802760002329572,0.00468937005344361,0.00642293128353882,0.00458203535697046,0.000804444364654634,0.00128281309608582,0.0040832527172809,0.000337394293586176,0.000374279796953358,5.21465419122034e-05,0.00151247550976238,4.71958131459002e-05,0.00156455493279675,0.000451348430549013,0.0101145409236817,0.00973165946653452,0.00513121885452993,0.000272518175239923,0.0169991858433424,0.0147048428096106,0.00302290223503626,0.00282021457998529,0.000606546221256522,0.00015472782706006,0.00203892140331884,0.000273975050742405,0.00103664589120617,0.000270081515574505,0.00266181022571949,0.00107487113822435,0.00195528814678158,0.00132276676939094,0.00236864240792897,0.000343542712744031,0.000521735404326663,0.00079614930374844,0.00309565050100942,0.0070025635047752,0.00681037970511614,0.00228250176327793,0.000494979284555452,0.00255031092027605,0.000363112982828204,0.00276538893960497,0.00446083705605637,0.014225746772961,0.00066378818421323,0.0131706944033884,0.00290854950723192,0.000401912766905443,0.0303166339819449,0.000915907695275016,0.000412662760707104,1.562874988164e-05,0.000686261839885926
121.5,0.00271247582151823,0.0062471391201511,0.000716884803758578,0.00510884492537115,0.000481350439802282,0.00298765139725076,0.00490060071919309,8.94350349994268e-05,0.0116469128578254,5.42389719850016e-05,0.00113865198193963,0.0039222822700665,0.00299181587655758,0.0118110227099845,0.0543193949956727,0.00428841343791754,0.00576137453955732,0.00138930319998238,0.000917228731845927,0.000560003193158586,7.18776771478001e-05,0.00123333842579894,0.000183534689704714,0.000462681656916719,0.00270549668984305,0.0135438349394681,0.0114897192873367,0.00403220210173788,0.0318038574179877,0.00229503857570887,0.0332272839717806,0.0135898008834677,0.0012050667235516,0.00353041774582278,2.89779610072705e-05,0.00149957751477728,0.00147427720190105,0.000579414844551125,0.00726822831384268,0.00724063112487308,0.000564983374346175,0.00430655961856105,0.00439217253450875,0.00219424850429309,0.00396610444893369,0.000403766120328722,0.00171661000096094,0.0068770137233142,0.00913915789140568,0.00750045532576108,0.0178525772715748,0.00114394663864977,0.00539679810205086,0.00422896538471047,0.00261636579240998,0.00539945236199485,0.0193336673691969,0.057446565508297,0.0122245945235869,0.00973340929208894,0.117574567919405,0.00597311708675536,0.000336843914580431,4.80512073808809e-05,0.000563787739715222
121.75,0.00160093976647355,0.00367236676515123,0.00952419114665123,0.00223223902796825,0.00180949792969635,0.00697837569740375,0.00259878887924123,0.0146467213728214,0.0142474208251548,0.0110416359152275,0.0734558543996753,0.00396650362531541,0.0182335862961416,0.0121844234593631,0.069730244082403,0.0298930730920196,0.0026636167228912,0.000603506966629599,0.00108494336228118,0.00243474786010421,0.000571544533267929,0.00311763953791785,0.000540165318431841,0.00421564970178691,0.0240992340232076,0.0112175130808611,0.0185677487658117,0.0251034932873869,0.00985400205384663,0.00110506114251404,0.0492119819320078,0.050826329258539,0.000680736652652531,0.000889569662333167,0.000129685184938334,0.00484448163670332,4.60802085371509e-05,0.00802758423495267,0.0110575844134576,0.000565311075346063,0.00765482826260508,0.00455133175320177,0.00290048416029016,0.0122382186906103,0.00141683372812291,0.0108612148252572,0.0356148441998121,0.00324350819772373,0.0124681029432829,0.0158580792140392,0.0152310379722339,0.0254398036039857,0.0304034519001992,0.00267965123821773,0.0264897347969756,0.00387247616248588,0.0268373946386745,0.154356545998559,0.007859261221883,0.0412587401855175,0.277554907919816,0.0214426443463484,0.0023587131561256,0.00280804435885418,0.000658996092138965
122,0.0157837299533066,0.00162189672226596,0.00628512064862704,0.00144846781178086,4.49025236090613e-06,0.00252693655220678,0.00482008442453966,0.00229783416259398,0.00613756742699503,0.00408870080771153,0.0527125577021933,0.00120553312600488,0.0805417628846701,0.000946957972465486,0.0997170694568923,0.0147608814139942,0.00132093515565225,0.000838471417051938,0.000985466559716198,0.000622256885658721,0.00115582246266132,0.00233506474634132,0.000120602363494109,0.00124572311295347,0.00836437405424323,0.00115000156003623,0.00964871922171341,0.00260501026908093,0.0429202563600106,0.00948984697075407,0.0760127344607186,0.0118311437042916,0.00132413322424744,0.00101755844421543,0.00139816988918183,0.00225979300924472,0.00120264944111349,0.00146956188420816,0.0111689083721751,0.000516068485763803,0.00361344812434369,0.00218017888360305,0.0022090968271613,0.00156819137478496,0.00260722685861362,0.00225463572363402,0.0202175353866921,0.000454147217045428,0.00456440627117241,0.00150771531266091,0.0239070035287368,0.00650483936929347,0.0203424351797827,0.000346761333602973,0.01277695235872,0.00600037690535009,0.0103447471764788,0.037671757728782,0.0168053602130456,0.0102258763468004,0.0669820312179242,0.0110079260617042,0.00192596159531113,0.000292322959531344,0.00144084439815048
122.25,0.0191138849620369,0.00883430801646499,0.00100250872414165,0.00353189858677472,0.00297192791154642,0.00921652201504568,0.00614000600321845,0.00480568339367525,0.0109376794308617,0.00403229623287841,0.00565469041161895,0.0176565588383518,0.0422978965566456,0.00963908887645543,0.0985221647825746,0.0467951270932572,0.00856626663817647,0.00389167855727836,0.00152893237797362,0.000935109319930019,0.000811837193752905,0.00403207793348623,0.000517179051951628,0.00298063442516682,0.00281432865581879,0.00942076289725137,0.0160880450205179,0.0138104217118266,0.0173716111708586,0.0101608038647934,0.0596281198434555,0.0321740717985279,0.0015653507866199,0.00474882215364127,2.80485219266837e-05,0.00271377806354455,0.000233121446919244,0.00282984268844676,0.0106516079013029,0.0083489568383225,0.000794057247032218,0.00311654652173881,0.00281002188111288,0.00600731994324678,0.00376372104827429,0.00342790486623019,0.00252282947456287,0.0134373251836189,0.0100505520910403,0.0117005772226221,0.02550545509609,0.0197773130885043,0.00635457945698467,0.0100166594724885,0.00349385954782813,0.0080044556543367,0.0455609996244248,0.0457694625204446,0.0293307048117107,0.00994271071936062,0.138233197766285,0.0255519247020709,0.000848772305253413,0.000599814150895669,0.00301657841490372
122.5,0.00661239654841874,0.00404606773004846,0.00127752855265648,0.000347568316216024,0.00291584604223528,0.00425414880011223,0.00357754466013035,0.00964550944599869,0.0166338964643263,0.00757890071541668,0.00263905211538299,0.000566891638784843,0.238542570695683,0.0033391601890205,0.0430752173302019,0.0750622747790133,0.00715708299140222,0.000441665392932661,0.00067578500295952,0.00068486146096551,0.00255563524828201,0.0016092952950198,0.000198393048768625,0.00204989528725685,0.00138125807481744,0.00229338343372755,0.00930843367630309,0.0146584726917264,0.0194810260968249,0.0156660220010948,0.0529337548409992,0.0174460657699708,0.00111564055170823,0.000132255640729342,0.000334706238442809,0.00176422728095917,0.000268394102684373,0.00357408920656952,0.00418324241298094,0.0008716441841575,0.00345757907190074,0.00281553242593505,0.00386684996109208,0.00716387041304493,0.00552133798396269,0.00672637055336275,0.000199515705577486,0.00424162963115089,0.020241097783707,0.00416669362386591,0.0133206900574912,0.0288005501907691,0.00138253208126189,0.00115444928618035,0.0141535435168903,0.00170626983424526,0.00786773613237992,0.0335516643171638,0.0422249989966774,0.0151159225866482,0.122670681484869,0.0158731006303112,0.00028631012577296,0.00149143052122082,0.00106915985855737
122.75,0.0027174378261133,0.000560647305673089,0.00663586856018074,0.0009841983380057,0.00303925493006612,0.00386991608101166,0.000469839051500681,0.0042466303578077,0.00275867339119744,0.00634255390503609,0.0319698783665491,0.0011360087803647,0.016103792501215,0.0255288977571611,0.0119855094425305,0.00532153070795498,0.00307064030669676,0.00042459682472624,0.00024212048176477,0.000693719224412259,0.00124473855241695,0.000201041657350662,4.23398291301248e-05,0.000458179927181798,0.0236365560368505,0.0111707343830097,0.00316440019901836,0.021349294976867,0.0194615948865886,0.0151841153381642,0.00200999967604176,0.00547591550582249,0.0013310343367051,9.30486834791851e-05,0.000619332330873496,0.00116460919444882,1.09700244765057e-06,0.00193650200862875,0.013803658678691,0.000697729297210538,0.0048892551963028,0.000262755653961119,0.000470944094012996,0.00377491352269094,0.000389362804806255,0.00356720539210336,0.0194462282934629,0.00429007461597693,0.0106149142284772,0.0158651855170841,0.00143055562381793,0.00842228997610837,0.0167915567511668,0.000387138865964174,0.00378108748601588,0.00545892066998139,0.00167553944695177,0.035255693486873,0.00749406917790484,0.00587500451152152,0.00720471071024389,0.00173458574396237,0.000753662377103054,0.00231174488840084,7.64246674802848e-05
123,0.0160975832782442,0.00725424675024923,0.0102171036314638,0.0073049761613946,0.00271375964552428,0.000966022778553624,0.00419202941514953,0.000359846715530422,0.0332036600266177,0.0149368892068594,0.0838750544278722,0.0239984646112551,0.00983555597221156,0.004463118225685,0.125730025913695,0.00204020456826866,0.00282820183575281,0.00259488796009817,0.00139847442773999,0.000761068463996872,0.00555567839403833,0.00309929300902912,2.38853260064691e-05,4.79122529001253e-05,0.0321569633285004,0.00220996236871544,0.00604880753781918,0.000493836224316339,0.0241864815251488,0.044536747173472,0.045365234018702,0.00208866114996538,0.00459004013013414,0.00284041224241438,0.000954710365962942,0.000312137991217048,0.00112036599640599,0.00117856257659495,0.00973915975075922,0.00511979762144087,0.0151858840402308,0.00557449371406582,0.000477089510235779,2.11280247218825e-05,0.0123232734589964,0.00327311506346974,0.0334416388548136,0.0163975264547555,0.00344592937975048,0.00180600604349265,0.0285676258622496,0.000510347699447712,0.0194448353439478,0.00711345313178707,0.0485122328020472,0.00441837657475821,0.0241275321631719,0.0464811428691345,0.0389474691385321,0.00526238260547595,0.155992383181538,0.0127389555270433,0.000414687608642061,0.00325082629230495,0.0030377933040304
123.25,0.0156110666377141,0.00279383435569806,0.00753250210588055,0.00108842709456419,0.000966013780864366,0.00304977265483408,9.22836074479299e-05,0.00477705475015688,0.00129306608032183,0.0143868521017269,0.0458109718110856,0.00645073641256009,0.0265916558782677,0.00561498910377361,0.011249037069067,0.0232877258602526,0.00672909577030379,0.000196413836821924,0.00221946091182692,0.00042269813374675,0.000623404988819926,0.000699216186048019,0.00014668879427475,0.00182801438402626,0.00666369946511097,0.0147009738697598,0.00402322642862788,0.0111059498709713,0.00495060215725919,0.00372171094838019,0.00536363897939572,0.0219926743640541,0.00207666017185136,0.000457574509325896,0.000137993038261311,0.00186152773029862,0.00026905822880202,0.00203504395089318,0.00981590043316188,0.00323432961009426,0.00810886794989491,0.00016532564039767,0.00102541295257715,0.00566814490563764,0.000320682521883889,0.00878917960117388,0.0182646676175597,0.00576396439374636,0.00536392448778041,0.00914455957564273,0.00280341505359558,0.0101042527424513,0.036582759462279,0.00410798610751491,0.0240712069186356,0.000576828655632939,0.000744848322379501,0.0416081337552346,0.00526428274818649,0.0254949706848499,0.0325500890429519,0.0251441468564774,0.000726891370435288,0.00234839367988791,0.000677561122330887
123.5,0.00871238941913194,0.000460051513947901,0.00700573075831094,0.00038326758634606,0.00215104820842073,0.000576216953211951,0.00215316493576649,0.00065678290143944,0.0115444410684139,0.00136467508871878,0.0325124899729755,0.00522759926907354,0.00800053323627335,0.00434750023909034,0.0465310535331753,0.00520680421800454,0.00405521315896146,0.00188523140624084,0.00151709847814945,0.000433858751375699,0.00388545804176138,0.000691375048859441,0.000811151818300605,1.52657980875e-05,0.0154041428383026,0.00609768302863397,0.0022620869942362,0.00765049900380055,0.0184540662716071,0.0109728713562172,0.00142875862358707,0.0061228567317372,0.00366667584985172,0.000970043630701453,0.00229256404675078,0.00100473583942976,0.00153523821855235,0.000458732354406415,0.000309905315015352,0.000757069890477045,0.00376256825843953,0.00248056634540968,0.00123941247075173,0.000779239456958766,0.00376305062320733,0.0018970444993461,0.0127328414181298,0.00429584318310033,0.00318035911587568,0.0033281982693224,0.011186403221916,0.00809036163835831,0.0111917336867531,0.00142706901082273,0.0331960589888423,0.00117594396544404,4.29852969958008e-05,0.019564729880867,0.0200733481855246,0.00731438803108529,0.030445162502934,0.00340043368183425,0.000395928114565171,0.00145308840767904,0.00303167585141312
123.75,0.00700405653552704,0.00709305548600651,0.00128796763384122,0.0033798640193423,0.000293316096557199,0.00416705702547391,0.00657306050731494,0.00205154951543914,0.0288727320555063,0.00558246060863972,0.00400182699840545,0.00607342734697313,0.00524896889810744,0.00720636758485551,0.0692169780473007,0.00608571613188423,0.00738102153254756,0.00138580392403683,0.000955151471710405,0.00505616434447807,0.000283532821575214,0.000803806087649324,0.000587307604566785,0.00135115614475761,0.0023233578802339,0.0129100471147702,0.0039841917554997,0.00551159046839543,0.0127088794846261,0.00473807226960518,0.00268303647371943,0.0157708866263696,0.000406304339259209,0.00172013575333653,0.000252443862586151,0.000837507226306658,0.00608811506132738,0.00202801782600697,0.00292046505516228,0.00660105302072703,0.00104525378062227,0.00328364988621678,0.00120696012217993,0.00160905237752296,0.010640025141432,0.00214007416624163,0.00142201245927472,0.00870334781683943,0.00118117657618192,0.00802241906092617,0.0152383698142474,0.00594310816635007,0.00135655895917135,0.00787307737922687,0.00245375564882565,0.00722066620309313,0.00861582889704253,0.00623190848384823,0.0303260665204719,0.00146736408962837,0.149005710062209,0.000608734291649554,0.000583003113476636,0.00861747976378206,0.000782443477300516
124,0.032673850251588,0.0322490227874478,0.0148347784292568,0.0113858295107134,0.000776143425332683,0.00424136394360639,0.0159545330296117,0.00380876532654109,0.029272740389282,0.0106604775281102,0.0388062789697362,0.0252278140248316,0.0106427182039277,0.0122104860151883,0.213234293491736,0.0120564991944702,0.00784101274107533,0.00444397376302041,0.000348328367300008,0.00161549511189987,0.00171816629801934,0.00575253846387981,0.000370432264705181,0.0018819245292607,0.0213221639352016,0.010416116819573,0.0381585318033795,0.0104364859326634,0.0347124803892609,0.0133313937257057,0.124972140651267,0.0288228956932956,0.00973171192547505,0.00846437052492249,0.000111070959684452,0.00215760793955131,0.0024345634754274,0.00343693219024468,0.00584055839480562,0.0164017461743713,0.00386124365900636,0.00627071004010602,0.00636670230091403,0.00303353997323654,0.0146398780253585,0.00706319793840533,0.0257156196585995,0.0197358487007933,0.0050756827480992,0.0105264417353565,0.0505320269370832,0.00763378893226042,0.0222332466265314,0.0265376113349441,0.0250589808058746,0.0110557550242846,0.0477812730642711,0.0144767591060098,0.0395508642219434,0.00331626834160602,0.281189162339143,0.00899493203191156,0.00107929862768684,0.00611494325447498,0.00328795726190341
124.25,0.0209805474459427,0.0111492103261722,0.019665000457188,0.00795468090585309,0.00150961882147223,0.0106502965968104,0.00731003263700967,0.00390026584248743,0.0801854521906511,0.0265067640068677,0.0614521812137241,0.00398645320751031,0.0343752457877109,0.0159890900816665,0.1650255469715,0.0102863570127414,0.0151874728052229,0.0103303122411654,0.00434095791997431,4.64128826426487e-05,0.0082132589817316,0.00872271461590138,0.00101107686456709,0.000903462652236407,0.018093465957607,0.0245746874184087,0.0127449945244747,0.0070299103203543,0.0326777432666021,0.0215001148484408,0.0793145475832385,0.00975673711726462,0.010340295205484,0.00822308085206042,0.00269059975041764,0.00702830251514811,0.000778544953579079,0.00113710970591821,0.0220925150692238,0.00774201718252484,0.0107791761147296,0.0107185343986131,0.00140378808145477,0.00380982332264303,0.0156762931375438,0.00425694859853205,0.0326998813736912,0.00174601686603036,0.00194518070758593,0.0120429011560368,0.0419422214614662,0.00710008248656867,0.0303013250022167,0.0106493061686973,0.0363353494427591,0.00984899804931372,0.0683283193473044,0.0054012278370949,0.099086787835915,0.0215855921238934,0.70556272222646,0.032492872755864,0.00105522994959259,0.00523256515949918,0.00643291588176347
124.5,0.00924677120384206,0.00771913791637676,0.00187973129941334,0.0115942450481896,0.000531541683711403,0.00950538604359241,0.00574847092254438,0.000695148696603805,0.0461921069149156,0.00610716906822031,0.0106000773991851,0.00788308197418118,0.00460315242993713,0.00342608784455319,0.0833246158049474,0.00199890574901239,0.00182846803672781,0.00160609579518925,0.00103247851811532,0.000142286264154089,0.000439240318467793,0.0044269820518507,0.000354717408862446,0.000814203341371004,0.0027385866358487,0.0347569061021592,0.00435558582616871,0.00320989083612218,0.0461695848420103,0.0224490079915339,0.0238059586496445,0.000808575326967209,0.00277683814078953,0.00353097737539627,0.000795689326961363,0.00289638949517371,0.000770020444150658,0.000251768820596459,0.0036386141639687,0.00378500384057881,0.00173064056084381,0.0159943861421883,0.00126946997762932,0.00213537410456317,0.00814486757301019,0.000925713589318127,0.00571958025126592,0.0100685274741359,0.0047715494797675,0.00852482922531565,0.0188023162723025,0.00244132484527837,0.0175603064330368,0.00914477143405116,0.01062033198277,0.00362547361668428,0.0423419958139692,0.000330848428919103,0.0395885525962197,0.00214485366302273,0.631102110306076,0.0150044231982313,1.30193821861917e-05,0.00095615750556386,0.00102694063903949
124.75,0.00802301696524019,0.0235263050729713,0.00659559145070337,0.00595621571219,0.000304400410653005,0.00226142519728031,0.00215655340651129,0.000315826258875629,0.0242340722307707,0.00164155509057175,0.00786007864523785,0.00797899167561512,0.0121766423548699,0.00587442237786602,0.0704724657999025,0.00341110414679378,0.011274639744831,0.00662157005465186,0.00520359588834852,0.000356730733593043,0.0053705995057166,0.00500610328999052,0.000434868895234542,0.000588043777126213,0.00277983228509157,0.00126277094075568,0.0103979666624994,0.00394588963519882,0.011718521782529,0.0534942834107104,0.0486968054183692,0.00387467369461045,0.00584545860262295,0.00551370627355404,0.000937978506461735,0.00106339933119469,1.25413177983826e-05,0.000377847579966371,0.00315631144599551,0.00971058713804782,0.000453739600947065,0.00440124854001311,0.00112697735259975,0.000373405883046495,0.00360231084857062,0.000396518302321648,0.0048059624287944,0.00400748870576591,0.00555663606610766,0.000417951537592865,0.0186572973851356,0.00143744076186493,0.00764043284452,0.0217376691864918,0.00678891945602827,0.0085879183419897,0.0398336623634516,0.00712762720184244,0.0368989795075928,0.00237765711610294,0.424584162668864,0.00874413976997564,0.00291623470187059,0.000113543174442792,0.00480413751028539
125,7.0995948204483e-05,0.00229624894821538,0.000515300890101307,0.000566324456408612,4.06812405252096e-06,0.00215100371189409,0.000690479461711583,0.00210996548825113,0.00633617467670709,0.000132209406445505,0.0109167367063092,0.00358999858688489,0.000218281964480553,0.00895174744174056,0.0277820830081198,0.00768604029134003,0.000123256396292284,9.24584115494168e-05,5.05478794852649e-05,0.000211673988706545,0.000119816958629331,0.000612793944498389,8.34828729451144e-08,0.000772148952100062,0.0031193794454441,0.00197489336523815,0.00173030761074214,0.00666234898415989,0.000107355546801683,0.0136147660385416,0.0108218704679574,0.00410431401055891,2.21938189063837e-05,0.000146745479466533,0.000185984615446364,0.000587622754252496,4.05825025983284e-05,0.000373071069005294,0.000467616143277661,0.000454433474617122,0.000214456855809905,0.00166515498597285,0.000207726958375612,0.00221892702399777,0.000652390106994061,0.000514063192535147,0.00447298773896187,0.0011684698338856,5.93673895627137e-06,0.00507608827045057,0.00540567447145566,0.00502808637213192,0.00263120913284588,0.00265359178252635,0.00481115549903008,0.0109265287224154,0.0130641886071996,0.00345502105985626,0.00595058144205487,0.000147176449222636,0.104076675275584,6.54854304939021e-07,0.000256514776009771,2.55155762016716e-05,0.000225236391605456
