Frequency_Hz,Ch_1,Ch_2,Ch_3,Ch_4,Ch_5,Ch_6,Ch_7,Ch_8,Ch_9,Ch_10,Ch_11,Ch_12,Ch_13,Ch_14,Ch_15,Ch_16,Ch_17,Ch_18,Ch_19,Ch_20,Ch_21,Ch_22,Ch_23,Ch_24,Ch_25,Ch_26,Ch_27,Ch_28,Ch_29,Ch_30,Ch_31,Ch_32,Ch_33,Ch_34,Ch_35,Ch_36,Ch_37,Ch_38,Ch_39,Ch_40,Ch_41,Ch_42,Ch_43,Ch_44,Ch_45,Ch_46,Ch_47,Ch_48,Ch_49,Ch_50,Ch_51,Ch_52,Ch_53,Ch_54,Ch_55,Ch_56,Ch_57,Ch_58,Ch_59,Ch_60,Ch_61,Ch_62,Ch_63,Ch_64,Ch_65
0,0.000972198145574794,0.0016819834349301,0.00293925558059557,0.000864007975754235,0.00066278654659502,3.33718238024922e-07,0.00274559534471551,0.00244476764783695,6.23604538235298e-05,0.00325684853185075,0.000173717906279707,3.03436931250605e-05,0.00725192236894786,0.0005956448440019,7.53472284119977e-05,0.00782063448439643,0.000840155456212503,5.94457479851838e-05,0.0105228721031567,0.00223064658021845,0.00113236052163948,0.000455091384767006,0.00597440296020117,7.86422485407174e-05,4.0895454763402e-05,0.000260352824908429,0.00117127706969323,0.00480256274699014,0.00965048833275482,0.000805082834764659,0.00183877543114229,0.00347287781303925,0.000401615960841399,0.00184051883282765,0.009210351983311,0.00102327704178432,0.0042851288263906,4.24534785069386e-05,2.97124591829946e-05,4.22936410729529e-05,0.00403104525234839,0.00188989729711143,0.00257870129518017,0.000886600173133691,0.00430154592215308,0.00732159766612378,0.0073233115299767,7.68732010119951e-06,0.00155353394921419,0.002180564703843,0.00131804036321606,0.00903266170549821,0.0100991695441162,0.000849806659726116,0.00343178153354859,0.000329091202674871,0.00358205673533398,0.00666607826339048,0.000109260403463848,0.00641565701962818,1.62400675989045e-05,0.00081821338427339,0.00642006176370383,3.66737100396854e-05,0.000103096580988855
0.25,0.0040523449903069,0.00752975007924613,0.0133911405249138,0.00328256728482347,0.00284631151271513,9.69961282194428e-05,0.0110894946953617,0.00992888467715079,0.000671575646062778,0.0136626963840156,0.000937233779837858,0.000799985874255693,0.0290113881228542,0.00329822832838203,0.000932914651471713,0.0313168445418165,0.00447869603202427,0.00188465616245946,0.0456167330635075,0.00953172923824526,0.00616952971324611,0.00213113927420034,0.0251455610694137,0.000324560061197436,8.82570574989244e-05,0.00174673696958655,0.00474866520064726,0.0193479264019411,0.0381972003791782,0.00541321674551234,0.00720831739328997,0.0137081557191387,0.00367796326351521,0.00809590507501368,0.0393188051392368,0.00426797938143384,0.0176538628069152,0.000183379844886875,0.000641061566643693,0.000597928778424384,0.0185349677593601,0.00780384055039951,0.010656018616327,0.0035722187553305,0.0173794603093421,0.0304904844112983,0.0320761156114687,0.000149506244010167,0.00624174897423595,0.00901055580455531,0.00540077465295654,0.0366309445309287,0.0440895787467466,0.00425171091772616,0.013357976714084,0.0024846150558329,0.0146557016291697,0.0271691599882237,0.000744726480839204,0.0261339893105049,0.000445137695955918,0.00325731125562775,0.0271943072821778,0.0002189225560976,0.00139572588234441
0.5,0.00620493060246901,0.0108251997856048,0.0271694400176662,0.00293381425158771,0.00326983718372783,0.00160706725413785,0.0125690282910986,0.00815030905346146,0.0058966313710719,0.0149784506872653,0.00463574099213491,0.004014138480419,0.0242335466656732,0.00956445285093354,0.0066389303814716,0.0294871190343597,0.0165968973311944,0.0166403516988882,0.0597780408906314,0.0117408116342688,0.0171083061024354,0.00321155018644701,0.0297080256209449,0.000359637734947331,0.000615343889561686,0.00894039706316068,0.00515583837579019,0.0193914449881135,0.0315927895848054,0.0162267645085869,0.0059463814605078,0.0112192741831797,0.0223410722417754,0.0129319063629059,0.0492852301372437,0.00577452149830182,0.0201650760494255,0.000220170759446891,0.00916859980432489,0.00581169942748252,0.0339459752165284,0.00797096137537302,0.0108021175541252,0.00383704002519803,0.0213807542942601,0.0334307187742589,0.047355123561311,0.000912276405442453,0.00504138835149801,0.0116697758361703,0.00787911203502374,0.0350142556986287,0.0657227938431173,0.0070606955087397,0.00923814437287586,0.00922883058154141,0.0148112077024828,0.0281117777057308,0.00505220683369584,0.0266349795224074,0.0037846102981081,0.00293923290334946,0.0348171177902867,0.00216699486093415,0.00850272583659378
0.75,0.0116529748228716,0.106669642871748,0.031240829616934,0.0341646614547136,0.00627289555856806,0.00295650784969346,0.00436791665206052,0.0388244274997547,0.0446516170939219,0.0479098283465057,0.0756108484659435,0.0874206863031806,0.0443653057510895,0.0699507428907827,0.0725526747835641,0.046031408823433,0.0809659468503337,0.0571954739452839,0.159240682746353,0.0186020582777997,0.0567330699203439,0.0252436537192194,0.0113849647874776,0.0209475861017132,0.0133418092456504,0.0189785686678544,0.0225162432470636,0.0253842844024332,0.0289064975011094,0.140872683780169,0.0438467082083154,0.0346988085017995,0.032700295284815,0.0381640979844193,0.0832115361447002,0.0360667446952801,0.00848521995967708,0.0170739750628009,0.00688869479568289,0.0783556635182163,0.096421951044983,0.00820865676345104,0.00603593090460951,0.0174116330309354,0.0127632186155111,0.0982749534974779,0.113256683315244,0.0687663414703769,0.0165965200976523,0.00545419473195177,0.0240208661002456,0.0745149605691689,0.359831548185608,0.103980092275816,0.0145925998741494,0.0793692782426756,0.0766759478806726,0.0279558956523078,0.0363684917657948,0.0470713621242284,0.0766435278410055,0.0304343264299419,0.0245500374051536,0.00826813557469561,0.0591282176513718
1,0.279859448585499,0.830796543264574,0.0883749051549267,1.12279224989209,0.0327523525818299,0.103704700196007,0.216209632034003,0.329293386702147,0.777666557545818,0.66959006925076,1.38204228938003,0.179037659620116,0.623899193794792,0.0594836435927152,0.449992483957071,0.443410792661128,0.556415793375747,0.338195780099124,0.349672409824842,0.17792197649726,0.163043885391859,0.647631777312501,0.0169344994720259,0.16691279019362,0.0804929018399101,1.10325721353343,0.147334451249248,0.246503137123711,1.88172158003954,0.161567016567054,0.356154652026052,0.0198607770860773,0.363539218295661,0.658730198075384,0.1240284408666,0.307574835144003,0.24774321319053,0.26793501073428,0.564794348336351,0.449312617446066,0.227003209607609,0.616957043620435,0.008960451085591,0.220843663541313,1.24072235251576,0.97982749905386,0.139652577065704,0.63261823493197,0.0465394551448127,0.149272753096297,0.443108690369581,0.665857610611167,1.2514074214133,0.521732377417206,0.707578602840488,0.0602393934278134,0.576224493279185,0.991687993482882,0.768288577778762,0.617413552089267,0.24410692011082,0.273381846739916,0.0630845612557743,1.36922728842354,0.383131046433989
1.25,1.17546531661833,0.15138850643651,0.569258560263735,0.868477649984401,0.126719924294476,0.993891036836393,0.102919490604389,0.797722956965022,0.634403671300322,0.190087745074293,1.55866813428469,0.00254244357674532,2.47409427410955,1.06355393803548,0.99977168032639,0.643128968023305,0.311187533294571,0.0538944810333909,1.54323506561548,0.318674126167302,0.573610475946295,0.475766893757775,0.175920702208228,0.892965216343404,1.08080256834404,1.88884293414765,0.204507093683341,1.02146095677784,6.27807394091884,0.0206220936371735,1.0476495780379,1.20012627632036,0.348593677134218,0.200352104511434,0.593784958193196,0.835971019443262,0.291352737222911,0.655866600100145,0.812572321837738,0.253668702811096,0.0466932992963854,0.894024137455236,0.175581985712759,1.15568303397152,0.319614212005097,0.473908718059058,2.11990087337616,0.607464704742195,0.411230542941994,0.799710667586155,0.486512765805977,0.950316210506156,0.54667377494349,0.00281059910620505,2.85020782712205,0.220033293967819,1.64026300818901,3.18655138275565,1.12875479274572,0.303738212937485,0.646119861750627,0.00195267763698741,0.742947371840308,0.168337003643094,0.659408632621879
1.5,0.930173594826976,1.22646906838806,0.100168229238818,1.45893985074219,0.121906859978824,0.466766771943168,0.473720686038632,0.106604655935261,1.9956767627891,2.38114666972226,2.06852038744668,1.85142559123462,0.268401114939852,3.94064241442663,0.739904245621952,0.184525922445954,0.538694351806282,1.17943466960276,0.722517518390468,0.248554157951016,1.12598996267608,0.472526017381008,0.46249173248283,0.288859773570377,0.239390335106873,2.19265908460282,0.255414708785391,0.744334993231732,1.94894715276233,1.0302527100794,0.245284297876061,0.476334315450303,1.13265321618524,1.29370593387856,0.040935720542567,0.117014141750304,0.502270808729118,0.200713257069559,0.031791153974889,0.973453900404624,0.0687609300116919,0.874726152077851,0.22254949820431,0.518938409392938,1.55367865362738,0.737665165140823,0.237070665853077,1.79587179935676,0.182094519829236,0.753774514187693,0.662513376858039,0.118732168503135,3.17081474965559,1.47512092929782,0.665012846940421,2.2579391119723,0.157232273590517,1.0541014532971,1.93241323669876,0.86762143281987,1.09102641469029,1.55543548221668,0.114293426805723,1.51258159939251,1.02900957315554
1.75,0.0701216306022482,0.206032857418074,0.382698885302438,0.030391839870762,0.0961250815852902,0.193530912837977,0.511748044915912,0.173585929182662,0.214404043771789,0.111032137333687,1.03538184492465,0.206374818466687,1.54269424279775,1.03704981428327,0.0725163084472155,0.0993636902516876,0.0305094722269049,0.0365440089226062,0.462239724290623,0.667405699329472,0.0811793411737552,0.143758233851643,0.607871115506441,0.449067314258335,0.967777016588387,0.66058448391109,0.0235670037134083,0.475290547752261,3.21739694475046,0.577227600895837,0.449664603831396,0.467986822272945,0.00621024591166795,0.0999571257026199,0.223140016387123,0.208252725286243,0.414191426335376,0.451136885143,0.178077242637397,0.0029914976139467,0.271350954539387,0.044144140032921,0.211857376909751,0.526148996630788,0.281946926795153,0.16732969063859,0.822362133686332,0.120672806200284,0.450260796834195,0.0805562851640093,0.126588017710669,0.142144313862909,0.413958913040423,0.294052283418164,1.66098829996867,0.1582556751941,1.3104521341393,0.109177557323393,0.037492778203926,0.00274098412974889,0.502637770353633,0.0582758820107501,0.312041866752962,0.316568674682397,0.182433979949152
2,0.93786001910448,1.05087430325967,2.86072448614448,3.01243609152804,0.0233791032818155,0.653790413192275,0.748700667181518,0.852370918694168,0.60179523685406,0.59182543316111,0.32418724359559,0.561599436701778,2.38508342340394,0.26232424678179,1.12524833111751,0.613462052969688,1.59126406547658,1.65553453727488,0.0223501296244756,1.83936726312386,1.98244123276288,1.39692046052715,0.558692828553423,0.199361993521863,0.0498870494173251,1.99640564349054,1.23736027736264,0.177345223687694,3.9963499467354,0.0837442110880108,2.75335200454328,0.162933212097764,2.50014545199841,1.65056082436709,0.206928000197686,0.139855042455251,0.82197159593347,0.747517872971172,1.78589597709071,2.19094125064854,1.04061574494668,0.901693763134806,0.750247079210744,0.332524948422995,1.05400090606094,1.46699517780601,2.07166324848114,1.61032677288866,0.327047628087789,0.294449654542426,1.23942784277072,0.846018734168619,0.932827984621281,0.819852480794851,1.04048057975723,0.132614478033738,2.72029163080071,0.0741687323026261,0.616722813822291,0.905540810715616,0.690149239828245,0.16085047504381,0.534884206944464,1.11837004773749,1.42311158036846
2.25,0.351142643246382,0.732834510406154,0.80665486402028,0.112575411985475,0.0136839395384588,0.0271884057270495,0.316333042582071,0.376454354298716,0.422300891181151,0.152075988344582,0.903837663825738,1.00086427566641,0.545960354945515,0.0370447574404478,0.0875008699898581,0.0223570246122646,0.0501125637729656,0.0206056163954685,0.163827318637592,0.605758920402952,0.149470016695752,0.035358435702619,0.18419192479176,0.0061196182324774,0.83729919286117,1.51444969539604,0.0933493364472641,0.0649246697154336,1.00238556453484,0.795737876927393,0.0965411678484639,0.00276957527352329,0.0901088582192069,0.11295252547433,0.0722393189601385,0.0271296561714357,0.394511179552292,0.351835236443806,0.17060861995888,0.335377189084585,0.438387220140003,0.0907821839439667,0.150277476641915,0.0706854198635062,0.365049978398334,0.0931707864176192,1.22740620134791,0.51706563376798,0.16760509569363,0.135360072971239,0.166774810163382,0.109265532842535,0.95186338155953,1.04963058330314,0.84847833235602,0.521184201201201,0.105265361790276,0.197840271851191,0.247416198430497,0.0418031043977379,0.0543630645205494,0.194613911324793,0.222386640684582,0.520828474769518,0.0453866137120103
2.5,0.599326089341447,0.246136132967922,0.226608080005202,0.30733144702311,0.143208820968378,0.043905456895583,1.07767796109855,0.158270537615668,0.733907767173957,0.154063772628261,0.173190470235387,0.611919605322036,0.258143641885974,0.345238278260524,0.422415340780807,0.325108659725,0.57095567674425,0.519659923108514,0.00222507521387177,0.223178257656742,0.0120526872226345,0.165234978411452,0.337861002626585,0.145912062930353,0.101531125933591,1.56317685245902,0.779531024497926,0.0882633325807537,0.0133311030714924,0.951642753314395,0.165425824134157,0.254147820467735,0.406813320397061,0.405984606348416,0.0625597549644367,0.0547141208489859,0.67619313929687,0.320249840122585,0.471433076508964,0.320309747909182,0.101795913777328,0.230759702452803,0.918558684958344,0.0354920678874206,1.16346776370402,0.183846557917084,0.50832333577972,0.79523340636597,0.631950808017195,0.326691801740503,0.963305438741496,0.281025793237243,0.394779135325559,0.428225984396399,0.0239922692718642,1.06180165893003,0.0628596037543322,0.00290512941887359,0.501621093684319,0.285622784086725,0.0575437981459037,0.199039366140818,0.267531973794896,0.344047991657904,0.02162874845588
2.75,0.374307133989157,0.0723408161963359,0.523687395630705,0.270778488904302,0.162229162922045,0.488115916281008,0.259480514518666,0.992601148230916,0.642850831779255,1.09629000584285,1.03204382162893,0.0694263541376125,1.06160334515139,0.288564575703397,0.24675152448662,0.532698764973198,0.333652689990086,0.368918112437127,0.0120752648400057,0.438384096065608,0.269730050267846,0.159927734671466,0.0781746267435145,0.402896026224195,0.445453758514612,0.00708190396497904,0.133957339771701,0.283378253150552,2.652761245897,0.00730142272264674,0.508867835922714,0.101161600590667,0.521145338439932,0.550961670026058,0.0957055993889866,0.253023542629945,0.0898549537482709,0.604747288496172,0.511768419893438,0.254373847730626,0.20033353695167,0.28236747362823,0.0838985058745621,0.5660648544655,0.931442956010505,1.14688743044061,0.792143119669106,0.126341168355118,0.401934761169322,0.137900668845313,0.10110294528684,0.53657530567958,1.16932564719488,0.00957518126561516,1.20924312330548,0.0772379877002875,1.7446925089364,1.11759028463452,0.458964741879752,0.656203997088465,0.89160246934273,0.512977186447082,0.0199147742561324,1.45270924493035,0.195862172948227
3,0.59819566837255,0.014946958107694,0.762788445216099,0.324363689079136,0.551454328383276,0.0644335263378944,0.152336651992774,0.424653435620601,0.544320138874005,0.314104840255613,1.1316044122646,0.300721420549402,0.38312840214201,1.35382032064936,0.190725896039704,2.04697073686777,0.669710305960311,1.60193211960839,1.63331469283691,0.147177979497846,2.38797631648936,1.14809694875091,0.954675114243201,0.0780595020017793,0.238176532534851,1.11835428363619,0.0069407924161629,0.938812321312899,0.711818574907358,1.3701468172827,0.189061071337679,1.12534170932918,2.00467059131417,1.06981452845,1.95011647510421,0.286767623456638,0.203236615363452,0.0211628605389198,0.662239370587914,0.166340523844206,0.626088017316049,0.0263660625584217,0.288149624934601,0.279208909426118,0.231427816933299,0.424456296218625,0.663045512231241,0.0122045746630771,0.110695211977574,0.70168397551244,0.113188954813806,0.985209208846674,1.25139099589052,0.0554014078017029,0.673609253090223,0.768110828259103,0.382197132491146,1.75164624527976,0.328247822555534,0.836470887650476,0.605340995399062,0.957067905883619,0.329228914813346,0.128673723195188,2.52460795692149
3.25,0.0638443855550303,0.136687608440917,0.0477859183458337,0.704494463363312,0.127498538821343,0.60666380185395,0.0144292041317679,0.0614383683615502,0.385027095202032,0.132957906458789,0.604718787493612,0.456159145469791,1.28220081200551,1.06454499643365,0.465565569823937,0.241869415557077,0.0134329123670455,0.237069517610966,0.0988330725456786,0.0770312254335009,0.113947256924615,0.304541660125728,0.0903363068710004,0.49766796984577,0.421432499612268,0.920675224292424,0.149469853930738,0.193767176236135,2.08758018609178,0.381240865092407,0.79152215326892,0.12285113095264,0.0339123771573926,0.392951495229186,0.244493713307039,0.360092966577795,0.032391807367198,0.145766928054396,0.0459553959685994,0.0980801530429313,0.172657556920972,0.855760290771523,0.0778948036523111,0.361125169026286,0.0386103138217392,0.0265565434032634,0.0416037358496064,0.884964791232832,0.395463556534562,0.545359096765575,0.164294366132454,0.00162160323187582,0.331553998133592,0.302512905758587,1.0644581241878,1.05186179531639,1.63497633317253,0.996086625178054,0.68170576862462,0.207464704378278,0.940815392600511,0.308972735355637,0.1634006219166,0.00857835213316823,0.236382938829372
3.5,0.401266097553615,0.374478922250075,1.34358453196743,2.87843033422263,0.600766010747493,0.357084112378629,0.240878151998214,0.192997182042871,1.20464698355853,1.07246199736844,0.610048277606028,0.806714537494293,0.267618229377852,1.23823546223919,0.829334237924422,0.755612021356084,1.38104777045237,3.90282528027936,1.92673886737312,0.390486280993548,3.65492989389707,2.35732029443185,0.148339287831626,0.0702895251711107,0.0599705960210803,2.06333259280872,0.0467473656606863,0.12996060876307,0.884822648431721,0.368940840515749,0.370411389896091,0.714413573188301,3.6295494895167,3.11911214184454,1.26534312714906,1.17888594267986,0.251184746541432,0.184516126911344,0.661292394226568,1.03682379516712,1.48203538942592,1.44316399711026,0.098377827351868,0.0426143223357078,0.878660528742631,1.11689710505278,0.162022647231759,1.35673376124063,0.11811229302568,0.315434046133606,0.275443189089846,0.530074046857659,0.859899356713657,0.669862179998689,0.336943737261464,0.685132525999534,0.796740151452958,1.22904110551566,0.833182420922232,0.975021942284018,1.19240884970731,0.64957847603565,0.209397361070054,1.32158295114389,3.78975199880688
3.75,1.88107225542186,2.3424036481874,0.528573140347149,1.13893352497587,0.251011143873323,0.302646145839445,1.63403515632978,0.417073925129664,3.31091979119262,1.06031464817485,1.49583443334952,2.46342532850356,0.0588969554704792,0.818890490768812,3.02062599782492,0.177034516088924,1.72334545196697,0.680287758251025,0.521245947216498,1.73116045703449,0.114434590561618,0.397634483084696,1.00338947115502,0.490367171586061,0.254766651016014,2.13038108706335,0.389013849892708,0.0614228027506467,0.963715091849605,2.22813802079963,0.615196417634476,0.181217745330423,0.593716795088848,0.688167865713077,0.321038579334366,0.634488918723284,1.54950151150878,0.931874107971902,1.34395654126085,1.11790634113336,0.0256298536816017,0.775219988389916,0.839536097805791,0.165740945190553,2.47664163275787,0.928699549113488,0.835985648820054,2.05890967036405,0.0603610756848193,0.613548874009552,2.06961036308557,0.207459748116255,1.65503268118738,2.31053283238115,0.516101908436101,1.91899009010245,0.750424937166664,0.464862061621746,3.86334504052189,0.45887274320546,1.93557917681268,0.370281120392708,0.937226782633993,1.84509967741657,0.125059722738388
4,1.00064380023349,0.36434794421204,0.334271127299475,0.101631990291986,0.412774534665575,0.114820573141767,0.467414065987785,0.0227032341338953,0.0833602577887797,0.115315186362016,1.25070951631515,0.591272674370038,0.695645884685354,0.548878360281497,0.130600778192042,0.469170974029182,0.313095487955393,1.1436412296877,1.35659281108067,0.413472724944524,1.12505165929361,0.819228441277873,0.559843283185597,0.660422854974928,0.293599282290457,0.481531813746565,0.095454268163707,0.114745130316585,1.77199182535662,1.59103088370666,0.232166632693408,0.438896431873861,1.31006217786261,0.442575668069174,1.13911705752389,0.785334129354413,0.498739377111826,0.203210499211071,0.353915519955089,0.00822518091775477,0.20280043055369,0.0910803487687842,0.329641516357493,0.0590536767893788,0.22659546044649,0.16713142229249,0.642752139466875,0.0426043126927237,0.175472001370564,0.199620534679797,0.246824670438866,0.147234967353881,1.48385695265593,0.456241709247503,0.800814521560052,0.772840920757637,0.68696018665964,0.338756426402828,0.229233811181834,0.250434734521246,0.150032660285857,0.409493654200578,0.721900733582328,0.039156888668834,1.47517251474401
4.25,0.963927514652815,0.268361968427077,0.0763740909046775,0.0410771348277199,0.0273561606885493,0.261352208263766,0.0496781162135817,0.623611414162201,0.0778429157138251,0.22825324660148,1.03748206187118,0.692008083422174,0.215018939895808,0.0359851341330315,0.190337422446713,0.576138886382309,0.153368479461939,0.00446629452273004,0.162878907921348,0.161118361624882,0.077971271554552,0.0685350290336672,0.0782504711325908,0.102773823663446,0.213718536304888,0.636509390150556,0.00500528579864683,0.313133219389676,0.990110612776289,0.458587645710875,0.233543555966185,0.0243715488010489,0.00953757823275068,0.0200511912844146,0.0445521874736982,0.10760779159815,0.0428436311332678,0.238962128342593,0.203721002817566,0.115085834931537,0.139128133571527,0.175735338423836,0.0118167100794161,0.295164597511007,0.0743838585471128,0.608102459988515,0.588116015591058,0.354345691522684,0.0652634667176236,0.378691935685624,0.112191792465505,0.519296041472136,1.04741258890083,0.379363614638301,0.410177456134473,0.414872333525697,0.378145240250926,0.0465267044716024,0.263088845939064,0.384779828020288,0.28705667265453,0.106710823234083,0.146709157159678,0.121491532760005,0.0671857063151809
4.5,0.481770947232366,0.513707544962889,1.24391161722961,0.398484630461201,0.107803963624374,0.242962166856925,0.221704029265721,0.266600328842829,0.179672577578649,0.696176010308629,0.908985568596974,1.4318316583465,0.103215332256843,0.352914014409173,0.0135506745412176,0.820179933185284,0.864230547233811,0.442176364660424,0.588300512430075,0.472234955458807,0.561894781206425,0.0104081621165444,0.350953769604318,0.37036102453232,0.723166047592519,1.05968055178411,0.00850229260367112,0.335603172458878,0.231116777042765,0.222466077673441,0.0422443766446542,0.0605316306593334,0.857474997489689,0.177372722635017,0.383085015631975,0.125628678609667,0.263076820849854,0.33419194486981,0.975765295911241,0.47981330652501,0.439010314960431,0.27008518968967,0.0688747211249643,0.264815364470101,0.501397645213912,0.39115566439057,1.14374019519125,1.10579217259948,0.0896196692483909,0.431716214721108,0.0917087727457248,0.617663836894186,1.18074934161833,0.813733173612426,0.504983881093371,0.63222912779856,0.111191640844784,0.0698221847140444,0.0425672141635941,0.760407916430317,0.1204489831089,0.796328386487974,0.330669745612558,0.410974757657559,0.362811064141385
4.75,0.0431253482176579,0.341070402599513,0.0679519195720718,0.155657184371067,0.339711504374572,0.146311129445994,0.178837926633914,0.120730105147811,0.110979656091373,0.0277826908392725,0.146194477243064,0.62152553106535,0.725613926206843,0.385122080516708,0.333540092717875,0.214274217577057,0.0190403635530126,0.160473837985382,0.421815939960975,0.247993736173355,0.508369627614358,0.164691449163508,0.149375243185168,0.141787003605291,0.3484051654097,0.402172049456599,0.43679887325049,0.138166029481593,0.595040178360482,0.383611052017945,0.620210993655843,0.205129878488253,0.181586625657886,0.0348645254820555,0.197669544711174,0.30891954458102,0.216525479774829,0.13949192391045,0.00353298262797984,0.154899195551436,0.411917188895067,0.0742428796409936,0.162324062405765,0.132969714473092,0.297747846702917,0.0870615836160801,0.13191003567163,0.203749998244949,0.451038646732298,0.139584339756865,0.236284054782154,0.20258863143583,0.0431143555000741,0.414378251817647,0.438959890195564,0.400226826819059,0.397441680216277,0.0218891024092032,0.218862956368562,0.103516613250033,0.0965119882542484,0.0197073155011042,0.34667407384391,0.10629260187745,0.463854599556046
5,0.0353045739553532,0.284051655098018,0.373617239796803,0.140940325099293,0.490569642871383,0.0364952137854974,0.148687061825362,0.385063497144992,0.380555498786988,0.0163625135939046,0.165907524059874,0.337430352781123,0.540449012489935,0.986281529058904,0.265449585598395,0.0742645508921852,0.0903068462559458,0.582473826694765,0.941176778395329,0.886781815225862,0.852109480203716,0.305646611586804,0.970127248681554,0.748918238125031,0.0254438250363137,0.630310134602539,0.0354502176425385,0.185941043769353,0.893126019716187,0.834293653621899,0.37057137151278,0.507727867950647,0.728803461042244,0.258868145470661,1.14527624298107,0.449378785847519,0.443631086470263,0.593849482505815,0.119116699932826,0.0653536394514738,0.450402410287221,0.0609423266001174,0.248528489061353,0.355707944439298,0.286004415074451,0.308035370518715,0.175993935572201,0.23109579694233,0.075359230947949,0.351055421950131,0.0550378348289983,0.32717718989698,0.0889710145973972,0.327131399413863,0.373332693930502,0.58745567020698,0.699967569782713,0.802101944630396,0.418152973682201,0.110240998120446,0.521365975111683,0.229513472141717,1.14143599528885,0.196424603921456,0.856233587191515
5.25,0.057428630705665,0.417706788063715,0.671526896787722,0.114867648574227,0.607555196241506,0.213416303212544,0.00323586789074192,0.156405324663053,0.288171457984957,0.225519796863099,0.320098228711083,0.391854459549366,1.54557482511148,0.366258786120122,0.583739130281326,0.439747735905917,0.0685940393668193,0.392076213618611,0.766885897957568,0.105990821359951,1.42570457226986,0.671208421040303,0.406987557889849,0.252355352000325,0.301431569071293,0.0982005584089801,0.410380799508649,0.035730862701824,1.45506957197166,0.767591478427565,1.33346182330398,0.176063482104515,0.71000618291065,0.287017541318921,0.924449121303699,0.487246557442056,0.108894030388039,0.0497266387903237,0.178792123856224,0.0947354128417467,0.49667410602812,0.140454067546826,0.237718854981494,0.100232690401739,0.0967958147286994,0.175293121619959,0.138439285628762,0.119602251640393,0.599871915379605,0.0151148284148063,0.111701013402941,0.238923638216337,0.249451657100945,0.5638894998547,0.90427394295839,0.325938639773644,1.24642325202241,0.26735398768216,0.3830488133494,0.211032970814618,0.715128721064119,0.31293111323444,0.334384835698337,0.180332087108943,0.988314459917399
5.5,0.437302794702752,0.365899076725938,0.576843463303389,0.148533808451834,0.0133930671826047,0.0502011415277686,0.0973346393541023,0.0601755661472991,0.106931174843735,0.0197451506666359,0.266900275225662,0.772645759953231,0.0537136566548948,0.45371053011568,0.079806323797756,0.0627816362698921,0.180905497990711,1.08303949970488,0.097931667717816,0.0201536407052557,0.767021932697206,0.402994592124322,0.00484317824555097,0.103523678367801,0.128721444880819,0.0317599357154433,0.0242588101400805,0.0489523525920414,0.0656605316537135,0.691064944598541,0.131399549889222,0.132918669073816,0.929427456939817,0.66102166962488,0.0732912108485655,0.0827387115352424,0.0303978618019693,0.0331713902617072,0.380740957067635,0.0448408801795106,0.231608549641679,0.0423455192786637,0.0258995133167043,0.0754058283455049,0.106598546773844,0.135336605490728,0.399994477543312,0.208301497279661,0.0292348386663763,0.0487499238978682,0.10224580073233,0.0289561070302723,0.591582053603103,0.762238364878875,0.0586325746344753,0.515930527210965,0.235372769531621,0.0418017334410182,0.214959654784019,0.0572140718847425,0.0667324837642569,0.119406251326253,0.0444292327679175,0.0510596937819902,1.04143383732744
5.75,0.930477790011185,0.549610761498141,0.344252443093208,0.135241266360887,0.116172172606473,0.116584198966524,0.387842582079571,0.361834186914788,0.226587990654852,0.237532390099598,0.616732355528875,0.2345599750013,0.0435238814198344,0.112710062915854,0.214565253527218,0.108497815940344,0.927843959332378,0.583087761926955,0.193290042200944,0.687011186464223,0.511638639221781,0.0121207889688243,0.628155067048304,0.572190767183579,0.11664929356611,0.0938730574351507,0.075571295847028,0.0968235888828642,0.251483042437748,0.182039935553174,0.00415397046597437,0.00802967350968949,0.541928353615857,0.22437456876807,0.136603736181997,0.321373792823389,0.5684774572653,0.450940007041375,0.589193837070241,0.524418401535309,0.163215749588556,0.0441381832917723,0.337007609926058,0.264734667539252,0.333253775258965,0.246273876806304,0.194367407013913,0.132311651968706,0.015498607281609,0.038196363392891,0.292052645739369,0.180667632126763,0.757826907151675,0.300175695819854,0.155677633226278,0.134909214903081,0.0113799533572015,0.17600278677581,0.333020017978224,0.165775784070552,0.0479526527481017,0.0132800965738597,0.701244196205255,0.265938897772888,0.321280392170097
6,0.0275731283278736,0.240077048063923,0.0802939197819439,0.159075610364061,0.193721061816199,0.668556636727571,0.160984036824091,0.0338019663322118,0.355275134316249,0.163085086356372,0.0118177357341433,0.290328185745253,0.468123701062411,0.119391876568283,0.83948933468504,0.287640196816666,0.0742843525644915,0.0491246317893282,0.186821171679385,0.231885020122757,0.0580610941632324,0.29270412963831,0.160335709559879,0.371979849447126,0.108478877806284,0.0755093964770035,0.547493722681515,0.311106946996749,0.237869357681975,0.0987803417830938,0.735821700225418,0.319474237441092,0.0299837697576687,0.126593969362611,0.260721647447035,0.52452976703889,0.214531945880494,0.103778490414458,0.035782016140102,0.132920412638776,0.0285291093250206,0.371599063019001,0.225848934513999,0.282911084640866,0.116758044179431,0.0151558053987722,0.192836968429701,0.21762190431358,0.350513308091868,0.278688566818851,0.46677363607368,0.0984856229481182,0.0409003241253465,0.252355079031024,0.151680909486742,0.11583474318965,0.664697635177674,0.614215447966599,0.645534902770268,0.211359948436983,0.605518521467774,0.475968959952239,0.412551632759308,0.0348083083983842,0.156245376278194
6.25,0.626444786578135,1.19788356172708,0.885647304785896,0.918966747316254,0.0376934358445585,0.0863215904204002,0.278814984829587,0.323837548275866,0.654265522564025,1.12099152085361,0.30767071155439,0.685095482982283,0.275940698189437,0.222422137425792,1.0780104408558,0.0273249242094549,0.559541327143993,0.258184885529407,0.0254137465692845,0.314261019294748,0.355283118825836,0.167466282655946,0.0413700717946134,0.0606626349221888,0.193874192816833,0.658669805559986,0.291715649860406,0.0584273237063128,0.275331523366151,0.416132874633917,0.612526439625604,0.214796649171948,0.448216361502982,0.362662510466206,0.0379519933237295,0.0612973736305221,0.142732516397393,0.205271377861404,0.634390531877472,0.90932803470915,0.397975143358032,0.491931139811524,0.0640749297146712,0.0216739566719381,0.652906093201141,1.44863694363391,0.832779100047994,1.41596898873249,0.153842592568995,0.28134760353071,0.652658805555182,0.229459398030053,0.663266787628145,1.45553837934733,0.165874328674496,0.320333382451876,0.517137715048955,0.0483226528228343,1.48354067353907,0.615479859676941,0.432642120209262,0.0244775076220858,0.0604155467360184,0.543894689521111,0.102062443522044
6.5,0.0806041988380372,0.0269768229694355,0.0476367389306062,0.161650885638187,0.320734734125533,0.160840509959142,0.043812924013336,0.329273334158991,0.19867610629845,1.15175296960072,0.0371915374929921,0.102534992072435,0.249030808393973,0.188971328313578,0.371484728578201,0.912575585496391,0.0141516894806601,0.111309790686845,0.219200870397389,0.0317062477268861,0.137962587729302,0.339775209080354,0.021975745177936,0.00304222961458608,0.194330735301371,0.0778452716387351,0.195172752277896,0.028599837759139,0.197600372211833,0.0828542353317825,0.232384231020671,0.0168615109704794,0.0101449365406742,0.153389202594602,0.266513195850378,0.114328592669827,0.0219680508290046,0.0867265573227492,0.0155422468569055,0.0716633170073774,0.274845629496759,0.278306474369924,0.0801292281531136,0.0635005575549375,0.0650350313776966,0.722771979735286,0.0577140194996878,0.209119452696585,0.266579101636884,0.0489736140992321,0.222369372175663,0.681246701387793,0.0286980512234971,0.0624254812923773,0.173539862651566,0.173877135756803,0.24884531451639,0.0709727058948363,0.347487002344853,1.10425294982917,0.195681827778826,0.407034615587401,0.0026414806862443,0.188372948155246,0.145013444233049
6.75,0.821097263954924,0.235453489492004,0.110731086423071,0.0769310280735395,0.281372514379595,0.150302723158748,0.172987017084718,0.896031287014944,0.180567848620116,1.20540547631376,0.476741500817877,0.354427147757097,0.26933739767606,0.0328630644661763,0.581154455111684,1.30835357973619,0.18391383000648,0.0865503745746587,0.210129785224788,0.0722860772360581,0.117977468459046,0.0507873312372938,0.0553660958223332,0.14109666417928,0.246226321370241,0.195461495432049,0.323588027015273,0.358622444793364,0.813658566843238,0.11255559222437,0.298796890992752,0.191764624172073,0.0548155761969658,0.0640433119736877,0.10868900560389,0.0577669796397875,0.0314424983268367,0.300101119498661,0.220961086311971,0.0998461315319511,0.123315361665661,0.0958397403791732,0.312827987620798,0.394704622553817,0.205209668964688,1.45083828839286,0.512345914317385,0.458982846023881,0.256607297105569,0.129628326709469,0.435546749905346,1.32095334541692,0.685289035869172,0.386015064501548,0.325758653542115,0.246580435659554,0.121109366091761,0.198367386907493,0.447431958732573,1.59982138791272,0.155610041314633,0.589009905359034,0.0206834235825499,0.378072380638558,0.0454172597117726
7,0.413247204145052,0.72604049250248,0.543588917620935,1.19916630166798,0.12212022657291,0.110003453002314,0.055389464446551,0.77928507504519,0.548069409019916,0.859188487049806,1.34075382927725,1.02107979037778,0.567205353241016,0.411472295532528,0.547738048024567,0.467711357935049,0.323064528505725,0.543713957168048,0.0656174369445647,0.035938192105342,0.343597535766518,0.322312274362753,0.00648564174266634,0.0862854179702316,0.855396833943132,0.559979022238742,0.278953285231409,0.146484052018541,0.775974295398186,0.229297381178178,0.493755616652455,0.103771796356597,0.520471688204425,0.81471402863334,0.121964830562842,0.0554255957301124,0.0215734860154702,0.456129439368056,0.423992968124803,0.792100714428056,0.464908333987425,0.674255835682577,0.0803755968482624,0.29866499632966,0.219414119626619,1.73638269128445,0.88445405703429,1.36154776656022,0.391119780310128,0.103461958095102,0.24834155280378,1.03929270463329,1.49774354096936,1.14714290464599,0.850594057474077,0.325109185663651,0.118276396986803,0.125973269745706,0.886803228074565,1.05839437865599,0.165003999422018,0.168111893191897,0.0068845042626866,0.42306488313011,0.389169567763254
7.25,0.152797624333456,0.0353432873864241,0.547670799407918,0.0805622963431467,0.0732194333321071,0.0908877739454936,0.0270337816902061,0.352339116548425,0.0375069318786319,0.0728204139133395,1.36772657576104,0.339727114533628,0.52044909533092,0.314643315519744,0.0629436073655456,0.402079242922273,0.127430214706495,0.0847950879756096,0.203825520715994,0.105452254631375,0.124050263453283,0.0697959215105326,0.0745258252393594,0.16817757613847,0.774833046555492,0.147226605810574,0.152526782259153,0.379966814052757,0.463363653509745,0.390206512519307,0.2477675802542,0.377786972039837,0.0905709804925412,0.0203926158980777,0.11445259713744,0.0583431369781749,0.134735312264951,0.235736950349468,0.286580598596553,0.0201389365707648,0.435359743917848,0.148442334027324,0.0350234937196908,0.184832751413232,0.0451499526938167,0.336463827065732,1.21341082378157,0.157338485448283,0.422062129421443,0.349248895903398,0.0620754713464518,0.449062776930887,1.02057410782462,0.0734073439318367,0.664359133345769,0.495557518499155,0.129599758240933,0.122119864877814,0.0616974988671066,0.191066371176414,0.0178109771491645,0.0205171483294265,0.13202347119335,0.189813672465984,0.0509600936349021
7.5,0.106279203086192,0.184085105676806,0.0126157390172847,0.469890429128568,0.0923097629566626,0.617374858284135,0.0592864075562827,0.0214723659432897,0.213876774676028,0.114715943396935,0.20366355402289,0.0518409525444868,0.350603940600255,0.0341926591553625,0.118277945012018,0.227296273272933,0.132491535090151,0.109833330252889,0.783175675138866,0.18365440506384,0.161569805943164,0.631069361867385,0.360968520680543,0.36693856494243,0.0539235627284565,0.0974979706024103,0.0574342696666582,0.00248919036672811,0.646998856788608,0.137490271473819,0.198699978854015,0.112251744081682,0.058321101850925,0.449353019754294,0.475907622440823,0.542882843055522,0.161370698870275,0.0739047673054187,0.00875786388312732,0.388593189923843,0.0354023065333598,0.498379641225521,0.0415588407215854,0.161705387725831,0.141962711491359,0.0637588109448787,0.100146163673199,0.162700296878741,0.0688007797598366,0.0191096099760827,0.171102245104279,0.0543436890473946,0.0979293232482895,0.134571659700141,0.281892172314755,0.0194248382205989,0.282298902367944,0.658070118122086,0.226146055081446,0.115212897287087,0.251157745937308,0.29632045614185,0.514503668976238,0.0659902455334688,0.377686504054623
7.75,0.0174474364936393,0.00966825378514583,0.0197548599618044,0.0676914684260658,0.0858215492633863,0.0508419372868789,0.00309919604704537,0.0200548170029479,0.193809906559053,0.115843949773519,0.204636144561724,0.0970472016246262,0.291199043124515,0.0437786936500014,0.350214182588697,0.283481975781708,0.124572647871911,0.0280590658098658,0.200573864536355,0.0441982469032991,0.138617001482944,0.0703506898377257,0.120748254272354,0.0992061978027772,0.0582101444823948,0.0410660977142322,0.0338364382802669,0.000596023432136851,0.444995339943118,0.126227508241881,0.132280815374014,0.0231306274002094,0.0326078376381454,0.0265185018641187,0.170632966842258,0.0738033069436883,0.0532572800471655,0.0525917562911821,0.0347762307148636,0.00373376285264707,0.06298868284894,0.0765680892803771,0.0416215660900816,0.0428808635386544,0.00991578217662965,0.0209579256582384,0.187572453347367,0.11920813284036,0.0795696897196463,0.00626809254738779,0.123897490184797,0.0343389969902603,0.113230566222673,0.044910617739519,0.264662616678685,0.106816246873742,0.089952866324036,0.328923107957118,0.448239725819123,0.161571519534682,0.176089951262547,0.239326495613862,0.258726470605475,0.0140648647156962,0.113853004623556
8,0.00813583983109659,0.227229258082295,0.496304092982127,0.0727947422982044,0.472293816690897,0.206419615439444,0.14510665797245,0.403881031134309,0.35979228130946,0.128281294398731,0.030881288381918,0.323704398836043,0.0709328679622485,0.855674883159888,0.711224779836301,0.787678416641599,0.036504632528516,0.236301159340534,0.270760208102343,0.032976958396789,0.655701843904875,0.0863173495583601,0.238390756963773,0.0157458389360457,0.0977929575919729,0.230945583780301,0.0981516612838517,0.640627807803466,0.218354998846886,0.820747653005517,0.180721294202645,0.779401071190465,0.36912911556842,0.0759634069778812,0.618681163041084,0.00346925673916456,0.131978522665505,0.0863188879928816,0.114476975317151,0.0845472271068907,0.628065533722049,0.0219981803836762,0.154729040380659,0.373172105900291,0.326241410659759,0.431871383394701,0.393020639420076,0.138825514783755,0.0879075964156263,0.543117724087762,0.36239692906846,0.508654774431993,0.0131049953960667,0.301220061660731,0.0622733476695915,0.706749245496895,0.162991037023798,0.935975034379582,1.29183952915901,0.480805276238179,0.232565894935204,0.259936609201765,0.0898216932546005,0.011750043803413,0.376306705322565
8.25,0.596937335532347,0.490477697318722,0.262127057686195,0.0972201644299664,0.00399304048681384,0.0938530427190284,0.266603198302448,0.885324497192115,1.16450242116908,1.87025506133345,0.739711234898248,0.833790381921318,0.425635002947681,0.288461126689051,0.235867956026447,0.355295730031988,0.19527572241119,0.176328479578661,0.059554337384628,0.624950864779202,0.106642749619239,0.00414378299814908,0.0174064995551818,0.0363838358735684,0.33014475047179,0.307793600608025,0.0131670712516629,0.124779332361656,1.04724224538594,0.772852246785178,0.167924722239168,0.0917066971574368,0.114910368510025,0.000852641863938394,0.0289237729309689,0.0295755756028241,0.243403420149546,0.512028927372133,0.340719183242241,0.143404712225511,0.103248435833076,0.13145097970133,0.0156750034008599,0.0646390647360077,0.993685945296308,3.47683769155346,0.309103174731181,0.497561765494022,0.133681644677219,0.268765958532813,0.26565878912704,0.774849648908942,0.603975446165205,0.588199274390423,0.589978340518886,0.757682773062557,0.249208483970128,0.0227528804345073,1.10204514323267,1.20302899283456,0.119627263475398,0.162642909024956,0.0105994819951563,1.82389634215614,0.0561220199813113
8.5,0.0355837889959456,0.143788957441271,0.0286473018178701,0.169437850383331,0.046619230655404,0.0626932714100363,0.057641987575115,0.206080994210708,0.0332713039902334,0.128169160244631,0.0688851036719953,0.29796890024561,0.0233953436841102,0.221326056688879,0.00155672187595614,0.0552446169997116,0.00093607413063043,0.0292128532639399,0.194238929630957,0.0749940826396234,0.00769513794765974,0.0260008810111416,0.116315757355995,0.305919390330168,0.0109282911226595,0.394133935643897,0.0253134445781415,0.181212737262066,0.0649147510196918,0.20239181173276,0.0194845355832154,0.0557492273887128,0.0632228835790024,0.0058425135667888,0.0593788898980489,0.135996328178815,0.0977921194846874,0.225624889972983,0.0290634553654929,0.0850595495553781,0.0107665241991882,0.0527706646076674,0.0673194477490882,0.23389779003146,0.0475927334817581,0.0540206078852257,0.044680454886488,0.490480989176446,0.0141726678301347,0.105810259998581,0.0222185264855039,0.194126848596306,0.0088762245850419,0.363632505029315,0.038997068911232,0.331343823048458,0.0317460436399395,0.0299275707357212,0.0902907385244617,0.1388107279692,0.0270420423216535,0.151986798262009,0.147481271107894,0.0148728991688897,0.107441996023237
8.75,0.0769869631415603,0.67206985840125,0.0972698344298537,0.251750775093381,0.265467138054176,0.0249710697966616,0.265472369610242,0.0951780108011472,0.00859126341371815,0.0626253653576829,0.224425039185697,1.30056211276316,0.330863138275779,1.01864417169309,0.0575023507045929,0.860736955684519,0.236149150401827,0.0674330124182379,0.07909163737848,0.878544339014943,0.058338712969111,0.0436662304231299,0.264154553606903,0.237403440280649,0.181980518957823,0.430252743467212,0.142982443684433,0.229425054826747,0.48238716283967,1.90666397773652,0.183947791173756,0.56072668868167,0.0318487696134482,0.082548431640366,0.127422253988254,0.135945966314419,0.453071020506931,0.413184759108357,0.105650565406914,0.342534422124435,0.0465219213084096,0.0879428954082867,0.266698679161756,0.0584587878953782,0.254730419561267,0.220649097534826,0.0851826054648868,0.600059352405988,0.218637627282931,0.44084338506053,0.0775070424890289,0.200597087848453,0.1038489964236,0.96210132055877,0.328860255998124,1.4515852106558,0.0866589723372935,0.652166917498699,0.0478929058570234,0.0325832256812302,0.000382994840447832,0.49398265894912,0.168772796633812,0.490781126404364,0.00914870929750908
9,0.246478023370607,0.232723574035795,0.299082271788911,0.558843245025176,0.160178068354392,0.0183277630250247,0.902049184928258,0.610478691520314,0.862857943908848,2.31316846088002,0.103908085149283,0.200791505722631,0.0436790275172048,0.471514054330803,1.16790922718292,1.97571736856833,0.379085687040298,0.793407442189809,1.45269726243675,0.785242686817576,0.576267162375101,0.614355451837863,0.822621470464916,0.389299795137592,0.076328411957401,0.249740530339852,0.0692623379340203,0.499559723160177,0.150384931852872,0.482570790361527,0.0696971260491711,0.768139644242724,0.580609629417961,1.02955599871303,1.01047415453324,0.603667670923664,1.26455828808555,0.0922591462641986,0.347526353048728,0.529753831502274,0.2411839338935,0.262064284059702,0.424714892998585,0.0328734115702983,1.7881588229307,3.42084039386005,0.346213796098857,0.25981445807238,0.00218088900005873,0.287401991363337,0.846113623098349,1.94411302963266,0.104708020598967,0.164035268331387,0.108343846188633,0.344612468634492,0.0692400228958301,0.5817522248138,2.76137835859059,2.85259232682753,0.430610636179167,0.660951184315537,1.45019225909481,0.309348363160852,0.734298147873536
9.25,2.26772340904825,1.72892411876593,0.70812243407757,1.05202687020082,0.904246786057338,0.260002611046459,1.46836698736948,2.03837353425608,2.42523644596926,0.195341347356232,0.881834403022047,1.64727578958065,0.389001978211821,1.15836494883645,0.459545140733537,1.20001349636104,1.64833000644313,0.657035720162706,0.637247256995286,4.04825171005545,0.330061317152619,0.0478499640791085,1.71981646786482,1.28170119368859,0.475945362326732,0.488881759964546,0.310867134872636,0.548105134910893,0.869121986553941,1.65054784350988,0.084946998282189,0.491436095488036,0.366010661308468,0.743308915956892,0.902258908057532,0.367344354701839,2.52254106860484,2.82331814250768,1.49481194308442,1.60396795989369,0.32355389856347,0.363096558877547,1.06672631876383,0.763468928905567,3.72053601265097,2.56909935839277,0.903148175393867,1.03936926975758,0.397704165335416,0.416383168314457,0.663797471068918,1.59409132858222,2.05542742983331,1.56024088122277,0.5656332072504,0.930161792058624,0.225735781089361,0.978473191059702,2.42364005676614,0.309569745930485,0.0117706655726305,0.495394064315274,2.01111564653889,4.97276751957166,0.0664025239975946
9.5,0.626558085786837,0.0762403578043942,1.01483568937826,0.298457587907092,1.18175740100893,0.657467336151195,1.27958673205495,0.684904474606132,0.396724967685745,1.18274905811912,1.2996314414881,0.652781069905621,1.32592579940943,2.5765644498354,0.5657481593641,2.78001521295162,0.638083954202405,0.966587174383426,0.441344730545945,0.248276659420907,0.997085447422221,0.76830152191668,0.266223532893568,0.174717570874539,1.09927379225181,1.09970262401227,1.60598643668268,1.22135451873721,1.46983695448191,0.909020490846461,0.854162630693505,1.90174210934306,1.21330885462484,0.549814985430569,0.330309466727091,0.546136277100999,0.717725830687137,0.210480039334865,0.811915586346438,0.180542586746347,0.920067074899974,0.631739569856923,1.89852631412696,0.555681302360828,0.825937523508034,0.550352775730264,0.772956296429374,0.505950003316824,1.52945066762476,1.02206278937816,1.06862394737585,1.94858609755171,1.21045654644702,0.255008040075815,1.15494207742798,1.31691554402594,0.356013429589438,0.743232168055618,0.3566086373945,1.16070433737926,0.230839897887307,0.598049552783464,0.0197514795507653,0.510335711800808,1.16012917472405
9.75,0.650314667125764,0.600821903210896,0.589022558462073,0.56403740690414,0.00799318912788897,0.240702073486845,1.0856046811756,1.32611539355207,1.55039523786558,0.856523827561066,0.0199761446315548,0.594115617045525,0.239696552337194,0.36152363134887,0.424959652551424,1.01700337142825,0.535713861099803,0.830007876150671,0.513746444193125,0.562929473762584,0.947298345607451,0.402577005246954,0.131696783960053,0.118842912601753,0.0103794838917843,0.0251513634910388,0.331906709401251,0.399378944376906,0.0828829500605239,0.812257093985843,0.276142784253037,0.408743795961887,0.77844556463977,0.75113873350581,0.328386957164485,0.0562571789070019,0.734610525612683,0.732672104875245,0.621175101983902,0.621520561996012,0.176167166003087,0.132208168620097,0.378528705553934,0.411221539588517,3.32859915311603,3.36008515284002,0.162025692259579,0.456975738401316,0.188723320975554,0.0560876312565383,0.765161883388158,1.19175928501897,0.471780434617555,0.64408425465167,0.0458478505120075,0.275624567280579,0.0445811083674895,0.662778456199957,0.645498848706091,1.24999696323826,0.00381719635398018,0.61036504483352,0.0902748173052339,2.74664659995941,0.935884704105623
10,2.46544235086848,0.752744501961629,3.18917330712346,0.558561252241586,0.831624065696374,1.86104011228542,0.803733857202597,1.67589000970651,1.06289771670446,1.59200375349829,2.60846437335209,0.535325128620704,0.727968568858284,2.04928959464623,0.338226185198837,3.09189567248421,2.22905813573819,2.56999701134416,0.745217943327385,2.61026980099609,1.70359923925277,0.767332084868027,1.10413040148952,1.1909217024825,1.08986108874935,0.60813813592839,0.367005106629931,2.69846492686448,2.75570460019584,0.6455726460794,0.445608747223862,1.90176690973134,3.25743453526976,1.26601326102164,0.535621752211855,0.471985585678057,1.79533057667374,1.92677628124416,3.07479070078996,0.823534179815907,0.712676314383828,0.231873880977554,1.40041755667101,2.78122201888315,0.966657892798488,1.63051928753721,2.99012882759377,0.337404463091857,0.0381461878120223,1.49172622473408,0.172379665651002,1.71329162396849,2.37554446398328,0.328676962315144,1.62786960633842,0.730789421155242,0.724663364479032,0.603400216637109,0.902021366874554,0.252700420870783,0.536938819349983,0.289291090571098,0.849364243493481,1.14853291008445,2.11667061668661
10.25,2.3470609656771,2.17360997991406,3.0904645403127,4.54723477359748,1.61784982873659,1.44478651217259,4.6773534342904,2.74499383742915,27.2713632063021,13.2499403995471,1.79064621869468,2.28272455113592,1.17625594952407,1.63429606336717,13.2205336180386,1.07127651463712,5.06990247809783,6.11743057201375,3.49749374368444,0.437553830577655,4.0097800816626,4.77931151097506,1.69146605093511,0.849825579689957,0.252581098602369,1.82838225674433,2.27560757942345,0.00272476099341934,1.64746771213334,1.79373095323101,3.18698680713318,0.28399933589811,5.09206160172321,5.36740879849733,2.40204477963828,2.78174784373699,1.68930189301489,0.286642644360216,3.66247007275923,3.5450555505477,1.14035584414387,3.21514628938999,2.28416438616524,0.0297016895517675,13.9671626764309,23.5570543521769,1.42493205334826,2.86595580367479,0.728808461752995,1.05893722371284,9.55874350091391,4.43001720532207,1.6529519801131,2.12393050261999,0.817341328423846,1.86085571810903,2.05547260562097,0.420567681751953,33.7323370199601,7.80266018835156,8.04982801506037,0.0654168360511259,1.6823307825375,4.35832219354845,5.88402509788672
10.5,1.45330891420398,1.13690118663054,0.684002525937858,0.154360542715391,0.952966401882613,1.62264434942218,1.97454351414773,4.73854335145439,6.72710750407476,1.48070078192924,2.9590230722192,0.761559432972485,4.60871003421082,0.0754987771136934,7.38016666145462,3.0471311629123,0.569560787484173,0.1266959751991,0.223457572447635,3.57852142966201,0.352912124795061,0.00110793080581672,0.390710930113903,2.54621654818862,2.76789724286525,0.726939529680889,2.15209310208013,2.19073195344184,5.3527889744756,0.684721733603279,4.63350502039189,0.759517852271323,0.280274697230523,0.110991241377461,0.0411902183776622,0.580736897269382,1.73540560145807,4.40563471550845,0.739839656804409,0.412848466497025,1.01991780755311,0.152745726859627,0.287352199405687,3.30474686067691,6.24022189793655,6.95396925081948,2.34923541707221,0.460751242889168,2.90233152163756,1.17872755356725,3.83581236218775,5.38346465446157,2.02006224502973,0.899214994436589,4.10807781963478,0.597478036358722,5.91947894318775,1.20387793981991,13.9995771109176,3.98241383103309,4.39383586298466,0.854829626997069,1.671352202222,5.16493676629237,0.108925644333776
10.75,2.45339677470612,2.67578213324115,2.09913080668926,1.72344889185137,0.0777257072626496,0.163945892758103,2.70177255237498,6.08042410325854,10.2913861129296,14.7771154013896,3.67537347839573,2.53086884591186,3.40571086645892,2.17655941349786,4.92059300415475,2.4118718669558,2.02742657445474,1.93488194489663,0.238925500709973,2.73152009769937,1.68516072997796,1.49532849886081,0.440881117801787,0.722371314899221,2.18621045237613,1.37417891734568,1.74739628139114,0.674623523999903,5.86374427769687,2.23109197411515,3.10523744593506,0.248780526596178,2.48394660550473,1.75322106957036,0.249711887386544,0.129900180257313,1.77297455299815,3.88320939136511,2.14148573706022,2.18010731623541,1.0692934601222,1.21034711080785,0.601739808368734,1.1902116255503,8.82661275913608,21.6794094796089,2.37196331810041,2.34122678595479,1.38829262160147,0.480428713137118,4.11600425042494,6.68406004514256,3.08896310640107,2.76259650523645,3.56220478536769,2.03434178096938,3.38608924069445,0.354846898766459,9.47861555599148,10.8869213978409,1.88300346739199,0.796009640866077,0.294877138535478,10.2900827037801,2.11063167378098
11,1.18642663440067,0.398059861392651,0.304826656554549,0.278609348726773,3.58730217830383,2.86046611160504,0.933569501984782,0.063607977362349,0.765230599913123,3.78874771296405,2.47542748640187,0.070149213197539,0.727241831547858,1.22983670427472,1.63969426550191,2.33009227731874,0.350178737774088,0.180475719856919,4.48474659637845,4.14026908283761,0.372219589233626,1.2613048886517,5.66333213506504,6.34332603779663,0.656783446466097,0.0644414642794876,1.88337522672014,0.202024780953214,2.73412494934185,0.307535272742147,0.751617356847921,0.515017209152181,0.0382562199599369,0.458494240084198,3.16562551603669,5.83083995425757,2.70040723459288,1.76191049247928,0.41215412042677,0.297381649725342,0.0583315471124972,0.640155524422229,4.21555981269808,1.73572870275369,0.0326955875505843,6.23613062803523,1.40684684014298,0.00917841786320595,0.796910828286956,0.386701232503061,1.14046564440668,2.35558961875168,1.65439369427229,0.112548791231377,1.54923309590249,0.138946337124558,0.736796477075016,0.787017305465176,2.67360259115577,6.45292821890222,1.07872503245564,0.708112624539421,7.27249547228577,1.29640659201305,0.81419134001043
11.25,4.08772042204293,3.37228170647094,1.86634809598233,1.83126573911774,0.733605004103906,4.51703319119734,0.432072851555748,7.12100095551504,1.69741745723953,4.69242917461071,4.67727140666407,1.20079370842652,3.18528269926505,0.1254161026542,0.456526096601267,2.79444550277236,2.46386476673682,1.97383464699884,0.969314046428636,3.45983603350931,1.2862104955804,0.155077061667515,1.64345276390511,6.99889648834477,3.12042946186737,0.0586918642291815,0.335665082830523,2.7818674624642,5.80248297852194,0.38401020484104,1.13181309470648,0.643975237210683,1.64411392117318,2.05275914580043,0.926766681838521,3.23951682283742,1.74617974712878,6.11078406675876,2.30744436424322,2.65810512307999,1.55322257041566,0.0662217527781988,0.228188360318433,7.26164716108749,1.27350388000305,8.84017738305339,3.41398935899671,1.68756042448532,1.84715354642822,0.756309117486521,0.219659667430782,5.84619457135698,4.41677880885942,2.57688493504305,4.13099117458351,0.131752426480795,2.10407170271962,0.398111740339565,1.8044791066596,4.76625136992231,0.702009838867649,1.04436593967611,3.48905269724203,3.28112354264693,1.03153818942331
11.5,0.743003530280733,0.662636492912797,0.404295786930657,0.140185652773702,2.88203148957842,3.11193009145637,0.171765804501263,1.51248851986726,2.81080953733305,5.19529849638472,0.510014442359542,0.426586961517423,0.187565098827448,1.45546900585253,0.794016256779912,2.80866076947343,0.341163949900022,0.165222013391021,0.688270897405236,0.217987837822127,0.520924281293775,0.0131887492708898,1.88016766896006,0.963005275744423,0.562271253035047,0.0328912688477439,0.340957209619696,1.19805286434341,0.223515590613208,0.112833752464262,0.021158215153463,1.04800736937281,0.568533368205812,0.0671485245513411,2.07557190799149,0.843061061512229,0.580025239435178,0.216830614822227,0.547774386407086,0.291937807524109,0.943641549062642,0.0973651987411909,1.47176040852074,2.04262887453162,0.215488879713532,5.44566271079813,0.680863905089149,0.284569412233995,0.819481870452195,0.596827532795195,0.185792374463993,3.01747169666156,0.710882649308128,0.73631937490819,0.337617327739866,0.0199392846732422,0.054202140421262,0.509504164818917,3.05687343541028,5.10738556927594,1.19509465734239,1.58043452858553,0.781766584743614,0.371751080256569,0.0797346268344002
11.75,4.3001443360572,2.48182790580787,4.34857276316497,1.71853155289499,12.6610160337218,2.05856071122654,5.57181584272928,4.28609398296939,0.436118903513796,2.01094248126399,3.75127961342707,0.999323668184615,1.03222725769003,7.13750103462116,1.8440392530785,1.35091308692882,3.48599655406299,3.3087698228484,0.57995340004593,2.88652592250198,3.18792244433318,1.4144244932655,3.96546010492037,2.35221596267726,1.63799597279945,0.445242935060342,8.61071428397225,1.81958910114735,2.18312045753643,1.01834672347074,1.63165336945551,1.2843414434196,3.72592796366001,2.65913582611161,0.37757695295891,0.380581593633716,4.39099571282169,3.47034927936873,3.82292240081404,2.35912782304025,2.06264395666214,0.283996485371451,14.1563189839714,3.43871392916733,1.87405347450492,5.27976812121958,4.04644201967446,0.910360674667606,4.69178056388462,1.01640056277751,4.13072033233879,3.41062158609572,5.29027782787907,1.64966052403036,1.5106956460425,0.870072315296962,0.132675176709553,0.883603427878423,0.88601393918124,2.59755089077173,0.0698105762075912,0.322430500253596,1.06737471900075,3.04273304237753,4.14060710288355
12,0.165454302610544,0.443541434432744,1.73646600623208,2.02944464728107,4.5844173355518,0.932346637416686,3.67070722018643,0.222149541565744,2.67647675625178,0.0934285265416224,0.018870247575611,0.347988508650116,0.870805181478386,1.74632569364507,2.02633718550385,0.453932287368209,2.23329612066079,3.60935088780308,0.456142926779562,0.87354896549754,1.47157058634335,2.25440263125148,3.26074380869577,0.00281384642055833,0.0970914581312981,0.499866619054727,3.63574600319528,0.52086503175283,0.403112557853051,0.0982626552317017,1.51354051063733,0.218973363140066,3.47968058248851,3.00933949845494,1.31172312761387,0.561301683046017,2.69226851228205,0.0536845299433671,1.53545073915302,1.67498645225391,0.499666848185558,1.45848844498399,6.11212115208882,0.452037630339663,3.85102768965862,0.153193553337772,0.768839786247153,0.813004264038941,1.63134431477586,0.607694955083569,3.43056195120501,0.618533339704734,0.158166640830174,0.352300067499704,0.194133945227902,0.375635054927502,0.748758857218922,0.108492608222156,2.74113838780877,0.20245004302021,0.910513250084618,0.0319411597844399,0.617135468123529,0.893171253410937,2.66936492301526
12.25,0.814560741170973,0.291798988635246,0.725215168585024,0.0587296800657339,0.0361657066960822,2.30901313300391,0.195877344914765,3.10128685672191,0.185429766151846,2.95206627712632,1.47633155253486,0.0509346443772753,1.77811393256377,22.3081547908091,0.674746690496709,2.68885107939448,0.607885347700076,0.725498377909719,0.231077140819329,0.380094377072491,0.517497707142738,0.295145602203354,0.0148518573602727,1.51879482694353,0.831838714657715,0.353564668077052,0.758413514956957,1.99111857505331,2.19298137347923,0.0285171248580462,1.61219769052849,0.575331262351788,1.02331325083747,0.224670975648187,0.13412443933566,1.19038518710175,0.0229976285207337,1.83482701063537,0.777808053884467,0.197840735281549,0.315170875636515,0.411512474411206,0.17601295834687,2.7342950248405,0.273523504533751,4.04860906116815,0.464489713744959,0.0204393260059881,0.786353224322631,2.37082866389102,0.567167076050805,3.26389742459724,0.999319124880994,0.147442542220666,1.53707723082833,0.0540582611994124,1.30497800396134,1.01052213624616,0.692858751757205,3.71070040212351,0.129946005704821,1.56062354786669,0.163339158849399,0.777718727014959,0.366285310822627
12.5,0.153927880440008,0.229057962194589,0.443640122679101,0.0158878424783067,0.187864202899944,0.081031400826461,0.17942402693886,0.918832165273467,0.0489236716693184,1.11113362401668,0.228537822239285,0.180562893469293,0.49803497625432,1.00589040880144,0.272094882411363,2.08901670393011,0.322731540335904,0.342348807128691,0.126545649688715,0.492278930444869,0.284037836223515,0.091825609853255,0.225600403315555,0.302997156301926,0.232772870826178,0.00171810510385371,0.12145266770235,0.390229507930243,0.550065513435953,0.293235453804015,0.569891227781783,0.538051116035427,0.465033543854348,0.0415872584799953,0.17578143241591,0.152710158385918,0.330445983010146,0.486331868175177,0.429350247514625,0.141882780712273,0.291519258364405,0.0115627209812015,0.158875877913054,0.335010737311408,0.38657390885732,1.29123852368143,0.232266792376528,0.0543782217907497,0.282470795394175,0.103277795423484,0.0414498961227559,1.61393825180769,0.233039003158819,0.232550080011521,0.380800506655954,0.0316145901378451,0.620184949391983,0.774611708850037,0.0996338152898003,2.05778818049584,0.437006864491982,1.35916201651729,0.177157066939551,0.493951872970513,0.143472537531247
12.75,1.85444284674245,0.583411387177889,1.13237281907639,0.171158800336704,0.00643966062287088,0.194202384164466,2.21954253441988,0.504260588207658,3.67986765959229,1.1698366346536,2.09544279413246,0.523012738930334,0.507189779817627,6.45004685458427,1.25989004608136,0.696241641924876,0.685454185781601,0.485254613889794,0.0898783987969199,1.02416336692662,0.25937301363757,0.0301674475251649,0.305811942086127,0.244773295320182,0.899243601802025,0.307558387790518,0.427502073971486,0.286336866652111,1.51031646508303,0.41723494357713,0.35360965668632,0.062298668107737,0.746157184994293,0.185048796022386,0.0579843786467021,0.0525519503490199,1.3805378782273,0.456991782545179,1.19426419716259,0.387980157475847,0.451648937458695,0.0848389825879936,0.616226456949004,0.39410906430644,4.61433077546961,0.878654301242087,1.49086039148405,0.394969788261684,0.166622639203722,0.322430374590693,2.15641326772971,0.759599754013963,2.95889551447498,0.520988745139088,1.13803497119371,0.441199488718663,0.282545079671528,0.301614492978965,3.15520321244584,1.04285635617045,0.406277712035922,0.337699831612002,0.337671298217796,1.84110850351821,0.140134895832412
13,0.469156155768162,0.428800096886345,0.0559537145352719,0.596679500007454,0.0828109500659816,0.454747485006698,0.297146573814497,0.0858359261938805,0.236505368181495,0.0219423897909388,0.591699020968427,0.929119506040338,0.627392597669722,22.9865337707726,0.0771106949938143,0.0974227202984392,0.20422915625023,0.348681127750893,0.0362239546615099,0.187621481210928,0.0604906128848325,0.244196957572829,0.0730634233194805,0.0324279669922487,0.267927392391496,0.683607035291641,0.207399911568486,0.15338184590009,1.14906425025414,0.390552627680301,0.23446170654074,0.953915111355639,0.220341834300873,0.404594734024307,0.0998902786018798,0.106922549084418,0.283450548482364,0.0134828454489046,0.193507963668649,0.30120869425178,0.0353379458719662,0.716413655449405,0.140281165583466,0.0689222802211424,0.616847397907781,0.338847232937211,0.158432365789691,1.2186686686252,0.253474058915999,1.29549203867853,0.158182791984305,0.236055144803505,1.0907964150899,0.7864727801628,0.710578916784435,0.300751232045181,0.31122221944023,0.019863571747918,0.0802041039575673,0.170128331173841,0.110914417909038,0.0262261809181106,0.0421040038869471,0.230631326859876,0.154141992849811
13.25,0.0694270471320495,0.235379270943595,0.0862806831902621,0.224093083748929,0.048374211138811,0.198467956679059,0.71877474184125,0.0767035025556074,0.58698663661058,0.0916650314534389,0.172000265950036,0.791822566516028,0.21575985525769,1.41910843781129,0.392584995337822,0.151575918179051,0.208582316137297,0.100523133765527,0.0413574664993871,0.255461588444052,0.148215958316215,0.175992333891161,0.177563685739379,0.0156846681101544,0.138362793276204,0.428995003543724,0.281429219721516,0.0314525383754815,0.257575986998476,0.386260030681487,0.36717579463774,0.133480180260249,0.0545517824378168,0.148221820495997,0.0631679059054175,0.0873656790769863,0.493794173698215,0.0215941103620749,0.0483069892206568,0.352717446201507,0.230831779419757,0.286318661007401,0.187763268125882,0.0418790533941549,1.40344074132998,0.192071353158313,0.11493824331824,0.518951347777428,0.12466498653162,0.245668155162725,0.725390275739684,0.154791265296599,0.102050493900956,0.493891488455914,0.192545180035623,0.474823759495468,0.138905143087902,0.00273143894628835,0.498592222194504,0.133620778235076,0.0766111113220902,0.0715314961636273,0.0114159395615552,0.292729127749924,0.125262045782292
13.5,0.551725234583456,0.565788020524417,0.304300185120638,0.069926807427899,0.165290230590593,0.0967238632478224,0.374377848883998,0.145248456970548,0.0424120539894365,0.260743949466136,0.325515642307336,0.810155973031993,0.277263251901013,5.76426176323712,0.0229557274028542,1.07678993151133,0.0248029385525119,0.320581726025864,0.279820147275702,0.451108492139929,0.558598143207565,0.159958836975695,0.319399925058221,0.108991825573064,0.195808885522743,0.426743894079322,0.349475448779467,0.4969699117228,0.224395097445166,1.16610112601583,0.495590440501659,0.0543604936868254,0.61880420600231,0.0443738183862856,0.324201505614357,0.140403720348306,0.469335429954,0.0422056439354425,0.131568934310873,0.139003465723264,0.250396215873524,0.0517193682950347,0.200957744903027,0.164005284515473,0.461669721028296,0.354074799136337,0.134785076124415,0.450612803910735,0.286580017552349,0.85735259951571,0.246892192707083,0.997674307208514,0.995019635463823,0.761882951992125,0.195958431711654,0.564457459949124,0.0912975435410836,0.406433264721038,0.0820858450360474,1.00386950757315,0.0643565177293951,0.332680719423029,0.334784851220111,0.174157048273493,0.550542304765788
13.75,0.716006641204347,1.31759313887882,0.612596105244964,0.734587676440589,0.140023862022456,0.199115772551522,1.35733877812268,0.495620557539425,2.83222512062114,0.674138196810335,0.500573035934588,1.95917412989113,0.657725700255907,6.00087308246554,1.65166582792979,0.626481226642844,0.963229701783514,1.09100971736607,0.336398694545506,1.1474644925728,0.704701570751844,0.385335337184635,0.168416471009519,0.033916969803679,0.245248140239935,1.31201972898368,0.813880480202006,0.530737612040304,0.511455993255087,1.74185057399539,1.43835263513188,0.943015149215997,1.1524675347333,0.625733597140568,0.315374179893133,0.117486851531117,1.01816029364751,0.477836510799762,0.892727425388438,0.928675688731599,0.392513221681786,0.472238078583412,0.354471030536619,0.225858536668791,3.42530843095325,0.81268926013107,0.300751050008368,1.42702436910038,0.320412480106805,0.597235698819482,1.66695016549113,0.494141007224276,0.670662010925299,1.65542711736546,0.356486077323519,1.88465833492844,0.682972364545496,0.567489006566451,1.86137837715701,0.387098053542269,0.849922658126572,0.409323778369952,0.0383295731706011,2.82864971147091,0.792108195748129
14,0.20130944674338,0.0579161277470884,0.433707575617293,0.530985759886511,0.133296583779847,0.11888828200391,0.0186124483530451,0.60509220535507,0.169732883154923,0.858652383497297,0.215314239326111,0.0496889959493936,0.212382222772009,0.565245432045902,0.755318881362548,0.675257911328243,0.776948428321205,1.35172659805245,0.0391577779583051,0.166468902995255,0.529778877338421,0.306831770001845,0.123032882560415,0.160451033369294,0.120843795760051,0.0587288467579829,0.0953152384504725,0.557104857848773,0.268912762340166,0.342492942383123,0.558994492159933,0.31924106887148,1.20809278160024,0.903388370915156,0.120706327468458,0.00826440352530547,0.0479800030586305,0.431577902174088,0.554119685437939,0.361935940866335,0.187901115358899,0.0493159618720811,0.0634217674963593,0.326004807073755,0.0881883780436989,1.32099573261812,0.178699180940286,0.0728641286409219,0.124494749744261,0.461919923359853,0.264341438978209,0.533096061705151,0.297514393188762,0.00213150228105734,0.15211310796365,0.133724521721937,0.64732998180918,0.793840973540438,1.35490835062706,0.698052538403293,0.723261423866279,1.07797287093062,0.0614565963481108,0.405598809609538,0.635392995931543
14.25,0.20768406260689,0.709001173978806,0.178111477501981,0.606450311982181,0.140782286742692,0.175074565084869,0.272662612816752,0.595076174238325,0.497057274290437,0.852804569774811,0.044088670869198,0.405821673336494,0.433332111996086,6.41525628855903,0.589743558848046,0.976345399241106,0.79610487326082,0.684861121755383,0.187246686429657,0.150428474690575,0.406687344031778,0.476267817147891,0.0208922998729585,0.0586085936401074,0.0997150350808664,0.25845160828815,0.504206321053769,0.281902644084922,0.2215727234292,0.391059159531025,0.675698361717797,0.268528693172032,0.561382958957211,0.715238880131928,0.0340858133873572,0.147236721570719,0.173244287061314,0.215141676343283,0.304309865066101,0.707710786489543,0.156454467936954,0.398039937973604,0.252325914421995,0.17791149829386,0.252334445791574,1.21120450823769,0.0146641441988078,0.401257509490275,0.395188483625128,0.609965970206981,0.522099299507938,1.27474020514497,0.147068965892496,0.575439360069545,0.138289189121577,0.334800606912116,0.296973284180526,0.54684593040411,0.64133355432625,1.40698103083803,0.210065067513205,0.246368810265933,0.00866939292922372,0.656361194072913,0.531043041235051
14.5,0.168427656087149,0.108542083868448,0.00361200547562651,0.171908138263822,0.125912697930491,0.0554036716809335,0.400438917431328,0.545259158848507,0.0969152718906301,0.242962103651439,0.335959904776484,0.254769099085681,0.379905317160895,1.56897234862504,0.136249532795812,0.482066423342636,0.041264149621792,0.0323805822152612,0.0191325484795404,0.13579052258094,0.0979040130708814,0.0725742482060723,0.0928541222764547,0.0864307862012296,0.157468792363967,0.183230349643395,0.163989694039587,0.113993405530263,0.616219722614887,0.416597887189843,0.251039053550259,0.553548230801356,0.0264604480633385,0.0956805181806356,0.0546737267022145,0.0377471385249532,0.266021880385358,0.199863186336213,0.0287522118021476,0.116376294433909,0.0781472311695571,0.127413766681187,0.0974628227093274,0.144172269740108,0.394390959131114,0.812841952479917,0.114267660935731,0.176561019806216,0.191287373793887,0.112661288417105,0.340395838347083,0.543053115869111,0.250524365887788,0.156259925121208,0.389868914007611,0.385748025655241,0.213492998660356,0.103737111126038,0.235909271101582,0.470859216701699,0.0153635659543823,0.239909947487053,0.033740146892831,0.214974241033292,0.100763915576401
14.75,0.106481489971798,0.0563525700119632,0.0912799132819479,0.271105206963153,0.251994677821425,0.231815502329062,0.157839359542233,0.992629634335916,0.0941072578542997,0.888205051734236,0.171412145325513,0.176012033220144,0.161711565652913,2.479674451613,1.08671122368437,1.59082777836918,0.13211143885316,0.167510351668703,0.0325145006153254,0.0745678868229207,0.236357608006486,0.0690456049511697,0.0299845138881712,0.130890495864725,0.0080892556141056,0.246407415208198,0.316051454878709,0.613520769969372,0.295586441218171,0.281084805587219,0.855253404611486,0.919213001958109,0.162144361191833,0.220526747422762,0.16233884873474,0.125224682158261,0.0216568074428934,0.306780880946139,0.0838675530605547,0.135290178654102,0.133041262417595,0.198498984364642,0.260027638945626,0.346773565834058,0.0960294072376209,2.05466880326559,0.0428203939908112,0.259871756162685,0.121839066443645,0.513249699282983,0.491617059923749,2.00345457834476,0.228059536091325,0.142338037331652,0.0305174933784802,0.160566569440626,0.515011428620378,0.420308115072045,0.866278225727381,1.7953449956164,0.39969362392055,0.115843150979132,0.0150418436090564,0.380272293847485,0.169863807819633
15,0.0214752272444603,0.361823262540059,0.328045718135689,0.720179115496958,0.241426731330456,0.0582376218624294,0.617423627735445,0.582324518130027,0.314308468935026,0.718838276236104,0.0480822946094323,0.531875783943955,0.15253982944834,2.42522032597968,0.28159112642599,0.996785888291356,0.16908001297474,0.432315495358111,0.346776634558068,0.514266508794491,0.486217985240493,0.277408096761589,0.383401360839884,0.0898019902655469,0.0398779083159766,0.346969752171894,0.241832622843782,0.336105217720329,0.0503632217015636,0.406707260885336,0.368681931473024,0.441778978691267,0.494679583901306,0.592969827803304,0.403263382171159,0.0454578726733731,0.604397372929351,0.433016256648709,0.133734811727526,0.357934036532945,0.25986525691282,0.269553387573218,0.38422797220332,0.203757248581046,0.900349385356803,1.3185301537059,0.0229388873081567,0.636819187656124,0.152907603846365,0.215834591702704,0.340175310281554,0.640572619180485,0.157304575533423,0.587380423911838,0.0278638654541701,0.358466262900692,0.247830357753309,0.764941841382502,0.504849666085206,0.804937562005333,0.0127301333860499,0.634283740472975,0.28765562768018,1.07989032397304,0.541939276538388
15.25,0.18263847086604,0.0160740575376856,0.0254437951963986,0.0987850194361367,0.30303892036714,0.255469813489354,0.404645347292846,0.155739722654087,0.258785339046057,0.169719773504687,0.331106728070204,0.119747150638322,0.00593408906651978,0.779682660759391,0.0220256042465463,0.0153852390949564,0.0141265849130826,0.155739667679792,0.0440692188116614,0.23416113119457,0.042597360583803,0.108047130472016,0.269471857776439,0.0257769769970957,0.140990152334062,0.162997618372522,0.216888148767752,0.0449166895940878,0.0232511845281367,0.214270663042713,0.0890466205650038,0.29394991178538,0.0557623919126873,0.0857632025889658,0.0670694655359931,0.212332047125571,0.289921181604131,0.171468877285064,0.0141638434823867,0.0623881847237685,0.0231558868470621,0.17715997658083,0.571942182744986,0.0755757886947471,0.335072823866622,0.697053538746797,0.241570216490179,0.137954326945246,0.0879371133493535,0.162178213569451,0.220856143550106,0.106272874595015,0.297212321893817,0.0513191432406413,0.102802865992107,0.324299886252831,0.216582882824875,0.21380251794357,0.0552419335892261,0.0640694374806611,0.0805956988055153,0.032867047540174,0.0327652801789468,0.463326479665051,0.119569841221126
15.5,0.201127560494753,0.395680283225876,0.419600540806391,0.622289371251506,0.342259623447215,0.0719076104813111,0.106865409004043,0.719289818137793,0.62005049597125,0.580811048850658,0.331248270789032,0.24917994370259,0.213748468578604,0.108206034041667,0.258731296693722,0.694206813679107,0.588193162171742,0.589570135586109,0.15953434398801,0.341267693788774,0.375016197428318,0.475684571493684,0.0560739018756554,0.128997685253731,0.363721558280168,0.0095022499297306,0.0928442870789848,0.433810104044246,0.21295034998349,0.048151152248162,0.0915068693615361,0.326515104790046,0.505851053186121,0.711286447675298,0.223531285505007,0.175202472141718,0.128899077908093,0.471113179762773,0.368420583262706,0.530740325012796,0.516731997045638,0.177615113681013,0.125329082999495,0.340730849149118,0.550219604567506,1.1573292512847,0.435362852329769,0.278002243938497,0.267471781045878,0.132246936662006,0.0904492801815544,0.965450261507833,0.442729564829436,0.378006490171343,0.287099077054409,0.0145759625271108,0.0429943178871959,0.0823711146590423,0.867657466734451,0.847766740461461,0.209595954576882,0.498906896777351,0.0552978866269032,0.632418219663292,0.527884233575439
15.75,0.465481191806854,0.00983884379133851,0.634319601154341,0.0587383444040824,0.105287972154711,0.018919848131388,0.0825422805123508,0.0911712141150574,0.34893466340863,0.399696675430684,0.656722388845995,0.059693553296969,0.0497530693186458,0.0059780420747337,0.469348359960801,0.18222074554833,0.114465888184673,0.592360810102235,0.341292378044745,0.0668042290006514,0.55685591263094,0.363502346690935,0.0875930646254846,0.00770289418289221,0.373635630290654,0.00579500798945488,0.0333811077581397,0.138414235112155,0.302109702342267,0.186829123700938,0.0861101157490691,0.0895654344393456,0.709647290536282,0.275354846968805,0.257054899125762,0.0672907127301879,0.0393905091962502,0.0638504795601107,0.385135789578027,0.0889710597491929,0.410570376441949,0.0345641452029535,0.00978316151664323,0.0531378011259174,0.18343857873958,0.495374730305876,0.641114749841271,0.0259482021696902,0.0397466048322191,0.104299132300942,0.187597642686166,0.198685472785225,0.796275204175764,0.0370515668245418,0.344194039860288,0.0765766830448081,0.0672271491404994,0.616616866282177,0.642156352433261,0.593416218659507,0.531245448727401,0.978493153243143,0.0920442657964871,0.140125631849704,0.725656351794457
16,0.13722953820009,0.19395881065242,0.254976816025457,0.384271467761632,0.209465683209648,0.788525452537102,0.210958769030435,0.919214078428784,0.182750039088564,0.234219904229054,0.0865191444490208,0.083926423693348,0.361546527619354,1.45478003973362,0.914397083599799,0.35297415796141,0.313527391840252,0.426148809046052,0.284573744872305,0.12673587298124,0.10984545102179,0.470906212552867,0.00156783702941741,0.487907454521168,0.237154169589686,0.088727502120053,0.568881431449713,0.906635814205735,0.0437895397521121,0.0350704161822045,0.738263463431385,0.678426212703766,0.283999209078673,0.482286219146936,0.00740829307610741,0.617144943168541,0.00819779149408454,0.616100198244397,0.243264488683845,0.541241036463561,0.219099215150006,0.215959961647905,0.201381217198736,0.983518442193258,0.0926165850996218,0.988702263888863,0.236341534285277,0.137933499209198,0.479807936900547,0.437086972878356,0.636322732443484,1.03081158208706,0.0748248837489183,0.170996691912732,0.128438239504164,0.134658086349041,0.384754903999284,0.250525745163519,0.952016030426358,0.420169757884361,0.43307842616527,0.360701347822079,0.173468820695481,0.236426391858909,0.370368175544481
16.25,0.57895639706761,0.291926009087548,0.184240172698608,0.15213228326026,0.05300565446754,0.45338146950373,0.291244737849802,1.65976686506164,0.215500045420354,0.868064792870878,0.012472099265677,0.49228165177098,0.124108177050705,0.783444194242585,0.892040995386639,0.630329638449201,0.348972954029609,0.134497398002518,0.496672318866324,0.253682955025554,0.158148702099754,0.266541545770113,0.154761650222323,0.691071862112357,0.0215790911186493,0.113126427307614,0.331991023509893,0.509287268606139,0.168217490363456,0.228521286817674,0.315421391692902,0.176458833823054,0.143931836257235,0.079233277992643,0.152646349738787,0.757481574885528,0.0884921490066122,0.62593092458683,0.359450091913857,0.276707565539716,0.0125738161909028,0.00867633307927289,0.137792040545599,0.848449120765876,0.421829366439786,1.85744855917228,0.054297801146628,0.291489611167592,0.127503303203151,0.141138146887599,0.770048206416036,1.56075571363294,0.352918984287295,0.323183124031322,0.0478260012030613,0.314836191219688,0.211863907967488,0.0537746922328874,1.22201030322154,1.36080170359709,0.19977758805526,0.234333914994141,0.489747736517033,0.297186886941389,0.424608849113096
16.5,0.365566103741971,0.234867653547001,0.113039101621332,0.115190111280784,0.109900127258111,0.213892466761412,0.00416308867928243,0.272817061268995,0.0184438702442288,0.0501405208690839,0.0335219444625967,0.283083574685023,0.034652539851108,0.187799937974791,0.174483005769243,0.0169433276996359,0.446001539714691,0.0728351877914779,0.159472304407812,0.137944997484011,0.039829960973216,0.191617154562459,0.0540851232792693,0.285904598646904,0.0117654610442949,0.0265907689116117,0.0330292787618886,0.110578809744619,0.0910464114070021,0.24079140854231,0.070240313687472,0.0547880474007897,0.0555160578011876,0.0752965232642607,0.0777713682383398,0.565060826965545,0.0770297482439395,0.193418635860297,0.287946596783765,0.404590845513101,0.132390671904453,0.000875134112209537,0.035293188011501,0.222638471324652,0.00613157906129929,0.161782340528061,0.00662760397521228,0.165643242013215,0.00332477857381484,0.0167907206564869,0.0506601716715783,0.0968688206064531,0.382339094932648,0.244642909321092,0.046096734779454,0.105366960614235,0.0633765929520347,0.0416705736525892,0.324844887927827,0.0245721290437578,0.100576852646829,0.0394311574065851,0.161022550480333,0.0758954219354406,0.11609747196393
16.75,0.000721333895517298,0.0596524933193245,0.14313926721468,0.284450483250473,0.0114403221981863,0.128787536723888,0.205261842100358,0.202830427700777,0.360769746177369,0.265569249364505,0.267988601165096,0.146064043248978,0.481470511916265,2.0921985946423,1.25040630165655,0.200492128592743,0.170212909289126,0.177440820425363,0.0919283917879239,0.122151396217273,0.138490991707102,0.256956265302782,0.000663624290821264,0.0116159027368289,0.184238216517558,0.116224042620338,0.431475104029403,0.0222035309815208,0.50329118830518,0.119909127784537,0.937014465614665,0.152862827943455,0.222649231392542,0.285040383946674,0.0126289322708328,0.242403328963499,0.0308455815480471,0.0966820229685272,0.0763467424135899,0.246221381107649,0.154827339384193,0.170912866462944,0.0628497838502556,0.00133943008699737,0.433857708654209,0.940490991828984,0.0935771897719854,0.179702147771101,0.198285302405892,0.0754727564988275,0.714572882353506,0.447876892194088,0.0488913769521281,0.116851256650016,0.322401381495506,0.22381951731415,0.659450566360535,0.00220277973992002,1.32636776676842,0.510259837352556,0.455165025429182,0.0613460881303768,0.00172679596514738,0.16399384035741,0.136953213708231
17,0.681144251514435,0.165548075675993,0.110014701571271,0.347830864572183,0.0793120228071472,0.109757908266966,0.135744021487262,0.83332921474351,0.299903402291503,1.18689905719293,0.442965897142441,0.0553908407010642,0.28001365703456,0.430165131250112,0.0897236750237136,0.82536741300897,0.384083682379383,0.318153351134082,0.0545463751987314,0.437202086977864,0.151491541084767,0.137376573389608,0.115974602276688,0.253632584454429,0.129896812323769,0.0236795626053186,0.00337510275430285,0.331582090427597,0.782644686945728,0.0919069061621566,0.1696595319076,0.0967429188666784,0.173201694673043,0.448735252883861,0.0394221246366883,0.0694843253219833,0.26726402029278,0.546329187036968,0.313444132541416,0.357560430852009,0.00587187496792655,0.0521017153487867,0.184736851076136,0.35726695052813,0.286920640943903,1.463566167634,0.236365238775557,0.0853615150322316,0.0266254402148871,0.135859909035652,0.00267720537252159,0.997881288949124,1.02519750779689,0.12653674958778,0.384135401972125,0.0461157059872005,0.457841859508734,0.137790683974919,0.182229953038547,1.49283654820381,0.175622237394121,0.43281741097687,0.124950048108772,0.744074151729332,0.302113135104657
17.25,0.439640849341199,0.345723216028915,0.256966662245535,0.554700285596417,0.0234533300056686,0.547776845969124,0.247492635340164,0.927955574939802,0.266530006825793,0.528628593759657,0.456295126552794,0.417207856136964,0.266726430127894,0.651805450698941,0.064753318181003,1.01386896801923,0.285311077916109,0.319834756641887,0.390310622496838,0.00512190400677269,0.0477553159853686,0.441781039137029,0.0911643513823924,0.254832995436607,0.326532051160416,0.225133845574741,0.0421584273317741,0.737268748512703,0.16818957825777,0.412927039632912,0.345528634554531,0.288699356443415,0.174904181418279,0.603509869741457,0.0748492982349331,0.675752107068854,0.177098362175755,0.193799259389953,0.310629989349697,0.334627040746494,0.0978539388104121,0.312931468190655,0.0472899097879189,0.566308488000835,0.71974505350642,0.963228017063228,0.51378440186394,0.374243419222744,0.239241522031229,0.376375963927813,0.0910897295500962,1.63478907066566,0.545076471953713,0.403029005758257,0.270645492244463,0.237299697488364,0.168047804028159,0.249026487835009,0.252147829567357,1.16943973820105,0.0061990201859156,0.353722902946491,0.0919067934594638,0.229571891569766,0.299853420608903
17.5,0.0982867251798268,0.213196631611329,0.109140584781966,0.535186331843018,0.285318678244336,0.168887307543615,0.0531315070527473,0.205259169191269,0.0324720729603286,0.203966267357497,0.476277418086098,0.156271454020426,0.599617608663141,1.08480358298924,0.0964846931929172,0.0679957519393616,0.353885829988938,0.454865174474262,0.266819964050578,0.134053747142779,0.0152797350877562,0.304018223097581,0.0568172407106308,0.228502137249435,0.413163724329677,0.0871918724801245,0.112238093904251,0.152849645602872,0.605235676200378,0.120263749761211,0.398412038047601,0.171205669427312,0.138080308353603,0.596086917411269,0.0260707111212175,0.191020061092589,0.0657128210360272,0.101279230778255,0.192930973318659,0.313572088809404,0.314874974466378,0.204515131417624,0.0292003909379874,0.258758616197243,0.11867507900358,0.140830000521451,0.296681293193378,0.228754005250075,0.538311777510352,0.139970287186808,0.0417839325451244,0.174808549121267,0.357109255569204,0.222458583131511,0.504640652857843,0.0810287143665316,0.33310728319454,0.0808812411763946,0.0207157978207118,0.209469775234019,0.0316969413287747,0.031646402110851,0.141158956895733,0.104165461271982,0.265486870346674
17.75,0.0590511505224318,0.612413743466298,0.702412515539369,0.548567215194158,0.458392913581294,0.0435542134694518,0.632174160677883,0.786544911515391,1.22663686445459,0.845001311390572,0.0677867275047686,0.453072749536051,0.151277296617926,1.17496630946477,0.639805447179786,0.356317902640131,0.507695305683327,0.766895572715686,0.276241597357394,0.883989611859055,1.10030127641722,0.352650823129712,0.254313635611958,0.483132224231147,0.299184577601368,0.199411879489083,0.0337619332111428,0.109519667152659,0.134137346087761,0.163500841487094,0.0141501501754176,0.183416548227772,1.06278260706637,0.71576315956967,0.498432161628856,0.190530784478056,0.574681665872378,0.755730951563947,0.358082717866893,0.799144808080831,1.07953133747252,0.377329307594563,0.167103446985057,0.312656763525454,1.09260938373734,1.02222171317178,0.384827471218512,0.495008246284749,0.169271067727179,0.0491851425340613,0.596617374833972,0.72179352517927,0.0757642934082078,0.626718486701904,0.180786802178593,0.148850380083473,0.0770768594479733,0.17989941507039,1.01825953548484,0.572441523929843,0.434993514686509,0.263999642982075,0.37059600976303,1.23886585169085,0.466563889799764
18,0.247890244285206,0.76341395865175,0.894111157347483,0.72954378976698,0.00646157727771672,0.0690950260747004,1.04903814606214,0.603672988276262,1.11949402830479,0.986118531945698,0.0812260238283905,0.728681734780369,0.218755002130544,0.948913207791681,1.50402923715742,0.438968808477762,0.886465741332245,0.875661443729884,0.134410013252835,0.319516509762953,0.616648348769518,0.161911649195447,0.295760217236148,0.156381260001879,0.24827962687987,0.23012504587169,0.30022796458812,0.472314456576237,0.256561303313745,0.549136109364218,0.201484474437128,0.631542941610498,1.18151860643704,0.587203346440769,0.0922967947180718,0.0969642799925462,0.525221547438332,0.307111715570335,0.735833863021707,1.15996615901309,0.519370532402014,0.153210434148017,0.327928193871636,0.2040463686536,1.21190609330454,1.41498545294256,0.247236443780454,0.81808471267327,0.0956710654575695,0.263705500706878,1.52326647165338,0.691195992384311,0.09971869782813,0.852001677169222,0.182849825739442,0.59531790655355,0.160947501726735,0.685011765326649,2.77787465984652,0.809884436893592,0.423340545778382,0.372145145003818,0.147207798435133,0.614024046995848,0.540713920455551
18.25,0.13866636463805,0.170068976778392,0.216308673119162,0.0555210053922971,0.106836246608874,0.229806281528961,0.0295185063118274,0.646174002312213,0.00918316359972599,0.275844785268038,0.40534763913795,0.0719242810383682,0.642318591189988,0.605874422112993,0.0220847063548744,0.396072069870595,0.0425581657985365,0.139509164457974,0.406403522223998,0.143558546797484,0.0445925668618787,0.215708680882926,0.0660267057019445,0.38338480183595,0.487724173174712,0.00247075102803529,0.163766131911182,0.114022454402077,0.615351127668153,0.251571321911368,0.351752244597671,0.069146873337773,0.0791111978985181,0.157166411892695,0.0227190794028981,0.527475695638363,0.0484881303525792,0.392871904785011,0.0977227740988306,0.00648688744489687,0.232380700760553,0.0866286976156773,0.00765603721398962,0.318090791115285,0.031250269574925,1.00249206755403,0.583448649966155,0.00456470522651858,0.472869339447105,0.00546608101543049,0.0170429453262176,0.967714339827563,0.20013656171485,0.170602037740423,0.567145706816454,0.0731194445454817,0.49512572971121,0.365390724067792,0.0124843505562477,0.676732604799298,0.111169750540334,0.0832834768397441,0.21391846694964,0.131953458572459,0.105156994974265
18.5,0.148829412977004,0.143990765324906,0.0634345658975213,0.130020606286845,0.239319058828565,0.0629011379492574,0.328877685536679,0.129487553101135,0.0241745106175547,0.043791799035663,0.275320354321013,0.1914047362801,0.373507662674691,0.152590941025951,0.453748878576035,0.110584952009879,0.115508316186449,0.145514407660149,0.545981775248335,0.0992524488255228,0.152332734394516,0.135066502319132,0.458601163888306,0.126798950248846,0.15911961261525,0.060197975971585,0.330026715795231,0.0518918733375996,0.396111745339381,0.0134791101603384,0.420279907616186,0.00290644200408745,0.212159177111676,0.0978927627721924,0.356589963760236,0.363027598365886,0.352341249070017,0.0155441609983227,0.13904854831423,0.104499299899419,0.00649775047345193,0.0482304584131971,0.420174524565291,0.0379158242415351,0.0486454229121502,0.138659843149831,0.174598604868826,0.241810369817675,0.141935352848647,0.0531512679728557,0.316797914217015,0.249006777593131,0.175743412506211,0.177199360002764,0.324691671522565,0.0941966774718245,0.293858517882031,0.122633636637376,0.30681778897398,0.0270248908268112,0.239119846129362,0.0243227087080555,0.316100781674688,0.0133746816818188,0.194587554878495
18.75,0.307641741441894,0.477046659527108,0.00266786982809533,0.192734837306283,0.228602764266225,0.444724425284265,0.293741259541422,0.0881847149556399,0.0155238952196005,0.0355618119705379,0.558941422568876,0.221929957730597,0.182879725901673,0.463009024234905,0.0537901709008063,0.728748493006976,0.2827719222555,0.169709330112694,0.653021219111871,0.449325152782223,0.279436119991262,0.483505818312651,0.613208865090839,0.913426515671767,0.229636083260658,0.0127331568109611,0.105370730996482,0.258169442288121,0.433790903465693,0.221820798410317,0.0802921817394681,0.372095921324216,0.154244871551633,0.282322744379455,0.407360328792632,1.19570803483231,0.579511575473387,0.343952163163336,0.0648278963776357,0.368977109187301,0.0137790352206618,0.0532782648057635,0.369665694020531,0.437779084483137,0.110495031349571,0.0962466680192313,0.391437106230487,0.214387299448103,0.0424876537761636,0.1321291189094,0.0938577670312746,0.234345369074078,0.436508866941486,0.482916327318112,0.343396236390795,0.104081124297404,0.143208771817093,0.203214970489496,0.208829715881664,0.47110615076795,0.0219776785992266,0.320279721803742,0.804375875455447,0.0514441677098025,0.416702577481177
19,0.10749672230227,0.136253139984065,0.403162314396738,0.352852910926834,0.346081466649858,0.0643046272859967,0.16325983356388,0.641270144269726,0.571230892222152,0.897952140533765,0.486618841205406,0.0242753961124346,0.118502361303647,0.0810862662280064,0.282922303133886,0.49431518197522,0.275860794149614,0.240003175021276,0.0145606174108048,0.287289126529178,0.340349692609293,0.0387251101816515,0.0599761826061863,0.226875702717327,0.350404905227491,0.0739768425480897,0.0314334161927245,0.0082402124267639,0.190810583191028,0.0461681685038697,0.00527093350276819,0.165497289681392,0.27305160384241,0.263909903662794,0.144909906663546,0.161375927913588,0.164156604562411,0.448407051532959,0.221483611177389,0.329039377270972,0.491549931665331,0.0582701978800405,0.0971079396920277,0.190984940689055,0.637789777732266,2.12544316639177,0.535831270729838,0.109618771095408,0.168515655873677,0.015195756033304,0.195843946471785,0.536397437141106,0.298005752721327,0.103946021122672,0.27498315161169,0.0311087368839202,0.02429617343422,0.152542328028187,0.940231534257366,0.901587115744037,0.222487744857006,0.392193566876984,0.120961296243018,0.649997781189405,0.100827732763083
19.25,0.335627184182828,0.122096997211811,0.143512805174408,0.112258870370192,0.0513531632178693,0.00502268762479332,0.64245225335167,0.0250776046936222,0.945869451345429,0.148987706604856,0.731471461063816,0.121288716625328,0.380957888022206,0.264951950525804,0.806246895082049,0.00464858979757733,0.0427629278111459,0.0422313461695569,0.0601159299597273,0.0691395408050773,0.0101842703130272,0.26380213174698,0.0923135785396426,0.0118911001150602,0.302241226711625,0.0581299867860512,0.249969991395609,0.0399277057503055,0.676955301121875,0.0321512651610062,0.297983091843422,0.133324132137673,0.0345458405290706,0.135773381651932,0.0324829376940237,0.132682341137692,0.271334940162425,0.00684878390456048,0.152209290040535,0.0990664561315151,0.0531811593852187,0.0717659468752125,0.273215880169071,0.0127939954788451,1.02228725077312,0.199904730174013,0.394868561330939,0.144381035875983,0.182257483988862,0.0228669617961611,0.895840844755006,0.0673019541416385,0.495846572476379,0.11908612136468,0.478695676528584,0.111948537687141,0.183308018142729,0.124404107074957,2.01609205206745,0.0898294043385039,0.178519894918625,0.174026898614028,0.016009288474049,0.195613099924578,0.146122536714877
19.5,0.298999021224894,0.227887729822859,0.340313716934986,0.249855600409915,0.342067129124714,0.0429335807727262,0.139200489035537,0.35620778435378,0.462610019477864,0.224179864921178,0.235641608489897,0.0833199072067811,0.927983668371727,0.187526366904522,0.495915345804606,0.727696532053389,0.402370021330122,0.38255963661921,0.169858473799572,0.516386776350176,0.252952318723693,0.0210556326504765,0.075411971637957,0.324232598659637,0.220991563020905,0.0402835775816599,0.751423573900699,0.0960935886881405,0.544247633693387,0.00168700573258759,0.882927225098694,0.0809035508363288,0.42269957301567,0.153357839137033,0.0594485121609329,0.087029468210606,0.253718839700097,0.3978919482439,0.35624236291403,0.165345552829232,0.170511806380661,0.000644285440181289,0.206440900334603,0.162809989910677,0.529755235723825,0.88949023472297,0.510467244512488,0.0850851831685385,0.791284509582225,0.0294197271392791,0.301579463358111,0.582914790619364,0.250453994203859,0.128323089365654,0.335505320055915,0.0286896238442806,0.761382436490065,0.209481587708641,0.362994382398037,0.528460354156554,0.253420278250946,0.192896429650094,0.286993632674271,0.645818971327621,0.241840102368094
19.75,0.61819464890096,0.302987444527572,0.593021233522943,0.395026173299391,0.402910575128582,0.163987622363836,0.0289338347958692,1.01939226515938,0.223423670396503,0.735636541333208,1.25513354652855,0.713083160139082,0.0706580521863188,0.970684355510799,0.404849460099596,1.87071319814862,0.452282361646901,0.491576730396869,0.0708032119437765,0.173461420967153,0.464628196293671,0.501058508369604,0.0602488068412956,0.0441834664174288,0.472392712428376,0.599993252542765,0.0337979139606669,0.420920621106974,0.375198959547599,0.638126298213875,0.0354925162125349,0.68354700276241,0.451147632888602,0.460473367093235,0.3114401818887,0.114986024638821,0.0175210262807558,0.47600220932955,0.537418192963155,0.312950288957673,0.491271738630191,0.528663733871012,0.12744671628634,0.227363359884315,0.457574630309375,1.67540049296405,1.52730607158167,0.731667748692258,0.121290848975595,0.298326732249062,0.166291555496958,1.54172249737219,1.34134150078015,0.480238910400839,0.401340289010364,0.776712974359126,0.101962720585163,0.291450961712836,1.04530894278207,1.23643466586386,0.101094509319365,0.357302624089948,0.000326179716529796,0.565881127747237,0.450865683155217
20,0.0620818888754749,0.252068625782618,0.340087706839333,0.516334494777799,0.149595517152558,0.149708655744083,0.00807178675701471,0.383160690900055,1.01286650930714,2.59713522479562,0.0847010095758727,0.318417382546063,0.106125911103396,0.0352893176330545,0.716539793896969,0.625360896827504,0.356408316250244,0.841044458528212,0.238855536663589,0.0916390912916137,0.43320574996716,0.810444439929999,0.0972690155149199,0.0813307883680519,0.0725885488438015,0.306378874200523,0.0629155340862312,0.0349838173119575,0.100923562090064,0.248614440521546,0.326159771842188,0.138494693865328,0.625646355605448,0.80479753163562,0.156592859700693,0.215914297331072,0.101988434490785,0.130597587420059,0.263413031572547,0.578863910651335,0.191921868558625,0.575545027638232,0.0338475013441046,0.00632586623991723,0.174438291526554,3.75221584611059,0.472532849824881,0.412503929601103,0.0857618602063358,0.213308693728773,0.243546066873967,1.13463385787442,0.111442393531303,0.307936867906936,0.0140036086687822,0.291444355203362,0.62403990512875,0.370189023028319,1.30526998897038,2.71196477670591,0.80444471620167,0.522160736682246,0.215873673581625,0.323889429252798,0.762843809217222
20.25,0.555857290562259,0.986382688989888,1.02175812381349,1.45003400973715,0.508261673916232,0.955614425159607,0.841605616991273,2.59044815880905,1.71349315716377,4.7888295508572,0.759517177714895,0.868934697505791,0.641794748212813,0.152891597656974,0.750842670828574,0.319789933585989,0.859249752350279,0.615589417133244,0.390196979165527,0.955951070463838,0.322146998949012,1.22613043401489,0.115987699275155,0.658693486679081,0.938932949482963,0.562922589108824,0.3510693015011,0.213694635241991,0.778040800785219,0.527316811259698,0.354849464076375,0.0100950218984838,0.619496875478129,0.790584899713568,0.0826076843193023,1.34836086240482,0.625171719353328,1.6325859976221,0.806073434079853,1.20810657743447,0.666632993635161,0.874886541281707,0.435482264775661,0.664907182615925,1.48489885047356,8.61372680785161,1.33993498954528,0.950079826412578,0.606426957634,0.249984852541998,0.869789093985569,2.04388650116168,0.533352576173796,0.992589151594345,0.807844444026082,0.511787579097169,0.768544734914318,0.24041738708614,2.55664328082245,2.25613887713619,0.675388404546158,0.0712527605098756,0.267326891177575,3.04309175107804,0.529318601615343
20.5,0.0427692413639792,0.0127029228079221,0.0180889853639003,0.363339596363692,0.636347045825293,0.120778737027276,0.0653644363833452,0.00454619660324466,0.527108355056314,0.0464892513055127,0.178436378543515,0.00793787596539384,0.24039035977898,2.1028633840598,0.004555282706153,0.247593957635895,0.0713175834895794,0.109043861738577,0.174779859945009,0.205303536953363,0.154186256178531,0.208536244472078,0.0858993144103367,0.185920564534867,0.0799355100016694,0.0500528241152,0.144564334639589,0.0100869381079311,0.40276834586121,0.135713199108505,0.15575686620224,0.110336340078169,0.105094596666661,0.190058548182711,0.324206036699819,0.203574086030155,0.0336745648891104,0.154739512730372,0.017523409400579,0.0446065542410143,0.17042621444484,0.134939313686241,0.304404246715553,0.0409928091563777,0.297836257881037,0.182560523907654,0.0421232709235613,0.0820377045870442,0.207785706232337,0.0195221820320627,0.0671708029789828,0.17892673537979,0.140741986281514,0.0132536147456866,0.186070102863157,0.0104535646851717,0.180209795289487,0.0502189389988567,0.299771800269542,0.15830869986978,0.00969765226956653,0.0588097914466109,0.141157343760493,0.382440600838143,0.101706770870732
20.75,0.0264505801217832,0.0831032101239324,0.124906860691942,0.0806103154671917,0.204345326188033,0.181803568870648,0.438398760706843,0.496470286627522,1.11743597662986,0.559512364333499,0.165386696848249,0.142229827991511,0.213904746049822,1.19302199382049,0.467893185712518,0.0652824186730058,0.110423003844297,0.146641181955005,0.140414072036784,0.178812784726318,0.260163068997817,0.331847015553197,0.0822114403611827,0.0543850048020499,0.261495208188796,0.138468954235333,0.137451444873152,0.201172946671786,0.144460652864232,0.129920797958714,0.118206979233387,0.272295946125431,0.20231298513329,0.105182933227068,0.122191508705052,0.191181813084567,0.289331075659943,0.360374245828244,0.0799225570585649,0.0213196907209227,0.219978789247511,0.0754183614100794,0.1190477587623,0.134179999984133,0.708283414246882,1.29996920142835,0.135056986385181,0.127906879240567,0.266074821962375,0.158894636533523,0.577155808629437,0.43697641398614,0.175428357349557,0.124612301520308,0.236685346427106,0.19163866576482,0.0753817971739583,0.244246415984473,1.63695832187502,0.303012124161555,0.168808828438948,0.0433940724116021,0.0455469599604801,0.617867784457317,0.382124787499267
21,0.389504914824642,0.0880501832704566,0.88049485239473,0.698326637823298,0.188281841027244,0.290283104967488,0.391379275089826,0.0682337664509692,2.73352677367344,1.20915711955623,0.471511640500537,0.0837370034982664,0.376763072106026,0.0943769195382114,1.28979458811483,0.513584509546516,0.481099754325167,0.469821226610118,0.285341452188961,0.0111561040027163,0.721887655736381,0.359793576561913,0.0253182049919458,0.166770943769086,0.473902059333716,0.108679053377265,0.132759538858952,0.00329859590581525,0.607825330486199,0.0564649302730479,0.333561628339275,0.0553073588174405,0.751226072603616,0.390056837208375,0.186572799130117,0.437955590617198,0.0919457147185381,0.0260725750069155,0.53790035124636,0.307417440205539,0.760361518601206,0.187266809513344,0.0163219957824775,0.0361236170398835,1.4033609460678,0.570716550484415,0.818681869065851,0.259338710142718,0.23262787973194,0.087766148717075,0.851952314103569,0.262196345051729,0.405547694526867,0.075089475926108,0.441206838890559,0.0909662767852269,0.370903208858065,0.149775065493419,3.37133129003399,0.938005853917934,1.3422743272329,1.01242020159879,0.048825940191399,0.58168093277099,0.412887089232168
21.25,0.618027840975541,0.897426745134831,0.430377015576394,1.01211716226736,0.391561623824088,0.223248546538793,0.557190529056299,1.03244672727885,0.965177799870343,1.11358066439199,0.60772385404451,0.776798658900113,0.0267423710954539,0.278673587220687,0.585545428940377,0.783760839915561,0.558855720018156,0.69162975371541,0.0690654413129453,0.0892649850518092,0.195706739584779,0.530673570865505,0.14361536395932,0.0444942714493893,0.0972671025777517,0.424564548604785,0.460103691492884,0.22157416413963,0.27298069612962,0.248632888754206,0.165199498056608,0.0750547753014524,0.639046272910905,0.870612857405278,0.0186835357470497,0.168130026938343,0.238592413789787,0.331012581469323,0.592588524733636,0.689565076952718,0.0184386542607271,0.538547707277286,0.465162874793757,0.279904388962493,0.886936915874706,2.74714136281145,0.642098349556348,1.05071043532684,0.12045615475702,0.0687723276000106,0.642735715331322,1.27924951771039,0.793568451863184,0.978876912425034,0.140245727372585,0.288825624185547,0.0831099565630638,0.108606162477063,1.02448054808847,1.39134695018931,0.296559294501997,0.367120049813374,0.0106589201663625,0.581462304889604,0.521091173908206
21.5,0.457614512446644,0.204289613149671,0.141325930422188,0.0383119678613135,0.409351313871849,1.91243667264878,0.229532595036357,0.737195302639504,0.0842919493733948,0.0849011876217522,0.61356345616258,0.0203661458038607,0.558646922678484,0.8896594281876,0.108314003989267,0.476743025173958,0.101843823624589,0.105865429011255,0.157680307774042,0.586486986319627,0.073380069945279,0.171366085907274,0.137509867593156,0.918367719026538,0.558135485937118,0.124879840801633,0.298751413817963,0.96742240784388,0.75720555898351,0.000953288457689371,0.307394604158038,0.0999265725497256,0.165024646862373,0.175409670455948,0.0289608464186885,0.948954794341583,0.319638428400953,0.746203842350242,0.117668982215418,0.17384108593766,0.282878031079047,0.140801322087026,0.201745136638746,1.41197137939674,0.418999127554906,0.250262916958288,0.486367450060963,0.00103460331145352,0.546924498631185,0.93857619883587,0.17549087915715,0.558774462677782,0.569327108787142,0.0923586073319013,0.601219731134364,0.0351364582786679,0.36014622684602,0.0827090682521364,0.173296489516114,0.223555092934631,0.126514816070174,0.263950616471271,0.353621248806794,0.488066556924255,0.0752054988478433
21.75,0.485213444808003,0.23372305928716,0.26257663542784,0.819757374641884,2.600759130381,0.470456361303373,1.70716527822303,0.443804756063877,0.517547730785001,0.801176293330232,0.547015441773151,0.174890258360038,1.03211092168874,4.17402322294249,1.70706545462036,0.967920009579073,0.277911146432466,0.387141237085469,0.176539310849951,0.20326346634855,0.0243324073057657,0.3531599420403,0.620723203904606,0.0718484047513919,0.709618795936698,0.333263440374443,2.2997911979035,0.245762391176265,0.356700505507394,0.0919450660320249,1.25888599384084,0.581864904720762,0.177139060833944,0.417773597430969,0.165175252769421,0.222645612129897,0.835362334676531,0.0774102258969016,0.315461000018675,0.422177489076864,0.65002479397059,0.228218169611938,2.43116746672186,0.185026617094925,1.05137195158754,1.61044271224236,0.51858840399643,0.37535949398802,1.98495285366245,0.165952352438791,1.9191572704708,1.19258667547078,0.609231088205291,0.172847799129931,0.573334056023583,0.204332640357537,0.463513031955809,0.198045505020099,2.04785811405802,1.67615274911474,0.410112804516127,0.381672599264808,0.0389471091541101,0.0877444737709297,0.280678464981513
22,0.187866157241661,0.0846378822852921,0.747647971551502,0.486266577336012,0.289530191003854,0.17890214104429,0.197182961507918,1.20103019422625,0.858852851755769,3.23226216280561,0.375834022532325,0.0576543263499895,0.0245328415935512,0.0942097055451008,0.379092490126054,1.89627378755511,0.406649224459645,1.32925440352,1.09264503094593,0.165697858369166,1.39858777330116,1.25948108966204,0.204068989533889,0.106107087561418,0.276158426471711,0.0548280427136681,0.0312361830264988,0.289844993267625,0.0234914298673126,0.053585791407102,0.144565950014737,0.368331050965838,1.18868099102481,0.858429478157582,0.826558288676723,0.834317456302745,0.137941337593171,0.278715134578665,0.531260862171579,0.147030565492062,0.687079469260914,0.320476496284552,0.105352909592524,0.0819539693875469,0.558973163031245,4.2271728014222,0.726362097221744,0.128389437544149,0.0340450034386627,0.00265637679092656,0.199621184349961,2.5042150185154,0.441839189094972,0.0548071601913946,0.0994508914342654,0.0247382105066126,0.145371499014097,0.689301237276733,0.532098006043946,4.45999743717113,0.590920836436804,1.60605793612113,0.265626426263258,0.766426014894986,1.82594211693697
22.25,0.385582765605965,0.0719724370196934,0.0725962807808853,0.226160818544698,0.0659849385492131,0.116917760250515,0.213586278133787,0.438458927605871,0.425117926671328,1.23936615545008,0.1784581112764,0.0903296432965366,0.0433075740182249,3.96743944684541,0.166126038413768,0.0807466613086879,0.12493819281485,0.046934379175594,0.0326789477817449,0.286290915380783,0.118118625310983,0.138817644743725,0.0390796031486558,0.126835526678327,0.0709183908042117,0.0976709262327529,0.0724360699779135,0.0213995613411183,0.122448616936378,0.233754063299544,0.0444474205187367,0.276966775026941,0.0493759403932387,0.0990357664964755,0.0467795751420268,0.137689080953482,0.168646817643647,0.259498816586306,0.103698416807189,0.105611332137208,0.12550586235267,0.0784986875036246,0.138021896240515,0.0794280722068152,0.389692613736381,1.62334699760349,0.150425673739556,0.105326054991864,0.0406894827382207,0.148595685395607,0.263250419389404,0.581299022629159,0.347421509790543,0.0678043675419134,0.101339973204643,0.175966777289802,0.0949710331879886,0.307391662058553,0.501524142138308,0.96968385663764,0.105692212079028,0.13004973279666,0.0405162013296693,0.344125907091645,0.122294023077054
22.5,0.385221811484933,0.322813097409095,0.158159868928836,0.955744429828552,0.0626330318261233,0.0603225095285137,0.169376869758296,0.746804168579934,0.26792416786992,1.2817513745324,0.0442435663366922,0.43348863353427,0.0188060417683922,1.38622605643875,0.0490793992455139,0.626335388397122,0.394238903410831,0.478655171804755,0.124466339306848,0.32487753115435,0.170270000292763,0.493913447978986,0.13325251901158,0.0118982684883153,0.0173263895907214,0.178312745215572,0.0208073413100877,0.0926953274654689,0.106306602209852,0.218333595828063,0.00328030254264314,0.149913619000223,0.305126505652481,0.632257373703944,0.0594778018991869,0.125125990974364,0.188861108857397,0.364791950409258,0.245654972057028,0.512048392611104,0.029580998699173,0.35636727427456,0.125931447062939,0.0803452230272039,0.259263632803158,1.90308813274797,0.0340317108995798,0.621114492883319,0.00101694592402183,0.0725886832564874,0.0786731150129455,1.10028265168589,0.267657745162093,0.406528601694285,0.0365549497004193,0.0995373414848096,0.0739578116789198,0.317009727268585,0.144828106447517,1.26265944668868,0.0621154692768541,0.516436454274702,0.0610690221402898,0.698521665712275,0.405407400221991
22.75,0.443120451572829,0.557754851684545,0.230292311431143,0.374945558651567,0.354004254821847,2.53164278729257,0.478993768853268,1.25292177861605,1.34136368295424,0.145139696584166,0.260302181337303,0.217376766281138,0.555780300770814,1.7079674444511,1.7497669521866,1.00468772830178,0.401609926048657,0.460295422523027,1.00975679115585,0.167068713557184,0.226090378760298,0.320713200079034,0.0642797269147533,2.26634444730308,0.0707073238488698,0.0161959618648685,0.855989926377443,1.50300094553496,0.279458436240713,0.128801755032858,1.25271384128288,0.496800648982787,0.27905401049999,0.474938340398862,0.301151108449196,2.29453436722787,0.0275460366690264,0.964644309034038,0.397320553618487,0.678287274511561,0.0730954052500441,0.0889543751978866,0.307388209392481,2.66893441635044,0.827559628726874,0.21728351263768,0.283146572340111,0.353877976690057,0.280070964917533,0.677136705386875,1.13208758761159,1.38029925845539,0.466708661613617,0.493060764496302,0.198665676115867,0.00164276200166846,0.730277830143326,0.168574154830789,2.03483997974397,0.613807780445762,1.02676036601684,0.105981525170746,0.656799558637886,0.0261828829927011,0.450154895074958
23,0.016201968274292,0.00041227525336188,0.2362851383865,0.0452950747624183,0.365384163329447,0.564603131448329,0.0229046986875154,0.222748490590198,0.0188437756378625,0.0518756310647726,0.117514508576275,0.0714082999635162,0.13746509735682,0.0402880813277433,0.142610651717752,0.261138699999615,0.0816966578535624,0.189202012508538,0.0728325054402228,0.106237050956863,0.51755803610697,0.087668883754523,0.0594200451206042,0.187309083843229,0.206100420663451,0.276022663893969,0.215280347359555,0.325346111220979,0.0666920875660996,0.095131052174753,0.118407795631618,0.158592702146199,0.252364535160085,0.0453166753495131,0.154383424228114,0.215522056822539,0.0494458438758572,0.153854627947432,0.0846828711236959,0.00599693855530039,0.275389962323802,0.120265688444311,0.130660026659142,0.380468050383412,0.00715899088001911,0.31280266179164,0.174052831642751,0.0308102031494401,0.246914276563706,0.482038802300184,0.0776504000804861,0.24590616687213,0.0709888296900164,0.0189272881754866,0.135921675947982,0.403251935330567,0.0533768228685372,0.399805831351468,0.224597854987409,0.12975063722783,0.0101038772951668,0.186116736364465,0.0108121337869363,0.222385613474491,0.261862682454969
23.25,0.414354660736183,0.277311216990507,0.721876789182602,0.932379600962566,0.69272945126385,1.51852721175851,0.658389492135385,1.06051134176921,0.452964482805649,1.17910395585114,0.315087422601473,0.33525547053019,0.413712226502269,10.9471524357429,0.805115455809762,0.738237602327744,0.818890475493736,1.37140963633181,0.363384583782108,0.503046983751866,1.14955376497346,1.62743944453254,0.283510375145749,0.480247245161074,0.323000404465277,0.633549591452848,0.733025081929659,0.783573192319284,0.156664414344851,0.295543522417207,0.428294254786642,1.42522666398577,0.994353692384378,1.42709447010677,0.433563003897533,0.673897761588966,0.440261857112766,0.727884038697216,0.643159459962018,0.678483414086778,0.530082373449121,0.980199838219133,0.652060393387795,1.10494563004412,0.629220122554581,1.78507526217664,0.425504047875126,0.445338930345937,0.675555033804353,0.551698867106178,0.635287992041075,1.17986485933236,0.403458737587031,0.23517409968925,0.254236426040608,0.496103098861914,0.300610278031232,0.161409019385027,0.74025405473023,1.14849868468635,0.423067967409733,0.363096480632973,0.0560773606138031,0.899653728407692,1.71722607536505
23.5,0.406295495311221,0.170080587251289,0.159737608437311,0.376536331724666,1.75529247909237,0.0862349258273295,0.568509482233984,0.169532972031217,0.192746016425643,0.123059881725157,0.265909319430515,0.0466497852950368,0.278057622474134,1.4259135584501,0.489419838919109,0.0142639873585007,0.209831449743861,0.239318951165624,0.243642529061849,0.0214615185482341,0.241397730483396,0.379958925509156,0.364700180433703,0.0770887121197628,0.00333252887056583,0.0103545640454098,1.40365484062528,0.00651979803464568,0.195550315731773,0.0304026357791705,0.674429457950578,0.156973219758721,0.275102987441185,0.271288835162775,0.16937862912145,0.204164779229812,0.2117589683907,0.126349423714079,0.212328893935905,0.232339335271346,0.112938002491785,0.149394942637065,1.60225038627395,0.0565016304080781,0.206550592381603,0.55864160661453,0.193972455526329,0.191140593768234,0.745958721105988,0.00907779823039348,0.688472847006044,0.12525159397971,0.510656938083287,0.114309433304074,0.0667087464748608,0.0349964310129266,0.262099530324839,0.136687930482748,0.343198479805364,0.0949559657601096,0.223218726172958,0.0717228574769919,0.0373232179345596,0.0442040560929917,0.454731930609702
23.75,0.769575169736192,0.765692505296543,1.69639684135879,0.517711667732639,0.756002523924927,0.549380372977747,1.66848023906897,0.276888394401087,1.06194918338289,0.0248346195099426,0.943556993204077,0.215877365660149,0.0533853988655403,2.36029979858117,1.56847708263445,0.0301910284703202,0.826345955912461,1.15447740689804,0.0220264993306543,0.761068861546038,1.13447288860525,0.17097205168822,0.781609642034355,0.487432066501768,0.555154973067887,0.011098122184189,1.07518929443521,0.188864939932121,0.181064335979007,0.145420748349908,0.413777417859668,0.110949340652957,1.38525638357385,0.675978938501785,0.0192927873236893,0.111088421892367,1.15926369630032,0.472972523543025,1.10287732277975,0.669231933408991,0.509556890050426,0.0235735823555099,1.84615617843875,0.496996284762074,1.43743479657576,0.129182703231847,1.75715276262777,0.275856386214762,0.130376782511186,0.180387694773771,1.56083507899437,0.0492642908312672,0.838300605928569,0.49262256291781,0.31692296470248,0.0196349872638345,0.0926211734207093,0.0202370728942824,2.2174366923658,0.0118818244890318,0.518792059088723,0.335728946771098,0.446322960713981,0.580053691516691,0.857750057752352
24,0.313918280916758,0.0429064356126397,0.474439921982836,0.0759856926100369,0.216353479845334,0.371084201954633,0.314483134800283,0.39200394011927,0.187706070964901,0.163105591123204,0.499093597623478,0.0432053760083457,0.304225371788831,5.924575352482,0.446582739761703,0.20742701652055,0.158123922809439,0.176027739026473,0.128722152375872,0.154986155510041,0.336144069054478,0.0510825826683322,0.105474851262243,0.395964639031798,0.327379650738285,0.0646915542786347,0.391740732388607,0.277841109978837,0.337972525168197,0.0109351140262624,0.239948471928918,0.458491536642813,0.410550005521216,0.0451539158607817,0.0364529885377693,0.354795004526915,0.197642109024181,0.247317661191157,0.333450921184046,0.0294429271168608,0.521705177328198,0.126991270576346,0.238723238821436,0.459611281981256,0.327040008178675,0.547139497061091,0.375490314705044,0.0627709525243828,0.360423657380157,0.137096289054044,0.416139306796193,0.561240068995727,0.39366892803366,0.0173349443201516,0.27024752296894,0.124470918667485,0.184871094550322,0.0669080349450761,0.497979528992013,0.364675332286448,0.183842108682547,0.00549157971840985,0.165790237255802,0.0173844409953473,0.0393689439845849
24.25,0.453568671589572,0.536740964160801,0.0882848060025631,0.253788166775481,0.565024471043749,0.365476646352539,0.497233095952694,0.195376274753249,0.203316410775581,0.307648653661459,0.261854751030809,0.313221989762541,0.0382670666900854,6.81152730282708,0.314366947420021,0.278743192023474,0.157081376417298,0.171614905074705,0.102924551204547,0.338693644537706,0.0552404059989521,0.730893791954873,0.313858819380289,0.00337542333554465,0.0260894493576972,0.306810641785886,0.465051347416815,0.00122033868425655,0.137337440106444,0.937846046272611,0.15700840373156,0.273831491624572,0.0987993800688811,0.332652506971469,0.0718360982531628,0.46972036237587,0.431293668976187,0.172884187940858,0.164158904877295,0.307134098248557,0.0670259863351455,0.57919154163217,0.607562518746162,0.0112552601267366,0.511407341975293,0.800470313564041,0.1858807629949,0.362402989070375,0.246931167852292,0.209382988874401,0.397708359935169,0.277613790229862,0.323752895652927,0.51498910069197,0.0479272267821496,0.323845875303925,0.0198390775835608,0.000444638339688199,0.423094803047041,0.386497203209964,0.0417701515096252,0.174803353140259,0.0279202996389479,0.547991996307065,0.305993092748272
24.5,0.464740350455632,0.154596553500881,0.0654089665393787,0.0542829908112382,0.325228656686768,0.1341971914471,0.0636700548999158,0.0432290971777662,0.00499237256149482,0.0754364807097243,0.659855946354364,0.0217795788367864,0.48480889408395,8.85827955919875,0.0525081736255374,0.0345381486624897,0.0077914789722123,0.0363379453937349,0.219736867799764,0.228257759363674,0.00598900919283254,0.224157714606643,0.108676630719428,0.246048819786111,0.224546769921958,0.00706569800883294,0.346379382771048,0.000983379616817568,0.694916444108683,0.148666447159535,0.293092103481896,0.171812433981513,0.00407946344714561,0.0691280992871855,0.0332325985026391,0.275796160641161,0.123709287269998,0.216174329999376,0.111864099104212,0.00058453403842203,0.0916250341585358,0.0726623651631446,0.223875827540928,0.0977537009868264,0.119368641231919,0.000489195941884952,0.279753970794441,0.015073143617627,0.410212049598309,0.0781114554325268,0.0844228619409549,0.00373585207535062,0.861163917416991,0.0803141607199321,0.466840442683129,0.00127870890594073,0.221609645891586,0.295210301418372,0.0592858342067923,0.0403313977443927,0.0759891222573336,0.0884438134993364,0.282419205398738,0.13184353079431,0.114344773046716
24.75,0.182966293933606,0.104825092101332,0.179251116055396,0.0759903341451524,0.160584529260631,0.045806713878389,0.10816576773563,0.176196784473143,0.191310739047171,0.475518763703501,0.274493107595404,0.0237419841111992,0.0456711856191357,3.65319351057432,0.0895899699290681,0.108320547525203,0.040187155818192,0.0132900137367945,0.188757008938535,0.0861827418115735,0.1184072101321,0.00964150898738593,0.211143780714253,0.0585706775670605,0.198860842187662,0.000800444682206983,0.0381960098866073,0.0222172051808207,0.172820393026176,0.0586069654206588,0.000619575830994446,0.168468209821464,0.0496722837951535,0.0207368042327678,0.208845850517585,0.0641933003642379,0.0949871935098359,0.112975572410525,0.0912886950775396,0.0277508555015104,0.146918521290741,0.0167353171167283,0.170816059980216,0.0510266135451354,0.160251632123302,1.07948584879614,0.315474383481618,0.0462521888613784,0.0180409602971052,0.0348689693812056,0.123103410754393,0.404354963312986,0.21494623749553,0.0575881715796461,0.125891079935955,0.0383945323511991,0.0449093877507911,0.0668997737305712,0.332321988225339,0.451292808889035,0.0609424964367904,0.128998282665126,0.0929854756248809,0.32935903900413,0.0594492869648002
25,0.302911616027053,0.0964129565874345,0.0915507188905284,0.0224088504179988,0.0689181365984877,0.820946208129475,0.00219858479542387,0.13658005638606,0.0114871990117504,0.0422834283177751,0.385951887804479,0.0624972151161257,0.0251243829697393,11.3707849697622,0.0079090927841209,0.0850583620125426,0.225624529674756,0.0492900252482693,0.0717260873377078,0.130071908996184,0.0173307706344839,0.00700636788572359,0.0221490268676855,0.320547453236541,0.157607307260264,0.267855498196933,0.0124104177741869,0.493680698427445,0.238272672772304,0.121232718596952,0.00209299083874628,0.0377219429421026,0.0155148060863303,0.0555130549543832,0.0480725203545973,0.39985054257214,0.0459010939819491,0.19956507542285,0.148755716871721,0.102229587200729,0.0421136171977945,0.142277992787797,0.0109660114714556,0.509029478655328,0.00073708585328497,0.105548097642794,0.252537170735674,0.0756192331599835,0.0207609236150182,1.30643800020094,0.0136779656545492,0.102791975653751,0.367375789161922,0.00943244486607834,0.135028537259499,0.131843755641909,0.00554529455426092,0.280859739443508,0.0591429494717856,0.0544250434166176,0.0146728135365244,0.0588005455382157,0.156002096741285,0.117682434769921,0.00582434903865025
25.25,0.0750558613524184,0.0307914361123283,0.0410754571998078,0.0534031026862356,0.169677987299583,0.0255348788439852,0.00203011253591553,0.0674913951730745,0.0412507838984777,0.0616428551526787,0.183204655072391,0.0229451688129711,0.0291335545759291,7.40006619265336,0.033629659111259,0.0321393683443366,0.0303661685849387,0.023388857307108,0.05178161018257,0.0401606161837578,0.0466170141623529,0.0300064610309332,0.0428879999601688,0.00986091850935424,0.0818219380445791,0.00334181657597832,0.0131296822278582,0.00470348738012298,0.133138781524946,0.341895052416991,0.021092206933731,0.24410498734805,0.0343897618259809,0.0135663556913887,0.0973983167404751,0.0897296044703321,0.0213519620354236,0.0222400738777715,0.0571371649168709,0.00510272786857497,0.0827814489095822,0.0132767595683196,0.04276501349412,0.0074974372810806,0.00843551574205751,0.265919592940347,0.121533296124299,0.0172620719007443,0.0323081013033792,0.0570039738024638,0.0142309902214812,0.131101263849605,0.15977755519405,0.0485000904302657,0.066279635739104,0.0367727546267615,0.0130690037152154,0.0399784167989397,0.104993474130084,0.0824798449608649,0.0259773940405102,0.0239080609995517,0.065521759260241,0.0055021384811145,0.0194578606375832
25.5,0.540257209589045,0.130145612848886,0.369647993351752,0.00533069993293059,0.043697113878357,0.0782989605721784,0.0495254106777581,0.233469006342696,0.0786608373821209,0.331830126543025,0.765313019589667,0.195179386647521,0.10474044728544,2.06853859388956,0.0193050251279835,0.374218414747767,0.179822836864555,0.0835356635373005,0.136729907718492,0.259536068787553,0.198842144464438,0.118270768344829,0.0195176004352121,0.216617320628929,0.395607691244763,0.0436306862695491,0.0376209118509577,0.0811226533329281,0.26118132959946,0.735635866875696,0.0597370138658431,0.366497919988112,0.233916292497954,0.0223040239687009,0.0358211811819661,0.255318756748504,0.0944441322683193,0.205879913720826,0.3504136753486,0.0802603763517116,0.26790211651335,0.00360909709626328,0.0390134196909939,0.0966508940328231,0.0606470040335881,0.432478659200799,0.516082255091231,0.056175060549952,0.0895443570432738,0.0496038733987229,0.023930754349396,0.235524932692374,1.05360413440426,0.206116530703867,0.356591066146231,0.296453538379848,0.0892119888024009,0.493812433562685,0.00163769179815085,0.415301437807295,0.0834664747353674,0.838358055783325,0.126495034388709,0.258176949596106,0.12385649501379
25.75,0.0424163547722177,0.0266788086115148,0.0248976956404376,0.25362522065424,0.201720242480132,0.0847682144390838,0.0108042213243878,0.186257331098946,0.182286764910388,0.138075652874909,0.261880240662204,0.0577934610666628,0.052988559806942,3.11740276270327,0.0744108253559321,0.174343471039172,0.0290321178270276,0.16568990817047,0.0409511378976161,0.0260232150178677,0.117793943043404,0.127411927115321,0.0270851103091546,0.0403615143679143,0.0661184061930737,0.0248351375711755,0.0239432683447672,0.0969526260377795,0.113915733050982,0.194885426487523,0.00560195947880355,0.0791708849985969,0.0756181403524668,0.251030912552759,0.134889293623443,0.0174833175325434,0.00183156903051148,0.0967544629047319,0.00277086137009949,0.0257438409851742,0.0847015693310883,0.0492436078641381,0.0255924440927384,0.145355030177339,0.118199296731332,0.30165410752653,0.0607546191165279,0.0263489678196032,0.0667355687434745,0.158844670578943,0.0517626835079244,0.24805614108866,0.244507229050187,0.0291691493311444,0.127934180424133,0.0283826915670603,0.00807143873043492,0.07451678427329,0.259532076980488,0.166454208021728,0.0882212146920239,0.101899642508508,0.0100339563995532,0.10238750472712,0.174633778615765
26,0.0130303568285119,0.0859405097399286,0.00934901314550903,0.0240052461555231,0.224566938585063,0.532624979610609,0.214500847010943,0.857012864424352,0.167602783407187,0.424144608007414,0.00178577932586855,0.0137380229461619,0.266031671518226,1.41245770937232,0.47932452937486,0.158230658751145,0.0815666156004366,0.0123847544750369,0.135112345459508,0.00262302595023143,0.0278087985604193,0.218430616087479,0.0551498071659544,0.388619227251819,0.0951414144062622,0.0423842732430741,0.297785266977655,0.269467390988213,0.0695181243270113,0.0551291672954744,0.452924412057005,0.00155041450727108,0.00212600476601954,0.0472339106761834,0.0506419014893782,0.603219065571805,0.0487039952359265,0.324949363269134,0.00954394912457792,0.0699907669032943,0.121644421575916,0.0817526841166238,0.158482981107313,0.58468756806238,0.249891547902847,1.53273998064107,0.0210808914896393,0.0428194839432731,0.218638129636006,0.224924357000799,0.387454295601447,0.683357784344199,0.00439791309022171,0.0766594828571667,0.106383015167898,0.0091716789110907,0.373012554406892,0.00937954407284828,0.538460465389208,0.628686952001387,0.205237537555676,0.0589533983527982,0.0598140265527168,0.109014968806998,0.0648852470378576
26.25,0.308061729381264,0.000435064006720625,0.605568551122,0.0399238202567232,0.188193916498536,0.0826683072979319,0.00322316181007243,0.16009956394183,0.0960037479114065,0.0628215582214898,0.531951879206677,0.0280965219667768,0.0100501001988238,1.72069034336432,0.054093739249398,0.129801261931692,0.200636409138092,0.0798223659478701,0.0119310159653242,0.0479349884533199,0.37245630022111,0.0609575280273996,0.00647512431405537,0.126943223807306,0.336861524450531,0.0335106748892982,0.0101120597768238,0.0800462346784082,0.0463584952363012,0.148388747247493,0.0320773732376672,0.13231965442458,0.276969414515285,0.0161646131641857,0.0416349459145886,0.203863713433704,0.00977239660042495,0.0900943115228189,0.319237278210077,0.0378007728656537,0.55450603596997,0.0269116461007791,0.0197456345364197,0.113989704991741,0.0439067218528288,0.161286355209501,0.480287949380959,0.00426704124562495,0.0616625228930946,0.0155071684999923,0.0158462189392455,0.200713467816903,0.787559589775041,0.0100853521889134,0.209226908228166,0.126255063845707,0.0351791444507131,0.0222221245424347,0.053731460064614,0.145255240772682,0.0545169955830876,0.0643475299727127,0.0417292194487952,0.0238029878677973,0.03353641581799
26.5,0.000687762090340634,0.140716889945865,0.174717567481165,0.00577008831750693,0.195712961308736,0.0938882474899754,0.0346223228410311,0.182883159804305,0.00316648744961699,0.17552301468512,0.0787788442553966,0.125973533164754,0.24218569188901,0.958868299779998,0.114935228716356,0.193281477015665,0.00681656628508185,0.0272359897704939,0.0480222577149376,0.0408600063240954,0.102098710939391,0.100631693540962,0.0139668605018557,0.0671284127168602,0.260668810309475,0.106250855923475,0.122956293673558,0.12455627509572,0.175202613705505,0.545477185168647,0.267406986482226,0.000251585484226211,0.0803368945498605,0.00995733742772066,0.0414129393286519,0.136406653173209,0.0143503582162448,0.0773006025333318,0.0247025365254888,0.00355057788628587,0.282532299039306,0.0475332804260819,0.0582670592259438,0.13682232727491,0.0176200577957641,0.333047035902166,0.101227191084865,0.0289770986217716,0.240498018347117,0.229784997220428,0.0577816725444206,0.216449856362305,0.00749655309604187,0.162125887186942,0.189712310669626,0.0804812824052338,0.215213768314527,0.0590857285574078,0.0639870484411791,0.25085049795423,0.0134623237804009,0.0875137257809427,0.0388120452891745,0.0624409062286857,0.0231218389320276
26.75,0.287632114435105,0.116952971331323,0.0146445813199477,0.0529678408717646,0.0439192830266952,0.0684868904859074,0.00291406166617178,0.0504835071014125,0.0374197023454862,0.0524046865262326,0.176551193080378,0.0253083949329671,0.116626817504434,2.54641890917229,0.0618495714219734,0.0930540628641695,0.106096934445399,0.014024712255939,0.0577535989835136,0.0436542386898691,0.137628914417961,0.0164314788793222,0.0518861928132162,0.0378608105055291,0.0241598856878025,0.0153553528460309,0.00295043124198006,0.110920581880932,0.280690078071303,0.0876194719149155,0.0626490551218583,0.274466116562938,0.0243251184821715,0.0226196122127573,0.117305412461081,0.0717299367519074,0.0140982560226134,0.0316213778072333,0.0387624354131235,0.0609120949501888,0.0883431178457775,0.0239712216361275,0.0100971935737276,0.0359631416264115,0.00207413026955973,0.0817767249491448,0.071059378209835,0.0396458711705504,0.0341523783204546,0.110058331572195,0.01879574841665,0.0878892341775656,0.224105090799289,0.0650724129648176,0.106306738417709,0.0222643002873893,0.116489634073647,0.00844859994777131,0.132498710924231,0.0706036357239681,0.0918867948205447,0.000839260364179453,0.0510859080993504,0.111594812068254,0.0268234133772215
27,0.0383363921805249,0.0419840679843973,0.267695736870558,0.0890157130550705,0.0861875943395452,0.0541039118599025,0.0577380125289143,0.130074130405026,0.191528868262124,0.337657178065088,0.0831282156707328,0.142349739802719,0.113372506117956,0.65211336184598,0.109006820688889,0.0731007616202047,0.0443800436409701,0.239546185652247,0.259215775331962,0.0178471094809042,0.198754169391038,0.271749003058282,0.0412442913238206,0.0978627987859257,0.13008376543002,0.0710173828172052,0.0627574496416977,0.079215070680261,0.152580009662006,0.455418615945415,0.12813791254066,0.0239827857111002,0.306841566609345,0.113734664397264,0.102369354890666,0.293471940391698,0.028321752081322,0.0359136540280472,0.110681636636039,0.0206225468649338,0.14314719488554,0.0628452472010288,0.0571776012496542,0.0412593334481067,0.126903569187552,0.590527230157889,0.184026432895137,0.0897718329223126,0.0809297381409827,0.138237078699581,0.0580105442024544,0.221860725624461,0.129654298962775,0.123994602790442,0.0851484335964079,0.159371125125738,0.182706219425976,0.131040876602947,0.274452885548349,0.219828617405481,0.174012884402709,0.00502416107378684,0.1033063276017,0.174889689838876,0.247416520780872
27.25,0.00714696234502495,0.0460844582813931,0.137574509098781,0.00980698367985351,0.0710726788299021,0.0117818753197945,0.0135205631067264,0.00132737870655407,0.0916013206895809,0.0302669005120379,0.00478627718814411,0.0992023211569399,0.0155006733320379,10.7736112182017,0.0963157248516481,0.104069382618216,0.0383718061532859,0.142949553075099,0.213857146073861,0.0438119529898943,0.209194340507255,0.103331334125542,0.0307479029472903,0.0479562739603,0.00645386895101232,0.0395267083672724,0.00622231007144106,0.031661344538351,0.0100305857806718,0.223922271974061,0.0167543740394431,0.635961567428327,0.151229593365694,0.0413366146376159,0.137543399199776,0.0751803989660291,0.00253729446931173,0.012116854688438,0.0684497982893005,0.00364746293699814,0.118748983183752,0.0174752322764086,0.0104769582032657,0.00505305238981859,0.0464714882977166,0.00764025163103594,0.075048405565881,0.0711240154663599,0.00597965252163864,0.0176796715839576,0.0588377130628795,0.0228723735925369,0.0230115254780781,0.0891848819936389,0.00452348097792653,0.127263027777062,0.00596887031994599,0.0594894993673699,0.216685029929877,0.0262822045037705,0.0452951846334338,0.021067063959298,0.0948345106345418,0.00517266983595935,0.207433754942354
27.5,0.147928072714833,0.12978999796136,0.0924280805885044,0.178621334843097,0.00413513013722403,0.216467573158531,0.127738356589189,0.0443025002785798,0.0316409123462869,0.156937748653249,0.129251352428385,0.209866575322182,0.101676859112544,1.65440621557504,0.0164296546119411,0.139539572217655,0.104320630822991,0.0582759776133161,0.194241155214141,0.22294183100992,0.0628216085180645,0.072259496852455,0.167204438027329,0.286041621041776,0.119366187342415,0.18325748575333,0.0142235531198017,0.00995244299646354,0.18068960036739,0.0311994479978212,0.0355306518623644,0.109952080187302,0.132429770166876,0.0495530738568686,0.0535000604207035,0.33040058218675,0.180452144260214,0.128805802887742,0.100929365982147,0.111415568623933,0.0392759175255296,0.198415618416885,0.0558712598240828,0.103830623584019,0.12977300920563,0.0718945445740896,0.143977788838122,0.303906344746114,0.0608748260714437,0.0174274254701969,0.0244779496044653,0.00834135034759048,0.166282867406321,0.23906864581751,0.134486191477948,0.221610475383377,0.122290651297427,0.210783917994815,0.0165676687693516,0.191445836900922,0.0566538163101446,0.117895559596853,0.242393268496076,0.121547657884074,0.00974887566875259
27.75,0.316087004811942,0.0490657791088338,0.0662201573003532,0.0616069223082679,0.00838740687159917,0.247947989636238,0.0437255117283627,0.0856457686203628,0.0601986717961727,0.109314137685909,0.347169126873419,0.00335460491791771,0.0479031212237193,3.63581899401812,0.0135896756912189,0.0251706624563818,0.113847270657974,0.0548871925371252,0.0657441397848643,0.0559035717174959,0.0499294836645648,0.146932271346503,0.0162208406274855,0.110762370751424,0.0842001830782593,0.0338040489605845,0.00181761733385422,0.0831629898594941,0.183409956515094,0.00297282285240309,0.0319826233323402,0.105546375941432,0.036429300310892,0.042199885638679,0.00250190974937945,0.205928909438973,0.0390754840402076,0.0424875041581006,0.144518166936693,0.0173950979379649,0.0297579735306458,0.0586288756812001,0.0133703087429972,0.179042423567833,0.115832413390558,0.0763227995789158,0.229766154603525,0.00757426338655876,0.0182945558014656,0.219792673733147,0.0019128801793721,0.05956016016604,0.356499430615574,0.0252815553431141,0.1247041198921,0.00550481398012767,0.0321329182863762,0.0903546224940164,0.00164594790157659,0.142462932981869,0.0183746506077191,0.0890958710269726,0.00924029383029911,0.0376764898433549,0.0906833240094844
28,0.0130017203904768,0.00471275272139204,0.181267056950737,0.0391915790797926,0.163947429268994,0.117574511991283,0.0543157757442504,0.115425496283049,0.0165235271204749,0.240567245803828,0.0746434594759061,0.0177164640013783,0.0121005081677595,4.57588703747656,0.0311669583656051,0.321315001545845,0.0636466173687538,0.108189096692996,0.0598462528689626,0.0376709680933537,0.221482583851489,0.00031733374582709,0.128185640222015,0.0110881230670745,0.0109875947207762,0.0236073392147645,0.0210085506882746,0.124996300447777,0.0547121402632938,0.127105325248615,0.00422356701246279,0.0956079191165156,0.173212097277262,0.0315116627868624,0.145918363772188,0.00583887957810263,0.0494644978003019,0.0199928073076442,0.0796011168987754,0.0176130782829005,0.164032299427039,0.00320168663533035,0.0498626026469948,0.0926970292703327,0.0297650048693527,0.200188426394657,0.105038158984699,0.0345550453582037,0.00294188137305287,0.189889612254452,0.0284529593540625,0.270888900108491,0.0791299016694278,0.00831354211190433,0.0438425092542122,0.00843966585451108,0.00189024448484552,0.12477346695919,0.0279619140105629,0.309280689033425,0.0561502531037549,0.189769393026255,0.0335235383287396,0.00581439893106489,0.0806745734305123
28.25,0.0780128755049668,0.0544150188173702,0.0211073832988946,0.0428217860972563,0.146983267589195,0.00393643868666299,0.0032099173764849,0.00760895202846259,0.0180226670500717,0.0365467304671319,0.0291522443611178,0.0409170986029504,0.0373663960839702,0.36765811612239,0.0114822259319567,0.00829528476422053,0.020066810295242,0.000736735977927399,0.157504225316594,0.0119902028454145,0.073136467941909,0.0187488877844217,0.0962118561310395,0.0642218809163627,0.00399244156158144,0.0221172424016658,0.00663094004541206,0.00447175479092994,0.0685387058888114,0.0941526248176875,0.00961935514314356,0.0320628950505696,0.0253099411709023,0.034164588679593,0.175572272472434,0.055449628696544,0.0441514289994764,0.00799177027693462,0.0267081310890611,0.0148638384145379,0.0344921998054624,0.0123770135605442,0.077214364866048,0.00443604627502016,0.0233383733163861,0.0386494463389791,0.00115036270730087,0.027970530277456,0.030940173899925,0.0281051841686016,0.00226997641509959,0.0165305269053937,0.0771021725578535,0.0432680697496725,0.0308162143493434,0.0776147976393735,0.0139542260287677,0.13094127130955,0.0422259102729949,0.0166808564580746,0.0138071402311206,0.0622878031241489,0.143923942572243,0.0131974028532814,0.0466600916737444
28.5,0.145248895858048,0.101317649785497,0.177014194639295,0.0286960722968556,0.0341016489590839,0.00614291727972097,0.039491827169195,0.180083032102283,0.000756186622496046,0.0700906768327408,0.0665122932314358,0.0437699545145832,0.000209526768571788,4.33710805780583,0.00241557354099802,0.142847899354347,0.147589542350532,0.13574028118474,0.0242056557984927,0.0616337911387527,0.099867491003563,0.0137533249066474,0.025137013362214,0.0610496421086488,0.0199730884833057,0.00164871720716027,0.0258766552379073,0.041079504530843,0.0112519441460542,0.0458584323628229,0.00578982674014049,0.209513344558978,0.151987821005758,0.0436993312641237,0.0617915049679802,0.00501092080548348,0.0590815772410849,0.177686745049697,0.191277688184673,0.0971755553318402,0.0604722834530653,0.00276457186643892,0.0269679286833588,0.0642795661341082,0.0311372068947943,0.392006791583415,0.0775089966818388,0.0257519501211798,0.000230667148948714,0.0376401674957757,0.0219065885043996,0.260468590432832,0.147620641058326,0.0654093972191821,0.0158703697565682,0.0245500182070222,0.0141874886480056,0.0182748389223457,0.000908811087480066,0.132313550729824,0.0228243258186698,0.02862093401877,0.021048026577961,0.169469951539109,0.0830231486552424
28.75,0.0356173483166226,0.0184756788639794,0.0575675149934673,0.0283544490100404,0.104315261461862,0.000735919877175479,0.0607351922006653,0.0771043836034772,0.0431669889176761,0.081352861009756,0.00843125525431038,0.05174904308098,0.0515473482362817,4.80548615230936,0.261185296643567,0.0788047634639757,0.0150410616328469,0.0195947756979232,0.050690670932082,0.0961242714628622,0.205889391064619,0.0130733694546412,0.048057642114097,0.00786552673277165,0.0044363038408992,0.0396374310358209,0.10703658259367,0.0174933205782439,0.00587458895461019,0.0999267050444097,0.137135946021921,0.313460615059189,0.108692403075373,0.00708455814458878,0.0622204896092733,0.0156530352450037,0.0619526749275091,0.0709699907203883,0.0280982945440239,0.00469217573897826,0.106472858351678,0.0069657530715373,0.0925313437571555,0.00453663028964981,0.00634551811110812,0.259857075451639,0.0132539322531546,0.0325706604315985,0.0628518335570248,0.0418441008174951,0.154230375188534,0.0878448196016632,0.0225475523820648,0.0222333478853015,0.00365796737608596,0.0822526101357532,0.108417209258388,0.198502172485173,0.32398436929107,0.0941350437439332,0.163765135277099,0.0135125670912019,0.0106881907208641,0.175271476203233,0.0800443592908187
29,0.266128044123631,0.307281672760097,0.237615621015446,0.271359200868945,0.0943369824102004,0.0377917851583638,0.210652645565464,0.360051859877256,0.195320291847531,0.190096910933993,0.337168287215238,0.137992020817452,0.114970171025586,1.43345008195012,0.142652383307425,0.328390093638471,0.206167624670212,0.224401557299966,0.00204385531138246,0.170041766792451,0.110306002016637,0.0357788751747862,0.104120170513396,0.115598544121618,0.195933095920062,0.0571023648073417,0.114547666007194,0.150869853455058,0.214972817533163,0.0221889290751722,0.0773206291314902,0.160594886821699,0.268950505003762,0.237048292264102,0.0344053001658379,0.0396888457559364,0.154569045319298,0.297253776368765,0.231167786381329,0.282561853641559,0.115049742466752,0.0540101721535144,0.156393316516043,0.169387269810797,0.371541883351199,0.696191804483601,0.235562293545005,0.150433219868019,0.113402210060649,0.00811944746779588,0.231628159510098,0.583079115661444,0.30056410195025,0.24085059499181,0.223078555458035,0.0332729545070872,0.0945125111791477,0.033207223908017,0.20373190722576,0.345181929163869,0.0383498891039992,0.0573068606717011,0.0441805018403448,0.275414629622672,0.0843157581979168
29.25,0.0238468983432126,0.137216814999855,0.121438391330553,0.119670056503244,0.0861148218249067,0.0490604353928965,0.0397475186145474,0.0528447118545089,0.487981549256256,0.651223437166937,0.0448922063162772,0.138258278400949,0.0499560485232094,3.45383925293005,0.249226153341485,0.114157690958032,0.0801994966265049,0.101725617726046,0.0746008839265804,0.0536851733660481,0.188381347218058,0.0574626410059785,0.0091090889473745,0.0307645885650008,0.0714277028051803,0.0957395837558798,0.0399707206562712,0.0120648359145776,0.0239369015789964,0.0251083327178285,0.129441604752441,0.0441320395451789,0.143868328369415,0.0661715209934524,0.0792213781399089,0.117494722403336,0.0264016674112138,0.0401721848307299,0.0574133101509825,0.182328378584312,0.168810606355837,0.071431281730264,0.00289921003943237,0.0107738910607979,0.223077066691078,0.428186201864118,0.0849951388273801,0.176623589897863,0.0526307149070814,0.00605108594444872,0.125582511482986,0.12478052308464,0.0156916134384796,0.168493959902471,0.0392712636744294,0.122578305051455,0.0791715987538868,0.129440245868758,0.580676407091369,0.412383255203576,0.364762258547062,0.37382431668194,0.0136505431098865,0.239176044057778,0.0899291595745967
29.5,0.057234761254524,0.00710968445566529,0.0096777394844654,0.0334733046085607,0.0206204768856169,0.0213966333505244,0.00382879594226207,0.00193815139333572,0.0566360283788405,0.00179486372821916,0.0464162031545683,0.0257176591114312,0.00183106405425767,1.77229087085335,0.0456208939119329,0.073781085420961,0.0117320735949193,0.036779722110579,0.0620923240079566,0.0289330992957664,0.0163273624694616,0.0816156123951375,0.0161880676783122,0.0566603680423778,0.01966696035958,0.00793444316646636,6.12832370923059e-05,0.00872595073056877,0.0323346997938859,0.0830064081004344,0.00254100439035756,0.124185576104774,0.0114278177493228,0.0370156464271006,0.034151548067446,0.0637759356970142,0.0106600870581234,0.012833446723823,0.00458327386055266,0.0119243098337286,0.0389379023170674,0.0129908032212317,0.00574764475011748,0.0204124282703523,0.00623050094601608,0.0663074508569609,0.00338654236945476,0.00481304426901906,0.00979469919102911,0.035930625143957,0.0224125997101964,0.0314077056655431,0.163109562637485,0.0184814050876464,0.0170356058307269,0.0577095973894734,0.0598712719824118,0.314531216414759,0.0950329064014587,0.0202990621757625,0.141793283513254,0.14722748156521,0.0431199038716135,0.00140640080854688,0.0509260263035793
29.75,0.0193730135414313,0.0867001245862225,0.116296570399443,0.0369994996433659,0.122026641600496,0.0901844471210494,0.00397627810895133,0.0455568872410312,0.0414530216937984,0.00444030383045285,0.0612876972467874,0.16827846576874,0.00255006499354454,0.00138121075481981,0.135647352711757,0.0067935088284753,0.0320260675513571,0.0153817728925222,0.0343239886349265,0.0205111950079518,0.143959838087412,0.0110247640548585,0.039376890012794,0.0492594577218096,0.0475566651835803,0.105722325785858,0.00799405852837684,0.0277892652077614,0.0235878981460926,0.204092375174277,0.0310447891325012,0.0193915826438661,0.088523365906837,0.00554692948368754,0.133352646321593,0.05265656908113,0.0132735185879947,0.0490195265053713,0.048039855536524,0.041263486027295,0.144208949193829,0.0399501400445644,0.017973562518401,0.0701846016136599,0.0227874061316695,0.10463572249098,0.0956421020310073,0.101686315310297,0.0177171694768093,0.0617670658385929,0.0448049647547179,0.0281661313105761,0.0389303735328323,0.137015749070742,0.0231316432938569,0.178545050264637,0.0799381433497599,0.042111690059721,0.325725000519886,0.00759340488775933,0.114602490803643,0.0419090788973566,0.0496555685759593,0.0156947519649125,0.0229760756182148
30,0.0773511480093449,0.00174665811433235,0.0862741862438919,0.0109166868783672,0.0670707307209159,0.0941256791952266,0.0788457176364868,0.02333324000978,0.07334494634613,0.0432421466402934,0.19382526868622,0.0319281541721174,0.0123391416267528,3.63362162955682,0.0750724439186153,0.0961838394767358,0.00881151617975622,0.00437081275039213,0.0112973669130881,0.0165827956513959,0.0608572555491394,0.019010575219046,0.0104505412271851,0.00278344826371338,0.0738009610639368,0.117520241086946,0.0306159406237882,0.132041030045355,0.0363273362556061,0.052002419901195,0.000198297107275741,0.0468532007082859,0.0269109492689845,0.0113515521805399,0.00911088476383772,0.020944363972033,0.0478157880000334,0.00268968679280671,0.0424760738397938,0.00980433203438217,0.10453618654252,0.054708613147574,0.0187782499778215,0.0480543249536474,0.0951546382796983,0.0137750220353792,0.146130126444417,0.0377933704379741,0.0376511349699129,0.296529465463912,0.0753988000701935,0.0562273254626803,0.174836189328135,0.00492577514505063,0.0651551848804137,0.0529656689861594,0.00334458270392348,0.0711288719881337,0.194707107686898,0.0516873062446626,0.0332970227127001,0.0449589580212591,0.00714713487667818,5.65730707664031e-05,0.00620523676636972
30.25,0.0857467414995187,0.0412462121953016,0.118030000203454,0.0136578704820635,0.0199849861021222,0.119657472872468,0.0143971498790866,0.274384377343846,0.0580410784910148,0.159558581209618,0.181894442606032,0.0938879794146218,0.140068102047312,3.42676878497028,0.0816586108298064,0.207101166893689,0.0202583686483358,0.066287390045299,0.0499097527556984,0.0362739124891818,0.0529003552591252,0.0195626824335788,0.00129200930555715,0.148542931643444,0.156784393508718,0.0764333670287276,0.0462231259784402,0.189280472262788,0.282120160293061,0.108405640471311,0.175897763659113,0.0626354157652635,0.0728130354307012,0.0338434175290964,0.00124762201362394,0.169684157482777,0.00675459411364418,0.130547730018422,0.053958715602389,0.00348828743775342,0.0866989506522186,0.0448484915694673,0.0190410600767841,0.190177250873065,0.0229654595589492,0.344694851293807,0.154160866400167,0.0588768080104946,0.0776702702215623,0.234676605249128,0.0526417829943841,0.32570556247623,0.177742173940993,0.0936632477511145,0.14393697686076,0.132803353387945,0.163008170523307,0.184201904692964,0.0700882977322823,0.239527124523401,0.0634542635270363,0.0644939090956995,0.0198438174330827,0.037114833393376,0.0104250299058386
30.5,0.161317314758089,0.0449880447726654,0.0343334804003853,0.0725638639041919,0.0122703409421301,0.0152160616473102,0.104607130947034,0.0712380115134013,0.0439223210553901,0.121405705562745,0.0899290240581887,0.0211704126449404,0.00909781336886991,5.01276896215284,0.105238975894177,0.0235691470713587,0.0870811500393808,0.0469352555675526,0.00540592653129329,0.10368814382639,0.0599441031559792,0.0232212960585469,0.0250779194431613,0.025532097098777,0.0174008938386285,0.018124365258088,0.0505069260580034,0.0430406112563672,0.0180917180987115,0.0154412958815004,0.041415236819056,0.10659726102716,0.0472377371882379,0.054283275484356,0.00564949813470638,0.0391878237623069,0.0705549907224603,0.0824607941678979,0.0625692570147551,0.114542154746832,0.00928338041965561,0.0302073900513627,0.084097559911891,0.0512287031386955,0.122675507970682,0.086064391521101,0.0401451224573321,0.0586470507421224,0.00606190123421309,0.0793397714670008,0.102008547857142,0.0565373988781925,0.161896465881659,0.0353010818164788,0.0269137823407854,0.0118882091485196,0.0419178969045513,0.10247777205494,0.186415219022972,0.0754629591046295,0.0758882671355343,0.0316107602104952,0.0320618852454416,0.112215277676209,0.0335275239372439
30.75,0.0486463473119236,0.0536428678652718,0.0188792529395894,0.03806906089873,0.11350095960907,0.00486618789325186,0.0573762967250929,0.0179945359488736,0.0298593623561838,0.00467416830436763,0.0283380643954033,0.0387914315456868,0.012372179485241,0.301784166186222,0.0565067481505467,0.00399529279686234,0.034434498682809,0.0211258110140399,0.0199170693310599,0.0272669289337434,0.0244078368066395,0.00694120639825626,0.0421315897302973,0.00484119267440285,0.030835942534635,0.0355290747114519,0.0337737253393194,0.0051056258713314,0.00902664121976948,0.0359577038859659,0.019996818196612,0.0176230064727887,0.0078591591796717,0.0232522814916052,0.0355998323353801,0.00813880431903442,0.0500164916072266,0.0315397706832213,0.0158543520088402,0.0497976077338914,0.0522614397219078,0.0234868291853189,0.0742906065150917,0.00514413230475457,0.117557463203919,0.0175133177975592,0.0265335952065504,0.0414449881413538,0.0276335665368877,0.00546765614365572,0.0539779686015074,0.0157494289846369,0.0280929186068278,0.0518920800224118,0.0183411454443511,0.0211082320335538,0.0310710512684147,0.0564471903341441,0.0842267419223099,0.00606406112707159,0.0131556544089149,0.117700500439626,0.00964322743261666,0.0334680163452711,0.00366948635943108
31,0.0829006873744189,0.093304785664088,0.0147992691956918,0.0274920906514824,0.204421653729443,0.0840145407547402,0.0502281653575435,0.0653911772737156,0.0511812356445303,0.00842861521594019,0.0586731390648188,0.113715522094699,0.0368673211021751,0.929334307441267,0.0479694516189806,0.00275372859914102,0.0284191934678291,0.0119674649222314,0.0396468679140093,0.0975108405074738,0.0478875427316178,0.001146045859309,0.0735386206458037,0.033326503589415,0.0822226117340477,0.0874269220620074,0.0326281111684422,0.0602688874701179,0.048968139574564,0.100522610685559,0.0105577081166495,0.00632521707919326,0.00783259055338924,0.00917370463239313,0.165715065986987,0.0145055088208985,0.0494818747020743,0.0546357946939966,0.0244482844433727,0.0556436359296191,0.112648103683067,0.0303103318303634,0.0983838626683814,0.0693362275431911,0.0687765476505752,0.0310485929380162,0.026548738195023,0.0536400106386471,0.0587180156490685,0.165096803933011,0.0502446178335007,0.022258092901045,0.0547131689233221,0.082237512908848,0.0446687276555797,0.0582630757185969,0.0201526282985192,0.101132776103787,0.188140292298279,0.00155766153545937,0.00345597867868208,0.0552750951041893,0.0417114445202547,0.0350987490829785,0.0140647770255812
31.25,0.0558878107246652,0.00630539359586205,0.0143865402335644,0.052488966596586,0.0121782452206677,0.0881858251657098,0.018391030853031,0.0200408971024882,0.0292191927522215,0.0409903913196937,0.0358515992203555,0.0101067112410293,0.00325264895119704,0.87062071719253,0.0244881731109544,0.0221463576766881,0.00761001677985083,0.00496109345366077,0.0528867259796259,0.000711908764921582,0.00278843999860268,0.0217680301851545,0.00546238119637143,0.0425004970514241,0.00444997522918888,0.00287845186223197,0.0482107259210803,0.0156863209187172,0.00599751016965152,0.0215826030900646,0.0261391826262768,0.00499536697289369,0.00748073105666502,0.00402094387250045,0.0122692737955335,0.0756835124127909,0.00386952652373029,0.00125822456874957,0.0203011557338483,0.0119580206653974,0.0070224420424729,0.0232880542433428,0.0425600661873543,0.0278408183125084,0.0025196850626569,0.107842533638098,0.0143916306626415,0.0152240947071382,0.0108310555615415,0.085676259488775,0.0267275736662435,0.092488831061048,0.0754643837959438,0.00397464960141378,0.000799727950765313,0.0192032870534309,0.0106970956207367,0.0415635908499909,0.0195196597000295,0.0670364879464291,0.0301228774845073,0.0561681800015013,0.0252830852716415,0.00480201020293075,0.0174120981092395
31.5,0.0398270206752625,0.0332845382786809,0.10883209579813,0.070044824977506,0.0108471658855855,0.0385672666087875,0.107810935748474,0.0256352417490769,0.0605372953508794,0.0550114651806619,0.12108944392422,0.0401897299494288,0.169409619243359,1.29532942521883,0.0691653951583016,0.0190556358354175,0.0734450481636649,0.121915046241852,0.00883052976626739,0.0307004043969168,0.139330865526971,0.0257850959354495,0.0356131308968537,0.00367002823592206,0.118884706699392,0.0262426810678884,0.112773774534431,0.0881771352977488,0.128155545156254,0.0313052667736513,0.146441033517223,0.00534791813816761,0.157372008862285,0.0904961732109736,0.00459528605157903,0.0103738192705454,0.0617596718888255,0.0117622802536845,0.0610995754713437,0.0469869744467867,0.0511692865846907,0.0347672227567329,0.0873993612806907,0.0207520602926866,0.0915118178342633,0.11286319571381,0.182463827067896,0.0508357667033519,0.113393191091389,0.158090335018471,0.0890209569188695,0.0511646858455072,0.132467336390568,0.053180156824515,0.130522697081231,0.0142184184306075,0.0953233617390781,0.0129665486505313,0.0478680313945035,0.0442773573759456,0.0815193421478276,0.165643392074297,0.0119557901296006,0.0522662880278803,0.0988000714809381
31.75,0.307455915475231,0.0648778073917102,0.0993181450236903,0.0390645076432823,0.105522777964385,0.020776630836743,0.216367995996278,0.0491614678172851,0.114438053242601,0.0357907813772229,0.225389125106598,0.106835075085026,0.0400958204074612,1.94641655922206,0.146851661489474,0.010851821566244,0.13045801047406,0.0779330253134882,0.0188624085933195,0.0922662129602919,0.00761036449921972,0.0301051496638542,0.0616673822733171,0.0394558918352253,0.0713767035940557,0.112869947985638,0.110243897798384,0.00235978515224816,0.162005183486071,0.0467455402735898,0.06558327541493,0.0997500668047233,0.0479403173414954,0.0398329064462896,0.00790986039864435,0.019891895325115,0.129855905208029,0.0889674471609535,0.159598882456056,0.111546461496549,0.0543627195341943,0.0576806389950796,0.15949014064896,0.0194436646849817,0.331244032111232,0.102667447035215,0.183886342837243,0.0725372496498829,0.0392657675352546,0.00170705546403449,0.195157174193731,0.0378000755172101,0.432025177697201,0.118506214354802,0.0832077321901771,0.0990765184281622,0.0333031810637003,0.0177583249463239,0.264880452519941,0.0184872545612,0.0191916127325578,0.0178114417114886,0.0227387361788926,0.240345672490608,0.01614388226641
32,0.413246282705601,0.0290406801182698,0.174953121808825,0.0883572640867569,0.152305879105176,0.227301638190991,0.184258759047029,0.0233833047988201,0.139002797991016,0.132876531087881,0.33751567535592,0.0911587729507634,0.165334086376014,0.0994638133708709,0.118166268835445,0.0440113830075441,0.217434366037023,0.0775748466489684,0.0266041511842522,0.0441982204216941,0.0253335869579045,0.114211997203517,0.100679851255692,0.0740904851852241,0.159576060206612,0.0885578769605936,0.207381767198605,0.112855843637888,0.142656013192382,0.135444061671765,0.242084892842204,0.131617245388914,0.0971174920839755,0.123979887559154,0.0163762350543957,0.166198227264346,0.124964607857924,0.0178045251351569,0.226520666467024,0.0487997200070522,0.0472476278238345,0.142406467032564,0.226868142706015,0.096392336082339,0.189658046176369,0.00685797654442849,0.299961131593843,0.0420002676802346,0.132950105290996,0.143190918898026,0.168580596992073,0.0300220097065798,0.523545111871953,0.0533529822674554,0.211179997722111,0.10268379094075,0.0958245730334424,0.00560771111853656,0.119276994851548,0.0261325667062295,0.0574549779391934,0.0903290001465023,0.02462404220839,0.0773779223230242,0.0522942263420956
32.25,0.028614506024962,0.0618986616190079,0.0201459980149718,0.0196049226928618,0.0768713386023057,0.0464132174574846,0.00337640511083187,0.0224836089165845,0.0148865798280303,0.0322685627790339,0.0736957798694575,0.0326234294405934,0.0575924373990438,0.226633884058863,0.0341323661741568,0.0128258136462276,0.00215790243392387,0.0208353749030082,0.0901878632203652,0.0169042613161384,0.0888498950781382,0.000968590567164173,0.0317853738820843,0.119776740906619,0.0173930070550465,0.00464541594722209,0.00881212179341108,0.00381972089146171,0.116044066944451,0.00739841162811753,0.0740403227368835,0.0239199820208136,0.0495271906783077,0.0066820953064539,0.105027263216466,0.0610296631920935,0.00672458372992132,0.0335135887096445,0.00350465251957181,0.0332977696120729,0.0595776636967214,0.0225799186179701,0.0215116565115751,0.0415523904367696,0.0199367533645355,0.0418858827133297,0.00131129771849629,0.0478468945963722,0.00536367921136444,0.00466038107221709,0.00713407396428815,0.00570290383731546,0.0325400402815013,0.0747296873727855,0.060606136181361,0.00338479671457498,0.0678422485120053,0.0040108197204168,0.0275727174791207,0.0243797071601262,0.0185605265635951,0.0329019555987543,0.0818833602018592,0.011303163779173,0.0200229898337888
32.5,0.177486940011023,0.050977750981101,0.131806481957099,0.107612540157193,0.345303347976888,0.187350532468005,0.0107299053929955,0.207523895425826,0.0230367043417244,0.0936569289370269,0.286964886992006,0.0773038643318889,0.138473269313712,0.430503610998034,0.0750514215454159,0.176544733283087,0.0465720375108628,0.166355498253902,0.341859542626729,0.0236131640771375,0.307039103540693,0.217906533863104,0.076464478695524,0.0938124307658857,0.124970643360675,0.0517317396204257,0.0934404649375146,0.243104428150928,0.166094178340984,0.0722049395582774,0.119639256135584,0.0220096417741391,0.153801454273919,0.190965425626216,0.417351838481943,0.0901070962665013,0.00429587447581133,0.096402902448662,0.0913075565289184,0.026981587579932,0.180582762622721,0.0876713831956317,0.0710230104688677,0.236188723126191,0.0337702966266797,0.198284088091663,0.179094983129921,0.0735936008746599,0.167810490293457,0.228198043096049,0.0655627729740349,0.235683704002575,0.432804874402889,0.0912920573972696,0.161502997167752,0.0471692633998394,0.0593542651777411,0.0330454894938405,0.0768258135627293,0.176049229931311,0.0228780516546931,0.0565721356637189,0.127475909027994,0.0526736666560877,0.366700557747789
32.75,0.0910532559316064,0.0196400753488444,0.0083585613838823,0.0612952092887761,0.0116957931690131,0.0118914599966794,0.0278077849896307,0.0205080224569652,0.05739909857884,0.00394249420706277,0.0809763512601685,0.0162416139588642,0.0212525793468862,1.23263385936992,0.158686241209717,0.086969188481058,0.000801444059058846,0.0160635563797548,0.00108716207611285,0.00300842851793548,0.0629321838982904,0.0127149259173622,0.00315637372079222,0.00354133178098546,0.000793136772129613,0.00645254892938485,0.0271065392976579,0.00642888439005952,0.135806170367855,0.0425027046446939,0.0862992588034514,0.061799201929845,0.0290208683782666,0.0475016160393025,0.029837170189074,0.0033418090147283,0.00674221249272425,0.015588410925965,0.00401873428003529,0.0229826682518174,0.0324625395799109,0.0229562389391444,0.00402762008917308,0.000759615934026804,0.0325417518673436,0.103750349390364,0.000500313273834906,0.00269924272755548,0.00516419991918492,0.0220363014595707,0.082889204103928,0.0790259625705838,0.194494090814988,0.0170530731084318,0.0149372332107828,0.013585725102841,0.0979746027313298,0.00526201110560975,0.221296308303086,0.0579150508571199,0.0978764097209966,0.0674794909968984,0.00438645414627838,0.00754128586111431,0.019175427384883
33,0.137285008584579,0.184429180459814,0.132689536906641,0.112491314786596,0.310493297978532,0.142260406882538,0.199755986655529,0.183006886444788,0.199078256805763,0.210282572559335,0.146757266710441,0.0944469256280659,0.0259734029936016,1.92547373894761,0.124864979333447,0.079048920479667,0.0723997576249803,0.170671354653557,0.0951259404691519,0.150964445120997,0.202878142358355,0.0813701206293507,0.236222676670034,0.0601343840816432,0.0683997632698553,0.0705176276584591,0.158615905273419,0.0682968893915638,0.139780483363093,0.100014219743257,0.141367482289824,0.201548273489753,0.146241886117246,0.169528380349035,0.223029935334872,0.0104552149799604,0.189495937913952,0.157023586834855,0.0935978555322494,0.107708843246847,0.205551790675473,0.0868085466488844,0.297106237776408,0.110826500090015,0.183913575030192,0.29067636268073,0.126644005974597,0.104700183204858,0.0579041388208307,0.0193477540468832,0.142050004878999,0.151046529332204,0.161984497492902,0.149345216904242,0.0622863570503304,0.0681544324790169,0.0113531065031669,0.0660624836024461,0.179764474558371,0.144889864583832,0.0801016677934696,0.0850388042836291,0.114070342223747,0.30977670276819,0.136867011403655
33.25,0.146410287278398,0.0555293575602219,0.0283863105198758,0.0266249764075771,0.312992914831253,0.487005563203127,0.0451921778863337,0.0490368124551235,0.0363621407499258,0.0698805017186531,0.15211147659767,0.198027065006272,0.0947778772022755,0.564706115484556,0.0884429144785079,0.0238513451133989,0.0347101332483488,0.00115713778618298,0.0443711761179936,0.0406606978498998,0.0208861276480832,0.0597680326214004,0.0282965119614689,0.201044391319842,0.124054953279221,0.192848160860661,0.154525158685204,0.139465477147386,0.0680761970018457,0.189098069350558,0.0398322760398797,0.0122326096225184,0.00531504059648339,0.00502746357748519,0.0270757979610734,0.334245032715764,0.0147403041712041,0.094745822485824,0.0366700406185648,0.0296671334674365,0.101028328361169,0.10541262434952,0.195990929714795,0.263340868606988,0.0227271877249703,0.018261554123624,0.0825467585968039,0.0955712350468201,0.189679719521453,0.313146530738943,0.0766803429521241,0.0360054058357605,0.26054155162389,0.145630106034162,0.127605470780555,0.198853221344873,0.0139698287616004,0.0134563681984019,0.104452515094119,0.0709936804216248,0.0367426608070663,0.0323449563635747,0.0579602735236815,0.0321630263034776,0.00308744993726292
33.5,0.0633612154166071,0.0770209128176356,0.0130682077242716,0.0172812041651455,0.141844703169913,0.089240632507968,0.0122732340243805,0.0959548574117241,0.0164567360627864,0.0617819361362274,0.0651217426449266,0.102872325401191,0.0567328319385759,1.45933944217446,0.00768407725848886,0.0109192475997135,0.0587034791436811,0.0156306125438182,0.214510883075283,0.0843686950805598,0.0378758803729835,0.0532022004102651,0.0595650603646337,0.175277273759132,0.0483331931850478,0.0324858328935862,0.0838278603845666,0.0351046493920378,0.0528615118606888,0.0892908655764247,0.019767890301004,0.0788289053372978,0.0120768773011564,0.00799765577190722,0.0479183166775322,0.22855432695059,0.0484620713304557,0.134859285928508,0.0489169307995982,0.0333667670776275,0.0401900257753266,0.00716411253497946,0.0736569993000123,0.131786141692505,0.00535896312921468,0.130272603889214,0.0237641198347832,0.0380640265653806,0.111578339346041,0.0231717725944289,0.0185938088140615,0.0912205912107569,0.0837758691674699,0.0738074309701331,0.0419106485973583,0.0859348304982749,0.00832210011416329,0.0247648682835207,0.0165597208420706,0.0643714886522219,0.0242508063933474,0.144832815477084,0.158185808707288,0.0197550878256708,0.0635140707051159
33.75,0.031160345572567,0.0558631189911586,0.0143653958189233,0.0348910002447797,0.0171438405817303,0.057041216378312,0.0125178083229441,0.0408246340413787,0.00885135796304335,0.00794348001411394,0.0288478299348901,0.0206359203580056,0.0220699594865681,1.32908884947156,0.0204662200081929,0.00625350588882029,0.0537919379056985,0.0236116993682578,0.0385265405136576,0.014840091787906,0.0029835200708847,0.0229351389838541,0.00322894322253639,0.114757962475607,0.0122430286460653,0.0132263029737479,0.0302398139108328,0.0346844887005991,0.0111469329098448,0.0271790286229402,0.0398700052419538,0.00970278498028279,0.00678489310700451,0.0543016225143157,0.00165934061553752,0.0964757111597772,0.00572280540363546,0.0374582240685721,0.020089696723038,0.0389517552980044,0.0167687969066404,0.0150270207844349,0.0156086435828386,0.0673980053582402,0.00850205257873354,0.0451987049206855,0.056745932044042,0.0289605857193315,0.0200389369832441,0.0258096426641872,0.0133312268490047,0.0385080996625834,0.0415915081184038,0.0425126151917202,0.0223742236114276,0.00354080380666651,0.0315757998152623,0.0699705992137417,0.00213616350198465,0.00918224328925189,0.0135519576943487,0.00446891863823466,0.0462451127003986,0.0172964000024433,0.0133443719601037
34,0.149847953110664,0.0113747711449871,0.0424844994499681,0.106932726696555,0.0849615525756862,0.020341098023688,0.0639642148450745,0.0587211327600906,0.00415306709448821,0.00846977578988714,0.0109914878115381,0.0413245415908927,0.0122243248608296,0.595563217784998,0.0383995460052832,0.0295227038574277,0.0675626428347269,0.071128090914825,0.00117296634438329,0.00460117623278369,0.0106949947825991,0.0380038279237101,0.0466150578328249,0.0530604918861915,0.000296874948098168,0.0214739706834717,0.0474158960947625,0.0228238616657573,0.0261309616802527,0.00952378689639531,0.00326585895171573,0.0229141243261085,0.0514194570538822,0.049701800192704,0.00814383481148106,0.0270072760478314,0.0672780550504624,0.033066277544469,0.0751111221604629,0.0816926952272177,0.00744677044126944,0.00253035816856645,0.125949822709502,0.0523654922906955,0.0293494721626799,0.0371354722396036,0.015256881199153,0.029065451547305,0.0273791801902133,0.00603160153362461,0.0477613722282247,0.0517837778309928,0.0665488433420081,0.0244145552113691,0.00627771135075259,0.0329510391377515,0.000216484695886604,0.0216908219585022,0.0339296226739793,0.0114253729290793,0.0137644643084836,0.00421989485168921,0.0140777496792412,0.0121317765737866,0.0455421821335115
34.25,0.151287125258538,0.117579120536113,0.193555927899993,0.00148125156646881,0.0278605386330146,0.363903894673626,0.003014411457205,0.171557911756474,0.0155670568053302,0.0460055087682071,0.35114343629022,0.0297244869178836,0.0439126696633665,0.687493199265112,0.0155629012811659,0.183076731345179,0.111752607515777,0.0895197670574427,0.0947865289387473,0.0801218301554299,0.0787784586422779,0.0242197524338392,0.0543393318463708,0.367855631643902,0.199333825156905,0.0923367349162244,0.00074025370703467,0.298763951159604,0.168089634328856,0.00995925868070045,0.0214120455759874,0.132620218536763,0.129220156137897,0.0371806685444684,0.0499488180269713,0.235437914799146,0.0420283550295673,0.149991136447236,0.169114018543111,0.0790626752879717,0.111792973718325,0.0584877454365167,0.014487514959297,0.31688847216711,0.00273580191605479,0.141427550905064,0.354110488764474,0.0194705942873845,0.0286658538070126,0.32423810861051,0.0121249754530944,0.22459678432932,0.338565562075761,0.0590196233303874,0.166745722620115,0.089407396589438,0.0273486912695212,0.059833531074813,0.0331917790516134,0.138152425945977,0.00136201271717216,0.110173909450453,0.145102801139423,0.00913369360327097,0.0406558053461579
34.5,0.0208994048150183,0.0552286828927192,0.0474105035797472,0.00617941341767065,0.01132503810343,0.269420116738986,0.0492653717239225,0.0973921477474943,0.0585360552059296,0.0511413592922106,0.00597720602347652,0.0731633292085373,0.0691805007691124,7.98276040472082,0.0692544917296701,0.00401178270852605,0.0128653648143121,0.0706796150479982,0.120005224691641,0.0168603478069259,0.0527825812422698,0.147382590133136,0.0299298643654862,0.225476856951434,0.00875773367407697,0.039920613236262,0.0482061072332724,0.128034396163362,0.0402242442804412,0.0860154394766237,0.0298475732767951,0.1663343202243,0.0467378638444011,0.0495224924366256,0.0241831907934388,0.282674836698005,0.0266869223465283,0.0935255782323678,0.0163877396800674,0.0133068783540704,0.0375975649504953,0.0670581664708173,0.0240043729022541,0.24032877914949,0.0571426949193203,0.106412582964513,0.0317957906547664,0.0160464156927073,0.0218863414231173,0.324558543953515,0.0737820390862656,0.0501261132259121,0.0458185715385927,0.0693342907356985,0.028794526497654,0.0223669211058718,0.0641701555151065,0.0705349326553847,0.120699550946285,0.0369023037845486,0.0482638570111784,0.00243521034286365,0.0767882308166042,0.0436834700854439,0.0947766002043328
34.75,0.240827250042134,0.0880319049412117,0.0808670595918048,0.0918312096476997,0.537488416025102,0.269797235713112,0.15659837372591,0.14930111086763,0.0401138409862268,0.0182492474918066,0.305242323459198,0.242915793522222,0.226257497455714,1.99752495072771,0.0891341924789539,0.0595818367359662,0.0242928258410043,0.0104921877369529,0.0138466102737979,0.0534912781387766,0.0728407889941792,0.0632298062041809,0.134229511272848,0.0791186335017698,0.2411176479731,0.187956909268403,0.213551081883844,0.137286658675905,0.244342133909882,0.203467816960722,0.0849607765591382,0.233964659421921,0.0224871523499601,0.0592448980820458,0.170367253050667,0.108641317439257,0.080336266146122,0.0668514682202565,0.0893213768357022,0.047747922671929,0.233292231589127,0.213034220456612,0.337711816545056,0.195014793195599,0.0539337229826679,0.0644896764087629,0.220317279551048,0.210076268502236,0.35219897104823,0.125607664986293,0.127004285926022,0.116602318561727,0.379554628001443,0.151832393376937,0.27382771344591,0.206076958730146,0.073298132246755,0.00385415892491143,0.0878932848709201,0.0360193549490913,0.0252943236304471,0.000835918609395511,0.0251026821539644,0.0237322930089115,0.000341254950994395
35,0.0385253099012303,0.0383563088148259,0.0252452140410599,0.0433432710942298,0.0157119890933802,0.0300547693439819,0.0002031462384429,0.0205741595484337,0.0101597059983709,0.113051608873217,0.0521718021643895,0.0336995760120891,0.00595300593371348,1.84002057942032,0.0143525311677029,0.0818861635704422,0.0768193913670472,0.0668916368569032,0.00390616606187785,0.000297688031433782,0.016290505849485,0.0259264386134915,0.00416904482058339,0.0135425477576059,0.00819330962771482,0.00642991403383689,0.00278138322219191,0.0304792471213249,0.0291318228155913,0.0604888154321555,0.0338291501282168,0.0396292867880422,0.0438505488318019,0.0554225136240769,0.0028593133136702,0.002513353573801,0.00142370495008786,0.00433627249941192,0.0307741383910609,0.112240676309229,0.00407533532481253,0.00756882432310556,0.00545469088117633,0.0264162738803011,0.00392367205103507,0.0302963526992804,0.00903849749484475,0.00698729512515248,0.00541617125638476,0.0451635927002456,0.00276784417429132,0.0735084946587275,0.0842044861861564,0.0376659841833118,0.0130917131402981,0.0170629351850333,0.0266779324522184,0.0898597889187473,0.00881960954887581,0.14671006788433,0.0213031270866234,0.232851590267425,0.00405547263515065,0.00571905528608533,0.0657230363202864
35.25,0.00882029623867952,0.105127193651401,0.0537948644319833,0.0330456317772351,0.161318099619037,0.0903871886769786,0.00454852122954953,0.163684758410056,0.06136020677512,0.0500741440974088,0.0232695391972348,0.175156224484081,0.0108892282553168,0.229879775943369,0.00583467001561013,0.0103683523851959,0.0445520070678866,0.035414962936487,0.0699450691311372,0.0774399524289261,0.0631153766396035,0.00975426033537884,0.0478740180546458,0.15842045673765,0.0236664213254664,0.0366667388277593,0.0161520575093832,0.0571711411521966,0.00458035419962671,0.218907869910684,0.0113044207117371,0.00180596665169808,0.0460380468562001,0.0116596863109003,0.0919373403557659,0.0906290224693256,0.0313068139283044,0.135471580470842,0.0306968391066287,0.00944282228574214,0.0786449331599765,0.0270095134706036,0.0569641666408577,0.143674563946151,0.0574399803360306,0.153645845580432,0.0229835319585867,0.117590275046509,0.0319745841179514,0.0661417601491389,0.00622936669260939,0.0699129655777242,0.0154554651555382,0.157283168073291,0.00917788627363417,0.105125176516551,0.0211110800007507,0.0556224337927889,0.0694365753354253,0.0329831460650359,0.00935486581784475,0.0221358416043461,0.0895648752728073,0.112969534159267,0.0130123448218238
35.5,0.0333557431533004,0.0492764998553614,0.0170791923334544,0.00169421275807587,0.220829221412043,0.033677708755076,0.0301239479053237,0.0115766812228207,0.0392061595703222,0.0684969755797119,0.0347298250440476,0.0519824530221715,0.00469764449207338,7.01858718430557,0.0207737314375317,0.0481495062546815,0.0126704900548877,0.00754665160606881,0.0136628172103881,0.0125348596846594,0.00307742209119517,0.00350027646689034,0.09552195009483,0.00809655231726272,0.00870167885239794,0.0198913770538712,0.046032253721631,0.0529713327897033,0.0269445345102223,0.103991857369733,0.00794458856266263,0.0879065149549851,0.00792627121030799,0.016387195022103,0.0474822962403437,0.0287576022553364,0.0376099485546451,0.00367721518400203,0.00758577983188403,0.0410048533002342,0.0146824407862106,0.0113765072516811,0.17680576182038,0.0197695133344002,0.0205786840756357,0.0601655198733388,0.0450143566382732,0.0219865528623719,0.0179579321124846,0.212126966125249,0.025051707586214,0.030204464763631,0.030529599105691,0.0851550926619378,0.0176215239509935,0.0332199080080504,0.0126178901399935,0.21778796038774,0.0391904723613235,0.0827177504920613,0.0413357903090868,0.0308607970854419,0.0188069826263231,0.0204952311864502,0.00309918844760027
35.75,0.0511934924731324,0.0343316309719197,0.00540762082099571,0.020879304294796,0.0977990880326638,0.0418079663051016,0.0143152645544907,0.00381018866088226,0.00716735867867972,0.00488339124486335,0.0296673345791815,0.0344252541275989,0.00778808782413308,0.850935358396717,0.00603088767584007,0.0280029369764053,0.0655713289459985,0.0160636926909324,0.0726885633570874,0.0176993459474971,0.0145309688120767,0.00151770221460201,0.0686745610054214,0.0101913987893705,0.00793316725936069,0.0259490966530882,0.0138354741813631,0.0481676228178807,0.0169978067972394,0.0305625480933877,0.0144537879637712,0.00506654025078166,0.0244341383810376,0.00666444057139268,0.0925784321601393,0.0173339821451296,0.0267835690573816,0.00230656438965763,0.0274666532130413,0.0782255414398701,0.00698988099929014,0.0130981043357354,0.0699308511569928,0.0147846298100642,0.00153830960729383,0.0117064529835127,0.0305257699452414,0.028703273896698,0.00763416735372357,0.111247841774935,0.018761628016309,0.0209122462282218,0.0555025738596489,0.0493337531390117,0.00815724243408172,0.0165424420322027,0.00220299113430152,0.109661811318348,0.00996404420083625,0.017407946029787,0.00943162059364124,0.046704590670477,0.043933618254323,0.00503278117043012,0.0165213077491864
36,0.148361869613983,0.0297467795697681,0.00784374123086525,0.0145178415723335,0.215633812892673,0.090772569498053,0.0633099306943269,0.0184313520222033,0.00242459496777723,0.00689298156237972,0.120184697465377,0.0237653025164669,0.0138236962960495,5.37951167708212,0.00779336742347787,0.0440448797421976,0.0243096848382374,0.00717433097135609,0.0871996382677335,0.0439259129310951,0.0491742355618869,0.0365824727505447,0.103315667480933,0.0474881838253855,0.0273528306551689,0.0511617974791672,0.0627325060445793,0.0853075782941596,0.0241974783167264,0.0337914376418731,0.0130971140331245,0.263007551070383,0.0140964926329659,0.0174301735728581,0.13396465068009,0.0454648668681874,0.0858671203426576,0.0232613395052888,0.0153899066196843,0.025071100099992,0.0524457632445874,0.024604461111523,0.17025269435018,0.0434761533071115,0.00753449309397055,0.0216399947766088,0.0674688387836257,0.0124519073379753,0.041832993957194,0.186176732429366,0.0248518482696934,0.0243480045930977,0.183572049504202,0.0230100767302571,0.0441344053675253,0.0581465118226254,0.00398951409423515,0.224789033964618,0.00738373274670355,0.0277383082736069,0.00139080634142232,0.0610114109696045,0.0678441285822045,0.0115862418782504,0.0308181925384073
36.25,0.216066394174392,0.190851248120461,0.0773956003346616,0.0195464519476678,0.0223977681578945,0.117145031657785,0.0185517972142337,0.201417773788955,0.0156869574043175,0.0127472174062759,0.2823026171238,0.0595811772028202,0.0501277484522922,4.55529013293716,0.0154797873165662,0.218540306455309,0.0387051454928244,0.0381473156800444,0.022056917618426,0.0637450813422103,0.00433805875962536,0.00123592395165996,0.0314483530575086,0.0997045234260928,0.0991731009042727,0.0315743222857918,0.0151729789284126,0.209443291912503,0.195278464888678,0.105712491886278,0.0304288194810057,0.287449945383993,0.0330905320847339,0.0703151384394269,0.0140421341859884,0.0712843745605613,0.0260458969386639,0.133358500474401,0.101183735508332,0.0177654056794977,0.0127175331216465,0.00724802033484685,0.00564581435510522,0.193405747421854,0.0141696986256144,0.151268237243639,0.19104799790711,0.0436943304724958,0.020201045820977,0.221579363615807,0.00538297528840138,0.225144256876103,0.305573746490506,0.137148464077535,0.126138934683009,0.0103590771715317,0.0177251297116376,0.00209251503568024,0.0125971465519234,0.0779548920360374,0.010210032152259,0.0695011501736195,0.0681220609972685,0.0311242997494685,0.00573488881574831
36.5,0.0759357719420747,0.045099606570851,0.0274358763148399,0.017581060644129,0.00306911799165778,0.0322021095563144,0.00562643453456615,0.0452538601371737,0.011260698548043,0.00401570012970658,0.0314400627631562,0.0326879642533735,0.000571281632541527,1.00287628519297,0.00489470414307077,0.0245587327817356,0.0437520614771685,0.0212098298702856,0.0173142318251429,0.0171004890833672,0.00604820098773404,4.76848372790093e-05,0.0033653163830378,0.0338385438451118,0.00685527170012919,0.0483738138624336,0.00482708232606253,0.05128203082991,0.017266461855047,0.0284263381080001,0.0224659914446203,0.0354674628756274,0.0250660965798984,0.0168816047586522,0.0051175809475791,0.0146559102218459,0.00548221873238331,0.0270862965689086,0.0459270519086132,0.0045479876649299,0.00340565776851547,0.00775617298626933,0.00249471960513,0.0484918270627962,0.00220206637417942,0.0478376082479661,0.0261912833271557,0.00297394616443399,0.000364019193514213,0.0887889460786539,0.00588797496277648,0.0704802453844921,0.0519614002725874,0.0270617157863983,0.0101889338059307,0.0416399924483791,0.0102936074319918,0.02995691575337,0.00499224830310074,0.0387386032603819,0.00716386094989069,0.0666213216759325,0.00897038588302516,0.00593849226375048,0.00766484354599826
36.75,0.0187518787234001,0.110715994788604,0.00783408049477525,0.109937605176185,0.0255674800183765,0.157293061738572,0.0278759850703588,0.0200621749924065,0.0616188787630094,0.015632206547881,0.0199333570392812,0.204138891162106,0.0831461232490864,0.985188860943272,0.12878755604783,0.00887935214076945,0.0848039936530502,0.013624536875491,0.0124873987337264,0.02029008609201,0.00287101831816571,0.0744711270374488,0.0116895730172769,0.074065489183826,0.0201182974267382,0.0734156076078328,0.0799409387337737,0.0457981553823947,0.0469993281582442,0.160816134890549,0.117226047172085,0.0233017005696474,0.00809419536127055,0.0447186364665845,0.00663854431497928,0.100807987495651,0.021398863650546,0.024123809310453,0.0185659474243391,0.139408998428627,0.00852580834983458,0.0905849457449474,0.0258609681844915,0.0722030199920426,0.0349863768552052,0.00787084948867753,0.0015874146339548,0.130872528162576,0.0654034966834332,0.15289016257991,0.0770199483379406,0.00323306478946198,0.00393254025137307,0.169429058470545,0.0361719432079656,0.078363474230193,0.0817592901603415,0.140049366338602,0.216216102340556,0.0229823042285291,0.105563135313483,0.0582621662365682,0.028268260923713,0.00653032928312986,0.0116345753226789
37,0.0916082319471715,0.0686570652696379,0.000111006081934096,0.0140947286105097,0.00614340732554683,0.00248556943139068,0.0323972546559739,0.0165829111277761,0.00599288301831061,0.0499564698179413,0.0241413930248033,0.107323755059186,0.00741154295802214,0.595488100406269,0.000903306434198712,0.122871430002985,0.0232742468514618,0.012215910019504,0.0614585807192334,0.0436208826244749,0.0330742618936925,0.0321015546488439,0.0558080642420518,0.0162512224780604,0.00790846379360115,0.0147609215826151,0.0110447024027432,0.0203747248602528,0.0327767047457373,0.23715442212587,0.00783440892299484,0.0042716348453837,0.0147685525448813,0.0134228296505687,0.0462040095265349,0.0144086399291243,0.0374531720132635,0.0189409750161315,0.0171369731987924,0.0237879209058901,0.0127599963637127,0.00145046621082865,0.0267300753238104,0.00949179910394127,0.0110271386464381,0.035450260753566,0.00323667179830469,0.0323507503031295,0.0196956588150842,0.00446794779043013,0.0103378949214283,0.0863487331614625,0.109129936620318,0.0747618897759371,0.00788896025608122,0.040020901390301,0.0184990622538216,0.0301265763551096,0.0074621798019369,0.0948578949547735,0.0186647253619518,0.0418244462380932,0.0273654252832263,0.0224289832985123,0.0475714406157722
37.25,0.241420280500048,0.158636484222023,0.0182312456683312,0.180245397804731,0.0106951446086193,0.0250321618595565,0.0400412934591289,0.0872886361770883,0.0823060337153427,0.0939806346357517,0.182167525763653,0.086172715795781,0.0372324955956364,3.91743103935895,0.0241025703810427,0.034390320301859,0.0754361011357381,0.0545087869241801,0.00639046546867213,0.0738113688582249,0.00744390177506633,0.0177422032993341,0.0167902921448327,0.065309130821989,0.0189937542222672,0.0118650609660788,0.0188407624471078,0.0657044787889106,0.132541883155231,0.11287303058225,0.0318410289032291,0.176967026199281,0.0306027058757888,0.0854677254046574,0.00191058045790152,0.00621024242239377,0.0373761272549924,0.061951578544956,0.0791092805680637,0.0987191553140538,0.000852649873400116,0.0207918597310708,0.0332558891640696,0.0677955388937689,0.0303893838799228,0.0795282623741581,0.108751889230924,0.115706010374011,0.0140723324761689,0.0599962082985429,0.0173358041832879,0.0560362968341465,0.297049499568545,0.148734230852958,0.0488198209850991,0.0120054510553361,0.0154207700284574,0.0737039052488339,0.0353124055414598,0.0653712484393102,0.0264933609252753,0.0791934990974102,0.0456897640254664,0.0574847513751427,0.0399595246928758
37.5,0.203874125765568,0.0135836093546716,0.043815569163031,0.0399594386378743,0.00747085247016898,0.0347462126412699,0.00401197291147139,0.0223937857598769,0.0155040984462568,0.0137417290994904,0.19326359665622,0.0417642046885044,0.0223059772366336,0.298452418918593,0.0147154955648319,1.69900415092171e-05,0.0426973050707273,0.0081595932758784,0.0353479942169018,0.00907974897900269,0.00146539478219995,0.0306674317122933,0.0258741901107635,0.0440749467995058,0.0365091351150475,0.024702092343175,0.000193132778755989,0.0111344227882909,0.0965175965300301,0.0128462231899262,0.0130228633874582,0.0124260200886582,0.0068125184265691,0.0314505875090896,0.0199203241510047,0.0465508614459267,0.0078108648961122,0.0128858691510071,0.0751566063434298,0.00248945466021624,0.000292198465190921,0.0342944522983904,0.0103442834718153,0.0132743365810926,0.00248309154009153,0.00305328077043234,0.068782759081403,0.0403252110645621,0.00660877195151979,0.0255218373563612,0.00466977201327031,0.00593809223483199,0.364874017882211,0.0359793364370915,0.0618359065123371,0.0196107806721214,0.0505159337532206,0.0516214384119671,0.0367993495670296,0.00195370911554454,0.0253809146252729,0.000136034746398527,0.022200691552304,0.00261036619613086,0.00848031378629758
37.75,0.0293864918084537,0.0510364100445507,0.0244938324471662,0.0679851281673129,0.0282130314547621,0.00645214809270007,0.0811270730562153,0.00439660883073753,0.096123852266605,0.023304565431979,0.0312083157873348,0.180617167665196,0.0211715338181665,6.96717599890566,0.114114223355862,0.0106048085531123,0.00919282590762579,0.0134005070020321,0.0156059864127359,0.0352296723955154,0.0194065335871223,0.00134922300492091,0.0247253129637659,0.0181590795083235,0.0388687218339219,0.0616073862272478,0.0535363825247279,0.025433342148145,0.0157022698210558,0.10561530365213,0.0569732145400503,0.267079731639482,0.0390683620404134,0.0130450900721304,0.0145707080418052,0.00912486725709739,0.0539070381350757,0.0234572371239937,0.0211679245048952,0.0408178102277587,0.0311339330921743,0.00783339244601053,0.0466832373834761,0.00452105576258682,0.109153751959517,0.0263463610140039,0.017354520333199,0.13651925499297,0.0316644944816834,0.0501107032258319,0.107308882759293,0.0157762328794788,0.052078297267739,0.116188750103915,0.0266232774346287,0.10136241345953,0.00892439788024414,0.00348148232111661,0.176420070826909,0.0197769793240042,0.0400235883630491,0.0393402939128494,0.0153698703794877,0.0600475835465441,0.0160912555646701
38,0.0737758331564694,0.0896341727604092,0.0238825562915084,0.00641571414324712,0.0220020560992492,0.00306113105598377,0.0194511537186449,0.0624539032642197,0.0343580037036814,0.120768213647037,0.0461332341706517,0.0550751736496835,0.0310063070083949,3.33523542366453,0.0426887316098932,0.0776970846407156,0.00582401351388784,0.0178287652260516,0.0239008008361546,0.00742035157522703,0.0162018083529928,0.00875366348720176,0.00081290301946316,0.0135801795703323,0.0271603941853254,0.00253661994353754,0.038812620643704,0.00813403775981468,0.0492668526391536,0.00729924444059643,0.0434901033097123,0.201754846928212,0.0211251070642396,0.00916110735344512,0.017533432462682,0.00323339517215491,0.00888333169128818,0.0385533604470397,0.026671106204542,0.035869895659485,0.0284260975429104,0.00614327865090459,0.00389285050292478,0.0164472306942935,0.0746845349061912,0.101440358227187,0.0271394143525743,0.0385885678967997,0.0231607119683248,0.0441388540329832,0.0230150537319965,0.0969132146184479,0.0791677264941486,0.116336288788674,0.0294224161680549,0.0125275529316118,0.0348947206566589,0.111484890857352,0.0369940714653807,0.126291184419747,0.0114765886662371,0.0143870915485343,0.000770249845270338,0.0343296921130118,0.0150343283471235
38.25,0.044194412728744,0.0933759984034385,0.0123764264027872,0.0738115662112402,0.0157443956756816,0.0533421818816059,0.0266931961018314,0.0976519198245594,0.0158416947749875,0.0324783864270167,0.0713517328552243,0.0579704868911263,0.00828977784383882,1.12777794464411,0.00207821263107598,0.0257429516413603,0.0552621420991009,0.00954129367080571,0.0281721821049446,0.0982621545313006,0.000760361099763924,0.000613376029875539,0.0317158720970982,0.0978625515340038,0.0105480579139439,0.00586222050205909,0.000185054320511883,0.0670419043908683,0.0664340489182561,0.020421598608139,0.00180466260822597,0.0192454987943933,0.00675762894525545,0.0283886697434617,0.0351743583663371,0.0583786270142627,0.0240428374096378,0.100717641131771,0.0316148057071288,0.0772248227207126,0.000307216498041381,0.00169856667539996,0.0249522075615707,0.0938150872171294,0.0414748923812116,0.1353630110451,0.0507894247336444,0.0598762320597282,0.000719497801648995,0.0626900287656428,0.00723385971315043,0.0863494481801336,0.127838512945043,0.0959160305492173,0.0286641849976967,0.00834223250891997,0.0248549548782264,0.0112476523675253,0.0101108981150262,0.05201690433881,0.00324017898451881,0.0463630907189972,0.0756188428608038,0.0589150768939033,0.000456867065552597
38.5,0.0895491011773809,0.0395318257968424,0.00842815521803019,0.0107522610563536,0.0152511301054306,0.0279325994790706,0.00985845134870431,0.0246719990487233,0.013904575839894,0.0836175832752483,0.0800683999572612,0.0212483292694041,0.0341765621455257,2.1522455884771,0.00709564650484195,0.0499821199136205,0.0193356009073514,0.00227688664230411,0.0358290428804805,0.0281968789651406,0.000805788559439268,0.014134456748947,0.0318929225894119,0.0607388868926397,0.0228846635091622,0.00356833320732887,0.0198562600924207,0.0639382954689832,0.0901289723325119,0.0457901755309189,0.0187441575685455,0.125649052867596,0.000492843530568016,0.00301338358901107,0.022584544298836,0.0449520446159284,0.0118753132382593,0.0289659557085793,0.0209397888033248,0.00958584824083968,0.00206774484567895,0.00127257284622883,0.0198716715204282,0.0586489622047062,0.00209086131377527,0.0508216069644569,0.0262112325852171,0.00162627152163365,0.0226602521819445,0.0487906690243512,0.00634238573590829,0.0459790873565538,0.103530682450957,0.023763429444076,0.0356138983684603,0.00488837496204151,0.00366282358896949,0.10198649175056,0.0142272052460079,0.0901841707080874,0.00616399445821873,0.122145638778387,0.0561269142392986,0.0108981936621022,0.00696002747437641
38.75,0.00772942224038205,0.0560784096859585,0.0120912405713852,0.0120530243635566,0.00848823706352428,0.0207074458722203,0.0230369517806779,0.0342740069642656,0.0128134920409892,0.0856405568120498,0.00771293461760515,0.057267012574443,0.0196958821299708,0.467426521109591,0.0378509653096872,0.148906641010446,0.00477398968498729,0.0313500420488783,0.042774867256039,0.0116571228674794,0.0413598865610502,0.0313921535434033,0.0191880159571925,0.058364264591148,0.000935018803041677,0.00524230074234003,0.0127402137167711,0.033323912452697,0.0271170245026657,0.036886195384663,0.0325549114149137,0.0534230732960153,0.0204990382757206,0.0310518209399964,0.0456522273271975,0.0395999609085447,0.0110066795966666,0.0310075446501609,0.00478248431445854,0.0031561244750948,0.0202504017252739,0.0142813964416516,0.00315577749820028,0.0312801000062137,0.0447853942614901,0.0468365361949543,0.00664999493489333,0.0574097115576953,0.0105810902177743,0.0142576349655596,0.0414594736536325,0.0854212383463544,0.0137816027379305,0.0760477771757147,0.005683012202515,0.0205433046843271,0.0353786877577503,0.0809642824788423,0.0388958003809109,0.185842762579194,0.0189005688615406,0.367756838286802,0.022328382623966,0.00996907965001761,0.0367217914448197
39,0.116803609275265,0.129410331902309,0.0117518069341451,0.00305514846641177,0.0505598516677283,0.00697622259874125,0.0107106064484619,0.00295789690375776,0.0179776674020676,0.00983834908168525,0.130451788593778,0.169610846541063,0.0182451651141582,1.55982767121136,0.0057178319309189,0.00980615199436863,0.0337367553812933,0.00180084718509237,0.0624104059415821,0.00487193652920638,0.0462085714396791,0.0118124531514388,0.0274817867174544,0.0343430175723524,0.0520594116653005,0.014544581063187,0.00573094860278503,0.00738040399634249,0.0749194931521811,0.186974716316649,0.0011437817840683,0.0603204855727253,0.0174384484163766,0.00225556465293144,0.0491860150523312,0.0442454256192315,0.0145185451644094,0.0042077590662557,0.0261066795297111,0.0293033276410218,0.0442580691524688,0.00130801268942751,0.0212617632005736,0.0140619109235342,0.0185325790728876,0.00922410803180319,0.0482891804905857,0.0582639462508313,0.0177014235473921,0.0079475586920115,0.0036113613481982,0.00844249166525281,0.151667689741442,0.163860616197028,0.0679972021297039,0.0668982747453429,0.00187243879525514,0.00700691296523409,0.0243930037806005,0.00330040411940186,0.00232074440947518,0.00380778147874212,0.0404415673153647,0.0101120154436338,0.0241622363393939
39.25,0.103342783058432,0.0257439093359168,0.0468216687634158,0.000422909427482367,0.00107218602070631,0.0154502021524443,0.0231867716853901,0.00478194247618544,0.0198281452703255,0.00628594785325112,0.0480448692568467,0.0157057291753461,0.0116111287262963,0.599369525212691,0.00261975210637385,0.00408851286870099,0.0566015607727011,0.0107934302080633,0.0163600185103389,0.0305734908737479,0.0103909398085104,0.00167511868944808,0.0167521866474044,0.00672276609905689,0.0131473903422671,0.0103658399566026,0.000725908609942668,0.0209965962969954,0.0287140894715235,0.0435555771657422,0.0028488280363297,0.0389601939539004,0.0382531887753244,0.00877217272792117,0.00881055436730575,0.0167196955870165,0.0124549447038078,0.00245102382380546,0.0631882542409457,0.0452854470814634,0.00448401309831875,0.000526460794483401,0.00644490118833224,0.0104417803419077,0.0228907271606524,0.00340175802838018,0.033368569654112,0.000224066047504882,0.00788543359063488,0.00260606762459111,0.0075886207722345,0.0131124474445552,0.0965946238450547,0.0155479053733098,0.0239966259989807,0.00358553323942466,0.00360041141648819,0.0439374190083674,0.00192955570378901,0.00168582610100873,0.00365374951812901,0.00444781738200312,0.043958610861011,0.0169901515345651,0.00328811659553835
39.5,0.234698704425441,0.0105903578746034,0.0773162416368191,0.00770372528891243,0.0103926924372896,0.0392455293579744,0.00216619499323225,0.0843577928900988,0.00314925834950212,0.142907557046119,0.252748344102516,0.0386202834013877,0.0123884980493622,0.204633228390731,0.0214531651962856,0.0537185324402886,0.0513505385769982,0.00707113254091897,0.0115947850601966,0.0281500503695705,0.000711338757112257,0.0147908578905087,0.0159307868521824,0.0214722657545993,0.0625946956239488,0.0409625739923446,0.0006412917637211,0.0179161599003962,0.08929562031236,0.0214226330137525,0.00518579383630827,0.0183219058073486,0.0133184929956989,0.0192047118244837,0.0125399256041708,0.0282447082126873,0.0169895162582673,0.0467290917179245,0.0989604003399383,0.0701949837315635,0.0142841750921118,0.0409737096373378,0.0121050856643634,0.0275227247140344,0.00636185403771164,0.225230508523833,0.120158321493937,0.0197581183832622,0.00770177382610543,0.0198694837333682,0.00246919583968505,0.111427626491148,0.424317735147177,0.0160753256731183,0.073480059324373,0.0428022834016889,0.0136910771752369,0.0040140320195356,0.0178148927362383,0.147910257381109,0.00733517280050072,0.143006261377692,0.019361348729356,0.0454181225112244,0.00210820362045645
39.75,0.0686530001539141,0.0224194948190026,0.00771706544049971,0.0224980915426413,0.00178354693351426,0.00037681708790725,0.0645538030787484,0.0152793419621129,0.0314182301863069,0.0172116781503238,0.0315988273870104,0.0313808556763634,0.00394184593822478,0.349402889521213,0.0556360891663381,0.000881028305955489,0.035210502862412,0.00111723197798254,0.000828427628218768,0.0228034787010416,0.00486128082462059,0.000736020620924658,0.0298299338751679,0.0156316402668823,0.0154346061611418,0.0170666594830503,0.0225124564091571,0.0178195328497244,0.0168450766222166,0.00698531302017886,0.0376296532030048,0.0310089338923964,0.00723922618726877,0.00541667521617728,0.00189922221116573,0.00428736848938158,0.0302854630134486,0.0155433231669849,0.0176945569166875,0.0861096259181268,0.0168872974780472,0.00734688420768598,0.0361102224058946,0.00138988630081204,0.0490521526886306,0.0104902307241693,0.0419439247920004,0.0235526272875332,0.00181898109232608,0.0271131411459919,0.0580846917699619,0.004532612799584,0.0717569490020206,0.0361233846424273,0.00713024177053394,0.0117731452989629,0.00443668249826332,0.112819617290201,0.0723890747229511,0.00108498757190683,0.004307940606554,0.00512675609709209,0.0160201574747441,0.0299171798068813,0.00172494048785023
40,0.0597498009248089,0.0211089659414538,0.0502110271580633,0.0315609845793604,0.00150522302401198,0.0159227267697974,0.00176314251773455,0.0151343919389277,0.0179843684856488,0.0287567234012432,0.0648105717589745,0.00806135364001921,0.00660326142267012,1.10520892708893,0.00618280276619047,0.0825520976661193,0.0407118005796552,0.0358026362875863,0.0128337751117061,0.000754960808131336,0.04097233990176,0.014260162333308,0.00115738673356836,0.00220534112037687,0.0132955152099172,0.000130497969821536,0.00115470693344165,0.0193105397379704,0.0386790537538841,0.0425411930556152,0.0054902519418158,0.0778584846586575,0.0535708470603034,0.0252820783930132,0.00846527150118228,0.0051320612378453,0.000214243813328678,0.000890154827270018,0.0534592561547133,0.0416828336818427,0.0217306415190113,0.0050104233764784,0.00832814336592184,0.0149970952728494,0.00577772530922699,0.0150585942946479,0.0542579955514631,0.00427182640107795,4.63270521379638e-05,0.0122698622276319,0.0035841524412978,0.0433445362279244,0.104254859735752,0.0146182696505691,0.0270814525600903,0.0158871996648655,0.00550285619227255,0.0229601356619843,0.00839363358273836,0.0513786488112222,0.0111925978873427,0.0936653939178085,0.000430639629646255,0.00259842836831102,0.03217951337246
40.25,0.0636965741663923,0.00617850225284614,0.00788040173846798,0.00797100982283851,0.0035442689934593,0.013006443247859,0.0140281710508943,0.00222249939651599,0.0258422894496641,0.00224354360353025,0.0240885005235135,0.00149775114367042,0.00168690773142025,4.2233504265842,0.00958229392711417,0.0242010134108439,0.0500466701779725,0.0261339436899888,0.0209818778880115,0.0343490765578542,0.00464979477155651,0.018612735564031,0.00712267933779834,0.00989041680072747,0.00795619939532257,0.00778346186870204,0.000242519794348037,0.010432150251318,0.00625966812227005,0.000960831568352912,0.00455325500446877,0.183148258223925,0.0171422586979619,0.0125909865034621,0.00261963184052169,0.0228228751468058,0.011571739110598,0.00256033438389967,0.0187156322912447,0.0212982009937539,0.00414607139950041,0.0123589586725648,0.00260764210969125,0.00382707217728752,0.0237368877753168,0.0138771672527738,0.032323366295298,0.00175043316318449,0.00317337725725527,0.0688320164823206,0.00402738002700938,0.00890729618921631,0.0554771251997413,0.00150493304103286,0.0135929296929505,0.00145806398774516,0.0265295270577179,0.19559304656902,0.0102840285888901,0.020808630793985,0.0100768923939703,0.0454971020379992,0.0138638381056413,0.02698959248634,0.0257136336981409
40.5,0.12087065196418,0.0246609872754715,0.0285269068037087,0.00441673685667995,0.0106226078369829,0.0259457051749338,0.00459282607657304,0.0424494885534185,0.00607398362463411,0.00111208842219368,0.0931361883960398,0.0602550591828636,0.0608595158547166,1.02825589011249,0.0383663345654282,0.0736452443515739,0.0445726345944795,0.0111244328024189,0.00832094440502708,0.0055758464337398,0.0153724140176394,0.00631458596473328,0.00468581584318616,0.0105919853714255,0.0360773558380223,0.0209440447562993,0.0282930112474699,0.0368823379807091,0.0538417191709609,0.0872932970187679,0.0630988021041862,0.0974884679285752,0.031692082468809,0.00708503476088478,0.00669884452924913,0.00536879134787036,0.00364954620601044,0.011847864713785,0.0598124929843957,0.00668855223954949,0.0221834354445251,0.0242390417483226,0.00898707048210911,0.0320325699590612,0.0212499352688285,0.0191508176409697,0.0457196932939101,0.0545009445852133,0.0371989739068598,0.0136665203196015,0.0165041420200868,0.0555733038419269,0.201209943660411,0.0645679663174135,0.0671973186437896,0.0523379840453051,0.0178174542528719,0.0947230444791473,0.0288133876843618,0.0275938120560107,0.011451526686033,0.0102009198986389,0.00464690377959414,0.00154160266923754,0.0124811267853529
40.75,0.00621037560417945,0.073441521947188,0.00837379614187304,0.134482594346501,0.0232894014468319,0.0035194312719375,0.0141145971215524,0.0454701399635514,0.0527213403876445,0.07538169776122,0.00363363732627544,0.0564429254065094,0.000946701805363121,0.516620920564144,0.0231231129788718,0.0391524988742133,0.0025335408885278,0.00882234331027171,0.00243685129653896,0.0557891520788662,0.0226150369179688,0.00122102298639444,0.0109394138553427,0.0103026216352615,3.15126303284844e-05,0.011428507099212,0.00357130443257421,0.00311523454366474,0.00100008060853646,0.0680428970409432,0.00928783020194565,0.0728652864547026,0.0206398894989058,0.016944315517035,0.0129225564005141,0.00197768618247698,0.00380905100584384,0.0314571259638436,0.00437901098397116,0.0379501944194524,0.0155012624887804,6.99320184296583e-05,0.0115046993222251,0.0112526562592383,0.023657803564785,0.106374700074901,0.00137188483043763,0.0638775337555043,0.00348711336894412,0.00319314358220079,0.0154426082170564,0.0810173292717821,0.00573312290874675,0.0832214924412501,0.0038652589713996,0.0403674728056164,0.000474343611318699,0.00228812427935767,0.053799867141439,0.0748692105228194,0.0160915856614575,0.0378526786649759,0.00743721023075074,0.057280507987715,0.0093303319815517
41,0.0175356076799559,0.00777132225011232,0.0041255330435615,0.00854236714418219,0.00897536874551624,0.00191722456597793,0.0012711293493712,0.00610023230080132,0.016120465029608,0.0318812027776857,0.030657084128568,0.00897116565212407,0.00259087266234771,0.551471058068182,0.00978958202106602,0.0131992085256442,0.0127301682487361,0.00434323396993782,0.0005841454689057,0.00174840578229552,0.000210627801287152,0.00610358742847663,0.00221105474093339,0.00357795228293583,0.0210113332962165,0.00811830329531888,0.00413862071280319,0.0145282957297069,0.0163476350445566,0.00993828702887674,0.00600478025471191,0.00555076744877315,0.000511776732350702,0.00193434628938794,0.00408750553343326,0.00147638183210308,0.000412889555033595,0.00223223697642384,0.00544523483429149,0.00596925393519705,0.0127146408499294,0.00936968911059435,0.00308358117867842,0.00575194246800037,0.00293181949592402,0.00394393660574245,0.0130991203222718,0.0021012488486848,0.00545006607762873,0.013319781274023,0.00452934181949317,0.000670115554246183,0.0332811377990863,0.0060997675354931,0.0204610979046743,0.0404922293623844,0.00183866553800812,0.0518423840027197,0.0044320591204812,0.0242273911742421,0.0249738529279849,0.102382794064872,0.00367989182203763,0.00170702626495141,0.00265351665033779
41.25,0.0149198456589475,0.00186907516012667,0.00401759376489284,0.0221776771852823,0.0141473356079909,0.00406191660623508,0.0066628564956164,0.00724826334626994,0.00458584001765346,0.00975568183510962,0.0455325474972757,0.00015642173678098,0.0106528460770962,0.375859309706387,0.00392428767192449,0.00773722135650442,0.00566260775832056,0.00115942115340774,0.0197478936964648,0.0152724468059323,0.00524540508020228,0.00269959635554335,0.00435349076780109,0.00197711643807384,0.00651932903140019,0.000649405611156858,0.00079442880230735,0.00198568293711551,0.0549056334518696,0.116276556257045,0.0106025553843154,0.010219713227252,0.0011287176634302,0.000467715278431627,0.0142147500576119,0.0023248734327899,0.00977316948952879,0.000464197084159542,0.00226303370562459,0.00455870310046765,0.00387151311234218,0.0031774795388408,0.00889591068103711,0.00138004473117546,0.0179602238590417,0.000331222827139255,0.0323808244148808,0.00463218552242625,0.00179764544721918,0.00449540503622482,0.00487427734389358,0.000137749263945963,0.0488596559194718,0.00140245564584562,0.023600137254158,0.0028964227417273,0.0219395657585172,0.0464403626771171,0.00504402022568589,0.00232059488577444,0.00108744290372947,0.0136451083264686,0.00512369297315153,0.00460050185010871,0.00861964292807327
41.5,0.0339506423835211,0.0125020669044037,0.00170091724767472,0.0143014007768971,0.0253753500435193,0.00503432126260557,0.0214549575469786,0.022140454636488,0.00573153800332559,0.0407930434621502,0.0487746761612471,0.00411878346564971,0.0140677167267394,1.75062231059892,0.0409331186307002,0.0218297129811472,0.00449788728042959,0.00277406067641915,0.00190485203974109,0.0156519303932865,0.0145971761042761,0.0110191044547959,0.0172081543796187,0.000372837614867706,0.00727520585715959,0.00523371341856284,0.0265620185331427,0.0172557628379553,0.0520906333582653,0.0454768225201803,0.0215862353046745,0.0973927677087459,0.00220279332574175,0.00594919008035226,0.0206177520472003,0.0032262770915354,0.0132939726506247,0.00310250748683845,0.00689984644308705,0.0163264283998636,0.00293954490513638,0.01616188092793,0.03394364114325,0.00672345381493047,0.0142475064617643,0.0151515072646866,0.024747599637049,0.00167993822597509,0.00860032433200507,0.0204944860132998,0.0441285116608661,0.0318341469109642,0.0751550812762672,0.0161961212875037,0.0225575455467888,0.0155183757815452,0.00373439098381068,0.00397526225656512,0.0650003210594773,0.0427931450748192,0.0169328669306516,0.0348413598026662,0.00718672496000729,0.00109465303825602,0.0062806233091724
41.75,0.146222374991366,0.0994348902078476,0.0333913492639858,0.0953215881182782,0.00772123002306067,0.00379140426317534,0.0313380513171308,0.0334823235348102,0.106038199572498,0.145068061374736,0.0823000870458835,0.0594891681486191,0.00542855945653027,0.797334789534215,0.057931465417166,0.0675010163189298,0.134331476649401,0.0401239123954239,0.00770058859486063,0.0145821109385292,0.0173467390316056,0.0239801379458829,0.00233264810325109,0.00469062555848483,0.0282624778189918,0.0330787217307723,0.0151504646625116,0.00128061213425186,0.0228488496034698,0.118118544244194,0.0217394121489936,0.0573987689607216,0.0331899091631933,0.0425192638786282,0.00304345999689459,0.0119971713789325,0.0229035384745646,0.0281466708979115,0.0845095514756469,0.102925830859846,0.0119914269305665,0.0234864631026407,0.0068357893305054,0.0100897890436349,0.0824968391648071,0.104606030309292,0.0511158148226374,0.0836711112818657,0.0119100907145217,0.0361206563006594,0.0571019343837668,0.0649867916926546,0.114499735593056,0.0810818115240234,0.0348949027303119,0.0211083393747109,0.0246440843398141,0.0521103926483174,0.0971128360908725,0.0889950438582222,0.0466527315035735,0.0601549942792051,0.00337962354058136,0.0614113268314847,0.0269750329861846
42,0.00817038376090582,0.0290009068088935,0.0128515206601934,0.0112535062347465,0.0140564516340749,0.00117368807300542,0.0132257765546466,0.00279764046760112,0.00894761131261861,0.0248862351582835,0.00387535692728771,0.0123802885349728,0.00131905536709818,0.429873810417227,0.0145794976878086,3.01837060005718e-05,0.00672078143844191,0.0156509279676234,0.00117337478652612,0.00133413826318959,0.0271102685496637,0.00328784600398904,0.0151843287180921,0.00136546327263455,0.00780579328065637,0.000250810865697117,0.00676348274967991,0.00343406640523971,0.00263104427212564,0.00834121889696438,0.00629533362096152,0.0975431114068745,0.0193591895412269,0.00423529946323088,0.00646705202560349,0.00196935980504892,0.00507227072179219,0.00223449256903812,0.00555453050736143,0.00478343277671361,0.0155088207792937,0.000434532875990449,0.011016794697351,0.000401248955682842,0.00446259701121669,0.0130821183354514,0.010695671213034,0.00643683398754549,0.00938683804068029,0.000831841194386212,0.0112121044482084,0.00885125105690023,0.00264961253078771,0.023517355753769,0.00305484134731851,0.00134145993874264,0.00327454340087419,0.0192633466102006,0.0273930551352794,0.0392989956531989,0.0152388651423813,0.109747693261069,0.00751063059246935,0.00454874694507594,0.0154102921106759
42.25,0.0140587393636171,0.00119230058356656,0.0112682788532665,0.00668682644437603,0.0267641135806802,0.037612475214966,0.0112283770009663,0.000341077585991898,0.00181813801499035,0.0434681981179552,0.0456663971165341,7.68020241104973e-05,0.0170810558994186,9.3551126399774,0.0219377279626214,0.0174386710003784,0.000225762494748905,0.0169466478351193,0.0042794738056189,0.0086756891168918,0.0275367476509345,0.0169981949366759,0.0190994295863746,0.00443247655630438,0.0267820541796131,0.0107749396956335,0.018471806948028,0.0105358098680314,0.0156101323262337,0.0314399057818111,0.0184668251312698,0.296853011122201,0.0144717066180105,0.0226654459875605,0.0115184784447304,0.0107501019094545,0.00410326170743498,0.00253989981943088,0.00397086416966395,0.00899513418427578,0.0287507743027543,0.00802259561979749,0.0174572395821499,0.00826202028228008,0.00565773106600286,0.0267608148613638,0.0399934645932853,0.00080698310890245,0.0239842249884694,0.174895351140697,0.0121205390043114,0.0151249774843807,0.0617554085049175,0.00152038108171352,0.0279182323961069,0.0220325749387919,0.00321902766661465,0.0380439581019074,0.0238103745140125,0.0470668832657091,0.000198459001003829,0.0437902652532937,0.00919007372141404,0.00100814446888862,0.0143655034693024
42.5,0.168327339640113,0.0844942318947926,0.0432414754000537,0.0196015870269496,0.0292187041581033,0.0210083106921321,0.0176767774896414,0.0498517330208254,0.0489511208308327,0.0856597681123289,0.142535253080349,0.0340343508023404,0.00338098748804981,3.26889703160462,0.00930881725743839,0.0719144892503491,0.0619504531475701,0.013022693442472,0.0163924024733634,0.0447980819152492,0.0208614272090487,0.00218852708073098,0.0313023879769876,0.026741110592967,0.0163975506852194,0.013396770200639,0.00686241410594928,0.0642858166581327,0.0947157050119931,0.0387415042992567,0.00227540224545165,0.00547174965199973,0.0238836844545046,0.00667964011078712,0.0357724146575544,0.011775506755123,0.0266486319627678,0.0444767052806267,0.0775832259064875,0.0466186008260132,0.0161714498574305,0.00204163880476588,0.040466032855777,0.0433503202900445,0.0220669150190991,0.0926712473672916,0.0820881373407038,0.0139893155261734,0.00970586998831041,0.0818150863655801,0.0176180408570513,0.08053948944593,0.221510103744989,0.0530834111065605,0.0283444432622393,0.0482070481078079,0.000306806580535906,0.0515377877835005,0.031874052123372,0.0846740911486844,0.00587698639977968,0.0385652407391534,0.0173666174751065,0.0451785105264722,0.02113791043292
42.75,0.0132016124508833,0.014162011062413,0.00641694080543631,0.0734368922456932,0.00173914884619654,0.0131922038163614,0.00649447027074111,0.00421401501827239,0.0101465264221308,0.0118917783155257,0.00200220060958008,0.0143644385981298,0.00550287636128997,0.523297305350566,0.0118123682798416,0.0110532781274657,0.0201157839545625,0.00957986460232422,0.00840197651959624,0.00112297585889948,0.000680508216369655,0.00295634116151809,0.000174808981796094,0.00873058778651775,4.82593762653011e-05,0.00355220669230457,0.00174088424562581,0.0193264122447886,0.0057655752362573,0.0150653807775432,0.00805918563560028,0.00426371287402609,0.0016847371689478,0.015822411546298,0.00264894299756678,0.0138086999288089,5.48984189384808e-05,0.0052547257485684,0.00797037661163152,0.0215735231465096,0.00318948554213788,0.00124186947937564,0.00288220662650904,0.0106200223554661,0.00397564456858724,0.00776956139090669,0.00172361216193132,0.00951087586316667,0.0015966777510355,0.0309234337448968,0.0113966673275566,0.00896075954029592,0.001201986330892,0.0218445125531245,0.00358844698281747,0.0112318703543637,0.00301989706108744,0.000793802816518591,0.0338144153182996,0.0131084605202011,0.0233391741899262,0.188013135378624,0.004876534089246,0.000582564925545291,0.00271515473385071
43,0.0964321006201753,0.0130655969906687,0.0148637178262381,0.0252269033249173,0.01958471437626,0.000108335700385461,0.0174449064331413,0.00196926052625898,0.0110051995160366,0.0132858130282291,0.0661256874444978,0.0106494778703583,0.00386924842351787,0.279904439115629,0.0266761137521747,0.0236974639502973,0.0161059973504194,0.00300095580003028,0.00577184381679394,0.00159349305015773,0.000398449466201445,0.00102779677612606,0.00364438885201731,0.00590973174442638,0.00226979547791664,0.0035547402613395,0.0197274862168175,0.000818972176595368,0.0206117619223785,0.0248540039551309,0.020697456349502,0.032170202990205,0.00429416044906321,0.00646026328137806,0.00264922448066108,0.00779874700509312,0.00646679014077893,0.00324740775015206,0.0293058488030331,0.00402511653762441,0.000917466458103254,0.00160564442952814,0.025183238757652,0.000114828173777571,0.00888371898459326,0.00305451878362566,0.0327798208383078,0.00618110642438115,0.0245842755485539,0.00115161367299242,0.0288153732519667,0.00229074591147768,0.12712824633892,0.00563554207928734,0.0110811815340369,0.00633236088849202,0.0216543144736449,0.0336032688669507,0.0287458484553328,0.0136129832773824,0.0270313271615874,0.0330231265565329,0.00766359956016649,0.00815157623984723,0.00165249644105965
43.25,0.0493183227192413,0.0311443434956295,0.0255729007944503,0.0339553145156561,0.0258086012486996,0.0102687852425086,0.00685850984707087,0.00822153308208499,0.00614303690684253,0.0119745354878156,0.0690721018187219,0.103466029284664,0.0205493512922208,1.78886317018516,0.00419034625026899,0.0449598366106143,0.00471828267986639,0.03096155700527,0.0148567637879947,0.0135266965460303,0.0211376105853189,0.0121542842948244,0.00481432942080807,0.00975179406630211,0.0497952218455051,0.0387863207312923,0.0197204217964005,0.0487895515799863,0.0464534598029197,0.0129538681046138,0.00403839934006436,0.0829865354536091,0.0512732124479113,0.00630675958506723,0.00553795735831943,0.00746576993067822,0.00984739145492009,0.00667190540266683,0.0203476346479673,0.00215505498372829,0.0228805229743049,0.00475750115632977,0.0165326639871333,0.00798850744595032,0.00393711952035604,0.00109227064315579,0.0950901706004125,0.0616816724038858,0.0281377102078056,0.0629857333135361,0.0141742114542086,0.00938517842333904,0.0982139214472562,0.0607480910266569,0.0485123826126274,0.0944981120163086,0.000457152203753401,0.0650940846562936,0.00419168529585925,0.008430802210883,0.00882122085589433,0.198388016626686,0.0124871571908278,0.00424931186167698,0.0285564753344222
43.5,0.016814881063383,0.026527109544319,0.000784712227394657,0.0924782722546254,0.0527101159064468,0.00590615713626729,0.0596078964863247,0.00960813915321642,0.0396237644477922,0.0140556733073679,0.00121877557915517,0.0818599273757095,0.029935525465468,1.21424469786596,0.0639631047493575,0.0650190779838487,0.00850386653675131,0.0114833677464358,0.0331970201168112,0.0330955907090719,0.0147611896040891,0.0126164377570034,0.0587770915745912,0.0152739105755837,0.00817689321917826,0.0315554480445243,0.0812800859432817,0.0292714163071579,0.00573618068257733,0.119829672611476,0.0438338039846178,0.122036048255445,0.0043727635796725,0.00176595776149987,0.0326965639247944,0.00455722815130809,0.0523042687171655,0.0102503015514745,0.00269220163999317,0.0133715579684816,0.00657916537259214,0.0143048243873113,0.0640933638598872,0.00632206564459234,0.0339282971694827,0.00194139292121209,0.000200340086342008,0.0966887982757693,0.0485124545217923,0.0103934175402776,0.0536842892085912,0.018036579299559,0.0208108503709608,0.053751570739283,0.00541480696177844,0.0464558304791464,0.0193450780695158,0.0543005674670071,0.0945614776925008,0.0238886548880804,0.018750315649995,0.0647269347016514,0.0241888599521628,0.00916256808422378,0.0146903933575061
43.75,0.00478747801770564,0.0217353693854428,0.00520515469669337,0.0112585570085973,0.0106224423275317,0.00984005222785234,0.0356972798988003,0.0150775446410227,0.0430375319600722,0.0438898964662531,0.00753178371139228,0.0387779386208186,0.014149556807893,1.13704292210457,0.0617701423226776,0.0207156946502843,0.0060017228896113,0.0201639907179744,0.00320616056726429,0.0134504412191167,0.0122828409574466,0.0274335990724029,0.0147182461910053,0.00936344354799852,0.00832154965555567,0.0539018932145676,0.0214414272394223,0.0168574799107452,0.00810344666167044,0.0924234465293082,0.0272690442610888,0.0495671916593303,0.0123875166224701,0.00889001641123151,0.00286085057391547,0.00307037418421684,0.0141210389147662,0.0107216939887301,0.00476805362326948,0.0280062740374376,0.00027527853467111,0.0433078071213529,0.0205586961026032,0.0115680922175085,0.0507528985088451,0.0277447670096898,0.00759291865164425,0.00915265131764418,0.00919820744434752,0.0613838575593114,0.0503816825064791,0.0375327049233108,0.00124636774162174,0.0324233176459888,0.018770643122545,0.0885937296729782,0.0329234484504557,0.00998502048250384,0.142334340046643,0.0380832751178004,0.0428567017481574,0.00368060514868178,0.0050538602328673,0.00549930114763191,0.0254864236591507
44,0.00351714630310032,0.0081232646355715,0.00108477788628649,0.0106283231487612,0.00272751643701357,0.0455236465253997,0.00234490601938111,0.0506985612914251,0.00559691926929257,0.0418021919963584,0.00343726759054462,0.00540236238824608,0.00907166758450244,1.76902368827681,0.00722409324724373,0.00801735812441426,0.00511736562376787,0.00200030983779192,0.0019293353919798,0.00542229148576539,0.00023887434972899,0.0110171790873851,0.00117975135621675,0.00895775315340797,0.00292807377896986,0.00671535505930384,0.00222433919200769,0.0142557053542831,0.0110088973197655,0.00254126585956452,0.00391893351794192,0.0666609600064396,0.00395826372586362,0.00341996493774184,0.00221396714816008,0.013978196316745,0.00306953121441473,0.0272568877432015,0.00101213191037673,0.00321536819325097,0.00192785701392517,0.0163989778227217,0.00107029770242971,0.0393029071346944,0.00351876854467723,0.113656505788473,0.00538419004718723,0.00626237248422993,0.00221643851913318,0.0503827665441154,0.00204981661587281,0.049084693813722,0.000545722292958317,0.00581591656505076,0.00735851994555748,0.00972750364602637,0.00525673871068899,0.0373846567134262,0.00960472282119552,0.0448143244016784,0.0146415319976049,0.049199695770543,0.00328391918446587,0.0116919362268235,0.00170854949688873
44.25,0.00304851339590744,0.0198195050772009,0.0200228506125253,0.0181585676339763,0.0138283852115171,0.0102556034975863,0.0073515432343734,0.0186240975303854,0.0230067779342819,0.0493296510637395,0.0352824501358149,0.00419753116424657,0.0176151861533004,2.28424061288613,0.0144081220902835,0.0415910676170967,0.0327240282487521,0.0141631306490573,0.0238612286962666,0.0114872946434525,0.0180495775797085,0.0173723707257753,0.0114462242250534,0.00204093603698095,0.0153240803449212,0.000431804139047022,0.00722526625718451,0.0383357122128152,0.0194174988330228,0.00918686599671448,0.0321840174628212,0.0363316072984745,0.0204455335260758,0.0218711902442326,0.0192598236788435,0.00549681327076506,0.0123731192939989,0.010287013279878,0.0117292503906216,0.0198549570613918,0.0129531877732386,0.00181533091835066,0.000372587648097673,0.018055169370252,0.0454823344639618,0.0599592859581803,0.0101844934502528,0.00780212566978422,0.0145713306705218,0.0817254841950549,0.013216873354592,0.0273677300053783,0.034876494198992,0.0172238069397714,0.0139191214731736,0.00520934399650607,0.0150978217480012,0.00661451740302068,0.0203942429451863,0.0513253973382263,0.0115764560056606,0.0739156118761591,0.00863869859648131,0.0271225101476739,0.0223915049867204
44.5,0.0543144906187599,0.0293755385528791,0.0148541388369338,0.0104201135850529,0.0006907653071799,0.00491294686778987,0.00590214683778892,0.0106418973660056,0.00380955860313135,0.0406537871103022,0.010882142870352,0.017188779067668,0.0166771254449248,0.359332859333025,0.039015868278013,0.0659025411667621,0.00899460286201651,0.0215970308190715,0.0110458865893325,0.00365037332690648,0.0127870941168106,0.0221179038897341,0.00206307404014356,0.00245626248447432,0.0023207337758002,0.00069070060062566,0.00723561044714757,0.00723607551124977,0.00339214217351654,0.0531995339804353,0.0247067715457168,0.0331263952316434,0.0147657170336674,0.0118483380998245,0.0085393062783852,0.0150655589893883,0.00721966723538853,0.00149221866555028,0.0220175799059889,0.0301282252129596,0.00411217061720078,0.00431166281994318,0.00151451028292761,0.00508799698356018,0.0069786750196032,0.0216975147607863,0.012632267309211,0.00482748214069396,0.0092897603370806,0.000668064911325347,0.017651636885357,0.0285010143538222,0.0241598487597495,0.0266953895840765,0.0113752583985907,0.00949500367757401,0.0428010572093623,0.032790307623327,0.0434755487155298,0.0867033240496332,0.00789612742610381,0.223585960490198,0.0129980143282928,0.00369002171594378,0.034260865673393
44.75,0.0232850053718971,0.0245283927682177,0.0192693577843804,0.0267424289144333,0.00782481996237244,0.0318487620264894,0.000482032653937022,0.0807763158016391,0.00152263672642802,0.0270523751969667,0.0429173801108708,0.0188682541324927,0.0253129787672363,2.81423949523312,0.0104099237287651,0.00780930671410282,0.014692008027751,0.00112940151504354,0.0621459637900027,0.021452059786705,0.00744221799527695,0.00726609350623868,0.00515493395717803,0.0605012999503867,0.0396449828548656,0.0169233755182723,0.00457998430047398,0.056620951929204,0.0235084885413726,0.0296820065856539,0.00608501236634318,0.0466526915319369,0.00319429787293246,0.01528665577492,0.00559793635431551,0.0455913523803962,0.00556996546641676,0.0451663955444901,0.0174466715752927,0.0108124484163858,0.0124764416475506,0.0142824865407429,0.000520773766971667,0.0485735761750647,0.00115183076926628,0.108961159035945,0.0559228637269984,0.0275255653851111,0.028394988598692,0.125541835528968,0.00497947723021746,0.0643785303439059,0.0311358774995778,0.0314849254173106,0.0407333720152167,0.0120276122102414,0.0332200122535463,0.0199731791997938,0.00289731239396562,0.0326085172638368,0.0154802302362926,0.00241542995442877,0.0236687178417746,0.0255899711684707,0.00454881806315187
45,0.0566533737760811,0.040948487788936,0.0209272057266648,0.0372353745914184,0.0461326519122021,0.0323251001109233,0.00337978332804219,0.0761734342486041,0.010181245317518,0.10806741247347,0.0534218576996675,0.0223150561138443,0.0111853344206581,0.428051544785731,2.84727537608646e-05,0.0628855915174719,0.019565655128297,0.00714657599132743,0.00458591685833444,0.0505487629793268,0.00520884455396975,0.00113724182189885,0.00080924762360236,0.041033180951608,0.0147835007438734,0.00246279062368173,0.0116817952437659,0.0654199808675037,0.00934914429886597,0.0896396162545756,0.0167468515145481,0.0136885086583563,0.00548361762319479,0.00753207273304437,0.0119068863974771,0.0190222510013931,0.00510898666344231,0.0684268808448241,0.0280974933216868,0.0453009058795159,0.022898074767219,0.00236841922016291,0.0275504739416351,0.0548670124330092,0.0034393862051453,0.13464854967568,0.0306651589613595,0.00570062309965234,0.0211855229503748,0.0236683246580066,0.00313603123157193,0.0808113572229048,0.0622748140527254,0.0316266245073926,0.0194363511987637,0.00715504345203121,0.0122765353882087,0.0327020242225058,0.00658067848653271,0.0978808848197033,0.00100933693247361,0.0900574804261192,0.0162762877589211,0.07427672095791,0.00336955804623526
45.25,0.033755628451197,0.00346465825540348,0.00935184294056306,0.0242986585847706,0.0238157334281665,0.0144406147577131,0.00274581645773131,0.019938519203526,0.0065210172564051,0.00404683152321827,0.0324228743918928,0.0167591196291396,0.0278984485913345,0.362626624365225,0.00289972758277769,0.00129374477997979,0.0082006371122353,0.000329058448647902,0.00438605256334807,0.00659392713803666,0.00280192383583096,0.00408933173140558,0.00278627013253027,0.00510198018273289,0.0256297867305866,0.0159732638171952,0.0181648069491987,0.0194190883315845,0.0229903760868573,0.0284686237933338,0.040046133337518,0.0346986389121403,0.00113202177475794,0.000279615124417843,8.9742915551641e-05,0.013264600409638,0.00670221779077875,0.0103125760998268,0.0159598193169981,0.00536333878802142,0.00102850723985284,0.0194315471298436,0.00590290985266309,0.0146622461920315,0.00806734697324765,0.0198765309792643,0.0310124071079318,0.00341691587746563,0.0226439044345838,0.0500864679659692,0.00298994781386819,0.010907122571649,0.0468118542397368,0.005062568570514,0.0303820992800991,0.0444624621462845,0.0283578827633281,0.012792692552163,0.0361687215278208,0.00457728179265828,0.00697200021071852,0.00679507972664241,0.00091288970956832,0.0032850604741185,0.000998873577667778
45.5,0.0122231975228917,0.00233178912006522,0.00107974380438677,0.0356177955886175,0.00343827648116569,0.0235876438706244,0.00108424261122641,0.0127080224760319,0.00856139744933453,0.0144049817990575,0.0239296496860732,0.00505822174656397,0.00184361972231288,2.74772818632735,0.00816068039765477,0.00986349421743819,0.0284324733524459,0.00582818620195328,0.0106623299111048,0.00346080892777406,0.00976960221622734,0.0106923374210204,0.00618791827973804,0.0139770705837514,0.00411147393762337,0.0150280690119743,0.00313132410384674,0.0256904154270139,0.0215609124063299,0.0343987615260485,0.0050419927262452,0.0412777486986853,0.0106325817216876,0.0102264008668529,0.0131567714337406,0.00836557593731535,0.00482701071033024,0.00636189221762324,0.00100973725075724,0.0220413209541518,0.00135486804504605,0.0088164297671786,0.00127101785436628,0.010789761814233,0.00103874711677919,0.0187337946386059,0.0198581946284951,0.011629573406204,0.000423373402336305,0.100101848616693,0.00648407842227184,0.0128904852009488,0.0261676369491511,0.00826223191229752,0.00745969856291488,0.011162807306339,0.00064405707715691,0.0212055559602794,0.0226695149718024,0.00871439481889454,0.00933605667259558,0.0255295601242593,0.000133955988212296,0.00276913398747548,0.0133512201193146
45.75,0.00955255093711401,0.0137667340004683,0.00288990656553013,0.0151194635558311,0.0101318985166529,0.00781985814260404,0.0179097788460336,0.00576366408869986,0.00615415261539934,0.0270144582822538,0.0166887834041906,0.0137670735962026,0.0138142177257657,0.60533075264483,0.00374893909895575,0.0166517352563715,0.00867672818812923,0.000346664560538211,0.00932979057905246,0.0118120759692607,0.0033459970852577,0.00778927049628516,0.0244647138657485,0.00416783665084741,0.00839528688960333,0.00418567426727552,0.00564877667918014,0.0093799720874844,0.0140313152762952,0.00233589771169606,0.010769704574147,0.0556575699732908,0.00155259222610132,0.00180539869053607,0.00881945494579067,0.0118773637891094,0.0129555238424051,0.00423725889967512,0.0050194305585405,0.00893653395935784,0.0038495245096015,0.000981547540051189,0.0112358568039954,0.0072148305574506,0.0245450788828585,0.00208036312985609,0.0136464650207821,0.00059628046690303,0.00600031952851025,0.00868220705212872,0.00752334156499622,0.00398571881705231,0.0210061422743756,0.0172548234977492,0.0142182281494031,0.0081063892053135,0.0097066512946693,0.0834544871041098,0.00303676856548331,0.0215897498032253,0.00308124651742702,0.0338361892221366,0.00623001761467994,0.00838265750517925,0.00418360778729729
46,0.14633017647598,0.00857637904287106,0.0552709372983591,0.0176181922927292,0.014836583960564,0.0362550993706112,0.00341363809852033,0.0139331545264812,0.0330717860235897,0.0345654477030262,0.11545746443498,0.0379074951233831,0.0241860505568162,0.337863488653814,0.00668694962013661,0.0239746451790229,0.0372860576211221,0.035037434961476,0.00393637896407481,0.00489097337451602,0.0263793109475447,0.00807537522299444,0.000689079503366236,0.022421374281237,0.0564927074345144,0.0243844398801976,0.00550280956141666,0.0443463229338589,0.113530146736641,0.0399558917265835,4.1175275345996e-05,0.0137201546349736,0.040558089114417,0.00629102757657614,0.00820071605318357,0.0115337851123274,0.0041532581917483,0.0136059975769177,0.0755599564196623,0.00403308665217285,0.0368903014644314,0.00414459126437812,0.00252898920380334,0.0288384091591212,0.0122063469050236,0.00366336773738834,0.0634129085069395,0.0220054853026715,0.0188339460668471,0.0742278709540103,0.00762170574379598,0.0100279545739086,0.199317319633012,0.0302798350849377,0.0664015368282006,0.0467888607544997,0.0121804173589726,0.00986501394779529,0.0387795447934169,0.0215391750536208,0.00879163645419299,0.111793673671247,0.0106988381013137,0.0123257387702333,0.0238251487925588
46.25,0.064093733040151,0.00380480681727541,0.0037149551394315,0.0172406162242503,0.00319806495870894,0.0236135097976471,0.000667359501419261,0.0086211810357856,0.00134287729870189,0.0189775328159272,0.0504620353719934,0.037695297810622,0.00247542603091358,0.298416375486803,0.00621195850554106,0.0102303436882555,0.00991249503616471,0.00920315852056276,0.0143488929808895,0.000685920832415621,0.00870495262986625,0.0246661328711561,0.00245283319684099,0.0191845652376824,0.00939819468619609,0.0255170815412578,0.0022198473542886,0.0146212977873821,0.0168460090282388,0.034252448932833,0.00287554143459513,0.014809192227155,0.00788067176124241,0.00350230232401911,0.00204922443411947,0.0120579911449625,0.0002000448803286,0.0121797842142127,0.00533200317494595,0.0031923588890899,0.000156104696996142,0.0107983283377204,0.00361982061972995,0.012686281561794,0.000896478806529857,0.0239502534849656,0.0307148348244498,0.0162864358316518,0.00875227891940147,0.0468215727155361,0.00766482855273485,0.00515938346732207,0.0811169304955148,0.0114784806317627,0.0110373075750171,0.0225606600863863,0.0101552659960669,0.0129672417540082,0.0150488089443622,0.0261528730835414,0.0029663850138709,0.0244789166065564,0.00472890232064362,0.00260319189163619,0.0218846972779378
46.5,0.0135580926729019,0.0515382626229387,0.00408970492457764,0.0375730236548982,0.0394627590552031,0.017009766709145,0.0300350869460913,0.00888140930837666,0.0267849092174755,0.00818964989251758,0.00289425960603144,0.0406095160885815,0.00361235081937066,1.78186333798989,0.0143221101462522,0.00225526714408532,0.00940704069261429,0.00851850574637837,0.0139033042970728,0.0161415187370353,0.000953212699130172,0.00173141977012422,0.0326465288499529,0.0197763414423643,0.00460423779145837,0.0221850274704137,0.0271449123282563,0.0205130080849118,0.00253824645695592,0.052789995115777,0.00747419631642907,0.0406410580705019,0.00495577873923994,0.0127753006715944,0.0170373260652733,0.00697604004882961,0.0348388979929013,0.0212678244505326,0.00520605905243732,0.0530210485058094,0.0036072252193851,0.00198710543829792,0.0424140529876524,0.022290382889104,0.0236255165162297,0.0042739794920653,0.0110006261502073,0.0187554954312558,0.0148715533085565,0.0660962053409754,0.0173460749980735,0.00260928099339822,0.00167743383865234,0.0475933797852982,0.000746542725142938,0.0301286442398073,0.00512781254551856,0.0191154478587888,0.0461451144105232,0.00277417130439659,0.0179310398334059,0.0134859471686205,0.0450053237971483,0.0120864449349337,0.00240595349115359
46.75,0.0858030403902443,0.0212854145518661,0.0216973717952034,0.00702164508315698,0.0344595320245738,0.0758167551866706,0.0136689466565368,0.0360220375105284,0.00569350734781566,0.0400572335994645,0.0561772266969328,0.0170435190145535,0.00329740686418103,4.2879328249411,0.00156474717623472,0.0831636251232473,0.0496650312067184,0.00384994328789286,0.0137243051493704,0.0169402461815863,0.0255032448221578,0.00210815076347077,0.0193800115156678,0.0233362193350069,0.0345600333392644,0.0169461771595964,0.00631945355704076,0.0758812600417862,0.0432637394448259,0.038996760027697,0.00323247844975202,0.043541759110928,0.024032832717798,0.00383206635599642,0.0207812849268023,0.0243064293886565,0.0267150120946238,0.0263677584709686,0.0349011793447425,0.00364819845336434,0.0481895289447854,0.0236965929773588,0.0112125508636818,0.05902549425726,0.00783282115286287,0.0237613141593498,0.0563247380831207,0.023985680610759,0.00658086174807961,0.213022277947356,0.004118591900979,0.05044823333157,0.117431315559168,0.0154318465817537,0.0262033646184711,0.0143067760717641,0.00430500601935988,0.122970235289607,0.00667881215459564,0.0677667727611909,0.024051589815623,0.30914624810945,0.0146018864121973,0.0227667343170445,0.00536271043266282
47,0.0668031696548934,0.00961601832300375,0.0191226857190516,0.0243997660789685,0.0454957902426252,0.0231754734778003,0.00527100732911349,0.00214873971069913,0.000552816641186849,0.00675327810938929,0.0663303974140968,0.0417075665325037,0.000709688568106554,0.644485049768645,0.00159440019556671,0.00245607401975594,0.00811958989416019,0.000370387443174169,0.00929481883851439,0.00492454495662469,0.0121725636952637,0.0108816887009648,0.0193523514118183,0.00690710209879451,0.0276844766291988,0.0371064913903453,0.00395940280713021,0.0150411773792523,0.00694850714457691,0.00768232462926471,0.00234877748274567,0.0624563594275919,0.0134645592560792,0.00391930215708344,0.0157065951007629,0.00803034331891568,0.00346116553141819,0.00105028046574998,0.0231071643157794,0.000351421069471333,0.0302385219445995,0.0195142988820942,0.013418833608151,0.0100571479485817,0.000459200136100001,0.00927269286160491,0.0385728028283,0.0348560989908191,0.00627859722599896,0.00885332109020886,0.00478090599396274,0.011321436712277,0.0887420668777441,0.0253706607625015,0.0195679761813528,0.0250525516241845,0.00384186084741048,0.0119847917994386,0.00393441065333558,0.0106333467077553,0.000902863874807572,0.00288205377432149,0.00337121763679668,0.00190287326508769,0.000961244808875986
47.25,0.00727015197641415,0.0202708515036371,0.00959053733807207,0.00301545846442954,0.0338939424762834,0.00146319184839165,0.00410425248814666,0.00236131045975172,0.0138964030903745,0.0105124616675315,0.000837254498111182,0.0223202356467902,0.0070670408894782,2.57128473642464,0.000684873384322694,0.00201049286812266,0.017869200493837,0.00151656232167981,0.010872064999831,0.0166903189967021,0.0142010982408628,0.000969226956350514,0.00483964822259422,0.00844380888328863,0.00353611192280006,0.00364466196037333,0.00418151125835405,0.0107550301014543,0.00385725324492563,0.0138024719331821,0.0149155278245163,0.0923986766252668,0.00415869648629847,0.00530418997306513,0.0167946817253621,0.00705974413854174,0.00582143333930528,0.00909637760380252,0.00584568153928929,0.00178184123672782,0.0162050210405811,0.00618617529775226,0.0117359628569964,0.00163144019962213,0.00214049535823373,0.00716379790693114,0.0102081606085095,0.0183757109680759,0.00461134416385562,0.0343616866470256,0.00442959602527822,0.00535310673446539,0.00351135945665716,0.0232244515605056,0.00247681725326235,0.0129040956046874,0.0106487339116757,0.0204212132261411,0.00128466044982796,0.0146603066762781,0.000185887842515594,0.00192470542493408,0.00870629208527907,0.00869853081897162,0.00182182128851995
47.5,0.0176469589349616,0.042762302679802,0.0100008504493812,0.00266066835528396,0.00632151155846582,0.0257392968835826,0.00686904879931938,0.00674492737792109,0.00374198181315553,0.0315465802659975,0.0408905750639857,0.0358378943400219,0.000220714781231867,1.36488699568175,0.00283667587345361,0.00573126080457464,0.00446755326895336,0.00384169662344384,0.0113298708338655,0.00288079599296446,0.0183109274444898,0.0130938033619892,0.00372850617909182,0.0115186187812269,0.0152046652046493,0.0298275192776078,7.51099714750885e-05,0.0197049819182842,0.012787089051706,0.014321096535719,0.00750151493875298,0.0276281362601862,0.00700524328673558,0.00682533980175838,0.0229259912111249,0.0146870434141644,0.00224235162327809,0.00512471110510663,0.00854646269506177,0.00652141982028242,0.00775445003542622,0.0249958864694321,0.00099852551322029,0.0127209901606406,0.00734754961121598,0.00981947737856649,0.023398156296115,0.0253611414061969,0.00095934962123549,0.0967125300339204,0.00377693893738685,0.000221788997190059,0.0269316240976049,0.0472209056746032,0.00624923338599871,0.014491229715794,0.00958223805505064,0.0123383083353218,0.00503823911946087,0.0218942013827154,0.000401948295757923,0.0550286846290862,0.00554913520147924,0.00485406758117873,0.017859745502331
47.75,0.0482403513543437,0.0275549167785664,0.00176300648495194,0.0169370924835913,0.0080088554293139,0.0252039809528238,0.00548574910065157,0.0409147790453566,0.00704129590075747,0.0452246540999294,0.0202202502950262,0.023302481976505,0.00380473172347202,4.10453700677937,0.0040906752461621,0.015853400602497,0.0462779515574973,0.0109391919185826,0.0256891233187612,0.0264616024441392,0.00957344991886182,0.00515689894798568,0.00417469451193281,0.0263063418876416,0.00288585387326959,0.000945492992440869,0.00156297788479903,0.0522938370917389,0.0126624579725492,0.0467656199281324,0.00194520961215446,0.0382630552400177,0.0051578184951711,0.001899557850391,0.0219576715033618,0.0141708802956921,0.0123749273068844,0.0391164191184681,0.0265873113406909,0.00580990036712708,0.00260962680953112,0.000178658418761584,0.0100823919071574,0.0341333052123611,0.00191593461287988,0.0619599789041248,0.0125249060048524,0.00024977046490371,0.00444087739522009,0.0938778191267968,0.00219739919405276,0.0350714794422263,0.0274334211031499,0.0140741906754366,0.0132857120735564,0.0118996855840502,0.00786537353026164,0.00521447042620682,0.0086313870208921,0.0546707931004615,0.0149254490911778,0.152946963962098,0.0264949822556275,0.0283616477338526,0.00539824750147445
48,0.0422087663508338,0.0114569566076815,0.012453409224392,0.00788708949467647,0.00660850292093215,0.0196233733262645,0.00353065397094256,0.00418227829502884,0.00694093599437588,0.014830731619645,0.024681203323018,0.0317359748999901,0.0146040397787203,0.846147600648064,0.00893613563093391,0.0042776726061174,0.000697512335991516,8.22534373306142e-05,0.0127870526126106,0.0136549927981758,0.000882368693321319,0.00701816136003487,0.000562553630502532,0.00165719917046003,0.0181281539556444,0.0195780727917432,0.00500166678414489,0.0120021125998461,0.0211929463259789,0.00514505826661164,0.0171990248284564,0.0134023468931816,0.00131797120486721,0.00128999462841363,0.00223435954360836,0.0181287148709669,0.00258272824290255,0.00424566227382211,0.00950838688551679,0.0319613606143372,0.0153187513890382,0.00509303217461632,0.00250590573452694,0.00589057771524272,0.00968598891986664,0.0121049845542255,0.0230754193604539,0.0223544256380095,0.0117796239807346,0.0422496290646442,0.00398030676813171,0.00437801858991924,0.0387044349332544,0.0252136230061179,0.0145283474954976,0.0299597184962811,0.0318155443845336,0.042614539824115,0.00729789422960389,0.00481606044939655,0.0150193062244547,0.0125457803921403,0.00404431787520579,0.0026931038573106,0.00240298086930678
48.25,0.0567871788009354,0.0202540012059881,0.01342093420174,0.00396603367275098,0.0231198014796835,0.0326740635611936,0.0364952998514462,0.0166801092516033,0.109720218384404,0.0849448843443161,0.0817124956436364,0.0108101542988071,0.0012375857012053,8.31947886307542,0.0490591363500899,0.00747587649302124,0.00900041794843527,0.00453615174197825,0.00952193785603014,0.0123839131127444,0.000109908286532008,0.00285514436944913,0.0221425262634847,0.0255943475278951,0.00956677038735843,0.0124352727787074,0.0193534925278408,0.0409721589854243,0.0535109151628684,0.019231121539035,0.00318776278014493,0.204607932141527,0.00798395057650615,0.00776756068812732,0.0123048198786085,0.00278900830684524,0.0372655097931222,0.0282053130004388,0.0268013114659033,0.0215230750051821,0.00388958856207808,0.0113439821661822,0.0342300681850056,0.0242275487136789,0.0900606761049946,0.0473107560967203,0.0428577654191623,0.0024870795794089,0.00683656148050354,0.18426315651856,0.0470912563832505,0.00860074130806889,0.128921382061426,0.0133599609101135,0.0211950753207405,0.00920183979574564,0.00735174941907808,0.0040107763704757,0.102871660183849,0.0406568387525779,0.0389938853769488,0.104823662717445,0.017428935322356,0.0840208510021128,0.00131194639570739
48.5,0.00142408963827718,0.0103030249451022,6.63760906211863e-05,0.0175938850036382,0.00366472312804855,0.00930108207021193,0.00515120125158676,0.0152838296449376,0.0128825017387023,0.00409523357747578,0.00022483090703208,0.00357292586916648,0.00670948737569625,1.54753725995522,0.00846225920342975,0.00495466926587931,0.0103322964698948,0.00195994523085214,0.00801727463036759,0.00632455392895288,6.93891990467037e-05,0.00448242316306079,0.0077661677956057,0.00947113877569624,0.000639887389723375,0.00573201918975505,0.00122689644562604,0.0208521055342032,0.00741978432082611,0.0130938554791699,0.00191628305535488,0.0194233931086525,0.00177124341076845,0.00800605996251999,0.00458386878354089,0.0189204867155081,0.0123690573964756,0.00905106470247739,0.000218661825840241,0.000999040869305484,0.000410142631061222,0.00118319807947652,0.0114044978816195,0.0100180374355151,0.00571558979009634,0.0042621506605414,0.00956946092728131,0.00997364421348301,0.00290466038424721,0.0507981037353446,0.00968426213286669,0.00313579561715723,0.000362457976367024,0.0134795644575771,0.00290456113562173,0.0160048617529315,0.00423987835200418,0.0274095949995369,0.0156820746659535,0.00781887702904697,0.000714893796566019,0.00931117197444926,0.0224982591352457,0.0061167758712262,0.00131096968651965
48.75,0.0198993930979863,0.0519952813263215,0.00214363449110981,0.0285768929167114,0.00934122815749652,0.0211125298211014,0.00535318248600096,0.00555775473214726,0.00657538420475414,0.0103443922906239,0.0390803501594051,0.0449519706599476,0.00480200914053304,1.62034169480436,0.0108646223197244,0.00555317802554706,0.00543204940853216,0.00216765662210576,0.0172514024487403,0.0236464903728598,0.00391047343265622,0.00155171437629623,0.0138561297438966,0.0219072438865289,0.00736648795635938,0.0169580733276887,0.000787637617654967,0.00743849060635383,0.0424677468644017,0.0487061384981055,0.00157880572513327,0.0419082509115356,0.000752969379250361,0.00469943472899829,0.0113525535915157,0.013379136160725,0.0092239746907943,0.0105385460114415,0.00505554398935289,0.0157506386417297,0.00143050969981639,1.31087407954975e-05,0.0112356317982237,0.0100495062268374,0.00250773803370035,0.0139437320053175,0.0125950144031245,0.0314252107773199,0.00115286906477591,0.0451311563558738,0.00614087473977407,0.00595065844261505,0.0341691604057652,0.047845021960974,0.0109456031895173,0.0181385361077405,0.003857571523536,0.0668287001634217,0.0285967324714394,0.0107910322853188,0.0330793066712191,0.109197070740383,0.01427228172544,0.0057150312662002,0.00219693196377241
49,0.00314782326511727,0.00201603976244204,0.0175327938426696,0.00565078071833176,0.0150537623950264,0.0239044456748543,0.00169244934902562,0.00849199461287998,0.0308477064344537,0.0398079507962593,0.0116416914121543,0.011637473834565,0.00205866089047239,0.322494553598552,0.00820434067190971,0.0312613581246735,0.0238799617973813,0.00807489609717357,0.0260200197158359,6.85025085463144e-05,0.0236324228332436,0.0244966274997365,0.0284281661661485,0.0106048753522033,0.000473491173734105,0.0150035841440585,0.000244601063453967,0.00504992119937457,0.0132669970943591,0.00628025104222147,0.0128739251917602,0.0189715623592127,0.00772142919413511,0.00545850240981054,0.0396308984558593,0.0287936151801076,0.000356032349152829,9.39735310318615e-05,0.00660919579739593,0.013271821020917,0.0191116416760107,0.020743265220955,0.00583730980305034,0.00289122943657983,0.0122119142135014,0.0329481485632621,0.0101140928922214,0.0116890143234187,0.000524230271361094,0.0343943270591683,0.00532922960893698,0.0196629384820407,0.00583983832896975,0.0055877033850454,0.00221968691020559,0.00689423844250804,0.0114374134928395,0.0260294594020637,0.0207338514759028,0.0405852312244041,0.0221019407240353,0.0647122534716268,0.0301111829815737,0.0101278321980776,0.0217929321046368
49.25,0.0100359142553118,0.0127607767800528,0.00246978990064669,0.0103537100427723,0.018322160602725,0.00238586807516906,0.00224771110385697,0.00418284932363,0.000145350015744709,0.0129307537645499,0.0246585656862116,0.0298709631417497,0.00692271990833386,0.806747573884911,0.00299621766447459,0.0174583591807903,0.00323082818921169,0.00765217568283047,0.0246896464016776,0.00138767295281807,0.00821291122892939,0.00491598700898472,0.00333094014702919,0.00266944272061715,0.00825018981530825,0.00738958079896637,0.00749249129425714,0.016827983486569,0.021201193272636,0.0150741902252516,0.00575697644723902,0.00142352579807657,0.00623259998977991,0.00299756042692173,0.0144264774624017,0.00137114923118831,0.000641179398610203,0.00274489981706862,0.00292075117911014,0.000850556623911003,0.00895447994750489,0.00112354893249313,0.00359051299636594,0.00581211273703939,0.00162517850161915,0.00828958781149895,0.00402016321946625,0.0257969109312818,0.00927576193217045,0.0425075856544465,0.00417873016884806,0.0152537610800678,0.0260188642098447,0.0183646212801441,0.00844230154058384,0.00451629137281377,0.00411516652167615,0.0629239962623728,0.00129000425976765,0.0280504142082838,0.000251388483914802,0.0769172011406509,0.00389531101477895,0.00376152591068,0.0125543508516238
49.5,0.000639403551024629,0.0805094634166609,0.00226682460581022,0.00192745271717772,0.00479418741331608,0.00790688712640629,0.00231659242578099,0.00425663863513433,0.00779014008472149,0.00284520800706415,0.019182602849086,0.0720546824294267,0.00882826933292996,1.6881870232387,0.00337220006958271,0.020146180783873,0.0034073294049307,0.00881828059597477,0.0130004240132062,0.00531999544007637,0.0118969220433627,0.0169954508947332,0.00272994182327514,0.00205305199350799,0.00398120586197183,0.0145445154820138,0.00607303773729835,0.0170264611483254,0.0379824868198027,0.0694022760147414,0.000715188184120832,0.0438714295030056,0.00907161126538576,0.00237803845712912,0.00553091190179554,0.00348332185430255,0.00200755277067571,0.00209104147437287,0.000730101491684506,0.0115394757939784,0.00266534450247644,0.001643905446263,9.98221379971687e-05,0.00112462754292392,0.00241131464425978,0.00122254228542823,0.00335052301672372,0.033614407271363,0.00388174766804614,0.0643818783303843,0.00459228779847802,0.00460747641687118,0.0126325231796993,0.104010752294194,0.0145706846486657,0.0157443415517002,0.00500219917744788,0.0546238166387582,0.00323373287117905,0.00494096359231626,0.00109122132262859,0.0153764393963997,0.00102702229803006,0.00650284933152092,0.0225801632409892
49.75,0.0782194939418332,0.0735409115884505,0.0238492876791883,0.0170078670607762,0.00847135746298855,0.0185627418409693,0.0109179439816453,0.00462440438619214,0.0313212716004567,0.0178940942923367,0.131404948904158,0.0928238569047465,0.00933169334291033,3.02524261471364,0.0310997038157771,0.0174311127625475,0.0124602061394509,0.0053128198651059,0.000594066760411947,0.0195053577924595,0.00699361311399885,0.000114403920729095,0.00144577938183597,0.00446702890302478,0.0526818146792855,0.0323327136633751,0.000380218274301506,0.0327131790890704,0.0493233025383167,0.0333223958315515,0.00444006060948234,0.0416702633898311,0.0102110433064627,0.00193734368950541,0.000235930393839457,0.00203854760445707,0.00512727498618928,0.00154550431645551,0.0205278950223997,0.0182492628210188,0.028386615932784,0.00913643402678322,2.06729500144178e-05,0.00845174224240026,0.0311272109486954,0.0111535487413283,0.0656785796968396,0.0442585875496551,0.0137145331926139,0.156893243588359,0.0141233165750478,0.00129072567070558,0.137076150476177,0.114530161045513,0.0520834913135573,0.0269869095581677,0.00369476283735226,0.0343941629318222,0.0530114520870778,0.0234049420811335,0.048590578322117,0.130362353802155,0.000745500763196187,0.00624352655898383,0.001228517421458
50,0.0386870382491741,0.0121252367551614,0.0166415408992421,0.0342803872107371,0.0113361753020132,0.000362750877080909,0.00936346939815624,0.00429877201423196,0.0368215562275518,0.0272806499673573,0.017914227670188,0.0278280872744624,0.00942055942388508,0.258728028572986,0.000323791671494701,0.00113272075901747,0.0113995630119783,0.000118026209016877,0.00385558403146502,0.00544981724579005,0.00893474173461359,0.00331827127680972,0.0108311062551256,0.00390507856221247,0.025909224668306,0.00263207135515402,0.00799961313040918,0.0015022800764418,0.0069409514098779,0.0111656157345858,0.00786155440818403,0.0190420712689776,0.00673998457983966,0.00309489179114842,0.00801336321190068,0.000183241786392972,0.00519426085240504,0.00748853118967889,0.0106178312899808,0.00601614460189987,0.0125341475956004,0.00394729748684803,0.00600955622088787,0.00189982000821093,0.0141050110527939,0.0149028337705059,0.0297678846920667,0.0383008850875426,0.0109389350690365,0.0006806076549982,0.00289124029332221,0.00136730674185646,0.0169435291225346,0.0194775716765509,0.0155494741756013,0.0183895520541248,0.00313302494969573,0.0270345084193858,0.00677730549257648,0.00904023184681945,0.00766279443924326,0.00465870343535457,0.00563932297300124,0.00570392565762021,0.00128284835993203
50.25,0.140307847256694,0.0180034228056555,0.0417339622064792,0.00721902803232523,0.00948939132180709,0.0784914114866989,0.000464565154597327,0.0654301857511099,0.012741363070532,0.0614722471725116,0.118046793749843,0.00478526574728111,0.0515646187955731,0.70047756502661,0.00453609080656554,0.0913220923749678,0.0365903831441043,0.00454810101656458,0.0209354661268804,0.00308698713804382,0.00684291140510439,0.00978760705430662,0.00213313024568274,0.0414505134210299,0.0395655442008384,0.00841893110981413,0.00645553680254514,0.0538505132718014,0.100778031107992,0.01393040139133,0.0252105972690959,0.0561152440108581,0.013974386116975,0.00430207136565721,0.00584182294701997,0.0480863466203518,0.00390226609005584,0.0360046815942169,0.0565221033472846,0.00448597216054006,0.0284124597611295,0.0105696066266134,0.00363618285359876,0.0602198390195423,0.00215041920591694,0.0638473740155387,0.0508369546144482,0.00595512401390237,0.0335013868660383,0.0544065329985751,0.00178721663574691,0.0775831484075088,0.179690583803834,0.0103319035415963,0.0728366216393853,0.00950183707231088,0.0264618662011788,0.112717344310889,0.00973330185148944,0.073761557787753,0.0392243702412968,0.199453738801465,0.0184537011049591,0.0113891820995157,0.00330109480867783
50.5,0.0800612176909765,0.0123022778228044,0.0102917253675902,0.00314051753638646,0.013944649130531,0.0257079115456049,0.00310430801320258,0.0287185668498833,0.00822334717971929,0.0693525405929714,0.0926586578888564,0.0199149297418724,0.0509889172983529,1.36222389051193,0.0156727224539652,0.0413304360338697,0.00216526313019298,0.00165607350880014,0.0190187129635481,0.00876296026418355,0.00081795235143428,0.018848038881201,0.000272744132361042,0.0199606584757682,0.0516993036169931,0.00974646840757611,0.0169944422788046,0.0133533132584447,0.0916952734610385,0.0190039910169553,0.0348052828407018,0.065985582649442,6.69909211050462e-05,0.000222668503253921,0.00310035634775789,0.0147937991778157,0.00783054059005405,0.0117228153833848,0.0163958879083166,0.00294825823018668,0.0119842792201322,0.0135037631763715,0.0113696319115557,0.0115445598004036,0.00609749134424821,0.0335474068318233,0.0207092410268458,0.00796173159871876,0.0313326353262726,0.0578814455844625,0.00760853668805755,0.0360646843614523,0.119184737217066,0.00787854845453427,0.07850457688401,0.0399389664241701,0.0404286790236871,0.0608175726600574,0.00419810418695916,0.0666906120210391,0.0166251497686728,0.0244168432405451,0.0147200801018425,0.0194709179119721,0.00974620957297429
50.75,0.0365137416695629,0.00355972171026447,0.0163605296796784,0.0326413366324719,0.00434529491047594,0.00877753150411904,0.00440567575072389,0.00403515986025896,0.0193199157736668,0.0061601083657939,0.0272681874540941,0.026344873530199,0.00333857579688093,2.89703450056466,0.00397671384532446,7.13373617026304e-05,0.00267433847612469,0.00822680741605502,0.00116347112894034,0.00234854048694086,0.00977388626848754,0.00471955331825857,0.000582109076564838,0.00362462175048739,0.00928649557187595,0.0109628982322304,0.00460400322532379,0.031594595470978,0.0283818135680333,0.0161775351370933,0.00613644406183737,0.0141348569963067,0.0125848955627979,0.000976056970626031,0.00145433506722536,0.00237762487751546,0.00160857398713577,0.00262421227285009,0.0179876833949363,0.0150045154140881,0.00660848001115751,0.00386064443871076,0.00603461802773948,0.0103036345048476,0.00797086734966472,0.0100146891787723,0.00756734594885626,0.0258225668290262,0.00595785743084621,0.0983708492054436,0.00561922619301292,0.00309939066919849,0.0426213891735839,0.0231996610638429,0.00717358402464193,0.0458101919600411,0.00640122475121316,0.0100180612205442,0.00839853919267955,0.00680870654214582,0.000997617368557714,0.0735453633238443,0.00243906901130849,0.00889491734147472,0.00382054759859767
51,0.0140706663288061,0.017019761414844,0.00153263482872071,0.0206248506634247,0.000681911122094295,0.00561601100276434,0.00893933236662064,0.00431233818619022,0.0338267475293594,0.0779441461033776,0.00143013484963117,0.0303756601035874,0.00190575088358039,0.618423412979203,0.0186927217897266,0.00887813254220863,0.0121148178175927,0.00882643527869546,0.00121382882140894,0.00221947807622663,0.000272886995567847,0.00234802911894637,0.00189958888483261,0.00326228670779902,0.00103416751838649,0.0273206210378028,0.00284485374874097,0.0141136672876465,0.00744882688931579,0.0738620286112344,0.00237065891992263,0.017174104037594,0.00367434006776317,0.00714943355329701,1.63019142287327e-05,0.00484069643202772,0.00577587045043439,0.0047189712945075,0.00499317114212222,0.0147269114899731,0.000398582448973525,0.0101669929806446,0.000876202537763601,0.00542333604956495,0.0286748787418478,0.0282853839490162,0.000274263982931096,0.0385454161140159,0.00114778053127301,0.0312960652315207,0.0073476912569157,0.00588314585301842,0.00230264687801048,0.0300538651122875,0.00216043741196948,0.0106225244499618,0.00150940863305575,0.00537829520523934,0.0347320694004707,0.0456159229133988,0.0207263675483803,0.122339461595333,0.00141423781457627,0.0214461812711638,0.00380230564962175
51.25,0.00103869923298221,0.12067749998802,0.0029294332672408,0.00139115095075771,0.00312112815348425,0.0247285511336823,0.00802214933554611,0.0218531439929154,0.0146929063664129,0.016780947167177,0.00231431370358625,0.150274330505484,0.000346707842165858,3.20146528779306,0.0103513618697827,0.00114785438481352,0.0172482746585074,0.0084191687509552,0.0480122498408897,0.0224983234253635,0.0208940973117768,0.0186257362367762,0.0103277255642531,0.0157472724670715,0.000226391343845447,0.0216743269021729,0.0100671623255487,0.0328267521481168,0.00155465096450631,0.0793270914657364,0.00111282429375257,0.0548092572425886,0.00880212466532118,0.000864260805346523,0.0170796562555631,0.0371221338409993,0.0113728263386216,0.0210001017921615,0.00311801569588535,0.0375926982202741,0.00496017684927692,0.00514304896230152,0.00435731970662534,0.0240570303036485,0.0212385693373541,0.0159750001300929,0.000330562132240759,0.0589975166809407,0.000385356238557292,0.059242216004787,0.0153771284556316,0.00947886232428671,0.00269066154914895,0.15940490818792,0.000244212573985688,0.0358898339833934,0.000735145281992151,0.0236546545501887,0.0249670995913543,0.00645839012967701,0.00115397269478383,0.00676902407055354,0.0295393616956682,0.0252737015905167,0.0311190300926374
51.5,0.0704755909548198,0.00488585766678089,0.0062392382659881,0.0136437032705252,0.000180790657118242,0.0354976290546558,0.00567118526622,0.0159291455345934,0.0201114914649465,0.00276529441370415,0.0659805951545413,0.0357866388160952,0.00684171250410308,2.69209326716319,0.0127176107963471,0.0282455664588735,0.00380225409569896,0.00117526750560678,0.00384171092647165,0.0298899556465681,0.000207100795519705,0.00375476184296696,0.00367520633451563,0.00514388635550541,0.00542738651153016,0.0551353087637587,0.0032689294633954,0.0619498505325257,0.041503731204123,0.0393918978895164,0.014370173344113,0.0111292302177551,0.00245216361106296,0.00170984291080056,0.00128104386784809,0.00655433641543415,0.0112231208223037,0.0181076137953575,0.0110332908568572,0.0161694168474236,6.0423208844835e-05,0.0193029312837848,0.00104582774874402,0.0272203621517639,0.0105383948668594,0.0133212770937545,0.0333427821204595,0.0240777654325961,0.000641185687175644,0.199927048573341,0.00571672453458549,0.0254192897941036,0.101182336512185,0.0210687968761607,0.0156911039374069,0.059891415049894,0.0204215984933884,0.0261834520780834,0.0142017481895471,0.0142957530352739,0.0442079117775874,0.149998472018481,0.00817353712079942,0.0220750024812315,0.00170659892305486
51.75,0.12079667555615,0.0972708529984638,0.0204179554906393,0.0215022980565087,0.00860945335021787,0.0224728030322978,0.00927771655805843,0.0165885117576471,0.0182712462293713,0.0729948968445424,0.0786986227700977,0.166305452584274,0.0218484616981341,0.0749207840988765,0.00277358612403982,0.0661882029192891,0.0321892485508764,0.00106209402053609,0.0335528654556495,0.0116326424664305,0.00307893560798146,0.0467846808601102,0.00789816236860525,0.0138277678703416,0.0187798471972833,0.0885600668904066,0.00474520752851944,0.0148776901995363,0.0373279739568445,0.414702813980274,0.0365509147776759,0.0815048459504785,0.00655945763153521,0.018628261939839,0.0041561541023509,0.0235319024077668,0.00519636886716171,0.0185390825646643,0.0482141667036188,0.0622500184513051,0.00963253903496031,0.0349837550569583,0.00593802137857557,0.0136801869682022,0.00740725612963235,0.0382108208899955,0.0490529024443808,0.10847343322764,0.0107806459165582,0.0614455904051592,0.00486568813974352,0.0295481161612258,0.19126766711824,0.1713678343475,0.0280500638439858,0.161689556337174,0.0292435959363193,0.0277300840732291,0.0156466602181327,0.0905071934278456,0.00222712531372293,0.214879295875328,0.0113651419972708,0.0197320460882429,0.0182485250120882
52,0.017371503734247,0.0355344563481631,0.00336429789414632,0.00604806277952815,0.0115808706838791,0.0195075023632951,0.000481552498580285,0.0379842442352516,0.000743764381922303,0.0610772215803426,0.0118108915948668,0.0280269280730098,0.00114769223220774,0.278852713772367,0.00862437186714873,0.0676663239264556,0.0163754501342939,0.0010155694709838,0.0168827872031907,0.00387058567221559,0.00558758709693097,0.00443373853766443,0.00738565780989104,0.00332917390350133,0.00935555041256569,0.0175662206106392,0.00383488359287781,0.0311506839813119,0.00460460761944585,0.0366065312595052,0.00414904671362395,0.0667261544858972,0.00403403666557757,0.00107160969972537,0.00636997101826102,0.00920907275423743,0.000767738311570304,0.0121054595447824,0.0080450543942649,0.00742189251325501,0.00192196979981486,0.012386322860783,0.00649022941017463,0.0198752348842386,0.0032920367660639,0.0573556693627158,0.0125791688583918,0.00876741742334278,0.0032109999622107,0.0441274081188241,0.00048692337932984,0.058947422524418,0.0370439037357968,0.0321826597780325,0.00418060761278545,0.0525595299311513,0.0042716624298001,0.00049332241402235,0.0136346788378965,0.10435410591759,0.000843394518468296,0.15402571580019,0.00337807705518551,0.0138456026366065,0.00414507182119274
52.25,0.00793119841897948,0.044607102630547,0.00809501003496698,0.00129269941291334,0.0034314860345475,0.00416126225734763,0.0139726574014899,0.0236730087484154,0.0105106479656346,0.0365995825291034,0.0420008375986484,0.0568267875103436,0.0176189677434582,0.13558321312778,0.00552354120902845,0.00601033932229646,0.00507045932597803,0.0173983873555683,0.00578607491628704,0.0347165872610513,0.0068171548642553,0.00271151456050286,0.0148125451865145,0.0206386031914676,0.0201213311214698,0.0133299381912769,0.00441067803397818,0.00510693734639206,0.0251024558810961,0.0578813127099097,0.026916770260966,0.00975082432501718,0.00844940512114803,0.00322712337465978,0.00760337432499449,0.00708706521199724,0.015239469120534,0.0365183496667512,0.00655443976202532,0.000488700671786616,0.0105316324405961,0.0015524439189565,0.00915206838907313,0.0169069788627625,0.0257540709155583,0.0292892224839508,0.0414734055174058,0.0249819387911841,0.0110044299662519,0.000904076736621481,0.0078154084138371,0.0152498173668889,0.0319588723272622,0.0616102821091041,0.0178330610845457,0.0527704450199218,0.0164836533317196,0.017268064022934,0.0122695794387406,0.00837090969111262,0.00356935794433962,0.00688661379846814,0.0145883128754291,0.0331597809620195,0.0102040511712392
52.5,0.0254159833614616,0.00129655200252931,0.00378813304738641,0.00211664256253735,0.00573115601187872,0.00288908634428323,0.00379815102293728,0.00911157682912028,0.00961006340106249,0.087235026268675,0.0229656473861564,0.00723544543266876,0.0112568741551913,1.16540104411719,0.00329445864117581,0.0437851884136872,0.00174535383592853,0.00137937561909621,0.00915315564706161,0.00425643798552271,0.00175830078126279,0.010177919423458,0.00176735172408729,0.00564822092611024,0.00426106701767162,0.00423206522611728,0.00913174990989091,0.0238950051755965,0.0163678395021823,0.0437060979988807,0.0137920304699174,0.00303232750305227,0.00408279268907085,0.000182020933024033,0.00438857151853173,0.00426943834605706,0.00285453749756484,0.00520274081103082,0.00509747192706442,0.00214972193388285,0.00673409087103532,0.00399818515286451,0.00674824878959091,0.00682836760844418,0.000508758486187048,0.0262852105628401,0.00899057058806778,0.00493383681155256,0.00722661365043019,0.0232752894105346,0.00396518381213816,0.0163466002104846,0.0474165105958943,0.00560701930505678,0.0132203119025257,0.0198013553760791,0.00541959873400476,0.0492654842654824,0.000579510078838544,0.101785170240469,0.00561012383097804,0.214750045507978,0.00123868919420327,0.00261056649562577,0.00183517855983113
52.75,0.0566543947539434,0.0127505544961061,0.00204306306720356,0.0612388205371869,0.000774000190222243,0.0226945764433205,0.00110763434706914,0.019697267283757,0.00282342916248097,0.00817900209625612,0.0527556966066324,0.0145324558478783,0.017964147252434,0.394478306866303,0.0113555455062577,0.00201901156921596,0.0391096016829797,0.0136099158150132,0.0107421313133106,0.00137639562823558,0.00949737180222368,0.0196836070002222,0.00253620792384238,0.0289583658096957,0.0282395405729897,0.0128243039447891,0.00448210574031313,0.00531070940820291,0.0522711216907219,0.00155260474718181,0.0185934778637079,0.0107526617607734,0.00370275453029418,0.0292073012683997,0.00351039325266446,0.0241203883097313,0.00341617502599027,0.0185424683108169,0.00835971849816576,0.00281159001220625,0.00627454645351307,0.011370639632616,0.000440705223544925,0.0191034361335568,0.00115242426460946,0.0158245964764157,0.0200854979591372,0.0306409183624276,0.0092937192788783,0.018062187376484,0.00168440178488718,0.00478059304215204,0.0642293033255579,0.017675097825119,0.0318071151385036,0.00487568615694942,0.010234746104018,0.00534936019023552,0.00742129926485703,0.00599300399991645,0.00940363536078481,0.00283567932428891,0.0192124690468461,0.00850764235975881,0.0134079480804042
53,0.0181107593506311,0.0728591879801093,0.0109846691585974,0.00217621378500393,0.014977665903905,0.000286136935208559,0.0148034824201644,0.000812559280543102,0.0042995957116799,0.0292035965078003,0.000584087820877743,0.0831553198896121,0.0106958297588086,0.358847973869768,0.00937278749598079,0.0152189170224533,0.00711304661822673,0.00225846327273756,0.0090061201660616,0.00133529657472301,0.00471518408282271,0.000119474484867412,0.0121102399325441,0.00173418625939817,0.00436140603389629,0.0221918887488806,0.0228271502567097,0.00366284813094667,0.0034724903970594,0.0659868895963083,0.026257723664878,0.0371969539095249,0.00741419464279478,0.0012023126702303,0.0100637556599121,4.6796613932441e-05,0.0122389061136978,0.00235173263828143,0.0100139561965605,0.00599778388362282,0.00556485508193016,0.00232578523595501,0.0196727593158013,0.000335520148719386,0.0150553251799561,0.00920507041580701,0.00318776174999419,0.0311595838427047,0.0115646133921549,0.00492528774871503,0.013362521592552,0.00505528119637814,0.0126974570704884,0.0982141505696895,0.00356403348931898,0.0317624052503732,0.0228407764561122,0.0617973498408904,0.00248973161672205,0.029544520638292,3.41663897601054e-05,0.137033412730064,0.00606025627960596,0.00587032245679671,0.00237002371076202
53.25,0.00760388693370347,0.0660292561773794,0.00732556702929855,0.0217582754821514,0.0170374891664842,0.00401585102184697,0.00844017818172475,0.00446987379967927,0.00272419843615653,0.008316084794507,0.0178394865405773,0.0488422438917558,0.000780890164744185,1.74505611223744,0.00153510422789075,0.00419767106959951,0.0295765330023665,0.00157092880279223,0.0224161634711813,0.00912781584581455,0.0137382788657782,0.0136132300956598,0.0279798344575067,0.0156481696584719,0.0046681859434594,0.0133089049989082,0.00487889553712026,0.0177106752897937,0.00487555948139524,0.0781893662912675,0.00381270120819909,0.0278001090142427,0.00129750283879582,0.00198816997718796,0.0328609418688,0.0196134556916564,0.0156281759586186,0.0159160229844189,0.00816423061734821,0.0477137560601897,0.00495643681372355,0.000448279070410704,0.0205211142100166,0.00665517277481798,0.010490381938143,0.0171074346141588,0.00649697259755783,0.0218971295550559,0.0037559187996279,0.0506491350943346,0.00788997878157146,0.00342577314376449,0.0196175792328616,0.0651016306824111,0.00343737581051213,0.0277366279163317,0.00102113146009376,0.0092360518060059,0.00635840314640944,0.00824071407094852,0.00118242476525597,0.00648363209063765,0.0313400046811434,0.00589211019260037,0.0168999302673646
53.5,0.00478704676022487,0.045686154086779,0.0045941806297214,0.00456772360414741,0.0209950372493494,0.00403991013228889,0.00414923604550091,0.0170981362459504,0.00117285189767541,0.0255195597434477,0.00263851882137495,0.0384004763493888,0.00833179733786463,0.125402768089613,0.00486950648927575,0.0294741202314769,0.0158448159700585,0.00573410475618277,0.00147233783610182,0.000562660253345297,0.00965037752496207,0.00910562239158113,0.00582822763535223,0.00655848056100509,0.00664371685296695,0.00241297704787668,0.00618976495103775,0.0178224317430522,0.0128948258159933,0.0307579117569508,0.00153397912201031,0.0119045629228604,0.0156691514776851,0.000805705308294785,0.0118244407805055,0.00676340485988726,0.00361734402933073,0.00484035293104455,0.00370644473408633,0.0747558803673538,0.0210778165497066,0.000593200450218497,0.00956483854312301,0.00681699843348575,0.00123410035001664,0.0351414479923543,0.00311052043818373,0.0118654368632989,0.0120927026124983,0.0169843770460448,0.00259466168149351,0.0204245562717089,9.185144115423e-05,0.0486094385619333,0.00602514713991206,0.0118120106156791,0.00368471705426946,0.0520204002382633,0.0081063848422468,0.0295264262541786,0.00706159070276386,0.0926488227041087,0.00315039273921092,0.00436763124374851,0.00912802742737469
53.75,0.0648044107431055,0.000285059481441696,0.00703847612382521,0.00027486021285548,0.0022539313062697,0.00751789585133692,0.00639731755109031,0.00864474523627297,0.0100338056498748,0.00202163095438849,0.0374957832817933,2.87016968293084e-06,0.00507344491145166,0.0614315413049142,0.0121392771115776,0.000279645948917589,0.0136823284151197,0.0119601832524447,0.00654105681351657,0.0212621268540454,0.00536529054036385,0.00619335253373343,0.000804996565378336,0.00492632653141387,0.0190373400328044,0.00125705957468705,0.000844829291328831,0.00981595992823981,0.00841843197330211,0.0459508684389209,0.00423179766626066,0.00102859023671332,0.00437933886995479,0.00329934621516781,0.00106453780455793,0.00648637770544451,0.0130490209943573,0.0155714953857584,0.0135267880268433,0.00604606574816666,0.0049411163024522,0.00280725240059363,0.005024404434974,0.0104637619016458,0.0127146806534367,0.00459328762694369,0.0297434171168591,0.000409611318142039,0.00418010975021518,0.00577153528885893,0.00736275235318516,0.00333747296003144,0.067103886743184,0.000338069654627068,0.0190391346288551,0.0162952702376961,0.00357925377751404,0.0233279938268809,0.0365904873282716,0.00356277524416662,0.0125929592871434,0.088612505965541,0.0109654957049859,0.0178287399547873,0.00403967967978487
54,0.0710493679885692,0.073261701638304,0.00743775387285007,0.0499030155810635,0.00194431380937806,0.00560922016972924,0.0132030867156428,0.00791931038445995,0.0408285317943355,0.0759692137983149,0.0145776642996763,0.090015221592397,0.00359010705526862,0.048511067152699,0.0234622956297287,0.0208684626251637,0.0216108143817783,0.0149332422775908,0.00450571089666208,0.0114424927154035,0.0109675456260477,0.0107838495228811,0.00233698290914498,0.00228787403243519,0.000219511669835501,0.0626978556956519,0.00729404710479726,0.00323277883401795,0.0237815292880889,0.166840792860941,0.0146317242987124,0.00917294428729319,0.0110437770576687,0.02532687521267,0.00048049722401108,0.000989071952962264,0.016251653065161,0.0120074987556324,0.0146670159165214,0.0352457731775091,0.00643808338414549,0.0242332067308008,0.00931662476057025,0.00145576990622196,0.0350877606518273,0.0249682146599117,0.00279056654432041,0.0799267168072226,0.00219916552380106,0.0347609275442669,0.0236190452965705,0.010939195807152,0.0558273267157632,0.122395193034301,0.00128705788220981,0.0658014670193408,0.028568764270234,0.0375676532731756,0.0221146330099242,0.0506567042653595,0.0420087032300821,0.0913465682166286,0.00271766338995286,0.0330617538482295,0.0104343395021881
54.25,0.0442655671633378,0.0115006607258388,0.0177303953383035,0.00963891963318941,0.00288318159010263,0.0164943890857646,0.00683173016903177,0.0180056933397094,0.0249091846448008,0.0172987012849618,0.0206691073292174,0.00602495859916263,0.00261442376574629,1.02588892324649,0.00123387319775996,0.0140567511144378,0.0245701435067993,0.00894641166941424,0.00690634176818399,0.011489823319713,0.00419887721037052,0.00783751600288021,0.00872821132111206,0.0179389095899098,0.00811304149843541,0.00270884348879301,0.00420020103618824,0.0261606011767692,0.00629768624972686,0.121167231499511,0.00301179365851502,0.00947826768634742,0.00808447569629909,0.00238112604177268,0.00312455077051541,0.0163170260433422,0.00938242033504963,0.0218293831842298,0.0245884932855091,0.0301535063558928,0.00308969735969098,0.000461250533613448,0.00490206213572718,0.0245204835739682,0.0102722902988397,0.022232367891647,0.0159807116566377,0.00837913911668283,0.0024284317269388,0.0409716232431414,0.00276843765109393,0.0252141715772825,0.0456766083541487,0.0105723333773613,0.00927010501745653,0.0120167940480566,0.00784860179839696,0.163376670302084,0.0135455586929227,0.0117369964329995,0.00818058394403006,0.00347478041719015,0.00828826459557229,0.0204255167656725,0.00829161400234982
54.5,0.000639470124509361,0.0121367545545191,0.00289488079167254,0.00107152704651997,0.00874416977767288,0.0124991065220099,0.00909889253681847,0.00123274829618911,0.0110518682949601,0.0119086068759101,0.00969739681810087,0.0129361605720172,0.0181430673021073,5.54149538879811,0.00820953100181922,0.0139862610874748,0.0331949658760624,0.0133023880349934,0.00336201181005415,0.0126792615631806,0.0174861508265152,0.00349819804460363,0.00541114550866645,0.00577784967551552,0.0135398059114947,0.00324784011140499,0.0151786838440856,0.040743350323631,0.0272375752493186,0.00746463691500918,0.0264626692038361,0.055461083509594,0.00956310350212078,0.00331338361762224,0.00490073109512643,0.00124936769699967,0.00341444630257593,0.00135377313539539,0.00451682293074709,0.0023201017703646,0.00630261124338792,0.00160668153995969,0.00766203333853798,0.0128776679347519,0.00599389785514984,0.00860054476459363,0.00591139968441396,0.0043512848857452,0.0191739690469215,0.154377924448988,0.0125980754762739,0.00524885267535183,0.00755079288712325,0.0118293731710133,0.0110209512427154,0.0155741337794741,0.0195292756135332,0.00155159509338743,0.0147007224115197,0.0261470509949825,0.0117907961850018,0.0927170545646128,0.00625262028999303,0.00402141024643854,0.0147840701713446
54.75,8.20656074773602e-05,0.00784022846035936,0.0029531331175505,0.00798990643076305,0.00146493822186112,0.00755234992619843,0.0129284829877594,0.00442257913319142,0.0219911709060344,0.00549425504215187,0.00135260788631879,0.0292994206968323,0.00178318389411585,1.17662331533193,0.00212030658913143,0.0129590321848037,0.0040418302027453,0.00178032951895981,0.00852951468908932,0.0257584698311597,0.00366052193848208,0.00381346132993058,0.0113957082080116,0.00971490112537197,0.000685674123214792,0.00464356942765635,0.00180732042777077,0.0079733342335307,0.00154386184146829,0.0042830953291909,0.00163203699531903,0.0441458172787092,7.63854161764589e-05,0.00165569949609621,0.00472505866793076,0.00450349932521629,0.0166827001559796,0.0130120691382669,0.00232829992527636,0.0016673952798973,0.0008391112818011,0.000367350322291199,0.00475592404441185,0.010904153763847,0.0149986534589254,0.00657708427839713,0.00141091774304851,0.00251250937268043,0.00272758104043022,0.0232486660472923,0.00992379528701204,0.00126900085710157,0.00663835145252731,0.0125148038276819,0.000290206242009993,0.0146128524536314,0.00036751836735378,0.0311212900993918,0.00173024159393804,0.008442427326852,0.00203016824084382,0.0497795085383755,0.00944599819517158,0.0227425263150244,0.00388997720590587
55,0.0438163089549885,0.0281710673843743,0.015343769369975,0.0152521340417164,5.26714970457848e-05,0.00649612392768378,0.00600506902940326,0.0211472601735651,0.0187695507279221,0.0142901068718053,0.0627833607073748,0.0249447928155707,0.00997775257114696,0.208338662659529,0.00592971669787896,0.0398961863550697,0.0222749672382982,0.00636255406913284,0.0039308849900625,0.00691856545600812,0.00169929694078046,0.00212623026636997,0.00245985474538825,0.00683894404548278,0.0172884050264581,0.00325476717066541,0.00436880018432468,0.0147001738603552,0.0337410609451058,0.0197033379369759,0.00731615355666542,0.003878580985473,0.00547375772611122,0.00695386998236021,0.000899126822188233,0.0022165132121899,0.0106127132161736,0.0128987749617437,0.0255935485623339,0.00454426293967284,0.00591602002191702,0.000262113883446824,0.00248467565861619,0.0130105968576933,0.0118665141177454,0.0167461233130787,0.0298178135151062,0.0188053318147311,0.00357667164954423,0.00518907248992207,0.00285496065967701,0.0439434854160932,0.107441453758009,0.0287468716294916,0.0358854824828172,0.0113479118704028,0.011189277391714,0.0427566448159278,0.0140482917906034,0.0340595005529543,0.0218593181958537,0.0489080160120999,0.0041537555430051,0.0181834865584169,0.00256504630345824
55.25,0.00811669167811925,0.0033634269693041,0.00133657547870408,0.0362978236331632,0.0014329385283801,0.0226539247475204,0.00552366326436618,0.00387888425156917,0.00454277703065517,0.0212532226602233,0.00379636482338655,0.00154671556431463,0.00465575831031541,6.28047706689444,0.000356945523391253,0.0043421607808705,0.00370965668553624,0.0076307417792641,0.0188763640295251,0.0102829955155597,0.00531356451482699,0.0159051062515913,0.00467537134614939,0.0234031292179277,0.013970233928154,0.00671428188350504,0.00102597302533945,0.0530323372698974,0.00139017586739553,0.0178137947753756,0.00210392861901254,0.0296549121236767,0.00726894396375434,0.00970939812899897,0.0103741436807088,0.0166090261545332,0.00614221122245434,0.00768172064792102,0.00222105513845738,0.00734328234861953,0.00430231867286073,0.00707845560574392,0.00041161890062883,0.0153930459422485,0.00386612871874525,0.000575720358073866,0.00220179612001586,0.00141652490166106,0.00706993956164635,0.187762786256561,0.00116997361750178,0.00167026090621753,0.0131350011240124,0.00290460432081783,0.00657309725436119,0.00617949242604438,0.000796297710191384,0.0178634691583492,0.00222977163597615,0.0132324756579868,0.0115370421549252,0.0763710317128219,0.0123441821172611,0.00130715641514066,0.0151526357121332
55.5,0.00275087165443449,0.0192027289317562,0.00622522856255308,0.0136226025443022,0.00758561775488289,0.00469827996004487,0.00443102788242399,0.00338541280807898,0.00696547740458867,0.0206922833746759,0.0132564050547434,0.0205088010337903,0.00429067649250904,1.00093732290804,0.00111812822738427,0.0334456912108091,0.00401165421160854,0.00537280215465264,0.026132992078938,0.0029039252895518,0.0191933175185797,0.0139460661275088,0.0128795670927453,0.00230436780711286,0.00521963518779581,0.00388926058458334,0.00540474457715484,0.0134847737341833,0.0129000083999212,0.0202794041556684,0.00264995506729093,0.01664789416961,0.0173178402616819,0.00439987749858152,0.0221330787336711,0.00918024374720178,0.00395522129276267,0.00414289287167396,0.00148860916851246,0.00392950283440955,0.00838580527015139,0.00175384236209393,0.00530826154781804,0.00506773394057505,0.00348981501442254,0.00446153114364781,0.0158222593464986,0.00793534523619903,0.0046377989252633,0.0483760944088933,0.00153040288360215,0.0144723172851653,0.00164685994749475,0.0242272920117509,0.00601728352206496,0.0125832097096287,0.00124641546612216,0.00118816742335428,0.000808925473688334,0.0388335749509052,0.0113776714160048,0.172592136145724,0.00934204612218896,0.000622871281060421,0.0228942320199217
55.75,0.0121595991513869,0.00102566420458211,0.00646890040476131,0.00539778423130533,0.000823493074249701,0.00110893883543409,0.00174116024307498,0.0074987147335969,0.00443673276281426,0.00920339863081479,0.00164997647128376,0.00475694347499088,0.000246960415777533,0.420036316693662,0.00063023813952897,0.00414129978978031,0.00839095160831793,0.00177176969143788,0.00171042316605076,0.00133965646505391,0.00170142624575194,0.00065057285944171,0.000153410002506686,0.00260201243460253,0.000459904818936583,0.00739067295184635,0.00140287160439471,0.00375187324923122,0.00399020231840445,0.00322502736462852,0.000795167261193452,0.0243148860635662,0.00136906201660311,0.0013111093895695,0.000805742065161701,0.00227391837902974,0.000114363018425085,0.00410575542912188,0.00695057188927769,0.00701837336894533,0.00660533891574455,0.000317159216996851,0.000340669431273924,0.00308907757684289,0.000439530441609789,0.00929031461454846,0.00137393414909356,0.0028849777022206,0.00141317733499584,0.0142254129369111,0.00121370494167672,0.00413288178350123,0.00309169382076572,0.00195797226054275,4.30316590672222e-05,0.00259193179302995,0.00903061465894587,0.00613939639048908,0.00272302822538742,0.0109024338966855,0.00458242316826813,0.0395851418231286,0.00260235612638937,0.00033503434549755,0.000962448490041579
56,0.0140415682544825,0.0244225926133725,0.0147867467158782,0.00965865968609552,0.000859100027770996,0.018014440559873,0.00471525423081437,0.0107013744749853,0.011111214261236,0.0400585167967751,0.0230169802405256,0.0261721274635611,0.00614750601186079,0.396355822179785,0.013199020153322,0.0328133970006181,0.0228295517854524,0.00633001516847603,0.00302726792327977,0.00210357690831601,0.00543941421233625,0.00552565238993227,0.00187897810670926,0.00567052779885894,0.00910236281824332,0.0182400249062639,0.00201291598866781,0.0111608191949089,0.0034963291745135,0.0208177488754232,0.0204636284544665,0.00114013842783349,0.00448232093446448,0.00532517148872108,0.000533311743854524,0.00843394562517582,0.0025083354954111,0.00741701002721714,0.0140082273066493,0.0114830162581936,0.0106325285260244,0.00971974683268878,0.0011171692296645,0.00675147743950097,0.00723360629407203,0.0219165704735586,0.00971029965141493,0.0213030577472832,0.00398592820331115,0.0480997415680796,0.0055449230471968,0.0127682913458502,0.0118779845420261,0.0258623581017757,0.00515210083374832,0.0298919738006095,0.0192670971474804,0.0024932699652974,0.013967949111926,0.0601748254346988,0.0366071783173917,0.253053613742252,0.00927049754648474,0.00865671408453848,0.00432700794731977
56.25,0.023225919366832,0.0228095723128753,0.0066093600079517,0.00246795802947024,0.00022808886867364,0.02014092311981,0.00205182798045457,0.00415075156000915,0.0184289138482265,0.01750354837328,0.00995927657865736,0.00897700532685234,0.0037248377492973,0.294647523966843,0.00423440147207497,0.00537498628860139,0.00207353195320411,9.18915207781991e-05,0.0133833118569899,0.00290180821534925,0.00025975758781896,0.00600486549692343,0.000811193581261549,0.00297456747268085,0.00283640733065933,0.00876443922397346,0.00209589662851759,0.00941337792290427,0.00553468027703474,0.0363457851830544,0.00185152629027735,0.00752310630088717,0.000133948419627688,0.00588918378106927,0.00324072761616982,0.0108255703152907,0.00196818378225046,0.00496366989409402,0.00348851785783,0.00718733793078678,0.000855351769735115,0.0153029305781101,0.000165370695852806,0.00853775571167197,0.0140031451376138,0.0111725884622482,0.0152224406065337,0.0112416864005879,0.00477243454134239,0.0220812109598904,0.00429920426621563,0.00647149118699334,0.0230704873801886,0.028114805093295,0.00384055972756549,0.00476336459800759,0.00151563861385939,0.00349042374149838,0.00789006724803543,0.0122690721681529,0.0054360508164508,0.0876711309617169,0.00208008556042867,0.00512354858260638,0.00271646926725687
56.5,0.00636084665402234,0.00355379212617807,0.00210102958631994,0.0188428906882814,0.000324360222588953,0.0129416347061867,0.00200180707694082,0.00548801893390523,0.0183316794914795,0.0198307686289726,0.0137523380979684,0.000411319400941073,0.00256172770539775,2.3118551861727,0.00620456215488313,0.00268472170080132,0.000697192698819987,0.00157057418058661,0.00340821482111258,0.00277263909202957,0.00302472126107531,0.000723834452451301,3.96575008605609e-05,0.00183113743440338,0.00153356973041161,0.0106075924549337,0.00228891374905228,0.0503275436353792,0.00655982204536714,0.00485644008581075,0.00190120680144699,0.0313137298147301,0.000294350466592316,0.00746828040370964,0.000522410534212308,0.00504888315956294,0.00148502661720017,0.00323687734861702,0.00113547911746254,0.00794603944044063,0.00049622937937621,0.00617902717902789,0.000563733809528777,0.0138519769086469,0.000916252360636351,0.00279888714143241,0.00480212728016209,0.0018273288443791,0.00149533689476867,0.0809602797443276,0.00341823653747987,0.00946814334236811,0.00620203088578693,0.00181143087363299,0.00399246058603298,0.0154950767091102,0.00782368119339143,0.00176934009547797,0.0111165559866599,0.0205095499751266,0.0175870414098559,0.0649026574485347,0.00105140606201818,0.00223816602699931,0.000490279374828045
56.75,0.0277173342188771,0.0296098398428251,0.00865197511550338,0.0138669292596307,0.00268982644538113,0.00107746489509565,7.39861561727935e-05,0.00522920792682677,0.00423697233705639,0.00146173766084956,0.0174159122460458,0.027868209732007,0.00277823085864019,1.11602775909401,0.00213388773985126,0.015447455284317,0.0025578346489075,0.00599340323235991,0.00438891447479596,0.00154034852080527,0.00592458670388883,0.00640603647074097,0.00132696428877794,0.00282306725694939,0.00483492345430802,0.00391642219514597,0.000798876959337407,0.00191376685315681,0.0134201639198204,0.0224507943108819,0.00261315397001851,0.0500585349759625,0.00312929685768468,0.00198486191332153,0.00523962456356604,0.000323841178834726,0.000822707977725907,0.00475461327965049,0.00623045255656346,0.00161711188223442,0.00492227259464088,0.000890480932413154,0.00235580533981942,0.000900010497114708,0.00190750203982046,0.00784738851746819,0.00969396178048649,0.0178014276733302,0.00308314906600609,0.0339256879374524,0.0022494696914869,0.0138623752291696,0.0415365680282823,0.0340588330130316,0.00732111728460158,0.000981894010709067,0.00569503231309138,0.0450528159003971,0.00172757418132349,0.00441326078928776,0.00798757699452602,0.0446815131678995,0.00470279469694004,0.00485473286818772,0.00937951670548672
57,0.0216978398259451,0.00386319597395431,0.0023944340247291,0.0027211652104879,0.00477315301426625,0.0151806529000552,0.00104781420877594,0.0123897960542743,0.00341386882935036,0.00474152562946321,0.0156416273396309,0.00156550942796691,0.0120387042370778,0.334188871249446,0.0108830150256359,0.0162468771187828,0.00680096042304358,0.016213434836669,0.00204316951059508,0.00962077181628769,0.00578450684494963,0.01825570605846,0.000108456771155308,0.00523792694945183,0.00648767271980796,0.00322712867857251,0.00814182356298893,0.0185091587928293,0.0416938987523299,0.018694805043777,0.0269414081538736,0.0228701723274666,0.0126662389516112,0.0191940920756947,0.00340538185102186,0.00830522056178295,0.000437206049751436,0.0126718466055776,0.00111815415346115,0.00138875104024952,0.00321347141909375,0.0185353622700139,0.000194833680790267,0.0158608682110466,0.00244897558474537,0.00738474498584179,0.00664332705790124,0.00442852673451176,0.00322638123573614,0.0136005638861797,0.00247719917840411,0.0169608250639282,0.0211580109903183,0.00266925581075748,0.0124488331118729,0.000969928638739294,0.0338974232984933,0.008970776573134,0.00843338884276937,0.0064602467995121,0.0176524062328038,0.0186850063938167,0.00219582210645087,0.00600349452486394,0.0168740473068413
57.25,0.0158151844152547,0.0125209903745248,0.00893705916600469,0.00257478438760188,8.86129286400379e-05,0.00542248497609005,0.00111861178399679,0.00102473329369224,0.00188507480599781,0.0225318509641894,0.0120097761078038,0.00360617488889709,0.000248861480855397,2.56301889363463,0.00124993814144572,0.00464148045602499,0.00684685999044322,0.00892385186903455,0.00154417275799597,0.0024112067084601,0.00146540004943846,0.00586128621019368,0.00506150014494915,0.00423075458985607,0.00729187688414366,0.00380464936576932,0.00108090319134568,0.0171375358361736,0.00921296919577902,0.0211654909278977,0.00268207711149016,0.0225472347325833,0.0028142311944709,0.0119835366764608,0.00363900057274344,0.00324933414296957,0.000484539023575313,0.00116459384688749,0.00875887538461606,0.0130375133695703,0.00144553196641291,0.0147432701639782,0.000470701750115708,0.00550765231958059,0.00110318390223631,0.00648631333844366,0.00351405771556647,0.000504712682732811,0.000518152056658005,0.0796896252372517,6.2496780389106e-05,0.0033084654076605,0.0365119469880437,0.00778717697562527,0.0029092892779151,0.000757174109266446,0.0108355671884323,0.00805859947638755,0.000284172988974083,0.0125784291026095,0.00419030813356038,0.00113443865415212,0.000584721490229591,0.00050763196539119,0.00352255124021252
57.5,0.0231213786621494,0.0348958809292092,0.0080414711527416,0.00213181022008407,0.00121182465559356,0.0152589291599709,0.00777196052076035,0.0107766215727307,0.009630594364467,0.00729077195145954,0.00318584906605725,0.0309384185988909,0.00207677638273591,0.689538926380415,0.00278969337134907,0.00722546611357108,0.0318724800147925,0.00486215404080475,0.000518104617708121,0.0131360431641376,0.000822740865382545,0.000346165933188081,0.0148075183657603,0.00466914193674849,0.000639025404093976,0.0176322759706105,0.00583774531642872,0.00790531323278863,0.00265046894419955,0.0386294672378848,0.00295517150993023,0.003614875655269,0.0026561633527252,0.00209966509682708,0.00130930466568009,0.00134081359056521,0.0113478802545859,0.00701904032956777,0.0162906993021325,0.043559244990342,0.00421375650994146,0.0207172530797455,0.00340676838585279,0.000636075235829009,0.00981620750868488,0.0235782236823259,0.0051520465002246,0.0125588290420479,0.00230882175424325,0.0662798948421157,0.00541649743097175,0.00813203115028944,0.0150400689356213,0.0358433430671502,0.00119045898447168,0.0359677130262798,0.000266544028372164,0.0216937986544813,0.0119124386482586,0.0204768757803998,0.00169490935532172,0.0563642050728046,0.00354030792828803,0.0150865086014694,0.00023888526685441
57.75,0.0354658591549857,0.014657655772166,0.0152596128500713,0.018922440731883,0.00252597568189326,0.0115506060606211,0.00270211992614138,0.000631918726157258,0.0297098521458271,0.0377406773880119,0.0103552995263863,0.0162377750956705,0.0166178958513599,1.2080221177111,0.0303114051617119,0.022941752669109,0.00570628259268851,0.00967122295637123,0.0185322809693663,0.00472100842365832,0.0120657242634112,0.013001558134255,0.00338999483251225,0.00514889456399947,0.00278406708462004,0.00900757120433632,0.00294976806084085,0.0102510037701633,0.0288971826349353,0.0477385571853705,0.0226621339734975,0.176406821762215,0.0109070759490306,0.0121891583644007,0.00743121343621251,0.0115264622114737,0.00169258322858044,0.00384125059457878,0.0142984887353453,0.00821093843623819,0.0041958961875057,0.00807864599379724,0.000252984038402207,0.00584131049716794,0.0113904137854212,0.00872764760226645,0.0140938668892401,0.0128721678077274,0.0024567301468107,0.0402875088375886,0.00756724994531907,0.00831590813602916,0.0189226093200583,0.0145342404902037,0.0136653933047344,0.0162213026140091,0.0374163194179873,0.0490531750859352,0.0316030246915893,0.0380590037643278,0.0492793286772188,0.10344424294893,0.00437806274648203,0.00416829095986765,0.013302737149762
58,0.0463316672192018,0.0353493468322271,0.00902428847888227,0.0154733333298707,0.00128967934247936,0.0118192067589083,0.00496446576951386,0.0124720560655365,0.00371090469728698,0.0319549928497068,0.0151624808502079,0.0305056998018716,0.00311502619561268,1.90549574324976,0.0166880773692941,0.0310069243832126,0.0101762427005681,0.00711796228782817,0.0010526530603401,0.00333273514158021,0.0033576941046765,0.00378672490068646,0.00243557766509988,1.98728882117882e-05,3.85958125571726e-06,0.0218955541431916,0.00391979965002851,0.0209319659577791,0.00398471326260526,0.0275536525992365,0.0289740706240918,0.00848552825709569,0.00484314026520878,0.0126438907159692,9.4150068908317e-07,0.000162720919152812,0.00227294634501246,0.00649881630307241,0.0192328689776347,0.00524462256844306,0.000157077265234139,0.0052200633176042,0.00443349958172803,0.00447246189780885,0.00143143356093448,0.0485640705745046,0.0131796280884112,0.0222251653493432,0.000866209172647042,0.0756831901896002,0.0143942015087645,0.029193344870228,0.025983207074032,0.0325657679665061,4.97893078515358e-05,0.0139207764022281,0.0330471309993274,0.0150587554215897,0.0122234797852341,0.0441780799632958,0.0170265937862349,0.0342234995361969,0.000844446068604764,0.0195173630649488,0.00535679423749195
58.25,0.00617361400649827,0.0733736020080008,0.00531323969500561,0.0381107430681019,0.00564519037382907,0.00054234726374872,0.013510927567623,0.00258327483243091,0.0216444458862621,0.00369657490166874,0.0214012185051119,0.0821079088699234,0.00926576630869926,0.402995019749155,0.0136745797039498,0.00283092325224377,0.00301976028422679,0.000688213800925093,0.00172626151966468,0.0209366487596386,0.00161551169103277,0.000869616597393726,0.00844069039690171,0.00283263907676519,0.0136669879452782,0.0202321268532846,0.0118544736014079,0.00454489347257913,0.00881835778464289,0.126246957060236,0.0202354474311048,0.00207286795880091,0.000665728883684982,0.0074789093312731,0.00314833096298909,0.00294737424978486,0.0212493577456841,0.00896689833211583,0.00124913910931075,0.0360957080632699,0.00193204868863895,0.00393145296135993,0.0202357094828576,0.00401441685499891,0.0161685496202355,0.000237997872892575,0.0150413005769395,0.0562766489042597,0.0111152341914773,0.000801043208805713,0.0140154047758719,0.00163808995696877,0.0322213215673338,0.100006497144629,0.0122695382018177,0.0448509827758951,0.0148705127202632,0.00606953184290186,0.0170934259278632,0.00282615706556701,0.00446544369823567,0.0697554793765139,0.0106784790351321,0.00814510145860647,0.00133149076859929
58.5,0.0243567666442349,0.0346451438285582,0.00105608513124438,0.00978248197696543,0.00457166288539876,0.00108974874306844,0.00114982661611555,0.00087005325728679,0.0116586966016052,0.0353613752580843,0.032725341173813,0.027144872302737,0.00288006547486063,0.223017609700659,0.00181638770758688,0.0165357022141179,0.00654289200618758,0.00180439790874742,0.000329158778451929,0.00322779384564902,0.00443711106003904,0.000694416013650688,0.000189285058663,0.001228922339519,0.0119187980523628,0.0155207248118182,0.00180525420067067,0.000902115385532402,0.0165646978200435,0.0268737997766408,0.00637653438927618,0.0170891989474831,0.00106173487926116,0.00173555500141739,0.00163899775811596,0.000559131658577972,0.00145932994099478,0.00133776353204363,0.00421249174604449,0.0170731041973111,0.00650332395721236,0.0102388075756719,0.0034613272999948,0.000521796434333203,0.00327435876048078,0.0083983924924612,0.029855205635618,0.0139520877446702,0.0018566998404064,0.00741342526076919,0.0023005193097258,0.00514198754808199,0.0614049440127841,0.0391377483363258,0.00843111435022392,0.0306348084286582,0.000289708508716564,0.00373034498920413,0.0025319624241491,0.0338215112264598,0.002290325442438,0.0479877739042843,0.000501267075349186,0.00501280591276099,0.00125596887454392
58.75,0.0114568196113498,0.0150879072055929,0.00429807607334774,0.00719057664521559,0.0054742282660904,0.00577173935613961,0.0053243532875271,0.00571841812361719,0.00241569925493387,0.000215057380560476,0.0192856469638491,0.042653494010663,0.00928087661595039,0.755989450006395,0.00452222208987985,0.00247959098670776,0.00368759234565117,0.000419777504994329,0.00424212939554654,0.00224200059055295,0.00283017285600487,0.000444877107843075,0.00176841818778112,0.0015442496425248,0.0174777158006843,0.00755343936248606,0.00831458922544659,0.0136796665162015,0.00985709284728763,0.0730629301475358,0.0206089591987553,0.0128436444529885,0.00547062653060167,0.000618419318134862,0.00409736975522409,0.0029793314218803,0.00139639861153758,0.00225535979082196,0.00268528387598303,0.00298256891799443,0.00326429715313725,0.00356496020967373,0.00837832394309713,0.0063653598496265,0.00253207316504053,0.000760663327365765,0.00977332694143271,0.0223930926559414,0.0150207562012987,0.0208934348079578,0.00936249849343664,0.00160142056692313,0.0180465975689307,0.0321280852459856,0.00591143821315889,0.0337262366408681,0.00480599902872142,0.0189974575517418,0.00451668900600244,2.18336761143302e-05,0.00779005386627917,0.0212293735610112,0.00256205300654715,0.001138219267573,0.000232775798500354
59,0.0152133251575627,0.00029027696110564,0.0189921102513268,0.0060232906382956,0.00165395617526047,0.0113062553562889,0.000795197150983847,0.000152289339649067,0.00901313661836948,0.000304711948877927,0.0323909265931661,0.0179815700965299,0.000444330182154795,1.03438172286797,0.0116709537744213,0.00378871784670814,0.00357638496793363,0.000562959586207092,0.00395996154465227,0.000381869876918972,0.000600760156239971,0.000151258889421552,0.000954205476305595,0.00580984107242726,0.00707937780587445,0.00474644073203413,0.000209442811318973,0.0109969069613172,0.0168772147863624,0.0231377848080479,0.0014480082161394,0.00872690592327068,0.0013730317151966,0.000376216759824315,0.00120555772153104,0.00180261010037853,0.000224000780632329,0.000782898717754262,0.0149043016338202,0.0141885135169988,0.00302080114190637,0.000945064137134491,0.00015722226082766,0.00308882054378177,0.00172973135210712,0.000917897661850275,0.026793404665993,0.0165275095590864,0.000563269987645836,0.034134019286693,0.00224589601253568,0.000702894006086906,0.0435093258361895,0.00597145969785364,0.00785926770825582,0.00529604907029433,0.00401327336085898,0.0603937618192354,0.00615939848973167,0.00420431056242972,0.00918828260560481,0.0261186026908471,0.000148434778040767,0.000990645951065292,0.000206882332973145
59.25,0.058693572706538,0.0111412936366352,0.00568091927876442,0.0204275741994002,0.000413024912259261,0.00117057773906698,0.00238161264430307,0.00898692970990879,0.0117327644508814,0.0150749161749796,0.0853248877064151,0.0158386343780874,0.0320021902479905,0.575545624728456,0.00633631884927323,0.0180495706859607,0.0154426694711942,0.00123687531735263,0.00450958647668014,0.00478923119332982,0.000487969543723267,0.00104244301220661,0.00542195054259593,0.00583769668666328,0.017461682250634,0.00275015808199715,0.00629198372273745,0.00646834577432591,0.070177466992781,0.0133335331559149,0.0262231233921225,0.00290152439068448,0.00104234144687599,0.000102543207598369,0.00106324980670528,0.00550415368487702,0.00269807058697498,0.0105489091782462,0.0163504677708308,0.0150159400165501,0.00915863681526698,5.11835291960119e-05,0.000482845815629502,0.00419948551087151,0.00639903124099488,0.00947230573575502,0.0357572407947063,0.00918490461890413,0.00943478642596806,0.0205361933100346,0.00389093934147196,0.00922925211210644,0.109334028837594,0.0168729342263135,0.0435620048557377,0.00162240272805254,0.00941305988336008,0.03150950121873,0.0168598345422908,0.0236701807756081,0.00386293519603773,0.07822986172314,0.0113489610312357,0.00923233317622175,0.000544371644458223
59.5,0.0470999575781849,0.0119448814661728,0.0154449870729528,0.00230760810084239,0.00926461223481321,0.00767965399146669,0.0030004051232695,0.00457236315088003,0.0129546525863592,0.0416191904525125,0.0609121361181691,0.00716931938860349,0.00482443846334346,1.86907070702865,0.00418951506673441,0.0198134894974081,0.0133501508396857,0.013911674319147,0.00387497387963672,0.00267157053708543,0.0118377349656168,0.00965888630213719,0.000624943856407484,0.00117045788012157,0.0253504452117805,0.00141982721027962,0.00142842744061011,0.00890997475959383,0.0145949482340389,0.0162821154943194,0.00107447372400988,0.0559096033909814,0.0132602530335089,0.00845260828534355,0.00520500116176115,0.00963124998553747,0.000729905855935804,0.001778885767021,0.0202537156412046,0.00613636794611829,0.0122789619485282,0.00996567923107924,0.00320371632843499,0.00197054719008313,0.00138959874698466,0.0293245799231479,0.0348649430296436,0.000849299401813258,0.00827871521646936,0.0564252557722886,0.00102861888458725,0.007494849982186,0.0635822724694775,0.00913817357222029,0.0204331199532427,0.00140020054814318,0.0244848071545729,0.0279859228444611,0.00321022021904492,0.0440092795410753,0.0256418779886894,0.0600315580462492,0.00199067913360709,0.0102109318656656,0.0153547498516541
59.75,0.0513797783474746,0.0352372530898227,0.00636555323739164,0.00600576995571298,0.00234245921249439,0.012158768279501,0.00183350244571798,0.000850257879564302,0.0091314407641116,0.000889641843123003,0.0184795381811112,0.0177807916956803,0.0028290492819502,0.797695602879543,0.00929054464405612,0.00608305235903457,0.00308059453200552,0.00302635333463442,8.31372727355645e-05,0.00208018820280246,0.000616811700230204,0.00117429189920999,0.000855308349228996,0.000681957465505464,0.00375245366527113,0.0138545015106869,0.00550200376830865,0.0066808480838929,0.00309503673524268,0.0189322914665535,0.0212702554648097,0.00467176389713346,0.00197726123893702,0.0041306476115482,0.0017540977293878,0.000258529402056615,0.000485208329345156,0.00132808143178565,0.0100777338277309,0.00032426150190007,0.00124400383838381,0.00401636783781833,0.00107939016243591,0.0031179490430014,0.00348750868480552,0.00357166875825136,0.0127397429359331,0.0148510083726891,0.00285051415735627,0.0320557116212584,0.00433807573245299,0.00127148936316601,0.0777170393834438,0.0364207589207807,0.00507019060014641,0.00646203941198262,0.0141051493664737,0.01304364427271,0.011012342379678,0.0013905247383397,0.00862621317694805,0.0399882470334597,0.000725013832452882,0.0023474911833429,0.00108924435846559
60,0.000803167976115873,0.00816006099097355,0.00212361156717282,0.0158148037774178,0.000627494567314273,0.00486110750760299,0.000573836195149987,0.00465362520666544,0.00344080768986467,0.00540849686728827,0.000262328082264833,0.00624023928279826,0.00156545980076251,0.0519330863430253,0.00111655841844659,0.00222625955304055,0.00395208384607906,0.00208289678156532,0.000334020661572547,0.000818857083071175,0.00268923531720331,8.94242063866626e-05,0.00363402204708338,0.00716587491741908,0.000303873059278191,0.0114151058945186,0.00238669233763673,0.00167749454619361,0.000712145204628008,0.00753368494576918,0.0097314973398076,0.00312264952137288,0.000493597917386543,0.000708225203401712,0.00208889158122656,0.000390150998137518,0.00247351816785466,0.00531109917415686,0.000886247471010929,0.00900857558879847,0.00022165932521497,0.0025019826897685,0.000505919602029634,0.00178727398142214,0.00228408390422012,0.00550172933002711,0.00162419637016271,0.00495633698528132,0.000535252640219686,0.00627945810211752,0.00277900526848593,0.00298087840014852,0.0012810632862374,0.0148963397829131,0.000203785680725006,0.00750686704331453,0.00225379548868389,0.0005049793221283,0.000305723929063787,0.00464848007131332,0.000359691704006424,0.00755029671643936,0.00283572932419886,0.00720103533355712,0.00211475727611604
60.25,0.00674323063186712,0.0116170278038142,0.00733797831374131,0.00797888471816437,0.00523647805073021,0.00516607294937703,0.00402495528796945,0.0070303884886545,0.0087531441840594,0.0115619181647645,0.0257861932046912,0.00295762270920616,0.00201342251068783,2.25372492347053,0.00929660642117311,0.0075409847054117,0.0103741899618387,0.00142720677843632,0.00018708717047291,0.0140495437052551,6.77677669075074e-05,0.00166652101969407,0.00210517623186806,0.00358231544708552,0.00199754342900866,0.00497206654827001,0.00500681070666774,0.0379780513183941,0.0180433390583269,0.0309677335068557,0.00397439214794823,0.0437738664501069,0.00558654977346833,0.00219309049089199,0.00132553081151771,1.00146205467398e-05,0.00207641803862714,0.00899726440882394,0.00794985146076464,0.0214394280351266,0.00590237063428551,0.000840197989333177,0.00452737271481154,0.00543585320167984,0.00716875707381892,0.00548174058769929,0.00651035944564832,0.00387813830254817,0.000129110275848673,0.0947022895763987,0.00609410754501657,0.00599613051261725,0.0118302615487525,0.00785211901387481,0.0135020474491987,0.00267062186680299,0.00530699800944618,0.00187812880094008,0.00750919529930511,0.00645391683347101,0.00488212293430302,0.0273792099799303,0.0013477257807302,0.00627705083619358,0.00137645166643253
60.5,0.00163204588601747,0.00271793226194292,0.00784999825647456,0.00488341670846928,0.00317062442186026,0.0312638133816509,0.000862867142889478,0.00596951227363989,0.00320834161645157,0.0198834506118818,0.00136428663092554,0.00668681494824746,0.000818805840998789,2.94444822242203,0.0038363334693448,0.00278281816729287,0.010107088554112,0.0103352953476051,0.00105664383935985,0.0194858859638454,0.00852227945917596,0.0214829681743952,0.00151949895569684,0.00565389012292896,0.000951790550495344,0.0147747472271478,0.000114908648711186,0.0444210649053731,0.00972082980708968,0.00053216959724226,0.00563448702542396,0.0327945771527311,0.0050714477189268,0.00671652336722332,0.00505590215040183,0.0103960255246043,0.00250933512354143,0.00356584894771301,0.0027672875714654,0.00289453319795978,0.00655543082452915,0.0218571488502415,0.000552540448389737,0.0141688027186264,0.00102897735283545,0.00578864800681556,0.00114512124318148,0.00312289207290663,0.00276326485162445,0.151405522954178,0.000798341504761444,0.0014851547242568,0.00969559031114387,0.0037134193453836,0.00329124129554942,0.0162721102251244,0.027558194542618,0.0291791308964366,0.00507347136159478,0.00855956566658646,0.0175768510941895,0.0212087274717903,0.00532330640749649,0.00276632113100586,0.0109770829750326
60.75,0.00892092816212217,0.00473595817983837,0.00101558128570485,0.00287086798965531,0.000686202451144453,0.0196274194222516,0.001577700378107,0.00034394342354794,0.00779571287302746,0.0157336668217108,0.0142025911371406,0.00515685615895346,0.00835097194536461,0.45066107879531,0.00500290718879814,0.000644346184017578,0.0007290682525205,0.000224412621019006,0.00304513728476793,0.00403690311490236,0.00379058756073579,0.00944371079016488,0.00235291545971716,0.0104223052494411,0.00115479508328099,0.027359825348222,0.000769381842784512,0.0182233573200618,0.00953536811908613,0.132208066908907,0.0065709630469,0.0008846036978004,0.000387555216230274,0.00113738897378368,0.00240973469863641,0.0117625965315226,0.000999618818461864,0.000425634213942445,0.000546637296050369,0.0106695882645782,6.9968262926157e-05,0.0133241501879139,3.88775721051024e-05,0.0117251724264633,0.00451513512460886,0.00156063026350715,0.00224461367900608,0.00488595817867581,0.000898314038260999,0.0545778480810729,0.00840966900350535,0.000177799483658927,0.00247033420138604,0.00402500541852132,0.0131522887562412,0.0155729917259515,0.00698548266769706,0.0172200323529914,0.020943041404543,0.00989991469731203,0.00871332940211081,0.0303287550038949,0.00720100871150961,0.00267367283826316,0.00217449931807467
61,0.0141847749314341,0.00554257977831194,0.0358254689227221,0.00277843232886091,0.00876589073439838,0.0049092481775785,0.00324567850291353,0.00175732273219524,0.00708500735554865,0.0267156201426859,0.0288096720244748,0.00520637640439527,0.00491010419146414,2.47971632186899,0.00369278160864499,0.0486746765723242,0.0236254044941527,0.0150103262059478,0.00242665760973498,0.000781880162957175,0.0115124085108093,0.00710773457409353,0.00499027195754367,0.000953458693503725,0.0182353588262577,0.00488207688654159,0.00278727222178069,0.00469345531519529,0.00548537955529293,0.00957777120738352,0.00263606986640592,0.0885996239950992,0.0115780631729893,0.00761914903416704,0.010057077014912,0.0029889432351012,0.00267991921700066,0.000420661758352202,0.0249761742612839,0.00315973714830804,0.0134663530188656,0.00484549989505288,0.00838813037669067,0.00148460818340156,0.00160763485969724,0.00632080496469466,0.0271320862254248,0.00145440765844958,0.00636033123501554,0.0550900515999007,0.00274933842667449,0.00940158609524516,0.0292182856072072,0.00188239891036889,0.0106010468350285,0.000252948137019267,0.00522466548620462,0.0553287337119769,0.00498073186600398,0.0404930456737546,0.0288924500065492,0.24000890920157,0.00824757247102508,0.00756198642779489,0.00734335797892222
61.25,0.010840027254362,0.00169771515407368,0.00297564886362285,0.00537780515452363,0.00294915053291423,0.0010530652953554,0.00466170764424639,0.00461633166615168,0.00799794772977527,0.0448261489431618,0.020485931624316,0.00179743647274252,0.00126913981770461,0.31446929637555,0.00682273405769959,0.0104380718718445,0.0029233355858135,0.0058174828628487,0.00247313555812503,0.00205069454957843,0.00997487439094549,0.00130872427349445,0.00427524685335987,0.003046144549441,0.0131505221802608,0.000618909689094828,0.00171230801303906,0.0202050194485039,0.00835838136330244,0.00158601003010048,0.00246284513529155,0.0048173449133226,0.0111231727476597,0.00422559294215616,0.00963834547490461,8.51652435236497e-05,0.00544318024837886,0.00822342085372816,0.00459854732011964,0.00459052026151252,0.00929712461908124,0.00116033487981639,0.00516258548078607,0.00396240776414953,0.0135432058519893,0.0161958543462379,0.00988534400063132,0.00140557919359605,0.00241505933928133,0.0215957071143967,0.00751633257698855,0.00996006722204854,0.0356882801941195,0.00273217967182008,0.00947780671107116,0.0011355698308311,0.000392751158313168,0.0167099761934951,0.00834944481919877,0.0300903820269361,0.00204843848320795,0.0310141147641747,0.00430812725611846,0.00958211055418867,0.00969710824079665
61.5,0.0143292638242092,0.0167464865549742,0.000384340688228226,0.00367343946217841,0.00320926183122133,0.00380429432437799,0.00435863414386798,0.00262380595814902,0.00167950234181334,0.000490081190810744,0.0120510899826496,0.0236158533325208,0.00205867946459937,0.0174162918810385,0.00180053929943428,0.00613515315546458,0.00473579391451309,0.00467231849184671,0.000358115445111467,1.8734800530167e-05,0.00142566540796144,0.0012785399438286,0.00244839919625165,2.29431819957405e-05,0.00695801961415616,0.0156635474826185,0.00176588003784358,0.00289643479970036,0.00511861038079681,0.03573029792035,0.00309080560038875,0.01303124457256,0.000834915195249442,0.00723351548558539,0.000983933744767541,0.000595727372595747,0.00183719905911783,0.00285133552111337,0.00350284990171228,0.0118446321709448,0.000398910665287159,0.00565596673193434,0.00292499632190499,0.000302299527206461,0.00513333327727845,0.00100865591742161,0.00258746770542749,0.0122019570577013,0.00211034896288132,0.00605475787368479,0.0023082488227164,0.00364116338306368,0.0486636101364847,0.0263977299057589,0.00352001260438585,0.0189368817114177,0.000922882341184474,0.0189601634148113,0.00212406544975866,0.00208040910021927,0.00253050133854276,0.0283048248517008,0.00158433329559525,0.00321770664027124,0.00148250451799568
61.75,0.000554909334145555,0.00790036930145502,0.00596047544817717,0.00875985101870426,0.00023111902786012,0.00221068536552603,0.00279253655856946,0.00426627626998457,0.00858782345817382,0.00556570866586689,0.00218299847075523,0.00101540151707065,0.000568292784932553,0.238823165675715,0.00472184206021851,0.00499755856092343,0.00389607931177193,0.00434956996701918,0.00186728731406284,0.00191377322784152,0.00060365903707317,0.00115360354244522,1.20332422707935e-05,0.00861503160649997,0.000318252908752022,0.000509321135956603,0.00260446234350667,0.00813056106863962,0.000793326503640113,0.0174533076163349,0.00491472881017166,0.00218887273290602,0.00197143838135148,0.000308771071437516,0.0013259056983686,0.00443595562423373,0.00400209105362765,0.00193620434192224,0.00463230598888039,0.00213278878434045,0.000280116794701692,0.000695330019702059,0.00313586380657802,0.00312902238365337,0.00406853745249256,0.00108439646951169,0.000984698406829936,0.00409075104406627,0.000365751226108245,0.0080485938812689,0.00751681076548026,0.00226216453922002,0.00146218189634116,0.00509159912345636,0.0019402809634512,0.000349693213525936,0.00306386334360731,0.0428749494443787,0.0206574110643922,0.0026723720914726,0.000158934131536483,0.0300162026838597,0.000800545358989248,0.00239628339958971,0.0013866322788163
62,0.0476477084299166,0.0581971496551638,0.00341870438290579,0.00915687368659457,0.0001689641302883,0.00333485877570931,0.00259772761078347,0.0140101153745759,0.0018183609645756,0.0289854367081965,0.0239479593081499,0.0307383814915507,0.00102393432480372,0.816120292717025,0.000998312184402991,0.0250958849797795,0.0354986387818959,0.00235462497755517,0.00142884440376542,0.0020917434936384,0.00103633152763361,0.000956155504736608,0.00298405678460254,0.00555177484000781,0.00487374041686218,0.00996066953756652,0.00194337686840508,0.00512848450950581,0.00657355083677212,0.0981986587779949,0.00328376241291283,0.00944060435768162,0.00145611665884429,0.00166252468220583,0.000690798735476196,0.00607164054296068,0.00541825434118583,0.00761139898010046,0.019371993577867,0.0687191122238581,1.28078989626406e-05,0.00586553329644536,0.00158992445566202,0.00411009022052473,0.00245949893120449,0.0277716183127679,0.0078728234396617,0.0145444765476717,0.00115180482416723,0.0415563540884009,0.000173730366717016,0.0141219413605709,0.0450339042148616,0.0529638013829112,0.0079658019658476,0.0174301362325029,0.00912495212922115,0.053418973927305,0.00485566766542685,0.0352259502926244,0.00929528074000318,0.0408601952004139,0.00358919967468322,0.0157578416433857,0.000661707487376146
62.25,0.00829635631550397,0.00428581450795542,0.00228654806982334,0.00227781292076308,0.0104378232673376,0.00741376382534404,0.00561542352468354,0.00552748417358191,0.00840248767790442,0.0226498584450182,0.00558253351665829,0.00896360414290735,0.0120427651656867,0.738013691936537,0.0162005047325768,0.018855008366632,0.0101488474928591,0.0017820433932098,0.0006112649826909,0.00289069982100887,0.00114883654730682,0.00533686509900017,0.00171891187496866,0.00727523535588775,0.00213995373398482,0.0132240074968414,0.0118482903409591,0.0317154646788992,0.0106916009219404,0.00135049998570528,0.0406150719133747,0.0158851784644342,0.000701472631561067,0.00439266936069868,0.00140842985473673,0.00127366456275146,0.00286693890112712,0.00126439544033539,0.00470630247848485,0.00227642798415577,0.00264409708493849,0.0164065610468423,0.00783239415765591,0.0145187776696307,0.00499279752703345,0.00235561964640013,0.00631593022426014,0.0039740848176882,0.00485086571791622,0.0441935366723691,0.00852837237487683,0.00926906656703688,0.0120691335131657,0.00571460658727381,0.00384408979981686,0.0212285117625173,0.0266122285324578,0.00345123792939831,0.0149903049767561,0.0207045297426621,0.0215438996809763,0.137261125041031,0.000164061741680826,0.000911047885648365,0.00133106417749048
62.5,0.0124110237190034,0.0610093716947271,0.00135468041401983,0.0131003796109508,0.00292011079413926,0.00248175413136689,0.00899685357967019,0.00906115316389478,0.0230829065800464,0.053418634398416,0.00848253832432248,0.0667170125047221,0.000932752401447651,0.476247354028669,0.00647227668174975,0.00841663676147416,0.0151385439040399,0.00183877765412752,0.0130833088464961,0.00545205363746666,0.00459043048419145,0.00274116939575821,0.00350339821576219,0.0100266582524703,0.00661997772058316,0.0171920631192284,0.00137776098874559,0.00922101007872951,0.00140800230809528,0.0520128005618567,0.00171305916636808,0.00913244176590941,0.000565664733842098,0.00585390584211147,0.00811146675084074,0.00521787924860715,0.00637253325717032,0.00593302622999124,0.00387505709670978,0.0273175344198126,0.00407986880114832,0.00585932684001375,0.00479381778842875,0.00450826169644078,0.0103987674457647,0.0141981517921467,0.00337392641671579,0.0405809802146102,0.00111242027402504,0.00242571943425164,0.00499189091993873,0.00623540014429952,0.0214081662228247,0.0856229978398943,0.00349546869566709,0.0551347708510974,0.0137653331667856,0.0411600121248059,0.0309219233705373,0.0292854429279032,0.00795817650728888,0.106279543303189,0.00917031422738392,0.00969930113888606,0.00708608923597776
62.75,0.00927285194696899,0.0108268818577939,0.000726393463763279,0.000245891407747284,0.00159223742545857,0.00555560991130594,0.00226720033203176,0.000703581580402872,0.00538186702617679,0.0101939054066888,0.00424806028054036,0.00912101024682732,0.00216260736875675,0.861709914077152,0.00798822917713794,0.00555624862950361,0.00585171084579599,0.00153971430070077,0.00294923288984536,0.000332328749854616,0.00320668144968068,0.00271093446999219,0.0024424074412945,0.00320794639766064,0.00269883323828735,0.000735582827796897,0.00165240604105549,0.00488776093001533,0.00478744520305235,0.0288704171754439,0.00166921730510868,0.0204390436229535,0.00188952897078942,0.00254692327122864,0.0022343898023862,0.00413614072235742,0.00257462303152542,0.000830004238376099,0.00301505543813503,0.00681572211382465,0.000186171445862877,0.00118184186952973,0.00132244778796289,0.00391275846969294,0.00142986511992814,0.000947383408610345,0.00115726891549837,0.00371639674940446,0.00055940172148594,0.0244204146868262,0.0045841970454219,0.00070414360873113,0.00764734354980199,0.0132389236065659,0.00450485522989674,0.00437627342379084,0.00533486387425682,0.0052129472910907,0.00655372071425161,0.0148434093282025,0.00379153972934932,0.0198356552287015,0.00357450269050927,0.00191965323398048,0.00365908730108964
63,0.00580798189786443,0.0209563456023439,0.00627582774946267,0.0326438219176472,0.00390995185211627,0.00369269557587386,0.00145426417002299,0.0074300380209794,0.0147948312619439,0.0382051428609986,0.0083774656079752,0.0201759428311008,0.00133918943280928,0.0250941283421939,0.00208953811591529,0.025348968221935,0.00672091921632245,0.00271117261327111,0.00555036727769136,0.00214214142027537,0.0027359965709621,0.00250223147948973,0.00275324984066791,0.000675909154319275,0.012225405996074,0.0146837739251077,0.000914329620356173,0.00494241388485432,0.00967718263598323,0.0185055869937054,0.000186494233651205,0.0187125686360751,0.00149245509506264,0.00712282881447584,0.00283378102588503,0.000211096173844208,0.00211156753890928,0.00173352963621714,0.00354075696831336,0.010762286184696,0.00717483440857602,0.00178300003454971,0.00353089953860088,0.00120894666163691,0.00762012583660374,0.0126967493373724,0.0107424279763543,0.0184877559148231,0.00337218850329074,0.00960954751757512,0.000941391262091656,0.0164175981193412,0.0143768753406095,0.0212542652825375,0.00819876388464734,0.0158620878722489,0.00123565956041173,0.00227808009500506,0.00667910289977764,0.0430487262372604,0.0118780959753178,0.128947372915762,0.00618477959641383,0.0121274330108072,0.00358434257515355
63.25,0.0263237645262599,0.000121322117798665,0.0104174805396556,0.00326576239943311,0.00251146454975989,0.010098943401685,0.00465856605249226,0.006166777165239,0.000408831169617133,0.00554657371681721,0.0168098544190471,0.00804161249680087,0.0116643771814566,0.234858804344662,0.000736160616771665,0.00286721978245136,0.00918777281443606,0.00447190230185372,0.000156735936472436,0.00502317592169178,0.00327877603283725,0.0026434291044071,0.00114912617189241,0.00215319805538301,0.00673462454436797,0.00988918939249178,0.00156657863139193,0.0216721483005358,0.0354635707184626,0.0219707250197249,0.00548873626183176,0.00118834658366193,0.00945108083863358,0.00719013185139467,0.00262472310786171,0.00140832683278171,0.00542176149791289,0.00247266660472079,0.00956558093434157,0.00183273451592776,0.00523909595734578,0.00140092446490675,0.00185604837255889,0.00678593585050273,0.00206718230407141,0.000420402143061321,0.0205253224038078,0.00269414162568018,0.00367579299650172,0.0391697709582958,0.00227799803703535,0.00621706050479999,0.0289756899789702,0.0014625673198528,0.0107269589523022,0.0259914301818232,0.00379394873810817,0.0237601535503908,0.00167470800780155,0.000136179513079294,0.00681635587372066,0.00158005570681909,0.000989898936246231,0.000849957570995495,0.00236537824622137
63.5,0.000813067769262721,0.0122690573837111,0.00216625876079564,0.00406150530260979,0.000735888849565693,0.0133907055445633,0.000705599165664226,0.00467518606684268,0.000471477769974194,0.0101057397569889,0.0080168917165194,0.00467313428353449,0.00162723310949986,0.163984437991399,0.000345767529186379,0.0215084762110827,0.00150997289196704,6.02371409392151e-05,0.000929852009416923,0.000587521810669633,0.000925575082421729,0.00310398799979015,0.00177566444034164,0.00400312398254317,0.00397660410409105,0.00177956839396131,0.000741806158260789,0.00921213513627626,0.00434464029506396,0.0223447877256528,0.0024889012469974,0.034371817833196,0.000849777614459271,0.00013010933997367,0.00335802618651702,0.000676549854930594,0.0012474096594962,0.00104580344542236,0.00131280442341895,0.00552648849555038,0.00187030551269654,0.00463484438047347,0.00251226183922962,0.00322431836515141,0.00243527259972922,0.00599009962066382,0.00591512033018656,0.000875804559529825,0.00652890459486307,0.0099823401241042,0.000495255803316486,0.00527974047404638,0.00155394308013465,0.0116632881002398,0.00196344726243025,0.00427208031617267,0.0059697140023781,0.0200206026207492,0.000927344689213509,0.0144099939439233,0.00396383916446301,0.0398945564152751,0.00249947031852838,0.00444175105142079,0.000771272774163236
63.75,0.0100633446765404,0.0144096066171862,0.00333222370435797,0.0452418928408522,0.00698309477930732,0.0144771355305201,0.00228917491508077,0.00269303581095715,0.00307198851588483,0.0116002435769337,0.00839012581756559,0.018418307453135,0.00574686953577009,0.356424763958884,0.0028698054894132,0.0305617202055816,0.0102236733745209,0.00443996254664311,0.00209858549487351,0.00107482018826772,0.00296092869468613,0.00307118488514944,0.00317875903282535,0.00212905556174709,0.00498608883115268,0.00829656670463289,0.00660575646639283,0.00558154081232941,0.0100560012162055,0.00731304276100931,0.0129506501092421,0.00071850437560853,0.00269100483872723,0.000885350792361396,0.00229888904167554,0.00544618083796689,0.000930175093278786,0.000170941659767957,0.00290866698609654,0.0351967719768429,0.00265676216661053,0.00751386183105156,0.00243347230374217,0.0051890274999429,0.000981180787251022,0.00664115096264588,0.00331452252571713,0.0238971768269646,0.00746288699150402,0.0260977463613382,0.00238187853565925,0.0111566567960613,0.00799636109423181,0.022002669234614,0.00873622552884335,0.00363563723333752,0.00041611496162562,0.0191881639713175,0.00575595680247974,0.0211828708708576,0.00500631708291402,0.0745312090731193,0.000343741981943793,0.0034666692730037,0.00322089464002136
64,0.0198237586787613,0.0160670887783302,0.00429175657745904,0.0131983032039337,0.0034224836373357,0.0171248046356219,0.00246364145600906,0.00641817514112644,0.00176654595419561,0.0127995819721496,0.00760629602335722,0.0188789076985317,0.0012873059047988,2.52192682702567,0.00439227573999895,0.00366911859538492,0.0145481194601944,0.00233969521845399,0.0043719735645711,0.010282826722836,0.00301957991418639,0.00189984287795032,0.00462123417289909,0.00658543503732426,0.00345374955038812,0.00125074303436069,0.00343155614168933,0.0421257559966024,0.0030472704913331,0.0324643834880832,0.000560439994678901,0.0188785471282725,0.00516053780551017,0.00435493206629261,0.00124613445578351,0.00507596503379204,0.00530681156360118,0.00799348570965622,0.00792672456078154,0.00449847803368813,0.00337032309280271,0.00193393360831808,0.00249365909540442,0.018829073752039,0.00367303657598147,0.0131648985556109,0.00359508432457253,0.0134312584246799,0.00134444042988028,0.0938810816540681,0.00171939100958221,0.00782557647834939,0.0124000934335401,0.0316269465419367,0.00418672397965414,0.00950004105276974,0.00232692333465082,0.00224794220987032,0.00641314838681623,0.0131150098801066,0.00135236281654586,0.0866539433756574,0.0100718430083149,0.0108834698975186,0.00218860420916917
64.25,0.00402896698704827,0.00710020163631528,0.000651118672593187,0.00753612442841381,0.0034399298757076,0.0199495165525631,0.00610810169343611,0.00785676518641584,0.00503021313581434,0.022668623843619,0.000282983892419773,0.0034596957207713,0.00688541010993738,2.41389744317596,0.0100537080412149,0.024438681830734,0.000271343148159379,0.00023303785263521,0.000968626276525777,0.00264224310788352,0.000777858233532267,0.00127413945668419,0.00368519778102603,0.00460017197443941,0.00524794411818486,0.00738988995136478,0.00797641684121892,0.0770111172458699,0.00509020335312209,0.0309997345983099,0.0121763717882415,0.0480609372861758,0.000404190160267222,0.00145342247621694,0.000562600667397778,0.00303105559810707,0.0028241075204907,0.00257155626640946,0.00145590988580069,0.0239698925704592,0.00197518920571044,0.00808132099645349,0.00589480093846001,0.0159675151870368,0.00316220876681398,0.00486214909669327,0.000731439233662321,0.0035923986242883,0.00524124102551469,0.131660044393594,0.0058373119136714,0.0120616954959004,0.000713695205942579,0.0102967342235195,0.0050020498892501,0.0121203744899255,0.0112674940841975,0.00166991844722624,0.00937500047721716,0.0233140100395552,0.00629169230101641,0.042207972851681,0.00106851295953478,0.00332991077440828,0.000210713319387814
64.5,0.0884050624766458,0.0157252187047455,0.00991158969395186,0.0682214808976903,0.000618073689407742,0.00989189918003026,0.00258827059705633,0.0164574637102578,0.0105186200010973,0.0581667519078796,0.0367900825310197,0.0212792058712952,0.00758907329409312,0.636492222627673,0.0109687886198101,0.0375362647737535,0.00104595593756675,0.00286319649349931,0.008244639304948,0.00375628032469388,0.00355510663396707,0.00289456202504649,0.000858788458682101,0.00539384111890997,0.00837686528963999,0.00543673642375167,0.00228430956210949,0.0328136044819408,0.0245032253806252,0.0294705512898792,0.0104900470387477,0.0042863428708497,0.00152899389508707,0.00902734143131241,0.00425731081669669,0.00387331756285439,0.000900452485999951,0.0122952814477629,0.0167781877999037,0.0492594563015131,0.00192981566028154,0.000179977436870667,0.00122171207407835,0.0150071159057737,0.00505082100833229,0.0300985692694667,0.0283339656104424,0.0151701462257208,0.00340236175289663,0.0276038817521815,0.00836394814791344,0.0304564141797948,0.0880381234392115,0.0163231555686753,0.0130694990412702,0.0194732713777052,0.00590699543835899,0.0760850031609581,0.0143594035813287,0.0552919893695134,0.021289272339558,0.0474434575790158,0.00550890476273047,0.00981644812207955,0.00569249487151113
64.75,0.00460517552682254,0.0116688828373818,0.000671649363422388,0.0305164932574421,0.00129513746223116,0.00823477620261784,3.81511931853668e-05,0.00320655172679122,0.00106977463777225,0.0101419350674448,0.0158470443720809,0.00825917580393863,0.00145947806659354,0.87964708607007,0.00245896276971573,0.0113268004008036,0.00514469160279881,0.000928827242734385,0.00173793530188909,0.00117836562398635,0.00465725767747594,0.00358353398352337,0.00296279576066621,0.0039371577364857,0.00131020908364397,0.00100810304600757,0.00196092637479212,0.0147274483898628,0.000393797847057757,0.00619914261814334,0.00100025269149835,0.00199941051693612,0.000659421026021437,0.000276427351352316,0.00129708914466013,0.00724489511297656,0.00332486603639716,0.00164794676422989,0.000635918121077716,0.00775750304369856,0.00148708648087901,0.00395507003889045,0.000823762872931159,0.00617550885292188,7.19651632474872e-06,7.06655236707601e-05,0.00841546251043063,0.0143368762547956,0.000872561987547773,0.0348590774712959,0.00114637497779082,0.00255875005353515,0.0148848280285147,0.0169429178442353,0.0015571681300337,8.97900721200939e-05,0.00731675981325042,0.0223719157808746,0.0106535316854544,0.0215371554586451,0.0128921794219376,0.0668864616810983,0.00664351759600403,0.0041070324260263,0.00401487512784188
65,0.000610099649916687,4.52700198304838e-05,9.88141192965085e-05,0.0057824300884837,0.00201292432142746,0.00559536529509813,0.000657720159557936,0.000222691875508017,0.00105519004770804,0.00335968699940897,0.00236680946100515,0.0014561804338185,0.00102912245830596,0.38815877821769,0.0038223553803597,0.00022874448811874,0.0029075162029083,0.00015733032463686,0.00028954299856604,0.000108490164273223,0.000951643339739514,0.00035416197641241,0.000983088362524638,0.00239082508749646,0.000763453766409837,0.000201936932243963,0.00255216086652071,0.00234773300090451,0.00508426996800239,0.000147014873250761,0.00239291229802484,0.0154421523300022,0.000102021020449868,0.000286344812997729,0.000352626658849032,2.46041850697043e-06,0.000410930020243041,6.47237392924474e-05,0.000121587418564706,0.00551434413099273,0.000520479830018293,0.00206243768086855,0.00305233940392998,0.00367225858870749,5.69339887082712e-05,0.000464687360388785,0.000874963848351456,0.000618555709248508,0.000337511805422607,0.0124082577003375,0.00118309359961251,0.00151915377257968,0.00136209953771934,0.000247013487795146,4.99977290828303e-05,0.00430705832075271,0.00233807305944539,0.00155370919044633,0.00325395682584873,0.000914584129907251,0.00176205359901045,0.00776751067833937,0.000857288128523872,0.000795939412987107,0.000205906263796978
65.25,0.0241675249450229,0.00278335109992388,0.00289319681226723,0.0115473101165924,0.00201051341742946,0.00706288787876277,0.00131604563863208,0.000678418631189182,0.00288767680939327,0.00614194923228216,0.008652092571868,5.55179029777726e-05,0.000102708574120352,0.602617150105031,0.00116111129416378,0.00103986605057716,0.00962474832059541,0.000102933680560354,0.00397362850915499,0.000120394814194108,0.00105833170446889,0.00190123840701311,0.00286310270314998,0.00322160196666351,0.00228925384092844,0.00302035814581569,0.00131516411561075,0.0130352803305984,0.00261160305150388,0.000268136701717314,0.0171675834473857,0.025977282351928,0.000864069120814795,0.000751958446782443,0.00141011254917064,0.00372039915323707,0.00168108109664979,0.000977057865126541,0.00716544955926702,0.00206381204765739,0.00109142654681688,0.000879964141151188,0.0034345010908,0.00272220940477287,0.000379347776326674,0.0010975364352229,0.00467017068770448,0.0033996405365855,0.000542550089650584,0.0402226123791818,0.00230495110058934,0.00144333886405729,0.021062043382872,0.0057152174915801,0.0040468004887869,0.00377937821164094,0.00369237798047778,0.0142603788566873,0.000608299567320608,0.000828373613414393,0.00405724627714623,0.0110598520300719,0.0025266531863487,0.00200741475680723,0.000881445110058653
65.5,0.0277818845535842,0.0135048661897961,0.00140362009983685,0.00763629099847257,0.00366139703822911,0.0269399719046277,0.00454621685524316,0.00874354405893926,0.00762613914902056,0.00736806937901308,0.0247622913765416,0.00304266865911724,0.000892651994052687,3.06424356059592,0.0124148179014183,0.000191539402055449,0.0121896031262804,0.000723001162389618,0.00235024863823772,0.00404083584132484,0.000662212887918274,0.00409434014711541,0.00194385157609653,0.00873460497985766,2.58691619157876e-05,0.00369729847894098,0.00575604119485706,0.0500784132689922,0.00415271426509528,0.000882908444036859,0.0133980299388862,0.0281107944678269,0.00035033589636071,0.000900337357585707,0.00296900419979912,0.00531538766774348,0.00628916813924414,0.0063364284101387,0.00812288165203074,0.0155585005456814,0.00215306237970551,0.00671934778478448,0.00479291729007164,0.0196853854939412,0.00996611691454057,0.005266930256372,0.00986612224868599,1.68545656677075e-05,0.00199428161064777,0.123826080471484,0.00546939404506788,0.00432312910426776,0.0291695426489288,0.0074437333788969,0.00277763336911076,0.00104642841671405,0.0160145824582121,0.0744351745896976,0.0102060080237918,0.00459105694266984,0.0118584931894302,0.0219690320765208,0.00682318477577624,0.00468444849566216,0.000815861038346317
65.75,0.010321315067949,0.0218908589306676,0.00723000580560544,0.015793586147728,0.00394949791108933,0.00368043890493545,0.00453927927443376,0.000909257084055267,0.00285373400754281,0.00290159284157016,0.00278734464432844,0.0121006760267856,0.00140300168238995,0.0340132340831269,0.00413070393572266,0.00469119284489671,0.00717820582679716,0.00445829646858966,0.00595292145604259,0.000444571018064828,0.0128796038426728,0.0103607086499004,0.00150052072821086,0.0054873135083331,0.00277064579063991,0.00738875226235003,0.00142183937312527,0.00187902452662649,0.00144997095653964,0.0472190554370384,0.00490674625617268,0.00578540915508437,0.00613167099699939,0.00835631568000551,0.0041177923015217,0.00779927936821132,0.00198350148809791,0.00134607229504454,0.000660947252436915,0.00363474374510932,0.0213473359405955,0.00194925697890807,0.00206534871813539,0.000654198649251689,0.00543653946969494,0.000216012578856935,0.00360928408548531,0.00644247866857208,0.000327366945544254,0.00446062680652203,0.00548610792675544,0.000221202001676382,0.0126385056666429,0.0261551303354714,0.00170986105668134,0.0113700624758496,0.00230801394584126,0.00113323957317326,0.00558367755109957,0.00301143788799075,0.0103351952926206,0.069152023266708,0.00155394397733401,0.000630160505813137,0.0101391870151684
66,0.0189008230757507,0.00624127346593744,0.0025012079239091,0.0152820873574995,0.00129927933308424,0.00437073785238319,0.000623418344574598,0.00862173021049832,0.000737514050396561,0.001373473452079,0.0189137605550685,0.0005394679982994,0.00818056905702188,0.0749350854083037,0.00022537406027813,0.00388228155326589,0.0113545585066367,0.00119642927895253,0.00244005584304972,0.00706434292138096,0.00226689736385606,0.00015236525859225,0.000467642801295746,0.00545046923625299,0.00738466616096241,0.00152423734702426,0.00146806052426148,0.00585539471968328,0.00745360454427214,0.0256375360133879,0.0102477454922842,0.00126724541304263,0.00211342067542967,0.00108697147651041,0.00194088136830585,0.00389499551500526,0.00176439397683142,0.00681228363432282,0.00555221245271191,0.0105223742498637,0.00126667445106081,0.000895375933954414,0.00177994998972696,0.00784882044289344,0.000552445829220857,0.0102978104030487,0.00493690175116115,0.00313045364306653,0.000854093501135086,0.00588846654123356,0.00125649513948995,0.00949668264269683,0.0175274707894632,0.00396462023626736,0.012013456454227,8.82659893097971e-05,0.0084283704255979,0.0217526374313327,0.00252794741067725,0.00657000011691984,0.00329170328562616,0.00602803255022417,0.00785506339390021,0.00790158269192836,0.000699243737913422
66.25,0.00323229961031712,0.0105863789296223,0.0117258033077282,0.00484356265963587,0.0074455562800122,0.00845329030307168,0.00382697762550898,0.000633440600456779,0.0216308732185318,0.0209155321243237,0.0084103036184765,0.046380606282304,0.00313481080978093,0.710196060785563,0.0175966084027595,0.00755260721330823,0.0143936313790535,0.0120226364430924,0.00308498090447525,0.00279837404904718,0.0157634229161683,0.0109797511221178,0.00491923790647593,0.00228282467928844,0.00531054511724123,0.025268121166112,0.00479902230521316,0.007987996789085,0.00515982420913899,0.00906139275380301,0.0163931702872106,0.0644108114882382,0.0169840957606178,0.00375377148478477,0.00886037491828954,0.00491237498788549,0.00617427724993037,0.00152106779136394,0.00853886829587375,0.00791633099661892,0.00978530037909317,0.0187123230354699,0.00815175535857138,0.00162931454454976,0.0117779347513656,0.00307376007134146,0.00544612877800366,0.0223458344157846,0.0032703520932143,0.0261264382619866,0.0110121481997894,0.000250882602565574,0.0120653852652735,0.0239129887988602,0.00476341691185317,0.0465973734103284,0.015334035753938,0.00327203238128267,0.0231275488007194,0.0181639236630727,0.026406701791033,0.0785546093808524,0.00286276140107422,0.00565899014073736,0.0132162084395559
66.5,0.0216062700633879,0.040435093520765,0.00183378232991837,0.0044438941959919,0.00420523729161831,0.00138070867616781,0.00537154099649987,0.00702756207971012,0.0037234151162908,0.00379796581029613,0.0112193397689218,0.0589071012333028,4.44221642862747e-05,0.0232808492371778,0.008370329876447,0.00466409822229879,0.0027973452210596,0.000478187384100947,0.015748121922644,0.00468846824768466,0.00288347448811761,0.00100443672180722,0.00199588164200334,0.00691590131100399,0.000484447402882458,0.0123542062298444,0.00284737284682223,0.000507785765385546,0.00716893170782744,0.0181087954235172,1.33463231158444e-05,0.0174983587163822,0.000575156830681112,0.000483438400657285,0.00808907953388351,0.00771887224565118,0.0060766174429849,0.00704971578557445,0.002630656469623,0.0337775302996478,0.000643204385715781,0.00336386647887012,0.00200124150151516,0.0024957527846616,0.00714206720631611,0.0112572596884729,0.0109414231489892,0.031459735601772,0.00104797004079492,0.00125505318469527,0.00494974420815842,0.00583686754708599,0.030558021841748,0.0542077374916807,0.0015067415529863,0.0159093138631389,0.00641910627404433,0.0254814126956559,0.00641493664977733,0.00637612116721216,0.00595007539580606,0.0103523195262558,0.0186245665578305,0.00697806494435831,0.00372156023376054
66.75,0.0144282763475334,0.000954535406321253,0.00425630723988997,0.0233239979198789,1.04733557808402e-05,0.000787312941927744,9.81220361032832e-05,0.00208044135044898,0.00497277427807073,0.00957064435364735,0.0154875588900077,0.00335191131407155,0.003577646829249,0.43169554489887,0.00580429381672077,0.00454404446011731,0.00364255470028244,0.00181973693900171,0.00249042575004058,0.000765186045169938,0.000412391345969106,0.00230085435947902,0.000249243191010445,0.000839665650080876,0.00434256797612832,0.00465818549871369,0.00132645446427142,0.00326723895252138,0.00647709440095233,0.0168872812329121,0.0199713909646807,0.01028349719956,0.000137472475192897,0.00253172372313283,0.00141014526774407,0.000803486225375601,0.000262268955864017,0.000482826760424634,0.00524122647707128,0.000974866947538596,0.000644202208510092,0.000160331470018625,0.000463907850365205,0.000314779888387489,0.000545705859444865,0.000731997870089758,0.0156584665617475,0.00735918904851407,0.00494800565843855,0.00477407933121382,0.000291473705403136,0.000153836118234699,0.0248992011740046,0.00240421879478956,0.00192898074608433,0.0093078025690429,0.00274979659272123,0.0287955647374014,0.00164274815473545,0.0055244144322305,0.00322310531014428,0.0382390996296807,0.003190885700072,0.00251535150863234,0.00216241150204785
67,0.00497339482676349,0.00700755867553615,0.00557553483535448,0.0218363863904136,0.00231343521129934,0.00441227610508772,0.00116061349854958,0.00106122203777421,0.00551604008443546,0.00912117315789883,0.00257135923439942,0.00154981362702226,0.00495933572324163,0.820457147498603,0.00732191773703958,0.0020146220569712,0.0126994143847645,0.00103327769957175,0.00140883973779469,0.000370594188437932,0.000562525046084846,0.00156858414312545,0.00142519700198348,0.00242907985684168,0.000305781126333008,0.00551392834932736,0.00337476449163502,0.0066926831137503,0.00775977513173362,0.00965958496567962,0.00549807383083188,0.0307545544975008,0.000659946073129124,0.000733616234518725,0.000284211618180521,0.0018589337544357,0.00108651545688211,0.000548321883453024,0.00586888311445111,0.0255459131771498,0.000128690433362883,0.000990812109015191,0.0033660519334654,0.00603363693821906,0.000386756232656153,0.00485637541362834,0.00212465149873262,0.00586590723725036,0.00582020521686803,0.0326736119999895,0.00400165002169521,0.00297780221566381,0.0112631509053909,0.00743651322250789,0.00115812046839839,0.00748342458635566,0.00986403096911851,0.00259143833990292,0.0065937216210774,0.0036813251658131,0.00797462509918928,0.00529263614254633,0.00505284362265398,0.00122107170009047,0.00018872070273486
67.25,0.000193611033698122,0.00510556397013373,0.00258541131869604,0.0189976758492039,0.000144372380816033,0.00319381884815662,0.000991390377855332,0.000183169304462604,0.00448252639426639,0.00210552354343353,0.000581288494156941,0.00523725960055707,0.00221931293413509,0.360249683408448,0.00481040338666449,0.00368969407302342,0.00859476687286239,0.000186230896503071,0.0017104622823963,0.00265338323614724,0.00120679836016795,0.000361539077125006,0.00108003167420923,0.000903992135306829,0.000453463999319402,0.00315266845137105,0.00216374844174001,0.0114806235004529,0.00285698947082884,0.0060460583756506,0.000285779027114384,0.00606241499541469,0.000667246089138954,0.00111179816602729,0.00186127257826377,0.00145335613407714,0.00159570770609224,0.000385369165720933,0.000253548860182725,0.00362820401119823,0.000122208083044045,0.00087331797906751,0.000295862644441888,0.00354973594477003,0.00227653549844765,0.000271368212399402,0.000480538338201803,0.00587043854940947,0.0014959601089462,0.0212280518553399,0.00133511158767767,0.00143145268131373,0.000130944406369779,0.00571763740304884,0.000922677068710592,0.00215674605962975,0.00377105098275627,0.00698624100319598,0.00661031084841559,0.000156986912316964,0.0114500156444879,0.0185183374188121,0.000814115809909592,0.000120257165204875,0.00121719261958172
67.5,0.0422475875820357,0.00446699727641427,0.00344534600297613,0.0187262455437125,0.00041126053532546,0.0119239157269568,0.0021204294582514,0.00599352112615311,0.00784941547417549,0.0121139295214776,0.0162611385267916,0.00187035514747115,0.000932182402340691,1.84686777922753,0.00758384081817728,0.00812754449737974,0.019379852840672,0.000759867529306969,0.000624648123914501,0.00334118924761213,1.5638868586006e-05,0.000560895734633134,0.00154621347819348,0.00258582548025526,0.00304901199386275,0.00657899001290318,0.00160915737225546,0.0214822738975309,0.00278757213920508,0.0165537473799708,0.00871749951896816,0.00425031513289986,0.00154051751343692,0.00220298757107433,0.00100658997365357,0.00164655030382935,0.00209124984077149,0.0044242373716094,0.0122091456965584,0.0039723567961488,0.000276292608411321,0.00257476762794735,0.000762274628080865,0.00816487647650492,0.00819263007558253,0.0103094796840426,0.00807413919782205,0.00677930732500364,0.000278439669480582,0.067337336439783,0.00420199706926284,0.00604363593907423,0.0212165827024512,0.00095075394985577,0.00210157673362846,0.00222973217550761,0.00535812065684741,0.00834409196938193,0.00593580409572467,0.0135611501682987,0.00484831086075499,0.0308108795364472,0.00100757524913876,0.00673482919885907,3.60831501263405e-05
67.75,0.0092511884532561,0.00180610594933791,0.00690798077020398,0.00451958402028054,0.00473958673558015,0.00725547791940125,0.00151098239546475,0.00196022256627317,0.000730666249998,0.0052213801926353,0.00462441495044155,0.00559442841031459,0.00504062523176544,0.611056743937726,0.000903240881782942,0.00792685017517477,0.00159540520958979,0.00188296021018976,0.0026178809559214,0.00264974389141163,0.00568943743022546,0.00234956938962194,0.00163104455954325,0.00343881687065111,0.0116556386012559,0.00552218440375267,0.0021052234043337,0.00786266017673129,0.0042041116469896,0.0347787601018848,0.00408620157839309,0.00377768693083215,0.00585923362581646,0.000955799145170769,0.00188284748234736,0.00201787308785091,0.00224965880394001,0.00180345354509264,0.000674256754188268,0.00245151072676875,0.0045569683134608,0.00177869628148305,0.003794819079883,0.00535282547345344,0.000203810231702431,0.00081830969301511,0.00737581724808721,0.00756543122725547,0.00789779071696713,0.0259197679481267,0.000479354336431359,0.000932105355596585,0.00102207792340519,0.00186112224442887,0.00572674389945801,0.00847327158803881,0.00500153128968827,0.00225434000310976,0.00122423011114517,0.0118974837121357,0.00236097511776114,0.102368157415843,8.60220341051101e-05,0.000233152193656533,0.00261427969503209
68,0.0722191611362524,0.0156481522335129,0.0141366390201862,0.00796606294406865,0.0022316512464154,0.00027313565492965,1.00522758965345e-05,0.0036036244337159,0.00551605990425428,0.0124023231266522,0.0475538469628897,0.025780347299832,0.00291450781139574,0.245008511201614,0.00119273550013851,0.0104237636165599,0.00469648106688845,0.00366206947990499,0.00603299679497859,0.000251152022086577,0.00267682509835565,0.00264222431567375,0.0007214916149085,0.000355711267488538,0.0135873254776973,0.00883334861132693,0.000256161950100393,0.0029646919011639,0.031505593295105,0.0105193859682745,0.000496388103998429,0.01169193715231,0.00318081464664996,0.000217589093133074,0.00255527518923796,0.000819290311842033,0.000725501494985548,0.00106121160959468,0.0199023534051496,0.00828670602264697,0.00369905804860037,0.00145253817654762,0.000970736529290055,0.000355940041063986,0.00149751304008678,0.00510390917592658,0.0228778260784396,0.0148994540518759,0.00087801419458507,0.00321639426779076,0.00089124246459181,0.00652067106327314,0.090352250256448,0.0321011692365052,0.0174380762819083,0.0111265635103447,0.000882802086013219,0.0346595780403415,0.000733638742967339,0.0211068425985228,0.000911673268645142,0.0489120049860408,0.00231369708272798,0.00206760244812621,0.00541531542557627
68.25,0.0200388872980938,0.0152032585357084,0.00338090465490596,0.0148571161096216,0.000134902135142405,0.0192739394598055,0.00113769077503159,0.000185946494338937,0.026814454442704,0.0521988058363532,0.00589214995337268,0.0123491595225731,0.00164332906154534,1.22285551210198,0.0161827846935703,0.0206670500095378,0.0247889415259102,0.00487222172662704,0.00526871133324656,0.000586450202308291,0.00337386916468681,0.0109855216395737,0.00114787089646147,0.00195285158464076,0.00290880585920778,0.00452829596669861,0.00455908954615028,0.0140119299929241,0.000535156650315235,0.0205906149298005,0.00159141680464252,0.0266295153596973,0.00574631298210544,0.0112134914775124,0.00455187911818108,0.00424192503923487,3.60248348484972e-05,7.71387884166559e-05,0.0101937267752182,0.00673619909543021,0.00336449168338406,0.0195594774626488,0.00014117943856838,0.00847980697790882,0.00908263981443778,0.00209607958679111,0.00291735242830424,0.0248295000549047,0.000606050870793641,0.0652420368902231,0.00524595580420705,0.00207600249768955,0.0133585436573142,0.0161803880794933,0.00186768682886022,0.0139481206678,0.00613152580185383,0.0322951043512056,0.0332764489096724,0.0253808570348402,0.0374444767418065,0.112082494976983,0.00289387711456964,0.00290434608883051,0.00909025037444508
68.5,0.00809159645809094,0.0232169827239628,0.00046462553092905,0.00460995518810247,0.00507590140704332,0.00056073167149249,0.00537813237170685,0.00405073515460867,0.00131731753193411,0.0075306839663131,0.00550215002738926,0.0350598821940534,2.3997323492421e-05,0.439262326813311,0.00124956927726673,0.0010253480239557,0.00658034458731289,0.00108624363546666,0.00791821534990547,0.0079293092433434,0.00424402237206459,0.000603509465650759,0.00956640451087115,0.00254094227021601,0.00259417666313293,0.00227660850931229,0.00253319732916327,0.00242384679039128,0.00399848683678129,0.0352679783379095,0.000334431727221489,0.00858322695718632,0.00077666726404158,0.00169433257656729,0.00963742859457054,0.00546717922476783,0.00488726063657035,0.00305135870004408,0.00108539943495195,0.00853919092246745,0.000544333006876408,0.000444367718827704,0.0103657962167302,0.00166573305988323,0.00645280721889676,0.00638450794117426,0.00373001452998125,0.0250921983580251,0.00320077293444926,0.00859977971971962,0.00458444230864094,0.00323940949158905,0.0099671676323757,0.0364413036134073,0.00103739934757904,0.0102063445727694,0.00505131298121853,0.0316054495804687,0.00423185954198677,0.00981429712899472,0.00641365225635987,0.0796453913000922,0.00833178441628945,0.00653967049651989,0.00369620510668156
68.75,0.00619323409501631,0.00660303539741948,0.010475321442806,0.00751427655165433,0.00038426301504629,0.00307331060434212,0.000267488002404403,0.01546660764796,0.00381695987131893,0.0143996851940659,0.00162880563716625,0.000635872922705655,0.000208771689496579,0.357826260495487,0.00349367171659929,0.00785291543703107,0.0109055977256042,0.00189831035737013,0.00468393639332568,0.00374539426301934,0.00457158636938602,0.00208205029845541,0.000340835868629023,0.00102347812046342,0.00254667077056166,0.00263470723441753,0.000335075069207112,0.0165914023361811,0.00786406067066935,0.000134330200994765,0.00852366282048337,0.000509222676997852,0.00328994101124636,0.00117074368161855,0.00538053779637715,0.000380535671878878,0.000649262037933071,0.00351326673159272,0.0061333539169088,0.00197232094621809,0.00202592011424848,0.00123801530979237,0.000299407151910009,0.0115410461371938,0.000555654219538052,0.0129494091158835,0.00470357784319351,0.00171214717859513,0.0015016383012503,0.017912514939955,0.000387924143546422,0.0115724979240929,0.00180029648857299,0.00270007512982975,0.000830674065946981,0.00166428500356289,0.00307437635297673,0.017887174601536,0.000547945844700802,0.0133202298505031,0.00118036038097646,0.0265545740556663,0.000729539020957141,0.0020225923727677,0.00440241024027632
69,0.0102754580258977,0.0116758616005919,0.000809177686370813,0.0128336499577663,0.00124691784261548,0.0111684285985171,0.00221728489782294,0.000331000709250874,0.00115800337981551,0.0013142222637258,0.00287528504083357,0.0140806959557736,0.00136976268773502,1.19112649421149,0.000359769981530827,0.000213456219604509,0.00132412881749974,0.000934259983368426,0.00252051126984451,0.00458464030460389,0.00337469363314734,0.000241322158593696,0.00460425950222581,0.000855047983871482,0.00235266072832204,0.0203609028758563,0.000358698530498828,0.0303599578191589,0.00581615406578697,0.00938892874440285,0.00669606526496653,0.0273430054239467,0.0028999445366687,0.00172859404924087,0.00506880467453299,0.00165898095176379,0.00375943244092046,0.00277327166598737,0.000755768197040784,0.0104938441525045,0.00114363266451402,0.00706635366580948,0.00378289332057947,0.00175721060706855,0.00457991317482126,0.00209526308305231,0.00306250621906416,0.0209844004443469,0.0012821855578779,0.0898312602553086,0.00272751627877503,0.00166140721294505,0.00328314198401429,0.0135960720631175,0.000294730506741231,0.0346675310255784,0.000283670347345736,0.00157101203475471,0.00240271810205139,0.000959604671853633,0.0017561209655486,0.00975534298894248,0.00456733295073834,0.000940655526014083,0.00472395762578885
69.25,0.00211622971822267,0.000208821060544808,0.000314772979314774,0.00718282310887899,0.000665613153094692,0.00246957045787305,0.00240508593421478,0.00230589660472029,0.00226682746553815,0.000846119145274012,0.000603209824361937,0.00551399139772458,0.00395694229545967,0.310758047634382,0.00203188538267037,0.00403996115477014,9.96595624149727e-05,0.000631148592398177,0.00282540190073319,0.000807261907140716,0.000753381743476334,0.00220082664883961,0.00278682124446819,0.000676566529560989,2.45456611138298e-06,0.00527061955339317,0.00133954660730903,0.000423495757811951,0.00124534447938389,0.00788278539824131,0.00398902889608016,0.0176156869086682,0.000993326598356479,0.00189544423933812,0.00136028670553177,0.00147083182346174,0.00158912534431443,0.00554862374097268,0.000122494177471289,0.00694977111929494,0.00120189880566851,0.00588168287066467,0.000708420667774951,0.00222700338599281,0.0010010727535471,0.00209890842297151,0.00127030999429025,0.00277779275432338,0.00109605068978851,0.00443948313865041,0.00242391684226254,0.000367873033983861,0.0023359410842712,0.00144332135959798,0.00393384944568374,0.0149572361985614,0.00380793239182225,0.0195925412698268,0.000502036086747131,0.00121119095747504,0.0101978301668989,0.0785949701569547,0.00349965656335123,0.00246976516309049,0.00133569896979899
69.5,0.0108916870370721,0.00556990900741609,0.000996297956821752,0.0109336218365505,0.000407720788190156,0.00983168717296503,0.000606367415816036,0.00954364917635252,0.00112686413201432,0.0014605929455652,0.0235480888219405,0.00180456225458439,0.00870415197303394,0.911043408305259,0.00454097150463946,0.00967853387149738,0.00979189150318467,0.000229088684368196,0.00310162199475944,0.00458234323580535,0.00157102169673728,0.00114562559140262,0.00244230502072658,0.00817101687844285,0.00806519172833097,0.0108905441081644,0.00337407595263155,0.0578534769630701,0.0122384782396107,0.0260923586987483,0.00749908782969886,0.0412475112625386,0.000276354668810107,0.00348939321839605,0.000361669011626838,0.00284135658619177,0.00130386340410686,0.00557281401167559,0.00138562693638493,0.017874001273147,0.000103084867040495,0.00684756803657249,0.00161378818793617,0.0219036476847283,0.000894938500170577,0.00182296265772115,0.00604024744600113,0.00786347192089163,0.00388617924919294,0.0801248259733399,0.00099809000038586,0.0105713307349496,0.0252193451240696,0.00107782459246188,0.0159524264175984,0.0158154409538627,0.00495177687492335,0.000578470496441397,0.00110709506000134,0.00111737632232069,0.00233596886954234,0.0161063001498083,0.0014692787680137,0.00133217240165195,0.000987688314474749
69.75,0.00672996736646282,0.00965008005270526,0.000730485431689414,0.00675128243621677,0.00230684397503875,0.00148869051418633,0.00103373730952775,0.00252579840195258,0.0118036954463691,0.0100792240166303,0.0123099066867745,0.00689183654109053,0.00429470824992046,0.040381887645588,0.00338781653786141,0.0124412895821214,0.00226410881787603,0.00557248632909889,0.00190340625289342,0.0028455134986432,0.00411390344081601,0.00231403398521185,0.000125259528848393,0.00141440413017342,0.00368796036201655,0.00280208134748595,0.00374677371311446,0.00120087225109675,0.0109281480598301,0.00913675243482854,0.00383003653199412,0.0101329663054229,0.00227258046224836,0.00663199682266638,0.000697945736032008,0.0018585143613274,0.000302746944930072,0.00184818327616382,0.000833675676060952,0.00398381375678853,0.000876406868725,0.00374437631011953,0.00427039720367453,0.00088746486277705,0.00560740737224155,0.00741422886834886,0.00608112452048936,0.00703901869889369,0.00244717585842311,0.00101222601918997,0.00177436515382067,0.0106294600700889,0.0117361318907699,0.0110291866968295,0.00784264798698875,0.000938207917612284,0.00059588553278565,0.0450959705663829,0.00707249294608199,0.0127945209652116,0.00882064788514206,0.0202947734754265,0.00044334011095712,0.00709316617998765,0.00455518048193569
70,1.58787277977707e-05,0.00394447802933431,0.00336694877186184,0.00385813786447373,0.000922246492371028,0.00562204928729446,0.00123527051957533,0.00179348499487976,0.00516896187966673,0.00198805225666027,0.00250788292398044,0.0252581027547675,0.000820923373961111,0.0893774203292015,0.00320686496418044,0.00194056768356372,0.00129434799925822,0.0023915674915229,0.00110230896223685,0.00567477828066595,0.00148907010477516,0.000426127311236611,0.00326272290495136,0.000495905831004334,0.000693780570158505,0.0121788581836433,0.00151794608364916,0.00698537984211102,0.00276608764555201,0.037901090105656,0.00175558659231647,0.00177363064900191,0.0018938489422066,0.00187796195627306,0.00216132441358972,0.000338038700740718,0.00257900414491687,0.0015193292383092,0.00173753470781482,0.0014151243199816,0.00195799920103872,0.00358655278448472,0.00310521527814055,0.000808020180094293,0.00363339094535588,0.00429993317076622,0.00527909742131787,0.009367841177197,0.0014234725020373,0.0335698842469993,0.00385023308653624,0.00277911682678208,0.00791429728375463,0.0102718390756578,0.00084437998625539,0.0540153133484618,0.00142019812241923,0.00395185120350269,0.00531493872036705,0.000932857903369022,0.000958463206649545,0.000552339162356604,0.00137820828160071,0.00510183078571611,0.00201294162173866
70.25,0.0065126694372877,0.00545218453142849,0.00140535760278367,0.0186141524214864,0.00235950847325556,0.000615694455300336,0.000739942098761129,0.000392936751670105,0.00644162667909299,0.0138514440364641,0.00340095320345918,0.0108671112762606,0.00357450033916597,0.147186187272151,0.00556726642941332,0.00169110065344826,0.00407474885594281,0.00255851932081192,0.0047665737269849,0.00282759505442262,0.00157443512461216,0.00160670041851519,0.00229015258644587,0.00104644958287764,0.00231340337091075,0.00406940803623982,0.00448517800026597,0.000426941655122215,0.00156364181661236,0.00900402793603864,0.0110092735384408,0.00695035411052533,0.00137300215364408,0.000795758817170631,0.00162184173813458,0.00115999343057623,0.000870569189399141,0.00115748332240038,0.00130393234324783,0.0058805647776329,0.000604602463389284,0.00281525383667865,0.00410048525513763,5.30219489313913e-05,0.00123413978625935,0.0049416963620288,0.00663689847914133,0.0129768282002444,0.00204417963370046,0.00235774820458168,0.00295681784237918,0.000242968015238403,0.013278801877218,0.00833004654384887,0.000478391789184741,0.0165235708937474,0.00300429791589985,0.0235744901013555,0.00834827496495529,0.0018373202282914,0.00325728374221617,0.00795527917183388,0.00162198738421511,0.00406572394412095,0.0028994562707679
70.5,0.01164645183937,0.0095623389045946,0.00559509910617126,0.0354687370840737,0.00190648799257551,0.00510028872071526,0.000362257356610468,0.00124447906669592,0.00779613913210023,0.0406994829617389,0.00884512148333087,0.00229908610405124,0.00244093787529303,0.900053084792697,0.00371064039771776,0.0107543572402336,0.00463463756332165,0.00372006204899832,0.00072947019262045,0.000605471658619613,0.00384696784220179,0.00123464532056434,0.00108391276156659,0.00135415100830118,0.00408755491511012,0.00882871535272629,0.00273151256224021,0.00631947250878295,0.00982730856761374,0.0251356918083259,0.00866854779901203,0.0111423137239222,0.005018549116025,0.0100831013288359,0.00164638338050909,0.00220572812235497,0.000949174313418188,0.00110894804860034,0.00946277442906062,0.00607144149702112,0.00114023328140334,0.00612642636277113,0.000243080669548927,0.000730624698166605,0.000624345082200327,0.00704339167257862,0.00816514428945984,0.00436599902680081,0.00219706495169297,0.0421022717592848,0.000564120400762572,0.00254918139744511,0.0161544080601593,0.00887292696800029,0.00833762934857431,0.00638336071394256,0.00314766765338454,0.00206607934751496,0.000848429485473821,0.0291365682762383,0.0109635286487132,0.138845483680833,0.000707401365680707,0.00629421015299375,0.00218802397582846
70.75,0.0014571572126966,0.0102689799021178,0.000282060512819654,0.0129037771894464,0.00101006891101309,0.00957306018425973,0.00176184085811155,0.00501196629539233,0.00251940006201117,0.00038640270795335,0.00018789622020982,0.00712349463338789,0.00521273930736804,0.868508245959362,0.00229232502114913,0.00136476173025408,0.00272614527830701,0.00267710836990671,0.00833078724068431,0.00238711184100664,0.00178905262915798,0.00546231427647928,0.00327735818131762,0.00217829704735346,0.000157623972216906,0.00044443670173831,0.0015532224430257,0.0222822099988742,0.00074989351122923,0.08353851880329,0.0137029900936352,0.00500250466027547,0.000975994187271745,0.00364126676790696,0.00408518140820893,0.00502387580078122,0.000796188052604108,0.00248747938582314,0.000667346415473478,0.00464244227660112,0.000476570118100138,0.00289621932482546,0.00183810451366621,0.00835108694608146,0.000490233837431583,0.00452212280048034,0.00233641815093127,0.00768332517227781,0.000624859751162617,0.0307510795656751,8.60488322107401e-05,0.00240301377468883,0.00224163334039667,0.0115406908441595,0.000700422282410969,0.00138109387739404,0.00410303759594445,3.78390969248642e-06,0.000653732996106768,0.001623724129663,0.00309059838372807,0.00220761919145842,0.00687514212980531,0.00175348301385785,0.00458376805555685
71,0.00850119178405737,0.00437732495579201,0.000533022730037258,0.00304615228300568,0.000142919793975934,0.00348286469250697,0.000624779857133284,0.000375771799778949,0.00685007666929416,0.00156238484708142,0.00909216217330964,0.00815780822441052,0.00205539864255669,0.298230922099176,0.00217874863950927,0.00488450966339612,0.000641166375323003,0.000138755189993657,0.00108839360258698,0.000511953377612947,0.000479789253170121,2.28708345905932e-05,0.00159260521900066,0.00124080402641615,0.00251840164688452,0.004848488108429,0.0012319362427322,0.000243353306027417,0.0104977602926087,0.00539309898423429,0.00172071618768304,0.00986674803354212,0.00096058211037934,0.00127996149631699,0.000206830551160329,0.000289825438371155,0.000409493595260659,0.00169624470563665,0.00071080362812033,0.0146612509363521,0.000496689868472465,0.00103165773001593,3.21696200710709e-05,0.000490165425919327,0.00376641269444044,0.00284796033468675,0.00309428692682985,0.00528401130607509,0.0017268622527735,0.00279161889696353,0.00055022663635216,0.000379855328477633,0.0108654357546183,0.00894148114120265,0.00246500987117974,0.0134994554662518,0.000602625749007346,0.0168301703933316,0.00564282114569763,0.00298942736585316,0.000632404523401499,0.0255478703391773,0.00127132182980486,0.00197522920551513,1.47173958415128e-05
71.25,0.0193505066805266,0.000541982631481939,0.00346868665021378,0.00172847952313801,0.00126963944254465,0.00321928175359819,0.00146557647362662,0.00447554569185256,0.00012444500722335,0.000966530960166299,0.00546195647922837,0.000985483522352015,0.000120251332427413,0.851807852595533,0.00110329361941944,0.0060827806330252,0.0056074262855971,0.00306249868025953,0.00348098874790038,0.00623191395932467,0.00295816469031973,0.00112856902015735,0.00238570262764735,0.00595672653955954,0.00107188448255284,0.00415994788106038,0.000598138673500859,0.0118355567806335,0.000263538025794273,0.0217127882319941,0.00199144282781342,0.022542130422518,0.00115109559086079,0.000629751144981637,0.00124649405995056,0.00195040352796913,0.0013550616613707,0.00433361053090957,0.00691245481669269,0.00278926201463784,0.000562730467897573,0.000568062988057692,0.00173454570053584,0.00396209328507961,0.00231410923422539,0.00133770890970539,0.00397285343413611,0.000249684237711378,0.000578417734175768,0.0294783043123452,0.000442016165271698,0.000277748752710625,0.0207586150810967,0.00137197933887184,0.00192964324711313,0.00141040174760653,0.00369272720551958,0.00761902171996634,6.19322079951796e-05,0.0012950675392581,0.00748219076392041,0.126287396774497,0.000967462737533208,0.00258943310973144,0.00161358540809362
71.5,0.033688884909486,0.0240334775880988,0.00148197713122926,0.00457029477915969,0.00221657773115617,0.0199904712691354,0.00553451591248237,0.00873707254193771,0.00501549556995907,0.000535399132301513,0.024828274635447,0.032018189687757,0.00445291533563701,1.0029263467871,0.00804305162896671,0.00221912587138234,0.000474553008812231,0.00189181929338303,0.0138878168234719,0.0119448719251333,0.00278208363187276,0.00720541473252112,0.0113674242495056,0.012533306486634,0.00539378053135771,0.0258077343547489,0.00437286967587435,0.0339698387263368,0.0202726820093478,0.0427776882130895,0.0141298562361023,0.00294476737799362,0.000690930126613038,0.00630451155503593,0.0104648766742173,0.014440537269095,0.0109937544437919,0.00924375497083559,0.00612453047009668,0.00361646917163431,2.7342765529064e-05,0.0130918510483452,0.0073649652116705,0.0171889566207819,0.012089831215107,0.00127186890124015,0.0140635535699531,0.0113122050470961,0.000181875526995319,0.0948062355485365,0.00421904908163797,0.00503935478936332,0.0612964695223822,0.0287276858199126,0.0119538264613081,0.0395247048762051,0.0152370309645966,0.00694279110433573,0.00978029293606427,0.0023017703937121,0.0138510443611595,0.0580293082939334,0.0105506414150859,0.00658734953684895,0.00643725251942561
71.75,0.000973162759319752,0.00212188271165406,0.00148870739321259,0.00304239916787513,0.00150859798597343,0.000834658336090957,0.00108924830058483,5.63563743679976e-06,0.00128768969542827,0.00405822201035588,0.00113523569371614,0.00303167830847716,0.00137885024023902,0.381244514784669,0.000735174943332044,0.00330859262459658,2.72564540627923e-05,4.39511826947856e-05,0.00142366087805638,0.000761008050986334,0.000369139848454911,0.00022508230697829,9.67832792030147e-05,0.00023951911941349,0.00106376354722824,0.00590532838646431,0.00142000890960031,0.00977230323976669,0.0020134998920313,0.0139969517552348,0.00148424994073067,0.0142953573300449,0.000559112191769672,0.000129239977971223,0.000681368244010904,0.00094405152234522,0.00233446391199998,0.000165912251483775,0.00102582405351932,0.000325203270907559,0.000291334390060843,0.000295800892027505,0.000325593269148827,0.00013120875358746,0.00593241715221833,8.81001488682898e-05,0.00167159316641528,0.00273008929742828,0.000683239896731621,0.0279680665642124,0.00220080953491042,0.00126703492729411,0.00127512633839691,0.00303097619420001,0.00170559485743157,0.00458510946084368,0.000400042736497252,0.0288678764246597,0.00089939337665526,0.00208840711943554,0.00334073413420745,0.00566008950513569,0.00132667950212174,0.00133784283047752,0.0003589190477103
72,0.00684597364837528,0.00555843337288928,0.00194160095729273,0.000981033471546315,0.00143170557231783,0.0113145999944449,0.00574095548029585,0.00428204881010242,0.00659533501830254,0.00435706797781771,0.00454858313755403,0.0112502614173077,0.00563985990419908,0.41676631688443,0.00600189622420977,0.000964918304294669,0.00995967262060501,0.00197808481831102,4.39578516166925e-05,0.00551820012711269,0.00142579284569431,0.00732273492853476,0.00131433199083487,0.00226782053342679,0.00296282943649888,0.019777220312285,0.00560067420848003,0.00876586472826214,0.0103477836977848,0.0230860732430325,0.0220372403076603,0.00637997993824318,0.0015291817644491,0.00445269638011451,0.000371017924526111,0.00248514791247905,0.00325940399397557,0.00569746472386867,0.00401145957026657,0.000636276156152714,0.00171920522182189,0.0147423048818621,0.00298964491780151,0.00627690798558304,0.00585176976844644,0.00190361483941161,0.00358477089114578,0.00680283455948832,0.00206089671787,0.0414736434248893,0.00449511815471833,0.000232504573462934,0.0116235787236457,0.00949391848432288,0.00285748068115595,0.0384775188015107,0.0090403144800266,0.0217640274289732,0.00296598256422769,0.00228555280873399,0.00261584954971706,0.00796638476325658,0.00123357788757929,0.00631421176700362,0.00201107137400153
72.25,0.00725211669324724,0.00041525508557747,0.00204414032810088,0.011560528566354,0.000901648100356694,0.00405278901027232,0.00168307431594611,0.00081696028561785,8.2724794056709e-05,0.00708078255338314,0.00402075922004674,0.00019432538467356,0.000239583147753244,0.070720958998517,0.00128982860612759,0.00713924794938617,0.00858800046709811,0.00361879753734107,0.000823768577368915,0.00128385723446722,0.0011643416085997,0.00106882405203462,0.000468730720449105,0.000384591618459401,0.00175099921933463,0.000814455598346624,0.00140203119971084,0.000185824628365208,0.00017902679379407,0.00889579160448988,0.0014832991291242,0.00175564533633282,0.00237858288947334,0.00324409128067349,0.00119288881939177,0.000303910852366062,0.00134892876201793,0.000478958012486088,0.00326516384533401,0.00145369858407001,0.00189678883040704,0.000355883403498104,0.00139983100148876,0.000420497176570438,0.00106421858987385,0.00557165323742708,0.00310403604439088,0.00139623081597337,0.000597140294353427,0.00386456125520339,0.0030001586912635,0.00414619849906307,0.0101939015574216,0.00132992096516453,0.000813771078475585,0.0034042369248896,0.00152860258864842,0.0128369627919855,0.00219728221810953,0.00873255011272992,0.00140506130246053,0.01744927575628,0.000135879019632181,0.00160376042430396,0.00133764008774738
72.5,0.00654188979132605,0.00669035865390468,4.72423380242037e-05,0.00656035455426947,0.00162714672404502,0.0024540412838991,0.00206862629143819,0.00106679625123661,0.00869712650457085,0.00720320904515199,0.00437913449709733,0.00426728454526199,6.21848424860552e-05,0.451914325067601,0.000906641719618836,0.00309451150060664,0.00183974347380148,0.000271531816078366,0.00539183652551671,0.00419069762856178,0.00180156191223784,0.00228506744244082,0.00234807605504,0.00252183077212405,0.00837382528795424,0.000684597781551775,0.000455574114391151,0.00233525546593419,0.00500659538702478,0.00313402541969867,0.000392970027344025,0.0396563715652045,0.000772910245949349,0.00175864535546495,0.00215923001761494,0.00327370504795548,0.00541934851097709,0.000799483602071745,5.8124159461216e-05,0.0107876169182038,0.00296140699573702,0.00130134266741284,0.00135509021439263,0.0033467049804532,0.000540586373360476,0.00272965613188251,0.00707289796526686,0.00367552869166178,0.00227070194117062,0.0115777897435623,0.000311469856806304,0.00140543294174409,0.00181305786518242,0.00834102391484031,0.000658301832020151,0.00429325222858129,0.00396370353365649,0.0346497338326947,0.000711188118646277,0.00136330300973895,0.0054094777508622,0.0704548537718971,0.00767249092351039,0.00398327467180932,0.00254801819418861
72.75,0.010631332136241,0.0117467466494549,0.000392368554216645,0.00609110621657266,0.00356292565551748,0.00170185965017335,0.00220653555564446,0.00022538753753173,0.00246169420877796,0.00321486999171159,0.00203386217497776,0.00298723732657307,0.00447257389842841,0.239048388707847,0.00197527902488826,0.0077434683036547,0.00804508592826501,0.00262689585364573,0.000631415277754938,0.000464661338505951,0.000761232695553421,0.000575639212182749,0.00300109081563658,0.000211327952331452,0.00227936244475301,0.00294763407323197,0.00340945905245378,0.00891926954931845,0.00279460007395579,0.0173411405159345,0.0120373616165386,0.00999659665505121,0.000931217229267705,0.00304053539848075,0.00061214759224765,0.000796144578128335,0.00121401791903971,0.000371862572709121,0.00348619879027105,0.0107783105678068,0.00034304093236364,0.00224137444433196,0.00233994962163661,0.00151168532177895,0.000632392118143336,0.000357800731357315,0.00145185402500159,0.00248945934190055,0.00406642764874288,0.0225071466769876,0.00142640350330205,0.00392965848160314,0.00521729982589692,0.00700207008308988,0.000625867397031263,0.00127189158755917,0.00482438788637362,0.00449036326630511,0.000329061112916114,0.00544153909474831,0.00170124143886451,0.0134773178221469,0.000511752463972536,0.00239533820836567,0.000907260538670341
73,0.0118858000771257,0.00901164507574835,0.00510342944313729,0.0432457858440695,0.00316205252780836,0.00606659778005891,0.00124697364129109,0.0034154875032895,0.000574632266222941,0.0014454073080238,0.0101968606375358,0.0148791024232212,0.00725757825148401,0.151684706849179,0.00280775844393374,0.000147121125503195,0.00440352038494539,0.0013829853461053,0.000153894642256737,0.0031076776927262,9.3481607459032e-05,0.00323173872526641,0.00121953382188736,0.00173652711346631,0.0118223776594501,0.0168654165538118,0.00387916803433049,0.0039264803475032,0.0062429742920758,0.0204324341472484,0.00532337245311452,0.0019172051469065,0.00166267046221266,0.00687497619632445,0.00123930464600097,0.00390334326119833,0.000658459960758394,0.000735824970907913,0.00541808067584405,0.0233587285924707,0.00713116734505362,0.00228587631780075,0.00604575111888215,0.00204114573797944,0.000357882638627514,0.00133712920388872,0.0106198464831846,0.019474391034054,0.00519675575840015,0.0180048829763394,0.000595957672756584,0.0006724109022421,0.0249044576981702,0.0172888146688926,0.00948120713385896,0.0106040061380856,0.000644525141226855,0.0113474498223309,0.000385173405496837,0.000472873600819103,0.000769300012290547,0.0176117291770612,0.00350645975017511,0.000515030031162961,0.00221225233818853
73.25,0.00207016343968071,0.00474140985783265,0.00516569886442633,0.00612521629976425,0.00452786294707174,0.0106705750711877,0.000685267959959594,0.000453225412007453,0.00658494355708562,0.0415287894980556,0.00402353519323909,0.00490543035748248,0.00242389797782052,0.0651473511020512,0.00123254942527644,0.00484612108062323,0.00262806694429543,0.00333697969026607,0.00495046259466325,0.000302115575265509,0.00455180313577711,0.00383966310318698,0.0041836782777053,0.00520587557639453,0.00351705126397937,0.00746435414646306,0.00125799210174947,0.00664499455383961,0.00278763680913565,0.0174608104092721,7.61363859423421e-05,0.00945054276795537,0.00919819959589544,0.00152894508480156,0.00586669060880799,0.00721389462166104,0.00441369618472419,0.000778634414475904,0.00370034440733978,0.00289695176335197,0.00840348196225095,0.010590145554379,0.00196586209307375,0.00259814598834303,0.000439775196185257,0.00582171580381099,0.00597395304673494,0.00244989757852079,0.00604790140600038,0.0180759440693406,0.00056799327211295,0.00243962042971869,0.00490434010299703,0.00475437092722784,0.00509269313629313,0.0231260081862677,0.00237032050372133,0.00656139215558007,0.00279338765742211,0.017142693985438,0.0162978653667549,0.0803961204259395,0.00129557952973656,0.00179502513438876,0.00576355911816822
73.5,0.000782815542880042,0.00428698474345338,0.0027110902918101,0.00475600387561198,0.000500475990913338,0.00260904851288772,0.00054223143932585,0.00211935273208752,0.00222110129625345,0.0146541508418395,0.00220629508584164,0.000972519227764619,0.0007587695762373,0.24635747437007,0.000357892738967396,0.0022941391630741,0.00195052100689304,0.00186636920447396,0.000351567449163228,0.00818066065071456,0.000521211017832424,0.000329257384141008,0.00322051504734619,2.7719178060287e-05,0.000411659708905938,0.00126181970912191,0.000230876356620083,0.00212557281745213,0.00178726960263157,0.00601711488796737,0.00088400501284031,0.00283609430837624,0.00146785284787262,0.00316469666837494,0.000761453741196634,0.000421362654285248,0.00155971311520381,0.00192528559905129,0.00110966638999622,0.000575367811527701,0.00106628471550935,0.00107522231709328,0.000128045699237613,0.00186329109938274,0.00141685258212224,0.00368049873838162,0.00172178776535151,0.00112030505310669,0.0010382622995493,0.00769429864217653,0.00011383182589791,0.00141897498101937,0.00183687542818979,0.00282084962925887,0.00132166389373732,0.000546991169542947,0.00317493653930284,0.0155780047074189,0.000862609912859411,0.00143867229378504,0.00118905836973983,0.0483150078985963,0.000405293584175786,0.00280672026889127,0.000151413522504124
73.75,0.0164496136675645,0.00252334620591779,0.00131180069243377,0.00120712446003353,0.00288979684302956,0.0100289810206347,0.000169255145208052,0.00199427192130057,0.00898867906187554,0.0175661503131041,0.00955174088567069,0.00587121889846642,0.00330126914311693,0.875428457550311,0.00015122188872123,0.0126373476082712,0.00230684226147491,0.000299354367643712,0.00608076492608604,0.000369755671784965,0.0018359239610986,0.00228870587744302,0.00327583670406301,0.000626749387530924,0.00570683870751994,0.00269630726253013,0.000415504760541822,0.0156798981609683,0.00601319006847599,0.00778340257550089,0.00218876440808054,0.00425578851926203,0.00123214872777469,0.000445118870003143,0.00158732441000355,0.000922587910475078,0.00028170526378029,1.43585552116635e-05,0.00182547360540451,0.00467188576684977,0.00429054944414827,0.00481230093745835,0.00157945241308509,0.00478562280691947,0.00014719352429543,0.00771220601775705,0.00302296477961937,0.00177190450538617,0.00337583963155907,0.046332318107836,5.08826448569017e-05,0.00331867177964742,0.0162487913922779,0.0034581560701235,0.00484669292570026,0.0107224100059151,0.00356792332831156,0.142254420425208,0.00157927614391073,0.0198594046252714,0.0206088451812081,0.0984026473877404,0.000215443636967854,0.00279597394838788,0.000886361208948184
74,0.00227776446661357,0.000567236283064549,0.00234462966426325,0.0138172635528667,2.71771378801836e-05,0.0141390051686809,0.00088086894100909,0.0012539833720038,0.00432285459431685,0.00278463874578447,0.0138469349040435,0.0066325561363102,0.00213025422385186,0.735262075912218,0.000326863083826771,0.000599322010514945,0.00159882507762896,0.00126758592208455,0.000549047074024685,0.00160863679881512,0.000153893609712261,0.00062811165883237,0.00133996583769781,0.00233172568488841,0.00545108384988101,0.0108226081870157,0.00148190343069531,0.0206364496008476,0.0008587064024829,0.00581051321538329,0.00297941034621027,0.00283103657486942,0.00134995940981042,0.00195516472793132,0.00127264688675597,0.00190607065225644,0.00260981255413583,0.000543403672168258,0.00228815023117087,0.0064592189186513,0.00239216612548734,0.0037452181975461,1.7160173132351e-06,0.00541206302772851,0.00221835430251018,0.0027197320566993,0.0047775544261427,0.00350763445906201,0.00159159550329573,0.06193501314285,0.00140514478883236,0.00100303286206473,0.0153316882671941,0.00328303720945572,0.00430010679866639,0.0146422735891328,0.00367535809898744,0.00131557549984894,0.000588913182076756,7.29243226886592e-05,0.000103746902145344,0.0264104990768397,0.00123215755925792,0.000166835429481204,0.000300647746232492
74.25,0.00396018503620153,0.00653908587260851,0.00781038737401985,0.00633874623948152,0.00127854077176189,0.00115415735649552,0.00197623024522306,0.0022620788359659,0.00102289129611212,0.00192187152968112,0.0133231554183267,0.00576969370925565,0.000943026952258124,0.458439985877903,0.00016387157806418,0.00218068662378706,0.000996170426073163,0.003909409177192,0.0046132447595929,0.00577754406748841,0.00132140370640659,0.00247166772816131,0.0024402939151576,0.00173698173311403,0.00533263046391388,0.000415521199016974,0.00133896310194851,0.0051109696453839,0.0050378462933326,0.0423497074857128,0.00117242095736351,0.00818518010065032,0.00278987864270361,0.00128109919723136,0.00244623958499777,0.000889055463199958,0.00297755696164505,0.00227881944229877,0.00406524753397469,0.00332002012013694,0.00223292400528269,0.000324755963417116,0.0023308286011054,0.00210358689575866,0.00156048541910767,0.00478720540859412,0.0103858126928256,0.000277799826290501,0.0014861810419589,0.00721320910943748,0.000871453966976974,0.00134194330424576,0.00639957041892998,0.00928239578187499,0.00164060945528879,0.00640224258148551,0.000366768800097592,0.00253703065229023,0.000700903973645098,0.00161596672955441,0.00194297695643957,0.0205624954041447,0.00241232471974316,0.000241704144017823,0.00131351889553861
74.5,0.00537122201590578,0.00400752574705581,0.000644819757507962,0.00372016216799238,0.000744790005799712,0.00120354609636727,0.000439214943481191,0.000687898914291005,9.58008757091979e-05,0.00501663648635887,0.000256835416340124,0.00195743335618868,0.00428381892993851,0.107495401545564,0.00539712839570176,0.00536533095980093,0.00211699424766736,0.000701387480549208,0.00126861566055997,0.000990962764838654,0.00156115953649775,0.00121224509515226,0.00117576937158941,0.00124415596158682,0.00139252228431896,0.0012196872997089,0.00562334405151262,0.0021192686940092,0.00499393803677015,0.0516875982990636,0.00473424091059117,0.0040156892621574,0.00108959430459861,0.00188202351150864,0.000741445126561708,0.00140513737373675,0.000843156928786537,0.000131370309875482,0.000879899036793991,0.000431779558375148,0.000682894861170915,0.00255782991119595,0.000637473053668066,0.00070687301341251,0.00212699986012528,0.00149417936851834,0.00103937558641637,0.00419150043261158,0.0037410767337191,0.00435440129158079,0.00254829543616067,0.000735493285514408,0.00278372778736889,0.00310045040419862,0.00106477209743055,0.00119338951796306,0.0122629972421509,0.00651860001333632,0.00474284424842071,0.00180143839558552,0.00604167277495591,0.0408300006861927,0.00110915070004245,0.000378731740725292,0.00180134441552536
74.75,0.00906321822649313,0.0121696372633621,0.00343392431009281,0.000450571336929666,0.000663370302506368,0.00333463510073484,0.00172123945049168,8.00853170661402e-05,0.00136380090742795,0.0116125132249017,0.00300697759785279,0.00712172097285188,0.00300374725947447,0.0786084756238748,0.00364539275699073,0.0184149774999383,0.00138181584538895,0.00258511918327394,0.000468137064787899,0.000925450665564005,5.23769737425996e-05,0.00304983351616555,0.000915145867873487,0.000951477799462065,0.000625534212406757,0.00825867745831467,0.00205262700147943,0.000492328288845254,0.00211464502754447,0.014024505435675,0.00507351520782287,0.00619751143308629,0.00248551151599775,0.00637119881357654,0.00237018789451529,0.000644628716273468,0.00139678616893769,8.92529300222865e-05,0.00401465669847745,0.0105682992140497,0.0008811654057058,0.0106494244604698,0.000989911488910984,0.000362238329581167,0.0013958005620961,0.00224878198802074,0.0030448640019781,0.003324066324468,0.00226882740548667,0.0107415787771962,0.00376920708115892,0.00185330978285779,0.00265786876438666,0.00962224287135984,0.000638069986124999,0.00617481375615788,0.00409340078678484,0.00147284563748573,0.000999690687698897,0.0234716535590179,0.00492569315515705,0.1779171948509,0.00284210788170037,0.00197880570476796,0.000218305383224587
75,0.0024429080568526,0.0163109250432546,8.95383950934399e-05,0.000349242925006124,0.00194142228063397,0.00438852630986472,0.000454205720523795,0.000140373951448171,0.00350103417230699,0.00262949326405611,0.0041963976909731,0.00507276236942892,0.00065098745176661,0.339354482774914,0.000113013343858224,0.00395959678528185,0.0111984497806166,0.00127831446650227,0.000938167363662831,0.000777793079219196,0.000774613736527891,0.000127027431919084,0.00091628118941958,0.00183717004370242,0.000710905912005085,0.000485983202593699,0.000789025028809333,0.0025089971943714,0.00154234588324385,0.0163287018329232,0.000436087618701678,0.0070452045138488,0.00100132145534914,0.0003187704219359,0.0015081150785197,0.00385537946909366,0.00208701159936964,0.000813816709295443,0.0020986340170306,0.00648046137615312,0.000240789006151176,0.00183967064928843,0.00247609523961916,0.00176850407807402,0.00412626440544098,0.00138798430210018,0.00146843493502147,0.00164086761735621,0.00336388301781215,0.00917283143658973,0.000241288428101179,3.64871372820837e-06,0.00464841635975782,0.0121046934209152,0.000910960308317605,0.00252923274078281,0.0020199393370354,0.00190563484921744,0.000102525509973759,0.00245253539783805,0.000998966151977483,0.0193023851209256,0.00201441509135064,0.0012130601415759,0.00046141392377561
75.25,0.00443298731109411,0.00975626478197582,0.00415451542105675,0.00381712901749396,0.00205901806277128,0.000166260754122509,0.000750007242895386,0.000137217105544946,0.00687837417676465,0.00582008147040303,0.00930058459312768,0.0137801854570741,0.00082980188041166,0.0518914846895139,0.00115456512457497,0.00365043302668791,0.00424373426209662,0.000603197497353278,0.00506393209198323,0.000918325705336639,0.00221868967290267,0.000423103654524905,1.89644816961366e-05,0.000116030389273995,0.00756150962459701,0.00358475869028243,0.00219483783361121,0.00259191689819567,0.00286160168873719,0.0530843035628037,8.84873128095519e-05,0.00118529878392985,0.0029529936660276,2.17616670392835e-05,0.00253894840022697,0.00165494403349925,0.000151330766089791,0.000639577762628131,0.00409865066176997,0.00395484439924474,0.00258248393913788,0.00126456054324498,0.00138634950912225,0.0012398898549196,0.000568474100541884,0.00111130935085426,0.0051797789406658,0.00395992369604869,0.00191146953567916,0.00328555536342141,0.000115708874760104,0.00105067041440041,0.00939561162666079,0.0151945980002971,0.00506081775487947,0.00989942837383645,0.00522595798272851,0.0354322365764177,0.00362879570813977,0.00791995534774678,0.00869722274379295,0.0580308233354067,0.00133681637790067,0.000655518182773325,0.000914506595084012
75.5,0.00712409857098825,0.0201175914562488,0.00198528127959853,0.00125563845985728,0.00103685543496753,0.00314877099903256,0.000423826321950115,0.000924632119225112,0.0200252513730996,0.0327450580348403,0.00399529781890814,0.0113950889725489,0.00133625222810277,0.121920685801261,0.0051324894575077,0.0220272490007001,0.00163117482956886,0.00091514433999232,0.00234992690238213,0.00231296846452407,0.00124438607395157,0.00585226042459491,0.000840629889921327,0.000563476514334419,0.00270463311990855,0.00878110916921521,0.00135056162007708,0.00286279696351893,0.00124439067580398,0.0590519721975417,0.00760225099613152,0.00086141696712556,0.000258248657355759,0.00422706703393775,0.000197215975446802,0.00330229232072861,0.000315743204560106,0.000745019980958876,0.0018567703425781,0.0058695974639358,0.000631226381523501,0.0123501318370688,0.000903787942891915,0.00116221826061892,0.00373091231752506,0.014931770945054,0.00245565318918523,0.00644173126941766,0.000184596817322613,0.00653321996905328,0.00459077321169153,0.00922136876194544,0.00791314614878862,0.0203392462580532,0.00214525416197628,0.00465490773369561,0.013177631527043,0.0297556548244113,0.00571660639691536,0.0344039581247852,0.0174881870118825,0.13431833345615,0.000145365553392711,0.00589940384032989,0.00132957181634057
75.75,0.00706422069995227,0.00435183404318181,0.00321255560324787,0.00342162888702659,0.000735651229143784,0.00145544763378783,0.00194941973368725,0.000473046140507604,0.00540387562317075,0.0286395683332264,0.00160557581058595,0.00243024050235613,0.000763227909984998,0.120616138744158,0.00133404238242492,0.00468125239052379,0.00243302589935124,0.00273255167532164,0.000653485122763858,0.00246982711406432,0.000939202074829633,0.000626911289917842,3.19434848156718e-05,0.00138679276887003,0.00191791691921164,0.00319693023980095,0.000865080024215971,0.00717487390575184,0.00163895503326639,0.0133814668976682,0.0038100232981228,0.0088578340930922,0.00181729751206507,0.00171042990412502,0.00235119320123959,0.00137854290377826,0.000610428012455766,0.000186977381411285,0.0039924199909142,0.0197156276357793,0.00195687409437984,0.00264410609789682,0.000163996820812096,0.00160060029271038,0.00304611275952675,0.00230049794884293,0.00582180809964167,0.000917013534548301,0.000361023037523183,0.0103016634272313,0.000768967573214705,0.00499971403101281,0.00271926410265353,0.00334374340857224,0.00167749281239269,0.00323342244979508,0.000631948609751735,0.0205263770439872,0.00571526995856853,0.0134900062208325,0.00215641615836553,0.0154230064675358,0.000368211199857858,0.0019447834099309,0.0012217580245242
76,0.0125413102136846,0.00296546488243171,0.00221029104850566,0.00464933613641886,0.000521164046240093,0.0121484782435624,7.68327920848884e-06,0.000861120213566061,0.0104617921561566,0.034698180017314,0.00474233931566195,0.0173812733957047,0.00187273269158676,0.154617518412206,0.00508737816651724,0.0064993530629759,0.00474728748859349,0.0040626144320545,0.000929648734813429,0.000258920340574256,0.00131173414214434,0.00406131905602142,8.106325111246e-05,0.00150917631327729,0.00102991955745866,0.0288685376300493,0.000355348585180362,0.00582818190027568,0.000259396140754408,0.0248505592463371,0.0147613507612802,0.00839071593245636,8.62336011492409e-05,0.00572480526979215,0.000532762146245211,0.00171286856334512,0.000420584429123484,0.000351904641549108,0.00378704243494517,0.000653783029284188,0.000584607839497993,0.0107311859232041,4.84358572831363e-05,0.00177713088645207,0.00185271781937529,0.0177277418150874,0.0024627182277669,0.0170886040250798,0.00153211567614717,0.0321358465505707,0.00202305456865705,0.00199573546536631,0.0142776862749044,0.0101530415569745,0.00167480825479801,0.0352698144763432,0.0112625347721659,0.0270060303307647,0.00715365355648787,0.0220217447338493,0.0122659562524082,0.0219706727887565,0.00136118152781693,0.00378538525666365,0.00233068618742413
76.25,0.000412767609737654,0.000171484391233916,0.00100595441463322,0.00496252321813417,0.000225305030754809,0.000101141617047941,0.0009149460036911,0.00123333552349638,5.25849414639591e-05,0.00171468280863165,0.000612732621130822,0.00538751493481389,0.000312381992374392,0.0936889891936662,0.000484895135566202,0.00307372373827814,0.000186563867270628,0.00165109282620928,0.000487367655457853,0.00288509883676978,0.000437090591602098,0.000374466113473036,0.0015175024044315,0.00166944973466397,0.000449939686192027,0.00379867946560122,0.00187157597359858,0.00129388626724473,0.00280049032466945,0.00630973612787984,0.00395362048379102,0.00584367751474552,0.000772826079158883,0.000783056730493193,0.00124566201550029,5.04645423072435e-05,0.000867348070758452,0.000356354681020153,0.000748328846569842,0.00531549651856568,0.000830087306407168,6.97791055637794e-05,0.00022791900593469,0.000377119723562341,8.7527733945242e-05,0.00190731587209567,0.00101097775463637,0.000462108296384093,0.000627270956863527,0.00342277525242007,0.000432817612517338,0.000855128815845966,4.48261660716336e-05,0.00119456710965851,9.66326483887414e-05,0.00561808865468302,0.00334537027365745,0.00124364493665429,0.000243238266533455,0.00783477712244799,0.00197645730952591,0.0285572026427474,0.000738962096313936,0.000395998545769879,0.000773664340229357
76.5,0.00157561764924977,0.0014290355463974,0.00463996921174443,0.00736799029332669,0.00242185272767538,0.000480826246661995,0.00158905671328822,0.00212229846116519,0.000600592224198297,0.0194953421426227,0.00397998801373869,0.00470199394520846,0.00580768049483345,0.0855632700283542,0.00561057846399485,0.00776479412252134,0.00125873205519779,0.00202544191311219,0.000399291233300332,0.000151845689121309,0.000649779690486015,0.000302019203446251,0.00111379214217086,0.000334200185923065,0.000971710100354881,0.000334729659630297,0.000880405434320715,0.00303306510979859,0.00916251637179116,0.0082117812422193,0.00653336027427385,0.000660575296215029,0.00132588062934552,0.000883006447368004,0.000714253959461389,0.000124992302270498,0.001109403076898,0.000484001727366407,0.00168507398944104,1.35149467403053e-05,0.00414095959952398,0.000359218841579992,0.00267980211272076,0.00121428775347878,0.00066698745200794,0.0029360010871565,0.00178877552743476,0.00406203367090805,0.00357961374206216,0.00461048702118842,0.00243743933382002,0.00475949471273341,0.00934358660361015,0.00240083368169576,0.00417899465063792,0.0010701532423975,0.00436938608622778,0.0179270785012117,0.00319339466109017,0.0225189546757614,0.000770133640946416,0.0669038693665477,0.000171811572967248,0.000525425354602084,0.000253312487815954
76.75,0.00970870467881848,0.0128388587068563,0.0026503390923273,0.00089627761235111,0.00316009615075211,0.00551570670575233,0.00113213819716651,0.00495704793671808,0.00462452544777452,0.0119332791066347,0.00444459371918858,0.00673258983259271,0.00274761992293478,0.398305026372919,0.000321759758549693,0.0372526957720007,0.0066467180097624,0.00357112269076254,0.0045293580349857,0.0016492282732615,0.00498102594319816,0.00336894383847226,0.0016247711539178,0.00551687054543099,0.00229400031772995,0.0011782658809526,0.00052802357236772,0.00966486316211624,0.00581440567008935,0.0195476884624544,0.0030586060937189,0.00128076780913554,0.00231698968817485,6.78545948322326e-05,0.00291589603372683,0.00340084732209416,0.000496039577542527,0.00131408292445191,0.0054159786110224,0.00984871813071448,0.00115924695675962,0.000639421488044442,0.00249345012914233,0.00512194443792104,0.00158209168421037,0.00734222599488757,0.00387215672890746,0.00387745387821464,0.00154649959951926,0.0128498429620829,0.000665024695435319,0.010527438714048,0.00737066190397162,0.0113973216807855,0.00342952565018304,0.0016311535326116,0.000155620134671357,0.024117074538802,0.00515540327848415,0.0363189805869653,0.0103965027653822,0.214342280111643,0.000982799247150053,0.00283792348663821,0.00315844740562366
77,0.0227827181103757,0.000581394235745191,0.00330158396020082,0.00574087986558521,0.00031084003120457,0.00648286656124056,0.000529358818834447,0.00173025999036394,0.00061052019641461,0.00252890574748926,0.00927517732754029,0.00957572999789095,0.00813776252251626,0.322668654085956,0.00161910657767963,0.00159322478258641,0.0102109257120109,1.1079129661371e-05,0.00481785077220434,0.000420982575658921,0.00132766962187757,0.00394379109590344,0.000499482298755676,0.00601710944075412,0.0050233921880415,0.0135122277964717,0.00192830063562277,0.0120822255338937,0.0214793151037498,0.0115702678147549,0.00352109484478987,0.00957123111267191,0.000643203584742586,0.000419551861254925,0.00193084689013832,0.0038851739654446,0.000315563919368616,0.000891148528865081,0.00949804921777228,0.0159751133670647,0.00098837091153318,0.00640574473529914,0.000527909624716976,0.00392246446521221,0.000672866232992516,0.000708480372145352,0.00606640114631376,0.00803136428847014,0.00343362162496241,0.0250616028434519,0.00126079852502527,0.00259813992980249,0.026965575805663,0.00580934254958169,0.00812546968585168,0.0118007190077688,0.00204175073951859,0.0166939893024716,0.00247447428412638,0.000875805799182427,0.00158408097884938,0.009081104578351,0.00217827763970652,0.0013370573338549,0.00153761907650874
77.25,0.0017348277088694,0.0072853820003084,0.000529154603034493,0.00580895294115862,0.000538853556654271,0.00133596992434738,0.00206901973210679,8.37165852674949e-05,0.00182086976917658,0.000818133043982507,0.00147556914003209,0.0147249891205006,0.000866878259137125,0.116898118104528,0.00142966587414249,0.000415441217804958,0.0011954846478073,0.00034078505124265,0.00116603935983454,0.00228503969627237,0.000389727762831076,5.90990784806945e-05,0.0038439474790054,0.000432779838457882,0.000382682816021878,0.00771035371969435,0.000872480852759954,0.00353590375164477,0.00370777126398045,0.00532675996956546,0.00148044371030242,0.00153884583763732,4.18176163306647e-05,0.00115474772815485,0.000777230447825291,0.00142469369088184,0.00206885742040637,0.00167143293871766,0.000155531044238475,0.00334459163181054,0.000289265863857511,0.00159889512988254,0.00206988377758256,0.00134543785253748,0.0018799101889713,0.00184469392591815,0.000705403357541318,0.0117449135498687,0.000150956775536282,0.00816053178501464,0.00112659505309456,0.000153363991510985,0.000552089396524599,0.0102114289379842,0.00144436865749377,0.0139106314617005,0.000396158750654268,0.050809560522669,0.00171118769148891,0.00100188461805564,0.00320524826562546,0.00557645656144721,0.00136128767403647,0.00223140619790208,0.000375226252639244
77.5,0.00307668042575246,0.0198712250317021,0.00178207779279326,0.00981467597786112,0.00166300346097318,0.00612585215279673,0.00229087416499614,0.000650762935216499,0.0145573457923925,0.0689228924339285,0.00164167619276485,0.0126587833527013,0.000638461228964307,0.342001579817251,0.00496288774218195,0.0181508418008554,0.00158043740826929,0.00249318190958567,0.000659147996375084,0.00159356622605561,0.00193621449619038,0.00179425625315463,0.000662706232821643,0.00079603553990208,0.000220730849451132,0.00392400445327015,0.00252866382441559,0.00273825167430592,0.00186425269927513,0.0545044014382532,0.000145144831149541,0.00549378173724348,0.00185101959223838,0.00852777975092741,0.00233736752584054,0.00282507650209073,0.00132382585502349,0.000156747660228226,0.00254252832461176,0.0132020438372849,0.000621481491958874,0.00552281145092758,0.00107447911092933,0.00124851443586509,0.00541001040280289,0.00788700605853099,0.00241705062619714,0.0106071771077273,0.000888702487742372,0.0128040475361934,0.00284743144266465,0.00439792339890847,0.000491347709505919,0.0225402047268864,0.00211652469993458,0.00801154203217831,3.33947648872437e-05,0.013319442625981,0.013001125935152,0.0435575773211421,0.016774341455818,0.151685974432726,0.00288282154432715,0.00731671804727379,0.00193896825506445
77.75,0.000699100614295334,0.00126835167702554,0.00516711120394643,0.000311686744170104,0.00974357826839566,0.0108365698882485,0.00638016507338557,0.00511859631436818,0.00128706217348907,0.036779263230998,0.00921967449068098,0.0030749090312571,0.00388081402826675,1.3396600501471,0.000775626494696345,0.0226937301278987,0.000694276442727993,0.00389232215209904,0.0123948536165348,0.00539820654825494,0.00486360258933887,0.00374404372442735,0.00235218631680663,0.0100957485893735,0.00893541325186586,0.00442070399229281,0.00591399640726499,0.0196468836250139,0.00756249519981714,0.0153820422777378,0.00177599444227006,0.0148899681904114,0.00121181700991712,0.00135803056962432,0.00343935548717203,0.00282155812322654,0.00593990891793733,0.00452227696811994,0.00109779414385211,0.00927569811559613,0.00845311195130435,0.00420393371785311,0.00656626005749431,0.011084149465199,0.00444619313886674,0.00093166283260336,0.00597400684563353,0.000474816999814698,0.00633678788650289,0.0554336689858955,0.00321104468800073,0.000315071360833791,0.00168732374289866,0.00315215138187329,0.00623164181958074,0.00198053120297386,0.000916174186291514,0.00414440544183284,0.00244450732837498,0.0483282556779587,0.016402108226567,0.324687306833026,0.00770466140085198,0.000615721001607584,0.00200811826647238
78,0.00277495328812454,0.00257475189899192,0.000647143413396321,0.00871808819850077,0.00147995258593024,0.00499389546077128,0.00131522079238544,0.00142089988056078,0.00150251215173355,0.0062972476209722,0.00261335667327399,0.00245808369789202,0.00149959580123535,0.424469682955447,0.00250750228438694,0.00397005694708754,0.0052948687126923,0.00189827775106458,0.00536044061284801,0.00540808670278332,0.00183856915320281,0.006746242786912,0.00460251861842357,0.00152661239952498,0.00227048715862514,0.00848351484231567,0.000705345988431586,0.011164801480881,0.00573092046539912,0.0155514309632793,0.0025310194048302,0.00470594596623205,0.000283231024631239,0.003618157632003,0.00312652037681131,0.00494168638059131,0.000669268653938003,0.00226864893282416,0.00117085129183578,0.00396466126383067,0.00125617019735412,0.0106698621879673,0.000233297550353051,0.00668551735914512,0.00155453805464361,0.00138706584187149,0.000341516657472745,0.000946863341395955,0.000772392488352094,0.0283643839597359,0.00126308057544549,0.000253598713169625,0.00257059603334165,0.00376191332918923,0.00438168156739819,0.0135493515426278,0.00764008338664984,0.0454891132853168,0.00126180126273963,0.00483338502612264,0.0175715155574575,0.0549948986605971,0.00177675688721811,0.000121722186828858,0.00281004951617387
78.25,0.0100415458882611,0.00298848270720397,0.00372305997314807,0.00308809796208658,3.20077813622057e-05,0.00383315352502413,0.00107983773162746,0.00126892573510215,0.0044552976620766,0.0133687394488739,0.0172388071026368,0.00351676490172838,0.00413126968034998,0.173042796834952,0.000199451196212696,0.0024397195963113,0.00370799722149453,0.00131527452097044,0.000256434334754127,0.00180385105144382,0.000578801872653534,0.000194535578520026,0.000398165360626134,0.000755420878512782,0.00849258431030671,0.00568903314693373,5.51341795630046e-05,0.00293115903433386,0.00829942209520416,0.000548860785389615,0.000127189541750873,0.00174313327573759,0.00083417282646408,0.000452529079626373,0.000601254200892839,5.79195259994719e-05,0.00171130876730822,0.00162012904973284,0.00432787030878949,0.00348873853905709,0.00042446085836704,0.00187580803231695,0.00059121866689475,0.000956387296742431,0.00366037508773215,0.00379549867879153,0.00491875475517852,0.00379111477003907,0.00279141441068394,0.0147194807823702,0.00091632479034358,0.00358383277788281,0.00860316673086472,0.00241607304784201,0.0128963502219887,0.0142991173534115,0.000945319629996242,0.0308890299439289,0.00134394507257254,0.0107952626650817,0.0045071398461329,0.0132689670907956,0.000281072830588727,0.00608426389676252,0.000184280821291879
78.5,0.00339623604564501,0.00404008738915895,0.000393360523381133,0.00271192548761339,0.00165191496535559,0.00325196270870663,0.000389594934308803,2.33281577825816e-05,0.00224386069117018,0.000573372318442382,0.00946794590097766,0.00652941132665138,0.0089485862316225,0.321982658109396,0.00618571805874196,0.000464210386059922,0.00258719765408126,0.00236909209102604,0.00274095249548095,0.00140488168019066,0.00149993509202199,0.0016269502981702,0.000210625621829847,0.00108879268463325,0.00747460307101877,0.00123243302622865,0.0038049743055361,0.00406634981975723,0.0161256592030532,0.0182326150675284,0.00654597991021439,0.0113396657204816,0.00195359957842768,0.000611524403062077,0.00152239785580498,0.00284872314235972,7.04264323289159e-05,0.00118987394080775,0.00085175709829531,0.00620782590349465,0.000993332833592415,0.0023908113746567,0.000828966301107329,0.00161511478089564,0.000704849785292406,3.03649808598941e-05,0.00367760656154415,0.00120504385381045,0.00760547947507024,0.00494503626470677,0.00103246398415182,0.000113662314496956,0.00955132024879025,0.00659276977611563,0.0106251296978767,0.00802778201974873,0.00666287833078367,0.00316996304479659,0.000738941050219832,0.00213183617142681,0.000825718669741503,0.00203481443151529,0.000135261254848042,0.000473073312594881,0.00222028488704287
78.75,0.00338330283396495,5.6794171105672e-05,2.23009442362649e-05,0.00182989267155058,0.000417754424287159,9.5232246789122e-06,0.000550456107082646,0.000127269721181206,0.00353672605237598,0.00265995340443591,0.000589868894583261,0.00162658703029768,0.00166497946756292,0.0209956003541387,0.00231563591175808,0.00233689493113666,0.000643523079801288,0.000648954084642157,0.00322507734335033,0.000200390009871269,0.00135201297540396,2.24255994235554e-05,0.000821732323744291,0.00193233782669464,0.000787322519558287,0.00083497859487246,0.000211245109508521,3.17577143179542e-05,0.00123566047705255,0.00620181983696262,0.000881762622410749,0.00131357705929055,0.000966468344138513,0.00039703537672272,0.0002593350567173,0.000147708453796622,0.00129688422591902,4.20727317763068e-05,0.000189301288222419,0.00992870536302726,0.00259346987701243,0.000215302515884944,0.00222071945050113,0.000572175605398742,0.00245465974079489,0.00063128622240425,0.00138848255563399,0.000304541262680321,0.00227663479351652,0.000105820169609527,0.000910967894915852,0.000310208269598252,0.000295891750514779,0.000584063869539564,0.000904109568794003,0.000545854554644656,0.00456732658791543,0.00492549507669282,0.00139014469713188,0.00109099104782046,0.000418427644701392,0.0246116900437126,0.00019207628374483,0.000626755191425258,0.000419001826947582
79,0.00727874216001921,0.00629775561234323,0.00491934361396159,0.00790670748587841,0.00138975645062704,0.00102493873567552,5.91642381507372e-05,0.00566476624309627,0.00205473222860078,0.019328517470623,0.0094884803750405,0.00196276903538236,0.00494960888843891,0.0745353386803594,0.000772994854597115,0.0333117099688624,0.00439884747381817,0.00216521142700879,0.00135225120887864,0.000814585798432989,0.00322847437750218,0.00564621033892481,0.000475126887535801,0.0017878939717892,0.00553648517354947,0.00447229434690487,0.00112385973018899,0.00619816099957682,0.0156202689078322,0.00759054197012007,0.00458841535451105,0.0143050194343858,0.00509215255633511,0.00561344685027268,0.0016180178843322,0.00167949870350209,9.24249676647009e-05,0.00116606902291003,0.00497122588578792,0.0060762321801614,0.00559675906252597,0.00178521797625751,0.00020429222238712,0.00232203940752766,0.00121791549342359,0.00634545262958737,0.00531156411839917,0.000353847009394874,0.00210660560672892,0.00468525602922911,5.13369846279574e-05,0.00895338524199011,0.0186588934978961,0.00472794749962867,0.00691975407771001,0.00762978916523323,0.0122516300783627,0.00934938473754855,0.00239119487705065,0.033232617642009,0.00824736807744243,0.174532759228903,0.000940065402120454,0.0012410363417173,0.00693445896336918
79.25,0.00910204964122166,0.0130650348648745,0.010392209252749,0.0123186528681718,0.00485230160527553,0.000778751287300999,0.00109479282996626,0.000724574364314232,0.00114029499112626,0.0100261573233605,0.0194162478612232,0.0254540916997051,0.00480419069034822,0.179389401561573,0.000769437228735633,0.00816386775829411,0.0017690521504318,0.00247637727750134,0.00288481818190566,0.000129187205214333,0.00382322338700308,0.00113019910882555,0.00196879610745774,0.000932409140319024,0.0110472196304057,0.00544122899726059,0.001533761992364,0.00103890730851515,0.0132505891920493,0.0182413941495486,0.00400312665097342,0.00274386232795718,0.00331693404137729,0.00012037620138983,0.00354192177513853,0.000327455009985283,0.000983603336148846,0.000168290885912356,0.00654268788626735,0.012691207770049,0.0140512872985388,0.000141238259726159,0.00159881874013947,0.000802000742943021,0.000486439436774523,0.00210618488454065,0.00868296809030535,0.0133308653666129,0.00454046569804595,0.00253406516329917,0.00080033217958835,0.00321784170931728,0.0278957966116958,0.0247573820041192,0.00792635477831593,0.0187404374179103,0.00443036997917066,0.00932505314103242,0.00158391834272182,0.0108682457607147,0.000532533366774205,0.0401865314481005,0.00113022790355038,0.00149432595099437,0.00158510733741652
79.5,0.00198579718248043,0.00024481267851453,0.00238231411072405,0.00161157936130032,0.00339947406393652,0.00493526000157056,0.00101680767007749,0.0011558214504718,0.00281150345992389,0.00933466861290799,0.00814115326669365,0.000586107714505338,0.00349383416047057,1.19202857748475,0.000600531158264901,0.0120764076422673,0.0025670647898396,0.000932625128838432,0.000922472333718334,0.000914798649084359,0.00160875651600127,0.00128565335567343,0.00178910345779339,0.0018360449389126,0.00489088302295339,0.0044856691948512,0.00201374859516194,0.0135452215230659,0.00913666371257998,0.00194736236838419,0.00172535366620188,0.00337889480840365,0.00130459406465518,0.000177521051401606,0.00077893007350417,0.0012297213653369,0.000558090988182638,0.000231572998911381,0.00183031802160496,0.0064473462617079,0.00190551229373294,0.0012770365437503,0.000417588490785434,0.0016027917192707,0.000833769819331318,0.00321660618454597,0.00175247884446889,0.00160210963993028,0.00337792078368621,0.0460185109216773,0.00303804722268024,0.00132690434427663,0.00670615072018403,0.00164240888547284,0.00566345565883592,0.0024270932043218,0.00305492580002455,0.033944276629721,0.000809250602774379,0.010523888217732,0.00230650525327867,0.0208811188149884,0.000341907704907762,0.00122006284393813,0.000624573311134399
79.75,0.00348554824174707,0.00929491578348877,0.00675641480643599,0.00791713017872188,0.00118866249211684,0.00693125375252353,0.000665523413753992,0.00547384672271132,0.00114803581205792,0.000338130738156491,0.00557633604769606,0.0133395753237687,0.00534208546992491,0.754186827836491,0.00298986157138158,0.00038680248861384,0.00225969826462609,0.000634684022823177,0.000709621498103721,0.00250268144801359,0.000350278846455753,0.00225886554840667,0.00207749025762879,0.0001030452921885,0.00328247540058344,0.0149458356869088,0.00235064800278471,0.0203164714404776,0.00342078878494751,0.0242994581896738,0.00385403514416481,0.00097579167738953,0.00106902719859961,0.00099029786841341,0.000906959863969274,0.00458120117165249,0.00197035436059663,0.00258685053597317,0.00258964312835853,0.00791590544213696,0.000803146117949999,0.00718986211120221,0.00185402589445989,0.00639259970061024,0.00204858044258254,0.00121445359402991,0.00283773612160228,0.00488158030262035,0.0035490963706175,0.0598140544140022,0.0013268024412591,0.00259063345113066,0.00324680795409989,0.00915001299781261,0.00383227132475899,0.0203250151774594,0.00173725616128093,0.0152241880423904,0.000936668015111947,0.00079183114315566,0.000464886222219226,0.00196693293663438,0.00115625353468666,0.00168924492365204,0.000192362949615691
80,0.00947127464348143,0.000176477489680226,0.00347335918310301,0.00961279784332734,0.000363835730783708,0.000247703483028978,4.78215244535889e-05,0.00130886402173604,0.000500295968931676,0.00159495549986431,0.01607313674539,0.000951256923873615,0.000456242413915046,0.0782407719318012,0.00162992050054035,0.000623817710438261,0.00133100611697135,0.000166218263826801,0.0011383037101205,0.00296428053300775,0.000436832848355303,0.000303811035747552,0.00164833382217064,0.0055176451044447,0.00343862189011654,0.00103644610183317,0.000471090702818355,0.000432207242296633,0.00484190613535523,0.00111107511922403,7.70009015819191e-05,0.00864620716034346,0.000982040858724668,0.00145890696931268,0.000119058485864287,0.00138497306015346,0.00168219602481525,0.00122388379302279,0.00400586963165611,0.000817524645008515,0.000749244366415022,0.000626281100999727,0.000977617054552534,0.000746776366197852,0.00034550406847822,0.00027839438885664,0.00540492042059819,0.000859782891670448,0.000326872269563509,0.00167154779377863,1.40869424637201e-05,0.000473542863449239,0.0266402942850877,0.000716654514822896,0.0021467709620212,0.000858434416780559,0.00128423590299246,0.015562683229353,0.00105083002302816,0.000631230010404594,0.000254745405838593,0.0112680043182903,0.000801384700251663,0.000690283179925462,0.00040204934354209
80.25,0.0187055441500208,0.00935165336610766,0.00648432220227143,0.0117035430166472,0.000280065216828854,0.00164235256908198,0.0015890811897289,1.43109088967474e-05,0.000678210872107815,0.00634622339420772,0.01549053127532,0.00522204537302968,0.00153449889804525,0.100174372757976,0.000909379409164973,0.00521078195555764,0.00296243524448,0.00169490648037671,0.00203119466817334,0.00102653064311042,0.000369853819711698,0.000554496474129971,2.45181062288591e-05,0.00177414493167139,0.0011660058899586,2.62579112327488e-05,0.00021165229691104,0.000577464122974358,0.00833361577053275,0.0171236205529396,0.00034959749081372,0.00521244237625603,0.00105806747554159,0.00120174386425991,0.00140012317235781,0.000626909401107633,0.00113265970748617,7.2937590684687e-05,0.0104621190637949,0.00527827047730512,6.41215741638736e-05,0.00209335776810578,0.000165533011641752,0.00103213186234727,0.00144578371588143,0.00013718886438582,0.00425159653311039,0.0043905019395787,0.00180187594511049,0.00252841065830692,0.000229074579640786,0.00102845384154903,0.0206954039560488,0.00783929118752506,0.00242447918091863,0.000145524625410987,0.000481502931180637,0.00184198379852557,0.00153616484063283,0.00386628409835823,0.00374376829114504,0.0257175868547343,0.00127687593958648,0.00213789424387345,0.000645589372161575
80.5,0.00861334169109572,0.00146361009658906,0.000939602303237412,0.0021973750193737,0.000931100010645309,0.000883501817533343,4.50017834238908e-05,0.00152514215966404,0.00406586456843054,0.0194645175166128,0.00523935792327187,0.00588942764592339,0.00125053052676956,0.0164460942333116,0.000416469830521434,0.0117008305470863,0.00189928763282426,0.00459043005693275,0.00234619137643691,0.000570253463604328,0.00300449627939845,0.00333184219680296,0.00101507380183914,0.00093305118117407,0.000975669025150578,0.00865392282375363,0.00023561038776456,0.000861904982831233,0.00178413463228282,0.0367163704116989,0.00124712165168706,0.00087364546176677,0.00305474588157959,0.00333814139858468,0.00204432796325812,0.000912758670389469,0.000804725368500011,0.00256584546538604,0.00188217495556966,0.00537956565373827,0.00192745733374831,0.00355240816664091,0.000297366645745067,0.00140729067833831,0.00055297988491831,0.0101533417544786,4.54177604291161e-05,0.00141688922425597,0.000163714892124697,0.00140229356063129,0.000416172169514628,0.00512843987367736,0.00233002981477928,0.00154890645543532,0.00211097011817335,0.0147116189306169,0.000502574873118342,0.0100233552701434,0.00276399008296014,0.0183919404394888,0.00369990879629761,0.0336746473688442,0.00197459644735712,0.00232722292249951,0.00381098479467013
80.75,0.00114204387718553,0.00996031538734671,0.00162904258684748,0.00723157047686683,0.000310801602366437,0.0129246281872134,0.00115848697611389,0.000746349252229971,0.00173729046369838,0.00414499841918515,0.00399403608028773,0.00333635303397106,0.0109399271828621,0.482419149970391,0.00314595395250805,0.00241929001367106,0.00307499800319392,0.00250902694667321,0.000715094595951459,0.00118716549929132,0.000121968648341351,0.00220842092834485,0.00153735829504542,2.99187563016717e-05,0.00204784549824708,0.00861946594218874,0.00181457704811352,0.020096723688372,0.0191398845648445,0.00958953355479093,0.0113177559291299,0.000888229949918298,0.000641544379943673,0.00242840751350755,0.000630837404844548,0.00206344072371684,0.00113256292705337,0.000586266050455972,0.00141671881953671,0.0120251388576026,0.000366530455873474,0.00364235081268804,0.00120363204785492,0.00469909909606952,0.000801444278714761,0.00176129577106164,0.000136867035345097,0.00370279931493785,0.00106309084375398,0.0422980966475167,0.00414616438866542,0.00149874866932077,0.00238104921737998,0.00586816625344912,0.00856921730177541,0.0159362445770543,0.0124008432994349,0.0115939663607008,0.00191731306921143,0.00925771879303289,0.00129022862137872,0.0560725292344138,0.00023081093386392,0.000171340325563629,0.000873847770852774
81,0.00169468040028975,0.00787347262882679,0.00199251273779891,0.0123041331966547,0.000349714200764581,0.000338960260485689,0.000450945457913149,0.00157417270977761,0.00497918595561928,0.00140797218362402,0.00250245559905974,0.0187769523759678,0.000246431180183755,0.237111978947438,0.000903119138854322,0.00337534471551198,0.00753848438216643,0.000958718905327817,0.00112327568546596,0.00219211986989807,0.000656074466923386,0.000747809198733492,0.000441748048826685,0.00141165788312807,0.00112575697436774,0.0123553733344402,0.0003631926772449,0.00322209743170194,0.000245504881819441,0.00985213741346597,0.000993530967124737,2.7675830937038e-05,0.00330581116154063,0.00325494519595354,0.000853895618834114,0.00037582472958135,0.000436383871918451,0.00102449945398064,0.00166143933919786,0.0166624968947866,0.00115172256646981,0.000525349170280198,0.000410669370647473,0.000300411304253423,0.000447136549445193,0.00162109415387195,0.00148638987209592,0.0094433793839602,0.000379917134904345,0.0146044851216706,0.000532583666638938,0.00148327102983231,0.0028406656148686,0.0127343583962373,0.000868415739920155,0.014554322883459,0.00135601149125863,0.00154891558306957,0.00116853508011137,0.0121665492073443,0.00286146269004093,0.0602419474465634,0.000409822330574908,0.00114350557656461,0.000439313456971804
81.25,0.00256885961468946,0.00316218005977129,0.0017040928117918,0.00179591451350091,0.00724060357075127,0.00193752061908792,0.000404266099581449,0.00159220460532917,0.00334355193667765,0.0346459162980635,0.000722543669196317,0.00257613587345466,0.00242472321574371,0.209782832708033,0.00163423724219716,0.00707825983908159,8.3384198633173e-05,0.00275349062553855,0.00230017018317097,0.00119203322441073,0.00323223501772508,0.00317828506450114,0.000892188612970215,0.000443000868811143,0.00305738257413179,0.00539540285790801,0.000462708698976653,0.00460656758938622,0.000102328772348439,0.0365586722000272,0.0072213887807938,0.00250310664209784,0.00161057091605212,0.00308891099250916,0.00203290377464828,0.00126206442740997,0.000281893240051295,0.000432252946982346,0.0010449386067779,0.000718308884823254,0.00199052464189561,0.00627223477887536,0.00599675221014262,0.00335789880290062,0.000356474022800619,0.00847691926679511,0.00256206064024363,0.00107901875746939,0.00293314529057265,0.0126483036342582,0.000450046303790158,0.00195645143439072,0.00532450282060786,0.00515238081652235,0.00232837287680798,0.00955879161276793,0.00854239867764483,0.0285506492891592,0.0019119234940379,0.0275354021454281,0.00604602739218031,0.0751162435992007,0.000623493951014449,0.00263982281515056,0.00427479998469775
81.5,0.00011826567609101,0.0124503211946575,0.000844843821114853,0.0134128223857347,0.000561879531081556,0.00160225991438638,0.000950886601781307,0.00178166180815313,0.00439965486972252,0.00526874808404447,0.00219626520279964,0.0163761552213894,0.000979465087573379,0.0251460686975115,0.00151792647076949,0.00813451929579715,0.00502528633033869,0.000877797144366918,0.000930031591559659,0.00341766437486065,7.56886173590849e-07,0.00161170556378203,1.18190060868875e-05,0.000401735254697564,0.00102683558474773,0.000929564102692748,0.00130099224900993,0.00214147893188127,0.00448003779666309,0.0173879568062247,0.00220044647585568,0.00958379499935785,0.000289392303281922,0.000532563826248623,0.00114294367664654,0.000156876313107775,0.00037993818896321,0.00173048310357689,0.000320340882662155,0.0198144458950088,0.000113334858034029,0.00091002548019674,0.00105799797673381,0.00185873344098335,0.00294505324368854,0.00609760672945579,0.00277568856681906,0.0116216919092809,0.000282618463658677,0.00211748107303023,0.000349927859274449,0.0055746124913321,0.00290256086529455,0.0166065156081492,0.00113607822418328,0.000348357956997677,3.2311057957696e-05,0.0140315244341415,0.00189767032029772,0.00907694170415754,0.000497597143876793,0.0034035136089947,0.000632119810461782,0.00352434907648773,0.000471879091119817
81.75,0.0158455385661748,0.00289997038293536,0.00546464248638626,0.00143708427846647,0.000162447380429404,0.00654778503807013,0.000168626816629483,0.000940288342748142,0.00576423613909787,0.0271709528914665,0.00657054340806325,0.000126587553074287,0.000333463979569953,0.512389668770886,0.00304530143800533,0.00925033056068549,0.00255502887314921,0.00199434572476154,0.0048918971790864,0.000843496261479297,0.000865248603882732,0.000611645080317207,0.000947012506870032,0.00266083249793653,0.00155497401739222,0.00399461116345987,1.57272625682441e-05,0.0125641941112655,0.00566769865511098,0.00147002975809657,0.00428719297191629,0.00433264958100604,0.00386511595039012,0.00209547445135661,0.00235170509488562,0.00130183772625521,9.21646324415125e-08,0.00187060055500686,0.00800829447001518,0.00120708424497931,0.00325434530387412,0.00093956731335795,0.000164802996085884,0.00622773258810209,0.00175932711051153,0.00389798492652752,0.00423912366262534,0.000482764385688506,0.00060050703194116,0.0247951851155124,0.000195478408322168,0.00536383814454422,0.0113553352934325,0.000303309667893327,0.00320356056921899,0.000681809670192137,0.00279870563290377,0.00432774032220104,0.000470929671788748,0.0198015594224668,0.00919048356090319,0.0837352893969348,0.00161780403091654,0.00175836776498204,0.00129980177432948
82,0.00383228551481412,1.27374065657571e-05,0.00280710052530761,0.00282886804069729,0.00104472703178358,0.00262814849939376,0.000937955431039533,0.000579453790245126,0.00226120887969668,0.00399672068955615,0.00582738506656786,0.00035855452502889,0.00239668438329316,0.56464454263539,0.00119388801206266,0.00078324729402606,0.000101607419033787,0.000412165116468585,0.000898878547195513,0.000330736067524209,0.00146154643391792,0.000914886760279166,0.00137651307836263,0.00310550482580571,0.000821849961624827,0.000180869304616695,0.000556284451530889,0.0119671930979959,0.0044927393137836,0.031167588713626,0.00899625522744256,0.00352411831886924,0.000134324705969626,6.97600827941127e-05,9.01157361389621e-05,0.00097604142546828,6.30765011559793e-05,0.000214001757530999,0.000397356976784269,0.0019572159838974,0.000785335229128525,3.82243321064582e-06,0.000106442220541863,0.00180667631043099,0.000565744070828162,0.000403163766506268,0.00152168395715626,0.00102902834504691,0.000547078274796387,0.0202676644183261,0.00061354701234247,0.000595043723958184,0.00142103611046362,0.000165701657670556,0.00183170452319083,0.00116980574923935,0.00466774275210171,0.012261322611228,0.00224813175057391,0.00175749098949917,0.00216773428587156,0.00675817467028624,9.33895144711041e-05,0.000439140810264785,0.000406282654958965
82.25,0.00334651553208266,0.00947853817790855,0.00430992106692812,0.0159835568151688,0.00120761602886361,0.00188742084927624,0.00137742194104791,0.000874893168031623,0.00758426423599893,0.0269213911778346,0.00456099525289962,0.0148393148480435,0.0011098912764599,0.194983963841927,0.0103349267059287,0.0205168490309504,0.000879105223679028,0.00621020859633313,0.00442758347384704,0.00208628714651998,0.00499242601477206,0.00493406221301895,0.00187243885012716,0.000502474280315025,0.00108245455973431,0.0119772901745915,0.00110283988444584,0.0010646057438311,0.000164495435675672,0.00793982352017943,0.0017455619404237,0.00145282004336056,0.00355925286490537,0.00686791787087522,0.00248710294443093,0.00202256057257726,0.000741839094193443,0.000448557648357892,0.00319268501806132,0.010992172441677,0.00219122651897845,0.00556403929275232,0.0033647263686074,0.000551959654182992,0.00342012010473465,0.0105869608909384,0.000219817571358092,0.0158706388986959,0.00116326598545223,0.0140245463633121,0.00192039784018154,0.0072692321520058,0.00519307541787392,0.0129803616110567,0.00187283893877503,0.00922726763630641,0.00482285542542661,0.0512860308730172,0.00883652125116261,0.034426084748724,0.0264430286757736,0.102747980203003,0.000317031823307782,0.00374375556397162,0.00577585699711509
82.5,0.000377888388507028,0.0010526901732047,0.000660505217914172,0.00347502487305672,0.000595168865915094,0.00249925311912715,5.03423621819979e-05,0.00160367997742614,0.00568701133466234,0.0194653794517713,0.00105164123057678,0.00211309305263967,0.00388456251261357,0.310137430985765,0.00102328221947784,0.0154608568414541,0.00123201976919492,0.00134516343811074,0.00463120284755099,4.70089906885785e-05,0.00208795907886438,0.00352217637170943,0.000263124188996501,0.00285801388928477,0.00270559554592583,0.00197810380394585,0.00141603124645969,0.0108148436645577,0.00551251097919337,0.00036513201931665,0.00704809858102889,0.00207847478339298,0.00174117753972713,0.00130600623204019,0.00212391460396477,0.00172539239259289,0.000337869692294038,0.00119608518772349,0.000247808649309673,0.00131820908869889,0.00171214559087241,0.00157466603013472,0.000925500013506796,0.00272453785951466,0.00236316664679755,0.0106233190478234,0.000783359660866997,0.00033120009284271,0.001215253242923,0.0218509178709249,0.000588189486280327,0.0134472846685752,0.000104561021865902,0.00092785603062831,0.00372367108137053,0.000254805294834883,0.00243273408868645,0.00986368239549988,0.000437283326950068,0.018757549386441,0.00492217819027685,0.0761750220862327,0.000386173816237236,0.00344364029403324,0.00281916326181293
82.75,0.00615912239022314,0.00302843582070001,0.00105289173360469,0.00291423681013986,3.34206792568812e-05,0.00122415432735066,0.00197514610682652,0.000872496171652416,0.00184277303898319,0.0038591868085608,0.00298432627469993,0.00160761939656416,0.00127662493007082,0.388974304510044,0.00241249001422325,0.00700409010028364,0.00625969851936423,0.000607987444263845,9.94393975327734e-05,0.0005138893178618,0.00263114488908158,0.00201944094018341,0.000514296427221447,3.83307248073961e-05,0.000178084264963849,0.00121271953031043,0.000425841193540225,0.00501278483466135,0.00577649208071341,0.0128370082188243,0.0046836236580559,6.16613626664597e-05,0.000583304630561757,0.000778525156074609,0.000105117419909688,0.000579074658605455,0.000206950406764336,0.000663705300459155,0.00118220556752901,0.0175735741073372,0.000257049555287847,0.00225817926202017,0.000622739638448796,0.00186647011495304,0.0016814463303412,0.00705140274500127,0.00131393268926576,0.000111439299015999,0.000326889207577188,0.006927456768894,0.00248157836286522,0.00606243349133599,0.00496601559572599,0.00158914560302678,0.000726124765916796,0.00401753226537286,0.0171329201232419,0.0122735261366179,0.00399417612455341,0.0079022000327266,0.00439068781136309,0.0435765682066435,0.00157670249776965,0.000822260518465348,0.00107452087674445
83,0.00231066823211346,0.000983842048985992,0.00437791656907482,9.96342586561048e-05,0.000314018487929277,0.000770392435257786,0.000514385395037557,0.00503068828073239,0.000538165251775444,0.0152075815072928,0.00927185110313677,0.00502325800471835,0.00310862121586564,0.00207286785195289,0.00105667061939494,0.00547557523640017,0.00163076871124896,0.000423534408083078,0.000150569154687089,0.0016851430316971,0.000739643393174209,5.93293689394853e-05,0.000120765249622373,0.00155532108911257,0.00455182064690236,0.00792851446510504,9.21632860189342e-05,0.00316373655292359,0.00627835518214898,0.0464588311956116,0.00147284320927559,0.00816469891075593,0.000905108637278571,0.00100383858259391,4.71307040451305e-05,0.000549069532704407,0.000110478281990325,0.000826418090286697,0.00233751833199118,0.000363632286587254,0.00432863914751868,0.00109399010203903,0.00046765864016149,0.000877232120943568,0.000157474265711424,0.00422538356866238,0.00615041871043927,0.00147264390143642,0.00283132799594854,0.00418357569416837,1.22163129884063e-05,0.00488140107920735,0.00386296186790436,0.00200296804086351,0.00661997475521065,0.00392726111652497,0.00402665980141628,0.0103731479882288,9.90774532552697e-06,0.00928384500545883,0.000108909663111658,0.0059913218670929,0.00036759885253564,0.00190861438769865,0.000153929166797397
83.25,0.000296780734388481,0.00138725705059088,0.000688664047537214,0.00253191391680085,0.000414866633186298,9.34124966078869e-05,0.00069036958063499,0.00010574599473719,0.000425412767215124,0.000271902213311577,0.00507802297505336,0.00203314789179872,8.2607519565406e-05,0.0815778950892992,0.00022583608261405,0.000496688163157115,0.00220427601338158,0.000366773237265083,0.000118225235311446,7.30303056149282e-05,0.000602623357363389,0.000201224328363456,0.000629341192833894,0.00114187898792057,0.000989942546137077,0.00174617296564724,0.000511072063898199,0.000646217149073461,0.00102891688323474,0.0184113297852806,0.000528497966117582,0.000952345293799665,0.000423411701303225,8.78503415428291e-05,0.000107633128462442,0.000806758673758736,0.000480255487712702,0.000845397990029454,0.00021177297100392,0.00673166709203337,0.000630339156785938,0.000152455729613875,0.00123451569970914,0.000473334611759062,0.000626005128148918,0.00233113770462134,0.00162173825337517,0.000854563052080572,0.000499606728934341,0.00241726289759619,0.000714674856297574,0.000444757209145242,0.00226859345223671,0.00276644939407414,0.00297880412426828,0.0007769201728428,0.000140716016973293,0.00632930178148892,0.000925179193398983,0.000594676007559238,0.000395082254507984,0.0182444086178142,0.000349459264937973,0.000332874855650388,9.65393441910985e-05
83.5,0.0032345071396493,0.00386383149598296,0.00207613042923442,0.0116538464978685,0.000570897911773632,0.000176654692685258,0.000257508360528609,0.00143202282924958,0.00117306655424611,0.00545298122239676,0.0100319040631091,0.00535440283398797,0.00988365748143022,0.127889274831174,0.0062232327271315,0.00222631532695673,0.00816854998364983,0.0013115194731794,0.000675846593133067,0.00143731798377551,0.000527565957841145,0.000188521535562819,1.29862870163884e-05,0.000349350112759746,0.00540079038618831,0.00284954660157405,0.0041807461665602,0.00033324990019536,0.0120105649265355,0.00761877401175989,0.0165626494878108,0.00200555869623918,0.00150197824934898,0.00243232471941464,0.000761502169589635,4.85965640523085e-05,0.000359905240056461,0.00260153619549215,0.00265914489406125,0.000506056073340472,0.00275856917384627,0.00137385371943281,0.000497695887836046,0.000339450726027744,0.000468784051683861,0.00199645741023095,0.00532549257354168,0.0117969080459967,0.00678419324612152,0.000942702823130086,0.00152809863939132,0.00174587924167026,0.00885782213836976,0.00840281090724403,0.00452820650365311,0.00434017422320979,0.00499313668325436,0.00260414468744662,0.00281476846092319,0.00462159602676047,0.000604247352958993,0.00564795439070885,0.00191303438480109,0.00186338487736309,0.000932837625915971
83.75,0.000492713860564075,0.000803702635908621,0.00358304439062562,0.00892331901114502,0.000455068478948611,0.0108599251854619,0.000558519814220158,0.000921166270458753,0.00787308624672236,0.00760408131803986,0.00107542936509378,3.09259605492531e-05,0.000271401000215838,0.978016571630184,0.00279710844699537,0.00133532562376753,0.00517570103503653,0.00154065215765894,0.00164166952393081,0.000960431381410728,0.00145455487896328,0.00425995693791724,0.000880501757941664,0.00274554347310202,5.99471635688196e-05,0.00215452847180204,0.000173214241009889,0.0206885919159534,0.000726655100828226,0.000725469809038737,6.68965773458143e-05,0.00196513748388093,0.00276366621472104,0.00171277983481903,0.000812196227377529,0.0074431954929167,0.00108623121582186,0.00163325584601968,0.00208614593572846,0.00397279848924501,0.00263300091179497,0.00445533566209606,0.000841337135177458,0.00951322124790813,0.00266151666688491,0.000408176578617623,0.00222904207638922,0.00243555935320083,8.536181382137e-06,0.0494154580936091,0.000532331892298215,0.00223937203941552,0.0019011535775707,0.000115775444853574,0.000261967035039212,0.00162554897085787,0.000309582038664883,0.00948978519588379,0.002900458075216,0.000844199650940896,0.00538288165881761,0.0193356110437848,0.00143813853972579,0.00065529297476774,0.00255912631046696
84,0.00351879836442293,0.00620253317786479,0.000248642657311315,0.00575287787634626,0.000485908858663113,0.00335386100295597,4.79878863503338e-05,0.00618321724630922,0.00117529194332065,0.0191463394459039,0.000889933091883427,0.00525193381826548,0.00185316361189723,0.582299538470052,0.000482719102527189,0.00959427415100047,0.00417934416107294,0.0025312101320862,0.000394948445380592,0.00324354795962689,0.000800618991498922,0.00136292043868456,0.000232683009653118,0.00251826586005532,7.29506688727902e-05,0.005997684835749,0.00126415240806219,0.0133926550503267,0.0031019259252429,0.00431751418926197,0.00306240021795632,0.00152999944407661,0.000946719434101544,0.00252563594238043,3.64950045145597e-05,0.00011801536092227,0.00011507668990264,0.00154194959286219,0.00091363614020229,0.00110963234807599,0.00176681444531924,0.000583411130177372,0.000356292860849593,0.00498339790496927,0.000360526880656643,0.00895849767122705,0.000311114680758063,0.00339596753871022,0.000548505533266074,0.02799224363138,0.00108699005258451,0.00629319772770233,0.000892116954047458,0.0046841866078591,0.000836798080834514,0.00195445092391953,0.00437895415471083,0.0043117086119011,0.00455308932009273,0.0148933589097479,0.00147750404905997,0.0179036128456978,0.000566479007654232,0.00453785262775811,0.000968534905091752
84.25,0.00124969034776386,0.000673891677451246,0.00173324591029525,0.00328324349726116,0.00183690147131328,0.00158760160028704,0.000756279540313615,0.000617860736339586,0.000912542618084617,0.0168987942366145,0.00363362938618518,0.000637816506208185,0.000557597577445825,0.119367518559235,0.00136935204899737,0.00142997965403297,0.000156006140945559,0.00158512034965458,0.007133812259673,0.000162468776911687,0.00317360798133296,0.00334662283697718,0.000378810016473836,1.72248634217903e-05,0.00015433604292777,0.00158814287813127,0.000239754838183435,0.00471607147450105,0.00128613951855281,0.024980889984054,0.000329294590312048,0.000559761197839035,0.00330723622250255,0.00353615399322456,0.00382553963051244,0.00144903794519089,7.52499371891386e-05,0.000152847986712594,0.000744185690187103,0.00349483369973995,7.94877143518004e-05,0.00130015806446175,0.00313660363432627,0.000459772705578712,0.000155461129794739,0.00335840952925469,0.0040928361722805,0.000260160189748839,0.000145114303195186,0.00440259658043953,1.61517152642682e-05,0.00111391790383912,0.00427237471855996,0.000173719884410532,0.00062728385361311,0.00431848841813922,0.00289530264714615,0.0382301582986938,0.000113476711468384,0.0125712383112107,0.00196007950872485,0.0239032356218537,0.00109419495687573,0.00159654145328401,0.00345753541178562
84.5,0.00183023853364665,0.0020472020273593,0.0019835487905834,0.000447071362057665,0.000938220538953807,0.00503624603554016,8.38983330990744e-06,0.000950786373783444,0.00354655407600345,0.015398635796665,0.00112271666051497,0.00227668934022277,0.00218406299418824,0.111196452622342,0.000667632792999187,8.23928533054987e-05,0.000679230216540702,0.00357504806412534,0.00252069094420879,0.000663780713567005,0.00191597723756656,0.0023486309259046,0.000660274100791372,0.00100115135373253,0.00270012918997807,0.000132814355535194,0.000853506236319707,0.00426149876990343,0.00480700518083068,0.00285532025611886,0.00265841749170437,4.01622125528266e-05,0.00150205632039674,0.000612677610808882,0.00211488245593853,0.00361271801277682,0.000145580739864319,0.000626490520752386,0.000746291214045545,0.00343967029015351,0.00225468975168745,0.00258001974755982,0.000512233282012618,0.000692933836312068,0.00142976979746922,0.00442694728533661,0.00126650333903148,0.000746465593131663,0.00155930514983699,0.0109414453213413,0.000259772050032745,0.000792582084121824,0.000319043567113773,0.00148154614187952,0.00299021552424424,0.000359198177709844,0.00223512926418291,0.00473729460009219,0.000500918930914458,0.00754907568374112,0.00179991249038237,0.010356895273542,0.00154414189126761,0.00466830489689271,0.00290933694878755
84.75,0.0111477496421194,0.00727442789794304,0.00156300434873852,0.00527333358545578,0.00163673870971222,0.0133799437482992,9.95811727534091e-05,0.002719230747328,0.00678923140192082,0.0119076955346618,0.0122918420607447,0.0106814615204419,0.00251043831584005,2.46746311535041,0.00183465431987127,0.0130338152498698,0.00187465705762903,0.00386094448459969,0.00268613345714203,0.00117285430598838,0.00355902586147414,0.00313294303137328,0.000565737865631531,0.000585184187678851,0.00686121087060199,0.0210673917515188,0.00135749432694212,0.0303270923411546,0.00825284476520467,0.00984429202181822,0.000151249527141048,0.000147554733627369,0.00405531405511256,0.0091306368246569,0.000953883239928943,0.00274733092632228,0.00177174440817048,0.00164224723187484,0.00363056084856199,0.00405777331313848,0.00322027915377075,0.0149419790330153,0.000982223648184554,0.00538570208443986,0.000780467988252412,0.00544035905954028,0.0070047502450073,0.00947583337667061,0.0033353153160383,0.113422331913595,0.000502422668639515,0.00279458989951273,0.0140484192869227,0.0101813890606714,0.00559055002045012,0.0139409880879108,0.00287416262607853,0.00670113059830953,0.00744046702593555,0.0103186599484519,0.00483922237188866,0.0383843104156171,0.000381383753053196,0.00347050796919357,0.00267324567392892
85,0.000364136954424236,0.00114840350553993,0.000130203244170847,0.00175138770414455,0.00161916629854045,0.00197547686535607,0.000120990195652234,0.000442836349650391,0.00162848110403342,0.00319935701315499,0.00390200839065462,0.000458401153568126,0.000435041018043504,0.606275827890921,0.000209604713651093,0.00161667514393528,0.00186688266746179,0.000351103247017519,0.00172087710816561,0.000779828428630669,0.00073825163470442,0.00126576148576465,0.000963212102532078,0.000671087158496093,0.00307287930700756,0.000800444114350031,0.000182629907211615,0.00602867175161978,0.00557914991555911,0.00485010415911154,0.00147848319550388,0.000619966582838159,0.00156449108086749,0.00138012342317433,0.00129581982128716,0.000704622036342405,0.000807138669938339,7.03717581910367e-05,0.00034953598802325,0.00249953943383112,0.00172163947873147,0.00158038111938915,0.000272438999758521,0.00138065416220917,0.000554423742697633,0.000843577754295708,0.00156364683748209,0.000240618473492547,0.000778431404233428,0.0180931306521531,7.49247911997912e-06,0.000988743756562147,0.00208605368360635,0.0011360837695721,0.00155041697377089,0.000140060679002642,0.00260201151108177,0.0018994248914502,0.00183269474564594,0.00154628683888693,0.00118877430970704,0.0145902333631008,0.000286443256622132,0.000985840229914954,0.00119778926780664
85.25,3.62652676816119e-05,0.00460514520706607,0.000524002863044746,0.00500997967162559,0.000285507559919991,0.0057620313069957,0.000533115706447373,0.00153804308152882,0.00301428511713882,0.00760920024972269,0.00647028892939876,0.00710818019566329,0.00187262613007225,0.892174514049589,0.000276444089822095,0.00693588712209331,0.00196108383375315,0.00060239746483261,0.00102819489535731,0.00122929395687827,0.000290664163226244,0.00230734886207966,0.00191259735961593,0.00353710013866423,0.00147356538567199,0.00223917827501961,5.74508795360608e-05,0.0126559983505994,0.0105199108420154,0.0381577706529125,6.73518981020384e-05,0.000960093862549108,0.00186718948352201,0.000209241732514634,0.00149205633358658,0.00318551657738485,0.00171454760644373,0.00104625172689207,9.2816058615277e-05,0.00245231525710833,0.00130117083636408,0.00426048997859339,0.000924533718856332,0.00817014597975235,0.00179112949844557,0.000587292851924088,0.000801243363314399,0.00992844788362229,0.00120948989015231,0.0319482459989901,0.000817455383165331,0.00243971521532618,0.00179298180148085,0.0108420769868043,0.00407797231474155,0.00973304588494439,0.00100478798375688,0.00657170649436365,0.000362141799635849,0.00767256182581061,0.00433299953114403,0.0452581644581295,0.00179915755354293,0.00195362268881192,0.00126131942687159
85.5,0.00111093635707804,0.00197929060032752,0.000207947202858704,0.00645418369532989,0.00118229045596745,0.00460501651303167,0.000476406239409053,0.00288543361482125,0.00060149481712037,0.00834113511711076,0.00786308623752846,0.00449655872999479,0.000317874597499409,0.512480157578416,7.02282940098129e-05,0.00714466766578453,0.000797426209731019,0.00180878394950378,0.000229162499199674,7.39199439857598e-05,0.000439893041662283,0.00131530959235122,0.000202475950310105,0.000566171465007968,0.00135442824513299,0.00121421522881855,0.000392505947408013,0.0104535924181556,0.0015790778690288,0.0240523907376397,0.00351064719558216,0.0030360375463137,0.00119587997067463,0.00175194343838626,0.00087665504016786,0.000216910963166423,0.00119300343890097,0.000388493546764442,3.69872770865078e-05,0.00148134969408311,0.00203657556316065,0.0014832131667154,0.000440853939414457,0.0023618817622017,5.68324301995869e-05,0.00209074401907668,9.5945789805303e-05,0.008049805331758,0.000351148706488824,0.0168717913076492,6.64171175867412e-05,0.00285324993172152,0.00190159130362841,0.00554886495376814,0.000780646035824013,0.00755853932142804,0.00711765062211814,0.0314366826411725,0.000165896576714941,0.011870234107289,0.00854804702646084,0.0656517842901929,0.000207814955129232,0.000212875573046008,0.000661123486618218
85.75,0.000720509553544558,0.00900561110732019,0.00361838777658259,0.000865517399505264,0.000294074424532408,0.000219942335035603,0.000705906703956807,0.00169657888170402,0.00497544010631788,0.00716886044851961,0.00130770373311964,0.00240393823362343,0.000581461608902244,0.0933543852128781,0.000898397446233569,0.00832922915630795,0.000709478649398955,0.000787282094755689,0.00222944432403097,0.003046607655498,0.000564024024091326,0.00174442890355769,0.000552296584693645,0.00105305690763571,0.00329718351223705,0.00145738377862433,2.75731340414954e-05,0.000289837268528493,0.00419422566677502,0.0111666174482191,0.000149738593369463,0.0031072506759289,0.000691200608407737,0.0027510516611055,0.00109525755766349,0.00150208001147429,0.000402368975896293,0.000955625989873446,0.00210000260546463,0.000938145314160964,0.000216734865617139,0.00108255837473544,0.000573621962777635,0.000485356615606454,0.00225198459872948,0.0014632149304159,0.00159663842275384,0.000637549719613533,0.00108447743645511,0.00142429127991004,0.0005943171016399,0.00391677799561526,0.00134485278808395,0.00634796280054097,0.00126616313863551,0.00290468808248269,0.00333118559331679,0.0210312528409609,0.000549550717654256,0.010456047120949,0.00760385119542138,0.0468862381297864,0.000186312011802548,0.00141431540292978,0.000616223819553949
86,0.00510557479369269,0.00681687610934758,0.00341739545702323,0.00330360803964571,0.000810235722933488,0.00151788507438361,9.63775981671193e-05,0.0013531476060291,0.0024240870678914,0.0037835327229709,0.00317235762165285,0.000604481130582785,0.00182007042680176,0.107898619166708,0.00117471272581977,0.00468454063315802,0.00611099088566474,0.00167779143575062,0.00102026918770994,0.000867418067529102,0.00164583043556516,0.00164483635022789,0.000359700018923407,2.98106751923623e-05,6.25259944040537e-05,0.00214834097310649,0.000520007396928345,0.00122853461585853,0.000110578676965949,0.00496294696072886,0.00664868056083349,0.00161007727102856,0.00199289519419568,0.00205748968711062,0.000296205468084176,5.00493847631667e-06,0.000226495808898935,0.0010482409986562,0.00459666018667091,0.0166271358166284,0.000781297953391171,0.00122274444121217,0.000114816346259703,9.71878145655861e-06,0.00115155092501984,0.00181908037246151,0.00137453791050283,0.000930947997301437,0.000484779620292687,0.00603265362390447,0.000332411909275447,0.000645228074874922,0.00751271025260953,0.00420426017045568,0.000120521745749149,0.000421614090776018,0.00616417733297991,0.00130251472358783,0.00329186894184272,0.00858119063768653,0.00204510549139285,0.0220901060505402,0.000307004459544151,0.00233707272504908,0.0014493103733948
86.25,0.00613848715166462,0.0031172502511252,0.00127708552455841,0.0180593027641717,0.000341294280133575,0.00152325343390682,0.000891975538510822,0.000272656151917206,0.00448408881595999,0.00899691808318188,0.0228257077825691,0.00211086024804957,0.00441555896179546,0.621367430374404,0.00427434362552192,0.00184240511778123,0.00346339995916671,0.00134675781444892,0.0014665701455731,0.000222015791408588,0.00110146621024157,0.000252467797183268,0.000391524548335284,0.000452019346417364,0.011526463703654,0.00324324450142684,0.00270035760453692,0.00500386931075028,0.0134196565534587,0.0185821907163584,0.00452320521009004,0.00523797127622317,0.0013796716634254,0.00286461226750685,0.000184737501081824,0.000288842241004915,0.000835361315269997,0.000157426213166597,0.00207058693514696,0.00799899919754308,0.00265823699515194,0.00188176294765991,0.000660519019015823,0.0010374330882903,0.00331534945756016,0.00149087145705246,0.0043606331541474,0.00874291395040411,0.00598472151891553,0.0139567898269701,0.00257193911899931,0.00200660916167076,0.0111358955698485,0.00423541832078934,0.00793560046105377,0.000229777729708413,0.00519000960949419,0.0073753009364865,0.00215607898102352,0.00449801123010588,0.00212286413844637,0.0130346551918564,0.000112281412684869,0.00318756286698929,0.000613101702729822
86.5,0.000774366519774824,0.000295310670106816,0.00036287666599758,0.00434206280626454,0.00116726308728957,0.000925571837738802,9.02833399381448e-05,0.000446604517430635,0.000900928573555654,0.00230453320066526,0.00203167107207954,3.31520986676692e-05,0.000199479286208002,0.302015900020823,0.00140986722033601,0.0028697693592634,0.0013076372884789,0.00103562209905355,0.000477553702381044,0.000762752026694246,0.00280153426330707,0.000109787767526835,0.000407874517453121,0.00101568537530232,0.000162931037365883,0.00297853876326462,0.000676976998469304,0.00567604225556106,0.00348649202858121,0.0179264569213501,0.00075350253761627,0.00376177832623856,0.000282184365457496,3.06656260931384e-05,0.0026983953164408,0.000147249400708213,0.00180719892200074,9.57293735300465e-05,0.000792104943088115,0.00312905021960379,0.00067950429341981,0.00144844058568333,0.000352554608542173,0.00122661829066796,0.000626295975867339,0.00297818610329981,0.000364919475886853,0.00140510332324351,0.000419075813015949,0.0130506747376676,0.000166468650519661,0.000707414915857537,0.00129390889525836,0.000427926429597566,0.000100976191250657,0.000859709372634834,0.000532664092946165,0.00903994584214477,0.000769451136017367,0.00317703112679866,0.000599646277298947,0.0213783724169403,0.00135757737513235,0.000138733098117232,0.00132989824996564
86.75,0.00850644043460746,0.00853269341529459,0.00309150611054858,0.00261948751008973,0.00152929023943244,0.000115957443004655,0.00143150871352141,0.00108818185522496,0.00488115913049636,0.0125428521979186,0.00329348133184013,0.0150189240151211,5.20873014444218e-05,0.462255473786123,0.00161539381583712,0.00320445457201508,0.00139606423583772,0.000333544582532036,0.00123096425247751,0.00316104518575256,0.00103007865992198,0.00161830395695912,0.0019370521514551,0.00270849135422107,0.000412715198242827,0.00490280621298917,0.000170895901461907,0.000703222322384047,0.00195850558735916,0.0851976563299973,0.00038143603180856,0.00115404076056266,0.000382669074532475,0.000448454265376015,0.00258605846568423,0.00109877634027745,0.00120303313170636,0.00159866398150433,0.0030169747554613,0.00485800125412888,0.00304407861018879,0.000701872301527149,0.000683256632110988,0.00103694683207904,0.00162374326365467,0.00495408342555472,0.00136292125179274,0.00790626572590621,0.00139476772019718,0.00129642078154115,0.000852584610653269,0.00167788994100476,0.00564549336295905,0.0139679613122027,0.000240580075219206,0.0293562042482982,0.00033645777613928,0.00331313333957424,0.00176884617577951,0.00536642050233641,0.00546790256062306,0.0422417157268699,0.000459452754152485,0.00497978649871956,0.00100763772779161
87,0.00239814069732092,0.0032931820505839,0.000943666398278119,0.00260755199576327,0.000132735842911692,0.00040069068747608,0.000165961993198315,0.00149731605283126,0.00466558532948097,0.00446329364135667,0.00162206611605468,0.000961916954363912,8.87303257374737e-06,0.0181803064886698,0.000744592979183708,0.00542911619284286,0.00125371270301755,0.000818485017483316,0.000516945087193991,0.00107683055287189,0.000866628942630717,0.00184931177191988,0.000457520639047585,0.000230752122135537,0.000412972497558845,0.000106031610006451,2.44177743817252e-05,3.29077134071059e-06,0.00250678442584164,0.0190867319274957,6.87809934323329e-05,0.000136410901863478,0.000682313796116888,0.000766509468493208,0.000162854893193753,1.2780244793108e-05,0.000432661336837937,0.00174213833941707,0.000465145813815432,0.00830877628724282,0.000616739536328347,0.00137124533560675,0.00018523605418825,0.000303865049856919,0.00092039856212779,0.00128620963121375,0.000828291820758505,0.000553135073171383,9.40350693422479e-05,0.000883467428556999,5.20109420490134e-06,0.00176020068140956,0.00074196836691231,0.00349968338042642,0.000118492731346277,0.000581887050162623,0.000734752420327273,0.0118046322842855,0.00105043866571527,0.00451817135530344,0.00111562640055904,0.0326607266307499,0.000544510150644342,0.00118351376429757,0.00195459307973785
87.25,0.0115545784789309,0.000395727938345978,0.00312198513326779,0.00345688686446696,6.66477681508758e-05,0.000130176633074831,7.10056743569337e-05,0.00317791506230208,0.00145062306789152,0.0108833635621348,0.0186476481849857,0.00248015594372587,0.00374857704718316,0.0403327367333202,0.00182563416878066,0.0125910647064805,0.0168776028218574,4.73065445170547e-05,0.000326225543979234,0.000696619596718262,0.000235796133262984,0.000386925002609175,0.000757894295131791,2.62301172428327e-05,0.00314678626520157,0.00267945311054041,0.000201266723130367,0.00144458433149884,0.0131118988092855,1.6829190113999e-05,0.00454242988430633,0.00283912891796278,0.000841417974872957,0.00126315940172621,0.000312887345632812,1.67010769253545e-05,0.000248431689063327,0.000824697282075638,0.00788632930650693,0.0097731537289124,0.00131523543475058,0.00266733871989482,0.000652100412335636,0.000396716219519063,0.00014921936384282,0.00378713755621271,0.0174226905431381,0.00382351198974568,0.00221146236591746,0.000404239156724218,0.000229102640569626,0.00234598448053756,0.0190019771044435,0.00107413470757799,0.004487875327461,0.00472946608765422,0.00202395860564158,0.0102451984011225,0.00060467492973395,0.0109004815692788,0.0067736466483886,0.067515247309114,0.000346802160213857,0.000976170214140242,9.34872185881031e-05
87.5,8.04371650465111e-05,0.00734499121833791,0.00011405662661056,0.00134133337306962,0.000173036015415113,0.00375921769893582,0.000760540524264411,0.000457808213393024,0.000105521936627631,0.00775819195532136,0.00250318279606283,0.0133848837988705,0.00173003976790914,0.134077620773356,0.00212683065581662,0.00121012911698401,4.2481083762608e-05,0.000106076071392674,0.000724154882444856,0.000512251528219439,0.000801747897239049,0.000595028803167235,0.000677453677700547,0.00129527268150057,0.000395255782039237,0.00545470700296158,0.00149656370224868,0.00293900596485501,0.00164854483970097,0.023532773702948,0.00204515120434949,0.00373332544121114,0.000122104223664392,0.00169335234285579,0.000286129192826659,0.000701454641334797,0.000194094472612171,4.91999282135407e-05,0.000141723249066965,0.00234091591807787,0.000747690781493812,0.00696652475645215,0.000881903568601176,0.000309375672901643,0.000199829304419614,0.00252114564890063,0.000336576371050032,0.0103628238929989,0.000799218819287522,0.0138014055574171,0.00139248544139629,0.00188080758252326,0.00116388861333988,0.0111855004049675,0.00272789573694383,0.00967782424831301,0.00448418127704753,0.016818480631296,0.00173665218948275,0.00470627263723455,0.00668531515665386,0.0236099184637306,0.0012239900314206,0.000339547683329978,0.000176810954114807
87.75,0.00152124242706126,0.002643290875716,0.00028658834673026,0.00472214986457296,0.0035244046479936,0.0075550579239067,0.000424510292860744,0.00145404006019252,0.00931663843320188,0.0113247788719461,0.000574914180833987,0.00150750769931309,0.000661010376146951,0.552513435713509,0.00435280310078959,0.000901460061958382,0.000197798358290676,0.00115412693423375,0.00855119722048061,0.00098432614443772,0.00220587575334243,0.00234180929297732,0.00148374225298915,0.00487657860779322,0.00550182528510031,0.00948670879320169,7.32334157821919e-06,0.0131858076338246,0.00172804036552038,0.000539975057860795,0.00327571048958617,0.000781284346190079,0.00242272676218319,0.00252757381315643,0.00182757243974749,0.00440298940534958,0.000548972687762018,0.00140630433521113,0.00058363127552573,0.00166704149194373,0.00341569533840501,0.00368142275750698,0.000501501929106135,0.00461587167120916,0.000326257881810954,0.00134117878319882,0.000415529534869081,0.000747024103156397,0.00184175973978422,0.0385153440569995,0.00077840818173714,0.000961839898216866,0.000129339196302229,0.00197016053871443,0.00138621468638683,0.00573605507324733,0.00416479635469868,0.00289045604230158,0.00260250059604176,0.00604294526199499,0.0130857501851695,0.0330649024546516,0.00181871572252022,0.000392458067554395,0.00223988068556445
88,0.0074987027389334,0.00526307991539449,0.00229332584718609,0.000650250018621411,5.90922127934217e-05,0.0061087250474734,0.000594728272432876,0.00279609001873632,0.00627794394380924,0.0212193100129422,0.00848669335503577,0.000912925764795721,0.00460901054269817,0.0989255763910093,0.00234699461867044,0.00611994902522649,0.00237225986244264,0.000282844289615318,0.00233074659608151,0.00189440511440115,0.000425395802923307,0.000772085997865455,0.00163154114198114,0.000697292379882833,0.00220769353203734,0.00612807922143082,0.00145373188452054,0.00358662806260358,0.00402706085775424,0.00109160000051158,0.00302133575143033,0.00195199059281447,0.00057243297725757,0.000191895423635794,0.000788458632113041,0.00156384977298013,0.000316690284223732,0.00113560298715312,0.00279770310236026,0.00248096833831463,0.000303658064083048,0.00453880521560651,0.000532839372833159,0.00380717779032967,0.00135085626485301,0.00219229951496836,0.00339020504961745,0.00138332546782381,0.00503170990206123,0.0117586060620335,0.000553646307320261,0.00164104126465447,0.00798618273950368,0.00294859627871112,0.00329992766410871,0.00959401241025432,0.00143769894628017,0.0213343500220515,0.00302422366025181,0.019021328881817,0.00295399726651578,0.0418202992218779,0.00147955967537752,0.00245324969066822,0.000216182477210063
88.25,0.00321702866860742,0.00491380154893986,0.00123685312264934,0.00568706252851849,0.00042751721248302,0.00272893060080935,9.96803717700319e-05,0.0050090950389306,0.00547206122984044,0.00397947859638315,0.00147083023202181,0.00185049581960409,0.00397930439762248,0.513241269013137,0.000397477621760377,0.00349801974019077,0.000273788634225643,1.54210611445927e-05,0.000782886444252636,0.00268137816578919,0.000848686205488113,0.000453977184506879,0.000417808241092207,0.000540075082890245,0.00035976682108476,0.000221632747522908,0.000788970647108604,0.00762703546721926,0.00358585687214683,0.00644751377189041,0.00557880064083154,0.00184132519787909,0.00112481143346014,0.00215028168434921,0.00182095893059943,0.000590784057406111,0.000515457768891577,0.00107114938600316,0.000910088970544444,0.00178002505104033,0.000721863727188478,3.5945360262294e-05,0.000300470909802711,0.00216777679784484,7.14800663636226e-06,0.00178855722220644,0.00051995475559172,0.00287543693654644,0.000962090804459169,0.0135033928804039,0.000331393646705599,0.00445613918684493,0.00513040930280518,0.006748940477017,0.00179871755623873,0.00058277155156191,0.000368373869836805,0.00870597927240863,0.000728477336472196,0.00454407166109136,0.00238160894374268,0.0145073494585446,0.000448921917464141,0.000737567315025888,0.000486130638849977
88.5,9.19497289571584e-05,0.00469173549562166,0.000590896152585952,0.00419920087950446,0.000109812997221341,0.00257325108029914,0.000394207856166929,0.00139509741704018,0.00151908677000996,0.00171533890493113,0.00154051970057741,0.00546102550582817,0.000807288352342928,0.725250064555506,0.00156100116533765,0.00147673654320326,0.00106865659790318,0.00105120320599379,0.0014684396988549,0.000325506478344105,0.000229735297748424,0.000154592460660821,0.000587915214701913,0.00143186517588315,0.00136964910651442,0.00231889687916219,0.000288627367179867,0.00847985373910951,0.00046864138619203,0.009241104696311,0.00012388291608962,0.00288939989862926,0.000302518789570758,0.000851890354295495,0.000193013606026892,0.000608353627909671,3.65368581014321e-05,0.000408044015564448,0.000500519092414001,0.000826577676566715,2.42186277375316e-05,0.00103847199364394,0.000488105331602801,0.00263605890710212,0.00173204811956864,0.00068997227778266,0.000453557170721965,0.00463171321593924,0.00130210416165564,0.0227733414603013,0.0012769257343109,0.00134543224853026,0.0040653947578627,0.00591574620659702,0.000886189058783873,0.00128336099468131,0.00236637818153775,0.00778466166170788,0.00263206628337229,0.00180819489072201,0.000587650625815298,0.0053836265871468,0.000479630292335917,0.000919572897078446,0.000403201319006112
88.75,0.00288435634934961,0.00548725186960834,0.000282904062860991,0.0035146224407228,3.34566503511577e-06,3.9955750831276e-05,0.000765986337471466,0.000206732777133819,0.0034294053321231,0.00415705209119147,0.000107714850065738,0.00330932068792642,0.000987719804646263,0.0108047220614391,0.00308771119508982,0.0014401891473019,0.0072940474669321,0.000530965597229312,0.00110895934426106,0.000205795098862036,7.34292840717945e-05,2.30980497451321e-05,2.54393396996942e-05,0.000231832861724757,0.00112442960087837,0.00420006283144037,0.00108892746728402,0.00121280712954796,0.000382721443423145,0.0118608704077504,0.00262215835451865,0.000301769126251576,0.000793227367061522,4.73567076361823e-05,0.000507508239094671,0.000427225190743829,0.000283568666335048,0.0004704946617569,0.00150966918858781,0.00799407841630025,0.000365126818254154,0.000730072055303997,0.00123740722333304,0.000291231012733386,0.000199222831443018,0.000830461932376348,0.000174050166620136,0.00567094802410682,0.000155538526337217,0.00237669483878244,0.000933725678393338,0.000657796719141347,0.00156027067881665,0.00634148449347401,0.00107581409459565,0.00603928779384671,0.00295682772774339,0.015043046715782,0.00499768600178659,0.000314420120759639,0.00594138614977269,0.0089742293514059,0.000802200074412673,0.00105374710419144,0.000160681564362514
89,6.46544308574446e-06,6.51790597424824e-05,0.000624857959874602,0.00120747712364405,0.000498581977654243,0.00447769700336317,0.000663667605253878,0.00134331835394522,0.00279519321001073,0.00534777150236549,0.000887824637495633,0.000441206263258014,0.00163469887196105,0.514856053129018,0.00227430746099418,0.00383263297527622,0.000172847759028,0.00103974165919544,0.000516565814842234,0.000551709461644033,0.00230458493090104,0.0014934902169883,0.000121509033133075,0.00219265770719553,0.0011336184719468,0.00509167415406655,0.000323729918309172,0.00840117898551659,0.0016282079913868,0.000239089342689928,0.00259210874084016,0.00188163393171362,0.00163817477888966,0.000614213204247975,0.000840624413248822,0.00084858153645658,0.000568423879285019,0.000626283865674575,6.95840256664803e-05,2.74202100206096e-05,0.00233320710579524,0.00332414593524576,9.26847374895709e-05,0.00263549105119414,0.000466416813447054,0.000535829460116813,0.00211554622743767,3.91962489045316e-05,0.00127927969124261,0.0287487321575007,0.00132580790361804,0.00028650098516372,0.000277843012076561,0.000110772068900762,0.000514946795375117,0.00403799215725392,0.00208983073141639,0.0136748840602256,0.00217233702831201,0.00149258052299985,0.000688299082908986,0.00738378808969124,0.000632835264413971,0.000364686833468347,0.00191716367253424
89.25,0.00954030612396179,0.00046824615596482,0.0030343415785908,0.00249418680823645,0.000532954131781538,0.00288829391340794,0.000785877823023363,0.00232345053776262,0.00164607663907407,0.00188372893854684,0.0074359408803039,0.000679682136271136,0.00404476706672267,0.080534457721147,0.00172750664905033,0.00350385593903411,0.00340608996811438,0.000742129609651496,0.000561147433935143,0.0032271549851116,0.000658105035692843,0.00024063101126958,0.000671257742417019,0.00152080155630014,0.00524864834569263,0.00193432895762935,0.000677451340013077,0.00370747297142281,0.00542317210465431,0.000493404141367609,0.00285056292708652,0.00201999824784425,0.000693073921882294,0.00056098824270667,0.0011953228617908,0.00143942993694305,0.000480569669384109,0.00115363192325312,0.00336112020962926,0.00444375502292366,0.00173105723315172,0.000717727686808201,0.000620113430899546,0.00286025545453501,0.00104242636284313,0.00137594018153393,0.00638876658084314,0.0031398764289256,0.00308295847529055,0.00731747815105859,0.000112029427111337,0.00105535740785717,0.0131384339896268,0.00243587852035328,0.00528733771774614,0.000348944646207195,0.00144632757977239,0.00292078425707084,0.00115801520495653,0.00305680642076856,9.50965313237265e-05,0.02949303607417,0.00173190011683566,0.00150235508415239,0.000476485703646816
89.5,0.00191985031006573,0.00294955576417828,0.000542527131121728,0.000835694898089087,1.0074819230842e-05,0.00154242243680205,0.00409089251974435,0.00182603915771549,0.00343399895137666,0.00978296383037896,0.00153550805482343,0.00176080152405567,0.0064844470558608,0.240993404003953,0.00217628261770046,0.00103815588892011,0.00760670884778938,0.00185017124816813,0.000576953237043934,0.00317927519692717,0.00215633093780108,0.000690480317362144,0.00220672664929263,0.00118755515665751,0.00128266543810637,0.00198312285173262,0.00122532395972424,0.00258388713434099,0.00393001782552901,0.0234504739838929,0.00400232518421776,0.00135536319780845,0.00118417908377619,0.000216195549817167,0.000308623726384373,0.00164852620444167,0.00266464166034273,0.0015834929614481,0.00149040219645355,0.00175944458204614,0.000327403910952458,0.000191348300765244,0.000578397433991207,0.00142770431264976,0.0047385258498832,0.00418807126539025,0.000260476831194628,0.000909499026327697,0.00257814234393234,0.00633611669389565,0.00223847418308421,0.000394770607810449,0.00325311535614022,0.00303290100712528,0.00274538362809935,0.00356178043660382,0.00142054197872887,0.0177590671342081,0.0064105481849244,0.00222828764458698,0.000201227481253813,0.0046796453219229,0.00197078661627437,0.00370195170760704,0.0017977975205621
89.75,0.00126629910264837,0.00290013618485555,0.000775470801116821,0.00220139403048898,0.000220492206491148,0.00317377427770799,0.000768803483667216,0.000206512858332201,0.00305436814586407,0.000548489829804494,0.000377080065041332,0.00152394757095413,0.000404471966781486,0.0872696194730187,0.000676072627980903,0.000993025045419996,0.00259721331959094,0.000119407212730873,0.0010222981238353,0.00104557949484573,0.000172125872641492,0.000666780507582035,0.000387342231496754,0.00154616148094584,0.00022198221605626,0.00216593343340716,0.000557308550123234,0.00494667455439944,9.02837199022564e-05,0.0023251376306317,0.00216996738049543,0.000492268299596188,6.40228468190776e-05,0.000229531621517828,1.82909299382516e-05,0.00170367573609236,0.000416914255693399,0.00026513403473572,0.000991130109538856,0.00384786491156883,0.000378808814841499,0.000826573050457291,0.000709757787596431,0.000867651730758123,0.00100892228662452,0.000239870545029971,0.000526999572046787,0.00247242260311732,0.000123464906355595,0.00876500948434759,0.00202923760271827,0.000764788818881266,0.00117272942926666,0.00349234704139529,4.904650782084e-05,0.00163511720457744,0.00322280035865433,0.00754436572036189,0.00282604469218571,0.000319331660365652,0.0035427729602206,0.000738958479335798,0.000976753019387369,0.000116616985584745,0.000234602391344069
90,0.00678984026322696,0.00263578716102433,0.00205171323766146,0.00890078621156152,0.000600207083704651,0.00406814007713908,0.000726380456644146,0.00101556008862751,0.00563158943491149,0.0162262528622598,0.0030600824916756,0.00246314344262236,0.00010210203322049,0.0908811734690314,0.00388921884295164,0.00589218322758077,0.00896793740258505,0.00169963114386238,0.00105490583326099,0.000875352090828604,0.00260761692897824,0.00281269664352458,7.83938704713074e-05,0.000479260373767141,0.00374814056222812,0.00227850649959939,0.000342302410344432,0.00235004813092835,0.00107704572356711,0.00434045189061769,0.00669160632259464,0.00608305219362069,0.00317857921267624,0.003464928437378,0.00115319236813441,0.00093945481710648,0.00124500339485732,1.9887947166951e-05,0.00389183055777072,0.00255464992772445,0.000836690669183246,0.000788168516851561,0.000495503385829852,0.000503242194832599,0.00155938281483239,0.004951621233508,0.0037656350319766,0.00222103939755036,0.00015090780207988,0.00898239192447271,0.00226751252004284,0.00104314910594548,0.00685736212463338,0.00156482462630086,0.00244479168927717,0.00253877954758456,0.00701566563765385,0.011663361782615,0.00334132086007148,0.014923193872106,0.0107075078064976,0.0308469748947581,0.000419694517818814,0.0016801434663051,0.00264210294214298
90.25,0.00363556689302209,0.00557530222423883,0.000204203803167307,0.00391312331584132,0.000617839578021114,0.00427989647436644,0.000300168510614467,0.0022225890611721,0.00117600099116477,0.00201514945841658,0.00805881091729664,0.0136772802655124,0.00503525826832405,0.148809181900958,0.0018779561951142,0.00321829308054503,0.000223057953807343,0.000123370701262457,0.00136748295886424,0.0017560125035117,0.000450660422509552,0.00261255533466689,0.000133325478823055,0.00199812671950865,0.00561753405840644,0.0138252263590516,0.001942079220707,0.00854408104109545,0.0111307761471692,0.0109940796899234,0.00481273268223964,0.00456397623821612,0.000975378072268752,0.00204711603378903,7.85699829124096e-06,0.00118760437536908,0.000318690520743998,0.000491859013687156,0.000659094026423758,0.00321317617056839,0.00201737909730445,0.00615206020653528,0.000120994180995902,0.00512282829536277,0.000417805326080524,0.00220873305834071,0.00607363774642531,0.0113899776115666,0.00194836258827593,0.0279542169772899,0.00145831291487942,0.00127937546656291,0.00550131274066105,0.0122129086265177,0.00662785664685472,0.0206768596268857,0.00461689762612701,0.00679604574804622,0.000979634158293977,0.00488228205895956,0.00808011297665036,0.0293201944095124,0.000937491813216127,0.000501955691925232,0.000488036978578196
90.5,0.00210039503446724,0.00161593040691073,0.000529542555753239,0.00529850493908533,4.99774430192615e-05,0.000657858265423611,0.000624172363893246,0.0013583310643725,0.00117358994624524,0.00269034115862638,0.00110875393865944,0.00117781527636701,0.00538106588858655,0.039259631064686,0.00393729732020193,0.000946007088078157,7.50405765948408e-05,0.000522705877440732,0.00177162624469178,0.00037004630485345,0.00051963287605807,0.000973233739163084,0.000123648163788668,0.000425610611367392,0.00182538341604521,0.000321778400018815,0.00352168701115302,0.000142648475576138,0.00199883441414944,0.00260804742272313,0.00952149121635721,0.00469010035213374,0.000192058972618391,0.000823937876635024,0.00057216085748187,0.0018521231409687,7.12344389052535e-05,0.000795827184420139,0.000674636429561556,0.000463451415070882,0.000461150911449649,0.00112630722373949,0.000254787733328145,0.000311920274520626,0.000368132641157363,0.00327830930025349,0.000153562547068623,0.00258588093836331,0.00277445677977489,0.00131145411312933,0.00154612912737271,0.00365818112746229,0.00560236629932597,0.00219423276104219,0.00144570882891272,0.000526853438432395,0.00467278558436933,0.000271076419530759,0.00295237989651113,0.00294112200680043,0.00162825654006857,0.00658425831017542,0.000176549190813215,0.000676785460618346,0.000964420603707481
90.75,0.000699737749732508,0.000692113500409382,0.00232417729321972,0.000583955776169547,0.000215523996372232,0.00227847388600683,0.000165491558806468,0.000790830646661467,0.0036942202660961,0.00524915872910243,0.00062760728605003,0.00863310305622143,0.000247055845158256,0.156378428840088,0.000304315147243062,0.00167583038100203,0.000366726003318182,5.44294469329795e-05,0.000423932563359568,0.000161785381371188,0.000357900455263711,0.00193664753259638,0.000150907803819065,0.00131230642415923,0.000252209955905227,0.00468683987008895,0.000151235043573581,0.00182424112030844,0.00172111636716664,0.00158294114491885,3.90669039442094e-05,0.00442548218137589,0.000674480939292265,0.000955071063185623,0.000470781010212156,0.00136930040887444,0.000257998618047028,0.000186198248798334,0.000965934974792518,0.00137724453792837,0.000456591669006058,0.00317531289967316,0.0012347921585753,0.00151003092507389,0.00213030565707179,0.0020893870783207,0.000704269543611894,0.00350975281214071,0.000485431837718568,0.0082122156287373,0.000518617850479788,2.06009884967421e-05,4.70052256238767e-05,0.00180621336041871,0.000293266256182911,0.00994125470475577,0.000814168198647489,0.000132891453953834,0.00257707500457311,0.0014162254639007,0.000271146955313637,0.0149234145223838,0.000151936514902438,0.0013976128051134,0.000219285611907506
91,0.00686892927846962,0.00247620848231534,0.00108712925121559,0.00677431882680361,0.000750259134564836,0.00026544402899099,0.000478107339659439,0.000197014715273532,0.000584621978777419,0.00237641172354317,0.00894657030935581,0.0116211129058791,0.00151760523011473,0.0272747412743699,0.000987485066622367,3.80940506750386e-05,0.000157588092286382,0.000132090526103028,0.000295445608594872,0.000469701354337877,0.000205272129207689,0.000243129104340405,0.000591167867618791,8.85624380610119e-05,0.00302499318650423,0.00188140699934766,0.000974172539686454,0.000838146435360567,0.0111486147551821,0.00764957461682,0.00132452315579052,0.00137622820293732,0.000521174908847952,0.00016275392137822,0.000973238812341542,1.84431012078813e-05,3.20410972727073e-05,0.000602485620529915,0.0014821749178551,0.00444895630616483,0.00113605208816612,0.000987225201838145,0.00132824636273293,1.94526617127295e-05,6.46524428114665e-05,0.000358958042066485,0.00539799166467038,0.0109205108509509,0.00203649174507655,0.00202864251995116,0.000327174068505436,0.00073797466667382,0.0143511167550336,0.00957389301315449,0.00261943882819263,0.00602641857243879,0.000528081343163224,0.00211185722190036,0.00042589414643171,0.00260085720223614,0.00115968129001255,0.0175368989991105,0.000242810623817782,1.64497503146942e-05,0.0003844740808481
91.25,0.000343330801599938,0.0076708567691468,0.000284332265304799,0.00468971357193994,0.000839861433795364,0.00195546179575265,0.00054751931327461,3.19993025361255e-06,0.00519749786878468,0.00569857981796213,0.00159850497048608,0.00201983818615685,0.00520367443406911,0.319017286564453,0.00230560883641613,0.00267922574670991,0.00209433034666578,0.000216197198116435,0.00147115447814558,0.000218869787383994,0.000532783070957024,0.000957167508504723,0.000202553094665831,0.000371342584651886,0.00109654595879517,0.00132705834295277,0.00247582044885304,0.00016195130032317,0.0047745213624217,0.0055069341543052,0.00871316112365224,0.000228566019721522,0.000255478437059492,0.000859185253820244,0.000952018274683119,0.00195454746076761,0.00142682395722563,4.7337291884546e-05,0.000540766029787892,0.00989624484322235,0.00250600707973318,0.000427959618206248,0.00170548976810355,0.00039442626866321,0.000502053911574132,0.00038580972385852,0.00211078555829503,0.00353467351398145,0.00369588164399445,0.0031930278880875,0.00232791820460537,0.000617077187228053,0.00603263902508956,0.00706589125267951,0.00193924481775437,0.00140507732645745,0.00954676453842897,0.00882780441374782,0.00215838140416768,0.0047874329434058,0.00570213732085417,0.0234257561143877,0.000830471879429339,0.000718682883788368,0.000856266187782223
91.5,0.000243770326802842,0.00275397440692316,0.000996118564335614,0.00403382626860325,0.00162172245702002,0.000300291821949947,0.000597466230092112,0.000399677589993169,0.00343935051092385,0.00268945793201317,0.00529613986682011,0.00380167895910796,0.000784625209765694,0.0682434981348598,0.00669238035916855,0.00710321738990174,0.00102438066943745,0.000174070297287833,0.00121386740722924,0.000232160676383275,0.00219612688168702,0.00278031843308416,0.00135514477130619,0.000692849744028666,0.00138198094675012,0.000176317039308212,0.000702498265457863,1.40288053639357e-05,0.00103295061018559,0.000743402394495477,0.00512693633201511,0.00261640862219092,0.00254458674240116,0.00177461042440816,0.00257786792980281,0.00202009835616665,0.0024692854419998,0.000162178267257448,0.000184846875259896,0.00928420397619315,0.00186278248635291,0.00510399914176447,0.00162216738195751,0.000503076448869266,0.000753206635682174,4.75114234701634e-05,0.00123324975845861,0.00155051556325025,0.000308648620965927,0.000839118468995158,0.000553315707491914,0.00103794308912159,0.00376183876454514,0.00475257095517341,0.00226435363422774,0.00343963491056471,0.00655919220863121,0.0215051797433311,0.00198319126237742,0.00926988795853832,0.0167835164384017,0.0566440761033815,0.0012061170236839,0.000331143082481085,0.00228523794325099
91.75,0.00367295159067214,0.00156785285407681,0.000235640404749643,0.00163912596637322,0.000462673103956764,0.000243558448312601,0.000196350028494795,0.000194529421095507,0.000295386225569189,0.00158919897678424,0.00887707919335732,0.00733935248772084,0.00749922939638112,0.375805305955501,0.00392248295076301,0.00095379186810813,0.00424131384759967,0.000315024657909263,0.00137727311718173,0.000120637042229323,7.66380385449374e-07,0.0016315173961136,9.06674266297127e-05,5.76339832934519e-05,0.00171993805436777,0.00220019927074186,0.0021856957824158,0.000858723752045368,0.0102396945682705,0.0113763262283441,0.00387197219689552,0.000403002276636059,0.00131642439249732,0.000705721027804227,3.46627190205118e-05,0.000479414318083496,0.000251436080023352,0.000303736473894971,0.00111147355987155,0.000933755595934642,0.001471907640308,0.00301551127517832,0.000762683902778072,0.000182511174282885,0.000311120943533716,7.75363641295667e-06,0.00606174008136069,0.00319161482763445,0.00304275927488362,0.0023508953562618,0.000211535084767725,0.00196350026592271,0.0105802531387697,0.00400594850614845,0.00868714034165338,0.00404520253574016,0.00273873327507676,0.00268894118468932,0.000435133120640373,0.000725035210653934,0.00426350489586033,0.00619730939348222,0.000327094853567803,9.76755547358081e-05,0.000352184541569721
92,0.00193931344545764,0.00148329153784595,0.00152218603599424,0.000119881514653488,0.0001907810550752,0.00221228369536109,0.000404923751832649,0.00117722583045348,0.00027471109039202,0.00241409805085335,0.00229808256324091,0.0015209713764751,0.00357087282542027,0.0603701311962316,0.00261379799220719,0.000867169866100699,0.00160658266378753,0.000329193272043719,0.000703768055437689,0.0013793927242363,0.000401976828528314,0.000144507847351369,3.18664691012652e-05,5.48117962652105e-05,0.00191800977987153,0.000392181899457088,0.00228809584334408,0.00362047549126302,0.00168092818220122,0.00115380860159782,0.00717547477018928,0.00377031914138617,0.000510963112918716,0.000196545122807375,0.000348818093263513,0.000206163037382013,7.66069313203792e-05,0.000197613483320926,0.0010958523031693,0.00604958460474874,0.000993798041957087,0.000566254322521008,0.000513421539798277,0.00179322908670391,0.000110384509881228,0.000537074042813169,0.00069830276672686,0.000131285723353619,0.000785682999184435,0.00423249586584899,0.00199143279076937,0.00105035438200572,0.00457795504320514,0.000330033950525499,0.00169000646550475,0.00102531616470838,0.00662266067397454,0.00638279731572296,0.000224401014665339,0.00182804083798185,0.00160717029451948,0.00476450115236966,0.00152528441391474,0.000375798966789513,0.00034393302818951
92.25,0.00247646682262758,0.0039572381149924,0.00271384250300273,0.000636433507977604,0.000516981276243627,0.00245113783255512,0.000989714631551502,0.00313740249038887,0.00177180693791306,0.00601642098857786,5.38096357366395e-05,0.00154075656927375,0.00120343235721542,0.63243549211433,0.00279472266187215,0.0123786115460254,0.00280810316579867,0.000369691872383825,0.000201039028387355,0.000213999561762491,0.000909299738963996,0.000730257219036484,0.000189731735836281,0.00117944731917518,0.000315452892117779,0.000158563846731959,0.00207986224995202,0.00930981946425399,0.00122886495783337,0.00484018299339544,0.00724506399450319,0.00405435129356603,0.000926435111136812,0.00090011870119564,0.000756438062750595,0.000767918374437679,0.00134113947133948,0.000255684974866728,0.00211303571874526,0.00273679733640566,0.00114744577119559,0.000322952272094544,0.000541057949124015,0.00208959883960542,0.00106163661798246,0.00168812852724675,0.00139627822112976,0.00163295824967183,0.000871132797728731,0.0161474972147038,0.00234339606877706,0.00381537722279763,0.000606921952128482,0.00469267102975387,9.37554565083494e-05,0.000183759232985881,0.00382880092189136,0.00958089821517269,0.00277401820151418,0.0120593148552961,0.0100475493023321,0.135142250940887,0.000167930384642349,0.000634321142382258,0.000564081315584766
92.5,0.000609590135224341,0.00156317141700787,0.00111622443619005,0.000171196053978537,0.00251647229793546,0.000301088535159848,0.000354180404546214,0.000142910817528502,0.00347952064866187,0.00910802496651698,0.00235693606323085,0.00245011131117604,0.000202608442896528,0.139451410990302,0.00252065726258808,0.00366456460172676,0.00107316735484611,0.003557733753808,0.0017591539332879,0.00084618940052483,0.00376647299984097,0.00146860997007127,0.000635764375579789,0.00190463652672406,0.00182663072173934,0.00165456137305229,0.000267834350090556,0.00176074498128073,0.00229321271224532,0.00157607317827745,0.000725459147951458,0.000222206073551588,0.00360781816030528,0.00165757362372634,0.00130207460296091,0.0013586707420067,0.000239695988080641,0.000282524460166892,0.00122573404899004,0.00475187180511416,0.00228897648984392,0.0018311240381691,0.000497267460048218,0.000532083708935909,0.00020762768046145,0.00177758494431043,0.00103076524265209,0.000747133508664827,0.00138011934993902,0.00656404846361739,0.000613507120425353,0.00105002766543566,0.000819936347853633,0.0021622840325228,0.00096088132383979,0.00272979937534219,0.00518391739905824,0.0216743426876061,0.00146369904323759,0.00810621120281571,0.0121102826300515,0.0422325688797987,0.00124703191861617,0.000792017760097966,0.00253590690486406
92.75,4.99270185207063e-05,0.0156947663728189,0.000383554656632304,0.00404103661808376,0.00086801012645415,0.0111018922058234,0.00128408266498083,0.0013331369032155,0.00143964386011843,8.04171715520882e-05,0.00441369155544558,0.0126091447548637,0.00623200178170491,0.827891835506121,0.00606651426488619,0.00209152634264814,0.00365869449744762,0.00245882295305752,0.000459634387223006,0.000510298514985133,0.000689742882524883,0.00231514565238141,0.000818789688740548,0.00281021089308805,0.00508661142527638,0.0139543394546078,0.00226337869087749,0.0182442824718291,0.00248451731578602,0.0675680912526368,0.00958478074996825,0.00123985865609656,0.000549434200374761,0.0018319318106054,0.000919669599678487,0.00287509551559184,0.000801221795187475,0.00124019394920312,0.000412386377439287,0.00416024516361165,7.44278740861879e-05,0.00723802762582937,0.000340993459945509,0.00577453280354866,0.0013622824272422,8.72997286146962e-05,0.00305508824646835,0.00955649398369,0.00518808883991923,0.0573352338582934,0.0036596775301021,0.000419836195231426,0.00484259230783258,0.0168320325263005,0.00560476089608554,0.00771668049215038,0.012354622157045,0.00241833649096005,0.00559824540603348,0.00063948784607215,0.00268699111793044,0.00115871241999178,0.00206707664693431,0.000313090804255876,0.00115379859900027
93,0.00247019628357378,2.60011271055385e-05,0.00116728940685539,0.000337656658989864,0.000600119224880004,0.00391779582888543,9.36809956109217e-05,0.000430609007909617,0.00224029046495108,0.0105058407097585,0.00267950621709113,0.00230914849160008,0.000835085039172025,0.329575675668138,0.00298481275337311,0.00172351993448513,0.00436231599250936,6.40556994792213e-05,0.000151472008300296,0.000515038536902536,0.000129698837590053,0.000418853452706069,4.83532963653297e-05,2.93371526876038e-05,0.00194322535070129,0.00506890688538907,0.00124470186143108,0.00460688343633276,0.00295984607788314,0.0101220303026885,0.0036658800494023,0.00193249285750837,0.00050679903074223,0.000111730857032695,0.000108760081774313,0.00167383572399164,0.000257457764507563,1.83315452988681e-06,0.00192495374589364,0.00145403919609217,0.000452207312310304,0.00368618042025473,0.000845876208497859,0.00209573013802889,2.38867737243478e-05,0.00108495954279005,0.00172932121286959,0.00385776819792964,0.0011262166985646,0.0177767785747223,0.000266289333485775,5.77193703254675e-05,0.00658194409522822,0.00168342278494824,0.00179961917018748,0.00477348671534076,0.00291737422060608,0.00973764676711459,0.00101327882138774,0.00347706780872109,0.00041649899929046,0.0162272450054162,0.000895349016724458,0.000363564309238974,0.00017823440543968
93.25,0.00295535846434888,0.000257022916350778,0.000780946203538856,0.00344007798832138,0.000707484666164603,0.000388986052669932,0.000656381957194042,0.000657921865043619,0.000856665157109402,0.00198544728398865,0.00111975271246572,0.002607854118434,0.000430302232289976,0.0856523931560236,0.000304064428307483,0.00296930457101856,0.00128768747661501,0.00180943893012749,0.00345136545607663,0.00151311573100884,0.00123106618548098,0.00075358744850765,0.000950707967686655,8.73513417704375e-05,0.000356547968337638,0.00235000085125052,0.00152873154898106,0.00325678566780689,0.00179438777957429,0.00184794408032732,0.00347803991948599,0.00179213656274691,0.000508779393808664,0.00137155227505421,0.000351000698208335,0.00117387575766492,0.000538768759108428,0.000150267272572577,0.00113594954210263,0.000692578651374003,0.000260865196624937,0.00026303151502302,0.00050748874853964,5.99557498391993e-06,0.000226789061802609,0.000873900430186767,0.00046351756550874,0.0020758357300491,0.000423558319443771,0.00323902334736342,0.000347768052166819,0.000631924402205707,0.00180632575352585,0.000279827686428384,7.4140601011357e-05,0.00237299774967639,0.00222161499920142,0.00952946885951121,0.000202907853425536,0.00292601619693935,0.000981577857010219,0.0267214938084782,0.000313463114515405,0.000285271162288797,0.00169316943165129
93.5,0.00141405380447322,0.00146952379678119,0.00144197974689516,0.00165889932184759,0.000322739292864402,0.0016418992102897,0.000187596306258233,9.69279873494447e-06,0.000660830200936977,0.000362530316968237,0.00581397474495208,5.93942972063313e-05,0.00269149925691771,0.155718438884721,0.000512333623759147,0.00309367229068136,0.00105694298444476,8.3469322774804e-05,0.000515514054576861,4.01089032926436e-05,0.000585116920242818,0.00166475263127479,0.00136582814351147,0.000454345135221029,0.00253461332377197,0.00136671185321905,0.00136255326729958,0.000892252488301251,0.00257171083996222,4.76191989515363e-05,0.00141192154679958,0.00249486458142954,0.00020394961158486,0.000314736529749698,0.000598708356808322,0.0012351942260961,0.000442975199339653,0.000193486528101317,0.00144968634708832,0.00050424428027395,6.33756973108605e-05,0.0016447442343955,0.000116045234238679,0.000878823470630421,0.000461609864639453,0.000435903586999551,0.00280701600670746,0.00087057970445565,0.00205558374552238,0.000971091996994747,6.57074296086956e-05,0.000163578862645424,0.00360819814963338,0.000155985319055796,0.00317257606495961,0.00160678892294814,0.000369638636926296,5.06177408926257e-05,0.000212530882419379,0.00122204434730926,0.000157619393106281,0.0155475796615791,0.000659003001816116,0.000978055344153165,0.00114954943462452
93.75,0.00358827416641034,0.00260108144886707,0.00255724584052611,0.000483925780268128,0.000170943621314904,0.00223461753449937,2.59247132101682e-05,0.000237508326624875,0.00253590138190399,0.00711164468541866,0.00234097677202351,0.00252367256135489,0.000998529995406447,0.0846390763050206,0.00152547394825669,0.000676830727085025,0.000361677053283186,0.000654642343827841,0.000909690909585485,8.03227647730183e-05,0.00250624255719163,0.00140574016281672,4.92997678385027e-06,7.50476376921666e-05,0.00326546824216386,0.000814746101770714,0.000567272611928751,0.00259992264294367,0.0024558378397641,0.000706974405848792,0.00279934975440316,0.00063419486018222,0.00102351660528081,0.00151381215012032,0.000429522772997806,0.000927256344870616,0.000265274082455236,0.000108185473223007,0.000715280166935237,0.000707948646814895,0.00372410278105129,0.00171885883986168,0.000222208538668586,0.000993577426409049,0.000254432481763843,0.00193268090123473,0.00102304430984202,0.00088332856511268,0.000537950246509227,0.0056894633658241,0.000980288597779696,0.000933968446087683,0.00626568998460959,0.00354363050791603,0.00256294087404937,0.000224966998988031,0.00255806074070382,0.00256700208182268,0.00283185403470325,0.00331337711965037,0.00146202901839136,0.00718424922633957,0.00100843743628013,0.000550312760157007,0.00232574824861593
94,0.00147683452780884,1.96499678301865e-05,0.00185314626647053,0.000284809441930173,0.00301931876708464,0.00102767096306719,0.000762084305280487,0.000127535415129105,0.00132004669700474,0.00416246739966538,0.0140279413774252,0.00252339307906102,0.00515962864518378,0.248206278817655,0.000767367078486761,0.0198664100622082,0.00319149638314902,0.00419484953842936,6.32033143885302e-06,0.000170020982240308,0.00272564981807673,0.00100844994372998,0.000424682865863169,0.000657814351013417,0.00446380926968235,0.00089133569275113,0.00120729253654335,0.00359549437543584,0.0206117839010628,0.0129549078436226,0.00234211542857496,0.00548203663459013,0.00279748280186133,0.00106241706672003,0.00244298099650928,5.84808324522786e-05,0.000383427777051247,0.000273952200858302,0.00260098844283133,0.00267694317925947,0.00267889439458815,0.000690961097569341,0.00152278030164697,0.00121869684658962,0.000550483023302219,0.00207810136545298,0.00946394116622395,0.000492200828804073,0.00220083063458521,0.0081269045014945,5.05714281337399e-05,0.00664934607982502,0.00853783517160871,0.000819064116452067,0.00854847321924127,0.00640352729760201,0.00114707094120104,0.0154570034444811,0.000714007324033776,0.0162806052370319,0.000981334945222706,0.0712910453212237,0.00234141707142453,3.94971115280847e-05,0.00170455317020015
94.25,0.00212073704952058,0.000914217090163657,0.00261700821327902,0.000292825385090362,0.000500367981391548,0.00255739209864149,0.000263041298742355,0.00181667239578797,3.71479206528713e-05,0.00557421134459365,0.000417375091772487,0.00103139577086496,0.000285524765630884,0.106649186081886,0.00206877187669342,0.0073052024378164,0.000591238739722818,0.000637837896788505,7.32098832673267e-05,8.3286912039178e-06,0.00059215872025705,0.000369976287795068,0.00047411543489826,0.000628431966710781,0.00333197224877215,0.00463580778661609,0.00140418874437397,0.00670890890900273,0.00239549439958258,5.34059067427998e-05,0.000729263690693605,0.0040140436584516,0.00131934368857884,0.00049664151791302,0.000182227277633458,0.00024545243719042,0.00170521746167179,0.00104668237355509,0.00172282686028956,0.00102041505216031,0.00105223341315433,0.00106052597433029,0.000790495817766054,0.00271389758688887,0.00027104210541098,0.00613140397100302,0.00455072386452463,0.00155359180956819,0.000114693824563478,0.00957779856113218,0.00104990839517136,0.00537432642370735,0.00104795371347893,0.000781012695997968,0.00160788701514192,0.00203860837711582,0.000944804147480812,0.00343281909314436,0.000977924689396085,0.0117968066902936,0.0015871997226893,0.0356255239661349,0.000638640825823533,0.000487288124934255,0.000423315263941978
94.5,0.0012827541348208,0.00308189374694523,9.9011983596252e-05,0.00564189591515581,0.000415119758175039,0.00033321089710059,0.00224011877864066,0.000612832125210679,0.00528172786980896,0.00225852855423732,0.00462097123883775,0.00258271158767393,0.00216098185929085,0.285868239369161,0.00290724345132636,0.00139523322991067,0.000354117628282992,6.3826388350785e-05,0.000889232757975325,0.000426483164681374,0.00121864612811103,0.000112599674795656,1.15897864307812e-05,0.000501556921672951,0.00260243897486123,0.00185868315081895,0.000860453034686707,0.00219369329429666,0.00490327812012588,0.00735724048428974,0.00333920093804903,0.00138009778278468,1.87582113739641e-05,0.000251104543848187,0.000363153696425328,0.000136634154748271,0.000520458234792236,0.000140525858649395,2.49357574055134e-05,0.0124771667945981,0.000325171949259181,4.70392807267753e-05,0.00140108515589514,0.00131515545609629,0.00133938298386031,0.000538715447194341,6.47168964170851e-05,0.00193470489854155,0.000646621765698147,0.00352813287583885,0.000282031927059009,0.000517432394204055,0.00130722082219591,0.00565203042750214,0.00384025626273047,0.00561569027037221,0.0076136767979435,0.00403544648907833,0.00286530323248192,0.00117144709515413,0.00467154061019899,0.00715603342935878,0.000592271211001434,0.00126311384717709,2.0040568443821e-05
94.75,0.00054907344802535,0.00129606774464975,0.000789290914437611,0.00170112737495821,0.000127308472316718,0.000402891926250412,0.000312115974009527,0.00200045133002407,0.000898128142677493,0.00423297635827739,0.00296412562647862,0.00183157721328076,0.00279777900499395,0.0424064573417567,3.23334298499499e-05,0.00852633378621763,0.00108470955533279,0.000594254885598492,0.000750021247710108,0.00186174207876919,0.000432656855966051,0.000292075577495312,0.000361197548278989,0.000898436408794735,0.000660271864259744,5.6417707336347e-05,0.00024278307638542,0.00308305597452827,0.00422939936564101,0.00503594635496776,0.00442874889790214,0.000713589796934325,0.000390348367582096,0.00115950842665357,0.00101577947359976,0.00068082841159456,9.01069733050609e-05,0.000146370261653503,0.000620927840411252,0.00182709485770855,0.000336118591345623,0.00035150024277182,0.000279141753161964,0.000795672999184302,0.000444311672733475,0.00134464215772989,0.0019402984290047,0.00349184941596428,0.000555160301108408,0.00266503426528843,0.000525588294797889,0.00219770241576524,0.0024148496774339,0.00229747630939009,0.00325252709994588,0.000581336831339543,0.00117266187362268,0.00870899220266118,0.000600505432836138,0.0106649853043916,0.00248071079813102,0.0456488507489583,0.000388253020149626,0.000422140235828949,0.000254512074502
95,0.00300642946126743,0.0042685719097274,0.0016383861244752,0.00162841449203246,0.000170512492882222,0.00173376317265531,0.000644540246097136,0.000842958273678963,0.00368444815388515,0.0125766760558775,0.000890763996645759,0.00292494770029359,0.000566860390870276,0.187091298021006,0.00161867756089302,6.34834109464258e-06,0.00175423991617869,4.87168090682282e-05,0.000118697720073237,0.000796477605432945,0.000244254439357857,0.00097354443288098,0.000747821126063806,0.000639329319755452,0.000800324208055301,0.00619489275530106,0.000744815013323149,0.00502094291759932,0.000472492998582636,0.0147990358580761,0.00165011081230857,0.00209146960976074,5.31141204832969e-05,0.000429673450400394,0.000644570857921454,0.000177967615548673,0.000294270332472251,0.000369408291545704,0.000304168473252203,0.00320303707632889,0.000380567271046509,0.000884527883037431,0.000552745910570648,0.000212023852706332,0.00350679382736728,0.00435182744416576,0.000874736066063014,0.00177870716142236,0.000356319451443246,0.0164368032423258,0.00293006655714624,0.000286714814868995,0.00177395578158268,0.00345367921102177,0.000986048576497468,0.00150714458056496,0.00101182520945319,0.00204164992236209,0.00431952884759458,0.00391004455783702,0.000688798946672895,0.0003304870311677,2.24977588600284e-05,0.0042308785681847,0.000178132437671492
95.25,0.000590581617031907,0.00132494632121674,0.000671449674906773,0.00233611014325413,0.000477656314588605,0.000449229191246401,8.83361470478955e-05,0.000217886515409255,0.00377332160327766,0.00706455794822638,4.63415326931691e-05,0.00109558013223302,0.000330106469391457,0.0132378265703387,0.000644434878048697,0.0013525716785675,0.000418863867472314,0.000538144597158869,0.0035275043197687,0.000380129161267259,0.00065198668793561,0.000439228186641505,0.00030089720030016,0.00139481862929326,0.000434846646362358,0.000260627535712263,0.000558783923804913,0.000201590811309809,0.00135072967993464,0.000660944533567442,0.00219301548531544,9.39028901502925e-05,0.000126162775679046,0.00139551441690494,0.00246438840692086,0.000962034208511255,0.000436780735332526,1.64566691626189e-06,0.000356272918751391,0.000238658199633015,0.000773054172265691,0.00104852513995589,0.000817819777032031,0.000240222945604286,0.000615145227880228,0.00223675492186298,0.00127035166967534,0.000934789185035654,0.00063833083961163,0.00152572799578159,0.000309823605742859,0.000309278967864262,0.000110568157807875,0.00129686184392078,0.000151369366930072,0.00156502471926413,0.000178713669898301,0.0031442267855875,0.0017375085606489,0.00479407316058769,0.00286384086976126,0.0118533605998075,0.00165175133112836,0.000481581284534146,0.00121209705360311
95.5,0.00770812965819875,0.00438604947117357,0.000602575177923202,0.000147355037566369,0.000109533814120965,0.000348331335267005,9.35405003141057e-05,0.000111266356088542,0.00072402777375631,0.000409357595508953,0.0116157040568322,0.00336477441044882,0.0044816030323759,0.335264418377259,0.000853797703677522,0.000972530603828041,0.0012221439786927,0.00130203954136614,0.000271202192312615,0.000166384154459003,0.000408549862981084,0.000906781880006736,7.62052603696853e-05,0.000520270728825526,0.00261095898723921,0.000280440156626327,0.0022293441861615,0.00180040662792059,0.00710433975371777,0.0037722017541351,0.00355103490667997,0.00491817668865958,7.03827537136809e-05,0.0012196213949815,0.000451632417734964,0.00103519364712606,0.000207111838344033,0.000466625348596859,0.00148287512992482,0.00308187232050457,0.000685988557315331,0.00118619274198842,0.000122449147863763,0.000200278810265942,2.73283286907215e-05,0.000427415560085209,0.00495664403937005,0.000655957833362083,0.00293294694629781,0.00465732888379533,0.000240060125236045,0.00221216634230329,0.0148597606676544,0.00428210089093002,0.00525961981914869,0.000240425434915134,0.00127459965810136,0.00412430177426001,0.000166815396424602,0.000841912299430827,1.5649862676005e-05,0.000382129767068386,0.000872682430844172,0.000206017343744206,0.00110343634006093
95.75,0.0037683041380364,0.0043591970048602,0.00424396097828079,0.00191046853513165,0.000139419541086292,0.00275768524030924,0.000111464133633778,0.000969878282078205,0.000221697711925418,0.00268705083941559,0.00209402507118674,0.000266255865233153,0.000531219193016783,0.161795572907662,0.00127143236969374,0.00304186005704262,0.0067172562982979,0.0032613259207037,0.000149180719642379,0.000398962289293184,0.000368741880947273,0.00186591569626064,0.00112884175420896,0.00022294193512832,0.000617206226465781,0.00310149660986943,0.00029802647196693,0.000889290201261241,0.00032585917253799,0.00334547018205017,0.00021776757136719,0.00179277211983198,0.00171568675662128,0.00061248071556992,0.000310200112973795,0.000616334564663698,0.000546440011430596,0.000533345315983042,0.00541007093040051,0.00169919780237737,0.000117554851976279,0.000913464126615267,8.83912108046955e-05,0.000725297090384571,0.000117645641354184,0.000603244836301057,0.000580011119715855,0.00249763978120799,8.14577269338841e-05,0.00544213501151532,0.000312430274147263,0.00373022072925031,0.00180358456434339,0.00223505919539225,0.00193796601610761,0.00317463495031153,0.00191982784794728,0.00229412584996264,0.0009174084233189,0.00594810453031725,0.00479966415353126,0.0230723767456431,0.000786419093235378,0.000271954174366707,0.000975287209375348
96,0.000585903492903506,0.00293901141368609,0.000641056336602048,0.00580067872235604,0.000660002161645778,0.000865870500512717,0.000281605885382585,0.00104573062536787,0.00154919354646109,0.000655632528760686,0.000396203182549252,0.0011747211778103,0.00134288213465609,0.22588475121708,0.00187905784198401,0.00659127189047992,0.00118133041831309,0.000709397640836464,0.00149015058516578,0.000487380893880572,0.000416542267487819,0.000305572267815635,4.01428123091203e-05,0.00189519519579838,0.00112438397932284,0.000793711107903804,1.9623035061896e-05,0.00251119750756855,0.00343630708370284,0.00552028598964073,0.00555822455032069,0.00604554161701215,0.000106859004864298,0.000694237811036889,0.000175875589086517,0.000229717644068834,0.000511428477552851,0.00072354291208432,0.000574777514728154,0.004239980357554,9.05622495430221e-05,8.74423279759099e-05,6.37178645631909e-05,0.00106809058480963,0.00183627008407032,0.00152593443552932,0.000219840146003446,0.00296375829981899,0.000135583096801249,0.00725972243763827,0.000272138319834067,0.000727726161509765,0.000797904232792838,0.0035660466084555,0.000339091998070303,8.9453987916258e-05,0.00364807774755317,0.0104478112668751,0.00170240439855394,0.00492609982901651,8.86840975050281e-05,0.0426154750341551,0.000831044055973861,0.000225324433286302,0.000804206768472189
96.25,0.000723997373620702,0.0012520765874781,0.000461938724846504,0.00304112353999032,0.000968860968169719,0.000508940353362106,0.000817176465968398,0.00125287033767533,0.000532172436249984,0.00154782199129145,0.000132200729597524,0.00226626831101912,0.00152213542147738,0.0624678282064986,0.00279288103104429,0.000298239773146887,0.00164833926251857,0.000104772829030363,0.000550994542454392,0.0014664878145631,7.07572424569333e-05,0.000257945097215027,9.20438856768046e-05,0.000271372727739623,0.000225014243017671,0.000537504578620928,0.00107342272652348,0.0048154333451726,0.00397466058959604,0.000212533557933367,0.00384601661657462,0.0038085110512996,0.000569608710854626,0.000266824729004856,0.000847384486544875,1.52241073385143e-05,0.000511997309727606,0.000161175866103138,0.00096185034506555,0.0100805773133446,0.000594767994812203,0.00046086140156106,0.000573255622245346,0.00051419350062741,0.000534279730591781,0.000404575290629817,0.00111895090544245,0.00210795983881972,0.000781608828115266,0.0075885789043542,0.000655934277940049,0.00174478295948153,0.00208135967806112,0.00149533171113723,0.000542413591430173,0.00288225261517894,0.00875146452590622,0.0130439550205393,0.000915132949937855,0.000599025767306781,0.00234925535567106,0.00242398029553261,0.000137235629459211,0.00030185975930274,3.32717278794291e-05
96.5,0.000861562915035377,0.00363582285015475,0.000660072260934641,0.000747526025721213,0.00117843897313943,0.00250677584175206,0.000816864973407371,0.000168755806918583,0.000283371622490693,0.00211278069862704,0.00488871464770866,0.00453815706849648,0.00473024213185159,0.691062588315915,0.000356855331432436,0.00118016697148052,0.000177850984129911,0.00183971643647324,0.00105087929688777,0.00325850191614436,0.00190038422465253,0.00123048815632996,0.0017546374959173,6.41156497504513e-05,0.00248767515984939,0.000718450038278503,0.000975553957174606,0.00504089318809047,0.00870340588631661,0.0329327269176289,0.00555771606440678,0.000518419070954092,0.00407663738976419,0.00230502601570364,0.00187827906723877,0.00233472959596152,0.00104111221514415,0.00112820111357381,0.000552348139090715,0.00245459172587757,0.0027139590041912,0.00034826407333337,0.00152537373961924,0.00214186486175089,0.000397702285112429,2.52456181954604e-05,0.00351305876499955,0.000713056597253116,0.00398070963013045,0.0097474405368296,0.000330433060530768,9.82398059784534e-05,0.00250220695184086,0.00537258427273034,0.00422273117153806,0.00496758391322198,0.00558175757953887,0.0228384664271298,7.60543035694008e-05,0.00157427432996564,0.00351067893586443,0.0158813714764336,0.00233670668257037,0.000908629071470978,0.0022378543386086
96.75,0.00397208340608702,0.00177567281207584,0.00302965110148573,0.00713469278192675,0.000603944567160617,0.000694747788309383,0.000199228055479067,0.000123628006447527,0.0013533520323783,0.00471501571781732,0.00313148434002885,0.0119289992355132,0.00112519848357139,0.222747604658027,1.92523287447574e-05,0.0014804125805252,0.00019089677387439,0.000172476446066951,0.000238591881390712,0.000294625670721847,0.00100713059230134,0.000129371125131104,0.000112524557923006,0.000680215439562161,0.00180801878540138,0.00628848995109295,1.9737899539e-05,0.0021750122985265,0.00196704138767908,0.00987025744936595,0.00153550990872928,0.0035842880840775,0.000704416714580009,0.000187398400083195,0.000332462151504711,0.000393242681468674,3.36261110959022e-05,0.000106738668839919,0.000949630545476934,0.0107373651991461,0.00120826871774983,0.00186896229345294,0.000315049435690089,3.02696938103227e-05,0.00114208442791156,0.00121628839926828,0.0013673944931654,0.00911456448145436,0.00107148341700506,0.0129398617892082,8.27174107297183e-05,0.000819256253964414,0.00506604630879548,0.00488698205643955,0.00316884103378083,0.00805711331490808,0.0026003427492302,0.00280609959025282,0.00201701483692459,0.00591025524289358,0.000875988356626107,0.0355327359429127,9.77394921194497e-06,0.000814691114606974,0.000171872041936101
97,0.0016821694044891,0.0010544891345273,0.000515872387401377,0.000358982213127967,0.000251376848560196,0.000606656667573041,0.000589862099517051,5.20674589236824e-05,0.000824754126435646,0.00638163834638421,0.0011680634766384,0.0014193880756845,0.000480334304577549,0.00151500344068925,0.00034425372269042,0.0015888048686347,9.31338249877488e-05,0.000906370471784227,0.000417522006958146,0.000195484237469418,0.000459674546630363,0.000142444652158536,0.000120848326003756,9.08030510369618e-05,0.000206986157707614,0.00114476971966295,0.000651508954643483,0.000308393806261333,0.000147040500332811,0.0105155096159116,0.0013014925128125,0.00231285336742033,0.000118373916508589,0.000879874263343208,0.000569830991739067,0.000192839753499726,3.63858797820254e-05,0.000753482673496254,0.0012082858335997,0.00027028911735351,0.000191573116569748,0.000748802503222769,7.83166808920433e-05,7.51003406560081e-05,0.000788249454111302,0.00248684056262262,0.000140790072707361,0.00147346500392423,0.000114271979873714,0.0014736729193447,0.000276139728868715,0.00112709651855436,0.00681960863907242,0.00112518885660628,0.00036566638231199,0.000345961512119215,0.00103783665628679,0.00184088476651785,0.00085084684214946,0.00357642451084525,0.000729445206546289,0.0103449701628603,0.000751735519088466,0.000941790622833556,3.49336942123597e-05
97.25,0.00138862577340504,0.00101975387067914,0.00121379820106437,0.000217574255695106,0.000451176435464047,0.000357785342047533,0.000185373580772678,0.00170608258164275,0.00187066433980912,0.00817201953911166,0.00137563943768923,0.000551410169576134,0.00115577628364284,0.10715846814235,4.47788027475644e-05,0.0059964070339553,5.78913886832476e-05,0.000535628627928242,0.00105485310233877,4.48340301626417e-05,0.000717784618855493,0.00102197846104723,3.24069014429759e-05,0.00083975951409881,0.00143417393483371,0.000317861963429049,0.000110806226970518,0.00429504417785394,0.00181767958135219,0.00599328312022485,0.000111809548863701,0.000208392038353452,9.28279730306378e-05,0.00128581339813236,0.000871579477014531,0.000516261194768013,1.26606397259978e-05,0.000195646548417478,0.000660980045783942,0.00392566192523868,0.00164636952679292,0.000465512214846085,0.000444837972115442,0.000648317525175617,2.12312620070916e-05,0.0019051810498332,0.00259034363522568,0.000424056703829527,0.000897195982174487,0.00375759708218897,0.000305635264208444,0.00235661132946693,0.00125842717970134,0.000704564262053104,0.00199192607423367,0.000616403248919667,0.00172158922299554,0.0125790058687601,3.36385790027503e-05,0.00922182797162351,0.00313579921928382,0.0294788318839045,0.000354022487144571,0.000182616901990142,0.00103062114063545
97.5,0.00147402777634584,0.00424868068871108,0.00249582014686006,0.00518120264475207,0.000399352777026441,0.00323370546188856,0.000557732240779008,0.00076728260085337,0.00113136681544048,0.00220788636344957,0.00654618313112275,0.0087793375958726,0.00153921163455909,0.129193465081884,0.00191448153580298,0.00154849699487406,0.00100280173141687,0.000322993465734649,0.00121081943042661,0.000726564094074585,0.000722384253151178,0.00114290408082902,3.07369352100895e-05,0.00016859877154569,0.00323992514892615,0.0105578877083279,0.00176291629320249,0.00715860063016932,0.000895711144264344,0.0141927246047697,0.00323860438725449,0.00108170126378248,0.00160406962068284,0.00138097138932281,0.000492369516046909,0.000949310776825795,0.000279591600056094,0.00029173286528094,0.00162469201753754,0.0182485243121538,0.00164097863264827,0.00485763293433392,0.000346448026940132,0.00133209836250901,0.000902010711710396,0.000599142618625562,0.0022090972632181,0.00705741505170763,0.00198402745159385,0.0167833454912232,0.00126037742249311,0.00102644069727622,0.00667704839746722,0.00882533020532307,0.001893661791682,0.0153805135244455,0.00149650831686574,0.0082236066842248,0.00162933922613111,0.00142255513339883,0.00387384066484342,0.0212487998746794,0.000223466667758131,0.00156392695166083,0.0006215312746549
97.75,0.00301296951298814,0.000435749352942648,0.00335462107586654,0.00291130333346208,0.00119544309900701,0.000276890062389814,0.000116949345512053,0.000875094700813134,0.00147951273898913,0.00659559580499994,0.00193984500421024,2.03801622424928e-05,0.000265751627005356,0.274128122936821,0.000247441513250119,0.00403864277134019,0.00244285956853152,0.00259460882957742,0.00052546103546778,0.000549822658644008,0.000588354170238903,5.34949653800125e-07,0.00123872767069548,0.000819512102680984,0.000450465788920068,6.57094870276604e-05,0.000488516079922487,0.00509356259193588,0.000168692013242869,0.00705604075665256,0.000581836050357033,0.000822202973302591,0.00088991634346843,0.000711251736338458,0.000742265489154053,0.000148704358599286,0.000167099490608046,3.65576399559264e-05,0.0036717174931741,0.00300060788784652,0.000121075166158397,5.90618561240742e-05,0.000179910656757883,0.00173248220475751,0.00016827555546501,0.000251198489871891,0.0010307424500623,0.000127104141795857,0.000271141882461492,0.00768609137882807,0.000373167516793513,0.00183431607249405,0.00298607895583747,0.000264352623816956,0.000553413627420844,3.27311253372323e-05,0.000423950592650362,0.00265686117163177,0.000623497638536235,0.00916992276340753,0.00633468414667963,0.0693791956849209,0.000242781890704812,0.000110854835357936,8.89358247142929e-05
98,0.00640379373573433,0.00141756298532809,0.00727099150770946,0.00339905629581465,0.000686249591307681,0.000928491289151788,6.99190124204834e-05,3.33454388822498e-05,0.00280210922969076,0.00519551904194741,0.00240474969716989,0.00150199031541745,0.000965920976567713,0.334224020750203,0.000583893845130194,0.00274045038318001,0.00213216533177921,0.00176744571817493,0.000252296398383502,0.0018643758345735,0.00117133892991587,0.00145485677965143,0.00104105938609579,0.000237768802083658,0.000355272587501144,0.00134511044260858,0.000861919189725507,0.00435204562694819,0.00360524366906082,0.00296085714199865,0.00478127945266011,0.00156256850279495,0.00140322410041049,0.000366745899371641,0.000196034255537865,0.000246254387244871,0.000253089992272325,0.000179752167020361,0.00392460209513588,0.00387466596579765,0.00092285611772699,0.000565753111560112,0.000708841350908789,0.000643727883706189,0.000584450183197965,3.41772665316294e-06,0.00584816791950316,0.00209353262363409,0.000512580935711443,0.0124685642180678,0.000318644179191872,0.000371608703743371,0.00756063566788101,0.00267176823612778,5.69612366076048e-05,0.000433313373641986,0.00196256348247166,0.012829665512294,0.00166664706070684,0.00497662606110603,0.00487637022902291,0.0385551051188657,6.59940977020435e-05,3.36433049898317e-05,0.000882451248573431
98.25,0.00233573801182142,0.00561939298041699,0.000239871484216263,0.0019933924649942,0.000118941528905014,0.00248108596514071,0.000177217049769532,0.000163220129828444,0.00215404724082253,0.00205705826017567,0.00119839619612587,0.00460266226368322,0.000182870841973516,0.0919098163907271,2.1278071958819e-05,0.00241303231116421,0.00153602298686053,0.000619873337789785,0.00351978208626512,0.000821991955530513,0.000368839130941607,6.04689763058008e-05,0.0003641595490874,0.00176135219883349,0.000931347656907624,0.000156507432240946,1.7548104446492e-05,0.00322100673273753,0.00110831852876963,0.00139996453678518,4.32812332966569e-05,0.000774541023733174,0.000185427732995457,0.000107819005029341,0.00072351994219955,0.00107232635747399,2.27534605331332e-05,8.53645428847128e-05,0.000463497491788598,0.011437478946775,0.000193807998328623,0.000505887854206687,4.09487495194256e-05,0.00122086492760142,0.000166194271419402,0.00169461156176196,0.00148926159504403,0.00297741414863287,0.00085726481313947,0.00716397377521914,2.76334633481288e-06,0.000659236511766659,0.00289190031135415,0.00677263743236636,0.000377205555446479,0.00106953969090818,0.000232843427383829,0.0067445045401766,0.00122007858083763,0.00360387191900021,0.00270391388454164,0.0307614551383567,0.000260058946870831,0.000633530813354812,0.000619341709062711
98.5,0.00171367409767655,0.00568312673149976,0.00105932979853171,0.00495914545505374,0.000585993044704464,0.000522799176147135,0.000854308325697897,0.00116924228567825,0.00777684934740231,0.0165862680979403,0.00153298585128456,0.00764976048137693,0.00225995210446983,0.122717158783226,0.00457906282870525,0.00241394454459555,0.00426549034436349,0.000684758702399021,0.00112157165439326,4.63721202548123e-05,0.00098518955114047,0.00110369659416944,0.000170099958235561,2.9314018792609e-05,0.00179500688887105,0.00171271851522392,0.000564243249618166,0.00136867245948976,0.00386455043898147,0.0130394609860394,0.00534014762961947,0.00144522232961103,0.00177398934787352,0.002674975995551,0.000774643517258464,1.49650016713381e-05,0.000350049765613265,0.00118164508773892,0.00160365393372363,0.00671756536359,0.000916354856036286,0.00133967645885752,0.00023363841099405,3.76791138370142e-05,0.00482419409670126,0.00370798124197353,0.00134512219647338,0.00342393043068697,0.00105220502207234,0.00462668489782091,0.00316402187610056,0.00224447744537037,0.00210766588407588,0.00722551170762831,0.00181516607644088,0.00212778446710419,0.00177766886481302,0.00465575874589634,0.00357728081324068,0.0121718873456908,0.00348841281279654,0.0101368168665016,0.000507433676067266,0.00250165211303877,0.00195512261266344
98.75,0.000918871542978625,0.0017288902701998,0.00125414775172954,0.00292407795669641,0.00102223213590254,0.000871311740225424,0.000531564682545776,0.00129921621763782,0.00130663327949705,0.00151371451223992,0.00209751707037178,0.000529006962701009,0.000155603874535373,0.288781000822863,0.000265748154016238,0.000402939115079723,0.00118240608849989,0.000482235244222388,0.00116831419304424,0.000391966590721635,0.000439341697498568,0.000179455769842486,0.000609338923265249,0.000108335028896723,0.000757686690701778,7.45606111860985e-06,0.000499079765217445,0.00270852203824757,0.000399004174815246,0.000581459234040586,0.000184645283647294,0.000122111538170775,5.17551879088559e-05,0.000135689678495846,0.000362795411758131,0.00062600416532191,9.17573656310008e-06,0.00026089603715807,0.00121823731846073,0.0014705383624044,2.89159553195689e-05,0.000249864099437275,0.000156590718411338,0.00105678663695,0.000204379083454597,0.000545460171739543,0.00129967882953403,0.000530264964904129,0.000418887253259875,0.00740753033747065,0.000310540347690729,0.00103234095575548,0.00316867581460541,0.00114762745094706,0.000581906904791072,2.27403894315755e-05,0.000154485647204828,0.00119287326515644,0.000117229862336784,0.000731491700275938,4.76322533898347e-05,0.0051065684895168,0.000837386040165728,0.000135931512533163,0.000205433081902303
99,0.000396595733113922,0.000709362883437994,0.000326439755188514,0.000462754328999174,0.000340986661654957,0.000689251385751451,1.15338355050051e-05,0.00124809632964159,0.000911723797285795,0.0033940008539724,0.00484457894598547,0.000636739189435382,0.00148651496930025,0.0990921536801917,0.000227666194024261,0.0019307101732092,0.000661380167692261,0.000359836851874231,0.000172212402605872,0.00106043468461237,0.000692793631865175,4.98879786780035e-05,0.00054914220790782,0.000450862348151885,0.00244917273515921,0.00120366702851268,9.99842284370328e-05,0.00237247356118994,0.00320027851361158,0.00888947993095857,0.000986925937594494,0.00233769861899441,0.000390157981557223,8.98545691550094e-05,3.86186471784339e-05,0.000508743664677994,0.00117987219808975,0.000449021768986073,0.000445684745470578,0.000356283785482552,0.000867068410715676,0.00121354785823729,0.0001529954112664,0.000686346097505102,8.17833442847977e-06,0.000330612012854333,0.00146527638810491,0.0010215661845427,0.000421090330870043,0.00451037657107419,0.000851551654170359,0.00189755617743271,0.0037668098852346,0.00109653222474456,0.00478857598874278,0.00115444001765144,0.00362953984553357,0.00620863394817187,0.000321992739925423,0.00450256092463179,0.00161240419962972,0.012938556761656,0.000886025738392443,0.000468707561081847,9.23870448507738e-05
99.25,0.00116354691845172,0.0021076516565939,0.000383038507427734,0.00147969770300786,0.000249297430215512,0.00374617055584085,0.000116274377099168,0.000555883193340447,0.0032575762985787,0.0107305425359933,0.00245009849530355,0.00220634868363723,0.000228283740618037,0.208148248024136,7.74611364506186e-05,0.00370048042990958,0.00093416087202305,0.000388138527289981,0.000196213149608592,0.000644120706516754,0.000431278832727413,0.00168822570417679,0.000626725721699562,0.00068755554334741,0.000382498229897539,0.00255941006868366,0.000344007963992033,0.000811895032823772,0.00121313155528225,0.0119023947545289,0.000155610269088121,0.00362538211090438,0.00046291626615719,0.00248118601435898,0.000861332363555568,0.00224692223211009,6.873448109331e-05,1.48846604174237e-05,0.000170254414796342,0.00225907407853532,1.95054151538529e-05,0.00421751576908322,0.0020535907869568,0.00114737505647364,0.000270004300459042,0.00163387205675916,0.000311463459979069,0.00271805765002293,0.000465022506267077,0.00838627664853906,0.00041207543883045,0.0017892025271739,0.00560662752411285,0.00403967885070721,9.20303136264905e-05,0.00274831553997086,1.77962083080959e-05,0.00314825046299465,0.000219642610488524,0.00774632085032407,0.000571270000719269,0.0235465507186584,0.000762223912167894,0.000461099035684683,0.00149534726631155
99.5,0.00224380151188975,0.00159725020725408,0.00514350962430983,0.00242541800194175,0.00309246944827807,4.01973963455949e-05,0.000475589366701044,0.000192507893799211,0.000564885598044302,0.0159878121854538,0.00903846763961903,0.00581284711873265,0.00363400858725111,0.074502402594284,0.000984008548204436,0.00986516887289604,0.00107217037544079,0.00182991404306625,0.00141301641372723,0.000212419875898697,0.00113409838874052,0.000116389870860855,6.86761266503622e-05,0.000195587060038965,0.00744781568495304,0.00152017065966461,0.00245280354043377,0.000704920166150509,0.0063828340481536,0.00375989370808107,0.00172626727624609,0.00119553573580375,0.00338956798808715,0.00273020020541752,0.00249965453125338,0.00118429868905073,0.000132885844929402,0.000734648541310112,0.00369993738985892,0.00148705252119679,0.00679029130451648,0.00112143174582832,0.000671899889418577,0.00110279482155235,0.000238976161365644,0.00349048877379791,0.00683811635001812,0.00175892587126912,0.00317211956841395,2.55399113307929e-05,0.00025882268475125,0.00303905194590195,0.0114329079186407,0.00490541526258874,0.00874222658457108,0.00450764588613371,0.00304243990734707,0.000523456651469655,0.001218535564574,0.014518224693038,0.000864401710356989,0.0300739355707427,0.000600579562520317,0.000521726709438297,0.000855056929898219
99.75,0.00305701170293045,0.00166515342873319,0.000123057416945022,0.00441887184121027,0.000960841253116729,0.00130623970534157,0.000581801849845189,0.000186682209177851,0.00192505074945451,0.000919314196452982,0.00262667290225181,0.00140994025316406,0.000482132025145606,0.144747095394193,0.000548321772755459,0.00155663691132806,0.000650079381642063,0.00111759519817537,0.000956986228569983,0.000663818864451693,9.42133452148998e-05,4.78433851705415e-05,0.000409815841914494,2.36237612634769e-05,0.000182485664161296,0.000999526379945112,9.71640782340358e-05,0.00197988539171688,0.00159000259115552,0.00810343097988925,0.000806105164063557,1.34477592436666e-05,0.000957009407254891,0.000328844526242043,0.000126623019210194,0.000101827956025269,0.000423682319123091,0.000137504311793522,0.000186216179405016,0.00315563821987739,0.000131789165738059,0.00086488975882302,1.1603572501394e-05,0.000750324963679747,0.000716466221864965,0.000737884132333232,0.000277512368859584,0.000341980673102641,0.000150243523062473,0.00680492270265649,0.000699951738572935,0.000533454004502621,0.00298224279124364,0.00148160363318019,0.00115947046845166,0.00239159937885895,0.00235258709703517,0.000851199480851285,0.000707409451239235,0.000815679317051997,0.00248099204344278,0.0079158532380246,0.000527823184004999,0.000450362920840164,2.29104705344341e-05
100,0.00466181794669035,0.00314340977447684,0.000344555393802339,0.000854988315451282,0.00129240933008975,0.00726087093616062,0.000237289357884535,0.0011896533618269,0.00530684635289472,0.0135741358527187,0.000847558256906085,0.00240358263300984,0.000133361435609016,0.799672336308395,0.000130555239990295,0.000394259124313106,0.000738748174937649,0.00037525930534288,0.00206040053736007,0.000322013759320156,0.000826168532507401,0.000142795258077186,0.00126804448204911,0.0020297372366737,0.000577550557471621,0.00367145306145361,0.000395154680340796,0.0123319869081022,0.00236834916607329,0.0111134719413685,9.42245213819197e-05,0.00116384233749781,2.99701132402253e-05,0.000833499602042629,0.00349611135588928,0.00286089355394293,0.00124440721683467,0.0022218806826516,2.44698430671922e-05,0.00175757206175257,0.00043085776342583,0.00227534707095525,0.00108990955863352,0.0047751168470347,0.000823096563150033,0.0016161915021517,0.000749193145146959,0.00208814598146987,0.000118541123288869,0.0315357296823158,0.00115565593750354,0.00331587935430618,0.002227066850613,0.00380726108330475,0.000463049796119526,0.0028134713875068,0.00101549956145878,0.00381567366425946,0.00220122631525205,0.00245600390622308,0.00016496575778162,0.0103833490925238,0.00293919839437474,0.00116092789727931,0.000762551324272828
100.25,0.000699670244674037,0.0038803439042183,0.000366244039437885,0.00714460459806442,0.000451599633898063,0.000357158077254212,0.000319471102274393,0.000433681371595591,0.000900511608640603,0.00202143107996613,0.00110600377105364,0.0015564572707016,0.000866701498600829,0.105876121639414,0.000638008203525662,0.00106074474564083,0.00168724019024851,0.000414233860565542,0.00010027032595926,0.000270100148061856,0.000176043172614325,0.000244530143373483,0.000427711409881775,4.43770277008753e-05,0.00125935317222818,0.000559541526657508,0.000808891794470268,0.000323880803792,0.00104564385887221,0.000557989094528974,0.00241496548935514,0.00268024095812752,0.000149678491599169,0.00128223628834518,0.000529245914151532,9.51581311671364e-05,0.00029621274853536,7.30903665749147e-06,8.50418957470793e-05,0.0021969322187912,0.00050483207388816,5.080842719239e-05,0.000107581430571506,0.000105410533235459,0.00170160907931061,0.000116382911371002,0.000708623990372014,0.00288870501483206,0.000763669335796645,0.00100175211799366,0.000847282456980557,0.000315894329200382,0.00211701905503446,0.00367183948037825,0.000550294092203333,0.000378941765935693,0.0020281239009976,0.0139526697936225,0.00137696891771269,0.0016936672239911,0.00433040779135037,0.0251834601059246,0.00019898955845885,0.000891725696579716,0.000140996307572443
100.5,0.000958169954021384,0.000774947077303009,0.000396301522292842,0.00267655161083961,0.00025494561755746,0.000360741329259004,0.000717714092286631,0.00161736912004621,3.48671583713391e-05,2.35399910080475e-05,0.00174267904078266,2.20104898596605e-05,0.00140377880898125,0.17320270908194,0.000423921888926971,0.00121918849721096,0.000247203223245328,0.000706261337989008,0.00156356069588543,0.000224548303613753,0.000134230827911697,0.000394547849028388,0.000307810162659816,0.000108801905826668,0.000473601019559896,9.52267323321192e-05,0.000259589181445292,0.00206929418632558,0.00117292448895442,0.00203482396486196,0.00609165070913478,0.00255524363143276,0.000679200786764688,0.000207589984756939,0.000990043620716857,4.35752059975465e-05,0.000267264470200113,2.26153319755795e-05,0.000215760413929136,0.00214035192555427,0.000817638224721251,1.54614118487462e-05,0.000984525560417318,0.000618651088099011,0.00041318809951069,7.83296951344017e-05,0.000873870589599016,0.000322857482102233,0.000163600301815466,0.00402254318249919,0.000301823985743231,0.000382040657081696,0.00177781661425855,0.000154142569515805,4.3905063009449e-05,0.000394460788220166,0.0115164117655261,0.00010353354295387,0.00030252567291873,0.000367229731922694,0.0021314837019328,0.0047362440334665,0.000318479064600532,3.17568119910768e-05,0.000491466435470938
100.75,0.00474859805052565,0.000364216009205462,0.000292370672480318,0.00082286228582759,0.00109482240215113,0.000168614487505075,0.00140522909598996,0.000161725396335635,0.00136495014355258,0.000726249207284319,0.00407666832031243,0.000673326453253698,0.00287531059888994,0.0409545698447898,0.000428028272396022,0.00258846162348738,0.00135802573630432,8.02290302901914e-05,0.00229533099822667,0.00196077741522071,0.000465322157406213,0.00152781626613654,0.00201887443393108,0.00105994035221701,0.00224289914756509,0.00032544424082477,0.000444056864734128,0.0011477140112108,0.0011969477181403,0.00512174761525348,0.000940108280424041,2.24898647990415e-05,0.000129836496444235,0.000583316337615022,0.000760025156227194,0.00148557157542031,0.00257219260484712,0.00050730721591346,0.0016676853375303,0.000642170484368039,0.000295895863812487,0.00101530715121862,0.0019774488320201,0.000143311974129324,0.000296333283980411,4.36590093784053e-06,0.00090374540307744,0.000469765270471434,0.00157841141202809,0.00025380956105182,4.79781516200599e-05,0.000634246225621481,0.00844180250247792,0.000699187504469122,0.0032870977822531,0.000122412058367654,0.000560115977108385,0.0130178621803332,0.00162135260389599,0.00276006862890788,0.00172000591270501,0.0169613549962878,0.00183039884728595,0.00281449984209217,0.000679646128987074
101,0.00174225676329035,0.00131341699745296,0.000189717208995756,0.00121043139327412,0.000105805073955086,0.00157520639496907,0.000322985404599808,1.68626381338643e-06,0.000909556498367242,0.000623086842698191,0.00121055740418404,0.000845505941651847,8.35284538466333e-06,0.0271034068069752,0.000711135201093916,0.000408547339913419,0.00025019848691952,4.72063419761667e-05,0.000239557941887951,9.66581502943882e-05,4.79012807070813e-05,0.000102975194883137,0.000153726396039409,4.39212251490564e-05,8.79089752325699e-05,0.000362039360397712,0.000261896498905709,0.002054323692571,0.000269053248355617,0.00849312899469765,0.000251976682054675,0.000785405136723001,3.44517296650651e-05,5.20165112150609e-05,0.000247412495085004,0.000404856312499513,0.000111311351515313,0.000524750587883491,0.000479541388101107,0.00107812692096485,2.4583573512386e-05,0.000226081426070609,6.60952913743036e-05,0.000840302513749415,0.000465736616875498,0.000487250356438605,0.000562238918060199,0.00240084590746794,3.43772294716339e-05,0.00282598767424302,0.000143444640551481,5.21414798614905e-05,0.0018096587022205,0.00198238096234814,0.000108399195961707,0.00118672125647055,0.000328021142614285,0.000527452333254343,0.00248857164415464,0.000574192449936,0.00282536177612977,0.00129399309235213,0.000187796374067087,0.000150125615332057,5.84117917810551e-05
101.25,0.00243419114449531,0.000420238438536137,0.000166449908274119,0.00134276025460765,0.000158003597616922,0.000631960329733562,0.000185218691347554,0.00018610304477348,8.22150124396405e-05,0.00112912909261223,0.00639074831280378,0.000805796532272272,0.00295772141738853,0.0014240780355909,0.000763301607509647,0.000607874206525736,0.00121184565232868,0.000732479495468042,0.000336848987179283,0.000150286578888629,0.00015663159675453,0.00124598695827439,0.000399060157874855,0.000358653184713934,0.00159356992903894,0.00202394919109186,0.00209568650092498,0.000258468535745332,0.00481815621465912,0.010255981675833,0.00213525997649079,0.00129184820801487,9.7478259275353e-05,0.000147867710954607,0.000830713846035586,0.00016586752539071,0.000152586700973127,0.00080870515014463,0.000830176513742374,0.00159641587880482,0.000174659028281731,0.00102496494388972,0.000917987265651056,0.000105572059720685,6.64210711656149e-06,0.000156066743660251,0.00199146464830641,0.00252649373894467,0.00254656160908619,0.00093319690361885,0.000378408363923733,0.000149191004708801,0.0040676383418241,0.000781102186244595,0.00264969667291069,0.001820053551666,0.000278214840341481,0.000738897261859589,0.00166227622201948,4.17742017592079e-05,0.000130173274767086,0.00145989858260044,0.000108358078317571,0.000269648134564996,0.000530956514352888
101.5,0.000747935496222727,0.000542666120833315,0.00198640525721662,0.00430904433670022,0.000685752554416004,0.000551936044075799,0.000172831875496823,0.00187672595143358,0.00130601432260904,0.00344360739716576,0.00146444412076555,0.000664689392084029,0.00420486916630908,0.0552048480607128,0.00112127444215614,0.00484638578328326,0.000212150969948713,0.000400325278234512,0.0011071778008893,0.000301914729470418,0.000351028800718991,0.000628783277616936,1.35690600415883e-05,0.00111678415320255,0.00126086682240725,0.000161213908416698,0.000774350412620709,0.00403197618707908,0.00387623226519283,0.00168993979491764,0.00481083490477596,0.000867550202030662,0.000943196769907896,0.00127293448278232,0.000131058610075701,0.000244517342480476,9.20360157781573e-05,0.000678940986378666,0.000634779773906034,0.000324468037869307,0.000427009448098355,2.61283726466912e-05,0.000117827114333009,0.00328013274144124,0.000161244409486093,0.00204844575493446,0.000445821617387848,0.00133016443685897,0.00342833773833721,0.00208671044135525,0.000205531490249779,0.00363844288251692,7.57824014625784e-05,0.000516403079831918,0.00197809869664574,0.000368061377117518,0.00612620551721065,0.00326999006490872,8.76289450402336e-05,0.00919888288305468,6.69313502139518e-05,0.0367093432765412,0.000389934924750721,0.000603131585245725,0.00042791049057942
101.75,0.000367696990319969,0.00110492199492101,0.000346488604431507,0.00194200290289816,0.000210655039078351,9.04505422655387e-05,0.000315097826045757,0.00123086794578137,7.23908130059094e-06,0.000438074193641137,0.00015425198654601,0.0017879396061915,0.000424764776921389,0.055266030479793,0.000564402661356838,0.00286564087709325,0.000130458608856842,0.000731725086693407,0.00086970016545391,0.00132255585224286,0.000279092410527766,0.000201569488722946,7.18271600295023e-05,0.000156345841938776,0.000513336349693414,0.000321396465111967,0.000149427043047066,0.000229672439618867,0.00132549521898156,0.000654263053534544,0.00256519088160563,0.00167611861206946,5.50096801228319e-06,4.98098309546329e-05,1.64387346058184e-05,0.000239094871389537,0.000987321219504067,0.000119929135882591,0.00017334667692118,0.000822055332280402,0.000366685839576484,0.0002595675961849,0.000917341433735722,3.42062556078203e-06,0.00119714652246801,0.000290304554095308,0.000542171033564303,0.00208811025955793,0.000237878097653017,0.000557739611073103,0.000379096934541388,0.00093211533889239,0.00188460981058907,0.0019246556885907,0.000275959415011865,0.000777412560894831,0.000605073057551026,0.00415308428123881,0.0014848201651602,0.00186348148494625,0.000292779455243262,0.00733437355270286,0.00066221412757575,2.28255407490353e-05,0.000219880351721974
102,0.00119190961718373,0.00390166816899308,0.00139622496902017,0.00547520881853814,0.000819849930166723,0.00107806299990299,5.44431830975714e-06,0.00124353423026067,0.000592034869201287,0.000849173541720457,0.00675624577734257,0.00542845888049842,3.25524143063695e-05,0.433696878140582,0.000447796868508813,0.000166869942669892,0.000425372221003104,0.000626557704567972,0.00051819211582121,0.000524722642977315,0.000736363000450576,0.000122200041638891,0.000374406418773074,0.000608223490098665,0.00225613499959848,0.00124317184084229,1.04004833799627e-05,0.00348895518217111,0.000635682566082702,0.0114407771504881,0.000214812878415699,0.000957611339015097,0.000702653399357727,0.000216098572274324,0.000311033056111316,0.000413330274303622,0.000262107826138394,0.000220445474509372,0.00143468768214135,0.00162494253576156,0.00161399812003119,8.42066099665053e-05,0.000106929918440168,0.000791169770086114,0.000451474304350031,0.000340915828379621,0.00271900365327171,0.00402360411584164,0.000150271271519795,0.00760489759085097,0.000101342487563649,0.000376041512054922,0.00606670591176707,0.00635264269301035,0.00109545424658786,0.000782097468132033,0.00266440480221086,0.0120172103988557,0.000109925941646993,0.000330021051907021,0.00170947587987885,0.00167167560134853,5.01135464099252e-05,0.000224172371823381,0.000521802639866474
102.25,0.00303253426353661,0.00679994054858767,0.000333906433309036,0.00184831034845203,0.000512449613004593,0.00219159644650921,0.00145929420154514,0.000767894840822667,0.00308217253960125,0.00861238044942826,0.00039501010524354,0.00386096864499939,0.00101066944955224,0.198652520065346,0.000710406935648436,0.00200399943757283,0.00198877035620662,0.00107858976204848,0.00101132651639438,0.000444566156841211,0.000306338586480501,0.00372783090381115,0.000317401380799398,0.00276751028572369,0.0001101422287996,0.00457072756697888,0.000930379903992889,0.00188299768132833,0.00100500468222042,0.00612000134622759,0.00228991005051442,0.000923746560250049,0.000728247412225496,0.001845468751236,0.0015526782964807,0.00438734607182094,0.000427845884073335,0.000370833457342747,0.00032930387700335,0.00918372872824133,0.00160726470697536,0.00521142006041615,8.13912279808954e-05,0.00219320624970311,0.00239359726053764,0.000481470146142673,0.000370926068316745,0.00398504860957603,0.000395532746628555,0.0106501645991307,0.000648873601543438,0.00129478155690103,5.15916321546894e-05,0.00641296473394619,0.000441932716182103,0.00472058986397182,0.000998872000903954,0.0102820340611908,0.00344067863824355,0.00150457562128672,0.00232040630480498,0.0142405475922915,0.00151133629310948,0.000790198286105879,0.00185630379166437
102.5,0.00040570554661832,0.00513982690274718,1.2973744334681e-05,0.00269705748647107,0.000316183900568216,0.00243857523092785,0.000806161508721168,0.00131684519595659,0.00290512091051852,0.000738391599579896,0.000507630386371419,0.00576951769181903,0.000157850926525893,0.577451385595218,0.000256060670632091,0.000862205446396126,0.00102516779884982,4.42469556810908e-06,0.00043053711672418,0.000125883973174655,3.08260507706035e-05,8.60300698705222e-05,0.00132442453553118,0.000109977852861441,0.00118825976409687,0.00295075582636983,0.000685454976286385,0.00811455526540909,0.000128965718227628,0.00665266176552905,0.000467065429122417,0.00575074925427453,0.00013039152640734,0.00100156657537744,0.000919139517803279,0.000318069033234856,0.000410366675430355,0.00051655504819669,6.8230080408291e-05,0.00149161289531651,0.00053651207650081,0.000373768067843378,0.00129805004582526,0.00191306082788146,6.34848150699553e-05,0.00011282390623136,0.00150592105355628,0.00402352614120424,3.71790833421674e-05,0.0198144081153003,0.000338788525124705,0.000251062365938022,0.00239086842430714,0.00649556170275565,0.000741617625641503,0.00218957590639829,0.000354487830801681,0.00497385375830784,0.00115978063490856,0.0022159314059679,0.00487191746661556,0.0141579506939193,0.000522907950081003,0.000139893832777483,3.37178229358513e-05
102.75,0.00241821903178357,0.00184332735408957,0.00149674584397424,0.00315724710137664,0.000206710386089088,3.95492785229861e-05,9.29305708110346e-05,0.00058856140252785,0.00313630419778502,0.00647538957863343,0.0044806681106817,0.00448853559248083,0.00114692811922815,0.145174501646255,0.00018457300122747,0.00326854105267386,0.00144172699667511,0.000576764699122364,6.58519506323872e-07,0.000429487561239508,0.000163042578640005,0.000429903267129022,0.000256672656024673,0.000146974705293242,0.000427706316056808,0.00147733771328376,0.000188426024414818,0.000465270458416097,0.00197970076302394,0.00294770403058136,0.000268529152800319,0.00687507089449478,0.00153175317668241,0.000806495032474128,0.000416916760978013,0.00102475725690774,0.000377581511878135,0.000196147806256659,0.00193880718595422,0.000577180073718199,0.000356725245770997,0.000937361204086273,0.000214061157163883,0.000421583547096251,0.000150130841601705,0.00310142606333139,0.000937082002840631,0.00411404054030703,0.00143305974046222,0.000472948967771327,0.000253535420584735,0.00179731528620255,0.00545567114765819,0.00331698313310493,0.0010140720499269,0.00277707964376508,9.02807404297572e-05,0.000636139299354904,0.000640439816911707,0.00735960527939054,0.00182039068002968,0.0327875007868256,0.000160100143988795,0.000282864741692113,0.000666786978852986
103,0.00107394741712616,0.000225172764195101,0.00020294171707566,0.000616909539719685,0.000336253946783511,0.000482085096973974,0.000108708905779525,5.04766043109614e-05,0.00173780420446218,0.00458337813309643,0.00275395382077958,0.000111461880577203,0.00236156992348991,0.157116898442192,0.000132510145927736,0.0016512952157247,0.000699823937558209,0.000465535531148172,0.00180806323834995,0.00034233766517624,0.000113023658322485,0.00117309270819464,0.000344346823136894,0.000470003315360324,0.00186638739730157,0.000473888241447281,0.000301632780450659,0.000466021381851148,0.0029208771880026,0.00354637026243546,0.00204818156301884,0.00115113531085293,5.02484107009318e-05,0.000338361084625693,0.00147184506756994,0.000387454027562683,0.000492104970505691,0.000103040329342517,5.91638572105323e-05,0.00116669060020246,0.000421806644793709,0.000781854663618641,0.00093653901842666,4.18383765106763e-05,0.00076571889634945,0.00127722975483613,0.000426852111820006,0.000168887530694575,0.000768911956141765,0.00188863659476409,5.89568084856043e-05,0.000530950291539197,0.00177164192030865,1.50069788575518e-05,0.00296493642788034,0.000231642991046749,0.00220253527760515,0.000816511892605915,0.00146913997608741,0.0021784650283736,0.000653226108482899,0.00375624735436856,4.35553371409135e-06,0.000775088405723116,0.000722247552123196
103.25,0.0018091105752426,0.00028959811971274,0.000431703714442824,0.00179133303924582,0.000645696572103304,0.000315291354083046,0.000319201554621278,9.72340725918035e-05,0.00110805959051249,0.000635782557385682,0.00139466116173583,0.000390882461831508,0.00350081624376779,0.0940480491690242,0.00136868371474511,0.00547097961997421,0.00155555307632734,6.43864744670129e-05,0.000287450790827364,0.000501590753557045,0.000223593851999155,0.000177720119119641,0.000436923553355395,0.000768746704905508,0.00051831554062623,0.000202470958169345,0.0014801000387708,0.00211344416130408,0.00400940707577272,0.00127024083307516,0.00233413878749718,0.00211651690216074,0.000245079995027397,0.000388309640923105,0.000230834936472241,0.000237152133316723,0.000445492682609486,0.000162897105974029,0.000240576019131786,0.00230330176647793,0.000448911597007206,0.00040996428468271,0.00015115243236385,0.00125021253463889,0.000270949866883236,0.000712543843323417,0.000799201110886715,0.000825495757442768,0.00172761438525922,0.00292967250342847,0.00120936477882224,0.00521972194950946,0.00320537070544413,0.000644790902827011,0.00210527944298234,0.00100874293148539,0.000425162353070128,0.00644528982028126,0.00078844888839443,0.00976051495423329,0.000418504458676122,0.0429633762491549,0.000173122947113813,0.000237888984235154,0.000229885468450266
103.5,0.000103714638917156,0.000474909919663237,0.000518689673950184,0.000928554052833218,0.000323858955979805,0.00122996004688925,0.000121497049977968,0.000297335911731188,0.00021073490400465,0.00158814990069546,0.000227150701769706,0.00361390207614067,0.000305850811215044,0.087664117317675,0.00101956330474305,0.000665576601698581,0.000255549867311324,0.000154487886098139,0.000248350638217784,0.000405274394208383,0.000225688071957096,0.00113644187337977,0.000670183816178477,0.000557911508913615,0.000475740483527844,0.00050470899761285,0.000389404909436345,0.000577882726053493,0.000466000307509392,0.00803740567925383,0.000306296577935608,0.000326217916276448,1.99313624658031e-05,0.000434142035178828,0.000222339525188269,0.00081884233101538,0.000138476171563582,0.000982770045752972,0.00020459661942482,0.00128691114129336,0.000338173451215565,0.00128616429870903,9.5693317573153e-05,0.000813874191257073,0.000413375827177247,0.000489270651668379,0.000288613359973026,0.00134975090023215,6.07123747645498e-05,0.00271341450357321,0.000180641510677842,1.14453627457486e-05,0.000530424044868761,0.00159711059564642,0.000379034138862215,0.00303656415312411,0.0018754781909272,0.0166495820460638,0.000135627328971616,0.000131344474540375,0.00275973498545804,0.00706145723913553,0.000315362595088264,0.00118904752865603,0.000580728566089457
103.75,0.00154967878682484,0.001164866040874,0.000161358053695277,0.000500505342396864,7.77254261891745e-05,0.00112957250948469,0.000175821828246968,0.000211780739657865,0.000421923423012997,0.00469466349267709,0.000253477022592259,7.78466813415484e-05,0.000463093773123915,0.0440191318812878,4.30583395191259e-05,0.000794557772204358,0.00131930503706689,0.000793348964940088,0.00117484288690781,8.9686833567765e-05,7.97486974991966e-05,8.90500352344939e-05,0.000180927625865106,6.6840368913894e-05,0.000299307421784612,0.00114150310794404,0.000109450316398391,0.00244688093158099,0.000586342808717821,0.00493513714139233,0.000434582499196988,0.0032973009654391,0.000629423893340243,0.000110162871063129,0.000428307397469402,0.000175887957852453,1.17840837590512e-05,0.000111683494499786,0.00112655199236615,0.00125450494121597,0.000111481818958908,0.000231439748075903,6.18794069041765e-05,0.000583397835961986,0.000327038382179171,9.78486192749537e-06,1.85173251123993e-05,0.000107016720317637,0.000179710804590927,0.00506537622729206,9.94922357842659e-05,4.25797582640901e-05,0.000588710019620861,0.000785170491321509,0.000467510826651319,0.00211457000564433,0.000631615944233125,0.000433939234879922,0.000156424619751325,0.00116478309952068,2.70646594220686e-05,0.00657162751285616,7.36949859959746e-05,0.000694273130112487,0.000147203118610507
104,0.00281168042663358,0.000922379037349577,0.000298388525221084,0.00160171545300159,8.95047044101749e-06,0.00047026593994163,0.000513188531396372,0.000365329550848754,0.000530165956923966,0.00360432652183522,8.25492356934135e-05,0.00278724942879838,0.000901556386946625,0.159202589726573,0.0010584337094323,0.000243542009296955,0.000793670434809612,0.000695822669720228,0.000190449375011039,0.00122742396469697,0.000151464895631576,0.000333754552736649,0.000266277579629086,0.000134721695775818,0.000271240624296296,0.00369018789177134,0.000748982405461776,0.000525207852693981,0.00178873187250729,0.0103135905845177,0.00393994743064598,0.001185609288151,0.000717749415087059,0.000446162115399582,0.000685248063460733,0.000188246815544982,0.000472051220764382,0.000194523287368543,0.00123392101203571,0.000449105092700379,0.00013793803166626,0.00116839047477275,0.00044968013728314,0.000413010817543014,0.00104005456909609,0.000232630183037768,0.000717746842855209,0.0017396052924873,0.000234620038483968,0.0045365033672247,0.000248983552915303,7.74237092501309e-06,0.00279011083053089,0.00173626228337043,0.000239086809074274,0.00304822080993863,0.00168765115921371,0.00310564231423196,0.000122399152933051,0.00173549252058518,0.000121523442316602,0.00368115736666743,0.00103142853484114,0.000587200015860213,0.00022820086007521
104.25,0.0100235366762022,0.00380366147499132,0.000760678764325161,0.000107360307752634,0.000680589070096131,6.54753307572072e-05,0.00149393828854994,0.00111537179799622,0.00241117772376396,0.00351932503494919,0.00330549038758461,0.000725069951325037,0.000285191036513321,0.084891406311803,0.00294793612713773,0.00150862491953043,0.00626546459867441,9.89146159937501e-05,0.00209640168731197,0.0025707085440026,0.000196641426728688,0.000424260925384806,0.00127675198123074,0.00341876337263034,0.000233839169101077,0.000939342822696825,0.000225135677545172,0.000364200600341756,0.00233388604379542,0.0112977190592566,0.000657723235564752,1.80281922514954e-05,0.000246627300906861,9.04347727015782e-06,0.000520765212509904,0.000780474126111825,0.00185552730348235,0.00120560339787295,0.00236597687813661,0.0044229916170334,0.000158751864195097,0.000408990330692324,0.00091244721572062,0.000914327341175434,0.00329991776984522,0.0015372392702144,0.00119567415821788,0.00187438799290253,2.79576902946421e-05,0.00221693810286979,0.0001559177244605,0.000670383161951443,0.00366776398199073,0.00272178022006028,0.000963697530434583,0.00047930110595466,0.00160204720738945,0.00300858197698504,0.0019561268495086,0.000730006126472531,0.000787647518908613,0.00577500570386736,0.00179306498225869,0.00191845076433505,0.000341410714766662
104.5,0.00114093883394647,0.00169132436067576,0.000114889225828694,0.000469847891063827,8.85405579508049e-07,0.000605995917605362,2.25704527472176e-05,0.000480943256943877,0.00244920688062048,0.00358817878281893,0.000694175444820875,0.00138046869043246,0.000581966636567709,0.00262454864557212,0.000132182937352876,0.00141287778568762,0.000621294157737272,0.000255636695431283,0.000433517876780841,0.000699560577457227,6.45973358908962e-05,0.000113333359657039,0.000431346809431518,5.16577499215526e-05,4.88059514069311e-05,0.00126647990431085,6.74845588026043e-05,9.17607593068334e-05,0.00116870028461113,0.00582172384819089,0.00199431207426562,0.000855945686882852,9.60763915338253e-05,0.000212945848703673,6.60430374781121e-05,0.000246746053813381,0.000362296749804478,0.000265414313804341,0.000269264490361951,0.000740800479222737,0.000399469858761373,0.00046814061681016,0.000132159016777831,3.75299307013821e-05,0.000473099010467714,0.00251409198630655,0.000216792730513457,0.000597369136411327,0.000330782395381714,0.000747299795207448,7.85724676282043e-05,0.000738148508572483,0.000211262365913704,0.00198850337987272,0.000263525207663312,0.000262020234524081,0.000332863289365231,0.0164239981296194,0.000932869327427241,0.0018653924048807,0.00208953523318295,0.00542923352291612,3.59131263664266e-05,0.000308755401864451,4.79055789111875e-05
104.75,0.00143549521033588,0.000884746967092235,0.000759060303557752,0.000153012485158941,0.000269301540650571,0.000317574095814792,0.000199818204719698,0.000524280750924463,0.00113747285230673,0.00255415798802287,0.00343452775419276,0.00199541692909944,0.00217987084790113,0.0464127477924466,0.000160325583038041,0.00346684505332312,0.000164190801629615,0.00106342022807149,0.000937810270354935,0.000445375997894804,0.00044896557671841,0.00015551624952891,0.000228223332946595,0.000729629664906697,0.0017128002638828,0.00203876006440248,0.00152317951780231,0.00137661321008077,0.00207486937867557,0.000513522268508942,0.00346341870619046,0.00183109670627481,0.000722006496253606,8.11133469940126e-06,0.000489088736843783,0.00057509035464973,0.000194790261713566,0.000103588734537013,0.000681521061758745,0.0107002807641498,0.000949091235681142,0.00109675184990809,0.000102772510428629,0.00026158363819768,0.00143855694597653,0.00154209685348597,0.00148123515956105,0.000331721756286405,0.000341068792570552,0.00320876409601174,0.000363115799974087,0.00114482010628666,0.00269134365565929,0.0016738661076884,0.00305100856654413,0.00199751706531225,0.00132401853030592,0.00530199336415403,0.000975404020580471,0.00241914946884655,0.00150641051338424,0.01353760585279,1.41639215167754e-06,0.00124243152088276,0.000563511935164859
105,0.00377725391147183,0.000261710434162271,0.00158910798598618,0.000738651998355731,0.000103726543138129,0.000602709621466869,0.000239888067499959,0.000225054302742366,7.92770982195464e-05,0.000225988968454946,0.00281795734676537,0.00366725150068144,0.000577431103163894,0.0424746343184559,0.00078574545345286,8.91599601361261e-06,0.00196753614592861,0.00018809681044355,0.000439534078440712,0.000742168616357779,0.000194255226448058,0.000144392084862466,0.000108738537099811,0.000151197118762835,0.000612605105171242,0.00337583558911504,0.000603073904661954,0.000505907536483988,0.00167211686459827,0.00742909951867583,0.00267348327594939,0.000861383721969556,0.000878556743831347,0.000252659436217697,0.000775369298304336,9.41606072642188e-05,7.45741550633221e-05,0.000137045229320538,0.00228767888956542,0.000150678209551031,0.000932627031946266,2.87833510647037e-05,6.51249258605306e-05,0.00033793051075157,0.000264715079359977,6.39246188346127e-07,0.00200378921459811,0.00110604903978166,2.75233258328305e-05,0.0015172714406433,0.000100844836845665,1.8654858374977e-05,0.00519296759179833,0.00148403021539187,0.000833194841736604,0.00520945051738375,0.000920755841694341,0.00320220644885203,0.000916093515786486,0.000345144332450128,0.000433196374337979,0.0105679716175822,0.00018738308903995,3.77077316249301e-05,0.000332384770039401
105.25,0.00235133839986614,0.000683022828151851,0.00181473445742106,0.00331107939340103,0.00138725110773566,0.00210776227541493,0.000864513579164169,2.62022566513937e-06,0.00353599375107947,0.0174710139370301,0.00180747752345819,0.000971119311951205,0.00126210198521398,0.279914626266814,0.00109541903790011,0.00769966429352674,0.00385903526347299,0.000815187913996413,0.000650487308528206,2.59142577357831e-06,0.000536093361547928,0.00085702480269912,0.00213481065726937,0.00014195025636045,0.00175711981122291,0.0031060070187681,0.00110422922654126,0.00231271678318752,0.00152909900364686,0.00598638885683329,0.0018405269046657,0.00525145657079372,0.000549670387592763,0.00112416637313149,0.00222074389997812,0.000900373415745624,0.00204181224999223,0.000103057197805785,0.00154453099945296,0.000292789282302341,0.00202128720534,0.00141882824143592,0.00136516565748672,0.000888717631929279,0.000315046334467645,0.00270251836807919,0.00229694145140375,0.00287022307903718,0.00104552371194253,0.012207374255555,0.000100899750314548,0.00171496911191117,0.000880557355966131,0.000877442832171151,0.00156810792865381,0.00276105295909241,0.00219230477886739,0.000860263608820409,0.000677925969897956,0.0195781129487103,0.00373708216239407,0.0902113629130336,0.00118577038615435,0.00122394407927041,0.000643293067265006
105.5,0.0018143803477118,0.00131758952962662,0.000259514821896713,0.00312327158589559,0.00011282639524461,0.00134842493742783,3.10912075276262e-05,9.44324994760763e-05,0.0052835647409674,0.00535074259238439,0.0013669055937931,0.00553467319995842,0.000388898805580322,0.0151731419915997,0.000282269018286215,0.000849188920276234,0.000403978688877668,7.9847667751793e-06,0.000188618475108319,0.000284013632605595,0.000167762017860359,0.000454952238962469,0.000178500480476494,0.000200340812661848,0.000134537964254024,0.00145844029908902,0.000977818492248351,0.000313331480524391,6.38373760734952e-05,0.00403894589993652,0.000502942340587359,0.00268604953059273,0.00104474384193301,0.000212943306246316,7.40792989484319e-05,0.000548859327610124,3.43918469336583e-05,0.000894293026809081,0.000887980690483962,0.000952878251484323,0.000192769688424201,0.000786698556871349,3.84517208090434e-05,0.00039707248422848,0.00110583881424686,5.42555981839106e-06,0.00173065548144162,0.00499567759424825,7.40922621437753e-05,0.0015890984608387,0.000392860580205117,0.0005067009295338,0.00512978673870968,0.00412859835877937,0.000257048268393607,0.00232433235948145,0.000270920794099946,0.000293073462615902,0.00135580167382759,0.00151753367189327,0.000472939592439684,0.00010866418442191,0.000338610524203951,0.00112342608550651,0.000112877322151161
105.75,0.00139062255892418,0.000286298581064466,0.0017161374566905,0.00523508994648229,0.00113890228174699,0.00859078225943564,2.08829364385625e-05,0.00105341511465237,0.000769256721497952,0.000332029249607875,0.000550590259676639,0.00330680004982404,1.8832806072606e-05,0.860872406886065,0.000416545634057528,0.000689445124524839,0.000835849352498432,0.00068239616778225,9.05071324235737e-05,4.70770304187305e-05,0.00136519103598564,0.00179818401314277,0.000675855133288801,0.000702750021813247,0.000348787902615533,0.013964882937243,0.000126372050230572,0.0154052598957592,0.000360346038981259,0.00537881507626933,0.00069304471733043,0.00151338521928886,0.00153583553354118,0.000776032606015104,0.0006364488098778,0.00164973450433555,4.27779860333908e-05,0.00084460960605308,0.00141101916947904,0.00102636683999271,0.000706080676328043,0.00305471280896521,0.000448775672289164,0.00425401679283025,0.000689116534377844,0.00175584427838887,0.000677690359078734,0.0031077983239286,0.000457860321281512,0.0407602974298853,0.000191453054192896,0.000835656216830561,0.00170376387524576,0.000653664152039528,0.000176920727885848,0.00620966010677997,4.53633538410134e-05,0.00932338667646164,0.00143023357630089,0.000361459085098314,0.0012036325955403,0.00162450393047193,5.90457263739244e-05,0.000280416124729724,0.00115470622504744
106,0.00162650417581028,5.71485251340109e-05,0.00123109105166331,0.00189831388151253,0.00083896817207201,0.00206305666924529,0.000195479778427451,0.000255604506519788,0.00338915025862536,0.00400323830202494,5.90200127799375e-05,3.45667989866038e-05,8.40435834626592e-05,0.0126874713133348,0.001677321509777,0.00189451174942165,0.000274891766193234,0.000469961274447436,0.00195845878539866,0.000490954231401942,0.00162802839968014,0.00128235484689583,0.0007411988492915,0.000612679559761757,1.11229706539464e-05,0.000365191714915662,0.000590352284580017,0.00211408934575513,0.000962802129283558,0.00314103275409054,0.000144352708092697,0.00785094523433688,0.000777407977848378,0.000795601275240573,0.0019001947559584,0.00159915917174723,0.000348040469189735,0.000177194973181937,0.00131238654138043,0.0026348515133479,0.00112860463766138,0.000355020220768516,0.0010412621796695,2.66526733019375e-05,0.00126986884636338,0.000138747723788076,0.000698016724590468,2.20708793779345e-05,0.000135154711273613,0.00126575750720671,0.000847041758044443,0.000589348906028975,0.000786409281841995,0.000383753782586618,0.00013837988427337,0.000549649939272322,0.000623848209134896,0.00641838856866022,0.00196898013383494,0.00134481881825728,0.00330981112794825,0.00863512415067073,0.000456621736205797,0.000809684638404739,0.00116314577793759
106.25,0.00107072518936518,0.00210996459152809,0.000259225600643766,0.00224503845658789,2.55860355656358e-05,0.00193753988398237,0.000195667600412248,0.000157532349169704,0.000121853913382457,0.00188429363049044,0.000313021279883833,0.000901932519486109,0.00100417299947387,0.277986923606752,3.19865996879334e-05,2.78623883081928e-05,0.000489601908170532,0.000443664869604573,0.000248613213672979,0.000293196972102665,3.98934014539812e-05,5.81335648543923e-05,3.47231582743028e-05,2.86902845109995e-05,0.00017837234011647,0.00280826190451979,1.17762759186357e-05,0.00218092965119832,0.000664885235940744,0.00367654965190202,0.00128369129877824,0.00289975632821135,0.000226021263183642,1.24720844944604e-05,0.000178651911001614,0.000117776335014701,3.77872266966955e-05,0.000241554484570204,0.000610247568854776,0.00237392131676078,0.000380367915880217,0.000212093840498884,6.29759312586175e-05,0.000254399777036452,0.000593361338828023,0.000874824450054548,0.000184863493057006,0.0018184388368287,0.000396415523626689,0.010329065579115,0.000273247003571393,1.07378813973735e-05,0.000813134207881199,0.00335735021168469,0.000608679369877187,0.00197185305502385,0.0012559629481058,0.000128737117631531,0.000252812345549049,0.000839688702070579,0.000433936319792838,0.00136845468319875,0.000156361641454207,0.00050633509703954,1.76232013263662e-05
106.5,0.000212477255895463,5.7006172197211e-05,0.0014818969932652,0.000622828914939279,0.00104428506886873,0.0022273007520875,0.000287315710346132,8.34981639279161e-05,0.000284094488797641,0.0018327454237948,0.000571360404098149,0.000246709245758188,0.000902124084121637,0.215776153936759,0.000237113880719375,0.000811589157441023,3.10170548806258e-06,0.000797930699367868,0.000750539338732563,0.000351337306356227,0.00057666533217604,0.000790526030949057,0.000173150844164626,1.08796533318413e-05,0.00184603102819991,0.00130064906121901,0.000449399709203894,0.00081130551712517,0.00142107057843706,0.000175673793931149,0.00038680021741103,0.00127764537581156,0.000912034247406003,0.00186133998730364,8.95891777589334e-05,0.000969971510047471,3.68524730078706e-05,0.000520205695554306,0.000434125460517823,0.000571851429981266,0.000301951462118263,0.00101875178964905,0.000424108309382137,0.000531377768680795,0.000458036183491621,0.000802297547701864,0.000529737592501894,0.000526098215637019,0.00163306802839856,0.00612277824968142,0.000232259042629119,0.000116934199848205,0.000948911335789309,0.000101243394504506,0.000576637665413009,0.00159142428519425,0.000916466873425333,0.00214554456921484,0.000292433551522503,0.00619708294334732,0.000417552048225724,0.0277191587248223,0.000186495011521335,0.000171176508095369,0.000455880392546316
106.75,0.000816799561749497,0.000926914754492436,0.000419058056995832,0.000412288920413751,0.000309563796445306,0.00130356342515668,0.000110509591024606,0.000392207181387786,0.00106872663849951,0.0017302782808239,0.00267101164213286,0.00369512851234887,0.0023664729226767,0.103749614944213,0.000540876762808005,0.00156381586301463,0.000194777245090361,2.2034158126488e-05,0.00126157802982189,9.17927534884942e-05,0.000796121705503078,0.000239734847131062,0.000390634278809897,0.000698770710915645,0.00172217051504201,0.00114063956889836,0.00125343282184667,0.00044904704565163,0.00548454028881279,7.98217407742226e-05,0.00133523918259084,0.00147330967783099,0.000916596082705318,7.62949043195033e-05,0.0012211308364204,0.000984377648405892,0.000434720608183545,0.00027628587868367,0.000175714522392024,0.00187277797130809,0.000751123390007344,0.00201867140491275,4.56251954694199e-05,0.000648989833740587,0.000281437058624489,0.000663605197038524,0.00129729273027587,0.000665450118320788,0.00155511481390325,0.0028312546764731,0.000139366575398186,0.000599748003112788,0.00267437969341439,0.001648069397758,0.00203491192509848,0.00294568705368704,0.0013633589827328,0.00452935208879115,0.000469104382893909,0.00161519115981433,4.43791849262357e-05,0.00810694234064057,0.00148418211228975,0.000521613144654875,0.000458695072063171
107,0.000287994365500719,0.00319874405050708,0.000549768982034608,0.00174965620116611,0.000234061979229294,0.000334806242102592,0.00175748756332558,0.000571074890222474,0.00267117587397639,0.00379308502159433,0.0007032850859237,0.00748131536727067,0.000480445769698953,0.035646968256352,0.000848872095446694,6.65194022099106e-05,0.000421528800017513,0.000318252014626768,0.000324614304605139,0.000217506922474513,6.70891299409371e-05,0.000370539824399224,0.00062966968224835,0.000210003300300487,0.00071332344129033,0.00252941863422247,0.00076144294567195,0.0015741313854646,0.000994426609178214,0.00630735543371857,0.000196089383114308,0.00128153677875733,0.000138655764661083,0.000819262667625685,0.000237404726752636,4.06920317454839e-05,6.12080513992698e-05,0.00033808837511996,0.00054903453110397,0.000247606315988439,0.000498977407849219,0.00150668207983908,0.000628093111482435,7.62148288803222e-06,0.00101689722779403,0.00111711442541333,0.00058504857640554,0.00579188496462442,0.000326414041082651,0.00207731133091044,0.00124684236822558,0.000223473089664214,0.00150834339735041,0.00574177436854969,0.000997867023770726,0.00501966536479474,0.00026365677645185,0.00154698033461659,0.00129549064965547,0.000658478662763385,0.00247380425153587,0.00326245322524624,0.000497938565306341,0.00102453429271937,2.83322905074987e-05
107.25,0.00134467080222619,0.00166408371254843,0.000556366976853909,0.00345209805208351,0.00116792175154933,0.0016068200167665,0.000433039056000655,0.000295005419006962,0.00483729067852758,0.00871226832404997,0.00180452333594651,0.00358548201832118,0.000238116522286041,0.12380451377395,0.00352030521749333,0.00175725859369369,0.00307387762133151,0.00101304648554003,0.000173296646146082,0.000357620294922413,0.000693202934426492,0.00146542588194933,0.000392743530003661,0.00029761172391505,0.00186501318115907,0.00238231029455714,7.34717452081542e-05,0.000608291798833297,0.000283200014792406,0.00397524268251665,0.00270518346635134,0.000651581291745334,0.000146829408752634,0.0016966658795461,0.000606980869994643,0.000402067655046983,3.5328344012867e-05,0.000427825375852496,0.000672667008818162,0.00286231242556178,0.000703169418007408,0.00113845728615954,3.10431909454917e-05,0.000559514775798822,0.00125234205786869,0.00258114705077934,0.0020768178256072,0.0017123055158844,0.000507519693750618,0.00298083968931996,0.00126263408053646,0.000493043673658051,0.000316770004624617,0.00207623813639135,0.000759233046792456,0.00236099788811905,0.000811505662609511,0.0020782548058427,0.00441861772678676,0.00694271188370175,0.00310654034768636,0.0191815564022941,0.00025128176201507,0.00209358610775205,0.000703264025376266
107.5,0.000279785145787807,0.000892060258308243,0.000280732913925926,0.00306961753679684,0.000658599277396801,0.00152073346190341,0.00103544713056189,9.55356828224628e-05,0.00213698757945568,0.00371432511097971,0.000214901283111196,0.00148173214150544,0.00182114905885205,0.162287443747735,0.00014047874696197,0.00383014742147779,0.000453816991169444,0.000530181703288756,0.000315114874601088,0.00050020787136894,0.000603224745559481,0.000131734514433139,0.000823487185860146,0.000119332346809927,0.00106235851375386,0.00279966086540134,0.000252081033727813,0.00505481183316631,0.000797658011148367,0.000656222578132639,0.00267729717436605,0.000589070030371965,0.00064684799560762,0.000544403633802392,0.00030290234098958,8.13125613938004e-05,0.000328505022862745,0.000443677285103783,0.000143729571213722,0.000630367468619119,0.000205974153584415,0.00111765562852174,8.6173736252311e-05,0.000357997507418478,0.000746440966446008,0.00153531375429395,3.74183406848617e-05,0.00300334925630909,0.0010131749369456,0.0129677723500671,0.000495141728105779,0.00217754049665387,0.000358160618311742,0.00195017447531641,0.00123751322370037,0.00330123763747028,0.000228175611451189,0.0170974209918612,0.000718523029559223,0.00145033617403796,0.00106779193322223,0.0119478104386985,0.000256765301757119,0.000524402896530117,0.000433394900875889
107.75,0.00503566346802154,0.000180407301444058,0.00220877321749446,0.00163571940462618,0.000782265198813962,0.000313056280337365,0.000769460608086942,0.000455202973422434,0.000364663452898345,0.00466537482157636,0.00316141057996123,0.00151320313422387,4.6050774380022e-05,0.0261448499920204,0.000257476940311905,0.00428311143253261,0.0020837653991763,0.00110639705378324,7.93232891432777e-05,0.000530712741834817,0.000354866740426164,0.000591971807181032,0.00010476765074584,0.000465392745636756,0.00161720258873332,6.09004882532785e-05,0.000161254575202459,0.000189587928407909,0.000917222271856723,0.00228298489674559,0.00167230864983873,0.00212543196096913,0.000932483478478199,2.32628569281893e-05,0.000599950691009541,0.000443372373242751,0.000823555088078126,0.000165044632067259,0.00259242998316826,0.000104770582168377,0.0021385880022293,0.000373808086175574,0.000174898695548523,8.86293668382756e-05,0.000321104049124799,0.000216838302718569,0.00266549269844634,0.000548345767901696,0.000332792130978612,0.00044853194306624,0.000676609506998245,0.000155891781277826,0.00298827759690487,0.000820249013641482,0.00125731411520929,0.0009413310809083,0.00064049152700393,6.70716020380115e-05,0.000149931387813734,0.00535240947249455,0.00281880242463894,0.0493180938631327,0.000525828288088449,0.000944152619956245,0.000778437596534313
108,0.00359854650011721,0.00737310337714047,0.00100119509139537,0.000984907039893458,0.000351695712019143,0.000920140655819641,1.9250354218539e-05,0.00112456867998135,0.000450737107062758,0.00452883429371412,0.00198673205483935,0.00700292651794633,0.00150429053485319,0.318267339886405,0.000808568798053359,0.00458483706859749,0.0051648533608894,0.000360153585098215,5.46971805945864e-05,0.000447041293661629,0.000116781983189145,0.000276221592552245,0.0002633114021255,0.00048213109690349,0.000941954823365185,0.00328510845417868,9.72348939957548e-05,0.00410353220000751,0.00205913166251014,0.025802251409224,0.000241978283882254,0.00521280242777156,0.00014202944770109,0.000647306945964923,0.000116758241153855,0.000145813319252817,0.000256299194575352,0.000629821878921972,0.00258112366491208,0.00658648323181358,0.000697356529400938,0.00134535377082379,0.000700956696805596,0.000682990930664826,0.0013496476180616,0.00150314779401073,0.00297789419403206,0.00264685607471706,0.000938082782181591,0.00963279507429282,0.000273709099905728,0.00242145885272755,0.00274261976515641,0.00731634083257249,0.00235129993098781,0.00460315419309057,0.00104013215544526,0.0141091900700042,0.00037287278591312,0.00515629772866056,0.0018126638149048,0.0169369890689097,0.000678746688714376,0.000582079632443403,2.69736235840782e-05
108.25,0.00212281558334789,0.000666190998821053,0.00216223211234865,0.00148165393939363,0.000552280542113679,0.00539397068401751,0.000250867502812621,0.000421023949033492,0.000601198666011501,0.000754103494453883,0.00245114179735038,0.000700163978849726,0.00121531875235703,0.17799699895076,3.73053561234436e-05,0.00278571200912502,0.000810362718863292,0.000843120327846222,0.000253852958350403,0.000113864829192435,0.000242845317062147,0.000181665615884306,0.000166645178960975,0.000180651681317997,0.00145032876035489,0.00849009401907912,0.00055799746287922,0.00813421725287204,0.00272348876456344,0.00180410954892166,0.00118835098364324,0.00197463640951736,0.000971566391507205,5.58357395108538e-05,8.99562103850783e-05,0.000782077854004309,8.57267030892199e-05,0.000204396759900922,0.00202295759514399,0.00013586935426805,0.000827527801446493,0.00270328242179358,7.80077645068263e-05,0.00233227212333327,0.000307672715401029,0.000151880644208453,0.00316287055520191,0.000940918058442899,0.000302019558615373,0.0183652453793491,0.000439402066376501,0.00103847463342182,0.00387762058358979,0.000194871613311688,0.00221416426087587,0.00420052224828671,0.00328366726366195,0.00326645415443871,0.000446137802557675,0.00181820600691708,0.0016696217171299,0.0229722236242837,1.45501409423835e-05,5.71779216101589e-05,0.000195032704667948
108.5,0.000511907633245827,0.00137520875083821,0.000589863196361502,0.000892361740846392,8.06785700564053e-05,1.44931230537348e-05,0.000379477541355108,1.34863245406755e-05,0.0018317620454436,0.00101389135454916,0.00118973638709445,0.000857613634655688,0.00216227436667045,0.0665075019185885,0.000182129980658951,0.000234844386128636,0.000108131354603723,0.000203376628239546,2.26024002312143e-05,6.04135861999658e-05,3.63990340361223e-05,0.000415584005407854,0.000150811004317738,0.000515041908785601,0.00219758286455698,0.000472414045917838,0.000978121435086873,0.000239709747909296,0.00811415692072134,0.00503445430829674,0.00013882363644958,0.00247456807439089,0.000102527704618644,0.000197166004686274,0.000208876745090176,0.000116762841888044,0.00011861895619151,3.03302156728406e-05,0.00038912704631357,0.00021224567815071,0.00034532675635574,0.000267712511561842,9.8799487053618e-05,3.49405791124643e-05,0.000401468577684055,0.000291891647634784,0.000872637128184666,0.000401625551311411,0.00142731656980314,0.0010382300937286,4.07055922983879e-05,0.000158041460864698,0.000626959534280044,0.00147282645304704,0.00307940523115181,3.53808010033097e-05,5.92195987695476e-05,0.0119601633602619,6.25108498187308e-05,0.00127511765734572,0.000372673028617161,0.00561230131425322,0.000214494860593083,7.54818280391965e-06,4.8447970898625e-05
108.75,0.000180624178109771,0.00260828948787587,0.000731471838166096,0.00211104591900323,0.000566178773394352,0.00101227653605494,0.000192364826343795,0.000455785511082791,0.000640813036859051,0.00630411152701721,0.00148615360551195,0.00361684916941924,0.000693510023711533,0.17875588096308,0.000160571540297509,0.0100346284940558,0.000921064436633346,0.000563222926013289,0.000836872168125126,0.000303840110226971,0.000851405733876895,0.00102664062112986,0.000387308690196724,0.000656153133613601,0.000191170946852975,0.00265592884581067,5.69524259358015e-05,0.00104927664416754,0.00072195558674093,0.006366147798087,0.000500149340029373,0.00311556413262161,0.000111330912610257,4.85701361410119e-05,6.42647516617423e-05,0.000296852146031768,0.00016503099337327,0.00017390022539481,0.000355456902483152,0.00259025024209974,0.000396327720424666,0.000645373272183091,0.000197582807633317,0.000531905150002206,0.000867213427648127,0.00217222941750441,4.39791382041093e-05,0.00526574719181378,0.000357617647897133,0.000376609350669948,4.53022279628912e-05,0.00130436861222435,0.000937748272975892,0.00412798669722291,0.00116333898121191,0.00146268743404555,6.48786391816829e-05,9.13634635473408e-05,0.00112127349967155,0.0114009660486918,0.00186657970156296,0.0549699154473371,1.69862237091627e-05,0.000237820421738323,0.00035840297411592
109,0.00252513622179931,0.00266903401251317,8.36079526155643e-06,0.00495949800821333,0.000568281326727223,8.57662517384995e-05,7.41309592314368e-05,0.00100407137701126,0.000159611276351834,0.00112967163853932,0.00103874679973376,0.000620646000037639,0.000428971970803581,0.0577576892729514,0.00040019507980285,0.00279231690040142,0.000897003333769723,0.000247503607041434,0.00118983465549366,0.000535552871303778,3.69492124172707e-05,0.000231984041228026,8.93190355978813e-05,0.000200407273109468,0.0013612080618003,0.00067006705560758,0.000260967416265551,0.00085645701967228,0.000255925144061041,0.00536425869872753,0.000680629853112652,0.000747408688744882,1.36733758412249e-05,0.000902908265651852,0.000376908605683892,2.9706680852144e-05,0.000159829689506071,0.000173146534951836,0.000434462643925201,0.000435309660134599,0.000309833717193172,2.51124142900079e-05,0.000106640215519652,0.00122538677110883,3.22651026932449e-05,0.000711701690756995,0.00067878631322527,0.00196900609390792,0.000443076004400415,0.00100098484837135,9.55427634466959e-05,0.000571357310481426,0.000603662536181659,0.00231910567523591,0.000297599094416008,0.000373645944285838,0.000510323691664111,0.00131750665526637,0.000417292523616634,0.00240623775255079,0.000950706449243716,0.0154164171871983,0.00100188087242479,0.000718669306360947,0.000248818884614507
109.25,0.000650272361377503,0.000635202798850315,0.000537053896060611,0.000123750476269079,7.83169446421199e-06,0.00040917065356527,2.25259821468603e-05,0.000375260449544342,0.000951413075529543,0.00146432812705841,0.000180416747085946,0.00172039341156323,0.00184238538885754,0.00304092342336303,0.000813727055830477,0.00175645675549019,0.000197943837619522,0.000645122432234832,6.82317896074984e-05,0.000156227863030997,5.68248654938728e-05,9.50537320513217e-05,0.000216755912636894,0.000218210654509763,0.00101925772376441,0.00103127919351103,0.000189485295454868,8.49091490824153e-05,0.00283608010450082,0.00370450269275011,0.00154830198475506,0.00128365009005082,0.000387259907081607,0.000481825696544785,7.29059388768658e-05,3.07555674204798e-05,3.33756623887203e-05,0.000170964095720097,0.000294906682579101,0.00150161406769449,0.000300890267331358,0.00025477568168201,4.52874371421212e-05,0.000119659538344256,1.60330839141672e-05,0.000181288064050431,0.00187656285916688,0.000232522874553139,0.0012128720149352,0.000562142987440091,6.26545583644386e-05,0.00128985397020046,0.000234710297608687,0.000775052592383858,0.000509373895762515,0.000328360917372246,0.00475118752293975,0.000971292611530141,0.00041940398239229,0.00228657583616798,0.00133718221936735,0.0193733171144358,5.40630300432321e-05,0.000672595484726353,3.12938009391029e-05
109.5,0.00188726507192679,0.000860739516168103,0.00109684951753506,0.000760206574199854,0.000744656112064892,0.00047325550382832,0.000521408291998182,8.03718479939769e-05,0.000118327707739509,0.00097879318582857,0.000471374460002611,0.000109872115168164,0.00159850389922121,0.534797880818689,0.000444541373080312,0.000876766374835966,0.00132776765120479,0.000718008510170119,0.000327646909749349,0.000297703361435355,0.000657753040572524,5.89210297316028e-05,0.000100686725145024,0.000494532753584386,0.000857270543706348,0.000270371583360993,0.000814901291729192,0.000633124412339441,0.00148564789772562,0.00453712833510618,0.00308909336777058,0.00173228160234414,0.000654021167711884,0.000694545773858064,0.000541415624588064,1.51463851305254e-05,0.00023770575335183,0.000135215982171793,0.00111262431535033,0.000379222141120339,0.00257868943891345,0.000141729734421863,0.000167599876940893,0.000282944013159508,0.000150670578359311,0.000665754495115278,0.000423906199651037,0.000592142837854114,0.000841678065374389,0.00554642576116345,0.000205241074807441,0.000202146530981859,0.00132329402011343,0.00129104783296833,0.000877898527535818,0.000267201297559169,0.00161162692219971,0.00167081907114261,9.91451278730383e-05,0.000704419188574743,0.00155088580384476,0.0108493613283153,0.000170251403702238,0.000169250926641175,0.000362843848335444
109.75,0.000160913294038663,0.000496743669241747,0.000294465717649524,0.000639910625184384,0.000160661684756775,0.000690159577011494,0.000283585614135117,0.00146142133839735,0.00022680446374813,0.00388556479673814,0.000158249337868547,8.06114396454514e-05,0.000752228836562717,0.391612013493979,0.000263784626205158,0.00490913832958164,0.000152206014248074,0.000951155502437105,0.000621005903242621,0.00091076896971575,0.000922625865034581,0.00268913932203756,0.000132944469412304,0.000566809895224593,0.000290080107338685,0.000740343849521304,0.000173374213217943,0.00460719121153012,0.000293274812880093,0.0043685405237952,0.000996096155468455,0.00120528112624633,0.00130411784849169,0.000827465806322383,0.00112238630943391,0.00181280495815674,0.000105092526391745,0.000925031138035309,1.90549595470214e-05,0.00135356127396213,0.000864345276973789,0.00128496922972587,7.32206929319292e-05,0.00151740295807198,0.000536170864596016,0.00132264704689231,0.00139896275674764,6.09653343849694e-06,0.000321119455842358,0.0078839354777694,0.000242557968329316,0.00180522299459832,0.000793473481260184,0.000285969924237159,0.000927923023542408,7.7945530440843e-05,0.00096503571339167,0.0068315483379399,7.33240112175761e-05,0.00412686030556383,0.00171539737795192,0.0314570660795817,2.69886078998047e-05,0.00137719295323163,0.00195822624585607
110,0.000522872568136391,0.000350309369989141,0.000639591413305468,0.00026868981621922,0.000175036856560012,0.000834956901417291,2.30133068850869e-05,4.51745113577913e-05,3.18124517911401e-05,0.000150754674013754,0.000792246680119634,0.000554714230404496,0.000911592715141843,0.0513546826937825,0.000702896680835172,0.00208890392715815,3.64054935714186e-05,0.000262191355991252,0.000134043201837567,9.89935089775736e-07,0.000398310104473502,7.17089681677013e-05,0.000322685726276516,7.35615792984694e-05,0.000874679818638904,0.00173619703860854,0.000353227164437472,0.000597250935824727,0.000487071465614506,0.00258427814208255,0.00149219261349427,0.000553316872106165,0.000173559790029434,2.68685529837347e-05,0.000337289213006656,0.000475638902823328,0.000105844092268354,5.72310863355722e-05,0.000198992587992151,0.000399335334044544,0.000312131985100293,9.0331792067214e-05,0.000532848538128297,0.000570198479047822,0.000234395815311475,8.38806484475956e-06,0.000286901609843623,0.000243546309610024,0.00019638836282848,0.00339627397726581,0.000252330835650239,0.000524687021312775,0.000463233288486265,0.000236546038471947,0.00150125318936681,0.0017025902110038,0.000150273541310903,0.00802022160695887,0.000313410862902407,0.00188613862014455,0.000590511493487131,0.00744679909387441,0.000356108977558693,1.93145834942656e-05,3.39999608436291e-05
110.25,0.000623420680424312,0.00249758990209197,0.000554044340489046,0.0064201398317695,0.000219238415601991,0.00127496013183277,0.00102099059788301,0.000214806594188152,1.3787528904492e-05,0.000697474430588933,0.00079605301196153,0.00472061994411479,0.00379693084459678,0.173092608936694,0.00155099924587893,0.000639760578579288,0.000262059344972644,0.000105155534258258,0.00121113483298001,0.000614523502231977,8.39533474744309e-05,0.00138742633507601,0.000319285019235291,0.00035211029811098,0.000487626980402296,0.00328973510859634,0.000923274330913669,0.00141013577974867,0.00833530077288234,0.00708447838571844,0.00518548444821586,3.23136989712431e-05,0.000274168346477916,0.0024492850706014,0.000661858993419759,0.00148713662328846,0.000780145195613158,9.75813010686658e-05,0.000351246144054529,0.00475095276713497,0.00146791630434814,0.00392137575267139,0.00197755520691114,0.000217824199633237,0.00119667689467954,0.000431334091131442,0.000985509612316032,0.00595596945863341,0.00207336937527379,0.0075330911816584,0.000492296014013483,0.000420442246827304,0.000455355173459341,0.00458226324631017,0.000793795886245878,0.00767543103999928,0.00684985749411055,0.000287708236246985,0.000891296626440439,0.00182447351437409,0.00293672931907944,0.0139480082417291,0.000136861247895363,0.00122802011385981,0.000594903626338773
110.5,0.00465888425372239,0.00267773843072837,0.00293428379169106,0.000496417348554299,0.000545135164808229,0.0017864805948095,0.000726133089039372,0.00022385970620866,0.000477546710427143,0.000464992920114455,0.00463432446908435,0.0012873821266659,0.000437349340480884,0.334813312466158,0.00220946304479619,9.53864524226149e-05,0.000625976791254142,8.07566218938753e-05,0.000113803806554446,0.000479948671131156,8.57313354991363e-05,0.000597408623352028,4.75337374357866e-05,0.000184594043636741,0.00112673534548019,0.00190030472021714,0.000380894443645635,0.00318905832229109,0.00406983872303663,0.0158291883517974,0.00232611636363725,0.000239805335603552,0.000303794059144328,0.000190187758074389,7.82354406865398e-05,0.000437695976230872,0.000246432714715642,0.000271756407645363,0.00188232154945999,0.000263279133859269,0.000423438528676526,0.000533928653683364,0.00056853141926137,0.000956119168349218,0.00149300730293247,0.000226264232330023,0.000249598255557459,0.000457022933330905,0.000664950021789124,0.0102585424573964,0.000827977917209461,0.000408628574115829,0.00579122147114389,0.00168713661729014,0.000958277878864859,0.00180675975340621,0.00101017905018313,0.00361029216386118,0.00173321825052204,0.000971143976523497,0.000963324001601801,0.00530914413809205,0.000613159833801428,0.000704745647821131,2.98377120802007e-06
110.75,0.000577320053445128,0.00217275201625515,0.000365196385041999,0.000630407633779427,0.000296054694749213,0.000248090341627413,0.00125970216590237,0.00077968659300953,0.00105733697413054,0.000801434995945015,0.00106449591027489,0.00468769476325116,0.00154700305955154,0.014055568446951,0.000383430495712055,0.000293937373249288,0.000232456178355657,0.000191391780965199,0.000315782275989859,0.00087799104966503,2.63186703071795e-05,0.00108648161509195,0.000728335418856188,0.00130068545857419,0.00155218229092025,0.00127914423165579,0.000494619326606064,0.000525800467878342,0.00080519187073589,0.00150209211136453,0.000653447189174774,0.00119315390553958,0.000672660449677792,6.45834325043372e-05,0.000247663972173214,0.000323639992798079,0.00044580569051905,0.000225777312879327,5.81017348295333e-05,0.00109363632659767,0.000193262047558987,9.93401524220678e-05,0.000337393912089218,0.000120017655068941,0.000962019664878043,0.000207058041116474,0.00152092068351616,0.00361763608493588,0.000569909449697049,0.00116587876991918,0.000642145939774674,1.75939269577933e-05,0.00122737651460947,0.0031065637727398,0.00185700661171101,0.000515310221757905,0.000201117339499962,0.00237082685492365,0.000533925973155386,0.00112595631277975,0.00117371805938144,0.0124454167400366,0.000858340616168224,0.000444704533688516,0.000237426360063151
111,0.00436653409156272,0.00200161186444982,0.00157292491133901,0.00113101502220178,0.000673445881155847,2.08460145625943e-05,0.000116315857707589,7.73305381178961e-05,0.000593677945154818,0.000793697365619055,0.00432314468470252,0.00114207452555531,0.000387588431509711,0.00699921442432633,0.000506685793575061,0.00167075688267308,0.0024139729823807,0.00058978849673675,0.000842064865761722,7.48096712741706e-05,0.000518964295450096,0.000853489330505717,0.000188383655880793,0.000154623728831117,0.00167467844922978,0.00183160716596841,0.000220026493973726,0.00084377140142251,0.00117799780746947,0.00225750734095698,0.00204704151012846,0.00320061553004888,0.00101504671870948,0.000311374933659106,1.91367619126466e-05,0.000201676573407195,3.84462540555801e-05,2.91639804262178e-06,0.00172064085603601,0.00102717163202195,0.00114759532801231,0.000204399355522114,0.000543374339405978,7.39808638300285e-05,0.000990996110507534,0.000160988878658244,0.00350435912582427,0.00181324592310561,0.000182575371061798,0.000442060118815663,0.000352546259776529,0.000665230286290662,0.00477712483472705,0.00309162849890067,0.00148480430376203,0.000374626748223978,0.00232785971526017,0.000303146650268781,0.000741142217221454,0.00197495684871272,0.00148163776004035,0.0113014286746769,6.53541096818688e-05,0.000166984873712194,0.000401207869346229
111.25,0.00157662935192464,0.00140528688890327,0.000575796286979696,0.000301074641971799,0.00149121748399597,2.73680055674687e-05,0.000360192953710048,0.00091895513666017,0.000935993669780926,0.00446860184807271,0.00325179212107683,0.00200915399759058,0.00643501730729288,0.0177086145787798,0.00158858824033615,0.00346397609160137,0.00200054146366458,0.00109142948983271,0.000177416656636283,4.07733808843893e-05,0.000946189036078509,9.3896849121095e-05,0.000391150191501771,0.000220644441752696,0.00474924487010218,0.00057044955695829,0.00171852368675132,0.00040236020980854,0.0074466293677089,0.0129632826472507,0.00304459719381049,0.00106465167253168,0.0010632657909534,5.34263489111026e-05,0.00017556300915627,4.03943893117659e-05,4.11813758416086e-06,0.000296425335599841,0.000623004151301241,0.000310866595209127,0.000640946700165312,0.000379752049673789,0.000199036041667545,0.000135651849411839,0.000585408862231785,0.000967721150381039,0.0017647583566706,0.00322777915820523,0.00477711447535241,2.02433026640744e-05,0.000119576527659414,0.00113830416064897,0.00232271812002976,0.00439227157188934,0.00518409043402069,0.00130038223525069,0.00134233570142708,0.00799330824890104,0.000964094870356327,0.00725739641192207,0.00495978451600948,0.0315485404798231,3.54302583319281e-05,0.000636064000688778,0.000211751930288488
111.5,0.000406196510254569,0.000747188559507828,0.00108907322930477,0.00124749287068504,0.00168617018757085,0.000352775086161865,0.000308676025289364,0.000392051630054357,0.000925888550929975,0.00328290988255706,0.00365641023208395,0.00321561783821306,0.00182027183134044,0.014884496009323,0.00108134881592199,0.00309712280765808,0.00115642057642723,0.00181585174433069,0.00238837854084987,0.000613203495234925,0.00166738626787684,0.000983844375149945,0.000730940050940423,0.000166690090422728,0.00390717196307551,0.000885542355653163,0.000685175848314604,0.000810114571665226,0.00479268196441936,0.00306643691520731,0.000953073955588361,0.000179342568600687,0.00174117195822629,0.000196792274581369,0.00235396330698678,8.03975363194351e-05,0.00169089084510149,0.000108492824425175,0.000807282689290357,0.0016081660887343,0.00245013738192399,0.000151886855027344,0.000561843389779512,0.00052027073684395,4.07180947275152e-05,0.00101930988708199,0.00423914099599373,0.00208298919646147,0.00272734827501593,0.0015329708066714,0.000186107418581015,0.00206220914684473,0.00304044960012683,0.00243774231107409,0.00249703053109868,0.00121811019138683,0.000662154792339653,0.0154180600797976,0.000305619042639009,0.00363243563661657,0.00360137782284743,0.0107992787289745,0.000201374817728721,0.00138869498415412,0.00244124781408061
111.75,0.0005552556186168,0.000247419244463578,0.000553600707546142,0.000100541082648163,0.000107320200384006,0.000588166203606341,0.000133990805050343,0.000699810740713873,0.000601289072721348,0.00176534122862729,0.00016775277957505,0.000866815167406817,0.000618466897734667,0.179154985179127,0.000375588143004527,0.000922146580294557,0.000126535257788542,0.000334758675715233,6.63571495999075e-05,0.00218824790107893,0.000657336641338134,0.000649627942315899,4.19821076448582e-05,0.000426230929547002,0.000204816879648736,0.00094763167330027,0.000258035853056914,0.00134834243817556,7.75067300354242e-05,0.000918151066106005,0.00078124709797654,0.000162278767596811,0.000751707045943886,0.000332721400325368,0.000259690905956607,0.000100794610659128,0.000260600391406658,0.000596024930428677,0.000407217251480367,0.000619238942503677,0.000234387215246746,0.00064919362932856,0.000450131020335843,0.000345758503363775,0.000590260270861076,0.000140771120212504,0.000679284150646593,0.000476706247301621,0.000392510365077171,0.0051515838840819,9.57083844743622e-05,0.000443992779824529,9.47542373118861e-06,0.000338263754677321,0.000533071711550547,0.000602463656333282,0.00179895215064917,0.00150259041437279,0.000322904543778907,6.71389890258627e-05,0.000400336797816747,0.00750425182088673,0.000186367044130772,0.000366633982270324,0.000466045272770877
112,0.000273087763362915,0.000540330646379666,0.00074095280281037,6.3934053023178e-05,4.78545587025351e-05,0.00023510878141658,7.45562660415826e-05,0.000177316458322624,0.00352332116755109,0.00376482587545874,0.000837436063860924,0.000524151856317505,0.00121950620470389,0.0150405543436381,8.07329022157966e-05,0.00226258978771822,0.00101174407883046,0.000456860929134696,9.65179530481426e-05,0.000192987430429541,0.000378208724135869,0.000439311660976252,0.000442416807105025,8.48096418971006e-05,0.000523264946955336,0.000687186000020423,0.000585467765308695,7.25720411744358e-05,0.00153932317519613,0.00269818527443221,0.00145608361998081,0.000479697422103007,9.62920993745247e-05,0.000125113899422051,0.000506857584180877,3.01700177792379e-05,5.40124356536547e-05,0.000529032797012049,0.000485615950249448,0.000665640177588751,0.000114162635973016,0.000160531616105301,0.000475676062325927,1.93036357533727e-05,2.59582201252901e-05,0.00155582443607121,0.000743242667810264,6.99411045906751e-06,0.000463467016911131,0.000686640714705152,1.1179714667864e-05,0.00090734559099899,0.000612898119993322,0.000396849914265898,0.000885761110596688,0.000927732781929761,0.000172170971357681,0.00105823366872864,0.000987018498624288,0.00381602540894594,0.00338605924432919,0.0273740281131541,0.000148823937798902,0.00042296041923574,0.0003634451478698
112.25,0.00295985466349725,0.000994725156271017,0.00140257532521529,0.000222731563408119,0.000213740992222719,0.0002306514018856,0.000484554729499959,5.28456829955548e-05,0.000968306764066989,0.00222302277166949,0.000501291365157772,0.000563149124194133,0.000614074245970343,0.125773417947858,0.000666854623654237,0.0021616886639121,0.000325488722248016,2.14327289926994e-05,0.000166757972102025,8.8932245953946e-07,0.00029917765787749,0.000135888716886603,0.000207635889390648,0.000338851120362178,0.000116339714208167,0.000847057434580752,0.000151730643240946,0.00016930444761072,0.000839010322660657,0.00251649991949303,8.89361796264151e-05,0.00205710779282306,0.000405390572018761,0.000193658970828026,0.00124539526616978,0.000400307914868104,1.71258311642046e-05,0.000101369761511042,0.00120846880212167,0.00103242845547315,0.00112939651302313,0.000433795916529495,0.000394449734613024,0.000119275125839586,0.000646375162550122,0.00024687809421121,9.53231837868553e-06,9.78999548348832e-05,0.000683542000111892,0.00132702350852472,0.000153047571499717,0.000240772335380574,0.000874000983458852,0.000515118372564571,0.000272592878776478,0.00063415762889664,9.02932866865611e-05,0.00477102420745358,0.000272759411193937,0.00157048282974978,0.00103176973094603,0.0259978871659256,0.000277020229270123,0.000451337357165201,0.00026334564639923
112.5,0.00308899051556208,0.000357083039034166,0.00108952847528674,0.00036316084748813,2.78513576509803e-05,0.00100948545598107,2.77547582917696e-05,2.90459075571893e-05,0.000342666686705102,0.00228761145836688,0.00110653876431878,9.31636378967561e-05,0.00209698253516471,0.200555878869464,8.840319048329e-05,0.000356909351206952,0.00128729367804734,0.000108526539210602,0.000155196300675558,1.75406934403318e-05,7.15967144635497e-06,0.000539512456136318,0.000269682495353883,0.00067132460323648,0.000687784626012656,0.00294004420697885,8.02982192595901e-05,0.000444269562898901,0.00131583365068039,0.00408075080486258,0.00050585630842995,0.00226881137730472,2.81391605615446e-05,0.000204350145316981,2.94640651234512e-06,0.000349830820507301,0.000134594561212305,0.000139563437481783,0.00131121452996644,0.000300856076566835,0.000692574634668722,0.00143634018067244,0.000495548698137398,0.000903472860427538,0.000218612880601241,0.000607927744254577,0.000979496424204439,0.000947090288859125,0.00150805553229008,0.00437803598092143,0.000107243733706381,0.000383215404848345,0.0032543235405584,2.65704684373948e-05,0.00112783896403161,0.000749650581450488,9.35005286773258e-05,0.00795212677279231,0.000231310012352204,0.00114822514418804,0.000633165994204134,0.00149101183013862,0.000144717230855507,0.000455365925695583,4.32030076822839e-05
112.75,0.000551500750736903,0.00110356256674236,0.00108051626222051,0.000260873011020529,9.38598167955748e-05,0.000350850698376252,2.02338158376427e-05,0.000129677418783277,0.00248004896452571,0.00296989624749131,0.00230736272491105,0.000599337774735326,0.000617783076940431,0.281583629212837,0.000607239608601103,0.000731073721644823,0.000404031206063485,0.000172521317714454,0.00120641402311952,3.63499266676065e-05,0.000633582136240847,0.000140820841959719,0.000344430737425227,0.000165975023163423,0.00198372961989925,0.000123706428433528,0.000435760102942379,0.000959189013767873,0.00107750126180817,0.00339734343812571,0.000617611877004007,0.000795251181215743,0.000661419840269997,5.15071002933419e-06,0.000189010016911584,0.000387179474046931,0.000526971064144196,0.0003457966521649,0.000505574807014294,0.00281893388852197,0.000414264770011337,0.000106340294139328,0.000232985932479438,0.000575381697550317,0.000105633955395008,0.000292040333634504,0.00233613179303663,2.66413323214844e-05,0.000652958318725252,0.00405207249127036,4.47815206816012e-05,2.32097027667844e-06,0.00161958142051131,0.00122892987242603,0.000587084103883602,0.000299472710660201,0.00106274132233893,0.00191801253277062,0.000308720258595864,0.00361736658985829,0.00188721764970847,0.0130203753487736,2.61258221896872e-05,2.28041117453391e-05,0.000296007427598199
113,0.000568918982514867,0.00102653851136937,0.000149879844006264,0.000496633099945535,7.19598513185394e-05,2.89301926520805e-05,0.000273524085679215,2.69117175953579e-05,0.000860662725622634,0.0043799849363238,0.000934308387149187,0.000415174705562127,0.00134794877765772,0.0388322094235172,0.00153961545861272,0.00216954778231749,0.00277544442591642,0.000207258910918902,0.000302689438317094,0.000138874111657379,0.000151308472656279,6.5139897549198e-05,0.000157494904296295,0.000876247480159568,0.000515224805493765,0.000272274688465305,0.000413821746565747,0.00118688741224687,0.00136439444878997,0.00196657023793274,0.000742964312475432,0.000416385112799585,0.000240297955783214,0.000190556002570128,0.000293730472475924,0.000431361785121774,0.000256974408328966,5.56839951399025e-05,0.000487276896412811,0.000157782954719216,0.000672236928326037,0.000614562249331277,0.000131834498245714,5.46709630092321e-07,3.68983474020104e-05,0.00114042411521333,0.000287884630677104,0.00124597659991944,0.00104445511498571,0.00265156578958582,0.000165490297041927,0.000172380408934973,0.000189597764489112,0.00072817995525787,0.000642420745789398,0.000182202802577505,0.00117141884617236,0.00231079762280127,0.00026211937455884,0.00673550949000898,0.00144646493642322,0.015532652028147,4.89734947872931e-05,0.0007530446697064,0.000167863824796653
113.25,0.00116874975072488,0.000686959510422327,0.000611651616278745,0.00014547362087541,7.14994519130857e-05,0.00115562142668624,0.000228354950084903,0.000765492605299194,0.00073953159787125,0.00085376131253398,0.00831156404703798,0.000520610661880295,0.00226969328863872,0.271908889863194,9.04040552814776e-05,0.00055843871509169,0.00069233730464566,0.00133560723478926,2.3218355679836e-05,3.89507451493813e-05,0.000221301822824823,0.000886061304773257,0.000394784217317028,0.000735284792083442,0.00411837700164197,3.18030882580106e-05,0.000772405489351518,0.000617423364392827,0.00780550211274117,0.00960149356870398,0.00215274490310185,0.000475256209687244,0.00122792472339485,0.000193523804200341,8.90747749695344e-05,0.000268829073964659,9.48594246394379e-06,0.000321854678045659,0.000817349169821153,8.421233877613e-05,0.000380907489296902,0.000103240718359538,0.000168160518792528,0.000796144148244715,0.000690223521430351,0.000334346413641811,0.00497386535563812,0.000418313016888568,0.0009556792102052,0.00279606643729008,0.000112776654465164,0.000311629609558099,0.00414594483800831,0.00119793342506159,0.00433955984662098,0.000311323697575858,0.000692675641509752,0.00178070283934656,8.38436982138087e-05,0.00168016927179859,0.000343291647475585,0.0107848544500971,0.000152904938980529,0.000264344102777637,0.000643563903791803
113.5,0.00215900979963717,0.00114613277379447,0.000604550709656722,4.60555722968245e-05,0.000320026844392914,0.000370751299586837,0.000413046425019964,2.68717298370349e-05,0.00179812842798101,0.00209324080947788,0.00203264183529583,0.000672488395563721,0.000274095112131396,0.0642237243157603,0.000512678364326762,0.00301830235160824,0.000287485769458681,0.000175319190742567,5.39622277294978e-05,0.000286881233767288,2.73052891270641e-05,0.000400680915697976,0.000749103405226753,9.08385081703247e-06,0.00138948585642325,2.79262621094089e-05,0.000976807413768389,0.00128793653661624,0.00158327549664555,0.00107134086169633,0.00344887606093743,7.53255647908049e-05,0.000729142580218713,0.00022068165424223,0.000855935074404507,0.000299402283581653,4.34678451406145e-05,0.000337746959392406,0.000803303019241663,0.00225764710840101,0.000917429944240071,0.00151174542681318,7.08133054938228e-05,0.000467356782338684,0.00105887412588585,0.001529617647827,0.00137839710686487,0.000967219333682921,2.06090554273076e-05,0.00303776686692442,0.000197782379118389,0.000584056801583107,0.00438609499427504,0.00100714922999779,0.000961619287293692,0.00118474224864974,0.00165772378574345,0.00849658481031618,0.000137501026343124,0.00342086985469568,0.00311878270328509,0.0333968727869661,0.000363010641113871,0.000427360855080299,0.000176913343894023
113.75,0.000486435823830067,0.00166353660394124,0.000295358906939512,0.000139843779645527,0.000619845646109487,0.000151692980517176,0.000293822214962361,0.00024361325125464,0.000647851359453025,0.00423751712636689,0.000689951131236053,0.0017918619978585,0.00123794220678559,0.0287989173437237,0.000369928044917102,0.00183996287931777,0.000287841759565915,0.000542430721695904,0.000333260274789935,0.000793979217027272,0.000307921364201507,5.51327271040058e-05,0.000181300111358632,0.000118017777152446,0.000312915483974528,0.000616728877341902,0.000236372723412535,0.000222762268900404,0.000459593402475193,4.64109274661307e-06,0.000664989259466771,0.000953926079474081,4.18233546927373e-05,0.000122021058524402,6.17941965600967e-05,0.000330323506649629,8.75709086629162e-05,9.09651015136045e-05,9.6615703907816e-06,0.000956043379091926,0.000160974071166145,0.00103422374536005,9.79157668481381e-07,4.63834147267428e-05,0.000535063347830398,0.00157262257615384,0.000281714046617234,0.00282384912588415,0.0010374355632794,0.000318186312237462,0.00035584996911993,0.00127673318377408,0.00143260837946708,0.00253181503255922,0.00105820871343867,0.00084456635970472,0.000203177495295512,0.00508763491957793,0.000727835707539354,0.00510649189011738,0.00051544270137552,0.0176407585412362,0.00061723001292296,5.87085224724858e-05,0.000463237868149731
114,0.000206227979860834,0.000447549716739593,0.00256238928919187,0.00373251147486569,0.00105377301345297,0.00115510397844369,0.000348034160276106,0.000312898055006522,0.000958341974936411,0.000636882024297992,0.00125833513267175,0.00155645028751329,0.000885582244026468,0.298587482084046,0.00131034863257569,0.00100689859908227,0.000611528649354217,0.000340011434140831,0.00231712118491847,0.00022516597286536,0.00113841365060804,0.00159368574817576,0.000976723355528093,0.00111392802887719,0.000655265418758549,0.00418361255109851,0.00049006116511199,0.000812073540088166,0.000841440127996418,0.00872719739371919,0.000763605275646062,0.00102690631413484,0.00169255624700457,0.0025250109102232,0.000603951989468279,0.00097253810400892,0.0006121365904268,0.000584040905843567,0.000647617822308946,0.00129649215609,0.000950694248380839,0.00106553477651512,6.45124169421592e-05,0.000893259327385593,0.000232931973262982,0.000114716494739766,0.00198959571633121,0.00099976645331512,0.00063270786693606,0.00684840135182226,0.000887616589801255,0.000133470034124761,0.000325747890425214,0.000702979727871947,0.000576657378768843,0.00393700993641239,0.00110068248896087,0.0124791854261503,0.000245175642426853,0.00138243754516792,0.00314126879021987,0.00972549716687643,0.000251663927266446,0.000445281850213665,0.000952529232602898
114.25,0.001611767311018,1.45585417049561e-05,0.00173224717904019,0.000485646715815114,0.00054901928894773,0.000745164683140768,3.18219286146883e-05,0.000563499079237628,0.00357775079845388,0.00368579296492787,0.00247209450452966,0.000316662138748303,0.00142015668316366,0.0592545054199828,0.00107914838573947,0.000684180496898795,0.000102128549943805,0.000196700425212253,0.000965548839207557,0.000268154282220499,0.00124068077346535,0.000435997870789281,0.000566014890403667,0.000262485616913266,0.000614289355836317,0.00145874789522672,0.00015035642480116,0.00228094134855602,0.00262433753217321,0.00372866470243398,0.000161844446543466,0.000805098930320777,0.00029421797162719,0.000109033928407418,0.000558302348588287,0.000741749251176163,0.000361757029996436,0.000266961095763046,0.000958770234370656,7.81820872336198e-05,0.00214914593137623,0.00152222640299977,0.000126057557527715,0.000960066880817036,0.000552145919069612,0.00122926993664718,0.000801258610370227,0.00153783605549328,0.000485758101172614,0.00436766324217057,0.000105959505059586,0.000739613706917515,0.00487798016794552,0.000329856975479544,0.00307740185793645,0.000271554768160198,0.000516125766696959,0.0249428134596769,0.0010994301306172,0.00229161949419386,0.00239683595448018,0.00783716871740474,0.000273497135038067,0.000470116729152423,0.000849590298053508
114.5,0.00207843705970491,0.000671282273281862,0.00289260526304216,0.000822659720466708,0.000315668920093391,1.37695000584151e-05,0.00015775722217921,0.00040791966484229,0.000221600184832009,0.000986931486412105,0.00279070745790073,0.00190320907111324,0.00106002029281839,0.0244751747039998,0.000328929333275068,0.00172378670145628,0.00111090723953304,0.000343951317719247,0.000390440446863669,3.41062184994293e-05,0.000418367601384047,0.000165952349887089,3.12305444414864e-06,0.000218164521404358,0.000964335363194792,0.00044048587858852,0.000189085027116811,0.000176506031764118,0.00210227163935462,0.000336957932472933,0.00017041921203064,0.00364554061286178,0.000394256211645052,0.000308149102406471,0.000173830743424721,0.000217383726465523,0.000823175519090595,7.88488844817172e-05,0.002314716878076,0.000203393005992407,0.00162033450416551,0.000526225543768162,9.92037662882937e-05,0.000321548644358229,2.47366944567175e-05,0.000207550166198361,0.000788218869234658,0.00136188808332428,0.00104586047022611,0.000147831758993639,0.000412528030994038,0.000800502234709137,0.00404814007946645,0.00110684702039588,0.00110866609791361,0.00129522804419275,0.000213955932199702,0.0129435961167733,7.29485228524733e-05,0.0017551664092918,0.0022878656141572,0.0130698125361982,0.000199514542668194,2.07848090015562e-05,0.000145142563183699
114.75,0.00113019516265253,0.000739592889411265,2.94108203029963e-05,0.000759019648897327,0.000172831384110646,0.000317438002404225,6.92846408054062e-05,0.000296392786906497,0.000972620584162018,0.00495898913555213,0.00100711855682142,0.00105832889027679,0.00134584689905151,0.161027263056371,0.000169495570248527,0.000665975936948504,0.00120872944994539,0.000100438321915135,0.000747438239190936,0.000387940025709483,0.000393626771762416,0.00135658591153972,0.000220974222621957,0.00081658648570997,0.000519667900985664,0.000892129700423173,0.000720822163942696,0.000223260030677261,0.00101889067404736,0.00305128288167094,0.000784681397637821,0.000492529237050761,4.43980703561958e-05,0.00111907051763335,0.000576338564830472,0.000297520272054224,1.8290600755676e-05,0.000132109891113532,0.000737200126628625,0.00183445917011397,5.11081372336782e-05,0.000222431117435739,0.000118972597514941,0.00021283313480148,9.54621074322748e-06,0.00169625968366411,0.000448902551622175,0.000326862185075484,0.00103529271446626,0.00153471949022407,0.000123317368482662,0.000371524793162816,0.00516626763349742,0.000924672397133048,0.00165561382486173,0.000559537291841379,0.00125691431757348,0.018168357965559,0.000335548667390749,0.0045061665074679,0.00149590772042325,0.0216660522523184,0.000225897423120435,0.000706426398395399,0.000782238643079461
115,0.000138828434386945,0.000323280950152808,0.000734452409841033,0.00167432288281289,0.000392755186211384,0.000969581582508576,0.000320070094721311,0.000417847120605195,0.000976127449245354,0.00219302197520771,1.4345785194301e-05,0.000444846507813632,0.00071617928816667,0.144510071009082,0.00220664820985077,0.00078888611490971,0.000696735079502005,0.000123176330149104,0.00055560439484269,0.00119627043986165,0.000338810641341551,0.00137239137971898,0.000775481159905309,0.000210982295114049,0.000288494224372323,0.000500296809192024,0.000367196371639252,0.000123060462154548,0.0011698382679191,0.000727790370010583,0.000556456641698746,2.23280863296669e-05,0.00104789043733448,0.00072241063916792,0.000621479378957184,0.000416254204422706,0.000325057981569371,7.51745061808896e-05,0.000394264439557114,0.00192428292060804,0.000511127050128649,0.00065177069125491,0.000268072258246774,0.000489506117994796,0.000346481737955976,8.15525322828534e-05,0.000458012040015123,0.000446363334639709,0.00028880693062432,0.00163073762263213,0.000369199207856598,0.000524660926677856,0.000985690430267905,0.000278388622070925,0.00017746072688566,0.00023924893422276,0.00145281839139708,0.00177744616875536,4.25035589331025e-05,0.00192438694752672,0.00298137472810265,0.00938396650865489,0.000232039917194255,0.000128120121817731,0.000471445020572694
115.25,0.00169681812838098,0.0021803575832294,0.000345702276989137,0.00128442549732587,0.000516940210533175,0.000452395517496479,0.000503410553263209,0.000241201192467006,0.00104559597107693,0.00553300990464598,0.000145417006277992,0.00123290528686091,0.00136041743481182,0.0276168041332206,3.71987655255131e-05,0.000783380398746732,0.00497227733935025,0.00115520560230237,0.000890513264951834,2.48304853475086e-05,0.000799429830494281,0.000887611079762318,4.78592177438234e-05,0.000208064755856736,0.000603780853350852,0.000832871975798722,0.000171756378974758,0.000396296532945225,0.000604051858626517,0.000836679448969738,0.000936615133821018,0.00162814953281972,0.000772819486546495,0.00143594726885829,0.000282433281512623,0.000459853711570945,8.41851921148878e-05,0.000107161150084928,0.00107473525295616,0.000505177483042765,4.38242295902265e-06,0.000572400799970203,0.000383276656425305,0.000186293287847983,0.00127559502668268,0.00106295816078028,0.00042165218789037,0.000469842210418325,0.000425338464284317,0.00141454136927673,0.000404511520278362,0.000242411046227416,0.00113374075574185,0.00143890074651126,0.00110179692107894,0.000567113208540282,0.000316605409786077,0.00294733293532317,0.00027969749376112,0.00389480422120389,0.000280899439716291,0.00310616803301334,0.000701131009905932,0.00098777472470294,0.00105145817634227
115.5,0.00346025622218448,0.001303675400615,0.00415526911747832,0.000690245188825285,0.000551219122343763,0.000513038129386345,0.000107232878241717,0.000809239945487248,0.00314016352985933,0.0158539697560712,0.00375548223418155,0.000597205584339354,0.000562332156430737,0.16936501991558,0.00124423530364904,0.00278650253516134,0.00362514886890455,0.00102873715001667,0.000648515097619227,7.06880668141702e-05,0.000850307173754337,0.000579268104122944,0.000220855785959542,9.98728541989017e-05,0.000753147161815789,0.000375764021312947,4.42210355937614e-06,0.00200424125292604,0.00122151740422658,0.00134883862630348,9.83569530057204e-05,0.00294857926406653,0.00196653230086017,0.000928297082699507,0.000784479084214923,0.000111231076604298,0.000123379189693921,0.00010809358593485,0.00426173405458211,0.00107456651489339,0.00119605924907773,0.000151164750997111,0.00027909776317561,0.000297570738880297,0.000578431698933515,0.00134356689671902,0.00225127485097612,0.000204919234660972,0.000675227168641859,0.00264913816516133,0.000449282351618345,0.00150112888355121,0.00424379093240094,0.000362581838462094,0.00118516657209284,0.000713900238976562,0.000305184650977956,0.00157875265448461,0.0013316338240021,0.00890060535470212,0.00334731253169632,0.0295734854041436,0.000376103475502241,0.00224745774836554,0.000632123482603972
115.75,0.00144981207033093,0.00264947585455917,0.00363517674103407,0.00446909177082706,0.000283450235639775,0.000496956039493961,0.000366114895687647,5.50992629347993e-05,0.00300145142600725,0.00562945518998318,0.00478064759038459,0.00243548956460922,0.00111063184653214,0.0313861525209857,0.000360871857996516,0.00294191669069671,0.00167276991799049,0.00223117840554379,0.0011797976080635,0.000316117138762565,0.000697952484286439,0.000857485163391089,0.000365074059727772,0.000237087466652131,0.000556421792193047,0.000993518989616211,0.000645464269715766,0.00014656503592438,0.000708310875960337,0.00398839326784121,0.0016209368039366,0.00330224337500466,0.000682262093409539,0.000600289938709775,0.00138310111456712,0.000553435651832251,0.000265052391353734,0.000416727158894076,0.00337711401377208,0.00285312268405106,0.000456419770788885,0.000462797176687682,0.000136826326056344,0.000163080057576462,0.000513451830226185,0.00219606421562182,0.00129952124165626,0.00382169841711866,0.000792286654752138,0.000602564500046946,0.000459772346096041,0.00241406484441198,0.0033777819753207,0.00277822080372983,0.00145392839799289,0.000278453331983685,0.000222828640884975,0.00216342226061419,0.000256148501787897,0.00699000716361674,0.00268293368407178,0.0300641367056736,0.000362935164758569,0.00118042289320082,0.000623375074082962
116,0.000400855750739095,0.00163880482948638,0.00113029344782776,0.000258285679998148,0.000544406558021799,0.00216547502800639,1.72200998630632e-05,0.000650287730046775,0.000560443157634509,0.00365581491663538,0.000156466541366053,0.00036437793298595,0.00162909100333326,0.0110990743598378,0.000436099220276331,0.00306635280054296,0.00224344096411061,0.0013190672269821,0.000166010337001572,7.02194426035264e-05,0.00100715582419019,0.000987020740854258,0.000898929667871798,0.000166156905688306,0.000116092777266868,0.000360462048501637,0.000409336957739293,0.000915757053783751,0.00153281927466804,0.00187569384428901,0.00235731293028801,0.00605785357041509,0.00153642444997894,0.000796866221871671,0.000544627280500854,0.000317829195466739,8.3785668501253e-05,0.00015650185823177,0.000855314603853552,0.00308548449689508,0.00126438122678115,0.00175105289775224,0.000900916543364025,0.000234554457229637,0.000667644736895203,0.000414652312272527,0.000826646749936242,0.000988316704318262,0.000658431648100195,0.00153286308582479,0.000279762291868865,0.000309265302721907,0.000156653188418985,0.00151275507492183,0.000545993627563823,0.000255404304517551,0.00343319563050251,0.0180943324248908,0.000334549701738351,0.00403338750135718,0.00333266510424324,0.0231425755942944,0.000365198875815911,0.000108809354859045,0.00105661993902609
116.25,0.000963237077017148,0.000486551170639135,0.00204139663727043,0.00184064230727452,0.000662406852998019,0.0013850978567973,2.57568740568919e-05,0.000265239261896157,0.00104272438783856,0.00254349017439347,0.00239263102631423,0.00131166109926231,0.000455000820499742,0.0646225696412566,0.000426509311496672,0.00256982582297517,0.000758206605285367,0.00114501490030741,0.000202258298880938,0.000684744839649991,0.000436184448102727,0.000966798688838096,0.00104474405468637,0.000633541475381801,0.000778161273955739,0.000401776630728844,1.85787266536301e-05,0.000140602344000036,0.000512905465731727,0.00161797124797293,0.000794796816081474,0.00258467492831707,0.0017917746039126,0.0013094421805152,0.000504497553574863,0.000750533799656196,0.00055905959823597,0.000195346006608577,0.00149785993865459,0.00215250193205302,0.000623896189897636,0.00182634093337896,0.000663853146142488,0.000500330971010865,0.000190238231094936,0.00180324598787013,0.00243023368139482,0.000874397050854902,3.27742577813264e-05,0.00171113723859203,1.94146753946273e-05,0.0010630100088593,0.0021269676155245,0.0011789508488358,0.000624159536445419,0.000532309158831966,0.0010944487478439,0.001232354913024,0.00148494070209276,0.00287813100727754,0.00313371826655801,0.0153086451709469,0.0009355755269811,8.24961659127046e-05,0.000609180234864198
116.5,0.000139479316665806,0.000799107798134268,0.000294767577429768,0.000420588040401123,0.000204264031516499,0.000503282401052422,0.000513127108264599,0.000194322096781851,0.000184392741208108,0.00120375959240204,0.000244082565223867,0.00442537286811499,4.83427879359982e-05,0.0570260028665013,0.000461933914025902,0.000951522815124198,0.000194120319845867,5.4433178696668e-05,0.000341887657411973,0.000351168199978736,0.000471016741546814,4.0473243973166e-06,0.000357961228368808,0.000228023593750129,0.000540206932529998,0.00151704299106371,0.000191713329515844,0.000518920338375921,3.65191438884232e-05,0.00208964624311909,0.000960488292400608,0.000124703859677412,0.000169082442570279,0.000353456575570899,0.000314243135165892,0.000405072507563911,0.000101275906595471,0.000163118578299878,5.49157190089767e-05,0.000570469360509929,0.000168326515563872,0.0013252735531903,0.000152832795263171,1.42520876884776e-05,0.000789924828021284,0.000540752785345745,0.000335161096550527,0.00180303226250989,0.000224949386810819,0.00350308951866208,6.51494945891002e-05,5.62338358228229e-05,0.000195088098487984,0.0015580153861924,0.000215507098170011,0.00239514218235022,0.000660170719308256,0.000583450558744902,2.80828056075402e-05,0.00103007772719646,0.000767747832459652,0.00791188441120492,9.91513884486709e-06,0.000221717965433959,0.000149772078923791
116.75,0.000760127012120283,0.00233443176517133,0.0004627348166906,0.000253917413233145,0.000385015211354994,3.14938722887834e-05,0.000597390216706758,0.00117747934243386,0.000375162932756028,0.000911337312624759,0.00118866549269495,0.00010148458805037,0.000326555098877488,0.0066017084099664,0.00115963378900433,0.00302458255861071,0.00163760741087562,0.000521642986358239,0.00101329462754176,4.71296789533125e-05,0.000583738242698853,0.000505195922222823,0.000122372113669637,1.62865048006542e-05,0.000446963471573336,0.00102086544076567,0.000273871035182927,0.000805552529570322,0.00055805888880341,0.00262043630293556,0.00108999928360691,0.00631482462740074,0.00160496670729154,0.00253605728103744,0.000687645621207032,9.72969604417869e-05,0.000295640622388048,0.000196753645119405,0.00104037614998158,0.00104394365134633,0.000790084753673735,0.000381024964431893,0.000153199148885107,0.000395540953220767,0.000521464731032181,0.00117260471002162,0.000789956612518942,0.000248524351080611,0.00139204798389454,3.91808841390332e-05,0.000632953436888861,0.00135058716360192,0.00314608969809493,0.000872919402869523,0.000638693795754128,0.000153104227044139,0.00372495001374392,0.0210768049072976,0.000664759313001067,0.00159985990146673,0.00249557414687704,0.00905273537546679,7.4651600277105e-05,0.000192332182932896,0.000490564811851709
117,0.00117764409347288,0.000824850931201067,0.00155368472066241,0.000150605659463416,0.000261706810007579,0.000282801887312595,0.00037872152192652,0.000203281926238965,0.000971595655868885,0.000626490434967928,0.000171584699645991,0.00276636528568399,0.000136537037663726,0.0868409309101355,0.000762243624618185,0.000277708308950626,0.00076048342191374,0.000273996434637251,0.000172618692150899,0.000411863674510486,0.000152291542490538,0.000457625869707788,0.000219448770957405,0.000413703619259923,0.000391593144914137,0.00103038760919284,0.000137890879671667,0.00015618931669908,0.000320528314087584,0.00183733664946818,0.000434921749589616,0.00101519837921681,2.66476087986881e-05,0.000123586390966109,8.39891007040183e-05,0.000215460139142849,0.00015851366688813,0.00021162066775525,0.000957439095340551,0.00225353712185985,6.38012395771469e-05,0.000438437794657898,7.95556410352626e-06,5.54793568836248e-05,0.000377128264162773,0.000157675976503847,0.00183160813942402,0.00137821491082318,0.000117483868138317,0.000849657796586674,0.000212153303899272,0.000129157035808301,0.00144545533186983,0.00102208167446157,0.000199947167482705,0.00192189829446998,0.000585668983553004,0.00326368209180516,0.00110941251200111,0.000475817882982471,0.00246861054938853,0.000465049550384045,0.000485725424782098,0.000402005948590481,0.000450854981863224
117.25,0.001338340627528,0.000832473355080124,0.000698364452855093,0.0010286493814332,0.00111868839252937,0.000516169366872991,5.68328762765718e-05,0.00058249754915236,0.000556601789113416,0.00183295363187542,0.000474341532141634,0.00171376742325456,0.000116299398598579,0.00370539425308496,0.000121471008752771,0.00412685513417644,0.000197012363819981,0.000227269434909451,0.000649471338179129,0.000169951778230908,0.00181981627285907,0.000561648715924579,0.000228048445978471,0.000223962780411219,3.44750289779323e-05,0.000745624530922598,0.000125757175040482,0.000735699500017177,0.000461291207053696,0.00571650985790229,0.000556830700935107,0.00147053402458203,3.54393245823484e-05,0.000493320513459966,0.000521843922759349,5.19003620870676e-05,0.000508800831679875,0.000295621156272565,0.000521460281458782,0.000649465534555528,0.000177882297700564,0.000642509300697921,0.000148454739531972,0.000749515229871718,0.000166803590035728,0.000283040145493165,0.000635339026910925,0.00144373247229435,3.50455110689362e-05,0.000724652235672304,7.02366732614478e-05,0.00223035768507787,0.000738608481475712,0.00138297822725604,0.000198905830369868,0.00045234968620633,0.000899974627156399,0.0024149790187379,7.30420462393185e-05,0.00272527780395869,0.00135319123368349,0.0143039838704524,0.000243798160582844,0.000491535493428285,0.000728323068919224
117.5,0.000719806273242506,0.000474080248723289,0.00019046416070974,0.000663061856317202,0.000596741560521494,0.000202064897474995,8.78221341906905e-05,0.000124538865479778,4.24719036406369e-05,0.0011529298493548,7.69708477681499e-07,0.000267434709520248,0.000698772505649354,0.00717590089256207,0.00113079101084341,0.000195605133643165,0.00195419619384611,0.000209417557568533,0.000810099168375866,0.000211611701572519,0.000271929921352287,0.00012106965392723,0.000207704252566624,8.60125149902465e-05,0.000144033831579134,0.000419021787861026,0.000172415246627896,0.000269604303190153,0.00111106175605563,0.00209509241512023,0.000675239332635216,0.00342642369164847,0.00105884277549404,0.00137486100816564,0.000441566739285464,0.00069567731144766,6.71118405661361e-05,0.000453674093827136,0.00053618862273719,0.000367577431395068,0.000375017738264522,0.000137989540121979,0.000112219676417064,0.000194683094900271,0.000427847511696287,0.000129633831303642,0.000153843092883176,9.43411083082423e-06,0.000649301719818807,1.33855213156487e-05,0.000119170917375409,8.18341210902761e-05,0.00028237118103799,0.000172697899006953,0.000211246261118836,0.000133201064381575,0.00240352402217704,0.00117997409819131,0.000551743801927415,0.000859796261778491,0.0026806528420141,0.00690461925639356,0.00120315903571502,6.33057163854777e-05,0.000196373084949269
117.75,0.00256521404560046,0.00181426642755036,0.000910640483623118,0.00230289349072297,1.92511401061037e-05,0.00015725643389497,0.000366250154200462,0.000601158945192811,2.63170781824888e-05,0.000658017430519517,0.00216217643726404,4.68765006180679e-05,0.000676889804442923,0.0274117747821159,0.000560850712740437,0.00252321812390597,0.000331664510983923,4.64699696339204e-05,0.000653245764015695,0.000269775366872322,8.53807882616231e-05,0.000468275681201114,9.71270137362347e-05,0.000108998205428825,0.000313885863825415,0.000230258870753486,0.000156141055986182,0.000855678923289398,0.00236027457338437,0.000900726414573057,0.000610116873594438,0.00262829121780814,7.86221858057633e-05,0.000437681052886582,0.000870243786671557,0.000322568552815453,7.52009839026755e-05,0.000242902330559039,0.00118761835188401,0.00456268675104443,0.000105801778604368,0.000155463546443664,0.000102825122633744,0.000230990889094499,0.000405563549339319,0.000128307680430027,0.000849140785276736,0.000280051384668542,8.43199580689809e-05,0.00102611903461879,0.000254003234278781,0.000158654663574924,0.0042407541846408,0.00131734083465587,0.00160513610544076,9.231173372701e-05,0.00185517575211401,8.96906633561659e-05,0.00111483256342193,0.00179477024532711,0.0010644149526241,0.00725633416117227,0.000407483510682128,9.55273308883281e-05,0.000357771297874928
118,0.000870323341749798,0.00109810684027636,0.000224825225431576,0.00136618393364404,0.000518167438514042,0.000522811329422838,0.000117638984627423,7.91909206592244e-05,0.00579746062754899,0.0106083151391498,0.000147599887831231,0.000710547314668053,0.00170517053859678,0.0828605175859339,0.000485607663638018,0.00107323639698751,0.000335337468143881,0.000540112337161211,0.00108419766229683,0.000174791972292599,0.000856546622047582,0.00220590432137863,9.55709986903307e-05,0.00143717416943074,9.63841414142018e-05,6.72242495146327e-05,0.000785814248535963,0.000178271045978258,0.000505909376410999,0.000200550239596691,0.00435802819547107,0.000613252799596931,0.00127068759200933,0.000622412332672889,0.00112565587141273,0.000592755365888082,0.000336722413017111,2.0441669143278e-05,4.57058894435265e-05,0.001195964049083,0.000158324692034261,0.000527323353786986,0.000275042031380314,0.000264619027037085,0.000928667228250301,0.00196676338553086,2.85399352374923e-05,0.000810245368170487,0.000282514918041161,0.000731232269400407,7.07590697427264e-06,7.15552759056872e-05,0.000530707282157519,0.0010823544457665,0.000235972861689363,0.000152613847330858,0.000462533146371164,0.000914916887797021,0.000903597802746977,0.00540505076450138,0.0026386214243131,0.0152797583254652,0.000126581940023416,4.03938288670148e-05,0.00151267378877399
118.25,0.000516267754058238,0.000584958301135631,0.00046721886618542,0.000855114258461774,0.000124660469429274,4.76406087586834e-05,2.36267187115852e-05,0.000359745074986165,0.000104146406042868,0.0010698643694242,0.000479084829752222,1.27298894499314e-05,0.000606462512781395,0.00866119446784035,6.51861634969841e-05,0.00172929174530672,0.000847340707263782,0.000261099058886743,0.000458945517701418,5.32501211968506e-05,0.0003989800651557,0.000758728385793478,0.000100886539893141,0.000147650344642688,2.5071191929603e-05,0.000382419112109385,0.000274839991589349,0.000346106769925533,0.000390545747362394,0.000548609438846728,9.95688896395841e-05,0.002202510969028,0.000552597506815429,0.000262762795552359,0.000401305142004169,0.000405148695603042,0.000225005943509445,8.06337291170028e-05,0.0003953780596537,0.000408518105179349,0.000188910349091476,0.00029870095055137,6.61260743523695e-05,0.000173997544767765,3.08391464326035e-05,0.000181343939397744,0.000208174535930879,0.000608408596657116,0.000245113345546353,0.00167454677798611,6.66959790945422e-05,0.000425670416954323,0.000257210615333216,0.000518942587029465,0.000463260128196128,2.02723437463791e-05,0.000214853804854184,0.00203858752436667,0.000106099287793492,0.00132737913796,0.000538258030946502,0.00663812874191616,0.00176264919122714,0.000467972296370784,0.000795916332324617
118.5,0.000128077057984785,0.000469794164270698,0.00120491273446819,0.00132655827171414,0.000156304788450826,0.000515976886239605,0.000162351931069241,0.000114490733534607,0.00030871511246301,0.000940748182800597,0.000103247364600932,0.000871114753542175,6.1348262326613e-06,0.0883444836447443,0.00161079482733982,8.38483521985172e-05,4.70801795725674e-05,0.000256336843623721,0.00123383857791024,0.000267702627353497,0.000243861121243131,0.000458504374166013,9.96808830032372e-05,0.000279776664694682,1.57839738514154e-05,0.000515065168582965,0.000397457837727275,0.00121463464149042,0.00164710572714246,0.00282158879105593,0.000628054755108202,7.31136191564399e-07,0.000402916067072641,0.000790603789441854,0.000783625067846099,0.000506461306329008,1.71851926369248e-05,8.52587655128145e-05,0.000616229730759341,0.000629906625053695,8.39340001438012e-05,0.000470429200229375,0.000196808620952152,0.000126244743292968,0.000315330908869318,5.35606347683275e-05,0.000132236592475934,0.000591648116662315,3.09966257791797e-05,0.00265491245196813,0.000345079910257217,0.000363892122962808,9.64811691607708e-05,0.000888697343740167,0.000109588573529276,0.00152321961531772,2.01633352488105e-05,0.00278636837943008,0.00138910586419084,2.66016434925892e-05,0.000430979532484148,0.00107365895285923,6.74987462847696e-05,7.15676718953927e-05,0.000270975387736598
118.75,0.000922957632154285,0.000177726071876528,0.000424516623215722,0.000923097502429877,4.81561779882486e-05,0.0007323774503945,2.40660280446395e-05,0.000225885658625004,0.00142771919537595,0.000809885537288062,0.000254933712357289,0.000906691799054475,0.000161310566645565,0.00193983368573664,0.00315241675480278,0.00169074544637183,0.001086177955103,0.000505939542559368,0.000886936566104992,0.000669764535523064,0.00024234632968318,0.000518859788613754,7.00891878724944e-05,0.000124522687040162,0.000124167457611182,0.000608869082141061,0.000353720765583507,0.000491575639679478,0.000688286341560371,0.000845294577757007,0.00148129449241292,1.48861807533205e-05,0.000777208245534361,0.000520899456878387,0.000146405390474205,0.000199708124037534,0.000110603188216239,0.000446165836785307,0.00026601830508691,0.00309864436997086,0.000534629162378831,0.00131470176971529,0.000137053418482137,4.6522585413854e-05,0.000183605095665567,4.29988255170246e-05,2.301000189073e-05,0.00123606834527841,0.00047505548456476,0.00134513593158544,0.000263595742016554,0.000428605878944069,0.000429684672561774,0.000329744889248232,4.40343851271708e-05,0.00206131732470804,0.00133274638977755,0.00475426187533677,0.00101087735771586,0.00226591878977264,0.00498428718064275,0.00813506682136359,0.000169745465797503,0.000475448228740523,0.000526754801333005
119,0.00137537158941098,0.00264472076263017,0.00255187955953054,0.0024630730754937,0.000347331315562688,0.000814064833876724,0.00041451933636038,0.000391674995238357,0.00435897989154952,0.0138720876057016,0.00359644953439934,0.000333847565088845,0.00184269901752689,0.0261182607931319,0.00195664870335778,0.00323195263734668,0.00125174371186092,0.00044830870314298,0.000190328110993781,0.000583258638246414,0.000486570410109134,0.000311576867413817,0.000121276625272653,3.92614730589242e-05,0.00230058725826612,0.00116236458175675,0.000503874664885734,0.000396178484189776,0.00198811639377923,0.0103605053117821,0.00294903275738104,0.000416457793071588,0.00198506190841645,0.00063657699050486,7.2931904526462e-05,0.000410837243676338,0.000197659253888745,0.00117681202434073,0.00240035391729763,0.00267833448692545,0.00158818202044028,7.74945474309943e-05,0.000437188530655351,6.51664446799042e-05,0.00153587208908813,0.00342144826394696,0.00313927630504912,0.000724676109648889,0.00112105296399052,0.00208072234337459,0.000860871786837171,0.00121676002732181,0.00294649757191578,0.00169075000864686,0.0024051598342954,0.000938006206966227,0.00226345548117774,0.00261524275838887,0.00216077901445091,0.00923058264277419,0.00683955995801536,0.0450702181314618,0.000202708135889955,0.000864227689756784,0.000358140600260328
119.25,0.00171116675262939,0.000173228163721459,0.00010010632279318,0.000637939504264555,0.000606533758827678,0.000370764640769206,0.000230010919868696,0.000448493238379419,0.000263068938192208,0.00103488526163198,0.00169693028952351,0.000983131448152746,0.000788574159308488,0.025173804801838,0.000394685524212589,0.00119237736603247,0.000131848456145488,0.000364085564215655,0.000284793344163086,0.000427758182211263,0.000227186885810495,7.97719181465138e-05,0.000894486077509439,0.000192625869175798,0.000893014039457739,0.000637887640211645,0.00110837398254958,0.000422173402386142,0.00104086262585464,0.00170652769922144,0.000462477517414707,0.00262855078511475,6.16300116775605e-05,9.48165558509696e-05,0.000660435969789166,9.65154438205544e-05,3.23309765148291e-05,8.39342604608031e-06,0.000113958422647051,0.000205633983307185,0.0008979875554834,0.000425392170877004,1.75773099778244e-05,2.05919801646373e-06,0.000568352236606924,8.97363604848771e-05,0.000955792782189097,0.00199376277943695,0.000369940813465241,0.000848556789860603,8.68624679690154e-05,0.00033391833470728,0.000616277139262193,0.000955605171394781,0.00105271392999966,0.000960154187580884,0.00114206501126329,0.0033357254320045,0.000336317807963217,0.00155823383396679,0.000804513330436602,0.014382157055425,0.00052540561762588,3.93448850516357e-05,3.16079798699745e-05
119.5,0.00025820563707776,0.000703709958338662,0.00193765164660758,0.00129654068570431,0.000902112007340445,0.0010449001593946,7.51953998721534e-05,0.000243847053553654,0.000639260929094899,0.00419248956449799,0.00117667613790126,0.000204172274991771,0.000446387977836529,0.0636592534965603,3.65265444555821e-05,0.00542846574758851,0.000457811534598791,0.000888774799561168,0.000205143536653631,0.000188853791209906,0.000341854688409566,0.00109303507146806,0.000280778616263947,0.000184880730843107,0.00100663320328115,0.000961445829319193,0.000166579986445197,7.28382055171599e-05,1.11839225953257e-05,0.00370967399836947,0.000600959259947683,0.00626370225771076,0.00104767744541099,0.00145547835787667,0.000576609689408925,0.00069347757463531,0.000284129662671615,0.000252093544912989,0.0012670534491141,0.000784071045727212,0.00105067613627695,0.00100027369567052,0.00020716391167642,0.000111855841806541,0.000540199712118354,0.000608279097150619,0.000315588712334789,0.000813253677718633,0.000903467574823894,0.00201778825326125,0.000318813741405018,0.00121604085470116,0.00138880790931139,0.000579498244940483,0.000794066725938608,0.00100889743681715,0.000371216657727889,0.00462228390377854,0.000401452758733912,0.00707497900349623,0.00327799841514746,0.0464052372789554,0.000194111265401268,0.000160750817466926,0.000482375669695197
119.75,0.000177292351944151,0.000209128546689571,0.00039396673505627,6.47148200036018e-05,0.000363737064687346,0.00040804327015759,3.31479006367927e-06,0.000299295341030558,0.00259520455830347,0.00062464215583585,0.00197954343062098,0.000989899653898376,0.0021996425804395,0.229711600028549,0.000631273212296126,0.00107572556269446,0.000172802407263689,0.000139389683851608,0.00148810012860797,0.00120653476345833,8.72674530747645e-06,6.77837972005757e-05,0.000861862657240093,0.000154532525446347,0.000718803845432801,0.000932997345889386,0.00014688852239956,0.000645846673178329,0.00360759244583475,0.00636104868052828,0.00239398093081144,0.000153912182071331,0.000677544464220571,0.000329846783268955,0.000239653059340838,0.000458721154028826,0.000171013803890619,0.000441129535543378,7.84616533325367e-05,0.000272683268891159,0.00030435109426438,1.38851618233169e-05,0.00033526852691671,0.000117365427364497,0.000427306581650392,3.5404739441562e-05,0.00112406774601172,0.000122524391024246,0.00101546954705983,0.00571009346798005,5.51618732145485e-05,0.000134278914948503,0.00223141857276779,0.00011554552014686,0.00123735142733732,0.0009066724796973,0.00221680983081067,0.00630319151710918,0.00198253699089762,0.00086844237517458,0.00103110748903305,0.00279568341991662,0.00021434307536496,0.000299231835268724,0.000172924665343655
120,0.000487857994246745,0.000790287583486473,0.000218887849513664,0.00353163707798041,0.000422447858434806,0.000614553073798394,0.000399597597310933,0.000307053451103439,0.00126366094219519,0.000900927924561865,0.00170667040706025,0.00184567340890331,0.000601494724481055,0.0695010364362147,0.000440045463315105,0.00177958426952221,0.00073884143045851,0.000924606512605253,0.00118578596158892,3.00974331329833e-06,0.00103887304151062,0.000457519311970275,0.00101429153948668,0.000433630149946212,3.87124811324493e-05,0.00162077734649751,5.2004931026562e-05,2.34468862561017e-05,0.00101659104647716,0.00202527271702372,0.001629477680497,0.00206437460184059,0.000419232513570255,8.03929392787466e-05,0.0010441389787227,0.00023296007649832,1.51944835705349e-05,0.000669620348851218,0.000300186384468832,0.004004341910966,0.000576035862192343,0.000246734132163431,0.000231834823748867,0.000927561889496077,0.000215425507071602,0.000104007014092662,0.000803841497461852,0.00164863731585545,0.000217016109586698,0.000762531276147475,0.000412483614044763,0.000857210023991728,0.00198388511372786,0.000783106218672437,0.000763862923107155,0.000153512962023134,0.000547538384065962,0.00239755752825159,0.000667477920116333,0.00217527562902182,0.00124515764232207,0.012925313482014,0.000946949155140833,0.000112149233035712,0.000595358091466862
120.25,0.000320686738720587,0.000835540662330372,0.000378764510849831,0.000135371028809245,0.00106238043387375,0.000499059305118147,0.000168411279692419,2.04361554085579e-05,0.0011790832549119,0.00464956491893782,0.00035063738960751,0.000124996907918741,0.000859901457728306,0.0151455358644596,0.000668655860095688,0.00359761568886692,0.00148703884316383,0.00103631097093887,0.000897153227387201,0.000265963161746639,0.000263196646425828,0.00128328856447265,5.99115411515713e-05,0.000528678797909574,0.000273517311866636,0.00011145874401507,0.000733501489516982,0.000409608637114134,0.00111873016558802,0.000286100266311128,0.00106964570735751,0.00189539229065936,0.00120144784773914,0.000343654056859552,0.000819710105184124,0.000971398349016502,0.000827425584291796,2.98054574323211e-06,0.000751261342025997,0.000209925832048259,0.00151085505404617,0.000767506164050528,0.000385431688717526,0.000241771267424154,0.000956235377002479,0.000120260949510699,0.00056610952823531,0.000626816361517399,0.00157698384151747,5.3543272483099e-05,0.000516200661267384,0.000259600775278144,1.59739383189999e-05,0.000547458039843446,0.000222646296072197,9.71117033089532e-05,0.00124813983038313,0.0126680645761409,4.88782027238154e-05,0.00441732107138223,0.0023500169364766,0.0269127022505248,0.000794051853133523,9.87534694590644e-05,0.000793512334041104
120.5,0.00111012775938837,0.000499536800837447,0.000862904767373671,0.000565679964291235,4.34287714737294e-05,0.000119232602683217,0.000132048191822042,0.0011507673039891,0.000408822333909373,0.00523072956528357,0.00283540002300381,7.53398359644943e-05,2.91121379942897e-05,0.203387322282466,9.08899150538856e-05,0.000971811999539451,0.000722189497824195,0.000310001226578422,0.000438100466489106,9.68592454678754e-05,8.6474316111306e-05,0.000153731318228877,8.78214828455538e-05,0.000177253885387912,0.00103216845603268,0.000350913987472699,5.62721742967693e-05,0.000348702585950984,0.000911522927198645,6.43255730898711e-05,9.98271622167095e-05,0.000601509188644797,0.00031429637942296,0.00036491364951006,0.000519768909650193,7.89325824431333e-05,1.67145887709495e-05,0.000204908206836467,0.00087749928390288,0.00107186200003235,0.000406867857557535,6.0583028542316e-05,6.07001156154604e-05,3.74660632567253e-05,0.000217157967190788,0.00141738584125442,0.00130639813733778,0.000330510284868243,0.000309611102253696,0.00261299616391799,0.000111865948028421,0.00123289986752808,0.00171176197649366,0.000147158410838462,0.000437497428647822,4.26487451803507e-06,0.00103319246076892,0.00629808559526915,0.000782622245687955,0.00225717617942392,0.000121404919633726,0.0114566065266507,0.000215440820265184,0.000436946652458948,4.03049683178749e-05
120.75,0.00048088616020441,0.000493110067631647,0.000554072211921445,0.00234878847666777,6.41811862392401e-05,0.00132161434047081,4.75448621736211e-06,0.000540161388974757,0.000436607998394089,0.00253989842773092,0.00092266831261388,0.000883435997349671,0.00203082171261279,0.115663978952343,0.000691258238735863,0.000645363671416094,9.79506334902155e-05,2.03790242493552e-05,0.000541228628601818,0.00037182904897987,7.48121635116892e-05,0.000160313615680292,0.000219091217947895,5.11980677225993e-05,0.000287350738716267,0.00135685779465046,0.00038615761131275,0.00123147325826716,0.00217159695865779,0.00162248050242216,0.0029284627322546,0.00186768366528981,0.000108999219395578,0.000828861404290128,3.65298245289449e-07,0.000129324978449205,0.000142888534066871,0.000670563025777715,0.000387035316950726,7.41739070086371e-05,0.000138120837334929,0.000594535871414636,3.89842753622522e-05,0.000664602499751353,2.31069613002381e-05,0.000204912855926164,0.00133092877460314,0.00129569611522541,0.00149767871897762,0.0055682683834653,9.55481655135036e-05,0.000748669195407124,0.00071291990500153,0.00101167917002002,0.000584945019540702,0.00226798501260893,0.00285721103761606,0.00576239010537423,0.000336456954832364,0.000969901433671835,5.35419920433013e-05,0.00198268885425578,6.37576390920876e-05,0.000441492257357503,1.44453315405826e-05
121,0.00116821921708465,0.0010261038216359,0.000858120257496466,0.0019203081523998,3.56533453553742e-05,1.90817599110324e-06,0.000164163069632759,0.000698457501615877,0.000557321590788718,0.000445906863052377,0.00250530754704944,0.00440928413121088,0.000356035738561431,0.133359686895448,3.62583264435003e-05,0.00132301985093342,0.000300616633600159,1.83864439673815e-06,3.05807162589872e-05,6.18603811516366e-05,4.0545578513309e-05,0.000139479253928093,0.00041203717662444,0.000817939409551751,0.00123955174766224,0.00128342717779304,0.00038643668546567,9.77083399644536e-05,0.00271768253905138,0.0015286556126586,0.000148620991934667,0.0015183622081888,0.000117344612173939,0.000176613102859716,0.000360495641255806,0.00051466076471087,0.000185743414846256,0.000144148494329047,0.000278941509245867,0.00132704058362087,0.000278209640374776,0.00141530994508298,0.000173200812475198,9.07434078609168e-05,7.55202467287161e-05,9.55044987866669e-05,0.00218920734730131,0.00617302351866502,0.000330657109288692,0.00246430362388218,9.91833774960132e-05,0.00028870532148815,0.00112144874904184,0.0040002395950764,0.000969092596972402,0.00212273362767815,8.00499334166582e-05,8.60976275639757e-05,0.000283992647192333,0.000892177969444242,0.000756689865314311,0.01594307593671,0.000526918902127765,2.32138630716408e-05,0.000170679980512049
121.25,0.000269660942775111,0.00101508893230707,0.00126251819173537,0.0001911874098525,0.000145651530098501,0.000368578651600377,4.42605758912309e-06,0.000453007941927839,0.000488302955639346,0.00308502087543293,8.84161590562595e-05,0.000881938049353713,0.000398649128313707,0.0160149998567633,0.00107612616650878,0.000654165591416439,0.00038533825006365,0.000229996704954992,0.000413729719668539,0.000728686931344279,0.00025881419416756,0.000251931591593092,0.000368445302214084,8.1240607747929e-05,0.000783978307947369,0.000256290224603332,0.000153380300660518,0.000144553929683867,0.00125049370930431,0.000595715540400552,0.00121312942682329,3.04910990426418e-05,0.00194586887353748,2.36833889732132e-05,0.000300036411600178,0.000276969630817745,0.000129259274000924,0.000492596924556484,0.000396765334704762,0.000577945326009302,0.00122789963227615,4.55282158452454e-05,0.000362952532950271,7.53884058644036e-06,0.000146504523156424,0.00041114333262689,0.000715963703425138,2.68277931330853e-05,0.000101403146204478,0.000451726125955691,6.43515695952169e-05,0.000148958800546862,9.13111914707516e-05,0.00103634036423444,4.11772008352025e-05,0.0004575657077425,0.000662493076442415,0.00726357880549897,0.000346829438917442,0.00242370478840852,0.000561493473765633,0.00355942727687845,0.000323337992969816,0.000611434202685632,1.58113473212446e-05
121.5,0.000582678245600729,0.00101233008013592,0.000487039702958263,0.000334164234701269,0.000565143925626169,0.000800416900720231,5.5316211460216e-05,0.000442497939533473,0.00130630371866278,0.00160131241782227,0.000116394486305425,0.000304297529457608,0.000132042705380522,0.0150208417009786,0.000402255268227131,0.00169691506564347,0.000991763712904167,0.000218833223100002,6.78112777141854e-05,2.40497419489475e-06,0.00129166951680356,0.00090464484946795,0.00027901229064814,2.4370329055683e-05,5.05104796075154e-05,0.000207119222715404,0.000430229070340328,0.00354606929218931,0.000212692605167588,0.000554218449107609,0.000382415372404689,0.00216754244294308,2.22896853015278e-05,6.78329986492959e-05,0.000773223217447719,0.000124876428151698,0.000138981374485257,0.000177756951204274,0.000840944989050987,5.55059524008031e-05,0.00033612364016964,2.04258316064546e-05,0.00027391713614543,0.000298305941250764,0.000208832454577465,0.000477499854945907,1.21134149975771e-05,0.00029754666910158,9.29902689523707e-05,0.00294538551742103,0.000737931336245645,0.000908325138487596,2.93470617816431e-05,0.000508674596375887,0.000344772502570152,0.000199736313991031,5.67167945130369e-05,0.00285145809097166,0.00252740779510772,0.000869870269176744,8.75363523928115e-05,0.00245497927916683,0.000143679016842527,0.000152620570250239,0.00119253620623437
121.75,0.00119551812801921,0.000402976786921263,0.00110655449683902,0.000299408715874888,0.000350100078920181,0.000650739959344668,0.000831420131963646,0.000233408085647464,0.000214065396733961,0.000652736177474708,0.00110526738480353,0.0011889374193054,0.000581129454633957,0.0846068472280426,0.000552488657867686,0.00309767959772204,6.55160818275937e-05,7.8844707168587e-05,0.000805934857942248,0.000680370347572268,0.000107517926420441,0.000332670176095912,0.00125693190358694,0.000117260312863588,7.59070181258918e-05,0.00119259730601071,0.000656368186822945,0.00129698027303974,0.00105082752281456,0.0023417550574944,0.00120461375984113,0.00207918233269362,8.86238283196056e-05,1.84349262093743e-05,7.33032751801713e-05,0.000311689348803554,0.000871204432128771,8.58848525233188e-05,0.00048721815160048,8.78162466952472e-05,6.48357311490009e-05,0.00056350120496953,1.23309681472721e-05,8.98480540249723e-05,0.00100021654017994,0.000159029800665468,0.000504669336273845,0.000361965662716546,9.17775593460187e-05,0.00332495696328196,0.000497912919654199,0.00131398159439784,0.000561515764965833,0.000273278183911711,0.000478569558172687,0.00044067107756245,0.0024142313594995,0.00752964821742372,0.000838295393903115,0.00147810728005369,0.00115413493936876,0.0107422336049674,0.000830949042423961,0.000139730961426366,0.000155103800470896
122,0.00103073167935359,0.00179946255835075,0.00045225238895948,0.000861282413729973,0.00058857137074713,0.00107979701168151,0.000386823941975462,4.34078800949221e-05,0.000597909306107972,0.000709560340040476,0.00099117074368852,0.00194673167800574,0.000344745469661547,0.124803855626754,0.000282844455533519,0.00188050917215634,0.0003154762634885,0.000134071509338115,0.000474808321969748,0.000353039477780643,0.00077802077678151,0.000191183126604443,0.0012526089017832,9.42078475311801e-05,0.00045375174081614,0.000913841459027957,0.000483814254151376,0.000163883126542963,2.80117631813615e-05,0.00295057641107423,0.000857712902207836,0.0013178361302689,0.00132139094643341,6.7715153067848e-05,0.000864236739593122,0.00125392524106499,0.000443685832394079,0.000100780514567022,0.000265498447577437,0.00126800667689352,9.73344598721888e-05,0.000582252359923164,0.000531482134305941,0.000154098811195801,0.000187050904045952,6.48604396015641e-05,0.000327314475893323,0.00177668678904943,0.00137571318348977,0.00300901211743861,0.000393700689812615,0.000236699328925721,0.000398430892218438,0.00165630822769222,0.000111868984101665,0.00257818813749996,0.000909351445278392,0.0211899956549241,0.000507206131017588,0.00134200804067927,0.0010622661398935,0.0116140536551148,0.000379105587121838,0.001002493363484,0.000530423531871878
122.25,0.00120975714749302,3.49890652383933e-05,0.000265722917815188,0.000250601244923534,0.000303708001630546,2.92090717112065e-05,0.000492677611574511,1.92608119863863e-05,0.000869907590775532,0.00356095499905388,0.00111758814771505,0.000213448417952458,0.000333907865164841,0.0313937274556454,0.000232126485984569,0.000521545210415688,0.000169433477499793,8.08044902902914e-05,0.00018703194319255,0.000865686290984802,4.03751078495763e-05,0.000150773446527796,0.000546443670542649,0.000213983769975011,0.000473845985418301,0.00070639423168714,0.000652103457332347,0.000171075555879106,0.000358601895830181,0.0023885340993564,0.00134696390938442,0.00212614744900716,0.000175172585085467,0.000251069930765351,0.000617955778111111,3.25469362077748e-05,5.48286902062881e-05,0.00021187718083722,0.000258285288868647,0.000373358004972376,0.000376418747009072,0.0002451082576862,2.38658523180615e-05,0.000223677045510343,0.000664699828302199,0.000617002302355564,4.52848719003081e-05,0.000805714154060895,0.000162574766144044,2.21291856844646e-05,0.000562260798309801,0.00011810682148922,0.000260104150245531,0.000118026793128749,0.00011385081860266,0.000651031023619868,0.000904799080635007,0.00489822331164161,0.000872303063785781,0.000329751918147277,0.000270154668079581,0.00906703866718448,0.000191432785476508,0.000586585365140079,0.000101392572247545
122.5,6.45751522551809e-05,0.000579098842407384,0.000123371608594154,0.000188188037093991,0.00030153251618613,0.00153832000278265,0.000187668042338561,0.000363104251752301,0.000243884427797181,0.000524552461970055,0.00164722306084173,0.000847690447072659,0.000421930513962236,0.018789626328841,0.000904295212238743,0.00229318829872034,0.00105418556207318,0.000140685962788829,0.000970400264870906,0.000173926009084964,0.000777604989894461,0.000646685920179971,0.000287496810260476,0.000217910173868585,0.000389045774731975,0.000200932249661635,9.36586475641343e-05,7.28236787268974e-05,0.00216099800359586,0.00319930053920904,0.000721207837120007,0.00147741333170839,0.000433043135343986,0.000568739405426818,0.000853344445948929,0.000102908002777647,0.000354352882336519,0.000343976699998509,1.08839370908164e-05,0.000592202875135877,0.000267642448695013,0.000126727816424795,0.000512696430439102,0.000672472862842424,2.50963111200654e-05,0.000728822944903361,0.000695395090966192,0.000173118855369572,8.12739508989047e-05,7.56369210063219e-05,0.000331081596768634,0.000463308808468937,0.000401139198918368,0.000729467132453593,0.000790014872746201,0.000260934269289498,0.00185392781455524,0.00600018881900029,0.000292085974067397,0.00106034786977242,0.000957151116342478,0.00690364177824243,0.000689011226940375,2.24141237479387e-05,0.000693528663678838
122.75,0.00157892005215147,0.000815557391420232,0.00109530069423973,0.00478633156395843,0.00112937395062499,0.00109555520665291,3.35175363415862e-06,0.00034474481821226,0.000406354350917169,0.00550044762999391,0.00105960201076004,0.00300263541207729,0.000468123727917427,0.0352997396410318,0.000853686244571257,0.00809802668105366,0.00141678209926006,0.00230077685994251,0.000161530391809874,0.000342639707713311,0.00149278631621824,0.00115499758922633,0.000813158342564048,1.06895991621185e-06,0.00193831274396455,0.00334710518303498,0.000237530541525974,4.85707937080931e-05,0.000415947208351851,0.000961782673978664,0.00102379432353556,0.00278782428196336,0.002396224499118,0.00117870643527446,0.000963086021203877,0.000446953454440104,0.000225201027802561,0.000142266377965662,0.00137757598428925,0.00223050513533702,0.00120855818194504,0.000211686183282896,0.000947773455355066,1.58112175345356e-05,0.000108939994085465,0.00158832772691414,0.000662213689097463,0.00248790759939666,0.000892852053357972,0.00119849251803406,7.34475104447817e-05,0.00180649243004266,0.00134762944680645,0.00108742705484049,0.0024897195835128,0.000703765030870869,0.00169104302569765,0.0181318463093695,0.00175806367853851,0.0132062974933723,0.00997571213234156,0.0878989871182025,0.000447694749794132,3.35177234928068e-05,0.00110986821824622
123,0.00165709758061412,0.000653090787721771,0.00048986002883209,2.35853187203321e-05,0.000175724958436316,0.0015633638549418,0.000101902142395463,0.000892254156239212,0.000398788579523018,0.000550486006114266,0.000211769985230704,0.00103470019833678,0.000692791298947126,0.487352569837923,4.01319765664985e-05,0.00328881627755856,0.000696859005634475,0.000155135511250172,0.000883147569295068,5.4041541012049e-05,7.58043271035618e-06,0.0004428970535477,3.84250423222817e-05,0.000149129049315899,0.000321119992862827,0.00128895945474852,0.000176581874760457,0.0031440903422683,0.00066433537479728,2.4624550212209e-05,0.000879237866266037,0.00119058694258626,0.000121213342713611,0.000156792886554819,0.000308420738877756,0.00018355545227599,0.000211084950406726,0.000115194432097446,0.000704785830858695,0.000179520183180155,0.000149968568985549,0.000284706612424015,0.000552525106220687,0.00168097928003677,0.000283289551055548,0.000295835359910717,6.81253995154285e-05,0.000342089254105462,9.06707590587436e-06,0.0112562872713464,0.000186212895159499,0.00104783843511759,0.00171698057458711,0.000190964821099434,0.00033557927557645,0.000512564802577641,0.00067293582309977,0.00498919573466174,0.000361534422379692,0.00121721329797855,0.00203192989480477,0.0185928788888219,0.000339116969831214,4.55562030487191e-06,0.000156723242506539
123.25,0.000923074468958659,0.000850793155322039,0.000242186784038401,0.00147463258818767,0.000305620760476661,0.000431275878544065,0.00019352048839719,0.000393424243608088,0.00100911694779681,0.00358387418517526,0.00109910941081462,0.000250396345002159,0.000125373994024488,0.0226077595981682,0.00133589164376759,0.00138859751342915,0.000908445704378452,4.79334192388627e-06,0.00022827528252303,6.33192729305124e-06,0.000161341529012472,0.000515878056689902,7.67353009213607e-05,9.25334039589609e-05,0.000193820694892298,0.000174251494746494,0.00022291912589008,0.000596571621983878,0.000388192748265048,0.00143147591670599,0.00212702124397953,0.00144035143620367,0.00069478249259462,0.000620442214421639,0.00043475711413292,2.04164733422094e-05,0.000124030735903476,7.52431434545452e-05,0.000139272055661435,0.000615290241221568,0.000184053377943191,0.000653146440282695,0.000228421554563995,0.000488631605067207,0.000124622272127033,0.000951283504309567,0.000122628816944011,0.00121182378458158,0.000187238130136554,0.000920354609119995,0.000746384004984764,0.000408044132109147,0.00103413174103418,0.000563956443918829,0.000816572245173412,0.00123926767382076,0.00352597881697901,0.00124040291058003,0.000668999046364302,0.00153842807935449,0.0010704842772268,0.00622002534012663,0.00108363769398658,0.000329146506118989,0.000160557504993647
123.5,0.00173735579278383,0.00267869806249491,0.000341841365713756,0.000214614692743108,0.000146892626094895,0.000244610850220424,2.12775385836412e-05,0.000401705043874303,0.000405374024592159,0.000148773904460289,0.000100640874034343,0.000793224388045489,0.000131786497620097,0.0197503954659497,0.000145808853281121,0.00237610532972602,0.000518744994829118,1.51733434795219e-06,0.000918490894697656,0.000113609710864567,0.000702596513096641,0.000130883801529383,0.000145327482360625,9.51150543228061e-07,4.36769563504773e-05,0.000105152862485158,8.43210699265135e-05,0.000281792136863385,0.00187553515926285,0.00063533051313443,9.9984740319253e-05,0.00114437626678215,0.000433023090805656,0.000340526515252955,0.000139103939752059,6.97133161074719e-05,0.000663475844208048,8.01843164408196e-05,0.00062626827401063,0.00255903055283038,0.000102551672502261,0.00163408008230309,3.70854831941088e-06,0.000434805911480242,0.000109734505569557,0.000830992481844821,0.000783110903356698,0.00107709632107665,9.23113470983199e-05,6.52277971185783e-05,0.000134692926932973,0.0006294188726592,0.000773401439668099,0.00263043565333271,0.000206908533033673,0.000359564227654304,2.2899219873837e-05,0.00260669929883767,0.000280924148353485,0.00121998326609773,0.000556121007015675,0.011539232094106,0.000748745801610873,0.000144746091473181,0.000338741812891676
123.75,0.00184278583650345,0.000595742694827596,0.00065836056837881,0.000869259113892267,0.000683016581907206,0.000656214843410188,0.000135165933280342,0.000182732868807837,0.000810518560312738,0.00170777545984188,0.00182792410174674,0.00030274388578373,1.5640867609095e-05,0.12487351370554,0.000211741331915286,0.00227441414399436,0.000103247323893975,0.000332536222225089,0.000175229203683468,0.000274815397726845,0.000751758522466951,7.68054124085927e-05,0.000385043059309308,0.000247907210754917,0.00114608556762158,0.000924484020029782,0.000121051688757068,0.000139101745807953,0.000387816864081138,0.00968407209631459,0.000344536440704904,0.00363889499519958,0.000635513755751904,0.000236578531845092,0.0010756295591989,0.000151666607409661,0.000168377739264316,0.000351750306788011,0.000830016298788532,0.000700426043900292,0.000432012411002979,0.00046364699613091,0.000393377044285934,9.99809771619437e-05,7.70549544966423e-08,3.81683672718279e-05,0.00239340428735718,0.000973969974867661,0.000263073481798448,0.00158390637589662,0.000155669876240764,0.000248819133247463,0.00250499121872046,0.000539651093365249,0.000773527149736442,0.000118433967367554,5.70457132392993e-05,0.00284989356842689,0.0013977128886534,0.00342862470200485,0.000894619410355854,0.01375695520642,0.000434194137431249,0.000160742115836257,0.000341600159473471
124,0.00468584444617998,0.000466831043044308,0.00458652900708306,0.00179499564608024,0.00174346797335467,1.38799539766066e-05,0.000226566662703815,0.00010790482141181,9.32193532572457e-05,0.000429436130973884,0.00107105677097488,6.76870750586214e-05,0.000245912580387662,0.0317545674900787,0.000278528107277185,0.00608101586396013,0.00161040737733777,0.000505623121500523,0.00153543344563317,0.000443970935510322,0.00205257235665803,0.00101874383792914,0.000434102677240171,0.00054131637916694,0.000903163013808276,0.000136559397712823,0.000217875661163509,0.00115692708502764,0.00118051538522581,0.00108948818308138,0.00154348925739307,0.00677531521424172,0.00151807657935575,0.00048314409366338,0.000537962487698412,0.000315154589817079,8.58656502549932e-05,2.72689929197406e-05,0.00342152386510786,0.00182908983111455,0.00110214461192946,8.52943225045821e-05,4.48141012007913e-05,9.06798447513265e-05,0.000105560811220658,5.5272705285286e-05,0.0014921730611537,0.000582099481903295,6.59727019228915e-05,0.000941874384134403,8.8723233044673e-05,0.00128985300359773,0.0046905238202809,0.00044920194664274,0.000248229178951789,0.000310372814123086,0.00173560489212581,0.0193613656108701,0.000128917738201998,0.00556609047496884,0.00464083366595359,0.0491099596312629,0.000633847467068304,0.000187906030665584,0.000511337346043655
124.25,0.000959220215363536,0.00103047449261006,4.13430599216264e-05,0.000187474925085304,0.000108911525311649,0.00139779564164536,0.000220218882046537,0.000359725614754814,0.00069437198379062,0.000287762329079346,0.00109945258077081,0.000782566720436286,0.00109496486500447,0.0114580395197636,0.00012722222695699,0.00119537319619926,0.000474482019350006,3.27612085037318e-05,2.33758591574126e-05,0.000695549308974599,5.99784795474851e-05,0.000105849653450915,0.000531830418179711,0.000263221776509102,0.000184908363986234,0.000478062755719533,0.000132218016098124,0.00172294942522918,0.000925379552284337,0.00114488550249522,0.000873069078013226,0.00253673122963646,0.000164238297448529,6.77017027234495e-05,1.78773948402469e-05,0.000508766050178546,0.000269123332807706,0.000935566270736218,0.000183146839046858,0.000360669191393331,6.33759571774217e-05,0.000547411471059666,0.00014414760978009,0.000776809060299166,0.000290883513273167,0.00179865687540795,0.0016340698932896,0.000954359474722542,0.000408968901869677,0.00208684130729237,0.000147494251421387,0.00110738863184921,0.00106827419670079,0.00134093899315872,0.00163903684120763,5.92111444767989e-06,0.000608653834425168,0.00144578318521801,9.03205525070366e-05,0.000671601612846971,0.000303881089332992,0.00356211302103374,6.95870226644939e-05,0.000871719624948487,4.31011060132839e-05
124.5,0.00101807677914671,0.000531366355476476,0.000128401132652045,0.000121736137354964,0.00106318140181019,0.00103456413739227,0.000179317220180997,3.4431862350882e-05,7.88681679853471e-05,0.00051889398579025,0.00147764211171853,0.000160030746135297,0.000201463877022259,0.289753661419418,0.000657024230461588,0.00033292324885732,0.000739956000384012,0.000690728002321068,0.000428214726660019,0.00125082145658404,0.00047813993512515,0.00133726739780263,1.55321839135043e-05,0.000735080770206872,8.95955572311393e-05,0.000793317116098216,0.00063170598335965,0.000426875660107954,0.000259387359604126,0.00165488111009043,0.00183098028194064,0.00187516520151856,0.000311438893442721,0.000576067465840476,0.000218072199146445,0.000432214511085978,0.000224695803076388,0.00038588930155765,0.000380591053207825,0.00193947477605426,0.000194172050679542,0.000808156897151552,3.12649527006379e-05,0.000443853558357514,0.000100834290687627,6.51385484420717e-05,0.000782562304012553,0.000516843351012927,0.000646346958721542,0.00449958767965377,0.000343907073354206,0.00011037144158664,0.00117499848915597,0.000343585093626778,5.97709045367977e-05,0.000378023343754235,0.00191298347683775,0.000674429259638097,0.00026206684931671,0.000210255408331909,0.000781078162013424,0.00237599177883619,0.00021759363112989,0.000363007844105712,0.00058508444823529
124.75,0.000793886471520402,0.00467845217322748,0.000677292322991022,0.00070292224636987,0.000123769917229227,0.00128605020568968,2.87314147980834e-05,0.000546449365082849,0.000199330221007287,0.00212696390796933,0.00128142006281002,0.00138570324212777,0.000697478025875383,0.0354485982310402,4.2066137350648e-05,0.00237075000961627,3.66628226404108e-05,7.94505196134615e-05,2.81968383558149e-05,0.000205024426705724,0.000236053585182707,0.000434259702921836,7.86499156407952e-05,0.000502767247280956,0.000501490256881256,0.000799438130718251,0.000114219716260188,0.00190634433117938,0.00181569376110304,0.00773904161098539,0.000165713109829896,0.00227575109114191,0.000310627158643837,9.09920761152653e-05,0.000185082377687016,0.000531677365073515,0.000197052486728412,0.000238177379967648,0.00049847209122702,0.00233599244826805,0.00050549107778876,0.000825651557295771,0.000444108198704074,0.000515224501526162,1.40340584088773e-05,0.000480708492522047,0.0015211690250221,0.00155573615206955,0.000217049754284059,0.00313900099001444,0.000192429987316554,0.00143547888789576,0.00330356474650791,0.00483292081858975,0.00119303456297078,0.000168589487071986,0.000198198398973744,0.00132106562113731,0.00022396937604445,0.00256424279920765,1.76146826859613e-05,0.010504925800892,6.61954844963899e-05,0.000567580256441204,6.86551032337899e-05
125,6.32025066221507e-05,0.000359437200755137,2.13445154558141e-05,8.56128982709328e-05,1.3408153417291e-06,8.19815307263867e-05,3.56710344630858e-05,4.29898312591252e-05,0.000287903112244266,0.000114960963981849,0.000211046797899325,1.56165484226909e-05,9.04620099431923e-05,0.00282610994410262,1.8469587217749e-05,1.73857348572761e-05,1.78516751024798e-05,8.68301385261e-05,7.27498568519583e-06,1.8172639864416e-06,1.68646768789439e-05,0.000179764842663427,1.60425665248603e-05,8.58241329137171e-05,0.000711040922777698,0.000177647030399291,2.01619556885468e-05,0.000165630407544047,1.61064201900776e-07,0.000211997921548459,0.0002428231909714,1.47133471504882e-05,2.04045199995035e-05,2.77848643899878e-07,1.05457674169806e-05,8.8308322429193e-06,4.78066489998569e-06,9.3510761588183e-05,2.27803920206797e-05,4.17839458408627e-05,1.19242663262813e-05,4.57690094702904e-05,0.000145258408509767,9.95420530382087e-06,5.04115257252177e-05,1.58578736787142e-05,1.74530245423204e-05,5.18733526398967e-05,5.62752028396661e-05,0.000382612065424566,0.000113953038156408,0.000112887285399735,9.33797307802143e-05,0.000320814024114316,0.000279775754390865,5.0284750582956e-05,0.000509018853086244,0.00209631262910505,0.000524352390924177,0.000181301483705741,0.000206622001168402,0.000692606277388891,0.000126026315339037,0.00017315133050653,6.66572904652789e-05
