Frequency_Hz,Ch_1,Ch_2,Ch_3,Ch_4,Ch_5,Ch_6,Ch_7,Ch_8,Ch_9,Ch_10,Ch_11,Ch_12,Ch_13,Ch_14,Ch_15,Ch_16,Ch_17,Ch_18,Ch_19,Ch_20,Ch_21,Ch_22,Ch_23,Ch_24,Ch_25,Ch_26,Ch_27,Ch_28,Ch_29,Ch_30,Ch_31,Ch_32,Ch_33,Ch_34,Ch_35,Ch_36,Ch_37,Ch_38,Ch_39,Ch_40,Ch_41,Ch_42,Ch_43,Ch_44,Ch_45,Ch_46,Ch_47,Ch_48,Ch_49,Ch_50,Ch_51,Ch_52,Ch_53,Ch_54,Ch_55,Ch_56,Ch_57,Ch_58,Ch_59,Ch_60,Ch_61,Ch_62,Ch_63,Ch_64,Ch_65
0,0.000866061719980128,0.0067250147937786,0.000644627169690717,0.00182649505353591,0.000101776868429368,6.83655153512197e-05,0.00171642256244244,0.000752084096821637,0.000712685473444325,0.000104602129349326,0.00714454095465915,6.97832763565573e-06,0.000113524380678088,0.0153500232191935,0.00100497237454461,1.57522416003256e-05,0.000565298409236931,5.91314064601109e-05,0.000973948786955329,0.00171837067485485,1.26349005150837e-07,1.73059274704093e-05,0.00166336045514267,5.90725203455839e-05,0.000886541383703257,0.000465105585682667,0.000464394750555188,0.000309899034957814,0.00356219597442455,0.000315460400599333,0.000165109372872612,0.00402775003911821,0.000281351142021959,0.00208849446096923,0.000772253832274241,4.35051401673865e-05,0.00116696203684635,5.66084803439664e-05,0.000404915296674426,0.00263576663370814,0.000110584539974661,0.000464386688256873,0.000461415355915653,0.000873918812730609,0.000702748934295361,0.0033439934077262,0.000337450090383721,0.000439213196934454,0.000156354757960435,1.06453014452276e-05,0.00147866030855022,0.00193934070879502,0.00342082966693423,0.00341391949892245,0.000430935186300916,0.0014145096021779,0.000538329367373712,0.00690469424422289,0.00100748262532336,0.000161854174548942,0.0017188432939214,0.0014989392446876,0.00107160496690059,0.000208188652299804,7.99782382742559e-05
0.25,0.00489119737236743,0.02655510343576,0.00389419034271255,0.00720153536587205,0.000687811565810978,0.000839927568236762,0.00623073719786543,0.00336130369574234,0.00435958958865493,0.000577323500962745,0.0352652521524312,0.000346522113694074,0.00197178949476684,0.0693889006560583,0.00383830684946159,0.000179351526495097,0.00220481234634517,0.000754057724577449,0.00429135670442763,0.00657671117130309,3.37116628205304e-05,0.00103310982611981,0.00612543262967187,0.000393907400549758,0.0057829605285673,0.00297217194454,0.00225949054989461,0.000954717370593176,0.0162725353963034,0.00345528661136046,0.00115828134749061,0.0196297491720524,0.00134056786030872,0.00892941038057037,0.00287653367971686,0.00093878075530564,0.00397300542227593,0.000541691467500859,0.00208412589750227,0.0104309103561144,0.000996631431128311,0.00218281433050792,0.00152324459940976,0.00351540298612823,0.00242585092622359,0.0147059534017244,0.00566085820494579,0.00144109676212268,0.00221342107149738,0.000464394262294105,0.00553385038381985,0.00789870359699412,0.019572849723808,0.0128066886250446,0.00398838024555523,0.00797724153150311,0.00234111004164894,0.0319522528510617,0.00540576880514651,0.000576237807952766,0.0083820909433306,0.00881632052755823,0.00411663267030029,0.00065316621138034,0.00128595040622509
0.5,0.0114921764413018,0.0180479094101115,0.0116211027965222,0.00559645319538967,0.00315683377048104,0.00345306416789479,0.00283217225071106,0.00481749411705699,0.00966287068164041,0.000989091544079995,0.0705390492052181,0.00752572185191441,0.0121853426138005,0.115148398274907,0.00197350648715394,0.00141871288662294,0.00216945325362434,0.00503819478756303,0.00628117612526962,0.00469820461994496,0.00148234212670965,0.00787496775014845,0.00279938581615603,0.00181318941537682,0.0175447847408857,0.0125041784559436,0.00552030406424788,0.000405213932765341,0.0267331221512709,0.0218490850479758,0.00570043490062063,0.0412727901499199,0.00375039349946677,0.0128502478188078,0.000931954767318484,0.00560039429664597,0.00116680821395939,0.00227292985961398,0.00428998006875961,0.00707955952092372,0.0051624461774098,0.00453058683092904,0.00101202276437361,0.00391956645934466,0.000525778951030312,0.0196669244411313,0.0268745272092437,0.00151055196841169,0.0125703308323893,0.00489629725344864,0.00259706162041094,0.00856282152744135,0.0532163025650973,0.00584420284358207,0.0168288435803999,0.0263579476474143,0.00446586666521023,0.0606068729894402,0.00846443358690674,0.000133938444718676,0.0146135702978671,0.0260396133282307,0.00221771545063374,0.000501312685123941,0.00915773042383135
0.75,0.0107878863703224,0.0286151901978426,0.0292644749368444,0.0243940155629282,0.0373244687133242,0.0166252148274947,0.0459169790041868,0.110554442468861,0.0437355021612693,0.0701950633294675,0.131568517134013,0.0914408838911086,0.178573779733945,0.32412847832609,0.0248039897820355,0.0305318496673793,0.0419894637341012,0.0521970573393827,0.0767964265866333,0.0140032640817901,0.00974184433899679,0.0910872569558811,0.0124484011951721,0.0413614525020243,0.0696024198965439,0.11714888870533,0.124059810889038,0.00294514912462659,0.0539291614048927,0.201973110249943,0.104373283554744,0.110906800638633,0.0184061886974715,0.0400875383571357,0.00505822796085902,0.0636381600004956,0.0675637548916127,0.0910594256540719,0.0141814210734994,0.00879750740354919,0.0276902800136036,0.0546846828841947,0.0296082859978532,0.0366276328950067,0.0824938517212279,0.237390976783706,0.142343296273991,0.0833522799364695,0.160838033119861,0.0522186102056332,0.033491890050077,0.124964786048386,0.115117011572931,0.0527903068636085,0.113104672426727,0.203476677262235,0.027700172720612,0.113024301677694,0.0648462013044325,0.0711076239157461,0.0212883722445185,0.0604123676009396,0.0251271556798956,0.111237295929438,0.0757561469364756
1,0.307970731639136,0.191094832023472,1.53905656999725,0.0922896505110087,0.0538110381649473,0.214994174666731,0.213217114764639,0.50901481340955,3.02142509855576,1.6582251720411,0.985817099111082,0.118783818069594,0.249757667971955,2.77347395034725,1.07361021979829,0.134200194767171,0.1540937688735,0.43582026680631,0.23643209642122,0.379649482916307,0.167971924211559,0.142779425640229,0.0100610053954236,0.133974001864276,0.64006791011847,0.458116002058084,0.134947933026707,0.492444976198025,0.0702024056582411,0.0470454894380334,0.259109472763471,0.775320918533539,0.686458817835916,0.0300271200560076,0.123514744017061,0.0168180283574317,0.160512787375095,0.601524169804406,0.912035249076063,0.0721091714417974,0.449187256356493,0.141532857991899,0.0262878956933997,0.295746792856471,2.02689247319754,1.43818277747301,1.97076359667931,0.210034998278155,0.125288698283833,0.457427606727542,0.413427624678337,0.748348195042653,1.98004175537989,0.249696586184122,0.532824881446716,0.719803628774584,0.347744982922367,0.00873777760015597,2.10256676143577,0.887791597551785,1.24988225582047,0.45458469720291,0.072329192243134,1.69674514521271,0.110864714122861
1.25,3.80037798524656,0.123281601810762,6.16264735003005,0.0902701434119738,0.563068445203808,3.10396372048536,0.0872765953559438,1.29475717167245,0.526235695150649,1.07519622975347,1.91489614162008,0.743795817927202,0.912622533082817,1.50939096815242,0.0532464139942384,2.9460141238699,2.42620799301835,2.2858645574437,0.121098516292784,0.905484036058748,3.18328291299374,0.197616586368478,0.31213656828625,1.01643993755479,1.82763176215476,0.485444014550044,0.354249327511015,2.15998693299225,0.61060378497519,0.058947343492838,0.630657153497062,3.24506023240212,4.29156625182625,0.779650423222525,0.512024841601968,0.785533325571821,0.518796845736914,1.10462556007383,4.5003386148223,0.123552521049797,2.41859037900949,0.437440751950788,0.411395319208815,1.95218443530771,0.506020529517481,0.532895686620329,3.27049523049107,0.112651334099885,0.968159950885589,1.21634921468672,0.0348597405064359,1.8574297659367,3.60455934952944,0.257007241733263,1.09778475328423,0.283104699043818,0.179422236986053,2.23852452728137,0.433233338981476,1.57044027728977,0.523549779582714,1.75531945013533,0.285706775611087,0.608319859540738,1.14378590139002
1.5,3.19859573805573,6.36690701515353,3.42535748766188,4.37522619953635,1.81204943621173,0.138652366250615,1.89548479748994,2.6962421695407,1.60553703319469,1.27366622813603,3.17822675189724,6.55358548214311,2.24810296439511,7.14483214908551,4.38775660763874,2.38821618054692,3.11211357622095,1.44003305404342,0.713010644882194,2.10607563070943,1.21373359038389,0.261229969657467,1.56126127776163,0.390287663362712,2.41549020291726,4.26320623573709,2.44833342255742,3.12833431035064,1.46613672209648,4.84668528347407,4.58655117715156,3.69299228826924,2.21020645441628,2.30610280917691,0.93464123433044,0.134723856801351,1.14035140138978,1.60478195338074,3.37528495007431,4.6650677010891,2.37616040307229,1.77202345669487,1.90222011142533,1.19874467268326,2.19090206673304,3.07452531733976,5.17498971063857,6.6704822629545,2.00648611008134,2.9009083962147,2.95373297335963,3.26648041303202,5.49996744504503,8.89148797777009,1.90971818260123,6.65987940939311,2.12720484744098,2.99231040171167,2.83235047827581,1.82925345145895,1.05378393057383,0.549507022746086,0.490704966192414,2.58437907001443,0.263492832991717
1.75,1.52676378451783,0.333056953806663,1.31373552222477,2.17561492055074,0.529670710604684,1.08761216002005,0.80022646682653,0.235798774950008,0.470214692070733,0.6176368928977,1.2967530963737,1.55442478470547,0.884438972934441,0.768425242055262,0.68848202479245,1.00550571685177,0.0911335672153006,1.72339020827062,0.111830064122477,0.356432581793124,0.924971429963282,1.68091626702289,0.564278147617248,0.483016131292577,0.345369667497337,1.11990502089601,0.252597509258894,0.780848143422964,4.72036143969366,2.40064813255705,0.0438268347764034,1.50955640016079,0.914810509820514,2.24791909706479,0.281009791386652,0.828136729225324,0.535666025032805,0.280639618742473,0.0142272406948745,0.32463097717036,0.994242607856195,1.35210656888086,0.886405664399147,0.795022609494382,0.797281516138238,0.128098939877412,0.73678832250359,0.555795009611735,0.0675936113557832,1.31204390560913,0.860206203165957,0.00252917850487856,1.58451665924011,0.286798338591512,1.46849500306819,1.39085937877055,1.24887636094123,3.46635274226668,1.17244306627729,0.864583658290453,1.43215425148756,2.88416188219698,0.432075459119865,0.390278445795264,1.33126196194132
2,1.21868835904396,1.39829311768547,2.83691205229722,3.86976599957361,0.109673179155745,1.09856986284334,1.60439315024331,1.09562474315885,0.979221086339618,1.03912879415278,1.54943464468936,0.179414841064357,0.687245688680671,0.900826911978213,1.58569851196899,0.872445588036707,3.68818715604273,5.35876188656002,0.594439511400983,2.4368581165081,1.83852207962734,3.22736431360552,0.538989353401778,2.02613360792559,0.338745500773953,0.869404477902892,1.14781178993697,1.32229613862438,1.97968464262445,0.0201929974089456,0.709335479437364,0.923945017621047,4.50816795497322,4.90983720381099,0.00607777541830124,1.40314078919758,1.32876499571158,1.38971565996247,3.00786688643632,3.91974127799553,0.659323010887452,2.15063054621912,0.739162833156798,1.67665261449792,2.01014508418075,0.916639279812322,1.3140370346402,1.40153897586757,0.182473650482046,0.917840465584555,1.530026174441,0.813086451695614,3.67032282192105,0.839777434243429,1.05946697066361,0.266500129262434,1.25584922838999,1.00438250686614,1.36806371859137,0.960492930078801,1.00708319090619,0.714546666137122,1.53187266867046,1.5373467577278,2.69192986505513
2.25,1.81001120766646,0.488906205221165,0.120024571198215,0.313035333960004,0.171661894239151,0.74102572717379,0.322244891727997,0.247220333726186,0.0525609562402002,0.102944745953226,1.71953485840299,0.0713698578809919,1.9520993944774,0.00590070751528096,0.0537451922816054,0.0738809416875924,0.0749245615487418,0.842648301716416,0.407905681973695,0.656124068116403,0.702241008485564,0.508142017726851,0.281031473886164,0.517330446459152,0.705649713441419,0.103035133133143,0.0631903306089052,0.110956094648915,3.55895641277412,1.17741032890195,1.06623892142521,0.0485072319443046,0.747029355380361,0.27831613965522,0.244993222507845,0.943150345660111,0.332943902107115,0.321421385855163,0.0105911394712928,0.139888661404616,0.222983452764379,0.335176915954443,0.211281915187073,0.461452802447222,0.512772946652954,0.335244391836932,0.128713076612902,0.0703127852495572,0.749909443517988,0.0775505431167625,0.130691621360196,0.409511961647964,1.63571740284339,0.218836856074603,1.74688935677566,0.0430373680923327,1.93955269984893,1.46702787608983,0.156422784124847,0.189046745565534,0.494906886757811,0.230155283570499,0.355862124554065,0.175898828556196,1.01355552554893
2.5,0.0102362042834068,0.0553117837320338,0.276433008125152,0.116037923627138,0.478394184904755,0.190620078393289,0.077098408682222,0.172381111964147,0.142193032179927,0.362200963632563,0.183265482455397,0.16308811555483,0.657512995956943,0.40140736124262,0.397676442201606,0.368960580052185,0.0748830680266813,0.0177889855078864,0.0991770791528404,0.171307501679422,0.188810932842237,0.00394399990708409,0.118658537784451,0.111130596398666,0.529086625501405,0.30086409112028,0.377051502231065,0.113012916147274,0.3669008473946,0.444890453905678,0.492278542941011,0.254319482024624,0.0386041070328822,0.00306464119578117,0.214045942147305,0.129315249280543,0.108965472154343,0.107959059446213,0.00748394671029499,0.15417379865544,0.531856971680982,0.032861536922501,0.169257604344974,0.110668934508883,0.0699937781337447,0.230888978439025,0.517279158771401,0.143719749348302,0.724488731431844,0.231365415006206,0.0437078204973187,0.267628943040371,0.181000796352063,0.104648246615557,0.411762631471276,0.381895059998532,0.267398040926913,0.280948253230711,0.618199283741475,0.268754398347239,0.227384536043337,0.478306706563687,0.21073452968829,0.46148212335065,0.0193260860043841
2.75,0.653213081599296,0.476234648479732,0.17782676470202,0.968275024126494,0.0690965857063231,0.620706203943702,0.332956747771135,0.0113060480338059,0.646561587823813,0.420541720827547,0.598479579639249,0.822519175787021,1.43427446687769,2.99476352317228,0.890082742457776,0.0594681389822258,0.476211653308131,0.704218764958322,0.594103879268944,0.52685510335347,0.337687642755459,0.607766440982876,0.198309512957206,0.390052302551609,0.69771812437646,1.0993183638913,0.69089321833282,0.313908031005268,1.30896771788823,0.955280453623376,1.353210811683,1.20870035052589,0.455840460707404,1.00811399261085,0.294604010490573,0.360368403834694,0.563542886958264,0.136826692448647,0.0972176754860345,0.877836890473304,0.0339008853566661,0.711842262259534,0.163302737295942,0.241680117968444,0.740181284556694,0.441540843050661,0.702399528040954,0.641319626182103,0.810916414998043,0.651598604687632,0.786219275449585,0.0241323302856025,1.139080456898,0.741459268834618,1.06057230136161,1.78837650682506,1.07595068938543,0.0998728964906805,0.807474368226693,0.251941434608416,0.689552764615194,0.194346763286441,0.465182413417295,0.358735405191518,0.819653683185826
3,2.46667242893659,2.2832438525,0.0542922961444314,1.17889472304071,0.733870077254107,0.179189931056994,0.592390190073231,0.0560936677900316,0.424333227769225,0.229007081803843,1.84795116911342,1.26360546532218,0.280415519277808,0.244742341454545,0.60911967899638,0.0583754940606446,1.53023144902256,0.262306740778102,1.74266890876153,0.463812853546575,1.76244157570109,0.756528086569151,0.975430977333901,0.434931874415171,0.310377815262263,0.39132484500728,0.0870379538614258,0.00366695402391574,1.03642681491899,0.500742895179669,0.0447131913460983,0.234759800961851,0.187837432716698,0.569153086539215,2.16467962729203,0.812566595492502,0.823964202378545,0.348209294746515,0.85848966966913,1.30360313976882,0.345089212142675,0.344482883756889,0.962451170146735,0.0869245127934765,0.487613828974283,0.1852364662918,1.06452362106934,1.45879195373501,0.0744465263910249,0.0484736849469737,0.396202434946507,0.12351569447604,2.13556159949301,1.83735085280368,0.659816083245264,0.625375736844628,0.181479007358615,0.066028446412007,0.594251225580235,0.1603366914182,0.445170230668768,0.070606292400834,1.30280162195314,0.374061611485147,2.00582703566834
3.25,0.0213615983446079,3.02784845299259,3.78121219346062,0.467850817829438,2.43781191885818,0.00712598023109629,1.1308213902464,0.357251576785642,0.0688562156342941,1.84274886520568,0.152561162334463,4.87123596991519,0.0813191043294014,4.81794950678869,0.963594900550228,3.55252144472066,0.682670631703247,3.6561968433424,2.50985755562671,0.341430625654374,5.95055189759661,1.20802040997582,1.71304505784274,0.380332386080673,0.729583613322836,2.43748779193243,1.42970119840519,1.24758775488305,0.724316407668777,7.83999731948185,0.447766508777287,4.42277513968686,5.54411784139792,0.821706270992627,2.98419686325104,0.629685229709525,0.852195042867744,0.0613765390633018,1.25980341022232,0.492118508064324,4.32017106442008,0.231265491848087,1.477613331313,0.153957041485937,0.691956292555791,1.04420270507228,1.39213666055788,3.42860400110998,0.757845355535985,1.62046714810442,1.02312141132137,1.88904869293623,0.0938344157597206,5.37845230563968,0.0114558705100193,5.03592304654041,0.744731913765824,6.49633649361878,1.16783410900354,3.00724639286299,0.633022111123662,4.77589309929959,1.28543586215746,0.0153512857842124,4.3851567470129
3.5,0.163536172503681,0.0609155833654495,0.55360013449558,0.488692124497915,0.342779886921501,0.240035255147393,0.449194886088883,0.353237391489368,0.945934718135526,0.724561368917707,0.039585847060999,0.137297578450463,0.302866787415433,2.08294093018587,0.887986834355599,1.22510844330499,0.646485382987689,0.317607939942015,0.719709996569883,0.101280963903418,0.669913639555314,0.171862955295561,0.510175546876528,0.0512942236076063,0.11552477002082,0.219604407470565,0.391958697263581,0.719674825741055,0.350698357385449,0.209344167142492,0.658245543695111,1.59009299694804,0.620801885522124,0.741335101359754,0.546737285982903,0.173641671995835,0.409710466766043,0.00713162990478134,0.429551058167212,0.573670682204189,0.553179893292569,0.321532517681997,0.421551336583463,0.321852187319971,0.297953383972316,0.755328506496458,0.150693803253879,0.0321260979742949,0.146485793581052,0.419406627203869,0.521050788502753,0.695680066508115,0.196731978700193,0.00592782711406042,0.159389132646936,0.240311877582175,1.00976888482015,1.09320694051872,0.997393452050897,0.882357830451917,1.32106936631745,1.33438923913852,0.213178306644231,0.083238348437523,0.144545044470104
3.75,1.06526913560648,0.353606822515968,0.664001921765897,0.841687668713216,0.114303805769529,0.52163215721472,0.0996518364088972,0.97107172202647,0.728808709561618,1.84573247989157,1.96736285388187,0.161486910541183,0.743533291185582,0.0217231041370708,0.00790688540772688,1.04519072537386,1.10703548992389,1.08993056865825,0.667721691856173,0.28471113113665,0.388589586501669,0.535840353256496,0.458445080227828,0.691842091694064,1.13478705795303,0.255186815848711,0.0966062068850268,1.04881385401638,1.86051575462977,0.219696805846301,0.154145178195695,0.102776162100834,0.672335588098401,1.10272730346725,0.394812328132745,0.634890634500943,0.353040996315564,0.585454294698273,0.92616613486256,0.848052964784986,0.126765122123307,0.421692164713738,0.198443859284508,0.904678036320673,0.299404365383666,1.61369474662806,1.33679953882336,0.188211885862713,0.232198954268372,0.766476474084416,0.0559743677416911,1.37552475366464,1.89895619844471,0.111972486184784,1.54500767568338,0.0889997121944104,0.362210590762138,0.517645554354344,0.133877234978547,1.73463108823472,0.588094234777041,2.03902647129657,0.505178696681181,0.929374625335413,0.673036987768235
4,1.40804379024092,0.281782095774942,1.27606853338528,0.122869961760187,0.574449384112873,0.163591216727951,0.558113603227072,0.652418546581496,0.375299866572585,0.650382252052838,0.650984590794698,0.620902729255792,0.442384260037347,0.850053549910768,0.109104735632032,0.570720629777384,1.80324938363981,0.942141948082142,0.0252149909356203,1.0019783365533,0.357753235551252,0.034631662925239,0.274639604247141,0.72290179628832,0.713666658329049,0.634311036924587,0.382513335134602,0.314606954347267,0.49290838983627,1.65092050811082,0.5245360161599,0.503374882173472,1.44100437418003,0.272750154977433,0.220423026915362,0.222278366637529,0.541498114499128,0.844701937180638,1.6027484056761,0.472256016627109,0.756244952368383,0.0744894622015651,0.417946726486296,0.491940987701553,0.654920234090634,1.28549845227064,0.905310201190718,0.380292364564389,0.471386811383727,0.462821486518864,0.425448450872967,0.658850860338375,1.56410216338187,0.315184046057496,0.386608366255524,1.41774846069834,0.15117427073377,0.438551875669687,0.234727962574365,0.642939679558502,0.0764893512428926,0.508178915248431,0.383488607742537,0.81060502525978,0.0301866807290298
4.25,0.171949198442658,0.00790354491494818,1.96474467244635,0.408398684140642,0.348962999655123,0.088422036104106,0.63294434618998,0.319281985027679,0.486686335969524,0.271049920474637,0.491133842316985,0.555475991771327,0.0455582352722257,1.74642923141429,0.333447521131828,0.63433488160185,0.599402278503583,1.57166064864628,0.254546131101349,0.440589903555353,1.50009235028062,1.14560693116598,0.18572069043122,0.142595754589754,0.731212531089736,0.256807035185172,0.128644134954168,0.459588443301257,0.126294537360702,1.81690079458371,0.0758030525749672,1.97804913051067,1.45100914971616,1.60003617209394,0.313661342700415,0.229687686162281,0.37763137016393,0.309513620815752,0.87550797827021,0.21164876247227,1.2547464625098,0.11404324853168,0.194462923605313,0.185152673330592,0.760264938897086,0.262063499949157,2.10517450172557,0.189487850515635,0.147402629243555,0.446519971968513,0.503057209336033,0.301954189755247,0.550994513447386,0.167732283574659,0.21647514032942,1.09314347280276,0.176428435416461,1.17728165116318,0.450822540422922,0.380785956865645,0.345849533777559,0.591602211743602,0.0842950540385114,0.664283444483941,1.28319249107203
4.5,1.13977005368575,0.406976694847027,0.29438816035477,0.0297319207900606,0.543820915669676,0.0366666371624576,0.291922715862392,0.145881215115485,0.353409476901325,0.0553248266501408,1.17180650780332,0.132674157760019,0.856901951492279,0.787400088908174,0.562647474153501,0.691690286706635,0.0219202111690161,0.711521413253647,2.20077776301114,0.511664990052658,1.45289366894424,1.74974911642298,0.972514677210919,0.392010132399515,0.765481027482352,0.0943003771276241,0.0873841184324819,0.319128543550386,1.67504026549742,0.351789227821074,0.339304566582563,0.5955012282485,0.352885477453027,0.364742064984625,1.55882273480336,1.22675444837262,0.645324048505281,0.270814177640344,0.13697451031261,0.0750340158258274,0.756305317870213,0.167655486869222,0.236917517897622,0.0571820380755064,0.606565187793263,0.231923971936074,0.884467805668188,0.0237592424433329,0.338601777626777,0.131146001232336,0.302696811480538,0.566687192744906,0.899403742990862,0.245035329680474,1.11610523760713,0.17512225113513,0.45555918704534,0.651541513509286,0.812623759455037,0.347656266560999,0.27901319185515,0.0873160890088224,1.04558496022011,0.342969930566695,2.78729048809154
4.75,0.122306583266421,0.0891026356516431,0.621159274044487,0.520997203331388,0.0902518913745013,0.0916856528107027,0.168435718671449,0.167225794414784,0.0814475938072021,0.182925511905678,0.18711457518692,0.496600876337875,0.878145409463047,0.692656526201115,0.0500899645233957,0.522274822114607,0.735539985752272,2.20567437743239,0.55057230278834,0.0227909768430503,1.8911976780195,1.04258429556197,0.116316479267198,0.0405220675444963,0.140815086135943,0.238890760175017,0.222641524026023,0.400758504004545,0.970342230287725,0.977961375137545,0.463603230610456,0.714966865733266,2.06649725754065,1.15566214491968,0.362871628947785,0.0628029175076989,0.0885092351565133,0.0473504864155144,0.561150509098365,0.174622574689243,0.252705918202059,0.0523159923396772,0.0557107226531172,0.217708459213587,0.444876747367275,0.116027874406188,0.0268707023782792,0.109295328011226,0.169985879171613,0.415727361734327,0.126839142383735,0.225861399275573,0.0378807386180769,0.335758936806775,0.705385615748936,0.650458327759188,0.665722208898752,0.968968338497821,0.175480615762985,0.249361966745237,0.107029032597404,0.502133380000047,0.0677111299222026,0.0387534928347815,2.3115246588424
5,1.04630308483426,1.41330985871877,1.36716599822075,1.76039056982933,0.203831189531958,0.239205298935779,0.9837782245921,1.13072859255449,1.33633192618407,0.848005639814668,0.653569184076524,0.750404203269036,0.741935657647926,0.526376911194593,1.3633379067411,0.782077930192558,2.11079452075184,2.46531450464571,0.194145628033306,0.75470149500847,0.983372221294725,0.653533910089361,0.644026251166328,0.429871996349948,0.372736610958252,0.535828229553945,0.307514046977422,0.651797505775054,1.17325640250898,0.407449640961856,0.512078055102544,0.767462622902247,2.40208155965977,1.8830815483623,0.377511034782751,0.0121061602003324,0.836191147286724,0.798017740374776,1.72011501174676,1.86668654438302,0.499701086875078,0.54374824611168,0.330802025139258,0.622250000657443,1.65343515958128,1.35211743856202,0.627056539905118,1.32952767702968,0.133739235975625,0.101560650443361,1.1469041568072,1.06478570718846,0.543870676100614,1.20776245194076,0.784693866969287,0.344935907177653,0.56319359811109,0.144428059164011,1.89300148061291,0.893164885947729,0.594786900028865,0.431386879742227,0.447684010644915,1.0293949873563,1.17815030227309
5.25,0.876998058595681,0.27335579030319,0.245833296002956,0.210852074396681,0.0173273599278383,0.0659224560379583,0.843553311270811,0.319489111865874,0.574551876306645,0.145227654643241,1.5198833518942,0.302518588211565,0.684550386355645,0.10332456886475,0.403880354145555,0.243498715157899,0.185921599149545,0.185175796233875,0.132448041800604,0.742753173558948,0.0103407929666565,0.0032920158207113,0.213445832370596,0.217726276654896,0.938087494423006,0.213264176905013,0.268147275308098,0.193344783178786,1.49265069554465,0.201498243079855,0.315452985797032,0.228542410842245,0.11125307306547,0.220163267750258,0.0105003101429955,0.0494700675008443,0.66393417782656,0.331830116443375,0.395589041586612,0.277892384222748,0.232054294219206,0.0525336996871476,0.279425950216523,0.104848733095305,1.03575111126495,0.339958023270699,1.29251077076276,0.23840074206495,0.354862885560235,0.202431204268799,0.640911787906543,0.230506859779496,1.25594353203674,0.286491885195233,1.29125137417885,0.251771883878249,0.403908279004693,0.19642899281664,0.64557286348653,0.15128817935237,0.045804805887708,0.140938916351614,0.307962817236771,0.909417765440063,0.0186840311834495
5.5,0.316610378443993,0.0267986128356336,1.32717320925804,1.2034593470083,0.226893159136404,0.804566650123667,0.261129876293873,0.901290298343434,0.729492923551857,2.47170508500536,0.54458962005391,0.339515952174907,0.490483530791844,0.863920187809718,0.415424800980228,2.70674292987406,0.796042075705734,3.57808981007222,2.12669872813339,0.579469350167834,3.23136500172944,3.44897848347671,0.16634616935436,0.454263274407261,0.389696445445392,0.0863662142729263,0.0418310474634522,0.693631230144772,0.879471743504025,1.47850609550611,0.462857785533976,1.22428351421942,2.94068495843975,2.80152549327564,1.03936963112435,1.60790179734538,0.252724950833574,0.699431031312166,0.677434430603393,0.500768128428089,1.07382775112052,0.871242580558718,0.0209486915470106,0.353390034220962,0.624617568411757,3.03348247387245,0.503653821454379,0.00858971485852234,0.149415945132911,0.293141690940915,0.193405693468348,2.02250676946104,0.360959204895774,0.0996109630128883,0.539241900340243,0.790542668640106,0.762608910511243,1.13416792807058,0.600914209451249,2.75304280843055,0.807160569529472,1.33737495542244,0.389224296672979,1.83929451176321,5.21132725952308
5.75,1.04257342565914,0.216480929257466,0.655101703497418,0.633568904821,0.352090065121789,0.728157488938049,0.967532744758956,0.943799698482712,0.306310750033525,0.592513280717225,3.17145556983559,0.231470483752229,2.96831429487241,0.290395561068283,0.824972322738017,0.987787443279256,0.248441372833313,0.414388189722727,0.497726020402327,1.61720276986756,0.182951224227556,1.29643672958892,0.397867128292528,1.1013544754735,2.30999991772101,0.120664509781678,0.975857932194011,0.257111282270172,2.9936097911809,0.483252727744018,2.244158756858,0.270126695103488,0.36837874123513,0.731878930379595,0.126778400667041,1.08911629850773,1.18348033609528,0.853902942952338,0.490563319258277,0.210622153377541,0.531682875699574,0.61963438339643,0.363176578410731,0.525079113491694,1.15434315869684,1.30313991337612,2.43789697642105,0.2389241351934,2.00867856178394,0.0788853430548572,0.729842966374983,1.44933738469705,3.02293629773726,0.181817540210174,3.20093518189672,0.199640212352914,1.97907814295721,0.172827023234938,0.493427526681389,1.05581063748471,0.396408473438915,0.237041264476077,0.801868501643035,0.993560536316817,0.75167929311216
6,1.37398764939853,0.329809710508122,1.06865909210249,0.0105675806226463,0.316964481456856,0.800559237131817,0.266123426042525,2.32826561495545,0.186328917021121,0.943392631343909,1.85735758738438,0.149565929600603,1.9283129553934,0.102064910435173,0.444959441176872,0.82074635674881,0.405623429681859,0.185044619358449,0.0969206212550099,1.64842908665868,0.209475615431838,0.0555192914236885,0.218590937943346,1.52458627642025,1.78260522826026,0.210705235165887,0.819632055431986,1.17972421249044,2.18233919168919,0.0736206323977852,1.34156289712367,0.200506214170603,0.401601337832316,0.0114161779943014,0.042401430329432,0.584475538739758,0.459649368866133,2.0826469959147,0.728117615348875,0.165839013449683,0.866973294775585,0.164421100455277,0.208799856593154,1.71317569811552,0.640310891091922,2.60130603665898,1.78814455294949,0.0608407665893871,1.36763258497481,0.603622546785874,0.185162978392402,1.8196138385919,1.14193423921212,0.134339626521608,1.87976640197624,0.213654919330483,1.44684544649516,0.027827264187781,0.239373283447531,1.04482841990902,0.356640547572202,0.0046523295868743,0.949640510697995,2.16086677444292,0.0243752542638958
6.25,0.572121629144758,0.322978061825714,1.37943322022054,1.64323522091632,0.00882120076302814,0.238282096646417,0.60194529125271,0.522674459030363,1.29324132396153,1.76753356027678,0.0325347314216072,0.180966021993373,0.375548470087961,0.459047401795737,0.960650260223668,0.882887568340352,1.59421063901945,2.19059800104011,0.454212643796283,0.352725351960087,1.18555116686147,1.09182755180885,0.00285713963795494,0.0735295897201045,0.00731264913137688,0.327114295555067,0.434292142767023,0.0502704555057468,0.242450105163329,0.0537150278776232,0.77883234319675,0.0752605593285407,1.79410793770916,1.92117053351318,0.190960543396465,0.284483064635816,0.164290786732071,0.430749292597224,1.36079950677089,1.00336603519516,0.218914028164556,0.792060841199413,0.140221178748782,0.156115092937487,1.04758744188205,1.69369558203353,0.484217157194856,0.691328272137918,0.174197670698636,0.0673032181947126,0.845407844681051,0.738050863041453,0.275364835245728,0.214682385454987,0.0362846212219951,0.0518883457485951,0.671703021160009,0.222390397621631,1.41379990907269,1.42600318448588,0.934871912024714,0.953314839637187,0.0698402795577186,1.13366353433576,1.50283100217956
6.5,0.465172680844515,0.939071069048078,1.31227092721091,1.7234642857327,0.167597734203171,0.0727819663323979,0.895610286360164,1.54634363912683,1.30062587294227,1.10446538378782,0.466866560680126,0.375839479461723,0.475751598513468,0.385218623023328,0.898934842779438,0.89579558164381,1.43238186693384,2.46091620487065,0.43355807282875,1.48141639211891,2.07133240982032,1.38216109074927,0.232749729900726,0.549214780025247,0.24618753955319,0.0930520574377026,0.139487501799159,0.424345125733952,1.02321592442312,0.137254278790679,0.575396256245622,0.374308349332706,2.46968005767099,2.67034973635868,0.60101111179571,0.231331596055678,1.00410665443958,1.45269184289278,0.949043905238953,1.32131700635543,1.10981317853032,0.566003489411978,0.173567855809546,0.628954374457731,1.9513190212287,2.47511651404575,0.703540277645215,0.576457297294201,0.0826355033064326,0.020184223549868,0.5154182155046,1.67833504826237,0.540058509385731,0.817341290363605,0.446844725634568,0.0724751305123147,0.987076167860427,0.129873680056141,1.21204001045929,1.04185886997364,0.753632653451694,0.272520543816568,0.34815474371355,2.30480930273063,2.47656953058682
6.75,0.356139760357118,0.0113629849643518,0.441813874896615,0.203260217785491,0.612490731017579,0.518022169871042,0.188306670208307,1.67120728344048,0.460967471054047,0.751896178606116,1.03181562589803,0.161283773945836,1.89845192834993,1.15417194658826,0.570324292168782,1.82408759120243,0.1087415300939,0.0317036236637315,0.0745835815716042,0.33527728724328,0.222012832892103,0.11160754469823,0.0445559533059434,0.331520609391934,0.943196304627515,0.643530839454674,1.37851555420065,1.64538804132707,1.71077444049124,0.00624862917191016,1.79415889298642,1.03275466986758,0.203061280369465,0.0631954041904686,0.0546168424501399,0.0579620119908984,0.112446178609793,0.812810853215935,0.308701746438665,0.00969281441027352,0.722929746899877,0.467111983509021,0.43871645931243,0.955485307642577,0.337475938092724,1.50420524024341,0.874989881973945,0.374088450269247,1.59292680330155,0.945236376011954,0.419099052706458,2.29443892568625,0.715693408380231,0.0238439860270544,1.20416804324771,0.348812870482191,1.08880144000622,0.174982071705729,0.269855980066242,1.42061729075763,0.227694921513539,0.537643539223652,0.14633198035884,0.449102548698369,0.0107435462551003
7,0.225981969982522,0.625081685458325,0.300245344370551,0.468912670382932,0.333251555626571,0.164153819419184,0.260083980839414,0.159480875244598,0.0934110909453677,0.12600105851133,0.110549897628887,0.768954600277142,0.25460071281333,0.241539068185497,0.321104849941707,0.0114389840541561,0.500122973599794,0.190498493999255,0.244910062050154,0.226835025029103,0.0252240417301287,0.123379287524213,0.385742896356235,0.0758845357783199,0.139170182700305,0.196031195405023,0.433581674840649,0.00693127178856526,0.00160999410492649,0.786005662434071,0.351751195833157,0.0497993081319066,0.0637438503429834,0.295179443653739,0.296151555596423,0.0242870116890919,0.270579412581263,0.248745503242594,0.289755169068283,0.431469979901793,0.160403040863319,0.315048634935216,0.329352141929498,0.00951284619393707,0.0845308418788771,0.434807590128785,0.398069678457999,0.700307083902348,0.380497383980026,0.142878828827861,0.260591871032087,0.0626324142415958,0.582115487551593,0.788496151604378,0.072392946327438,0.340779521312289,0.172676104642767,0.366673913800849,0.141743220332218,0.0386621391403688,0.0254435802947591,0.218279236809878,0.343907707309684,0.213913267913897,0.123924067441732
7.25,0.291510603349782,0.142835500556582,0.0129735125243442,0.0657052774871466,0.0600516563714538,0.170316924256876,0.0373597674041585,0.343265880724365,0.0942260859825595,0.177370704642492,0.416036464318769,0.266077609937842,0.56438031154671,0.0860707745420503,0.169461612326794,0.0596793951337301,0.0599452969830479,0.121107919889761,0.151052916788672,0.0848892078519071,0.177205074234965,0.0791792601353739,0.094471031596838,0.154629909161569,0.120907196234593,0.0182792636179449,0.0678325048693967,0.0595794897683,0.619714315997304,0.342614205462567,0.539588342685152,0.114827202525941,0.0837337782047696,0.174570658561652,0.25765296637817,0.0856437964510949,0.0827639218016426,0.316311993842725,0.00121041644268952,0.0292532336119572,0.0386633397223368,0.0118594854735067,0.00703888792342398,0.186682959168487,0.0359086893856497,0.90924557575542,0.0175372715788964,0.125629394486049,0.129076524329064,0.0547034155274769,0.00492367620125691,0.188966927238304,0.372715510841269,0.257947800515789,0.379131564841879,0.207653013302856,0.408084338130194,0.351828714356877,0.351647295680435,0.145340662362429,0.221963384129922,0.0230856749716529,0.121670608870398,0.30896642426238,0.216253584967307
7.5,0.135396515791723,0.111206092050774,0.242915216335773,0.686645842493281,0.199611474559979,0.251155273737968,0.228611569106175,1.01225961914495,0.496961869398891,1.48143005885052,0.745945656694719,0.143199618093666,2.1054109847161,0.526542633080346,0.199383979684749,0.885168859981302,0.599351027397603,2.12814689482675,1.97727513078381,0.932710485596572,1.55924770358596,2.01884085968985,0.844400799854849,0.320539871195957,0.609056403041659,0.0684826386854548,0.349029678492036,0.0999461885595574,2.02746186470511,0.406156652130469,1.55803024982148,0.235045500710329,1.51461582709513,1.72450245299541,1.22642290633528,0.952188768316104,0.486772974931099,0.624371614251128,0.328494606226114,0.286056865224368,0.335966148029153,0.597548614289449,0.0954395435021911,0.137668947294523,0.867435350890033,2.97145186096519,0.186187544536129,0.176115380100114,0.579155105416972,0.047367148333703,0.0455547779994076,1.6520807871233,0.220648878750694,0.117519369017978,1.51492392404738,0.210823490192357,1.14895523144264,0.391618768693733,0.723932045351292,1.77417094562934,0.163788019779388,0.311342811418455,0.864233229630555,1.08785629315722,2.77196357274048
7.75,0.217606279093204,0.149672516996232,0.400323267753129,0.376516373079705,0.118847688581848,0.107876644514699,0.911667846076802,1.46721238573858,0.640729847553177,0.954666981481499,0.291119288587774,0.0437779465984153,0.174229572994338,0.380016490469874,0.0159999046466383,0.551025778831155,0.592040873406091,0.936096921571575,0.196400127183009,1.00260702834555,0.547052190400313,0.462723106097833,0.151346584593006,0.152088269176999,0.281627475253988,0.0706989941131163,0.0898585247295329,0.431718011301882,0.220308346696377,0.00476399153044986,0.0227092952479791,0.113170911898691,0.715482379602406,0.587089310726731,0.216860060158518,0.127927955764188,0.801480327215499,1.0394112050356,0.455868167970522,0.303237514607255,0.186053346695477,0.238894723259603,0.303203652861213,0.37198095529116,1.71976965544951,2.91912373400072,0.443181048266541,0.208470978368972,0.162666012815938,0.130372306552729,0.387744769283762,1.52889150156727,0.212946647565046,0.117118742080822,0.29185592836373,0.0420151750111514,0.167879688307473,0.119937571420721,0.116037872086076,0.892990287833242,0.0390907906155322,0.0568202090843615,0.0437164211740343,2.49359470616371,1.04731358896483
8,0.111124155990185,0.0406613850423737,0.534187049796605,0.119242305380962,0.148822820660097,0.0408649642971878,0.131608955957949,0.053659858842796,0.236844165758257,0.0260947674907293,0.102997614242888,0.160791101918242,0.498120077948518,0.888223524057054,0.105928415016535,0.177775313826449,0.152242338810381,0.207191799630736,0.195412649831594,0.274066085006713,0.347038595636035,0.0558496273938298,0.159733372226296,0.0502117613493505,0.0516461822960157,0.0186465903761474,0.0737238506253281,0.00938989722900739,0.607459564707004,0.170897467134611,0.282492767765232,0.130557799734542,0.384522795790056,0.134080551661543,0.248120042578258,0.0345988336009162,0.117664359328863,0.104778518786755,0.239463972096077,0.0159057851514707,0.224008727230782,0.0306130201479685,0.0595462998081311,0.00522546898873667,0.287596835279546,0.0840803779092489,0.244655237156795,0.00237499380980223,0.107376690616768,0.0169255271783467,0.15822835593757,0.0239563800183352,0.0456566461524738,0.0794785144733843,0.252359428529344,0.110500678010976,0.350921816949011,0.0191795782199276,0.149095236179475,0.0921104013813475,0.11830126711047,0.0548591142213656,0.235076476560434,0.0503284595408327,0.121770414279606
8.25,0.0556030330909444,0.208517710481874,0.195397897580494,0.854629022434267,0.416646024097321,0.412339232001826,0.316248979123177,0.14420681778675,0.703973717483483,0.129485788580483,0.499939140998373,0.313956542865118,0.374107890814572,0.0173465817647196,1.10450427282782,0.0266129612411936,0.506884657839383,0.603796122143602,0.0227863905658825,0.141026826013507,0.117082489546554,0.410359290832569,0.14393742411095,0.0950665174350769,0.397235444450229,0.35992038667414,0.465385916762909,0.120028304605169,0.159470332042352,0.0547311904134535,0.523354376882464,0.0554410265473647,0.459789569422975,0.766103081748542,0.0723413315361704,0.260106333323424,0.118911181655197,0.101874045112992,0.278552111100153,0.398536280508034,0.283679750959555,0.630527662531595,0.472114385741015,0.165214297652342,0.450824792840416,0.328879778962949,0.513399178614436,0.67632332168494,0.583709623074821,0.247821984339396,0.581917626782134,0.0132860713951635,0.405786561370526,0.248409980885563,0.378387008550771,0.15851716163957,0.273361315199852,0.1054696516341,2.1213539381872,0.00486468822164287,0.480998253095443,0.044037227208139,0.0301310246647743,0.488676291699479,0.19068043052547
8.5,0.105622116309635,0.0659165164034507,0.0872008208781851,0.199214460299604,0.196016707566742,0.0602350729083622,0.0036582078127622,0.0795350601220345,0.694083122794882,0.56188671301185,0.031562090808335,0.0969110674937783,0.0423485467369923,1.13620622210784,0.739442681553548,0.329712047218305,0.00790824521311916,0.0149558098198659,0.267898563346867,0.659079624624051,0.216652767434958,0.0841723827053902,0.244191046454003,0.121204408518711,0.212692759052678,0.0105323727723457,0.0218376739330786,0.153218579751369,0.0252759998746415,0.186237155098114,0.013750666583812,0.645891178063374,0.0280934426354387,0.0173897833660011,0.165419657494273,0.139193892369033,0.194934854564058,0.208871516192744,0.0130893603665388,0.057045858336619,0.19329556321967,0.0741519189778674,0.123538968222588,0.00111688574553355,0.289706522584111,1.03592583775521,0.216870789602191,0.296427464229792,0.111933840767786,0.0832603895588136,0.223563446910357,0.105814426182249,0.106913996700504,0.198806054160044,0.076287113024113,0.0874975323059806,0.0719694796426696,0.800627336335066,1.74163182131948,0.425755257812908,0.849984537231812,0.426255003707953,0.475378573888502,0.168792554144461,0.147856014725598
8.75,0.537819973144987,0.0823830696747107,0.183483521225311,0.00860400990881895,0.494628862563568,0.128815999313357,0.196371457597788,0.621619655110239,0.551561657704382,0.0683942957314589,0.418341307575572,0.0431428769617896,0.132474235901951,0.984573458922281,0.623960847647426,0.534037814317201,0.156341657552437,0.00303032288160705,0.506843847786697,0.602547162241076,0.291549352550783,0.089125696056021,0.564149320622779,0.344363092751355,0.167883243478351,0.0639242678273726,0.220950843322012,0.270029054578322,0.388349693887808,0.16997972105817,0.106343280289687,0.390620061196202,0.0937749697601626,0.00443323420300968,0.506907946001085,0.289768209682242,0.340356873620567,0.761420849754391,0.210446398057387,0.0512071071369388,0.192639918365361,0.0419226619131118,0.532818933112555,0.22239989224531,0.21903942595276,0.650544612521286,0.288538892199218,0.0436030378150227,0.0401030025843695,0.0825606421960103,0.354621866591951,0.454962352004578,0.407791455619202,0.0173149615481711,0.272578012191534,0.128749103931216,0.203857087923826,0.231581102375759,1.66605793719704,0.037186426890337,0.476441334784049,0.0554296723595447,0.426565470224572,0.375366559871071,0.187245419683704
9,0.843176880760923,0.176437940654453,0.955915830080938,0.120724465978994,0.465528212068687,0.0680416732539515,0.261613522987604,4.29791368793605,1.06804733737805,2.33807120577988,0.875649713407197,0.100558829072086,0.301536388066848,1.61615133686479,1.29407559290448,3.93579647739805,0.194809393891617,0.330770903379624,0.56360959303248,0.153303286102623,0.911411387912634,0.297107323682549,0.164490934287031,0.183923309316957,0.861552056060009,0.0114557105615035,0.244196254210359,1.50899239564557,0.470143660819374,0.0062977884604868,0.498240512229615,1.2077470375269,0.642134062981584,0.0878495705136428,0.711845806218913,0.278824516676513,0.0606996211819721,1.71380433663097,0.618167320723306,0.140141283294119,0.925183226279853,0.0643508546620142,0.165396940949961,0.984304015935354,0.743174619757118,9.20661374111673,1.16218527330428,0.173479529810915,0.325558114179847,0.199659511373053,0.692322970349369,5.97304073875248,1.25731090539073,0.164537292821391,0.524683183038859,0.0666714060458218,0.506806094929288,0.187967278100887,2.3700305063076,4.28336779098285,0.697817992331254,0.191634334815122,0.214503072970687,1.74296017800805,0.548259565409936
9.25,2.60059172210205,2.25104196354379,1.23099382285393,1.82528202986464,0.0654392350305311,1.71199171388529,1.83972880203097,6.45685851577351,4.8087549069415,1.8717899204318,2.97877434309402,1.22754022402706,2.56770740085905,0.350564719075292,3.71822732712281,1.24825504854955,1.3788754591655,1.24497270269672,3.28221303326719,5.20795827587751,0.698916627780625,2.22596765616451,1.31280035351751,4.55960637217094,1.52699814106606,0.80573101906078,1.06524003380098,1.38358327283072,3.97226517007055,0.948969404191676,2.52780508953322,0.237810131942057,0.729714040467554,1.58079641918749,1.08485873845243,3.22170214663355,1.95122900796004,6.84682131078565,1.74027340571588,1.77934504437081,0.389384388694827,1.33266171091418,0.140583091655711,3.58849120299873,6.30323667009531,7.71595536040678,1.88455148447737,1.69042975770553,0.982317074053195,0.682812309193893,2.99588028358767,4.70335219089245,3.14703186004409,2.03326846598977,2.49127845580187,0.701339212316165,2.24698643710476,0.393186098076175,6.85387733890088,1.60346058225129,2.2892012193841,0.525638340839602,4.32143783332359,5.61098064824868,1.8607661159167
9.5,1.2479524970665,0.801996550901651,1.82427886150215,0.587950477918067,0.972884032089683,1.50738845588421,1.26460319940029,17.0434634542463,6.75046735669408,4.28642881328419,1.85493485381253,0.147812608368662,1.84373333716844,0.123705432800467,6.72334915051226,4.67757325998524,0.962320037667645,1.39953954870873,1.34920334602652,4.04546150877544,1.13216231017161,0.775748488022521,0.369441092528602,5.10124798053867,1.9073024281388,0.140589454911342,2.17295009944279,4.40980483739494,1.48188470094688,0.0645836000461306,3.4447043348208,1.44577487685373,1.34448376973044,0.940347745168666,0.941815479054807,1.52483498094144,0.136073803553441,11.3781650209328,1.4804884003685,0.640874295610832,1.542510859099,0.321865800308911,0.547296340891262,6.72463498774901,3.42402722796266,22.8546372172038,2.8411562615801,0.295060422419834,1.64291947622129,0.967537732284936,4.5161969776543,16.2937477525935,1.63144896321892,0.51816353863745,1.71403787927607,0.0346580919457228,3.36537251877253,0.163603145785144,10.2403343778588,8.05383249833364,4.44643506628023,0.179945237105315,2.12359211515256,6.75579966312501,1.12180117265914
9.75,0.544741188260342,0.00917336299802382,0.825707302652961,0.156817192592989,2.95250441866563,0.309121806160845,2.13689944917129,5.56020521527156,0.587817177838179,8.23587146360878,0.256620018348905,0.17004986605031,0.795650024548606,2.75994114647728,1.36862956534039,7.68163703538579,0.501162646618195,0.841183720786496,1.46321068022263,0.0311878246844689,1.6957230999507,0.343198714181531,2.24994800118805,0.109453019118617,0.488757102486848,0.239573657645323,1.90853457876434,2.39817191481435,0.0707231776086531,0.588781697635123,1.00206701479687,3.04001437561718,1.03606928734456,0.379401137207199,2.58596651153314,0.1098051937949,1.15242685134917,1.68866486282601,0.606608350071251,0.14114424333779,1.46373650157318,0.000760863795960776,2.91035095512503,1.49224207425566,1.43352493815357,15.8677552065491,0.397069848277503,0.0125657415051518,1.50619925842744,0.682969409761602,2.25804041254998,9.01505843586239,0.58408754120969,0.0253850881728544,0.318600783760986,0.647826544007189,0.45733607149195,1.98184396143705,1.65637753369405,11.379261259951,0.0486628956948272,2.82591200180903,0.664002538066335,1.71084460284868,1.06453957889518
10,3.53206909360646,2.59520556381773,3.17730781132588,2.44214182890532,1.60985869023105,0.424076755040802,3.34688749492748,11.9240097034768,9.71717193563631,18.9607056950434,2.11274396988378,1.39623423699889,0.981240373489128,2.55761076950572,5.05107180161766,3.64945492298552,3.70343509798396,4.44370425928404,1.56699724587327,2.52330506088118,3.55814165322835,2.02521990287248,0.725720681445077,0.576343379477386,1.73417429172834,1.13866788243455,1.70346548183149,0.849732258183347,1.43310511956709,1.16050893010598,1.49093428377075,0.516174633128594,3.58825266423162,3.61000327721244,1.98603095809516,0.262829095912519,1.63094973273624,6.38100340710968,3.48638533235569,2.79194697508213,2.26362345519312,1.43241308028892,1.50155661766094,1.67907496875856,10.9783296805086,42.8350815096331,2.50927662527887,1.51766370848484,1.01778952994939,0.315638187875302,4.97800493321188,12.9548530118063,2.89756017917236,1.84099980273973,1.45164279901097,1.0736162352962,0.67731694814407,0.382546040497178,13.6511263095552,17.318610127636,1.11781165099063,1.4692308799091,0.256999011053307,13.4764102235871,3.45194468703055
10.25,1.60871753984529,1.52472658280738,1.34115227710544,2.35386564599004,0.305927454469957,4.90449701137188,1.26196306379515,3.96025881568929,11.5955378983872,21.7605492352222,2.26734008748925,1.50125070116903,3.07817183366852,7.26680121406724,3.7282057708235,10.6296254896051,2.09692531279646,2.08478625553189,2.45319885003759,0.157087428355574,1.16220909606632,3.77881441768837,0.234637070156202,2.52978645952516,2.26156038832811,2.31230325284872,1.81220831756021,2.71778308402521,3.04938836027073,0.597000612168094,2.68381456398886,2.00289539612537,1.68845181716493,2.6931118319855,0.686295827618404,4.90417256942674,0.0979755453668071,0.556761279964486,1.68323331532546,1.95686272124714,0.802501727253136,3.45120843141381,0.435932071512373,2.59335345396259,3.65431828320895,19.3146967338947,2.26641985174172,1.62351117518022,2.02181330835876,2.33471391645925,2.89301911886137,13.6058305047328,2.28790784710966,1.36878855410421,2.76657474042919,1.77753673334547,2.09636149737243,0.395322806340499,8.30123043088898,26.9597257150275,4.38390698440078,4.36351393496502,1.37842055076552,2.82160264342982,2.38052757011773
10.5,0.974068300138831,1.63652418289714,1.86386561213893,2.60795901962934,0.808180546217527,0.956375745132537,1.32518651896929,12.6126513336789,7.01717593466998,16.6477175148695,0.580052430413508,1.02348715890208,1.47157312213079,0.368555594266942,7.12663535454063,7.47402649693198,1.80003687766293,2.48909347258349,2.19540012777102,2.16242870892137,2.21062944167049,2.51792272006342,0.422763921915763,0.686714960429051,0.890300268680776,0.799332057852782,1.80392100983371,1.14612429423232,0.98083342245591,0.213101779542657,3.39476145777205,0.496266312784527,2.48333507480127,2.75069068168307,1.62720959225289,1.84224079761014,0.163023962761853,5.57743312071564,1.69123430812223,2.21290499345809,1.58359336338519,1.87239432893306,0.704030089446743,1.24323997850244,3.7748332193553,44.2364627275426,0.777985867753699,1.46878268473943,0.971039237287338,0.153355179154563,4.66240424986059,18.1300048571773,0.366448462036907,1.54363388065415,0.984489220285501,0.347725046376484,2.39324695695676,0.0686701292470755,12.6423378203539,20.2737293785083,3.19241779295629,1.40863816840944,0.964421876381725,9.95535107320453,2.58214874434203
10.75,1.56807519133962,0.639647156364141,2.9412794799671,1.49382920330408,1.20003913425653,1.00836056757392,1.90906029513571,9.9101800996747,5.37846929862806,8.13715911443441,1.03261964936323,0.588391623642369,0.235960853034183,1.48281349046481,4.39423137650119,4.4634171334423,1.83880337394103,2.57978019313963,0.819419949992294,3.28920348147201,2.39587727917021,2.10008238973691,0.0434289658546884,1.61644393050073,0.993077576046681,0.493473954412327,1.306450181326,1.86313528192056,0.115244253496367,0.284514101612796,0.684293989292611,1.39156701415466,3.25381078298486,2.05629675226578,0.43664715529431,1.10638152908136,0.543612967854687,6.4399386041084,2.35099119883532,1.15173085776188,1.95361516293065,1.36389864587614,0.822158569737591,2.49654273376029,4.64831906172261,27.8648619121368,1.9869356873716,0.846742787884821,0.876192189208074,0.354225902976162,3.88946013584929,10.0684281009237,2.06646275927725,0.671794253978003,0.366426991482363,0.217323842019606,0.388363850904746,0.562676386117075,9.07225013535147,8.0347829308466,1.34029462674789,0.983244446606201,0.988770637056226,12.1632611392778,2.44451896936225
11,0.197052832649257,2.15475168167723,0.284285802489563,5.54273946176682,2.64116509524925,6.55177137359271,8.10969241717363,0.742125530519639,15.1989772348724,1.38828855124412,1.43011376625072,4.03777149116483,3.32245538818155,11.9865638349998,12.1489376693213,1.11078319702492,1.99130124694597,2.7964160475153,0.625665590002355,1.7642733810316,0.395390015177284,4.97273607528434,2.35653955223886,1.29076596896624,1.48687458713487,5.25969073934024,5.99926327328995,2.33113575798645,1.97572279842356,2.41240538077935,6.09846139035359,3.48149394411165,1.2322030499126,4.99710214908478,0.339527773551984,3.81112347281411,4.21764536576599,0.401031574508023,0.480529752606679,3.72031799711896,0.410274895426598,6.69929038539126,5.32218108188674,2.64488705572517,13.4433247901864,1.25461071782283,0.767507581436654,4.84890444320665,3.47431568412786,3.6580674008686,10.6469724010035,1.32059890843039,0.701844447274726,3.29471786735237,2.02886682322032,3.99833149971054,2.97405529700734,2.21227457271776,19.2644562043448,0.893108124995829,4.67929262313372,0.410030588670167,0.175076159623938,6.00005865111378,2.60455267995368
11.25,0.132864026395862,0.52776269127724,0.0919090489737031,1.5155746483773,1.57995066664647,2.92872306538779,1.86639540011866,0.0908826250852078,4.66176001564344,1.19524755256101,0.329642130242876,0.453753582868307,0.170366883542791,4.65396078816117,2.55894149815448,0.0321286528052815,0.574056761290016,0.37833346412698,0.261638988841527,0.456896462655102,0.00869474548209086,1.60951455743246,0.359289908232931,0.556961931364384,0.133168828740384,1.07892221699895,1.52009752411399,0.447237632400595,0.420210706296311,0.164563073673538,0.546019918026781,0.483907791484486,0.0865981209845723,1.30009302950512,0.109133376022906,2.12210609169824,0.608583293054212,0.241170324345452,0.214403177827917,0.837097914401344,0.0999897031512906,2.12336163485026,1.66655164922115,0.823854147329883,4.55737070311766,2.39547384162673,0.382707722709989,1.02714424720582,0.582563210880234,0.883277527739226,2.59974851795937,0.0602374745565613,0.412482691049078,0.64262794661265,0.266028251093709,0.600828150956249,0.133462961484953,0.0777769613502153,5.16022628330368,0.377802232060378,1.04079032512244,0.147905309329678,0.0693724332980916,3.3807143195174,0.497415668189619
11.5,0.156577634339129,0.77966370861404,0.0942050154385411,1.73064884185889,3.11364560877542,4.57381807231294,4.21112457444531,0.97730966058531,4.92160953870216,0.364154282851675,0.0841719736103572,0.924916522369067,1.51514121859181,1.00976975052505,3.18813648139146,1.69613235365502,0.679608964673686,1.02837234386398,0.651436816055092,0.460561180872358,0.138941392263197,3.06617402233992,1.3770855091234,1.54793233803424,0.614414954514972,1.58314728853698,3.7540404008598,1.30692153541302,0.380747975053385,0.396615591643095,2.25779652613728,0.425665844929733,0.53467771212438,1.86330088762668,0.379157519558926,3.76101338441845,1.99450894587213,0.334643603293007,0.308261194846835,1.59729965532735,0.337646102435076,3.37324502678385,4.16677222164285,2.07912400624273,6.10009473756606,1.10692871859471,0.0519460939635731,1.5273213112895,2.51667888204359,2.07703193618593,4.35684824978373,1.92242791098815,0.0285974223629975,0.985166482922762,0.598690074770249,0.700053214184574,1.04743795696454,0.56974466072339,5.28099819839378,1.38131053260953,0.849839638181744,0.512262255049752,0.0484330965920655,2.38140079779256,1.05446016120794
11.75,0.128346387891207,0.0055298181263139,0.214014227382532,0.628203819773214,1.68942518688312,1.8238307299389,0.807835273535971,0.283616615113578,0.68670220867316,0.196544728824793,1.0423696797397,0.362731248725924,1.96575292941621,5.76520241925887,0.804923476988422,0.702397666065458,0.0849616941793834,0.298517104571403,0.23154457961435,0.381993980806567,0.00938676685899205,0.99371643842312,0.221282100902945,0.453989286341997,0.887996728172924,0.84025330963985,2.28185325028273,0.716665173308954,1.63514309822395,0.490452890581071,1.33569733937636,1.34213845830784,0.163562270422305,0.642807517696222,0.101085059655332,1.039729813553,0.239224331735321,0.0471536132430671,0.163259067216252,0.228211605551663,0.378835858498311,1.24930757599892,1.31608941472192,0.738590575699135,0.729208940954624,0.356811881673019,0.283405645996998,0.522209308218135,2.00072433796965,0.69621887889363,1.20404177335017,0.480019724713743,0.516972700285899,0.108163494951727,1.37747751981376,0.74112106437082,0.523397221316385,0.319396132381444,0.674355381795124,0.210060467574341,0.160388158828698,0.136403386687978,0.0242112721379197,0.624613265525913,0.483604120330429
12,0.180376212103394,0.369687159453748,0.103727179198454,0.126442337694982,0.0375541461454302,0.0335607916870815,0.552089343451632,1.44521227244872,0.0177639309213961,0.886328539971546,0.0114200262846928,0.332477060459351,0.0809398502947728,8.10267178324202,0.308253626338933,1.37454994045829,0.323493239630664,0.216294159977071,0.340353856168638,0.0914487428327341,0.211685962628992,0.0449739358082645,0.22952760247824,0.14645569097788,0.00980092963189527,0.106197791471597,0.097876006531725,0.445385271960423,0.110243917809512,0.413214574538925,0.0317207258737007,1.3331528805536,0.308137788969067,0.168793089069565,0.171854921326447,0.0713080834728841,0.333089843931504,0.436557992952941,0.209659898974614,0.262504890475777,0.0799901249037943,0.0255144570478151,0.101378670222924,0.258489525390543,0.481604203897707,3.87965281825552,0.0205049695139152,0.145913647886686,0.036274634431757,0.0495397045630021,0.796254210034432,2.14848173123927,0.0312964054407531,0.362409709780744,0.0662788766068545,0.357089146331562,0.172423297010353,0.247089642306835,0.94117898550624,1.7533856152729,0.134226183001582,0.480230989475772,0.389308205000124,0.731953051139078,0.155301438857677
12.25,0.0258456524998024,0.531051794040657,0.00707056680985217,0.781613032096902,0.677478553738748,0.0866089691362393,1.4828013290724,1.54928748960272,1.00467191945777,0.724792543493154,0.32116766908162,0.422433453565368,0.754034673499642,5.17552463180849,1.66792194869961,0.476671583760931,0.245201502390702,0.257397309752556,0.135050181418369,1.38745207417091,0.0337922360831274,0.286167922228556,0.444969976242068,0.410367662954931,0.270081856316485,0.554429938560824,0.972915026148372,0.644842212555382,0.873071086793057,0.351272936604096,1.09984188933445,0.579259361281424,0.0211766371777354,0.538862923103318,0.0211809311176382,0.0104421626419576,1.28238549691762,1.54350457171459,0.0140559268115293,0.772214483330576,0.150039421604465,0.398400022523194,1.14455839779716,0.489714382294663,2.0364782721323,3.95150795766853,0.0721352493101146,0.649405016205148,0.582292467506671,0.664890115439208,1.12607901971063,1.24498955751422,0.199613840210932,0.785717562986889,0.525700888923382,0.443321319330488,1.21969726160171,0.335131574358764,1.14497026211446,0.868240887457047,0.82457143250918,0.0821056145876251,0.251221279170066,2.75645307221937,0.321321114299801
12.5,1.99621843946292,0.634865413493721,1.66442391878202,0.406890784539865,0.114788464359171,1.02896135899042,0.230640439380539,2.91058300311333,0.609100429390473,2.27149048301529,1.29710010576541,0.412940524291696,0.563352872865005,0.890167160399145,0.324563685127543,1.66318700099296,1.48851609788908,1.14406297499459,0.125404652307378,1.27024117633362,0.44074344817153,0.420995215787996,0.185067894636214,1.46651972608535,0.627273666831841,0.345361420134661,0.425799557451273,0.724367659592648,0.719240143029269,0.212259070695666,0.684151744863933,0.0899106226582514,1.29543256867802,0.898034664464198,0.000443400989176636,0.769515232176975,0.403107530083376,2.48317429501844,1.79507455621017,0.634021325554767,0.454006155808671,0.329038144793009,0.322141987237404,1.60048652102233,0.394449323123121,5.16975102302831,1.55021103229924,0.367711045501215,0.262878569602482,0.295307189994234,0.385093812042595,2.54104404728706,2.12908007227533,0.44476848071946,0.708830270950326,0.526099026154413,0.492783778826766,0.105159966651156,0.381819726921925,2.37107882949711,0.168090127430689,0.61771934432947,0.640663505526683,2.26170187916225,0.430370866765424
12.75,0.728955672887122,0.805429177748661,0.016469300710671,0.956125139893449,0.247222905577651,0.103362003449686,0.798186742085556,0.168327275998338,0.00174974285781479,0.240771203604172,0.623961146438882,0.237148497263921,0.047536360582363,1.22187048816414,0.22040567066866,1.24678596342926,0.578727383245927,0.385958625730794,0.076717810194887,0.0359093648125334,0.0607840460955788,0.384433039816496,0.219743016731817,0.00708053550900497,0.0947868884464143,0.121160190978754,0.67852900484342,0.244069536202027,0.510925444016574,0.290149214574757,0.106031350248741,0.75730264904747,0.173515718299195,0.751669607308842,0.015255081229331,0.167142185891684,0.338202310432085,0.0277655590369343,0.158576166054237,0.907094508006987,0.0253325389092757,0.39061529505996,0.925371776718542,0.0554728512341057,0.168265651879375,0.303467025109846,0.312032134427955,0.707248713394293,0.0532352294244148,0.0319824920026307,0.405740900769402,0.610032296954326,0.971606656772819,0.663921752843755,0.242167170194576,0.0886220795183643,0.0287921002953982,0.324951338588457,0.183980349421814,0.697359295237902,0.226574605103528,0.42389903058808,0.00270261392701854,0.0792193528096655,0.189171975284359
13,0.405772861726209,0.254275917611209,1.04371681330477,0.38715248515397,0.0985733623171353,0.520496541488078,0.881627723211184,0.477428868165216,1.06735991732794,1.04862897132148,0.221547119301678,0.526598033426161,0.109789051069349,0.134505865134686,0.477812882356992,0.808143679674925,0.528053997431544,0.581780478222851,0.0199524503461564,0.44556757886057,0.603751523663542,0.163559468849492,0.337813177166333,0.401276190419688,0.100945538749741,0.369264443981769,0.487713100381352,0.332590388768835,0.0165249872038944,0.496501747131095,0.0923995837416429,0.547856175860682,1.05820885710179,0.387905933298111,0.139138433643415,0.399957896600303,0.545055867398389,0.399295383220069,0.825636890119417,0.463027552639486,0.404446703916885,0.341051161746305,0.524872772942099,0.359831859535907,1.03318632836064,1.84686993747508,0.364190476044569,0.505945591751375,0.103590298678975,0.38621300644031,0.798705788447306,0.33955888223519,0.719284237703245,0.352440698484402,0.0555788792972979,0.379373487067775,0.000521231777357811,0.845342946212515,1.08490088493669,0.688748044689992,0.215526072172535,0.49128835606753,0.221350595942157,1.16018078605236,0.244444845645844
13.25,0.0457127184793089,0.492042164939569,0.229924993522775,1.02639811815917,0.347816461808239,0.0254013370283708,0.444901726016528,0.122029618261173,1.12968870581659,0.159449258370162,0.00676539873077224,0.346867109838918,0.140484543136853,0.162234270463493,1.08447490355663,0.380864187022441,0.728788023128559,0.738641464050747,0.168229619136979,0.277931643436735,0.192542158862699,0.584342513458223,0.132853878102915,0.01873409579261,0.0101087164112032,0.226487925290808,0.315256975209996,0.145603474900549,0.165169164205354,0.492677094173808,0.492820475686051,0.0846698096428133,0.345059158324151,0.966800105639614,0.0217598700612075,0.172300029979058,0.439777066030771,0.0019934439987732,0.159570308767045,0.766915130228688,0.294488032756296,0.344212524468437,0.391162010357103,0.0601515626676347,0.942892253184305,0.404395095213904,0.0167008740354187,0.514444341369865,0.136848149470369,0.208938840337441,0.658310557278138,0.584212027089825,0.159093281127458,0.479696900306077,0.058980390730978,0.355349166588155,0.596749785727012,0.0966655518540038,2.1317634590178,0.308431135305,0.939863489374787,0.0319729313197118,0.00918570296786484,0.444339044670698,0.602805763261743
13.5,0.599112345764254,0.163646526068606,0.916682298087314,0.957084833029033,0.388595094904725,0.903268976693211,0.393900184932236,0.969166956312344,0.247200427476571,0.905730492847004,0.718976980617855,0.637189878487881,1.99514302014953,0.700604660384259,0.858019520850608,0.766010819855954,0.417718111512536,0.361964767122652,0.226517512792004,0.0522024068185723,0.585303571047832,0.620808229408922,0.258993905627721,0.166513363220842,0.96818327271983,0.689765276189118,0.979344540843024,0.822502141264186,1.48435212543656,0.310296566388862,2.13232246547696,0.342686887872366,0.687906090779333,0.564412232955812,0.41578843856834,0.38059824100382,0.134846533634908,0.20002368903225,0.618287150849512,0.616752494754668,0.59776343432866,0.911218572890662,0.451218598956261,0.716416595916899,0.275843347692431,1.52682865387277,0.986292836466807,0.987837630856927,1.15301923595415,0.924810442797911,0.790542779198549,1.51817167733679,0.948479114873948,0.312626503103491,1.23776813465352,0.347578853548897,1.82362632344422,0.543083564461654,0.430100321537534,1.26678503825791,0.378332843888919,0.450232429317991,0.132705684567488,0.189884488239545,0.426078524250118
13.75,0.194922876455594,0.725445198851349,0.0347521025504814,0.765782546554435,0.3115327803678,0.0962529099690724,0.488235922720507,0.520880835517504,1.68410843644319,1.46693176082404,0.00730581766254434,1.19592945359086,0.112439396327619,1.36381072608059,0.667641076795942,0.726639805868561,0.613103623209855,0.660452850111073,0.260064102637308,0.856063647228657,0.46685082864673,0.264298955798555,0.294526662647563,0.0762301582851526,0.131570272330735,0.932896938341176,0.14401744106212,0.0291216614676128,0.13938903624461,0.724153219742897,0.0807048647371207,0.342509707406864,0.516933613010078,0.706677772144956,0.306900214311741,0.0370860647266312,0.572776010221144,0.587892514434786,0.198573803761432,0.749873437296918,0.0403882930850521,0.591643098539139,0.38050935132788,0.0750179923335824,1.45060697421002,2.02420808015741,0.0174484293218035,1.16259693417726,0.0307113816975456,0.380359699185734,0.511324551737541,0.801702715273749,0.109288417873576,1.02691090329145,0.0986320080972819,1.4450638942861,0.252772394963908,0.182969119425945,1.36101961056886,1.51590986801436,0.451388900943772,0.340196280929598,0.111889418919482,2.00647318288426,0.601856777453454
14,0.27121052796583,0.947630964706661,0.0795187395487039,1.26639622390654,0.97001226676681,0.883756967042317,0.843607767458715,1.71810124550178,0.269998457622174,0.766146921368628,0.716172855178955,1.13326088485106,0.915885672566125,3.59440549953102,0.456182065992224,0.54229774248576,0.432586478817888,0.262303337142285,0.114367056504944,1.23012386616807,0.0126386939452635,1.16949147593389,0.27333825369231,0.372883949242813,0.998293136586943,0.996527040423905,1.15413994357451,0.387206562354805,0.870409487271449,0.397509741392586,0.467077425551769,0.249435028356649,0.044747561738016,1.1052449186942,0.220815969313937,0.557329190562569,0.665577869854062,1.43698183426535,0.0656628297343148,0.852244806261532,0.419398068672451,1.53063117747224,1.15359968619215,0.553167795369667,1.01283707665203,2.67521717388425,0.644103319013673,1.33105085334292,1.05911236771355,0.986186468960839,0.698007612204852,1.52427520030402,0.0685031802515337,1.12548701981935,1.13523633443111,0.80546670222068,0.400131806760918,0.193588376860199,0.0767335317485076,0.822035587809229,0.183096782826368,0.171828206491109,0.286459476836931,2.46255816070225,0.237390310831985
14.25,0.182897633246973,0.578113824233618,0.669770597482425,1.03410727286577,0.521573910843935,0.475466452804495,0.189101171122195,0.582645874473475,0.97414905457853,1.47732340835261,0.00721909627920192,0.686855941731028,0.342945817002959,1.85973744350531,0.719462879454753,0.878882453757346,0.413722116635283,0.700504951113254,0.435736084674935,0.333769912500991,0.985802113549985,1.02922019289097,0.224802001344444,0.0153473691575707,0.169945079126065,1.11023119878738,0.502548219938229,0.185002692172142,0.268820046981212,0.523876453532766,0.718599328408781,0.378351389280054,0.685800114522133,1.03541920236881,0.480047927090611,0.389622582945991,0.109515928154109,0.372779126930901,0.24684104137012,0.538631735462762,0.624331783230473,1.06548307359441,0.396800768680712,0.105328109913449,0.856590360880755,2.54017882640456,0.335253874714993,0.899818529978043,0.374532884778291,0.680881482400662,0.389445211070521,0.978934569862058,0.200668039047399,0.687510489135407,0.115993606888773,1.01922759880057,0.558503495913297,0.552742254591642,0.548648426840522,1.51816036051174,0.716708965311718,1.02724891668079,0.0516312111970311,1.12515990233094,0.781707177855298
14.5,0.27968102118088,0.0272680958778525,0.0479659443082015,0.0877885165708887,0.0194755311716038,0.255312684942638,0.610476666310349,0.0401940586098559,0.42456580111409,0.042205165933668,0.402126493374661,0.302365055819039,0.114042023365139,16.0880448539502,0.531409915536714,0.410924241322242,0.0577002501479217,0.0853382270182691,0.0329950839698736,0.885001471789737,0.0163161489612891,0.112766473685501,0.317241537337353,0.00638688728356681,0.0199056829282878,0.382472811746932,0.187873839816372,0.199826983739803,0.00701017046082326,0.30000210638843,0.519344743820112,0.994710948550289,0.0784879673517344,0.0546735559410244,0.0546768636649,0.0503731939849488,0.728052781428244,0.384312089823667,0.110380765436687,0.11018860275316,0.00299236092410653,0.193681245670165,0.156481430851661,0.027519110274945,0.817268112972026,0.132736313547481,0.167429097034527,0.180207037790658,0.0400560759689444,0.310458926013204,0.462561976733971,0.125373403847347,0.966351211610683,0.175384752471098,0.0213184573937549,0.91921294311856,0.335607650745235,0.0784562318495505,0.930928532900559,0.133295039589938,0.178009492883364,0.137435568795251,0.278056136971955,0.987782351837044,0.0697514998029573
14.75,0.270677656260852,0.0666859011782237,0.317033718301363,0.0711778102640475,0.016624649003726,0.0703449420868124,0.186225946783375,0.0458323630987905,0.108645603293628,0.12859055209246,0.467960497386916,0.0816052945268952,0.554943183854142,0.180373233353828,0.0827904076220779,0.153811549420576,0.0388679098310302,0.263995685771181,0.0518984543149937,0.110543979701291,0.29345153704766,0.132300343935222,0.00233983673072921,0.22304070765171,0.226008755671857,0.124455068782115,0.369675228928184,0.0494272964454723,1.00414269184013,0.0822092025907576,0.536523539218742,0.0764708925905404,0.270833771508416,0.241093420125237,0.0520345490950476,0.136760414283003,0.0088368738366521,0.133317430874845,0.0628712200073576,0.105378478488779,0.226669182683729,0.110060904698387,0.0913124552011248,0.0821696067312819,0.0943518931486524,0.34352577947294,0.500542682048063,0.13482542989852,0.187078813756947,0.134253136219244,0.278060707338243,0.0833882073545867,0.421132468675963,0.110483994159987,0.345846140649691,0.0953039313281865,0.872891920453427,0.330538594042561,0.281595639706138,0.14731884468294,0.215042105761491,0.304485979490669,0.102044273402768,0.240913794625151,0.268930555208342
15,0.92339156380691,0.218881063922168,0.184512422274666,0.119783952327757,0.325053326649254,0.376035347293828,1.72293170934978,1.38465969054679,0.30075162459383,1.01072681725756,1.06263202844362,0.518453862835941,0.820357276872211,33.392075449564,0.269356367356727,1.32834081391457,0.164123687260417,0.171560938980267,0.622298564912783,0.957709468557539,0.273337757698994,0.232926106172115,1.28994304103519,0.745294258000381,0.38507772885029,0.294386620066713,0.0923366718024711,0.543304194707838,1.68229011539431,0.69874382597763,0.309771341872555,1.79031395103288,0.26311394067972,0.0631482852482415,0.618673078388589,0.494141647927845,1.42222303988599,1.10351410029991,0.181287705395343,0.228658471864867,0.181002861390688,0.0103250613323478,0.988481029662187,0.747191435749396,1.19940784717306,1.66958816229991,0.378814582162978,0.373774207442332,0.185713003327493,0.43964870945231,0.996385653843912,1.8730653526394,1.28156719651918,0.342849093173703,0.967592310305547,1.02073708672587,0.594568583272738,0.449978196251906,0.585847620139982,1.25941136154298,0.00955416798285183,0.435393844649071,0.838723560167352,0.781598757488043,0.27921514325592
15.25,0.025198054715292,0.0722963406628939,0.0425052045735585,0.164888687652173,0.0495012914075593,0.00397219405306074,0.35453035432154,0.0537695138668511,0.0277582385581538,0.109610912140242,0.0733029709877445,0.0351262393178688,0.132065422305746,3.71019250448163,0.562728638590589,0.12730606181696,0.131685309819113,0.295385541912645,0.260359211834301,0.0686508763367419,0.213008203065649,0.257653033984636,0.064880096734316,0.0307738505649499,0.101405806521811,0.00754668117976386,0.195928741719548,0.215218177143293,0.040653685649128,0.02026755060361,0.149219490756169,0.162061092708681,0.197041217127314,0.326890837378156,0.0813860117840408,0.0859697840614343,0.216648611655501,0.0112807377092826,0.0180755858079685,0.241189699691063,0.158101183486653,0.0405052838807028,0.148076650823814,0.0270694083309016,0.288966286330898,0.0115060080251847,0.0958900162493202,0.00875424820830732,0.144959801678628,0.140312224561506,0.482492447881083,0.141779688143406,0.0191670868709652,0.0700289515377004,0.0811349182824341,0.0210789103655577,0.0369897267014406,0.197720598092012,0.387315665998565,0.106070778667262,0.0932347328123257,0.344318929090249,0.211598797229712,0.00162086649281824,0.447883161490829
15.5,0.158999039670192,0.0324235915310672,0.578633609045893,0.0540627632736219,0.671950879930237,0.0656887350663038,0.626657310738469,0.0458909297302859,0.960285218688324,0.153340674780961,0.707151813106923,0.338726245471806,0.117800173882534,15.5387421066434,1.55208449932753,0.183636337390171,0.13281021785884,0.577586850015185,0.343007827928186,0.0877228029720021,1.3733806461191,0.252473280376198,0.0886068557212495,0.102967378571724,0.604192871052796,0.151016869713392,0.00616374572592983,0.0223380304959523,0.131898307531382,0.54618462195608,0.556972848965984,0.814775746856725,0.972019893563548,0.174029532417964,0.616685316180174,0.224779188299837,0.21995348113993,0.0174237051684172,0.278689629667273,0.00327201262909089,0.946274508530741,0.0283544336888757,0.0664893639861217,0.108708114530575,1.36188223204692,0.0442316585183937,0.779315799741605,0.193092082366691,0.284085593280281,0.020686332419935,0.923345440780344,0.0693418856774175,0.525270577028432,0.200025710490718,0.532678411591092,0.350014223607971,0.669974992234343,0.643170453989228,1.89178624973677,0.164382179114012,1.116439753129,0.62611682962079,0.0983802678455758,0.303692225549302,0.869435383609143
15.75,0.524696195868495,0.0804521949226942,0.0707636102244238,0.120526935213046,0.0333769394167825,0.146520324478517,0.229256250505131,0.0895113783183463,0.633083883680398,0.253841503785956,0.452448611714628,0.122409401874816,0.661827951959571,13.1747577169773,0.250121781432767,0.138544625266469,0.0971224342326067,0.021244363439612,0.137205091940416,0.116093099776598,0.234434108007477,0.236268808000178,0.0171707296990495,0.122971036469267,0.287375847438837,0.0894124342282291,0.409794911285115,0.0391874929604984,0.428474972965148,0.00546794302245414,0.473694713769549,0.458852988748093,0.0107329307027899,0.0701355680322069,0.0206516513293289,0.174249482639089,0.208866354922472,0.0318265665623626,0.210928823836241,0.0873814771771211,0.0217074339212869,0.180840163257286,0.127367225158623,0.10400275242113,0.494017200756785,0.0673667504381041,0.336380939147764,0.153676575337145,0.426678878016628,0.104763796451257,0.176076146464911,0.107060632893287,0.576319904662534,0.165771187570486,0.453834630104965,0.172723944280687,0.130263432193456,0.0930722887388823,0.610746499993298,0.193071756567883,0.271308462098996,0.112647199857341,0.0237776438343361,0.320110959341206,0.204075085358936
16,0.470391094942127,0.575040739214124,0.267500775867819,1.30688144504197,0.365799355588097,0.453372250462831,0.805467369316078,0.372944336977613,0.243063780197456,0.107754172827541,0.00608624783901721,0.768604774905877,0.333582757523391,12.6533079265087,1.68991000293803,0.511108958822657,0.692770842802754,0.215322675458074,0.0835041334292921,0.667077215607096,0.274858325132852,0.281434661281824,0.544520527173874,0.150329612631293,0.11656875287449,0.495426571369669,0.571401189918658,0.317236893373016,0.282772272856622,0.259996490990446,1.21843552406637,0.311335392827305,0.125493351205814,0.841854199142242,0.2913128356831,0.13814507527195,0.667128828805107,0.256252781586896,0.164829484736227,0.633746508917037,0.451629258936241,0.932669101003503,0.77737009669644,0.196830195543652,0.524295022762946,0.242055348769488,0.272790729776326,1.33129079419886,0.162490034624029,0.975872757279685,1.13447552516972,0.581184892226566,0.267481769062593,0.714138207270626,0.0274078302583506,0.236989061628934,0.821785409299665,0.253480117810175,1.73308951218184,0.302901022316607,0.536965278422503,0.0366240098306556,0.302699856001846,0.417483876439023,0.00962626771981184
16.25,0.0136921115975396,0.192611834871368,0.221043359329049,0.374189975534723,0.142732392222722,0.460671028104589,0.188108795688195,0.0780999169841883,0.466832439046356,0.0729601784080871,0.304663024444088,0.179916507208625,0.349457514280697,5.93579889398998,0.107921772024561,0.0376042925485904,0.147332752966797,0.285009855033292,0.184611061324969,0.302627117300075,0.333367568224163,0.31978931643021,0.0708894834715496,0.100636919469824,0.0692492461225696,0.229202914090093,0.0601980947053426,0.364542875685601,0.442475864948867,0.0843431195407846,0.242099112171828,0.0962151101848429,0.303908474912975,0.324460146070563,0.191894799946713,0.240160225854844,0.313966653864168,0.0318046680532826,0.0408744186609748,0.354946712138014,0.208842281737223,0.486998240974587,0.0424127007643369,0.264599580064423,0.770625772870336,0.0196633259506058,0.302532900553074,0.409866667079113,0.116583813801209,0.798208329330196,0.00913475533663321,0.0965627194900626,0.22162420858325,0.338585222076685,0.233202998996328,0.158071291353672,0.363089269375359,0.193047644407109,0.179728404767142,0.0497141537336109,0.166804631689082,0.385551351652721,0.11292157549926,0.507938815946565,0.311985368366576
16.5,0.368513416422065,0.491757655301754,0.515724352678561,0.851605246085505,0.102358316947508,0.0247284461430887,1.02000355722781,0.482501523071341,1.65329748176303,0.355720550767948,0.0942667266192085,0.393774185049236,0.115592499267193,1.0703231980003,1.95864746072453,0.356538050813552,0.71090101036071,0.874442037240327,0.072396261217151,0.404622052820982,0.632054584919541,0.54961930062496,0.10798202986707,0.0552101114790904,0.190815620822463,0.111265516462322,0.0544336578764137,0.133622655380492,0.0800986955198894,0.0124092008607346,0.112897702327678,0.0199499814866053,0.991002377186779,0.991209315947801,0.0770886874265993,0.0859622279682754,0.62791730472954,0.307651596340817,0.566886911593517,0.511497563779956,0.324889897032679,0.41123435838631,0.12053268918225,0.129631849794342,1.54827177870032,0.686129281082298,0.159789863615948,0.648836121342014,0.147110102957999,0.0165269416569548,1.4176246092488,0.621564057501935,0.175594625566653,0.474419329791188,0.165341948109679,0.0895963472408034,0.166857651775849,0.00811394494380586,4.24129580170231,0.428766457046112,1.00586759274399,0.162258977135646,0.042478396261585,0.544479581681453,0.688019183564386
16.75,0.321530350318855,0.00547943113838058,0.418006791466754,0.362829897586179,0.35541640934176,0.170947261785686,0.157110751451496,0.361599073046312,0.0105205628268969,0.181428751674105,1.37057878279753,0.0249960629658494,0.584481536184338,0.616723489753163,0.0135940473344058,1.00949083465064,0.20214684960321,0.774080163931878,0.946093713168431,0.616147466134661,0.835085291856471,1.05568628790365,0.161132675420927,0.410596692090763,1.03494276187701,0.0581544750733861,0.120686248205519,0.243834931857295,1.21870388397022,0.271370019623835,0.118349291734724,0.798098944178726,0.635476964240551,0.651795518925101,0.663450491840491,0.79723624701209,0.361262182897961,0.515783120410578,0.19519301418197,0.167429545109639,0.506852162094573,0.303980857447285,0.00169257066431059,0.113625278008412,0.157974360601881,0.86692115451534,0.935059203571086,0.0875304329466616,0.43818254802469,0.107707647216542,0.081435094212705,0.371751850795212,0.955364236552721,0.00973345480216621,1.21802160945768,0.156796001035005,0.131321473783142,0.407384325228073,0.0308911825773516,0.326765745826004,0.00357378191418056,0.189964964299677,0.306433461364296,0.896887727309817,1.20018382230505
17,0.0174439400596399,0.0965395461499844,0.19891127263586,0.00493392461008856,0.0408502167269527,0.0699274577965216,0.0196386608783753,0.0326462557385006,0.584533582162175,0.905001928096455,0.0385809622609872,0.0968990536015942,0.213303578324933,1.11718277941843,0.575465469852907,0.627739344973994,0.036176637219336,0.0889680594158446,0.0505433105597099,0.00612157031342044,0.123801503631879,0.0531176235620498,0.0431370166254378,0.0670292347807618,0.134820202640343,0.146957959577436,0.00388842742010984,0.0486856407093661,0.156665457632551,0.213863883257555,0.154552569220788,0.168406735492995,0.14604000958133,0.0484954779775143,0.0586484907519379,0.0584780608225574,0.00100501535388653,0.00244380127335779,0.0600775126876647,0.0238181740498279,0.209434603309095,0.0493906051386038,0.0527778868250431,0.0671099122851938,0.199891701232027,0.688265951659073,0.157514136489109,0.0487475840203613,0.0515522523359422,0.0268188372140497,0.168636982205979,0.269300151949397,0.041774065140963,0.160297552506912,0.122708728423063,0.237719595150311,0.2258310795311,0.110292850937227,1.29105635695278,0.888619672212442,0.608882516525412,0.260331135048393,0.022226343132649,0.371736320435472,0.096152376828514
17.25,0.24732508234503,0.172265563188978,0.42479717485778,0.263757600171449,0.0856549732541129,0.0954760207682601,0.528595982752201,0.178146188464876,0.222397565068457,0.0156158451447768,0.118477861294397,0.0350994849787563,0.073615290193574,0.0345366452935873,0.377008363694705,0.173102041620816,0.190480778875049,0.323988582207108,0.0801934515098401,0.757680776028715,0.501525238161697,0.0673412139485907,0.0334857422441378,0.321266865118647,0.0259301247541639,0.0370607516819151,0.179268815488356,0.100934301535648,0.232822047924498,0.0346093678240085,0.11224327605804,0.0094709172640681,0.428539350388967,0.355073120619779,0.0805059268615589,0.00337939316649209,0.523275192837741,0.535444283053027,0.323315380207722,0.0599049487772928,0.149077410878096,0.00558454516194163,0.290821477407161,0.316554902698057,0.834988438675632,0.067672943173557,0.269373050455727,0.0762050370861211,0.0479167784599062,0.125788231831654,0.514804033681201,0.000145929810420395,0.144978905037489,0.0687942299263415,0.0479528013238874,0.0299235070111873,0.0146449587031227,0.109208035546089,0.36082314706684,0.0261937665701535,0.0319614939982822,0.110475516942092,0.0996672705248775,0.770309701071078,0.279461240781186
17.5,0.427208463392845,0.488467556244324,0.295238928161945,0.808672062290954,0.151109905757019,0.0248373882783244,1.4001483764526,0.0402366183170421,1.6053602411122,0.167208047192929,0.48135310785944,0.527693131178645,0.310057719099763,2.14976623415475,0.660763772334403,0.0636139953510116,0.436176502958059,0.7221468071036,0.213577128224963,0.693431182168674,0.4888982892147,0.737549146564717,0.560402446901125,0.2918341720472,0.0946970481558965,0.314382573239411,0.162805463811704,0.185677350489099,0.510774527546798,1.04619814036484,0.0155984701521431,0.324142575487556,0.566519101123063,0.775159470753401,0.169576352015629,0.257585885707939,1.09295755664861,0.294180511766633,0.317720218811111,0.523318822822451,0.117060149726831,0.328397939918981,0.566976836442257,0.0480173849165983,2.28928618124267,0.122274131798483,0.0929409180038781,0.562505988856194,0.160686388732835,0.381383704906531,1.23325592091492,0.0480457913382293,0.41171559462725,0.516595118147188,0.394342534388295,0.53314697025118,0.0195073943496329,0.508618297425271,1.66441380439948,0.0796358230010196,0.169410144968176,0.253292187169006,0.326105735141523,0.444498960098952,0.70180697565767
17.75,0.468450511668667,0.39403132812068,0.133467486825605,1.25642729211618,0.434689609135894,0.0874087685009596,0.200047074499483,1.11352519065617,0.0927730525398755,1.37212200173556,0.18857001042304,0.153636992424434,0.0581273253809192,1.06025833755961,0.153907149571307,1.64514884089712,0.657700747577723,0.592583714657311,0.0923576040150269,1.24594501772443,0.171525843870973,0.681934602746947,0.138047441271402,0.351720683416595,0.169306669455259,0.0576017600071952,0.25490728047548,0.565832274830752,0.00944741490060855,0.010062042994522,0.0448285124409155,0.632408724791444,0.218825986027607,1.14150979251143,0.130144636892431,0.133847806479842,0.430397485767945,1.04537365533131,0.289959365440276,0.640223451148999,0.220649411423766,0.456993103045638,0.516157837838529,0.493267066153509,0.275573710460639,2.06638231232805,0.136700756433032,0.590528714979894,0.178616893141434,0.0407980865880419,0.0908289889509914,1.30597432103111,0.376129699895179,0.320840179466702,0.08805667557635,0.0296383232187442,0.0112633711115388,0.534990137674134,0.353843359696748,1.54581021970668,0.0240026167913582,1.45441249161558,0.205965307614322,2.08767928944494,0.486681452498691
18,1.67192929415483,1.09430505366796,0.946689796294139,0.771575300917245,0.213171373432997,0.638707963785667,1.09575057267504,1.04605840677532,0.217368138313226,0.309832349703334,0.571681211697592,0.513635692320596,0.0414043760591322,1.82789175140907,0.364269788413205,0.396992456762171,1.48579354240856,0.849705794698641,0.180513028808438,1.3154733701549,0.343250352969791,0.159577346993178,0.838176287571494,1.24446612386003,0.142567676536711,0.0644877084471354,0.1895953426952,0.429767945007491,0.395523071429233,0.65865566558072,0.0230495572876963,0.326952540533039,0.885991349664118,0.825235149675663,0.0847966935276544,0.468435587108797,1.50663250108307,1.23982806687226,1.37694115632473,1.4360263137572,0.133371842486866,0.201063274458025,0.7172107214482,0.987224315766115,0.758048414238221,0.453098093118871,0.726739118436319,0.662674605968767,0.0567645573144462,0.100271911726586,0.394245066728326,0.650446921873693,1.18445401487643,0.870107757647924,0.179073013625477,0.212284204203486,0.0170939127043733,0.455084284925374,0.751911698125968,0.510454793784955,0.0979191184517863,0.0173488714097831,0.916081862590649,0.510323202306072,0.230131107771227
18.25,0.949072827421016,0.248918443444032,0.146616455655007,0.284018001417591,0.127298511558422,0.270124252575972,0.584800510934816,1.30164510394293,0.402060385103771,0.56689155438654,0.895855747803734,0.0919623068964577,0.380079008768037,1.19310081933982,0.0131010068745552,0.936790031904141,0.374874513646306,0.127655505385057,0.173529904220764,2.07422163645674,0.0723153093124697,0.194767828527496,0.245098347522007,0.739616886879512,0.36897141135018,0.0318811882296473,0.0594040607760296,0.0936599068415284,0.575622094069147,0.162993515503561,0.158449865098722,0.0943571236021215,0.0357386835208224,0.275120626835985,0.0904256218934924,0.338779778009884,1.05818606489284,1.7189371404383,0.424787569022522,0.251163544428099,0.0171588989370601,0.141790981163092,0.012880881228265,0.410648818321169,1.31807505445126,2.23214175097601,0.642801025681633,0.10346484146713,0.372106593031153,0.0626360150108181,0.138751502147163,1.33109468402633,0.832798922272701,0.170074353972309,0.503525067500203,0.0474891428187352,0.257408318709241,0.108642321816768,0.155494417530662,1.2996268471565,0.0618291341187174,0.358350068660731,0.53685657374324,1.8433197120038,0.00868871744239311
18.5,0.0845433507356207,0.000636953372021665,0.0611553341201255,0.222951328975107,0.0328867162007322,0.3454829408387,0.89919444203567,0.555273521613134,0.624085357583292,0.752142441087948,0.18955398816152,0.0255557659127077,0.0970588623738724,0.00988846073426028,0.812571151417533,1.09186598013384,0.0419191440366995,0.0317240483746882,0.179623704821101,0.0341578320913402,0.0939104067118518,0.559336267173886,0.0846055646838784,0.288375565372998,0.0595352231967906,0.0162140918472967,0.316880646393334,0.0708815487862747,0.224455260613851,0.0363801038929833,0.0676816637283192,0.142950455034301,0.0273808752146968,0.26206495295413,0.0148287877328977,0.57769022506122,0.214969982475345,0.282668570227785,0.00158280623877236,0.0416867878730113,0.00958023613418361,0.256732371400693,0.239882162103637,0.185466298033551,0.867208659661272,1.65403030118136,0.0611793513744112,0.0248286621166443,0.0905532159932157,0.00422931472447848,1.09914744791165,1.28488329890006,0.103747744859444,0.00619166086507192,0.131269333756263,0.00862523244757862,0.0106990501370189,0.336743810005744,1.50281504554719,1.67313417703071,0.123477297190365,0.624951208484634,0.0700563275276677,0.214101812504049,0.0789783084235319
18.75,0.452261280022196,0.111418557536385,0.0938233380760522,0.0179391603361639,0.035954422874087,0.0544867101028862,0.381283570303098,0.184842398310302,0.416276928318088,0.340920094729113,0.888270792634221,0.0209421549742949,0.167528790834585,0.433217058790332,0.216739016104577,0.194397681596257,0.0787765015905706,0.0907321934455543,0.240774995692106,0.029525480945375,0.186277710104163,0.308709895777864,0.133282553132343,0.17448283026764,0.309557642935218,0.018981754529674,0.0995217127726977,0.0411827287459243,0.521280765148548,0.160130481556311,0.251619847589797,0.520302779676967,0.0931240118256682,0.119026697076231,0.13033226406836,0.245272100549898,0.176880450581954,0.0947938787894974,0.176641940385367,0.0492980624991607,0.00868405630747865,0.132357482134505,0.0902389819999727,0.123908875984072,0.530000502977931,0.21005986481028,0.79631148720921,0.00413074857020124,0.0479625421938982,0.0256999533095846,0.417638858802377,0.228030956148365,0.889308362842976,0.0476545738043515,0.455017879309983,0.0420519759110146,0.256014444155814,0.843169735785475,0.401156590514053,0.332218087795861,0.161051483437785,0.100191174193821,0.14044802778891,0.0513908087487814,0.245130609241376
19,0.137502989750064,0.112941784040683,0.183804359084838,0.280968235704211,0.0540127546185693,0.0408744908810319,0.173007307031679,0.131197900985036,0.0472906822706687,0.0782536972486411,0.01961967055511,0.0418618161549642,0.0489291646613374,1.36650395149516,0.12131023929097,0.193945914221296,0.232217768747137,0.383643473120905,0.0806994691687045,0.383667688998558,0.0233461098616858,0.0463528923254601,0.212019315805851,0.323621040439654,0.021523431971082,0.0155414575486508,0.0304881378477335,0.0357274769766325,0.00559597326574887,0.00013617795500341,0.141805391564469,0.0203994850671707,0.250563038920154,0.372475638288449,0.0659833005108262,0.136218830650117,0.284008110942928,0.384899690378422,0.267448669679474,0.215628313697508,0.00671486764799412,0.0421247499002992,0.17827376036361,0.141296482606419,0.120097861096433,0.125623066029267,0.106034575624613,0.0838674607279552,0.0130082039341989,0.0699324311589233,0.0670075879004598,0.0462393317751896,0.0890550907505794,0.0649961501763185,0.0153580703036674,0.0033329274127959,0.222149526298893,0.0643823806331147,0.228541552314981,0.0194850954284588,0.132246274505108,0.0162387212496679,0.373272146177589,0.406321014141618,0.0820950498575912
19.25,0.52679218687299,0.327892322232462,0.708350964129072,0.646017116556429,0.483586945076037,0.0311926788895573,0.985913782647757,0.797637863192744,0.484653483837774,0.977371321995607,0.1905627180274,0.226981208511778,0.0264444359913406,0.324310157946591,0.0936891018784993,2.09941252902969,0.596668275163204,0.839433587084743,0.362696443474238,0.787592465897829,0.963122931358505,0.298081444078297,0.58212073648685,0.307098408980006,0.146112705399028,0.148481690680509,0.187115991047964,0.516458033547051,0.157301967157382,0.37030036343428,0.00594484349577528,0.71121214074457,0.985064853145468,0.568847593388812,0.538987914187451,0.45657155646464,0.971586614964696,0.548156373921111,0.593964343422848,0.55376518734698,0.624985987180992,0.111617151340526,0.582429251239841,0.0766942592262769,1.21143785800479,1.70948962467905,0.238785579409634,0.264965629673332,0.171210548464347,0.278268669453899,0.534373535970678,1.534305130311,0.273914233703909,0.277393283044741,0.0724703123921924,0.232378860999576,0.115998665166437,1.18521913644487,0.706298349415417,1.87201966609849,0.0849074394310795,1.08285736864708,0.370654965789149,1.14386018470279,0.799226643996743
19.5,0.63443165547769,0.450428999762901,0.09172436673408,0.385071663376193,0.118599377331298,0.596872765588243,0.0383170750984513,2.18510232717449,0.54711617040489,1.80446621403536,0.290765154579772,0.138349994780293,0.684359654844837,3.09810815192292,1.50623817455374,0.625427724987362,0.521968392220226,0.281089726596797,0.271537775707968,0.912399491648197,0.0146492599456502,0.154968165178901,0.249264000424871,1.11498233371395,0.210448050436906,0.017493419849228,0.314954545197879,0.638642170918461,0.466376116983469,0.0601909686163658,0.834292242225676,0.142072265564694,0.119241387249518,0.492215857919394,0.210120845852019,0.694901620179756,0.273954866600234,1.69286416273715,0.349519005147307,0.437653758828417,0.0280677139890658,0.11585429001194,0.0181181653478031,1.1750231036715,0.229049213797577,4.92828295428138,0.157688048139033,0.327842409568104,0.39500710887231,0.217714179966216,0.468979088513282,2.3580946733636,0.458497787727507,0.349919312888652,0.397008864749764,0.0826171222908614,0.828917668864911,0.0692841909566951,1.7910547829404,2.17444391186498,0.767245617950122,0.254241226063171,0.651094864107149,1.41349727793678,0.0439572022360624
19.75,1.59311006564569,1.55873966985931,0.950195681940735,3.3299077451164,0.195065471544294,0.147004400824401,1.64313417165851,4.0361591436825,3.84526058420298,6.91129334008975,1.42041484945847,1.07245392273053,0.62440739910683,0.400391321539002,0.855943620628676,2.53203952254897,1.74554132258464,1.72087303501,0.127959937043197,1.25945969917246,0.360750309379363,1.02289324106112,0.49575030262142,0.61902016110574,0.946138304731278,0.814523308316692,0.273874172250654,0.215372504774502,1.10477212090707,0.578401300921192,0.231791795596716,0.0938121616786365,0.972437015683639,2.3437828563774,0.173478920411103,0.144136027879937,1.19135412543299,2.12813797000103,1.42222381559315,2.10650103993148,0.368323503930646,1.15959849071753,0.459474200267373,0.60804697406396,2.76816972325673,10.6629635317561,1.24244951174768,2.02441816925306,0.353137515601572,0.309652961351923,1.38173513402699,6.68196280662117,1.69480378947401,1.49425187801604,1.12612930554889,0.577496877075849,0.257266560916957,0.327365502392719,3.5195276336894,8.6769499325144,0.357539402815606,0.652248688494527,0.309467835021251,2.66563919917007,0.865496879782053
20,0.98995030477181,0.789617121043577,1.02592013514154,1.94990954405833,0.0439508762541359,0.233785579236115,1.68862420545782,1.72893413486429,4.2705610351195,2.42576673042592,0.368091164453398,0.745210433976001,0.203994285534322,1.27429469514599,2.40251175564728,0.132282345284972,1.44812607184923,2.09635669800516,0.189987260500258,0.533232313699403,0.653498455454205,1.74052081520754,0.352944947677087,0.123010371887691,0.0796791416766742,0.823448769740256,0.605854466686018,0.0151672661879754,0.091226973806473,0.149604703140976,0.756503198399621,0.224177228480603,1.63309325429823,2.47476857267628,0.0373662423887845,0.184574894110608,0.744306275618281,1.08646435223571,1.32534073921158,1.26971723214476,0.150939896520395,1.5947606987591,0.459283985729602,0.14539831387404,2.87091416214892,5.9514498011286,0.524816599003919,1.39327448075598,0.10440107260179,0.261450548157386,2.35185944375061,1.26224007034854,0.923440670623615,0.822625720606472,0.0475845651753612,0.444608696072382,0.384460765369151,0.168183629708716,4.2885243881058,2.21231985314806,0.961205641646343,0.225073840582205,0.181405706696508,2.05564779364308,1.70262535943176
20.25,0.943573995842382,0.897583566387204,0.611975352062629,1.23816049139705,0.176581317598696,0.168927396780961,1.34515803882861,1.02759328947974,0.511499677429886,4.42525777771948,0.492947009507956,0.713431704831081,0.461664682714122,1.69839672786762,1.19350165615431,1.88234821172284,1.16610033987499,1.14169656324286,0.414682564274914,0.48991712313473,0.21682216628647,0.821697610105144,0.438949945167668,0.375641748556826,0.283636953712657,0.524415188543393,0.802652534306654,0.221035864659399,0.49863557022978,0.663351664027423,0.848208499029679,0.140337476224565,0.664759318444483,1.39402677261201,0.100789668383251,0.324482275901241,0.638264031450724,0.629662326755862,0.926371821490695,1.05706525165226,0.0502901229238901,0.609618931328466,0.856326411448721,0.296362285866944,1.32241172726347,2.17645603006774,0.661913747414154,0.763024542232114,0.275899570224369,0.270911947601481,1.48912025018043,2.41129587221494,0.789879252085237,0.761188115046956,0.362459111798012,0.54349523442942,0.660925145757832,0.303607314988715,0.934935314751427,5.48472825112253,0.975023701897524,1.5355604609973,0.333710144595451,0.211821630919967,0.901987356604447
20.5,2.06292578378385,0.754504777335021,0.389008238875669,0.346890378171394,0.727437286351845,0.31674827102478,1.40327488506752,1.74640666594965,0.0571608482469539,0.0878453385226975,1.78186584193203,0.333893183853111,0.594523649552317,0.0352608678169148,0.104219528780169,1.92074754719094,0.630524869040162,0.0898751105361501,0.94180807933384,2.69783606359648,0.125567150663672,0.123177275993803,2.07046398495335,1.74953506943921,0.511777099582473,0.0919105189053552,0.0933314126406301,0.173889059621224,1.70916160959064,0.78029525263261,0.398956541370982,0.551726457388642,0.158109648255599,0.0748605942527226,0.841538781315836,1.00999693843719,2.54911187561681,2.17230161035766,0.84095471525742,0.558099769365284,0.0359260665271633,0.00280481404908611,1.09714414916486,0.79913405966635,1.57473572056913,3.24609181138509,0.85667066035775,0.406757762353772,0.0404925185267391,0.0277079045731855,0.291440517095542,1.81460935189627,2.09386789745632,0.569505996330568,0.976108859805455,0.190247917672679,1.03887881171731,1.62114975505824,0.167363509622959,1.32302229334003,1.01860269066292,1.9620819503637,2.23262194613451,2.66303891191937,0.112632635717325
20.75,0.820563184550342,0.786902280386571,1.18787310143725,1.37875254585247,0.150479155157491,0.000235711304117408,0.912919987675061,1.9715278553028,0.963482913985337,2.80962907163421,0.312463618024751,0.621751091786709,0.115171338168364,1.4226220109737,1.06866396379644,2.51819515764611,1.00502101921017,0.532275294655418,0.120409776096527,0.444263497062363,0.124307096729928,0.0922612891512102,0.43232634345308,0.638074682233412,0.213450192910703,0.50829615035641,0.452043894789708,0.386826404237031,0.0384602329052069,0.342765944747769,0.441703711166978,0.447412479163151,0.675466830381956,0.640618651515561,0.0896054219698234,0.131445442825464,0.506628139862788,1.21009205283912,1.08903234742354,1.03710699925223,0.190588379815974,0.378605336477786,0.564348779579218,0.366336501118112,1.09469053227237,5.63574452718503,1.03441593427157,1.1321749101939,0.139304313074685,0.33654284412387,1.18092776470935,3.97694647186085,0.74441675351186,0.797408077368453,0.0427062759186895,0.274662850363361,0.365008419192871,0.0881104964318728,1.30503343433435,5.85924397915845,0.508858403445298,1.33479323660152,0.687447334939765,0.522983563835356,0.0790943539645778
21,0.176761571641216,0.154406921118382,0.118990607815835,0.366193011215031,0.179950981339024,0.0907325950924866,0.230845995982871,0.40046496694853,0.286612454134045,0.110795198292238,0.0339880162331625,0.197536957945469,0.0642648580389465,2.86460574578762,0.425483671144098,0.189317701715147,0.217563761786642,0.189136246499041,0.0144179226935706,0.192010095327575,0.0366549434254759,0.219643326685824,0.116729465940949,0.0248934649451751,0.0170705667626761,0.212490893890069,0.222156361977442,0.0751263044063084,0.0299304703389693,0.0769191622335982,0.072112538619214,0.150337270963889,0.115563535630249,0.390787263871587,0.0584526164580453,0.0560438938151938,0.125276169217937,0.19100353476474,0.151007059576839,0.202713206609619,0.00596809996034704,0.202806448684354,0.287552922268887,0.102271011896684,0.34075796661099,0.920580374586424,0.103124886241473,0.22958369984467,0.139023268618922,0.109238895873468,0.335328407534087,0.441643332970232,0.0718420928177533,0.172898556495767,0.0458273032052685,0.286986672484522,0.0130114810200117,0.00917136710342571,0.723348799602495,0.200013056718054,0.0883300399227627,0.0663941317938352,0.0285311724083255,0.373674522051564,0.216542900380578
21.25,0.0967445351644137,0.138499757962328,0.239934893881001,0.323227371246739,0.0918870691875108,0.128555042820678,0.43361568194726,0.686080809908074,0.586105792871784,0.653872829839645,0.0141496615424152,0.14875992547905,0.100688365550271,1.49946233134353,1.03679403987327,0.855942681059841,0.219343448025751,0.204189964241092,0.105713133022257,0.049321687019353,0.102875552997819,0.0500000613571886,0.178436466221817,0.211486429575363,0.0173341644103678,0.210762818938858,0.391104731188105,0.361725283225787,0.0227898077418815,0.0593161114060807,0.524976116381301,0.525881028150003,0.296861042305151,0.280714455891002,0.0961895598941529,0.00700649741308346,0.21179545005606,0.335233670119243,0.196494137768116,0.326360273374995,0.0482679967564941,0.142632930393803,0.367986583433832,0.367037693518606,0.535797144091403,1.20469857563979,0.119881647333254,0.213728009416136,0.0839139401949821,0.147950902635258,0.683335552467624,0.997527322621767,0.090091729540286,0.163047060045602,2.81242140751051e-05,0.188421030906319,0.19511712244401,0.273924927480406,1.29601345157302,1.17179648671213,0.329972635420693,0.168716416004325,0.152912374603912,0.104055214112179,0.0696259200718887
21.5,0.0276009986315001,0.45663556072472,0.152479313938081,0.224779921152349,0.0426441503823787,0.326570446198778,0.358256739816864,0.322530836747875,0.334662658071483,0.237636659086462,0.42840989394614,0.478018060012042,0.578654150487792,2.39940611879176,0.869324391880152,0.587690860426167,0.279891980179599,0.418509934179171,0.0989335475407026,0.280058582137974,0.303561316219263,0.424138332518138,0.167540932922179,0.0878926623861078,0.358317158534872,0.491224949983018,0.490527553727452,0.186574580193534,0.329989418619552,0.328416709893585,0.719253273689382,0.204698874224655,0.28912943181589,0.556982504579539,0.0207908595485882,0.110578495175206,0.320649438533644,0.254064097130714,0.111964914630736,0.525135239858383,0.150571135931334,0.615817760459139,0.217786443860198,0.135527437579228,0.336823127753399,0.458559870918177,0.197478627362867,0.371349401054528,0.452528364674113,0.344219047370169,0.50487082207978,0.544710808724696,0.241917799682706,0.545206300479239,0.496189997911505,0.47569260722248,0.431522336899317,0.0420015995408467,0.450125444274422,0.434128487686393,0.333050546503727,0.0473687809479164,0.0796835628301369,0.441859036379592,0.398224121485092
21.75,0.47231966776368,0.23110275381868,0.387026371275561,0.132447843755634,0.417691403803774,0.0379908945915246,0.569573725450869,0.245600635670398,0.445189771827487,0.526819296453922,0.137372565001235,0.242462266769775,0.175098515508112,3.78940939713442,0.955314737956433,1.38520534067706,0.729037232269179,0.719297946588395,0.616817870994339,0.556729872699908,0.855320255459686,0.453243406046673,0.348054546459292,0.121818904943994,0.0869232184945329,0.277941637956208,0.238194070180007,0.295559263992506,0.0493102894537609,0.537420507219017,0.520976437064446,0.482959937808261,0.80863737165172,0.436165338652297,0.659539239422326,0.257018891989025,0.475587521635771,0.243817063903969,0.579338791563363,0.231222861390995,0.442029542424565,0.149548076509347,0.165027947309484,0.0571333216217072,1.21093612653944,0.829239221400031,0.164588640811239,0.177369504702686,0.108395171792596,0.189912496116333,0.826772790244849,0.877795843789679,0.458542703369016,0.222210318819838,0.0445854203103698,0.420477688006426,0.308881258666948,0.232130201940057,1.07965262123551,1.17910623197176,0.260912188120223,0.694001284329221,0.320711752624368,0.807272455344663,0.803003983239194
22,0.433228728850039,0.352221938682848,0.423347663230597,0.806512772727075,0.010662635739868,0.0192054187666389,0.786316783020259,0.797058790584856,0.139865013365185,0.384703600527689,0.722093685940036,0.357458193993964,0.12326444169909,0.0380875188562819,0.0459472088089723,0.152832438915967,0.577724335729343,0.436897856010404,0.0329359154512591,1.36484681912232,0.221867004243075,0.322676281735293,0.591256675368257,0.652878827293541,0.439870311301134,0.278310560122107,0.0179698150170589,0.13095522212676,0.367489454946866,0.0626928907759499,0.0138477441234893,0.050561468028441,0.468780489838807,0.533406802813349,0.0123395590465077,0.0694729737674815,1.12643772893088,1.18540483524597,0.387305716603942,0.393320872836257,0.305590296250328,0.212226375832273,0.240561293170795,0.299821830800515,1.10797174028642,0.858329738416023,0.53045202894402,0.578748945827636,0.0831155975824753,0.125892085952114,0.262274459851142,0.371130736318966,0.570419313474668,0.394958027236086,0.349827048931917,0.26024268278059,0.088914632409535,0.0374673949815371,0.233657916977667,0.136985302704661,0.0340897169647492,0.0215062887165374,0.859680213985306,1.13806567636758,0.30749381293727
22.25,0.00915857684925471,0.00202925140396588,0.00299430603695875,0.0810975135026104,0.150009838200055,0.0254659440998718,0.0527163187122479,0.0636427021370292,0.0811664801165204,0.189914713102517,0.089944365118941,0.0114276662742034,0.0932791567974707,2.4722902551544,0.112028133448792,0.182314387108165,0.0176546978930528,0.0838921582198421,0.017658327740126,0.135871503070645,0.0638346837506287,0.116376253273468,0.0628208083055714,0.0425450144688237,0.0522722034747668,0.00221933119882486,0.0364697245848435,0.0439140734304531,0.0764400924451815,0.0601725023741943,0.103197014782086,0.0438548754851516,0.0192032528350516,0.144672195406444,0.0629656701847947,0.0259572578538447,0.132359784769055,0.0206775826485589,0.0033387182199404,0.00516355069362773,0.0591261657133224,0.0259381916860693,0.0348060442444761,0.0161659841195138,0.123674004330687,0.45893400907161,0.0441794006794459,0.0129666549612563,0.0684257521391841,0.0635263914352566,0.0333623204808274,0.422802116448519,0.10048144341102,0.00678188929239278,0.0597184390991044,0.00238548723356596,0.0828047895153163,0.0609978198118548,0.141299953632358,0.429536168886302,0.108112136486368,0.0507127652769375,0.078110060670266,0.0356194639373606,0.141869861859154
22.5,0.0945288385151523,0.120354031606663,0.201302838976172,0.244455719744341,0.160068913072373,0.422064915477691,0.637307382260567,0.149175573382227,0.603735276242153,0.0508078121901027,0.00883332540497386,0.239844887543312,0.0106722164490362,0.97865437106524,0.889170113829325,0.108046146957532,0.237272278804423,0.292392175867973,0.156970433252144,0.428417955972936,0.249276083899141,0.28307787120748,0.309870120159131,0.0150333310934631,0.0198679861117087,0.342439603074695,0.167754538236037,0.233692215292144,0.0791306099287227,0.281425581487681,0.0786942631952461,0.070108227000484,0.363639139891914,0.199621862584491,0.229239932091358,0.0655499335604612,0.561017020458769,0.119737925610665,0.166989541449192,0.157615980200427,0.11880863482718,0.372164378105479,0.289297045580442,0.121027406774406,0.778238482785063,0.11344856289864,0.0790636537579185,0.401987598210034,0.0131665479247182,0.448971887017666,0.702287126677686,0.115334097167848,0.0260453683726315,0.179006468637636,0.00476203978652603,0.133333850533929,0.170855128503544,0.0797178187393819,1.5459471938273,0.00736593873157912,0.395193892107104,0.0993552172958887,0.196809567729213,0.615174309029218,0.293594978732731
22.75,0.07074287194968,0.000759502273626447,0.121390903554975,0.175338233763557,0.512002362952491,0.248732030478479,0.192342818623732,1.13548576360952,0.595402179065861,1.48440217281264,0.355688907270429,0.0182841017503678,0.0806046468726422,0.166860793128424,0.330724852224113,0.671783164597436,0.050850830923056,0.287266278520974,0.307584251885685,0.632376618171651,0.479640560849402,0.654245113613556,0.069972092373396,0.0996264357047839,0.213999605143277,0.0309615837979652,0.165602742040953,0.281278655925998,0.0955229621957086,0.2210481868393,0.117984321791446,0.234763243762857,0.152020642617593,0.355596476968967,0.525023015310156,0.368472790394308,0.173693612767192,0.728125171173205,0.0677676889236724,0.0558128005377807,0.348546964277656,0.283959255021159,0.158955795329808,0.2273233789515,0.430047315059478,3.21977372608051,0.156238579880035,0.0425598193353743,0.265218044877661,0.0794821812274738,0.223957778158966,1.04207269757927,0.266124941934783,0.00325076610860624,0.169438708458458,0.0365158293175694,0.180048687966573,0.193164056974294,0.321185073545739,1.17326923212765,0.275628017946891,0.631373145818035,0.00583001492725402,1.62033610092611,0.624304328734158
23,0.0430753996017264,0.12277104931545,0.168161454651679,0.247979363290593,0.0495848082319653,0.466620701657412,0.0503520901273943,0.190954719251745,0.166694216840693,0.0846383158718411,0.170872369548472,0.198826831709971,0.0529937561857363,1.03167454068745,0.204669602408141,0.0347402232580738,0.0389081946984302,0.136613540217842,0.533334669871734,0.0994642846628196,0.135940025816638,0.277459998549403,0.0689184340137854,0.659692540215242,0.102243820279476,0.101056105819777,0.0317582678023903,0.0397852562414066,0.0268791857802786,0.16940915820966,0.0877033051690755,0.212681432147837,0.197304349814455,0.0260775986920107,0.144816477464965,0.876941615608135,0.030516829057521,0.27131446121466,0.11698672997256,0.0722130603716229,0.077297786235336,0.146919996634236,0.0548315373470465,0.278327974723677,0.121870780981326,0.0360322459127505,0.249100305593121,0.3110389130372,0.032208623513144,0.0420034774861483,0.141421170240324,0.00390291598213535,0.18032665007861,0.264590525023553,0.0847964885838447,0.159495551417752,0.0563873108310522,0.154761521833772,0.473242090514266,0.151014556890216,0.105651249082183,0.0197836598108759,0.294405797892178,0.028268059720478,0.244981793107684
23.25,0.370081308746333,0.154736632681661,0.245062112812798,0.15832206457593,0.111538463803989,0.489691524384779,0.0283577013642792,0.0545465645493951,0.588086149829622,0.773450372912696,0.431761052635331,0.137297684376148,0.305039085089657,7.4408868630298,0.136820881619928,0.169274785754992,0.179857038753935,0.014169951001104,0.550459519548428,0.0967297596973295,0.0825867069581407,0.400921587660249,0.14230093736188,0.235523020909683,0.256269158411674,0.10553998255118,0.162358411918061,0.0952585550101175,0.311743540403538,0.0711179491415932,0.0780881499278951,0.539390887703978,0.0275374272484306,0.0320347470427832,0.277816917053842,0.720398809292496,0.0683382248060673,0.0430925254916813,0.312314856719853,0.0904619904036147,0.018952378934137,0.145588152807057,0.0339530613447622,0.188979365459601,0.271078340409258,0.591925846994483,0.550791761342134,0.16135185889419,0.192013901921114,0.316063749355697,0.090132472901406,0.084139656654799,0.553468398924807,0.161162461759358,0.376521135545391,0.0407820434822906,0.0170719264382296,0.0824419924541999,0.653289150374334,0.449947512147151,0.122677047245005,0.0870036905906593,0.183853881733968,0.364117885004793,0.242414543327835
23.5,0.156471674126241,0.210037542324752,0.110420256284356,0.576012325521858,0.198675850105429,0.067592885373893,0.0900028946331692,0.240437430216493,0.147331452772011,0.104919715186867,0.0520716589707368,0.0610761975528569,0.0127891648647497,5.06176838974781,0.106263486514357,0.576842191121366,0.368757774130669,0.290600898834916,0.0699525986920203,0.0521539446298206,0.21175601182272,0.269091094826313,0.0772896643840091,0.0435122771807066,0.022163772724029,0.00653822583482578,0.094829688129557,0.189683422077747,0.0129596039482821,0.0146390830156607,0.0370470867491261,0.505994339819783,0.186793429285178,0.482178235467942,0.125333263522856,0.0303526845955841,0.0463616633268762,0.155034403232536,0.146134750030718,0.575092426141752,0.101069142988404,0.126130766395567,0.184883602083627,0.128737687181144,0.142351163220849,0.368936401158657,0.0737186659365345,0.228529996386902,0.0640155074373971,0.0349145078540936,0.0998011438321966,0.433424606307728,0.0616386514663195,0.177026858600946,0.00681264572329407,0.0456676598038207,0.032043316997055,0.093272865645212,0.119231379264878,0.261472557871208,0.0814199387806199,0.2951988591455,0.0101299590345411,0.0970141303237255,0.325334782078471
23.75,0.172594536879505,0.017162469734416,0.082350574291547,0.0334501271543785,0.054464080053904,0.810880694185517,0.215569069523955,0.325117702439176,0.413674631406943,0.103440929944747,0.303615643975697,0.244613673994587,0.158402624743492,2.38943077016475,0.953793330053018,0.287396915221568,0.0115349667079045,0.0312602770641192,0.171973442685555,0.0820373313059423,0.00159859417818295,0.269134217599921,0.00797222746433638,0.459428672313564,0.193577737745579,0.333564535775577,0.127242073177454,0.246466839349365,0.180503121009259,0.181564667972895,0.224406924035818,0.0231782031987514,0.00146212554599431,0.0346789458560538,0.0472137698090073,0.585166751986892,0.0272111045799829,0.240291865465731,0.0477668889425358,0.0344700356701619,0.0394136578495861,0.43195799107514,0.0361123379168516,0.462033862435351,0.426289732896919,0.272308905532704,0.266162826109576,0.242100464083842,0.111025047046026,0.540790762490221,0.599081787218562,0.311105955391485,0.330529085350131,0.0987651781638094,0.211797366229351,0.271845181660691,0.202004848889536,0.274030293097983,1.1242895460445,0.247937510106593,0.382734982431908,0.159823619599072,0.0792276731664758,0.0509424724632458,0.0313247513439759
24,0.133573696562311,0.123274065792437,0.0654392305931708,0.0133896371839469,0.0945368003424146,0.152355813650175,0.00912320332489412,0.18411476419634,0.182575411952338,0.179965258407459,0.139374496530291,0.14400518030073,0.195904196897443,0.148809916192814,0.122761875909117,0.198521072573643,0.0092149177303887,0.0147502700923098,0.0606301268896583,0.18636331406685,0.0974587080285201,0.0244408192069443,0.0676107108163586,0.155282588624363,0.0470217160870653,0.112730796369066,0.00955638058023903,0.0421621420433848,0.462546512717611,0.0537051058007152,0.0538055536629613,0.0592537611387161,0.0731973797751144,0.00120846662771637,0.0608238434712714,0.13941210144128,0.0847180505076008,0.264860642032319,0.00838827373376885,0.049016495120919,0.0420582931657075,0.110519752210682,0.0926939212376646,0.144309549522128,0.099493449219391,0.450004368916386,0.00510938923457539,0.11544698808909,0.0170939825292517,0.0865953802649397,0.0188666960873712,0.00372068659906438,0.0756079282139906,0.173841866716874,0.258294973224751,0.099073429194094,0.106763442364021,0.051496684690829,0.325537935625839,0.141935792867653,0.141108537635009,0.137027617667151,0.0763399325819747,0.242409093645906,0.0247475880436727
24.25,0.315573116809046,0.0475248171651979,0.0171368222158839,0.0471544221992394,0.184090617459249,0.0255952571007582,0.0125010953968401,0.283134119702377,0.453177407950803,0.410711301663593,0.443751647553543,0.0511496544019713,0.348514833750444,2.16791434479295,0.0021653421432743,0.353637919976796,0.0057224421015274,0.010243450331094,0.0247116892142263,0.128898765264887,0.0257344216630301,0.017896287161995,0.0523629275723375,0.0477703051758565,0.243027752342046,0.033557200350503,0.199264280887857,0.0195915294772177,0.518629118609417,0.0108136546579057,0.192573917619874,0.0750885593554854,0.0179041718598363,0.0106084400864931,0.0308296329891594,0.013993527945387,0.0348129752768566,0.2261058920486,0.0272416918205056,0.0210365129545648,0.090912700262993,0.00863255753197525,0.124321536909822,0.0356316666280243,0.192532080983699,0.499834814649833,0.185907606214703,0.0800229377348604,0.300305250145414,0.0228110335178457,0.00608433830234015,0.372854951625548,0.484044913908083,0.0820406941689001,0.412665269999094,0.0942937013916268,0.165667090292606,0.013393699244548,0.125151397081767,0.440465317482161,0.027599951099423,0.318397867334477,0.0417707930443133,0.4354182722947,0.0104115959072307
24.5,0.153168313724682,0.263037392569492,0.132871899312936,0.368237768565671,0.138888493188506,0.0170560005825032,0.369438736367346,0.235135251791971,0.45665158002671,0.373431451354895,0.289911301923874,0.23925313784726,0.0569138813424551,0.603447442253831,0.138956504059785,0.116082974284302,0.286549941028413,0.330080628283996,0.131397883776505,0.328897345950467,0.0479164291250392,0.210909930306674,0.180855380383522,0.179076737183855,0.176396220192899,0.0635545606149107,0.118814706841455,0.0400717123263209,0.0941468612966388,0.0369703482666425,0.0569200426161934,0.0129823193333627,0.153379188040188,0.470594815294387,0.0606279064584775,0.0945681348465073,0.399488181233313,0.276644004953447,0.194786244464135,0.406604701319197,0.0269801757779549,0.20338232891427,0.219685059229583,0.0982760889595629,0.588850812342582,0.736766321355293,0.293447206444999,0.204488634061082,0.0726598853521476,0.0102711772907877,0.186609839943773,0.104326849347667,0.309214130378911,0.258683026646503,0.160131979579119,0.0422085799447777,0.0985937341221045,0.0149632225335998,0.207251675791302,0.174277002569823,0.0649646581649353,0.130281112643821,0.209682296398767,0.572433556032569,0.194595920187957
24.75,0.232224451252548,0.0356529149261529,0.0630922311384953,0.0487202988354061,0.130230317120184,0.112783347845342,0.0300713431430035,0.0870204240012815,0.0649748880436034,0.153961797690913,0.19089006496357,0.119904653587478,0.112268620687493,0.559463840574732,0.119526064049947,0.138779453795689,0.0478868943849042,0.0116136858728044,0.0730814202949784,0.00182917651512118,0.0677432570116605,0.0088628344867542,0.0584074203810476,0.0197247373939439,0.132840104306282,0.174720619571699,0.150045952370044,0.0686204651843417,0.133351855468716,0.149139072492024,0.0996710049924024,0.0648169067649101,0.0636089402294498,0.0104922678006603,0.117434182147325,0.00736570217508089,0.00636569304118648,0.0498834850250019,0.0891294049391699,0.0489442152336634,0.079430055564139,0.0841734599237814,0.107002719360554,0.0726167617195224,0.0298811250287618,0.371780807938152,0.132569393522978,0.12740821508128,0.131839464836723,0.128137242314909,0.0547742936128349,0.111475538896942,0.356574773293132,0.123836351429319,0.139009258886209,0.172586511189513,0.0281272561523428,0.0185709965405283,0.0179411254379229,0.126425783882983,0.001789823380302,0.0694976575550709,0.0583845282780421,0.158560031106158,0.0154446103457394
25,0.366713686149577,0.0390586365795377,0.170772690834538,0.0862118317140595,0.0392094280191734,0.110593611162533,0.004591165769998,0.0978263546695174,0.00723813507822037,0.192118948598204,0.297182510785309,0.00336247231968686,0.0244090074708722,1.25047609690573,0.00375663792834049,0.3066616267453,0.121554796161906,0.100616518376506,0.0921523043302599,9.02058115953458e-06,0.134796610524547,0.0693227757914128,0.0233284578962932,0.0560380660594273,0.108236265347585,0.0162238935857676,0.00587733543970167,0.130418915950941,0.0675688969596199,0.070009392319887,0.00524905493092352,0.164269205938749,0.132035504615601,0.0540450376800826,0.112330622548237,0.115454286223725,7.14931224169561e-05,0.0224801769141056,0.184998898555811,0.0653280189437656,0.143999910355887,0.0130908034976329,0.00978535107852021,0.0726518477432058,0.0302690887155831,0.247587450862211,0.308562687189249,0.0157389660761134,0.0264982330648689,0.0652829169038641,0.0142279368902929,0.213499545056534,0.469899348547944,0.0101460384320818,0.112633596205656,0.00599825074515924,0.00233029246674996,0.076590792988949,0.0226719498856618,0.351983818960637,0.0144368804748401,0.334255864084494,0.0757056132203583,0.0455790922444513,0.105752921059005
25.25,0.0394810564599547,0.037626708775885,0.268838711657252,0.068889043935923,0.162086457750335,0.25432749396427,0.179615587496851,0.327805348736803,0.0529138388756645,0.308187247413953,0.0237916837416667,0.0498505532043619,0.035403932672115,0.191376509529333,0.0299458519020333,0.793436690747289,0.0480410080463259,0.0224815930053886,0.0675911772625881,0.0493852354802284,0.145283985991839,0.0418631475045913,0.131275375209357,0.0213020472905785,0.111567975193181,0.0814891587461457,0.0710039922166621,0.294259954444456,5.58201872245296e-06,0.00579323949298345,0.0403025529609114,0.29317610220129,0.104967861240062,0.0293600616116668,0.189889780380729,0.0767483961689465,0.133696687009029,0.0465832091212001,0.105340582619212,0.0235850220902263,0.289591712547365,0.0942952098450024,0.130297550513296,0.166461514671155,0.16666929764291,0.523148957522684,0.193553894174952,0.0505014360623913,0.0767998062203273,0.148446236450161,0.0852222808904228,0.809998438829695,0.0351906958572559,0.0470357574513202,0.0333423863283137,0.0808283285863254,0.0168263903941519,0.233381845051124,0.0166729521776856,0.773457369545443,0.00161472287192194,0.269894776761176,0.0560361365085548,0.00738697682278955,0.0199729315320179
25.5,0.118135535163548,0.208728087076296,0.0534456819839093,0.0948179665557445,0.0503184858120733,0.117631030849464,0.0856507333245141,0.204673780348937,0.062417806140594,0.0328053705558095,0.0134372841470428,0.162661382238953,0.0197231857808245,0.722013300710778,0.0545724502350772,0.206991408255931,0.0405148663049128,0.00355950904408058,0.183279690016969,0.180318711755703,0.035905300314644,0.178465539660393,0.116484980772912,0.158316841003167,0.024529502234799,0.0487587366180736,0.0312399152559846,0.0860901794122328,0.0523226416074988,0.288940777497418,0.0771007830053883,0.229669191650212,0.0155747776652793,0.00259090513239272,0.0593210598451481,0.249351089106916,0.10698116087997,0.176679513610225,0.0485145941039378,0.143192177543153,0.0246703352242845,0.00704199552735704,0.0618629008327062,0.177117958683663,0.150612213332681,0.166802365968906,0.0359139654602984,0.245369169569554,0.0144897761764803,0.0546810134762595,0.057154451710779,0.0384264174793562,0.127930061736596,0.248792499247297,0.0100453304863386,0.117653005979386,0.0363926445437251,0.463301719443481,0.0355586336678162,0.020124425905733,0.080354046265806,0.148686006112614,0.0828320547899967,0.133247221950247,0.0871279745502151
25.75,0.00837960202577661,0.017984697266351,0.00210409230626743,0.0275853903119301,0.189401369602312,0.0125543855652951,0.0497229900957293,0.427420171742584,0.156300500464564,0.564338086182848,0.0810757542168828,0.0914482710331153,0.0884417764980916,0.159129656600002,0.0456937216167865,0.69878875585428,0.0493116124267728,0.104776192853656,0.360042457365422,0.00173471294283754,0.127662628934814,0.271498019013069,0.230987325861987,0.0239641475829667,0.0573919977044162,0.066228663804195,0.0803753814930969,0.226460513509901,0.116093089320499,0.0178513936555641,0.0137616683001245,0.124478798820597,0.0544276672095008,0.0874627836441011,0.279067089929063,0.234194831144506,0.0560614878932388,0.0823979335545564,0.0195512742019349,0.0341804561098382,0.0366851080709608,0.0346177007541308,0.154629145045228,0.0819816779631911,0.0245525557227734,1.03326583669895,0.0121532700705855,0.109167095877761,0.0918756474750422,0.108172217879312,0.0603699154083492,0.673754364632366,0.0480156278491852,0.040034472119435,0.093325528756431,0.0464969405482872,0.0075239411059193,0.210535183818488,0.10754332106008,0.795342293892399,0.0444708619175395,0.340404173309512,0.201227442269032,0.337393185816385,0.27223508230321
26,0.0722109256227626,0.0967989970491969,0.117541637955955,0.286438614410775,0.0301438155854994,0.0858828410235629,0.151469823002164,0.124421628277781,0.22912076355337,0.20746265511593,0.0644689576833916,0.0391212658832083,0.026689909203322,0.00386722677860622,0.392907505155151,0.151563253523671,0.23191440983555,0.20231329149629,0.00915796645316775,0.253642683136558,0.117818792686228,0.310049438232884,0.0556294696666752,0.00628423617190459,0.0387002933669969,0.0465546122638605,0.0792307596657259,0.0385884156688794,0.00612850802622759,0.0802583991369095,0.171863889851786,0.0179260408154061,0.165982351918662,0.33256199370862,0.0177372898684177,0.0959990633875261,0.142475253081336,0.130100231727127,0.127031823569623,0.230910208466593,0.0984031855661501,0.193454252749363,0.0156378505915603,0.0161279398628276,0.324705840936539,0.50234649972465,0.0551222856380131,0.0847722984118853,0.0159079959253428,0.0293631953305335,0.279333659225029,0.131824569757817,0.0773636443388553,0.0582090849171693,0.0166139483354389,0.0143286460511479,0.126206815726014,0.0172665799556064,0.503376288272163,0.19465446118131,0.189190366429095,0.329339589423339,0.0160731873159884,0.424269233830119,0.132494363354476
26.25,0.0108415217586699,0.0673848353180389,0.0027516399677807,0.16338849594089,0.0519839779117591,0.0264312447716644,0.0898397041537797,0.219002234752749,0.163160839534066,0.0844414423614023,0.0152577370338216,0.0927605051786536,0.090747776622044,5.27988336839967,0.0823412935389733,0.111681056773328,0.0388951733204094,0.0233188622842085,0.0671090784500789,0.317488955717034,0.045633013965105,0.0977868686639691,0.03833167861113,0.142736666697812,0.052384547073289,0.00740543196807791,0.0609800136822527,0.112596436093399,0.0359208060049608,0.164856279003357,0.105469083132766,0.34122848585796,0.0227793812728478,0.0497712276472105,0.0178957146093783,0.0746508846294644,0.189182963799923,0.256091297487555,0.00831329244179875,0.219110188724396,0.0522532928717749,0.0532280276753123,0.00779942703291193,0.101414583161806,0.331549215842322,0.447602612818024,0.0481387050975505,0.156736004186896,0.0708022437638211,0.112552216617271,0.0515547727209045,0.13366148658095,0.00105301628890352,0.118861084821457,0.0531486846812326,0.0195689857747953,0.0920651972037276,0.134528680129479,0.10609106084069,0.064366350460118,0.0239007198136989,0.078895440579238,0.100346540468352,0.333479377446581,0.0575869305965684
26.5,0.121663407356475,0.0386185785168228,0.535621701385862,0.0292771796979449,0.259103250853216,0.0771662711782873,0.0458191731831698,0.0386469192117034,0.282079578257374,0.030508950565501,0.244058950528185,0.215389515627922,0.00175010062640576,0.160650428550352,0.156587536391218,0.0511324312661628,0.015883880607636,0.0667527244155987,0.0305644567276395,0.0545651033523601,0.278651629961941,0.0506831647284813,0.0769287592907536,0.0299295163704703,0.26837544060991,0.169449119683848,0.0283431094263072,0.0737941153669783,0.0128514495823763,0.228938371699969,0.0346047054082508,0.021014880177109,0.227833387043165,0.0171787365150514,0.200875626325118,0.032472662382872,0.0253340853093392,0.0381875748007591,0.203251660429394,0.00260248434460999,0.369274163959198,0.0886402798027914,0.0980014025390129,0.0328293541801137,0.162782319072945,0.167537461058638,0.872763802159151,0.124202225575982,0.0405390084303486,0.209502864809884,0.107047188794106,0.0745458103690174,0.224313739736816,0.100015873781747,0.0884070980737429,0.26144289334485,0.0278335550796181,0.0612157863892502,0.440640666789426,0.0703237123531908,0.0976046541896226,0.0117922488449079,0.0621439010537286,0.0349984174741341,0.030997277975385
26.75,0.0333063349554435,0.0716187104620698,0.0974502184747109,0.0897826675157455,0.047849763599942,0.00573626071257091,0.0885040117781577,0.0634030166463527,0.108024652787734,0.0161514920604852,0.0121473707432887,0.0863055106861684,0.0189302377935659,1.39900486209849,0.0313754642911483,0.0347108656135294,0.118818050673157,0.100358609921669,0.022923408589188,0.227368186046792,0.0926042321358566,0.03310514893838,0.0792450463116536,0.128432901553608,0.0172255019401753,0.0598821341892449,0.0495474845914279,0.0184726808217827,0.0114553749546767,0.120623680002194,0.0362528350651707,0.0470515124269327,0.0993649739918893,0.0661700081962667,0.0438564665925385,0.0329466178642652,0.144328224602881,0.201064539058164,0.0863880699560099,0.104874564376357,0.0649745299875659,0.0604097810368732,0.0742746833113758,0.0309856003327968,0.178698965991604,0.0708827174634187,0.0406454603991803,0.135108319121164,0.0213748944255324,0.0891040563886575,0.0661082248760402,0.0266219600322697,0.0151971919987007,0.0863944051957451,0.0117069923753253,0.0446207203935558,0.00862782502948484,0.0117632317316821,0.134273292603333,0.0258731005992052,0.015899047049411,0.0161284696989496,0.149967152990963,0.137414558709029,0.0318135351749363
27,0.0385753680561007,0.0267327891245449,0.111498657574317,0.0340144485395609,0.0406355792691775,0.178544465515521,0.00991831423909477,0.138215823643632,0.00797101048141293,0.0630073972411262,0.128169554821562,0.0553977957541181,0.0295539171265962,3.85152097806009,0.0438928755464166,0.144528482317304,0.0400156625886274,0.00634348284628508,0.0551257929661639,0.0142867968155118,0.0617714104756204,0.174303050186431,0.0155883802922286,0.133659880980001,0.0805607867316001,0.040725976133529,0.0288479634898301,0.152584896586636,0.0756585685958019,0.186197708332812,0.0141131731425845,0.180786054467482,0.017119216394884,0.00247545657879628,0.0386347355763496,0.258940790011042,0.00178918918005616,0.0629457136406505,0.0443106099879926,0.0278910866190945,0.178822993815716,0.050398990515204,0.0104405149717284,0.167491146852871,0.0075187629000221,0.087192335866669,0.247081026885606,0.028366555358729,0.0299622537670831,0.27114494128441,0.0149905698124719,0.172208781247249,0.121638869806896,0.0284586350863633,0.0691832054906911,0.058481386605339,0.00239524859781343,0.169495523175796,0.0386388071165747,0.112520165244615,0.00575114796071942,0.0762190366860473,0.0308530468562065,0.00319954989443678,0.0428878538008863
27.25,0.0174272126406225,0.0674416153847068,0.0494088924917189,0.0244549111617363,0.0565009482812338,0.0962452243566331,0.0590341233458604,0.17747080231508,0.114601412471699,0.0414770640766823,0.00174434502200308,0.0816167286052964,0.0136488905273641,1.66390490248741,0.108863294441574,0.255746324040233,0.00663765439347451,0.0451144951491358,0.160967210592132,0.000657699045629128,0.0959163645635155,0.13695434583172,0.0130870556844667,0.159127400979509,0.0139666572531752,0.034049084159155,0.0467577012811367,0.156397708640769,0.00685225218212471,0.0125305869949777,0.0539632944724028,0.26528374568941,0.0707587631536375,0.00459034164692359,0.0973835155782075,0.193500342040456,0.013415930292641,0.0791399504540222,0.0322732499750343,0.0491752033298338,0.0502114371554126,0.000915344451446434,0.0559320789611732,0.149465752498128,0.138698950828835,0.0718095321515094,0.00366102561540842,0.0794903565698966,0.0159266647677089,0.00971935792838989,0.100186070186318,0.254326274732201,0.011506093877622,0.116749576832401,0.00619536995929271,0.0155351484295666,0.047551165170993,0.00899931111233771,0.266981709159076,0.14106235855393,0.109169601569063,0.0196721347283155,0.0582533409551519,0.00709892205330665,0.156693520075228
27.5,0.0606527572488432,0.0134051276112572,0.0281425178445665,0.0144919366427246,0.0182682225394839,0.00123378199979156,0.0490775794029441,0.0702751722402841,0.00620656727936047,0.0594862528883576,0.0189443897345088,0.0483135107071158,0.0229149097451166,2.45663678182991,0.0171492024111295,0.0231141680105377,0.00927884244353155,0.0241514558465074,0.0925780865671277,0.102666473706334,0.0030191549685229,0.0238363372669744,0.0729292249378325,0.0721621304685734,0.0423967751423353,0.0358502050432246,0.0189748111663927,0.0215068586598562,0.0256943777710464,0.126691397219138,0.0202797868860744,0.134226726004106,0.00345909516711035,0.0301326587190786,0.02899428275996,0.0418189928442558,0.0778826120251385,0.0930421830937047,0.0196450235617455,0.0203340000327965,0.0421571029888436,0.00541307471054739,0.0182558896713213,0.0192539850204626,0.0830167006116486,0.0305099962878193,0.0410906148362593,0.045590973904647,0.0370882426715834,0.0753497494342568,0.00159627486253225,0.0044642165904799,0.0709416826777126,0.0521631574617729,0.022811480549574,0.0698211962535535,0.0523879012237983,0.0957296267670621,0.012969670594804,0.0543728751071082,0.0312217879502246,0.0474356454448059,0.0371352356963575,0.0516339854969117,0.0331107083763929
27.75,0.0548452149962871,0.00793068211677681,0.186469748149059,0.00611649747246911,0.0411885282447167,0.0798974495844681,0.0581636680964869,0.0917440096504083,0.075367540373945,0.068008690144168,0.067776664367842,0.0241351936929197,0.0537098881567105,2.21918511306537,0.0458098694721114,0.279826036146565,0.0290072090501771,0.0439864171025136,0.0545228824382878,0.00482460440018859,0.115468556562852,0.0520959081096724,0.0105202559779504,0.0450105496783553,0.0465365493147586,0.0590462829990173,0.0234966748158878,0.126472488327874,0.0329635990193454,0.0349843310675763,0.0311412825336495,0.0533729643799909,0.105581552725986,0.00877857999100394,0.0569403170737328,0.101663707883197,0.03466999490353,0.013126463193711,0.0950944922538852,0.0251574471705619,0.112138304876071,0.0460207681531482,0.0463329288197945,0.0702542062439411,0.0560245781659328,0.0408026209039623,0.199300296073983,0.0412693375964966,0.0236575336120518,0.110297675266379,0.0462682509108707,0.271912820832882,0.144311486742037,0.0307333130073861,0.0292505513339844,0.0559073777009668,0.0385078077931015,0.0482096485796171,0.139591234999157,0.187257224258576,0.0872993795079778,0.195910717337808,0.00358284488386984,0.00213393594049213,0.0547152400920812
28,0.0340579662236212,0.0485491961570212,0.00782529900181164,0.0149584108090105,0.00239871035899032,0.037812102229962,0.0165746091318367,0.0154908628377668,0.0270551015134115,0.0893829840283742,0.123924445121588,0.0134729646585485,0.142097347004907,0.362412847658242,0.0280983470645128,0.164399252207172,0.0492140223423226,0.0148436253481115,9.95438708421726e-05,0.027814197763442,0.0290977368356201,0.0348319953203569,0.00330058979657894,0.0226257915684071,0.0495613823388155,0.0334558129500729,0.0214342568414783,0.0641295558070864,0.281330956152742,0.0236643102070367,0.118105214335323,0.106031695662695,0.0130835377803679,0.0189625228242668,0.00397914057124902,0.0287676993927549,0.0122162527595038,0.0237343762258358,0.0062617080020355,0.031187662424317,0.0123494503575874,0.0207419396108412,0.0148677464673787,0.0613481356179466,0.00141984163765008,0.0334362580028048,0.0123905412044589,0.0289785035971685,0.049002700717864,0.0501849032191721,0.0125096491142982,0.0572307961582191,0.0932342380206628,0.0423659574478506,0.162356929907138,0.0392903218470986,0.0677821391877704,0.0788809443258889,0.00125898873305592,0.140343374701752,0.00524244301766618,0.00150338675289308,0.00811709079218029,0.0155393701052101,0.0226948604380729
28.25,0.0242147941268434,0.0108643104451095,0.0365359981665707,0.0369068528718564,0.0186275724417522,0.0237321770458471,0.0830619391517603,0.00550493052317992,0.172040704077742,0.007402576977418,0.0286854896328414,0.000256723575905219,0.00898364801819832,0.833825147084356,0.153806536016865,0.00545899059085936,0.046434260888664,0.0323295429046258,0.0533751722790662,0.101660501384417,0.0342789524944495,0.0988011280879987,0.0037457426603812,0.00223178895521691,0.00144378487907894,0.00109575167938783,0.0214063751381832,0.00369445645459272,0.00137967987751571,0.0458866074616102,0.0519887886480472,0.0281473101112572,0.0386588030866731,0.0341411886506622,0.0263775494942737,0.093838663480043,0.0585726277281533,0.0269014556964434,0.0441439467010285,0.0241598011092964,0.0307588116826607,0.0359692868396598,0.0142954465563693,0.0049022694070646,0.200945321440282,0.00493542471666294,0.0113036047659267,0.00472379397954983,0.00337865088356886,0.0181762492028727,0.131892970016745,0.0106117854410077,0.054056815069065,0.00379755146880294,0.000458217888318243,0.00385407609125305,0.0605406834646947,0.0758105369268257,0.297401347322448,0.0187976275905289,0.0517805475528433,0.0431131924329945,0.00375604962790486,0.0848917985506776,0.0728371906844274
28.5,0.0595140434974925,0.0445813956991081,0.00241073033672634,0.117273634582125,0.136055027732898,0.128961846141234,0.00459004106065036,0.0205943749618921,0.107604051261586,0.104749684571472,0.0411827389166262,0.0266181305796601,0.0116973119197271,8.53655133466262,0.0179144771935382,0.0439553811093557,0.0403516416022594,0.0835255661023324,0.120103267332052,0.0431839584585813,0.0284552278598809,0.145583921525673,0.0109536369076966,0.0451239239620487,0.0179618930114734,0.0324489021425127,0.0285551458627118,0.00685145635934596,0.00532233225440912,0.0596677367541274,0.00574425369590465,0.375832316606937,0.0367641776231132,0.0924356798830916,0.0550477477667627,0.210320760404798,0.00807575535643657,0.0288636649305732,0.0301980548518743,0.111351842651337,0.0292379963147164,0.112030886633988,0.0660704790382585,0.0134292918712385,0.0109929092341035,0.0663693621481482,0.00471172164995443,0.0499609907247969,0.0757526046456459,0.204268952829594,0.0196643947576764,0.0229833337277627,0.0629513872218033,0.0381071556133441,0.0209770727579899,0.0028780352401608,0.0204062664507132,0.0232820349421359,0.0678597731802215,0.053121082213511,0.0321743375288328,0.0341267735388494,0.0246309677368876,0.166338578903614,0.098097971448885
28.75,0.266743279247366,0.0615854727963848,0.194179916679953,0.0452162157419702,0.00899712255216874,0.115584705290713,0.0204415864288977,0.201370099726766,0.160840106980772,0.0819905018950764,0.363343255272128,0.0111753208214501,0.0874554072876359,1.20039530445755,0.158449791826606,0.148983875442457,0.128933320986353,0.0219614630692173,0.0459805182232867,0.0424745046454325,0.0606357260834013,0.0730695110697176,0.0177659664644656,0.0836076858044356,0.151917143899305,0.00740036247927164,0.0119966020654644,0.033512968423394,0.228074486655118,0.0429830900203421,0.0335212215353079,0.0526019324263707,0.10383495027017,0.0134225197353868,0.0072008879242056,0.213409235033619,0.00741794922303721,0.102852506257743,0.198907083204999,0.0437041973351819,0.102969654249694,0.0477718970040422,0.00182530088977284,0.125524576579393,0.0510771625602555,0.223733898841776,0.241055964325254,0.00258941535328177,0.0632599751652353,0.00187829221869419,0.0725428588601633,0.172568358585941,0.379524333035522,0.034344279033117,0.166928151680526,0.0318456637938712,0.0314459157652042,0.00982708473825625,0.325073001028343,0.143913375300298,0.0799827948003138,0.00566098673355304,0.046994858051383,0.0589586575396826,0.00532284411256082
29,0.228991825689733,0.0440461278906843,0.0356459110398846,0.121651852569887,0.0036847336669757,0.0944870018548616,0.347512693419898,0.0896184284804742,0.790222272450753,0.088114315110988,0.291370051264265,0.0741504941692139,0.110993869851365,3.15746309413924,0.65106541980821,0.0624536476491091,0.0601397968429353,0.139604975216185,0.190398207450257,0.154846306363965,0.11033107890431,0.294359396276056,0.00980596393808531,0.0664080199819756,0.0906014778955181,0.11601228556705,0.0746602914480127,0.0492942008052393,0.412245594494348,0.0724264954451197,0.084847051413722,0.237161176025628,0.105726844812887,0.18012822399325,0.0681468405283688,0.199736790582821,0.157991612525699,0.0843702352964625,0.0517914342003778,0.0718883902595124,0.0491932256031807,0.213416426762077,0.0426882487563025,0.0409417057153103,0.751168703580732,0.31358458541891,0.0695556687701205,0.118436735308175,0.0247373121820506,0.0486708082002311,0.510303643167133,0.0847691239262172,0.294679268031422,0.0657102194461307,0.215876480488016,0.0867675797619078,0.128873771650316,0.0519096280355108,1.3948537537047,0.0593089616046831,0.396668609870368,0.0524112174411112,0.0326881119354583,0.345701632727317,0.217207253809524
29.25,0.239009885720545,0.0987963292801158,0.0750442972372373,0.0610073437547828,0.0836597070577444,0.0916213863519349,0.0519259254718626,0.0983651072990409,0.0550111171977374,0.164872653431982,0.0502352774642252,0.10708388485676,0.0228117469842311,3.89458008450901,0.177433594800799,0.459721860468279,0.0485865793208339,0.0216088556196035,0.0141581264165653,0.051680465720186,0.0205085557779263,0.0736185439944417,0.004607198118588,0.0817925433074988,0.0228693344591475,0.025429555061156,0.0914227782863569,0.14305501880134,0.00774819625580582,0.158617569296898,0.0906427969048098,0.143134170544176,0.0239872224949245,0.0280335061430006,0.00978603717367252,0.0580542753309152,0.0194616543736549,0.0676931975768625,0.0901794788832705,0.135701421674276,0.0402084168747179,0.0860905774902993,0.0667194540963629,0.111396252574709,0.0647095625021531,0.210595095999618,0.0909532415783455,0.0733562970061764,0.0377108823907113,0.135615604004863,0.104829027293761,0.315674435218277,0.222814056238079,0.0958156216452006,0.0073240355127287,0.0190125041480354,0.0556183608859037,0.0863369831651343,0.187545476337925,0.331351726358514,0.0395699925300143,0.156591049722555,0.0395807270273246,0.0343925002539908,0.0220169541611432
29.5,0.127774843411934,0.0499234498741832,0.106412709224495,0.354035119024556,0.0127780175043671,0.104296255193569,0.0679192937251585,0.216883317152884,0.181188042010692,0.211256444974982,0.151468763419539,0.0202142273454346,0.0716870680708307,8.6549948562277,0.281558196852637,0.094862271058231,0.120174615595545,0.158163933830731,0.10788290938444,0.278182888447927,0.0639443775953683,0.123558268933017,0.145134367205914,0.0353564747445138,0.080327452053218,0.0376934799682743,0.024912624096536,0.0026073378658177,0.0824147196869459,0.152185471617098,0.19711474598115,0.204230820560147,0.094446805227833,0.244434187171675,0.0860389016663274,0.0134103509019532,0.170893344460536,0.240710611218875,0.104354943426393,0.145310216430653,0.0504102205434989,0.0984704496918284,0.023221788211085,0.0179379613408518,0.0886742026423099,0.619894420352202,0.235483097168347,0.0786508899566206,0.0191251466806128,0.242081282494222,0.0843236336751122,0.20152516727167,0.133209910290413,0.0443187711569036,0.0849270597077652,0.0117254912112318,0.205006914667956,0.0351102585109059,0.505048010725166,0.175623655183688,0.351733141826696,0.108049032653735,0.181118268425135,0.434515033386978,0.107264111585055
29.75,0.301076952159439,0.105510351451094,0.13000234542066,0.0859823541572888,0.0639765822331651,0.0327391717579268,0.0752086831860653,0.100505054479168,0.0949002420158425,0.201607876586621,0.317639885960212,0.0932346875025949,0.0516559495934044,5.6850883572718,0.0440386506892833,0.104439774321197,0.099023881941988,0.0887960940830168,0.00988207090274299,0.149211096670343,0.0843732417752117,0.0681906962521876,0.0207502260829312,0.0569812196467671,0.14380903713893,0.072493938026712,0.0296361169646116,0.0314640340102892,0.158855846580682,0.0643831908419383,0.000854413995806685,0.250507573426749,0.0892050022840045,0.104178554528209,0.0354269942734467,0.00843439638092356,0.110265737342144,0.118260838340765,0.178663800016257,0.197587984759458,0.0454535963470893,0.0679212984500751,0.0588635518134943,0.0547488212925471,0.191351614042731,0.248927031536149,0.223235463516353,0.0469313490321719,0.0548009810187294,0.131945257831004,0.0919703041112258,0.100875859407651,0.420305120003461,0.0862703331721776,0.165134017761791,0.102084275903109,0.0424663924439717,0.209541104285716,0.141578161816561,0.20365790236158,0.0154591658460072,0.0996362395730744,0.018259515771685,0.14115366264225,0.0846287982320048
30,0.14391326903785,0.0517922414518926,0.0096918766310023,0.0137898327831998,0.00272171227384599,0.0849861567750186,0.0442227112276007,0.0849506325121126,0.0840219142395456,0.074025917501215,0.0602987160592998,0.0575607771084695,0.0135296165269746,6.08203718917944,0.0150391999234463,0.0388707522962151,0.0347772542671667,0.0144152943992503,0.0545561821826442,0.126877679391067,0.0502706301382092,0.0699862933834917,0.057779523812462,0.0903707333065106,0.0202860002972243,0.0077695482507664,0.00181224838558766,0.068959711848956,0.0923065306059787,0.179215157802518,0.00234940147765466,0.165254553569683,0.0274299983739768,0.00816486456220941,0.0182246604135861,0.0845905053712723,0.0617656674520363,0.108357689241383,0.0277170457434274,0.0357896867058077,0.0130083387370325,0.0148005545791259,0.018217408968255,0.105927425479556,0.0551503299089977,0.134418587617224,0.0527216846001662,0.0309203426667339,0.00422148593848524,0.128092421759434,0.0227276258269466,0.0880254568808961,0.121217359152918,0.0656036215857079,0.0431984214999077,0.0646665605520892,0.0195742555106873,0.00161967834614703,0.0237696994199515,0.116155412003186,0.0114958417253124,0.0435133403507445,0.06733251297634,0.101254729146956,0.0666644307576438
30.25,0.268225839784897,0.0342875126793286,0.0513137999089197,0.0402256979655891,0.0299429668885151,4.94478767745952e-05,0.0882481024677765,0.0617868495826353,0.243198477044769,0.137454163509504,0.0554124634196885,0.0281638202569286,0.0194599644975711,0.104151775719578,0.284400840574649,0.0079451350058063,0.0795829286586368,0.0624642876810022,0.0418475324844966,0.0870290657190791,0.0237275610519597,0.00499996941787268,0.0473916525420721,0.0230758366909053,0.0221083634102423,0.0407177827459796,0.040411086315481,0.0102186135319609,0.0166422362280756,0.254162543692253,0.0608905159806172,0.0350515995255367,0.057572690326794,0.0245615855370694,0.066356264107761,0.00975821025224211,0.0689032756041987,0.0900571539985809,0.119256390923622,0.170017402501002,0.00781853075373624,0.0101702763830644,0.040459884742088,0.00453642038714963,0.165490581783377,0.336418027376092,0.0764799884190512,0.024257393730614,0.0308365333065747,0.0460666208243962,0.117922024521457,0.0271912346268405,0.181572877805573,0.0230710584911988,0.0281886624295484,0.0930131038252014,0.0145996195017442,0.172422917966214,0.397912071413323,0.0429849040870546,0.135416849701395,0.0675776569630655,0.0229544969401022,0.197151964292778,0.0300151683827086
30.5,0.115943996809596,0.0241681164852143,0.0447365149938044,0.037203401615278,0.00241631673667955,0.210441440137465,0.000474217403339448,0.047807603811139,0.0284507859710179,0.0582768881516963,0.117712760734916,0.0349587789872712,0.0190476728748535,0.289340753003139,0.00503622023559759,0.0404398970099851,0.0367595274942074,0.00542836294627631,0.00468655735057517,0.0130843964392998,0.00827614696932923,0.0524668549990437,0.0076159144718746,0.0277058168743269,0.0229451221389534,0.0589209471877864,0.00445506405160741,0.0787993747261109,0.0218636889919573,0.0867329884879065,0.0042315725776182,0.00366886260047291,0.0119524264473933,0.032092715899101,0.0149853047880109,0.151950906533509,0.00978222816849039,0.0330357552973377,0.0537155974092892,0.00221465815600202,0.0140057166218581,0.0754242382931405,0.00254768045232693,0.0552415830592555,0.0198825102066059,0.27827958442249,0.134058766410442,0.0297676869487598,0.0173604805270099,0.146528724270141,0.0010783066113396,0.0606646717857844,0.237841986526052,0.0287622654413922,0.0175505095863481,0.0512048130889459,0.0134483307730278,0.0334338868162722,0.0752630165478697,0.0334804212994094,0.0147757762109587,0.0127489199254242,0.000418762388682318,0.210327528919254,0.00596866442725202
30.75,0.0291990873763238,0.0168638191730884,0.0658447181972483,0.0672795015956634,0.00506056543871238,0.0137457748193727,0.0196668436861856,0.0106795575297185,0.120020537019733,0.0513629911677261,0.0183212340698716,0.0780730769421166,0.0270156893816906,4.60761362763293,0.126694884138408,0.0262601370895819,0.0380032186120389,0.0442647653776657,0.0738971980611979,0.0315602903028337,0.0486209781377183,0.0296213192366731,0.0157854752990255,0.0566082964155943,0.00874204240137025,0.0475188620361548,0.0273281390909746,0.0111972506957614,0.0356764817483809,0.1063488555232,0.0736162832865001,0.0688161244674615,0.0536162735350855,0.0459450581719982,0.0410219501679919,0.039345561932463,0.0169078082516991,0.0322642335604254,0.0469846407773486,0.0433552253162878,0.0241532750130811,0.0267647155112589,0.015823857427338,0.041156849542384,0.0254068290520168,0.00377788090529396,0.0302422510411268,0.0599290200056408,0.0147340886178055,0.129206957502333,0.0428880691188594,0.0113133397090475,0.0247868101279551,0.0347754384036161,0.0110616453350419,0.0385816025091454,0.0659949830062101,0.0267049003091669,0.127513860217401,0.0448508062943219,0.153494435221619,0.176011933576597,0.0688070319846145,0.0267170695097238,0.0451266570935905
31,0.12385924686701,0.00368932074791624,0.0114600025636473,0.0563575398128945,0.11401857766594,0.0262601149906782,0.115429624895587,0.0296064149993984,0.0836400003492471,0.0321905743148366,0.197098613247934,0.0101455834704505,0.0442360847738804,2.30209357669059,0.104866116232955,0.192543574275564,0.0227208310607624,0.0344346983838972,0.0549067415579282,0.0177336188406994,0.045592325889952,0.0597512509823618,0.0739767379160656,0.00118088129501854,0.0708786704347615,0.0216183866932329,0.0933325748374951,0.0250090524177913,0.0741796943396729,0.0977080997765903,0.103914489113313,0.162256360548975,0.030851526503626,0.0362273994380753,0.101573002889846,0.0245292871321807,0.0874914763035203,0.0163224148831211,0.00613657151395008,0.0758761510263888,0.056362528586968,0.024200547772202,0.0866655694502693,0.00580633451438181,0.239481541498523,0.0404014309896998,0.104573782910394,0.0235700120008494,0.0617283760300458,0.00143784025314741,0.113146479587538,0.1484531822654,0.25692002870433,0.0123737163686076,0.0717035924881536,0.0281349570432087,0.0169464852751862,0.0363665884665051,0.126760969061032,0.205299492834013,0.0156312490882498,0.120323895256128,0.0306027244807779,0.0206399478766565,0.0625283071038065
31.25,0.00314079564249998,0.0220235354950439,0.0415405068780365,0.0643743211639452,0.0797598286265245,0.0640667988330037,0.000410525967467965,0.0379233916519149,0.0574653026755136,0.268511923496062,0.0556724215811169,0.0385467968277381,0.0354622058094993,2.26658652304174,0.0460026842589446,0.392958276854718,0.026598601219357,0.0834504883224795,0.0544508709029619,0.00795507372900281,0.111059496690444,0.0469377960594623,0.0125784019895475,0.00867942276542308,0.0609206501712593,0.0379078726378263,0.0352817704257353,0.181003079824931,0.0242664265540611,0.106797359612849,0.0390609053617854,0.105234111248613,0.0840831075987391,0.0402923785229023,0.0801078055800413,0.0145459193975883,0.00124231515065052,0.00695760221030899,0.0193179928757648,0.00248453326251847,0.0823074136944087,0.0104191126048096,0.0221847750163962,0.0537812297338991,0.00425050183159481,0.148078949307741,0.0399954486216982,0.0518849536915323,0.0601381336351824,0.2665607249725,0.0188890173842278,0.17200372821736,0.0506683617643196,0.024145736017355,0.0366501275187473,0.0691800510174056,0.0273689442732469,0.312065482675411,0.0579703943875443,0.319648866325568,0.0897921510165432,0.564755971015022,0.00347812351432021,0.0303869816295488,0.132840226302457
31.5,0.00677420910542161,0.022447974965912,0.0484345972080345,0.07964864107448,0.101474038942064,0.148341637585938,0.0286098567281982,0.0285610520878018,0.0126618988466274,0.0230256657736338,0.00569935211118593,0.0342393613866629,0.00282813052156554,0.964483998322815,0.0715873072596052,0.000895194753590447,0.0141308647077322,0.0176479448128081,0.150652766683083,0.0161404411394185,0.0254416457554446,0.0175894827169467,0.116188720638584,0.112072438132856,0.00568876387047198,0.0915496569146757,0.028224512068839,0.0689185007037663,0.00943080776683888,0.0405960951818438,0.00102138657142872,0.0144734378893482,0.0216289264327584,0.0280770238546374,0.133654952523891,0.117579245240215,0.0541417624716628,0.0474401095714779,0.0213229200250828,0.0656760161013176,0.00592864595192502,0.0470412273355365,0.0972409264639145,0.122886726662741,0.012308014982468,0.0121544427388698,0.0184766031325117,0.0492040325621253,0.0143824330837146,0.187637520863762,0.0281816683108288,0.0171806065073002,0.00261223699277359,0.0382851523077797,0.000139312447585981,0.0826812823388004,0.0243637462676977,0.066845279734866,0.168990998496833,0.0187931795601415,0.0843559873659527,0.144853025280789,0.129521839358461,0.000827612125845708,0.00446143396074283
31.75,0.261116223599117,0.0331673998728805,0.0837217075537282,0.0302932134757087,0.078851836878893,0.0708428580139842,0.0880646601820737,0.0373555200995562,0.0399541052605003,0.0759568852351015,0.177025179724206,0.00685426457267001,0.018858988519255,6.3755236425346,0.0634161622299427,0.02379455847054,0.110915083740743,0.0689159497783894,0.0715382826073397,0.0783826443380035,0.00110440969707605,0.0282707743480254,0.158726625907113,0.0762111240204398,0.0451510772570853,0.00337892722153093,0.0188891500537971,0.0532544911476058,0.148920389832328,0.0212384321935144,0.0235203554086766,0.228447571459248,0.0404722573204309,0.0722066828583198,0.0913071084585024,0.041595455089746,0.137732071742456,0.0559182352851473,0.15879569300472,0.00780226951739894,0.0111007068646844,0.0278117189550212,0.106722928702712,0.0554461724661076,0.0758680377389136,0.0353633018330926,0.099419410378315,0.0204219289833733,0.00360423227190594,0.143984035606839,0.0254739140359457,0.0190243445967193,0.33636236247781,0.00628322907526051,0.0616611257808029,0.00255696120706913,0.0141620983802013,0.0236211032797021,0.0277286920978606,0.0562872134804178,0.00907342110097376,0.0639964345846458,0.116697282934388,0.0530256258792568,0.0103318430991737
32,0.0711253768401021,0.00664566008134085,0.0240151147676461,0.0856865054253147,0.00933963382363988,0.00221697569972779,0.0279681635201456,0.0747346125867795,0.00597483292297509,0.209750931096784,0.0457785086486854,0.00761130481225468,0.0150281963836984,11.3056085990493,0.127715282646978,0.110699326632821,0.0295194452322824,0.0322796090471445,0.0332298910268981,0.0268267865912397,0.00793798984809493,0.0225607694244034,0.0168862268693309,0.00745893488324993,0.0131656400282381,0.00190492637703747,0.029165988143032,0.00757065150003144,0.051098380931771,0.278025273382096,0.043884301490295,0.370884884943869,0.0183831608293523,0.056346701359756,0.00607383094537874,0.00740597186275906,0.0104785680177518,0.040920466662902,0.0331430460149397,0.0395539836790906,0.00817844301735953,0.0180000449917249,0.021174924621002,0.0105337929088164,0.0196720975666788,0.202346013145068,0.0262067958607801,0.00215198385857883,0.0111269571486928,0.113930992028046,0.0562299403373607,0.13713390656012,0.0879153658210694,0.0149838586374475,0.0262213590448248,0.0227470382914081,0.0388165630099799,0.00377568191868627,0.127786727508896,0.225887638729138,0.0464210005340631,0.156778084269933,0.0172975630293089,0.0424534066882504,0.0152220257842147
32.25,0.0986381782860692,0.0920261753150192,0.0547425701809327,0.0582683969421283,0.011246576948905,0.13234746595076,0.0433987788031546,0.00149827365938262,0.0343644051585984,0.0462955003593489,0.11397204945347,0.116008462481434,0.0170813772504494,8.13809497526979,0.0710892303666032,0.00946654710853933,0.0393345563256979,0.0227867853879871,0.119486276434989,0.0105675716450709,0.00904618471872066,0.131236965422146,0.013471622332655,0.0571415551858413,0.058668115656041,0.0786351964163275,0.0196404634528333,0.0683175964946283,0.0720155012546984,0.191393544255638,0.0283859620065641,0.253510244747042,0.0384417903073029,0.0569808060654632,0.0502078977961168,0.121936739011968,0.0327420045278387,0.00783641518649462,0.0470778036332312,0.0649800079923339,0.0144475785725753,0.148164820258866,0.0293246510842241,0.0506580736339592,0.0466719653120682,0.0852745137078416,0.13023243103062,0.124138601164669,0.00277802215574346,0.391967915173163,0.0405861966717793,0.0187053479644133,0.157148542715491,0.147302386961459,0.0697125659609375,0.0303829649638344,0.0340761044190315,0.0633355829217665,0.0963145562967121,0.0534995151877029,0.0395411152731026,0.085372266365653,0.0780997209443135,0.0260832693059814,0.0716393313303738
32.5,0.0797578717058947,0.180714879548704,0.16405447303253,0.119739262385879,0.0386237233062353,0.00872715444182036,0.164311495026932,0.080329931544454,0.164916841530033,0.158873966087409,0.0452611657871684,0.0996953926668479,0.0569501843801664,0.459793957080052,0.255402561899273,0.030311306627682,0.192613359461663,0.180139338048974,0.0153333173778969,0.0671020027390798,0.0630587457850071,0.0883198687453879,0.0182115800771963,0.0413242632593762,0.0634495458865546,0.0500577856618272,0.107149379696817,0.00604498958343953,0.0543368334594622,0.0607192268225671,0.146088906865401,0.013054485715537,0.171097853464439,0.209576411819463,0.00141180315587841,0.0392037284408659,0.0540189787512342,0.072851345074948,0.142115203611296,0.158580714704174,0.0800060727643623,0.102398597517652,0.0972251183733871,0.0264626895199415,0.189236081677363,0.275326796771219,0.140504875279919,0.0984909250049994,0.0455562224486067,0.0560920761103908,0.251263618365626,0.036422312179034,0.0240627631777094,0.132731597484458,0.0604537974815973,0.0381246489511116,0.127212427045558,0.0238450656074405,0.428447316254482,0.0852054568326303,0.149157629138537,0.128916031433262,0.0211989977565752,0.141083273691453,0.104361750716996
32.75,0.0193926473387947,0.00353781772579157,0.0188004178351439,0.0119323339540825,0.0168713106509497,0.0149697360810567,0.0141340789636331,0.0222671737842316,0.0443350790003344,0.0479824671212385,0.057066820063944,0.00310184635741811,0.017542314687469,1.9098230385375,0.0171456341179148,0.00228955745905589,0.0263511538932788,0.0244184173254685,0.0692702237274817,0.0257296404490777,0.0360354839662998,0.0207314006497792,0.00796711209010479,0.0265814403380655,0.0145980787563117,0.00502088244909593,0.000741393984306509,0.0145367509598787,0.0825415905703453,0.0113455127664884,0.0216847164230462,0.117700182395323,0.0316240017065957,0.00995554645110714,0.00523968684034949,0.049735102724733,0.0228987090005465,0.00982760312669823,0.0126298643287569,0.0146890313394319,0.0368573567259666,0.00822587932776048,0.00732659360512609,0.0117301696914113,0.0282998532465857,0.0413657414489435,0.0133840665106847,0.023798421250858,0.000522464719306062,0.0240837956549889,0.0195615121746221,0.0121574762091475,0.0196135622244828,0.00136686408215425,0.0470779492506158,0.0218154562951574,0.00797430153408251,0.00624791416636495,0.0214353079908435,0.0311873397168476,0.00979031434840572,0.0240791148340466,0.0163416014976877,0.0149012630732296,0.0430119493823406
33,0.275717539135239,0.0458028092558082,0.0556691364220008,0.00749915023174736,0.0265838793449791,0.0412312305527958,0.0148520708645705,0.0120781257152806,0.016028604259169,0.0128781387697817,0.201034079596969,0.0780299168243737,0.0223810596796093,0.420085239824964,0.0146603976243939,0.0202941672589459,0.0172820253682598,0.00408442326263829,0.0623797634887065,0.0455693870497016,0.0152715286412479,0.0411677953960875,0.0338924422094708,0.0300637966583826,0.0353174202710907,0.00967424700632291,0.0120672907970389,0.00544936797289957,0.0956269353997915,0.0364953489294409,0.016752615492987,0.000717961073450522,0.0123764131230827,0.0101920956335736,0.0484624576875187,0.0472816201304493,0.0212498143039015,0.0189520929333925,0.0775911727164809,0.00123586373635234,0.00478593611462759,0.0166294614431076,0.0463060120373453,0.0158162061980401,0.00749608799987856,0.0205873901962602,0.137479999508294,0.025273648215381,0.00320722850172052,0.0188573638338168,0.000476021541530201,0.0272130910065322,0.339190898624147,0.0716043955033911,0.0713777139360652,0.0154061384546487,0.0291953069961431,0.0581448691436876,0.0159367291149947,0.0139618979288223,0.0205670952844538,0.00131443405097148,0.0212984780541747,0.017336097393197,0.0364528111760299
33.25,0.0514832063982202,0.0455052131865457,0.0400628643316767,0.00287493636488862,0.00591860595456391,0.0114489561107269,0.0283947118636556,0.0230232922925236,0.00771218051571532,0.00636640483824856,0.0488272922289902,0.0308491163427639,0.0254783926941819,0.0714194113477149,0.0160795895082999,0.00396178752382819,0.0323791857607364,0.00249714332868602,0.00825512857101171,0.0192848821850786,0.0123839215246428,0.00151598274739967,0.0143236861909666,0.00177707086534909,0.0387091963689831,0.00243464799825345,0.0440630149951616,0.00321627809796639,0.0536638697527902,0.109685984897921,0.0368706758942656,0.0101139121636349,0.012083170101764,0.00934670783312817,0.00615819555337373,0.0045417509480169,0.0323342618003345,0.0232649825832307,0.0195055973894062,0.00403796497745518,0.010459736368676,0.010849712867023,0.0357108712814694,0.00206412060710144,0.0114929780785402,0.0297438567272016,0.0445671719012974,0.0054785507015984,0.00844678695133565,0.00358277136028931,0.0282051813201613,0.00117091074504556,0.0441545331198791,0.0428408854171545,0.0335042493813999,0.0238370451976811,0.0198563403816093,0.000386536025450967,0.0121354229533331,0.00684937799131576,0.00184843121507624,0.0134701972344052,0.0198274327087031,0.03511358191497,0.000396498366624662
33.5,0.0271920837690112,0.18660154991356,0.025029303547614,0.0568415950620362,0.0328069366287578,0.0457273323282827,0.000739021400768328,0.0272498670267229,0.0130714933540801,0.00272299734155841,0.060910803613943,0.231924103343933,0.0109106000612622,6.50284206859784,0.0282345594724255,0.0267566548659927,0.00814813537088126,0.0211188951859031,0.0256012699714645,0.00819929801329803,0.0912057291716776,0.0244008651640703,0.00302173828246532,0.0217020370336981,0.0021123959448281,0.091017790764444,0.00706352731725696,0.0572063000799138,0.0586128210340153,0.172864447842534,0.0499356639521777,0.220697301268089,0.0346971768977887,0.0156641660613571,0.0393849297555578,0.029897059139239,0.00026969196807277,0.0119102705620555,0.0131710991349808,0.110502278959737,0.0499370879622882,0.0301455479325681,0.00505295413130313,0.0330861966085133,0.000547608403364102,0.0347281895540565,0.0215668904085452,0.138280210804217,0.00777867636496583,0.284347766351486,0.00618966666201075,0.0399317012350752,0.09993542893739,0.260116424297217,0.00971849268112468,0.106495955801897,0.0470773686754669,0.0451391588694041,0.0147425220296043,0.0312639817374561,0.0338587795900692,0.0668172280288944,0.00513456182730891,0.00684807635679772,0.0525323339603575
33.75,0.105626176570693,0.135129665376498,0.00715335013009214,0.0966918306590355,0.0486989365956887,0.0136306057149652,0.0431264052253949,0.0333614419912719,0.0450358162594076,0.0193468901490856,0.0967031664952102,0.11679223518171,0.0065806312888396,2.11197964770742,0.0433358661721417,0.0285476629236728,0.0193455676451532,0.0371734173799888,0.0160557431531967,0.0123530538810717,0.0284942061873952,0.0383823176946963,0.010752489338954,0.00226418241381712,0.0105495131300841,0.0248396606705051,0.0135391785264199,0.0230860389002012,0.0699130322493294,0.0369086597584507,0.00062449244176348,0.231373924385244,0.0239638608486325,0.0962412347840051,0.0397465928208018,0.00538400846641253,0.0289324120946822,0.0107333504318583,0.00951614393070537,0.0572006458730159,0.0122601041754497,0.043632059288306,0.0208930086034443,0.00676847910185064,0.0486233886409547,0.060404460497496,0.0212639050173301,0.142617124160898,0.0223062880471022,0.0191488612418391,0.0603035343838939,0.0433615418287393,0.157825736705717,0.183159956697393,0.024072774609414,0.0296997047728944,0.00343887192078591,0.0255134007303875,0.147504117367404,0.00909697575607878,0.0238824478228225,0.0164195170583707,0.0169823611903377,0.00873071095733318,0.0449156565767636
34,0.0385090419502703,0.0327716389105139,0.0628227060159122,0.0767810170966856,0.0139619467176305,0.0294572536871644,0.0775610952871253,0.006538202685488,0.0371999263166812,0.0607024054088612,0.0517252287679543,0.119783999870696,0.0951903763267856,0.619379204096149,0.161703039449273,0.0486680628314012,0.0038934789227613,0.0811054017331248,0.00910496511258894,0.00128526454378858,0.0648735344172512,0.0701884914505333,0.0351239662354817,0.0101165207197536,0.0179738622246312,0.046463307798296,0.109049296055152,0.0153014842392673,0.0782940672713815,0.0148412459579449,0.138043008577053,0.00372534693633367,0.0841841269375546,0.0660692852372506,0.0145114755813978,0.0189589786487409,0.0154909033259369,0.00352294446037714,0.0357498491059743,0.12680321294609,0.00596065180791677,0.0772909653046532,0.0753705989936881,0.0145078163409675,0.0315403028969523,0.0366324687102957,0.0396361597539991,0.0911182275830874,0.0981236968436749,0.052975715169549,0.120983540904681,0.0334243285673056,0.0618943125426621,0.0809668233111296,0.0231834687936406,0.0559411250148156,0.11578698062073,0.0440288652619474,0.136795923782965,0.0473437111764059,0.0885773198861556,0.0980114567713773,0.0128954565352593,0.0166133605547141,0.0725879123630711
34.25,0.00336363888465064,0.0738706991884523,0.0396133780641526,0.0630633481138692,0.00318424782023122,0.0131357036259279,0.0440393571870126,0.0337195686939122,0.0919042314046817,0.170590863785606,0.0300935626402248,0.088230387735926,0.00922436911760408,0.199545103414138,0.0426350856970679,0.047120252423682,0.00131920750494946,0.0465902942802785,0.0443726188021764,0.0636851566517867,0.0222015129971811,0.0640228608247335,0.0236398348656208,0.0246317276159724,0.0194021203279377,0.0360148964356199,0.00988923960554109,0.00826898393188997,0.0215771517374219,0.0214636105430494,0.0055860073303912,0.004084907149745,0.0216160530674099,0.109638097662009,0.0273036282496913,0.0214516250818285,0.0528598968050813,0.0499778779557287,0.0141640938800123,0.0348427863782805,0.0108807818070952,0.0824284667693844,0.0109296450674457,0.00471610608125613,0.080367905267496,0.0767570739571011,0.0669151152166375,0.0814187079441831,0.00761308351326583,0.0424615653025962,0.0323400439711571,0.0585187883194411,0.0264717814806374,0.114227882785378,0.0139026736504984,0.0245596238439117,0.00774459217796224,0.0194763461279358,0.0653691408316578,0.137712924775881,0.0134814947325364,0.00685238063916299,0.0438100884353765,0.0791656963500531,0.0638665993907841
34.5,0.0505661171973749,0.0232536800615047,0.00185943013148072,0.0280702283209896,0.00633201159377235,0.015871445121368,0.00617479045473237,0.0053317724412863,0.0048577353215282,0.0387962452941365,0.0342563656820664,0.00784242334402578,0.000769442097619437,1.04819857879729,0.0228951302319845,0.0409219455118345,0.00271952798563209,0.00789910878517009,0.0120024604202977,0.0156510246788806,0.00367734609135494,0.0074923086559252,0.00743299759321053,0.00583246548201298,0.0126857729782226,0.00689542443760805,0.00199195583811647,0.00471451727251951,0.00580680154160219,0.0209065778496241,0.0066146500571908,0.0727377994612774,0.00194635024294201,0.044439566534245,0.00281283715788884,0.00193636825035812,0.00506839833034523,0.0100916432010375,0.00556270686913187,0.0143642864183044,0.0127821495133939,0.0158651866162132,0.00542068621696996,0.000115811134520878,0.00707692240898467,0.0179389945629453,0.0166601061648929,0.0147507536944988,0.00686893261811164,0.0195625943951858,0.00340267571561929,0.0127328938150891,0.0705540940971168,0.0185806931842458,0.0109336782895709,0.00442112133499729,0.0288282954896542,0.046062108504878,0.011633680812555,0.054608200591764,0.0216100107259499,0.0892653125897862,0.0113967395675606,0.0208038770255948,0.00895739077342861
34.75,0.00944086598052172,0.0382437135275997,0.00970460013453718,0.000623366516327181,0.00108220082210221,0.0303945415951847,0.0136566615244578,0.0780334794251477,0.0229752809966641,0.0220485509970813,0.0189391078704358,0.0526406331469464,0.0461552868602493,2.08538858680511,0.0386981106574682,0.0257262247746567,0.0127637798327443,0.0138866926384387,0.0112897254567809,0.00517741632771358,0.00194659601030282,0.0349125505614059,0.003879968337305,0.0285571418308687,0.0207138353372943,0.000938810527116163,0.0123033559985188,0.0398244363651042,0.0522275706060163,0.0568272949389835,0.0653585831732722,0.126877964133327,0.0024538751457847,0.0142232669726403,0.00369363402748202,0.0353295577422802,0.018258781729761,0.0365570529859523,0.00151986189350181,0.00249730699608534,0.00498635829930154,0.0155652170198925,0.00427292281867184,0.0486632468124443,0.0308923244142417,0.144007463910135,0.0233933090805035,0.0127570189637727,0.0210338588901833,0.0317221571700558,0.0210764032993263,0.0706825371049072,0.0125199788006435,0.0536924349725079,0.0329835310156397,0.00399275320165011,0.0669063359641187,0.0539587548472531,0.0441666288352175,0.0503688958167766,0.0147139078232867,0.0640247682512253,0.013620932993685,0.0068842588450626,0.0169208919995665
35,0.134842379105453,0.104667350156636,0.0811207562169575,0.0809278322639893,0.00383373789449183,0.0400312830448781,0.0504310688999116,0.10743837977335,0.0256786482685611,0.106755000397167,0.128152599495579,0.190898750153686,0.00260782249460471,1.00157723090026,0.0314203485658586,0.016159311459923,0.0886789335905867,0.0580128735042826,0.0407827193181334,0.102053530106906,0.0160662281479139,0.0126249047609989,0.0536135690163528,0.0998542896308853,0.0521705902150784,0.0384830180793285,0.0101900319584689,0.016708546061571,0.0368719699168631,0.0119027612015934,0.0371199738444586,0.0415189350466057,0.0523264464173299,0.078063103355894,0.0124319650829745,0.0549673987912962,0.073279370624098,0.139040447910594,0.0854755724230018,0.0635212341993752,0.039393154599416,0.0223620470901811,0.0264775868698981,0.0832185451337655,0.103046853223403,0.195486149077505,0.128204333925646,0.129616991396931,0.00427356117122695,0.0148636320768696,0.0368229068739122,0.0431869189479522,0.22941470447812,0.17132165132032,0.0514346612268341,0.0695637059421704,0.0306294909265623,0.0561444412478309,0.0199935746730006,0.0808318047935993,0.0093139711757894,0.0409897676160184,0.0773829596646162,0.164798243662192,0.0128958816659837
35.25,0.0642346239430059,0.0210413690735213,0.0234295029248781,0.0196055897722261,0.00737731010910032,0.0342049988432372,0.0161474669318502,0.121947803970069,0.0383265906622795,0.255944299955441,0.0213279001613803,0.0160820087444912,0.00995001231822782,7.72343666324746,0.00582416681944437,0.169621905679621,0.0311604058896979,0.0832850856593071,0.0388111960856999,0.012896891385708,0.0751356205703822,0.0821416029614456,0.00146637342902766,0.0150914284815568,0.00115416433432732,0.0057229489124925,0.00812669845608299,0.126310630886103,0.00775064835838711,0.000681604167518918,0.021116166444908,0.490639015319645,0.0694960613455748,0.0512531170169268,0.0129633618512446,0.0421711915301839,0.00496303606272153,0.0605384915680084,0.0369170897583595,0.0110316651626108,0.0192588369084619,0.025512202912762,0.0017950454948595,0.0493374928989253,0.0244064473126379,0.237324920335094,0.0191935301632057,0.00349843195637935,0.0056406195290867,0.176027696718087,0.025240554569115,0.229021155847881,0.0555739913479413,0.021498033179075,0.00473836641598804,0.023547468877475,0.0120170213389961,0.0128950321898947,0.0109924091609952,0.224907117254244,0.000756544701687829,0.0364651870423185,0.00490898623284038,0.0788907831335687,0.106797147055632
35.5,0.125074858530922,0.0610037374061363,0.00781905066566078,0.115521329942086,0.0707082840434229,0.0193227457858034,0.0285260717522201,0.0506514426454614,0.0120941455048413,0.0320637383868301,0.0114511397654226,0.12523862883626,0.0107101061550119,1.75428230740167,0.0374407082204068,0.0762017436623735,0.068618402579047,0.0407261381723311,0.00321875782465081,0.0361061150460177,0.015026424689673,0.0671670937064177,0.0286225327392342,0.00625537177318131,0.00413582637727378,0.0703768153335525,0.0352456143812218,0.00278933271779948,0.000417282634304251,0.125853523433816,0.0197529155019441,0.0432272471773489,0.00776041690472157,0.0645666848494933,0.0356793597102507,0.0299509456554026,0.0153976880371713,0.0238278091943624,0.0644242122524249,0.0593537164881169,0.0297792644841006,0.0519807738128657,0.0428186496939387,0.00705323018561129,0.017055136603591,0.104381073795287,0.0149645758262825,0.0884071109493299,0.0304475599968135,0.121887197874676,0.0232245964959873,0.0749117817931607,0.150193971896871,0.0775712124678879,0.00093501208240586,0.0941657120617744,0.0138386853868782,0.00556832209079384,0.0520602894007157,0.075609289825282,0.0125553720670587,0.0237421260268487,0.00249083387293362,0.0371482614025494,0.0249815470903238
35.75,0.0760414697522301,0.0953388994865951,0.0190232332497859,0.0592131669999846,0.0308851511582447,0.0438097429651887,0.00749760132146554,0.0940729213856633,0.00463160688756381,0.0195275377253596,0.0908450192511631,0.0573989897307179,0.0651733105013108,1.47038039304286,0.01392677409334,0.147584350247216,0.0805825108739401,0.0340601168449576,0.0189097189438548,0.00609012863930816,0.00887581756938108,0.0279657892895404,0.000523880281681689,0.0236849845508865,0.0794674858264521,0.0326509066320981,0.0365068740001874,0.0758482160678946,0.076642964511511,0.050172409536302,0.0431383602522969,0.171039679785347,0.0129475903388554,0.0467263688870727,0.00667472494046981,0.0235823768852004,2.36290182001616e-05,0.0371169738453563,0.0275236371418482,0.164605440306022,0.0200172431287956,0.0376428073954183,0.00812120391237544,0.0691805485683697,0.0137532429206302,0.0970417111679429,0.0735339261276977,0.0791699564342837,0.0621654854871591,0.0270872508377678,0.0192759388635426,0.14641966899361,0.0556377898999841,0.101412212446225,0.0763068363074155,0.0453481005015266,0.012785772682997,0.0673624050000318,0.0160452812441302,0.107860981137641,0.00272979155846471,0.0988604813210225,0.00676727709006904,0.00177800544401636,0.0358115209815018
36,0.00471057723228724,0.0855805093497227,0.0037247131987431,0.0483128763538554,0.0213179889125151,0.023321508718515,0.0223787258653713,0.0340014659937428,0.0513094571968402,0.026203686177904,0.00312104488018686,0.148778717585915,0.00847244956140732,2.13598042368945,0.0181183784328704,0.0500410385521121,0.00838879063088152,0.016510824467873,0.0219630650581886,0.0355716275041548,0.0108168162236824,0.0158186040886734,0.0123570134662297,0.0349798516408692,0.00542506384561368,0.0666585056107832,0.00333414582123557,8.91358020044683e-05,0.0107072060037969,0.0538713849662072,0.00397757570284539,0.120976765791139,0.00400789310309034,0.0405404628254442,0.0123700861660365,0.0370408461449274,0.0252178270374347,0.0419591539982578,0.00228710821779186,0.0568026659532994,0.0144552020989271,0.074110387737201,0.0214504286218814,0.0163648852377795,0.0726261372053503,0.0394163401616951,0.000227406758070282,0.111781764990779,0.0193676600087527,0.0737944843214143,0.0245850789750509,0.0588672244293978,0.0398086795365645,0.12893640222491,0.00351968533499521,0.0546912034948359,0.0138484767944821,0.0441447023517127,0.0620168979776543,0.0532314943076581,0.0197931760892346,0.0874285162230782,0.0309780527482033,0.0164097789190463,0.00791589736295715
36.25,0.363348657977798,0.0160367153840485,0.0245054567168877,0.0182294944947086,0.00468673307300648,0.00670965986252642,0.0321112885091459,0.0121395100704525,0.168884776060693,0.0590722519250033,0.460518746011913,0.00860639566161134,0.0503778491474089,2.08823033876891,0.10183919478426,0.0432180859605244,0.0349436693179652,0.00300953122304211,0.0100791698501344,0.0299032011922888,0.0191822204330391,0.00704639526213727,0.0141678542052215,0.0114745050668778,0.117880228689468,0.00761345544552983,0.0100993621998618,0.0148736917102455,0.282931538040836,0.0134796719118283,0.0171055994443607,0.0338230060998354,0.000458523052753604,0.00444859997014217,0.0141038926175585,0.0126562689652841,0.0221231315240294,0.0181771370159352,0.0798617577488255,0.00632380695972932,0.00337199870021187,0.00630091995238346,0.0100510775390595,0.00518091544625219,0.060809751225022,0.0378175694500418,0.288298196895862,0.0128507369829184,0.0234229800941817,0.0436901745203381,0.0560321169489966,0.00935792792024801,0.565038960729504,0.00355341290659228,0.15731687319892,0.025564104644976,0.0154609714087199,0.00314367627728459,0.235913099023325,0.0524598677691272,0.0818140955216038,0.119511103220724,0.00931722153911887,0.0395041317432917,0.0131869784631099
36.5,0.0100193710279324,0.0333150336913378,0.0196129016736894,0.000413588702173462,0.000526003112910332,0.00187211254840307,0.00285342757075615,0.0120149660105957,0.00209962254538196,0.0189166175539634,0.0243373119753354,0.0400929568346999,0.00239403619544971,0.900750639663526,0.0130355913652384,0.00761012350258721,0.00212586910164607,0.00995859764580082,0.0213673636497612,0.00112823222323551,0.0345772366677327,0.00494880488143036,0.00565332322197438,0.00535342408523852,0.0173795947761007,0.00472298276623883,0.00455106365264526,0.000501367232603021,0.00781762291473543,0.0047850397008036,0.00214745158602882,0.0356537368644624,0.024040038696683,0.00167774157771778,0.00552920691459932,0.0106153597513828,0.000301136459669604,0.00290111475661769,0.0123464516594436,0.00120713365080535,0.00828097841459124,0.0123754165763742,0.00358976820907757,0.00609911112467651,0.00821434301968154,0.00333782662834997,0.048397695196459,0.0237898812551011,0.00748866875823869,0.00181650252741932,0.00398171901024645,0.00742795419831695,0.0181881410029859,0.0486158323801197,0.00710439587668325,0.0147065935070375,0.00713635054169248,0.0440542728848301,0.0343972461600968,0.0125441000780974,0.012381421580313,0.0726526888611104,0.00401381734220431,0.00209150055175004,0.018654184795045
36.75,0.242281310097438,0.120596679857087,0.0110520658603239,0.0276503782975999,0.00305439034015418,0.00679652748608602,0.00815504141642977,0.00754125534578346,0.000214733341603381,0.0344164773212416,0.143999948656761,0.194232133030924,0.0376484063186176,0.0560317285295353,0.0356670347752271,0.0260944305572134,0.00795482197466294,0.0105322737759968,0.00114673257569972,0.0102196740592733,0.0140708143879293,0.0125798274478283,0.000247521088366211,0.00255232993195525,0.0364626320951384,0.0825423502186139,0.0279699400919353,0.00686215093311137,0.103566784835134,0.083781571990194,0.041391561668016,0.00273601988358222,0.00874578677261756,0.0378173552669111,0.000105910318219345,0.0036417010646283,0.0028261525570402,0.00131485425730936,0.0486273383883978,0.0117222777734288,0.0104637334679061,0.0334529104022424,0.00823751855238185,0.00444177456624531,0.00400509405597075,0.0179391541114319,0.0513291881397832,0.123487160599773,0.0113602552152659,0.0257350106195729,0.0336663187462835,0.0299017725610915,0.36120636570634,0.22392130398725,0.0687333455627335,0.12978342434256,0.0119383138973853,0.0883670586951042,0.0219384544639683,0.0290480993067093,0.00407202886759634,0.0368327492612576,0.00416016426226565,0.00220656132541976,0.0146438064234562
37,0.220696531442911,0.0139290904245345,0.0763937416252138,0.00769696168686725,0.00896924374890532,0.00560167996903973,0.0314562270606137,0.00831782026581757,0.0306673240557753,0.00991523726858866,0.228665654426931,0.0707143834548975,0.00113824614098109,0.519985841515213,0.0189077084758157,0.0117631780144255,0.025523641803881,0.0107401619374892,0.00513261197126351,0.0318253426304958,0.00566634507801638,0.013969305090514,0.0267046181378322,0.0090940231189744,0.0656822226088829,0.0240011696703959,0.0181421703730361,0.0122715418182043,0.0399495599819683,0.0539025571319356,0.00404397558846546,0.0025064143510948,0.0105993271225363,0.0153842260258733,0.0193474739957453,0.000929633630572686,0.0249945515885942,0.0267595475965315,0.0830746616752785,0.011256509448871,0.0365123270745702,0.00479407787719609,0.0194102314958168,0.00689800601886992,0.074126969140471,0.0107722883385101,0.246364676523997,0.0384338048683553,0.00151122136316681,0.0400921035360983,0.0368023976588382,0.0223624690334871,0.350779408020836,0.0491071713926192,0.0541410470923013,0.0444123330797695,0.00107131310120294,0.0287635088916331,0.0358173418791419,0.00587391011660568,9.41729639993697e-05,0.0371154600541158,0.0188298399276584,0.0404480468437172,0.01449363085982
37.25,0.0586332077725289,0.295268744103623,0.055420345661868,0.0105432518401116,0.0950672281651121,0.0157317804677809,0.0444098396250925,0.0074066640171271,0.0252596765757463,0.0584538103014464,0.00276039325542704,0.27961410492618,0.0031801052474034,2.39921669009061,0.0208563431403796,0.00546002202847574,0.00701690292907396,0.0129813217695729,0.110247052419367,0.0202552492458022,0.152528827471563,0.0142344662426491,0.083028910326058,0.0679030492747057,0.035198160017178,0.032357248167517,0.0254485485592201,0.00771106385435536,0.000640614748769611,0.205527279725509,0.00213984064628896,0.0896777737065641,0.0506193643418103,0.000727656737739386,0.1157252820283,0.0614508309913876,0.0709987000476369,0.0149131522294289,0.0155923422698776,0.0878150650556248,0.0959132313186763,0.00447008471707109,0.0819557768488429,0.0278522312360426,0.0164194133823087,0.0553182019968628,0.0190038555659444,0.11187007873942,0.0243671047645307,0.0153880017001996,0.0248841548599841,0.00259100256652158,0.050537098022624,0.384418699104823,0.0108534530662919,0.102588543596957,0.0198155296454127,0.0706689605387783,0.0686037062402254,0.0415087654663977,0.0622708491029384,0.0522692770894215,0.0973241263594229,0.0014548447072715,0.0642284349939015
37.5,0.0158898705474276,0.0252676557721216,0.0064717916334893,0.0684001459752305,0.0703084044966703,0.00331302175800799,0.00658702616504124,0.00869502406191417,0.0736951401275856,0.0237560641881817,0.00557668305639675,0.0244216711993853,0.0227089527911395,0.342138003331495,0.0596616489869406,0.0333408003422357,0.0420587013574111,0.0253251895149718,0.0261430266918708,0.00455630682272165,0.0183394031093889,0.0283268883548498,0.00631967399329722,0.00250277873749068,0.0148098010521171,0.0198803800827684,0.0303142907264452,0.0148524361760311,0.0064906745561314,0.0116837990876086,0.0899075154046173,0.00859883610829987,0.0111980990156816,0.029621464168489,0.0231750250101812,0.0292029292007991,0.0070374127201235,0.006887426443336,0.00708018986799795,0.0321245182155821,0.0375232996831862,0.014112803440676,0.0106016011694221,0.0106646462312873,0.030256833600615,0.000848150869756482,0.02141389166858,0.0478335133237745,0.0281233738358806,0.0219244985139554,0.0143899946884249,0.0193800546583624,0.00131134128697739,0.0347434449808634,0.00849669658325387,0.0040943379998467,0.0746975251632291,0.0565670081372523,0.12746690034431,0.000999937894122817,0.133658432067363,0.132439927494197,0.00946331741007274,0.0175485320471114,0.0181349024295642
37.75,0.000987969053264488,0.112435128775022,0.00297006779984795,0.0822955825451945,0.0077118775294433,0.00508249151900055,0.0176361504143904,0.0226924987889056,0.0732538042955926,0.0879302214042199,0.0133143631763356,0.161800706778474,0.0270208257898253,0.928152316603313,0.117081288371988,0.000933568496960316,0.0357629982711153,0.0387018043345106,0.00795453046716509,0.0138751576504736,0.0142336968968092,0.0497699124252567,0.000899432482253697,0.00263288507326241,0.0155146680439847,0.038504437051265,0.0234447007477014,0.00391577010693157,0.0258179664312215,0.0808256611848722,0.0740199064892904,0.0483840769197664,0.0109982346029456,0.0491477580187563,0.00290861680388161,0.00528516054679638,0.00660797882799078,0.0209882846709778,0.00156446391374307,0.0794906472201585,0.0130132250056096,0.049049993058039,0.00819801068158144,0.000272325902756308,0.0537837134270093,0.0981248101659131,0.0273184942602797,0.128905302629377,0.0118198230318874,0.0107530888650109,0.0456083573200806,0.0218917047091372,0.0141566489072102,0.162157717498842,0.0250850533013921,0.0388670226696669,0.0749317133659885,0.0835224139744648,0.166723522201745,0.0482046171433995,0.061235207346451,0.0168879351282967,0.00104257134405231,0.0344430959623741,0.0498348846486319
38,0.0771168276598256,0.0549829564758552,0.0309773364717707,0.0391030423755555,0.0185061727596245,0.0117504995450293,0.027763983037009,0.00143013076249386,0.0125880790434194,0.0113680212192646,0.0621940876581419,0.0749287256475542,0.0277397362849931,1.8292895214639,0.0293621570380511,0.0339564940319171,0.00975178765660295,0.0144524939846049,0.0228757488697561,0.0248519506505108,0.017697251077508,0.027565686916267,0.0443049601141308,0.00768831762884737,0.0190632348506589,0.0291990706691738,0.00875854497214751,0.0160511145074421,0.0515291230346693,0.0696797653627813,0.00630229056408874,0.0316493627170084,0.00425688493280477,0.01412768733646,0.0309655714021341,0.0306725472386153,0.0410994614841286,0.0120023581802228,0.035927429744661,0.014366117552007,0.001946632123483,0.0101468642240457,0.0187108400086167,0.000126120079883017,0.0208352216268637,0.0200890012819622,0.0252252252219715,0.0404733977975042,0.0129768305224653,0.0872365433009918,0.0239488671223916,0.00502109972335223,0.066226191193471,0.0549578494235593,0.0379331776730682,0.0609187897214437,0.0105898232839548,0.0108130161450747,0.029466198019593,0.00574927908871672,0.0112795114230662,0.0453911797876702,0.0308315628155761,0.0234632353899688,0.0280007864958865
38.25,0.0294380334394053,0.0676287282907866,0.00259117887056653,0.0904521536012915,0.00569454578166005,0.0217082435477336,0.00150655931610057,0.0145611972944944,0.0237556982377955,0.145262677000414,0.0872592368182964,0.0549458868831902,0.0317307998692018,2.30523649487555,0.0438275659164382,0.058984238837015,0.0309695143726029,0.0793316875604735,0.0677733761649151,0.0194404194703224,0.0446912178467683,0.100232532804879,0.00883744738559895,0.0141251575147636,0.0339226102652426,0.0342938999846837,0.018964459570698,0.0156011568264205,0.0684816742690581,0.0546438322648808,0.0512344369086552,0.0879030060760095,0.0347031523706106,0.111505044071733,0.0372646166236598,0.0498851294570735,0.00480731121796724,0.0071400106968907,0.00528412834669364,0.0553046260366219,0.0101387114840282,0.0680935626128326,0.00104910925474112,0.00161978294572727,0.00161443683716306,0.123723314458319,0.0270244246492778,0.0664490965229806,0.0102860686127012,0.10121924155659,0.0164905762121431,0.0246054167618899,0.101383201883238,0.0755520105418667,0.0533088195761875,0.0217239817168021,0.0335781278508802,0.00537473176758535,0.0342486478171583,0.173385020397187,0.0422208077573686,0.089690032129742,0.0240685331719894,0.0186185481070884,0.0998531772152299
38.5,0.0443925430734782,0.037887975314797,0.028630767444056,0.0852633408418787,0.0277028596070991,0.0133586901899696,0.00750773158352873,0.0307303293634186,0.00850844907448359,0.0124499970202217,0.130140983235423,0.0853240328605646,0.0398032602059375,1.82748190700883,0.0155117902762603,0.0143416872507169,0.00288916277030116,0.00383240967447758,0.0156245070689279,0.000970494356115773,0.0197901713628929,0.00298746149419034,0.00983766035086585,0.00583512817140368,0.0563226726621799,0.0232033979458509,0.0103940861041889,0.0268188076106968,0.0758443528273921,0.00929874228633208,0.0183046399979421,0.0373465684583661,0.0193497988936769,0.000694871545697066,0.0162357601160943,0.00717357252632705,0.00286473304571377,0.00425425458823485,0.0256946690959865,0.037524162587667,0.0278528796146844,0.0050570658008766,0.00534881750571223,0.00987155350855187,0.00199064889584131,0.0329337948456424,0.0485471618512655,0.0718628204743021,0.0280841991769225,0.0310868995667056,0.0110668756858006,0.0460185847430206,0.213237212650069,0.0682478467000149,0.0806588752843201,0.0728820972457014,0.0140094096189165,0.0121287354479851,0.010489900655579,0.0307572215667607,0.00685255693537832,0.0314698678514643,0.0145604154188312,0.000652492405594497,0.00787265591237226
38.75,0.122620582777566,0.0580459109305989,0.00519145322389378,0.000378204634127415,0.0773484947907908,0.00549585486429595,0.00475936681795913,0.0310053145604646,0.00838751286003859,0.0102951060456032,0.0688977570903046,0.0754364664825227,0.0126447990223831,0.559545545351833,0.00296872028516711,0.0204900699610933,0.00957815333097939,0.00219813784696641,0.0226494216780863,0.00710529377056808,0.00723026032684349,0.00410326946389108,0.0437161728584261,1.02669008711087e-06,0.0112652150659887,0.018303403502882,0.0164269202540807,0.00243911910185378,0.0518332547793312,0.0434794481293465,0.00294082548432607,0.044453283239254,0.00138330251927964,0.000328204808928262,0.0386825675684993,0.000575250897527657,0.0114845438570024,0.0110286003391127,0.0286060228035934,0.072798141451179,0.00788741123643629,0.0187258786062189,0.0422224791389782,0.00353317672421187,0.00465434150403845,0.0568903992552864,0.0276855672793764,0.0208337415214444,0.0298083988017633,0.0354117258051487,0.00145156202811728,0.0632284993789211,0.2203738376044,0.07003942779551,0.0240271372314624,0.034655835192614,0.00051282044044727,0.0332932525812516,0.00530773256105703,0.0166206786530524,0.00731780973077594,0.0104947975648801,0.00753311520073945,0.00561814762356605,0.00819765162530939
39,0.0840385865678806,0.0361381810931064,0.0593424244751873,0.0130844112355585,0.00348194002288736,0.0036017616379941,0.0251029889169555,0.0276588436790292,0.0334671471855212,0.0135119272308907,0.105543018885852,0.0509310239767374,0.0157876805436968,1.1166190830936,0.0458715780511628,0.0499201172550244,0.0297340114165981,0.0385319272770117,0.0583205105237676,0.00691854261098364,0.0309290995235386,0.0374300179771401,0.0126404124925095,0.0191662345635443,0.0252682992867763,0.0192787766545833,0.0163050389430336,0.0204954999681507,0.0580469256074844,0.0363073934625503,0.0219790677891267,0.0643253616389153,0.0405906055821656,0.0168373963400743,0.0258593200664409,0.0199995054822082,0.00953227049529612,0.00639488652714615,0.0593446314201793,0.0107575433396937,0.0158038486925908,0.00127128336007044,0.0206691350559556,0.0175543940833147,0.0405230336418077,0.0231285128402379,0.0593230220586929,0.00922309915345822,0.00679629751723346,0.000225512353500954,0.0367594433919655,0.0540351484586441,0.150178549654124,0.0360942921831064,0.0339270207391143,0.0623787770958286,0.0133267025117473,0.0495938233881201,0.0754484064735699,0.0278998104024226,0.0174218223268922,0.00417518155604671,0.0171928100066647,0.00916164368732096,0.0558472167625709
39.25,0.0295235013301552,0.00552426308292182,0.00271674525898988,0.0314215609556262,0.0251052575073338,0.000368784728219983,0.00328230099962479,0.0148085909182733,0.00302857928095917,0.0363027302028966,0.030803198215062,0.00639902542905457,0.00280758766053171,1.33373351937795,0.0310364667821918,0.0198837299138746,0.00259555873500923,0.0234326032467411,0.00229748115929021,0.00705165156215819,0.00560189314226981,0.0135629147281503,0.00562115908192546,0.00083797538809373,0.0037358088451645,0.000905695677936928,0.018750040081975,0.00582174442717668,0.0204398839490763,0.00832844078890132,0.0196477131876617,0.0650471291108307,0.000685774622190591,0.0128901653789595,0.00895978498316928,0.00304190683248372,0.0010657094339839,0.00924756786552839,0.00207261574100569,0.0149004958788351,0.00516057939766117,0.0078558273898284,0.00581910211835858,0.00448831404617321,0.00685255068119871,0.0691748054999823,0.00889161042522092,0.0167967992556845,0.0179410889775676,0.0111770961984432,0.0236266885933724,0.0355048092340441,0.0356766228454665,0.00791617988680094,0.00838611674747631,0.000968586994820376,0.0249073598959938,0.0705626300469432,0.0259285267883601,0.0383217142139009,0.0149168095047632,0.157818665990962,0.00365754063421277,0.00320548757456987,0.0109733365881273
39.5,0.0144927846555314,0.0337208259518114,0.0497535934055882,0.0292280730328048,0.0115786755358028,0.0396683339901276,0.0042804614577487,0.0397162585117303,0.0178559977754051,0.100981406598214,0.0261407456273839,0.0363543392829283,0.0129720276095849,2.77976977028538,0.0094029362170673,0.0591289636646738,0.0203653152188781,0.0216836505604574,0.0516283818585673,0.0105901505919624,0.028136286700398,0.0380959756660475,0.0129300914218717,0.00312645402090519,0.0112882526481804,0.04975523243884,0.00477715084037215,0.0170618917346903,0.0145058682665011,0.0687206336376878,0.0597670720245318,0.135342299292905,0.0289282050024532,0.0286795240636616,0.0267450127022384,0.0170535234779911,0.0175665497508482,0.00992140277939922,0.0310269500742676,0.0214991366753197,0.0297531075540444,0.0670056934736482,0.00151208994007633,0.0031856241489519,0.0119338211861874,0.128699001958968,0.0329001458848822,0.0517258731919301,0.000202416802564897,0.0990585486565566,0.0118093179232287,0.0504421177057976,0.0537971474546805,0.044598625851063,0.0204345868256392,0.0414458310843801,0.0227584127033934,0.0105009260341458,0.00607197459935448,0.102557343289851,0.00469658155329396,0.0135025214789141,0.0142292869006959,0.0290883706128279,0.0284136584298311
39.75,0.223955226881206,0.130161578273704,0.0338181543917052,0.11148882546751,0.039668422806008,0.0064161453383298,0.109447467450791,0.0463555282216504,0.0975368938014554,0.00842070076466167,0.195630281043831,0.16611706582379,0.0549068815238341,2.56926703520159,0.161008958985791,0.0190256653942897,0.0516805366903996,0.0324481536260873,0.0420287960875126,0.0601088342970068,0.00910482312975303,0.0236194868209568,0.091053239042211,0.0431387545776977,0.0399666738420253,0.0676677322980939,0.090336532866774,0.0244915515740984,0.136703666121064,0.065799526214652,0.0607236452497874,0.168387765385436,0.0228836453007682,0.0618816480001456,0.0690552606591879,0.0317600115093185,0.0757670448619168,0.0493280530683184,0.0696810872889011,0.0962208106813001,0.00165893094139752,0.0294162895392914,0.0757010220090203,0.0411184873475968,0.131564013533229,0.0686913557476094,0.110349701945779,0.121816802386634,0.0407756351168475,0.012226357205605,0.147293569120509,0.0473217909085662,0.344160532460571,0.158671495486678,0.0718113467821136,0.144283778220706,0.0136378093565045,0.0628044368325675,0.281179619469757,0.00472357265215688,0.0594067428302468,0.0182670982237415,0.0882555129040808,0.0414009263854932,0.0229624074001134
40,0.0421987094317903,0.0232744288699044,0.00264915060897565,0.0166936898794714,0.00299907390831992,0.00236230259741461,0.00882051988160085,0.00518521384175972,0.062725762918478,0.0550826722556248,0.0440687956366922,0.0369267698708324,0.00532013196690486,0.911566661585463,0.0304426758925335,0.0720532765052799,0.0167568639208763,0.008548994439293,0.0019539180090373,0.00666467202938976,0.000256688241055328,0.0141982781714838,0.00120327185167027,0.00148134004174267,0.0201231962753622,0.000405998006811146,0.00297910835015838,0.018915031295002,0.022470794059886,0.0311802130850513,0.00967320757645214,0.0163871702105165,0.00285983416082532,0.0195082740992295,0.00680678265588231,0.00060817356158155,0.00812181883308854,6.41086166759481e-05,0.00239132544621899,0.0255420737410953,0.00777337104772878,0.00585309187771468,0.00200761495132261,0.00487903696160506,0.032380736586985,0.00851107649255454,0.026553319631661,0.00744024823259695,0.00588414849902183,0.0278796570373903,0.0217593779142807,0.0328173469336578,0.0572705461127252,0.0312236278642903,0.0203364081963822,0.0020758219221034,0.00453026714210336,0.00376093309053968,0.0448923354673647,0.0988153602693022,0.00549648115006993,0.278051304916814,0.00826625122498878,0.00590833887163361,0.00553509528813081
40.25,0.0960500491648176,0.0184175815944446,0.0130688218656118,0.034831445324772,0.0228335448093499,0.0215465964630753,0.0665635560588983,0.0213146823775208,0.0408972271095715,0.0119915340831857,0.0451265776681985,0.0424078212392428,0.00919683593730964,0.194465024132947,0.0861579398139656,0.01759519729686,0.0355264615702761,0.0014626961858941,0.0166015228376981,0.0377358937896786,0.000104809754663035,0.0204992675965582,0.0256651559657331,0.0110057001060931,0.000700406061197556,0.0114817565148482,0.0496769724307236,0.00644231069471336,0.00879200117862515,0.0370682395398358,0.0117957108080405,0.0304115911226695,0.0019883978291704,0.012773934513718,0.0049606115478695,0.0262389681299852,0.0540373336685788,0.0205422174690741,0.0346561016239817,0.0130975161533316,0.00268267634353779,0.00431195431079416,0.0502465289035587,0.0160572543391866,0.0764455972635145,0.0251313485294359,0.0209307093045659,0.0291149007743483,0.0224004657416855,0.00144696937357377,0.0689905280655526,0.0175558533081927,0.138053893761474,0.0340361862635557,0.00749280298958668,0.0242654120982308,0.00912772823344304,0.0113214585357079,0.130684136798806,0.0178203758449307,0.0375919678131291,0.0252662796007737,0.0261740490421045,0.0521884130175388,0.00282373399995058
40.5,0.00664411619205264,0.00968602831248509,0.0101264936423923,0.0105984234823105,0.00146137695387079,0.0181891748633269,0.0334248586486163,0.011000243331575,0.0856664476548893,0.0162898863584986,0.00603775679384569,0.00544206921973979,0.0280095323444257,0.498586311839834,0.0983760270878542,0.00630008566502283,0.0275355183170002,0.012721463105792,0.0200813311783884,0.0124887792803881,0.0181520805552693,0.0496791230871677,0.00129496540907851,0.0260512261835128,0.0169927566518541,0.00804189695464389,0.0319253083573095,0.0127439288432568,0.0129726887263224,0.0143278347391765,0.0642380594222185,0.0224617924998138,0.032539759066044,0.0217681088678653,0.0105788431421619,0.0632938023771543,0.00903599570932045,0.00878413014292451,0.0129478968155616,0.011583247117184,0.0129284619020701,0.0212107774496746,0.0102107601708291,0.0236662878410504,0.054540434653921,0.0260626796353109,0.0132114493017522,0.00229593991593551,0.0247892867444437,0.00128597090361493,0.0747610947132246,0.0112393874682451,0.0247912823493086,0.0112823010359687,0.0135267564769297,0.00799106190998346,0.0650790885490793,0.0185945654508069,0.12465250924989,0.00693571947347671,0.0755618240381181,0.0146551534084892,0.00753875109807857,0.0288542135423468,0.0324211841013154
40.75,0.0179355194831878,0.0132402306051402,0.0176278655985211,0.00230736102157913,0.00108634889502711,0.0725261150545385,0.00271095102377731,0.00843378936370166,0.0404855805264488,0.101749331866781,0.0278954368467591,0.0404799585696101,0.0151066753603306,1.63242004346386,0.0273052006037102,0.00753890424503209,0.00030421856390407,0.0100906799880762,0.020977528811747,0.0164267843004985,0.0168282998965296,0.0517295686876854,0.00757566170317612,0.0138970433535172,0.00492004682913145,0.059166683573952,0.0074669502098922,0.0228651586899275,0.0172113382373057,0.0304342713754159,0.0313769293844395,0.111581952298297,0.00571272260807948,0.0181973616103842,0.00810380050934915,0.0468816146253462,0.0156188562339158,0.00881289004317017,0.0125174808362444,0.0169357105656493,0.00117947100502025,0.0856987873199988,0.0099117340634795,0.0198261649346898,0.00670206157120654,0.0489334367449931,0.013444031925449,0.0513154722382632,0.00520816522555677,0.100541522150608,0.0118961555248212,0.00129162046547416,0.0593076412278937,0.0323439852369541,0.0126743065944419,0.0699342883895238,0.0278011902066068,0.00611332730804292,0.0465856235279666,0.0536470020408658,0.0508393934968226,0.168669353500297,0.0137749828679427,0.0161674271394301,0.0321435417034574
41,0.00771656833969144,0.0244315008200654,0.00658955872205761,0.0484601314897352,0.00441483787129597,0.0172720427246012,0.00695069502598474,0.0116579483789838,0.0136243344328065,0.00795085834947448,0.0201628407654259,0.00284388656525796,0.00268283276681914,0.0774667976105517,0.00446184780304254,0.030225975237677,0.0180168753214457,0.0143556182943009,0.0201762861881603,0.00307200067331108,0.00106782090039746,0.00605655896673291,0.00785338776753021,0.0115448658261125,0.00376985343793109,0.00214038822385867,0.00209192239341387,0.00743821076153473,0.00414199911784265,0.0464671556109521,0.0071469659596861,0.0253740112007126,0.00651691949878909,0.0146212908174145,0.00413132154716049,0.00956933007255229,0.00966100237477486,0.0157555376082125,0.00994411067277022,0.0257807060871242,0.00719368140941808,0.014932667650774,0.0103031190381245,0.00334969985679145,0.00617648547851966,0.00936672249585703,0.000678650891263945,0.00903741358975206,0.00308741901005542,0.000364789262269654,0.00176663618169182,0.0122749625046519,0.0129206896847381,0.0135546529222997,0.00658720218185103,0.00229356907920657,0.0103587868066558,0.0114095883493315,0.00893190342410791,0.000408738629697461,0.0134005616489098,0.0200675030510064,0.00104138256707309,0.0106164763222961,7.80377918685639e-05
41.25,0.0360298211276872,0.0197574146795044,0.0401208049045822,0.0297620140071684,0.00432100342976341,0.0279251313896259,0.00374108197432925,0.0557604224390888,0.000634525277294949,0.0378528710724547,0.0836414827173547,0.0553838420522673,0.0301614617722188,1.73579419843493,0.0024455997146942,0.0713238729685655,0.00221870872855892,0.0184965458702965,0.0101139184462489,0.00165685414450695,0.0302901478050041,0.00397097591622753,0.00285184918792747,0.00221877029574393,0.0465201187563667,0.0298962713969994,0.00412070268091079,0.0543612152949536,0.0556219079240204,0.0534335459232759,0.0121281087873889,0.116229361121178,0.028272769986428,0.0113642753621898,0.00797693731709387,0.00258094648295299,0.00291024239741647,0.016952574547692,0.0254044019401406,0.00119039428512228,0.0165300837051537,0.0167661623198194,0.00793247491624807,0.0300785984465665,0.00290154170142303,0.0648600300272202,0.0438909008571236,0.015358641535231,0.0215233241300418,0.0941385198149476,0.00139015461418627,0.0818083967104123,0.0946284279158087,0.0355526618647521,0.0555543501047648,0.0518152342497385,0.0164873444348402,0.0105062576966185,0.000193369873916816,0.0924584458905365,0.000502863791779743,0.102574928781634,0.000323291539792889,0.00975326701256478,0.0258118922648827
41.5,0.00494936149105514,0.0999514754071335,0.000375719208612865,0.00160415581829361,0.00109992506751484,0.0140028053711081,0.00560785745974195,0.0805794907064033,0.0113780135329079,0.171337432838817,0.0187619430326632,0.122041854367329,0.0448664646032357,0.0202635281252921,0.00649047938690356,0.0629552286597353,0.0141109956382432,0.00214168454181604,0.00772192377369028,0.0406520822789765,0.00219704585787483,0.00185213048440554,0.00338868374588152,0.0311943024460349,0.0148811483899982,0.00593339303084131,0.00906135759559164,0.019504088362435,0.0676653387158738,0.0904572736033897,0.051578191849439,0.0110492643517431,0.00187305906905618,0.000817737993755132,0.00184966893965072,0.00925725469524613,0.00388992135561344,0.0525293330484434,0.00070747918487427,0.0093367592807828,0.000995641198200008,0.00438615717580841,0.00200654491917139,0.037191411717175,0.00670731698965003,0.184940897421483,0.00612962520047821,0.035425281944032,0.0119285270082073,0.00555152192246548,0.00702044127137979,0.109961516534325,0.0178516276273831,0.114989823224681,0.0297679005620885,0.0497607366192148,0.0628490579423529,0.0255719864411511,0.0149238821354593,0.143041122757568,0.00672468503805624,0.014307880291575,0.00899335583890834,0.0545322159471674,0.00270759579783445
41.75,0.0835657711801269,0.00743698363600893,0.0366756439134085,0.000308738983130072,0.00748601623137602,0.00536185568951152,0.0165571637921463,0.0125038627509761,0.00817314595064118,0.0191868573951076,0.0940156702161691,0.012711461086485,0.00498972638581778,0.351141767283921,0.019554592665835,0.000942801329485854,0.0280139887942741,0.00166423845954668,0.00588924427046589,0.019962054855983,0.0047676456704037,0.00401929073431865,0.0204630509139145,0.00358538814828529,0.0340177211580285,0.00948684857419414,0.00762994559033181,0.0117090771666437,0.00321395326082154,0.0227157647950658,0.00543502601759843,0.00510787866473971,0.0174281258422161,0.00277605573081546,0.00434561974412622,0.00894406522054967,0.0172390715770566,0.00615196801307342,0.04162294242666,0.00595993604859616,0.0170155638791475,0.00590170098432411,0.00812546210229492,0.00282395584626785,0.0081020641733425,0.0270325136813104,0.0557131149795104,0.00425475054445242,0.0151472160106718,0.0473095503682482,0.014533500695096,0.00643960897450702,0.111070986067398,0.0152158046930252,0.030578698139939,0.03024342844727,0.0108204116878319,0.0785192086622664,0.025971677042822,0.0114956077290455,0.0125912328828951,0.0195940121467233,0.0111380594743738,0.00627133841883677,0.000656247175742835
42,0.118796860452237,0.0809280352446568,0.00713712277925489,0.108942052212384,0.00857498414800728,0.0058213224355178,0.000901619653215221,0.00146846232828627,0.00175363158547005,0.0146778798333017,0.108693020565998,0.145405213689533,0.034298256516046,1.26589272696845,0.010418881219472,0.0204412205188562,0.00243368928495184,0.00274412567518686,0.00155969642020697,0.00309042830125833,0.000184534790131387,0.00526151561517147,0.00807873621784585,0.00850140917050482,0.0487741770420324,0.0373577226271934,0.0123268460625809,0.0112804769720772,0.0879755171022905,0.103167462413172,0.017646223031355,0.0352072357076139,0.00283729328881046,0.0083341880755302,0.00626776032177957,0.00275786338141134,0.00627250578762913,0.00170516958138284,0.0226610420562012,0.0246707662009887,0.0134804646781049,0.000498733832557984,0.0147571538890406,0.00294408818633669,0.00269134339007297,0.00484043255210639,0.0496417019982229,0.0676845610722829,0.0327273299485169,0.0534252160183296,0.00566351618313538,0.0107961448085774,0.189792611863072,0.139627110884167,0.0633532124312198,0.0282815117027445,0.00627996075908677,0.0231146813733179,0.0218883401344443,0.0187270344024358,0.0059719241417294,0.00276542506287268,0.0197081969411279,0.00298905722544223,0.000742877094636229
42.25,0.137467353843345,0.0906800279543121,0.0112118559184667,0.0412500215501671,0.00276144049915202,0.0348206397435655,0.00624551330866002,0.0331861852348421,0.00280977834357906,0.0183810671684507,0.120680193923676,0.0311100475100675,0.0435320909859124,5.78462757970262,0.00562190097991503,0.00770188207031828,0.0437548112167547,0.00729411341810045,0.046044235626427,0.0377636729004232,0.0151963044824007,0.00577737433109562,0.0220008634757455,0.0379491935242817,0.0474069165631305,0.00845769857855684,0.00151722194077076,0.0459961343687665,0.117603303114867,0.052869360791813,0.0218998173738294,0.286522203532963,0.00233283691987805,0.00342857479166202,0.0228831695085092,0.028032626898289,0.00657744038489605,0.0290390835432984,0.0304339255931755,0.0118396466901301,0.00264146719193201,0.0232513196552586,0.00316080497023342,0.0251954273655157,0.0036404703794834,0.0371848915424378,0.0555477249532171,0.0125333505264926,0.0194359197896345,0.166146723388426,0.000590852643361913,0.0136773282128353,0.141140833221414,0.0701321152171891,0.0803468302909736,0.00923081924927885,0.0365724024277683,0.0752226140142959,0.00731054791330434,0.0016874810781765,0.00653677770128414,0.000142820299936787,0.0598584281108553,0.0135303267834115,0.0208950593245597
42.5,0.0837340479280877,0.00160169489399344,0.0362373860020402,0.0102836694348377,0.0291036434012416,0.0145428188139675,0.000699546677184629,0.0289245191550835,0.0101206351416996,0.0508868649150108,0.0808634381726829,0.00425701470381344,0.0103489169826336,0.439560866540591,0.00134666462986224,0.00133250085667758,0.00199050260494566,0.0138137234868563,0.0207178215868646,0.0109585105985765,0.029297224692704,0.0183073365760771,0.00252485780203198,0.00473696215488315,0.0444934626842983,0.00809420247901768,0.00202143065173929,0.0187160407993343,0.028656967085713,0.0116544757838346,0.00109702125891756,0.0158373525274973,0.0240797562401704,0.00727094455662248,0.0188237150938467,0.00516706986781932,0.00136784717387881,0.0111626825774555,0.0275309128126051,0.0136869355672575,0.0288268775718524,0.0155885702617497,0.00434182846684927,0.0126475332719831,0.00909992512426684,0.0435894829434898,0.0461710746511812,0.0111891279377867,0.0148570078181747,0.0309410720330085,0.000124370167917658,0.0163031798603564,0.126357345085723,0.0104644507885197,0.0437755371274116,0.00598661796376887,0.00506618693785332,0.0061801235399693,0.00023834878246435,0.0314780209998024,0.000988478138958975,0.024097199320299,0.00172225833799335,0.0274070670428805,0.0180692614161717
42.75,0.00108317119257568,0.0142303619868451,0.00462464075851658,0.0211844272314385,0.00244875931814739,0.017747203745364,0.00378970714349289,0.00486034376788607,0.00482311832707902,0.0192923607480371,0.00462489500381168,0.0165099049796748,0.00381982969817507,0.239489289301213,0.0019648478115813,0.0112376188372567,0.00528477778623802,0.0138619797698673,0.00348130505776587,0.00113684031920171,0.00171004273326656,0.0116028052581429,0.00390305639278023,0.0135144086248171,0.00321070498734351,0.00179922761822569,0.00165005209523049,0.011507319927341,0.0072801246187419,0.0783726339112607,0.0161007135470599,0.0059235551593981,0.00560467974192752,0.00585193116222609,0.00115600833604021,0.0211797294778424,0.00181359927795474,0.00070175785544684,0.00315677077084294,0.00651545725527419,0.0046002041978911,1.78406488578931e-05,0.000701859739882585,0.00739556892892528,0.00947914387238483,0.0427099425240114,0.00716736325074641,0.00264923416367918,0.000539362607399295,0.0132875750641293,0.00169608600840786,0.00604471748025458,0.00240956135838553,0.0189725908841099,0.00135926383632342,0.00824385684570877,0.00712412489969512,0.0230839405065533,0.00387829087509267,0.0180607203224149,0.00499516871790239,0.0421209790010798,0.00687206932858624,0.00816837279579101,0.00626484925142887
43,0.00570895391571885,0.0142683415905522,0.000787710503052743,0.0483909710421699,0.00807725845050549,0.00162743017431076,0.00559190871666676,0.00346361955848682,0.0168227157982348,0.0108845659357626,0.0481017412402179,0.0697154686401868,0.0277053468821572,1.56819257500758,0.031074994004855,0.0168050315703111,0.0166898228527826,0.024719938500046,0.019182080088699,0.0187481033930459,0.0232936793391012,0.0101759758368779,0.0100201547242363,0.00629156399858852,0.00937411069370044,0.032234171868309,0.0124559046350364,0.0010044787815697,0.0394754649519811,0.0231413109270974,0.0455824358791503,0.0415176584195501,0.0143681664368701,0.00617280886677721,0.0158379640564258,0.00530652971383972,0.00261655264496456,0.000893487734185102,0.00288743325096753,0.0515090549764288,0.00719910507115195,0.00326462332778387,0.00941744372642971,0.000780698338442967,0.010063054812022,0.00455430753295136,0.0101396772587272,0.0425767407275402,0.00867925908045384,0.00637948592156732,0.0179694485898435,0.00101200426062798,0.0356066052316351,0.0427257541254534,0.022005485527209,0.0892981881490514,0.0342651335329675,0.0656146119134472,0.0834294714010814,0.0187519536628962,0.0548104730512423,0.183595325931221,0.0127084734879307,0.00074182970206904,0.0294074345916061
43.25,0.154303167853309,0.0639611763271949,0.040148627123794,0.0142963917965011,0.0081892722970823,0.0354537062273166,0.0148648467758542,0.0458070346897431,0.0422883336635979,0.130466614327788,0.107427302456346,0.0992801696743402,0.0219402862485429,4.56298264627056,0.0391870426505689,0.033660562506461,0.0299701748710513,0.0131305784164052,0.00402302276617543,0.015984164615572,0.0134265765923803,0.00209427141611727,0.00849076247324104,0.00466448731474141,0.0336148999003036,0.0474657838676543,0.0115269332503647,0.0841415332817571,0.0703541889417122,0.16154773433441,0.03488034538392,0.0740760459136841,0.0188599412023463,0.00844867063258442,0.000782333596806537,0.000403311222488346,0.00654331059336763,0.0206169118883731,0.057149148310251,0.0166130775300776,0.0218818998980937,0.0137530411061601,0.00269260446330836,0.0321702922884872,0.0152228282480392,0.0468489642020943,0.0755114468212236,0.0485103207880612,0.0181628293419891,0.253488593756282,0.0216427682942916,0.0323756260793891,0.211124226601448,0.0868981697182681,0.0489037290190541,0.0399813647935531,0.0228227481041033,0.061473761463444,0.0344951265132334,0.0957213907278545,0.054068966088805,0.254490952702329,0.00845274058611472,0.0330382433166154,0.0114181047068975
43.5,0.125334694091911,0.132952715717447,0.0303527801540847,0.115253434822224,0.0351832561337385,0.00234097795706806,0.0854640511674702,0.0233862289312321,0.127766865042856,0.0213396580826159,0.114059159129765,0.0699266093402638,0.00616388093509021,2.65561923053096,0.0568881790078111,0.0523856398074162,0.0383602205279027,0.0136202903567119,0.0227239989145342,0.0746014782801981,0.000285468399656459,0.00719785398223435,0.0456515467079689,0.0389860557173981,0.0152741184307026,0.0110086897446021,0.0366822525751365,0.0120416642782441,0.0320186727417691,0.0794808376068593,0.0408816591761335,0.11728124997752,0.0129185081588066,0.0333182442840971,0.0270310818578308,0.00686135263323642,0.0924890147841866,0.0503275185757566,0.051636994984501,0.063190818259743,0.000347668235388866,0.00504793534325238,0.0698759712468746,0.0222081091632421,0.181134040494408,0.0478669377371742,0.043966757796591,0.074183691969726,0.0101074341386443,0.0366165047011987,0.0961366400260753,0.0208487349796975,0.120784851425535,0.118806198599015,0.0282469252656715,0.0119978772743235,0.00443116225684714,0.0350999862979897,0.120788538213922,0.0247576241733223,0.00264383959249835,0.138945920067882,0.0398940481381458,0.108983875718505,0.00220133611418049
43.75,0.118593732918993,0.0079995915319965,0.0256351917822919,0.00943314894034299,0.00508809680687709,0.000168181294702599,0.0266375649990549,0.0561668782990905,0.0317700299128291,0.0157616620249843,0.151188538240009,0.0057730082333358,0.0231657112768621,0.256460007380691,0.0167431011352548,0.0619385546665737,0.02558473929654,0.021814252837268,0.00263635327448171,0.0256335596566041,0.011163988426663,0.0152885261706907,0.00294565916408344,0.00718795124041825,0.0322780652408637,0.00472010540086105,0.0150785967591872,0.0258652830232908,0.138398475378389,0.043182763623184,0.00879960407629324,0.00465800042885288,0.0149179204916339,0.0103944214201676,0.0007725417295888,0.00986396741943058,0.022889283941633,0.0264444562143387,0.043654869002301,0.00256518931725828,0.00680134289058264,0.00107443885581944,0.00739658455836916,0.0174089719767522,0.0320121480605988,0.0567060419691572,0.0746930708602868,0.00832283846729438,0.0074331828906752,0.0292985126018908,0.017901866680052,0.0454970199680489,0.12004580716488,0.000238902513222726,0.0611839744383719,0.00697617864264754,0.00722650159217808,0.0148369025951386,0.0445812065133514,0.0407458484991985,0.00642271510853677,0.115567236686692,0.0179967085015509,0.0570973439031144,0.016678125821533
44,0.109068920105403,0.0275555259510783,0.0450176963071383,0.0274258298948797,0.000956830318821404,0.0427344148042104,0.0101725692530164,0.0710002177403455,0.00790810580243963,0.0204245881614138,0.193788312282272,0.00784654783301053,0.0640879156561511,1.87482841800605,0.012325423369543,0.0462815501214895,0.0461491823251096,0.0173817623479841,0.0170246535610112,0.0443046477365782,0.0100077715195319,0.00332936498636582,0.0233464891821044,0.0783308085080197,0.0754813916204606,0.0342469772190366,0.00471207127811527,0.0489729189606801,0.126735895005306,0.0319762143239819,0.0457347422642802,0.0633609354573718,0.0243675615888014,0.0111275737419253,0.00629924945896427,0.0294257101387932,0.0368901339815402,0.0783486260467074,0.0589629933843626,0.0147012285293398,0.0290245884575329,0.00573364116753984,0.0118479576117022,0.0715872589533167,0.0166267655938007,0.0578392676402021,0.122010569399284,0.00855554257991203,0.0244533973821323,0.0495053040094856,0.00118852298979083,0.0724684958823014,0.190161468886878,0.00727451621593427,0.106145435227238,0.0424657442279248,0.0671593246046476,0.0739182634738922,0.0057626813066433,0.0417827798346843,0.0359239487125595,0.000206597419498413,0.0512875932074258,0.050487476237464,0.00693020135087683
44.25,0.0952036833323438,0.0216522066167574,0.0384048146935939,0.0245490707111618,0.0136521593503797,0.00428092319273334,0.00817869010196897,0.00592000927666071,0.0278353645906392,0.0325956178825214,0.1065628273163,0.0424648074851408,0.00565086944385941,2.184861032005,0.00966792593257212,0.0332633530282883,0.0105614901744186,0.00473360347842757,0.00507584361076542,0.0181998496491218,0.0129342028985953,0.00559545347850603,0.0118246956185341,0.00184159882190098,0.0479240404780827,0.0191728731849107,0.00210237860854334,0.00368726977391183,0.0313483644743402,0.00756416039412596,0.00946298291369546,0.04498100433675,0.0189197210344075,0.00720664586014831,0.0174365637465605,0.00329958604272653,0.00821746917165825,0.00371637658260262,0.0438524263124186,0.00878070298158195,0.0403055368342649,0.023988852289426,0.00587459890710718,0.000883332876742947,0.0246653486243934,0.0146581820178055,0.0707289237496331,0.0223744142663453,0.00710391479210262,0.0230635831725934,0.00572786132164655,0.0149420413369984,0.139877816924994,0.0307738231794314,0.0435441387113516,0.0163013811764683,0.00351896935037714,0.00702743299162907,0.0127005601095447,0.0453896237885623,0.0162107737088448,0.0659489716436578,0.00436669943587137,0.0116956305431141,0.00222622497401264
44.5,0.0106439626280524,0.00700347423066536,0.00116656871516833,0.00960845616009444,0.00223909621038081,0.00851427145757445,0.00103249129905581,0.00429844496518635,0.0175654767286662,0.0176040872817464,0.026633591934188,0.0273828229302966,0.00329882115451668,0.370975688409964,0.00652781973059226,0.00806978570820979,0.00853470305689336,0.00269693077532071,0.000815955229743306,0.00077200647046117,0.00188237870566225,0.00764474974867854,0.000437391876791197,0.00166622352261668,0.00546879114752995,0.0129048596830115,0.00165886141758971,0.000765450680545052,0.0107263332355734,0.0207282424900618,0.0133459903069479,0.0149844281508811,0.00206691664246832,0.012101306486045,0.00317337843314852,0.00160287067927267,2.26664808679831e-05,0.00367197987497212,0.00205556327525284,0.0223607791883754,0.00105476970213464,0.015413068083076,0.00095113819071292,0.00195724809392518,0.00218124833714813,0.0188788797937381,0.0184488474986165,0.00743212452091291,0.00146739260413118,0.000459783942019129,0.00096402245273866,0.00105016251312298,0.0336921370675953,0.00950422791587304,0.00711322373091561,0.0438534075811279,0.0232439159839463,0.168292575941227,0.0184243838034545,0.00820628643245887,0.0445755640193835,0.103108051460439,0.00281069979098993,0.00381035790195633,0.00307211952566318
44.75,0.000364867559966861,0.0340347913983507,0.00667269116765453,0.00246371784138397,0.00488330727289412,0.0221213873074597,0.00354984476061014,0.050019883946132,0.0382782913261473,0.0528048564161814,0.0261073354652165,0.0381690506793624,0.00768848006280221,4.62698732837539,0.0124807281268748,0.0221285035916792,0.0183898374110802,0.00855743193640024,0.0084547544340176,0.00411003938169702,0.0117072891219763,0.00883119487235477,0.00368635368041442,0.0183056325026226,0.00301363736380815,0.00476341934851594,0.00434818554136937,0.0557995875279782,0.024369215346202,0.00513714295491197,0.00538062708178584,0.091606333253228,0.00414623254575396,0.00590397062471513,0.00303263062720161,0.0132594199241059,0.00369426413697817,0.0171387490842688,0.00107747478424866,0.032891078033443,0.0029268275947731,0.00404219379771921,0.00303458892047302,0.0268322147324987,0.0199013434823335,0.0249060357987829,0.00653962200819057,0.0177920115032537,0.0159433555377012,0.111810305328459,0.00771217618635363,0.0290665174884392,0.0324620484934579,0.0511971060403436,0.0103336565354326,0.0101233104695399,0.00158055201763235,0.0478057231385695,0.0299595859924733,0.0286915603671043,0.0196632082216949,0.0298462319446015,0.0142398114203624,0.0181550869723355,0.014428288281208
45,0.0348813264211009,0.0550379496110501,0.0191121713793895,0.0225051732083685,0.00478114001134051,0.0167072756477723,0.000588021696208412,0.00289001877616912,0.0113127793576059,0.0144233165749055,0.0406441909916836,0.133164278215528,0.0089158268801442,0.73730645719819,0.00377123402451848,0.00132981593167981,0.00414223129686253,0.000148431548061506,0.00228117256942828,0.00364675660118575,0.0112796104282468,0.000978878451540752,0.00332437700228074,0.0094267793607656,0.0258916858600282,0.0321364352105521,0.00124007838433356,0.00826001614509476,0.0166497633100929,0.0704008622060383,0.0237058235891466,0.00391988568257487,0.00453524500623211,0.00142753179297789,0.00643598868806088,0.0132451582737931,0.00834100176005776,0.00123183954813121,0.00851793027319127,0.0110673928776891,0.0181941167131014,0.0257813658857253,0.0023163988904328,0.0037396422693564,0.00446533589737633,0.014164410358058,0.0339198609347001,0.0635843890081182,0.00880147148359393,0.0498381985271215,0.00123578054103209,0.00607853017404713,0.0509995612687731,0.117327610951825,0.0298182103068827,0.0456857236275543,0.00244048052943506,0.00454943564281994,0.00306509770932887,0.00238939441306476,0.00984916948989214,0.0520599179698223,0.0189592333497399,0.000886157027065371,0.00171519807660876
45.25,4.9420969131374e-05,0.0229208450373417,0.00258473681481744,0.000867381254370173,0.00574447230194469,0.00622832954085923,0.00284056916273838,0.017591895713948,0.00805824935792306,0.0326218210646469,0.0353313537021652,0.0369019049329646,0.015249348852287,3.22707110974156,0.0208170240888915,0.0373834638191088,0.0012365319411952,0.000950046695841527,0.0108174362405923,0.00185255186702701,0.00107899241386807,0.00113400366770866,0.00331792700144153,0.00485367159653768,0.018897643047253,0.010726942114561,0.00579501042403106,0.0166529742052161,0.0470958461038229,0.122894997923294,0.0234795622241757,0.0478465139708406,0.000876664886423744,0.00464262945241745,0.00641787377516076,0.00687347154565013,0.00354217227094259,0.0150125049519937,0.000519593685115986,0.022244578094416,0.00324645075459521,0.00461894120865185,0.00804152501315072,0.0111659147148598,0.00254379553672231,0.0108631249410034,0.00935315382878774,0.0178530825409545,0.0125080888665689,0.0949380781078848,0.00678528586916109,0.0235937366484101,0.0260195917702396,0.0321104931808137,0.0277879348668818,0.00761633612594727,0.0068745781241674,0.0993835806182874,0.0249054053284085,0.0480499827784411,0.0240975218732688,0.270093714218072,0.00652433749232491,0.00747400348514613,0.00130609486805394
45.5,0.0174926979453671,0.0142539018412257,0.00241062043440528,0.0191990849737204,0.00123438399673258,0.0203067807480254,0.00936181582615195,0.032571225536186,0.0177804920144848,0.112506322066315,0.0142830797530182,0.0336943365731046,0.00286634011016872,1.6864561479575,0.00347849442437861,0.00787239854965001,0.00124841691827574,0.00487767839394736,0.0102154794043455,0.0701356156377484,0.00106227102004901,0.00881085304448113,0.0232481272498761,0.0436368030845665,0.00892553774561387,0.032640772464037,0.00139269518566455,0.0119299414656948,0.0096211619618674,0.0204390836239396,0.00308818358476924,0.0592493608524293,0.0030012228491398,0.00952589362649357,0.0111367350376766,0.0192969857553389,0.0293153175876001,0.0445587323876641,0.00422639360628705,0.0319001757622357,0.000997216188033848,0.0189074569000093,0.00241437410353061,0.0163637260312151,0.0205411206567761,0.0930520749900472,0.0205900846124682,0.033347712684199,0.00377535703303712,0.0560049518819284,0.0031579717943982,0.0149485738942928,0.0348114038793291,0.0240396666462158,0.00493571535351777,0.0300200387461629,0.0273183350089824,0.0495793701460251,0.00241699289223962,0.070628930572781,0.00261168830433749,0.00891491758907378,0.0393721700075146,0.0668590128600308,0.00494993322960601
45.75,0.046173971296646,0.0876035601551818,0.00587386745433288,0.0124486519912875,0.000770571201290026,0.00103989840140776,0.00526404288215705,0.00576965852793092,0.00534251226926262,0.0301227083616567,0.105457596747164,0.0592438580622531,0.0178565265221344,1.72262453685698,0.00201485961127719,0.00669354824599727,0.0404894775965068,0.00141957145349102,0.0268356453066083,0.00650247370602451,0.00160288888174598,0.0083106677591662,0.00434367351405447,0.00778194179931384,0.0292088889971826,0.00567540433138184,0.000648631089691017,0.014317937283794,0.0662674574555173,0.0261071279951276,0.00191904432136338,0.0865920942433206,0.00639643443520891,0.00501910437805049,0.00507888435652346,0.0110928628162656,0.00607538585982925,0.00442365398227179,0.0194378874259905,0.0320456506761735,0.0020419313239041,0.00338447022479989,0.000941362127062358,0.00231591906873212,0.0069025659230628,0.0156849510888388,0.0351120094731237,0.0285282827305755,0.0153621688364378,0.0325818032898435,0.00266167594280977,0.0092660827106277,0.115117283522769,0.0766324808055253,0.0431363537222867,0.00164521804579706,0.000836537074142229,0.0443657422912438,0.00733120356753743,0.0102690797460324,0.00492129672955968,0.000737008692521817,0.00298587039422441,0.00425936632888422,0.00736303101308464
46,0.00784106262542622,0.0693917368265919,0.0025190305827364,0.0496508814424116,0.00217160231907807,0.038808013386147,0.00139300465634677,0.000139897927688342,0.00887191631912094,0.0521755473711514,0.00422966327610329,0.0746372986019779,0.00328166587972683,1.77179311188631,0.0130532986833838,0.0328949692270469,0.0172168273283668,0.00265645443956423,0.00260885640159807,0.00292165678317901,0.00176621402464333,0.00997119198296719,0.00362533396085148,0.00574035420727457,0.0055524155632429,0.0241197823315146,0.000494095535234208,0.0158880756644968,0.00355801019098234,0.0951912012594336,0.0063757576941133,0.0898009322425892,0.00316385314473669,0.0124732477649104,0.00164198516418459,0.0156985166779498,8.96147749593734e-05,0.00127967458028058,0.00906747988212717,0.0439244122444859,0.000513273385138552,0.0286858944081262,0.00117631787071473,0.00879896883409451,0.00180729724351607,0.00528663104083943,0.0051042206299169,0.0710337359006251,0.00204739860376019,0.0972202724036178,0.00199960763252001,0.00351753283514745,0.00512120425681672,0.0974965887428415,0.00161340286754285,0.0260651200257773,0.00630587321370896,0.0248385114879489,0.00944908756995252,0.0450891999588216,0.0376145665903733,0.328492491594479,0.000863548732043687,0.00243164683970804,0.00158301316568062
46.25,0.0163355616773477,0.00857421828431474,0.0140803400291304,0.00399353365569366,0.00510908360270244,0.0172209083727534,0.0273830536267187,0.000270109009746308,0.0207266324141692,0.0135856398673405,0.0171488494216399,0.011877377222188,0.00156568910678078,0.498745398668256,0.0391802484463965,0.00930909567872319,0.0160922438544939,0.00256280512530865,0.0208769194320191,0.0112659409084245,0.000455873798959646,0.00658877831432164,0.0231684947809743,0.0110750061029509,0.0161976996288189,0.0119628143132905,0.0102096029702216,0.00905199003916323,0.0117206796413296,0.0839344768344269,0.0075266431056343,0.0415731852183739,0.00723957856615048,0.00288181130444301,0.00216071313000683,0.0120016246208472,0.0182469069212474,0.0110285642156682,0.015258672500864,0.00145357890693135,0.000854645598648596,0.0115544519481396,0.0175774758818323,0.00991616369803285,0.018240093760931,0.0240186359209607,0.0211946389126445,0.00303254487185264,0.000160820044117377,0.0327677368721398,0.0227521355749114,0.00503312865734627,0.0242138397511878,0.00544529574654153,0.00871301943466938,0.020531674727811,0.00788258589867197,0.0100057904329087,0.0577132473382349,0.0114438280634135,0.0135441951735303,0.00419973427140601,0.012998419654652,0.0297044782418017,0.00165971763778468
46.5,0.0844544839927246,0.0241408284824797,0.00821046380003174,0.0408953268776737,0.013385827663065,0.00586899390061169,0.00543253438064819,0.0103564562927377,0.0129842345911477,0.000392919630431073,0.108741687036222,0.0790899979180836,0.0112449520978287,0.819163538910815,0.0211209011356147,0.00444383403265866,0.00344839293987362,0.00187879453157119,0.0203800724726671,0.0119916213568623,0.00869434485513072,0.00389993452906248,0.0042691425392133,0.00739540843319197,0.0305421895413041,0.0232991750913754,0.0182715362591678,0.00857688695626665,0.0545877297613674,0.0430961822411142,0.00426022188195828,0.0480628671378205,0.000226236968409884,0.00519911886308497,0.00708301684009557,0.0105070481089712,0.00316288527228671,0.0104318726252639,0.0179856126215893,0.110976178226393,0.00608313328326397,0.00379924592233995,0.0133618738105785,0.00556674235423719,0.000115055121199849,0.00302394852876126,0.046072837732531,0.054717248726158,0.0120543708918131,0.0050593225085124,0.0101746001321602,0.00802308585913427,0.139547065776583,0.0705130245195714,0.029883726967182,0.0400679914122478,0.00960587160336102,0.0825974432789851,0.0193056132511065,0.00109917532689573,0.0174736053323376,0.0441526648948781,0.00114679865723104,0.00305685785347101,0.00530531942902135
46.75,0.0123177242413853,0.00387740642065713,0.0134706259962656,0.00181824587790947,0.0128451533710082,0.00648799743276803,0.000384524678102087,0.00737680497976243,0.00368167506183457,0.0102601747255762,0.0326643523620044,0.00558697605046003,0.0092775898904349,0.581716635829185,0.00232048499193567,0.0174769767386109,0.0138864733858173,0.0011282719157349,0.00182407222767135,0.000721236973327796,0.00289112529739561,0.000664422598997946,0.000929407459818841,0.00739186409778268,0.0287948494086554,0.000456607224075442,0.00408479496295731,0.00704320131927136,0.0101705226485016,0.00119693799795335,0.00601756965362388,0.0168075709944182,0.00495315164848923,0.00033946096248082,0.000642651898992425,0.00964077660656616,0.000350313838138694,0.00254196840871844,0.00896150539317632,0.00099052148514146,0.0151777356628839,0.00196086239692724,0.00525096061205436,0.0060208750148414,0.000181905498957191,0.00901067645258573,0.0227801247164698,0.00358450315226463,0.0113473657791421,0.0195785674855917,0.00180151593218868,0.00353971603633179,0.0276703162709396,0.00432190608631363,0.0206723359380374,0.00123059357924557,0.00129918788836204,0.0819171355285581,0.00331048582580214,0.01995819773868,0.0308982649812854,0.152570365274352,0.00626185648709077,0.00412152868817098,0.0007693172793382
47,0.00988864434133817,0.0187127220618172,0.00656164296843422,0.0350630039471559,0.0100215425043011,0.0149596854036417,0.00563158303963438,0.0115083846442571,0.0050167135544154,0.00553018878561579,0.0159779489594283,0.0194264512940414,0.011803635642201,2.04315305620188,0.0276393041967311,0.0182992706242763,0.00177343950585392,0.00728042387960565,0.0152556714720757,0.0146140067071372,0.0251934256804897,0.00612892045846291,0.00281259546278727,0.0210869387355379,0.00124789391981983,0.0106540902258194,0.0147872911589307,0.0189087184069231,0.021046454152031,0.0233883189023645,0.0223862494234636,0.0389276258938888,0.00718305235076248,0.00497010650086618,0.00851519862750179,0.0134567102579625,0.00432058931014114,0.0230869345424914,0.00373445715575461,0.00869457865238402,0.00297727702517317,0.00513536462271756,0.00692410053329837,0.0188813094759653,0.0042489077728202,0.00940810918790849,0.00978685269603097,0.0203064348457343,0.00503316048501386,0.0629062422000223,0.0136440629782498,0.0101735553385817,0.0391078158141146,0.0263392958641222,0.00704852313250033,0.0211702946819582,0.00309914000009963,0.0525382755591799,0.0250839818967835,0.00706034176056925,0.017938040835485,0.0401564476093425,0.0112644780866235,0.00961072653306129,0.0186162055345316
47.25,0.0115462797471908,0.00562127578023515,0.00376173814659041,0.0138618259472297,0.001397404235026,0.0452226100829235,0.00438681460721704,0.0327159651181239,0.0218062673881522,0.100078620994589,0.0614142648561455,0.0137820994534219,0.0180614560605184,3.25914630184211,0.000313815273820016,0.0140401394273343,0.018459923438014,0.00623998901407605,0.00965016644688174,0.00688702235244408,0.00349742536651965,0.0163468544136385,0.00306625278132487,0.00868439399080533,0.0188158567135194,0.040572419692734,0.00153724153021263,0.052190380245119,0.0562450397479266,0.0363715265306954,0.00144112869387981,0.06774231184139,0.00585308020355345,0.0147693336241058,0.00375381063839811,0.00945089386020786,0.0051818196491856,0.0176809052522324,0.00458158847728365,0.00926794628328621,0.0150213863979851,0.0340734602074612,0.00321756342514599,0.0256112785712654,0.0137705960206556,0.0573217770362416,0.0229339859169295,0.018260090571844,0.0106630315456293,0.196702705637295,0.00330268388432903,0.0308309116017178,0.0448181648996306,0.00958560525121159,0.0388779511069345,0.0578470708221433,0.0232393332024166,0.064213791053218,0.00483235058798678,0.0550024898596279,0.00461255016226545,0.0106778607652322,0.000295664169131737,0.015455767875457,0.0105515321813604
47.5,0.0612730832944539,0.0314382287210661,0.00105035653167091,0.115262308662278,0.00944035056606387,0.0158765436854737,0.00674855516232292,0.00777104993893602,0.0168938570442133,0.00259574618426563,0.162789827143418,0.0544082485898037,0.0566191510440423,0.625265259724893,0.0142293450762446,0.00652001649179664,0.00572211909997517,0.00419429535261957,0.00251207457058731,0.004752029184473,0.00056102171152841,0.00711187672983179,5.46102186627726e-05,0.00187282303749349,0.0535329928483516,0.0442428801077846,0.0272852613150748,0.0337322160634419,0.162911019655262,0.0332266925627882,0.0501576356271571,0.042473875424333,0.00289374337171651,0.0257938850906478,0.00211990039393212,0.00789333305296164,0.00155126034406829,0.0014056910171229,0.00462878847137746,0.0321114403388975,0.00170026474249619,0.0140864254316377,0.00995438290196213,0.0178480831052833,0.00411253998200077,0.00872867578578923,0.0756286325861516,0.0434378322917292,0.0244369691791033,0.0469194583843349,0.00888894424502677,0.00331264514218543,0.143660060136645,0.0539348109181232,0.0862942087007424,0.0608729871384923,0.0276727411416252,0.0136505356926574,0.0160307281582489,0.00154569912113283,0.0205882816024341,0.0691957100756579,0.000196262386952749,0.000450655154162703,0.00661769038769426
47.75,0.110538141513213,0.00936084371376571,0.0235580084075881,0.0509539244701844,0.00824382373404845,0.0704574748373619,0.0167019620798089,0.072218395252483,0.0214591684134848,0.092459354977337,0.120531766725229,0.00377332084141118,0.0331582997318548,6.83114794990065,0.00457041943251112,0.0995906280000529,0.00302369484141804,0.00279663687767319,0.0316798067140566,0.0301555587027206,0.00258504169383494,0.0158442911327558,0.0310505208241552,0.0413192685811251,0.0624048194861517,0.00374341251769768,0.00465334757466138,0.131172810018845,0.114450901940509,0.0465661497854081,0.0028200936727245,0.166453169314989,0.00128411666423055,0.000468106961276195,0.0131011356104157,0.0342366680881744,0.0209835179805383,0.0375167425344545,0.0264142737306712,0.00413597960424993,0.00288008174065998,0.0106392385617622,0.0159647670003067,0.0865267137890056,0.0172994087978148,0.0531612688638928,0.086070458727172,0.0156926928604959,0.0220564751618644,0.252945061116948,0.0120818493200098,0.0893462642944674,0.151821226425199,0.00439137869390554,0.0780727330463252,0.00340356324902029,0.00564110925428852,0.0634913815539589,0.0128388219746488,0.107821714270469,0.010165780536461,0.108554404345394,0.0171815151112383,0.0162806728665741,0.00750476817282146
48,0.14735540313517,0.011819839003233,0.00244056835722949,0.0260965073453159,0.00615784822061708,0.0567844485192242,0.00868689959647311,0.0311687602390225,0.00615323524808878,0.00532869095663608,0.128684497410449,0.00161328639165363,0.000398558862479934,4.75452044932617,0.00332488973554468,0.00561944604128827,0.00265248950873102,0.00275674108381784,0.0266587999735581,0.0155147844024951,0.00518947983917814,0.0162956183524347,0.0243794210191107,0.0257161646277514,0.00500905509439734,0.0156387720955098,0.00635517654188477,0.0920198376200772,0.0857537759175131,0.0778104913315368,0.0177396953575652,0.0460807532829222,0.000935822666761093,0.00581527853067857,0.0134790542989314,0.0262095151599369,0.0139506519576593,0.0284328604720733,0.0203890091875045,0.00278779581582813,5.85721159377902e-05,0.0178252039208683,0.00764816294519162,0.0509752977527392,0.00478336136826463,0.0236790530229859,0.0591459640827458,0.00444508651328986,0.00113010989111619,0.233774858036303,0.010945187053162,0.00759895671923431,0.241800296940723,0.00304061224491558,0.0158977937431925,0.00149346306614525,0.0178513208100779,0.0243348988946786,0.00326923293398551,0.00834066464666577,0.000714963712832564,0.0199043258351346,0.0191593637203508,0.00400317642637474,0.0121115294397555
48.25,0.0722334064697134,0.0046262848515707,0.00290446383529393,0.00594561567437763,0.0143606357981604,0.0120091956645683,0.000948785048687902,0.0101100530537437,5.66818560020604e-05,0.00990433323469169,0.0194978547807419,0.000740653757290186,0.0105550605389376,0.729800030002501,0.003845451751917,0.0116999949606238,0.000863637175369659,0.000300087730485896,0.00162493282473027,0.00170978824411793,0.00281564882159896,0.00506395138281372,0.0032644926192426,0.00105890838791277,0.00316911813583452,0.0023274325009977,0.00808652246605094,0.0273461304846918,0.00604400976021471,0.014994552953351,0.0162560307839691,0.0310108654568523,0.000334880731864208,0.000411777356265451,0.00577142233170774,0.00605417532479812,2.04559425203486e-05,0.00882243188576914,0.0111386807343804,0.00332601315327074,0.00543242530261138,0.00844800214238484,0.00325385061478994,0.0168256182368827,0.000480372855505201,0.0312598211507277,0.0103894304356717,0.000255423458934277,0.00824609231381417,0.0473753757111846,0.000179591880950758,0.0170359053947195,0.0266463527309213,0.00127852169737374,0.00757647297288247,0.00296134412207951,0.0124473734019886,0.000332881998306365,0.000125078367858547,0.0087177720008932,0.00184162973974691,0.0171470023593504,0.00155429459806688,0.00162344931105432,0.00114899873220009
48.5,0.00682418580646923,0.0037955010848742,0.0049087889926458,0.00171521836223127,0.0173002611043576,0.00358249999729071,0.000145948814006089,0.00220214930841677,0.000504231406786537,0.0108993982699347,0.00517280911638834,0.00917012228511085,0.016817180535893,0.171036038946501,0.00752530571532862,0.0191625897674876,0.0331424713947227,0.00395338125230454,0.00235297087575419,0.00163533406239896,0.0111149189485236,0.00219276507865234,0.00496254057191593,0.00157309158348415,0.0143253743443118,0.00498310703294782,0.00141757149833442,0.00175739010629344,0.0189010862807888,0.00663588596832631,0.00757270242934575,0.0182610480066232,0.00566670195564627,0.00266539236381723,0.0187481325502545,0.00673110132055525,0.00254560437085926,0.000596651962650465,0.0063285725606333,0.041571219353408,0.0131562793159092,5.98551833313368e-05,0.00527260130847738,0.000546249295365645,0.00175645749401959,0.00137870995195268,0.00164569175162944,0.0054121020859609,0.0225838208012938,0.000700901177342292,0.000277026380691258,0.00324448562260549,0.00146489679687088,0.00514373462163363,0.0106893723519955,0.0250921057640335,0.010952206764296,0.00802131488488208,0.00763469781645027,0.0113823153199064,0.00226210470459611,0.0480980661755802,0.00612751921127097,0.00246872632673638,0.00746863345496728
48.75,0.0492361857143428,0.00192880003553718,0.0126937935124433,0.00391098280373421,0.00629518298132509,0.0127987722686375,0.00334307056421505,0.0308271310374129,0.00543804309367923,0.0106005644341602,0.0598499214248085,0.00144913172516108,0.00875533726958715,0.23387560908054,0.00348868455671353,0.0333055437509453,0.0205294580819316,0.00301672275840534,0.00216521805786575,0.0290930178858486,0.00643167500212853,0.000762891495648734,0.00295820412453682,0.00871415916887036,0.0228443898779205,0.00472097410155595,0.00449607831608869,0.0222243443699945,0.0312284193159623,0.00191990311013142,0.0105737135841235,0.0025009541727743,0.0150230153716027,0.00179234166850096,0.00423037861462086,0.000472465853164879,0.00534416077140919,0.0232524332666777,0.0200637968188955,0.0046862651878534,0.0132264146904814,0.00179326896338465,0.0107180405632299,0.0202494830572332,0.00142727229383637,0.0654881649976911,0.0235367938398154,0.00240676530934531,0.00302857377764912,0.0271443802511337,0.00776837678001828,0.0332423602019336,0.0719211630577821,0.00299118773429943,0.032777157306223,0.00497606817994314,0.00571960081470667,0.0158626611683466,0.00507228378319449,0.0240640997188412,0.000507563326676639,0.0249424928910161,0.000759747563806588,0.018349881817777,0.0016295654301778
49,0.122647200999508,0.0240931641094008,0.0140687371236493,0.00353765458226579,0.00254461087058507,0.00965320846398683,0.00225739648104106,0.00572570146431923,0.0248394836452736,0.0459558056941464,0.0981173686642427,0.00715657375180323,0.000778126121546173,0.789689253206705,0.00989786573228083,0.0333061905330414,0.0246921875753059,0.00428006898882608,0.00190433651190692,0.000277488693998905,0.00693431676988266,0.00157961707133071,0.000525868010872341,0.00108708925694115,0.00674187649542713,0.00279574812496652,0.000705101908985399,0.0118026160830585,0.0210732820691601,0.00202479750499182,0.00062395802234349,0.0211228188408212,0.0137930942764286,0.00229015376789514,0.00103602127236953,0.0015744433435826,2.22847326051774e-05,0.000443425855191666,0.0396101867982241,0.0206700392252215,0.00125064300735673,0.00193705997368905,0.00366616495145303,0.00772954604640901,0.00284661480010484,0.0293474619163658,0.0447370447041164,0.0092547017443411,0.000615184022117007,0.0315542187788929,0.00516155123099075,0.0169340253250031,0.144717192779539,0.0124785169442677,0.0100292642822697,0.00257510402337322,0.00259612788020948,0.00663965397262994,0.0179304156614211,0.0399548324515119,0.022697708320658,0.10250118227723,0.00204111149084929,0.006899772296391,0.00687056403406765
49.25,0.0328608550096948,0.0168594780360174,0.00603251430004267,0.00632746993759919,0.00351386240303706,0.0338454420374895,0.00122921388499462,0.00155141399283405,0.00331934711657733,0.0090723250927022,0.034589270131765,0.0395470830369911,0.00656166437767593,1.05807132670574,0.0113862303728475,0.01263596025227,0.00342913928267228,0.000488888804263971,0.00344697694532736,0.00487668464269175,0.00151158824675362,0.00365096019282696,0.0092555431988321,0.00640682621686855,0.00265926888759237,0.0336854098872612,0.00451835960577058,0.0124713762866076,0.0146073813905667,0.0114336158130042,0.0128374336858237,0.0300532879191301,0.000432120428161301,0.00162884620012418,0.00500212384412651,0.0104639123082898,0.00274184973802064,0.00701250858389878,0.00569205299921454,0.00648499506717022,0.000282136932357007,0.0247903760385626,0.0134924354202049,0.0068729474432646,0.00124009291199656,0.000971408090483694,0.00776362055713064,0.0209410239220153,0.000805792365728973,0.0735944903055373,0.00565456958524176,0.00588448268798037,0.0611854071188668,0.0302501176604377,0.0129544520885121,0.0180254416435777,0.0138073440112658,0.00281240338843976,0.00189268308730872,0.0099696008519037,0.00575452007286358,0.0370414077182008,0.00783126851113271,0.000964962881083196,0.0025846420111598
49.5,0.0310409855926949,0.0222756163388416,0.000367962750973963,0.0574535508261848,0.000838773429966137,0.0270107165481809,0.000385027652528043,0.012157179402618,0.00174337999858723,0.0222110253874787,0.0423604954608778,0.032658650001371,0.0200744852318077,1.06337760157676,0.00550665975664662,0.0125458367698767,0.00535680289731983,0.000689523667143456,0.00376115485256126,0.00372252470670739,0.000538733903587457,0.0106918190556989,0.00168437347362511,0.00831822692462566,0.0177420276925097,0.0396601855905998,0.0029277445491749,0.0242871808502122,0.0293279967620856,0.0490490810262246,0.0200014184007182,0.00391488279592051,0.000886625373065022,0.00340227351139539,0.000455812146969174,0.0138558172856092,0.000237204020997307,0.00289170744987523,0.00157198847554986,0.0575605430692858,0.00323500001660072,0.0163495405618612,0.000256206239733507,0.017645136007301,0.00102737221042987,0.00720542621357466,0.0149588049399458,0.0469092877105143,0.00827445283953796,0.0818700655196116,0.000549752713298161,0.0204769623599595,0.0421964206066029,0.0467742328503433,0.0274969779380983,0.033250137531111,0.00289199245533692,0.0230659091613254,0.00723090084497213,0.0297209161649365,0.00869958758542427,0.0707402075432799,0.00302603286366632,0.00135491645872006,0.00197503440400667
49.75,0.0931366508872534,0.0304196338287878,0.0302720870006765,0.0128834118761366,0.000390673228215597,0.0165512617700486,0.00742941804792732,0.00247099134780489,0.00574921290461335,0.0167858762251558,0.0646628653489579,0.0853581666559211,0.0131118071599925,0.619761911144685,0.0103970262910261,0.00111526064083649,0.0175175508104611,0.00164849530983799,0.00184996125423945,2.38889314809468e-05,0.0127477839604709,0.00147664450746041,0.00147180758607453,0.00312267701428525,0.0187282762945394,0.0489855782593338,0.00308967846620789,0.0121736173485167,0.0333028999700142,0.0790680998990213,0.0115102113729527,0.0347466964319529,0.00690930384511986,0.00344424105659078,0.00355977971966504,0.000326076197021947,0.00140760732107485,0.000336400811572476,0.0312067320312111,0.00507331668329848,0.0092740184984945,0.0134344495649078,0.00036764380223901,0.00591519042750203,0.00392006460481289,0.00536009813659063,0.0604595056120146,0.0555628188461477,0.00456747032661828,0.0759109916269831,0.00634489415629307,0.000238551324519874,0.132040987469661,0.0717435909554211,0.0136508811666223,0.10584790932193,0.00424681512238643,0.0047071011582268,0.0185074065166563,0.0160292131933749,0.00917367423162678,0.0669623319041634,0.000964589325182611,0.000252228706101921,0.00320989910607603
50,0.076510065597396,0.0477165561242281,0.00978364591376506,0.0478471656901259,0.00500240594922976,0.00647178012184556,0.00942198335775733,0.00209508804848508,0.0224694402923503,0.0060174106521789,0.0702595905236149,0.09175658168352,0.0497861845640251,1.01131308378632,0.0475097704221143,0.00840245454308197,0.0182141207686849,0.0142970532419866,0.0116136107127789,0.0003707221839309,0.0078943640536854,0.0127772315311825,0.00270872904075919,0.00165370783913742,0.0228827984681765,0.0560560612905406,0.0188765182154244,0.00581306411906964,0.0614552199417924,0.0544102441312024,0.0737793412181213,0.0105915981277811,0.00629841550168561,0.0248072243789683,0.0054654904402463,0.00230501197372261,0.00616549504041305,0.00123433104895399,0.0143947923617127,0.0520239079998897,0.00165990903031863,0.0184699355402979,0.0134844242457487,0.00594817052851329,0.0160137402811195,0.00231643125300846,0.0272602842184381,0.0556828510105206,0.0207123129449805,0.032312956122737,0.0231487062165059,0.00391564769349955,0.0837057573174426,0.0839833141195384,0.0512764667213656,0.0667383237751756,0.0511400395588079,0.000497371891235777,0.0604620803636356,0.00308512440161852,0.0372986665239755,0.0092194847272202,0.00547105342181222,0.00361894879992973,0.016644237002874
50.25,0.020990702278791,0.0325854621753353,0.00244872755363221,0.0194844241344852,0.00788706113106596,0.0120496870115568,0.00201545230296064,0.0275201053137544,0.0026269607254207,0.0179349170768747,0.0346373652115575,0.0416706341914649,0.0287983767716359,1.74898083481766,0.000481811945506166,0.0154658142161528,0.00908075151776867,0.00888026560083746,0.0116974562184668,0.010998335605107,0.00616327643172057,0.0143381431554806,0.00744706364629201,0.0085244182183676,0.0137290139630672,0.0139094369969107,0.00449440593573453,0.0367985590720257,0.0330155554242219,0.0287346824196612,0.0359196026129978,0.0774248239252407,0.00378851647046308,0.0241507672479316,0.0112345946422728,0.0132082461575469,0.0046312733356865,0.0241850144860468,0.00823647551973337,0.005676615896772,0.00551021442260496,0.0229231119605485,0.00142807279393443,0.0245298313197667,0.0112283128302269,0.0351474359463763,0.0142310510233415,0.0292648123998591,0.00963608909318328,0.0687078608591705,0.00115696390992644,0.0413512166566158,0.0607448559958509,0.0428580175956401,0.0290499384692428,0.0113962584293812,0.0223675511350534,0.0223922341623115,0.00114224664461988,0.0200138004757548,0.00535509094705581,0.00289585435998009,0.0131436694415201,0.0158154031024512,0.0158192548407631
50.5,0.156274980953153,0.00569754621233898,0.00989297088402543,0.00478641120576098,0.00867974899055046,0.00452101386032072,0.00218819537552741,0.00992761682523653,0.016191839766465,0.0363157551310306,0.0883734823799192,0.00615538705656516,0.019541960093831,0.775032182490086,0.00332720179746117,0.0277992058561188,0.00301163527889014,0.00366358937339677,0.00115448124535659,0.00105540559541008,0.00296053588802287,0.002327795379865,0.00283043504743206,0.00212429404871177,0.0313647678677023,0.00564749061300052,0.00862597656369899,0.00336355638072286,0.0327944551265925,0.00963431093239119,0.0197810039750993,0.0315033466009411,0.00697696487173903,0.00347255439832039,0.00156795529508848,0.000659525506501215,0.000530475875802495,0.00497921925023978,0.0205519113101098,0.000750564217441989,0.00510501027096624,0.00598719251414576,0.00336640388886987,0.00579950852193245,0.00587032975161988,0.0299047787942925,0.0507937161747311,0.00523211245382655,0.0187826504188524,0.00899013018823315,0.000875632887648021,0.010750501050667,0.176233356499776,0.0124017748291532,0.0363340936135819,0.00442033746136835,0.00745482786763518,0.0455355076177876,0.00581669334149213,0.029201879705064,0.00712696328864586,0.0363305684954519,0.000736333144030418,0.0154098830690821,0.00265949495912663
50.75,0.029540280927793,0.0269497580945347,0.00809505523364988,0.0143882711284507,0.00933697518431497,0.0036950673846741,0.0033009874923427,0.00839252737458408,0.00991878341284947,0.00436382710808129,0.0113781349206141,0.0619220983464071,0.0054294402256986,0.408828480646791,0.00249571121453192,0.0061235047473951,0.011540095520165,0.0273672048444946,0.0313886351080185,0.00866726225458256,0.030088292064944,0.0201772936295707,0.0138529063899357,0.0098730960022897,0.00176497693547462,0.0160777745415155,0.00170181111228957,0.00300125806474399,0.00698370059846785,0.00640266588843212,0.015964099475164,0.0320611924222918,0.0264182636237662,0.0161631805841385,0.0303754911414387,0.0217055873483575,0.00827355723228651,0.00393097297480833,0.0128121571575846,0.0228386947961271,0.00766720957289415,0.00107458210803078,0.00293946210708629,0.000381856319671137,0.00481888545629381,0.0187019651347503,0.00635205581013781,0.0356871492515586,0.00127816878332556,0.018507126238553,0.00139564894431393,0.0107651567938951,0.00511081237241996,0.0601261659156835,0.00623098181800773,0.0586021390303574,0.0204199091599535,0.049143993954927,0.029710941466895,0.00317641510863158,0.00464948566336063,0.012866699917345,0.00965180725855575,0.00586728078214671,0.0333980034870628
51,0.0242916469032502,0.0122055407986345,0.000448390888128594,0.000242749042075933,0.00412355924201807,0.00799458680461586,0.00392511152384052,0.00521043723524761,0.00933145936465205,0.00094644447549806,0.0233767057159245,0.00447332509284003,0.0133282059238051,1.01503326567088,0.00821795984483804,0.00636973621829624,0.00530260931899083,0.00085437442876046,0.0205804939092042,0.00210499272345042,0.00640852034664346,0.00251728244460354,0.00660763451843353,0.00704957217607018,0.0050808350967489,0.000861468046659245,0.00321210394589569,0.000343994110037269,0.0341276848057485,0.0228586664962347,0.0275190825330201,0.0279496602875464,0.000778897006938556,0.000112790660613648,0.0088341735097492,0.0115575078567234,0.00651994465455387,0.00498678756121743,0.00364187766536059,0.00483141115245091,0.000145945931510981,0.000263801497253017,0.0055074692724825,0.00276280213165425,0.00161496812731011,0.00501439073040058,0.0202176918896081,0.00162310601991803,0.00168219282710354,0.0195013507221138,0.00582270210878836,0.00681399261354839,0.0257036725379766,0.00816434802628131,0.0166269420275199,0.00428911612981329,0.036942630741071,0.0394872184453487,0.00188680086028708,0.0103530081669019,0.00865790291523708,0.0883393443023814,0.0103786849331421,0.00253826909068195,0.00582145932355878
51.25,0.00519553768743526,0.00770459338670057,0.00133748960823787,0.00585889419287443,0.00105082667529598,0.00158139227954496,0.00535045719281312,0.00667219458289273,0.00705725919854953,0.0108580751437713,0.00508088315751827,0.00407820281887403,0.000194588248860646,0.827289207238804,0.00645095568808653,0.0161545867736962,0.000134589058085452,0.00117163916542982,0.00222319762470187,0.00401011427859457,0.00295965108854006,0.000262936642837258,0.00413821893539417,0.000997055018478115,0.00313196355195135,0.000209874887250944,0.000686250399011669,0.00922592508107677,0.0079350545827435,0.0161658941132889,0.00221897635831436,0.0276916305126737,0.00209030045567054,0.000164974543445942,0.00612594375230387,0.000406206329059519,0.00862607472824165,0.00198290288821703,0.000850767736614329,0.0040327308653983,0.000576347647290379,0.0035861780420569,0.00472618297470582,0.00132478275834728,0.0144074833742264,0.00853762124403192,0.00600520277248682,0.00304677278804897,0.00401710865418459,0.0162260827254828,0.00549267827954801,0.00995621304824485,0.00286017805228133,0.0108820878669341,0.00127071701769098,0.0081383178196623,0.00679392150200667,0.0135768465947397,0.0113409704001712,0.0240701444223078,0.00773146699112897,0.11060215157309,0.00130498610915288,0.00784091561626742,0.00142363686619666
51.5,0.000326977316508432,0.0133959745389036,0.00112028959638299,0.0114099780339117,0.00659938621287029,0.0319415229695591,0.0143065139775277,0.00349707824593925,0.0103026228643698,0.0229123150812746,0.00215200688508145,0.0248914492136733,0.0125068953728933,1.08284125272717,0.0101152729644022,0.00835286188455458,0.00708589347006419,0.0128127456116802,0.00123083497616291,0.00103013784356737,0.0122202432201504,0.0140892171460556,0.00350790275984438,0.00580545453094184,0.0117573294573457,0.021478477481028,0.0192111120911291,0.012067182884781,0.000478143402136309,0.0117060292170741,0.0226027852634471,0.07691279239707,0.00654004926113321,0.0208889963662985,0.00674446040611162,0.00735924564334194,0.00725325633843899,0.00109820865289451,0.000759321539103756,0.0273006247227844,0.0100792333540737,0.0207842783254175,0.0159928268285596,0.0113214013705141,0.0147977890157816,0.00775422316833585,0.000566140183442926,0.0147054887501817,0.0174224788152358,0.0517979755193494,0.0204381028843725,0.0037813750753352,0.00274495589940352,0.0217861037214157,0.00470232364636135,0.0433059959112559,0.00974965311797387,0.0198646652069621,0.0150266398587535,0.0105888839923997,0.00551557067140974,0.0539597896106852,0.00755810049725293,0.00253367976297115,0.012915362545035
51.75,0.00522338002159345,0.0203902236502467,0.000333096973009184,0.0137943836122149,0.000100208514052466,0.00152804221668096,0.00430970888392687,0.0101932202486821,0.0144376512934701,0.0037460856910877,0.00183687684388483,0.0583172022328218,0.00407293882010313,0.635658499316172,0.00270862648942552,0.0167296086301875,5.00552927338184e-05,0.00326194497496382,0.00372748905612098,0.0143405333627838,0.0011521015670551,0.00026526273996271,0.00431276383440902,0.00913069976429758,0.00257958682378459,0.00518321041780192,0.000952179350656055,0.00608140455031183,0.00343257884501898,0.019239336946757,0.00137280877511966,0.0319096816623696,0.000370259993233441,0.00715840225962336,0.000423601029819971,0.00225462612573767,0.00605657373834156,0.00832729246108277,0.00174631580698063,0.00138702696729007,0.000350689479152719,0.00416910961413918,0.00111989067275183,0.00820276237674623,0.00820211691936985,0.0126812641841416,0.000297641208332413,0.0304422551047162,0.00413128571314086,0.0198441163876625,0.00258299096203553,0.00813950185068438,0.00575049863303002,0.0334127845826417,0.00572854745253504,0.022519681485343,0.00146329562398862,0.00698337672967313,0.00998055224757151,0.00623120011410074,0.00329838320975936,0.0280886493090173,0.00843646033614202,0.0126242543615969,7.86323050528379e-05
52,0.00301880997061843,0.00301506590008438,0.000497068285327274,0.00245870642508574,0.00279206974259124,0.00126675975235611,0.00840372336964672,0.00038359918713939,0.00927059020819804,0.00999416235990144,0.0165963248411364,0.00317842984294089,0.00300815040465037,0.647537613764851,0.00240953595851902,0.0154186106719814,0.00641137736071415,0.00100528858603051,0.00333450156188907,0.0024993881078705,0.000294825012260848,0.00108162609310929,0.000981892475305685,0.000995440667382534,0.00781264474226846,6.06039576626413e-05,0.00219814904189435,0.00100422466345014,0.0140093876728211,0.00888768982149417,0.000872511675752194,0.0465773623811477,0.000476848584332342,0.000857943740792701,0.00187527475018294,0.00319403731212933,0.00126772372822484,0.0009276663496064,0.00357653978006031,0.0101284457650972,4.50285025927347e-05,0.000276592044798624,0.00376529807982109,0.00196418743363209,0.0102257502447075,0.00466094996503573,0.0182444879407266,0.00037200451723077,0.000811607756440166,0.00765901990625886,0.0040027288749016,0.00105517727925264,0.0240407643112478,0.00209979313697238,0.0086769860158683,0.00244247329034075,0.000700662646775556,0.0303255078988848,0.0146996640469952,0.0110082370554678,0.00171477269176547,0.0722641900411801,0.000770542023812362,0.0044636840794475,0.000820992606764136
52.25,0.0300516876932925,0.00130629741164451,0.00760300306835494,0.00952042229079096,0.00240479363476854,0.00819520833577733,0.00223751155214587,0.0106824190083831,0.00282477461800535,0.0219807500448144,0.00822137583714791,0.00709730493508753,0.000827574584565876,0.553221004501092,0.00575933936946684,0.00320329399296898,0.00600724887052844,0.000156327775783388,0.00195605484773114,0.0058385475408568,1.39961197533531e-05,0.000719179384886104,0.00412303759961421,0.0136777428506219,0.00261469321904333,0.00741059606467955,0.00519410918772004,0.00910080815302908,0.0032041974876544,0.0408466390199445,0.00280102059358888,0.00783545386444685,0.00124478422440909,9.75851546568627e-05,0.00109362546452063,0.00114750456712114,0.00212089130858203,0.00593572256452213,0.0105962905767388,0.00958139655052307,0.000947167388349767,0.00775260581321826,0.0056313801029068,0.00476071360444346,0.00189515491546937,0.010732840246706,0.0087677955639759,0.000313235321875196,0.00105994985241714,0.0269944846239492,0.00177856868462588,0.00192027344464337,0.0371822215305735,0.00345350451966039,0.00449423999744723,0.0323247673200366,0.000433121559490513,0.0392398275256278,0.00925623698833153,0.00698182977858754,0.000381531871437192,0.0243288904051115,0.000627864164739354,0.00333377721431455,0.000157181691906767
52.5,0.0273140785484361,0.00791038168367732,0.0290122729681741,0.00968360626105954,0.00747534622880487,0.00620895141687722,0.00116397917674208,0.014055192246149,0.0116365417583929,0.0399246718737757,0.0282673767783233,0.00584357811753616,0.0095635565844357,0.115691444983794,0.00878123842827553,0.0167589312237601,0.00843611589751371,0.00981346716865327,0.00658910795578581,9.64744852098444e-07,0.0221226546045639,0.00662574560092491,0.000222367447438924,0.000909763047577023,0.0316523446655176,0.0159716175270609,0.00318834424500665,0.0137806842180846,0.017547437099959,0.0248446795557815,0.0214369601209395,0.000253115455307011,0.0169105471815379,0.0139139000941127,0.00443973472229445,0.00177609026160359,0.0010742152616267,0.00181903910690893,0.0157020494939171,0.000536579268832574,0.0116718184534494,0.000733411684356416,0.00308248434602941,0.0106675891989596,0.00316642703971968,0.0308815367132901,0.027368647169635,0.00476298029953386,0.00703353044947599,0.0201731976487798,0.00275033947470257,0.031973018691679,0.0604713483798181,0.00753999829954856,0.0256945265369717,0.0106113776400736,0.00965195618012394,0.00702536013592742,0.00236495113095299,0.0316216411885441,0.0129702222375397,0.0540065408504569,0.00196031782627033,0.0125108909500258,0.0131364831397188
52.75,0.0303398362260466,0.0307465714050063,0.0289602927132542,0.0255463526832228,0.00028799114826101,0.0103078900162487,0.00104843643254158,0.00793883610552214,0.00418788391658514,0.0115533684122218,0.0347940649857097,0.0259873924476072,0.00751972710940587,0.377338281198167,0.00187989733214641,0.0432846515126123,0.0118901072043034,0.0106753874276183,0.011096307010998,0.0096537975359313,0.0102599457729999,0.0125748162686193,0.000954537047263672,0.0163510951897041,0.0254837416717415,0.00907930126757464,0.000697438808239424,0.000496562872879004,0.00902757263785898,0.0219204069158922,0.00020759848625163,0.0120970572708325,0.00857863760027504,0.0159224162298471,0.00512225876142706,0.014823810723441,0.00172520624968875,0.0160554050222039,0.00902510364799133,0.00926279351786239,0.013220904650803,0.0124085586162821,0.00152742103044973,0.00545741949667975,0.00214990454844895,0.0134393163154438,0.0198855855375548,0.0320587955952823,0.0076992572862622,0.0147887077553083,0.000496079595693365,0.011270658621413,0.0452115935723945,0.045245362772627,0.0202754794623731,0.00133283772584931,0.0035961981233,0.0136837635148389,0.00553461405478695,0.0195676415570522,0.00851199179177206,0.116335777931199,0.0170316939564539,0.00676727087726521,0.00767799499605798
53,0.0157106937995856,0.00182027763940575,0.0407242436769871,0.0152384655770155,0.0148980558003385,0.00325376608048242,0.00193476136721064,0.00556263262940785,0.010871193225152,0.0267592265565755,0.0745914596986408,0.00952269717331049,0.0225792910177285,1.42569730983203,0.0018781292478466,0.0374972465385965,0.0074859276843421,0.00537570045453662,0.000935809915827561,0.000248656360617864,0.0169296987649245,0.00200948637907734,0.00143581251171711,0.00155763996076163,0.0378905891256263,0.0106426297230366,0.0106101636311477,0.0147215984489697,0.0253838706912687,0.0581970037604873,0.0140790934398271,0.0743115177345139,0.0167804867252241,0.00447355561954236,0.00237749056813687,0.00158311197277021,0.00326134754413062,0.00222166470278789,0.0206757170704765,0.0161210904103157,0.0223496263140014,0.00355023945283042,0.00501068175933351,0.00441570938830916,0.00491397322529292,0.0260392520476808,0.0712050499082644,0.00217126412349815,0.0201656192398416,0.0191985756924908,0.00525935921673483,0.00663718861902654,0.0474432386204018,0.00610985493892251,0.0412648526218427,0.0125450405363607,0.00257354886785412,0.0131935230973242,0.0132946027143252,0.0188395070641516,0.00393859365794913,0.0253367330228752,0.00188128066022195,0.00451714944798086,0.00231847994073393
53.25,0.0285281289606745,0.0472099362423187,0.00683176358446395,0.0145073464951796,0.00635344878227817,0.00545090832750128,0.00162871839340301,0.00913944839342772,0.00403506827086572,0.0167096768384226,0.00989925890475693,0.0542525473336462,0.00455101079864133,1.68990491247557,0.00551829822897515,0.0427260709040585,0.0135143716551409,0.00770087347261179,0.00265180740055589,0.0232182499290329,0.00565832126728946,0.00629685880580918,0.0023843349643828,0.00149557744344438,0.00775253800090533,0.0345962543211289,0.00183412012716788,0.0311727474314929,0.0137094336291726,0.176726244407987,0.0212100775311935,0.0602876152968727,0.00614683293564168,0.0190778099630734,0.00222053588019739,0.00256542822384281,0.00410237324430258,0.0083608371279397,0.00823037539685753,0.00224472618970068,0.00509122679200807,0.00883365610760021,0.000664004114007225,0.00543283571034284,0.00370307157497337,0.0109159756465026,0.0239242181352687,0.0152877137586559,0.00529424520671417,0.107639803116145,0.000616159257479156,0.0233393034724259,0.0275618346756816,0.0507837702004322,0.00267754460568517,0.0527913836806879,0.0218590956377493,0.0564419339480912,0.00375632470473891,0.0273804586369615,0.00786484382209639,0.081765144549307,0.00638459921908993,0.0182167644700381,0.00796631682881428
53.5,0.0380458225151715,0.0073486630512457,0.00975536062119428,0.00496705942619603,0.00360281042054211,0.00266441539971982,0.00682996698212395,0.0111710073048203,0.0192826623081006,0.0064580560681456,0.00826640818595845,0.0026048444547527,0.00242448976107507,1.43524992219561,0.0144096769491843,0.000538478511622781,0.00177159211554295,0.00246258100554771,0.0102018514333245,0.00514149246369425,0.00560506609472216,0.00271679901821412,0.00508412549804549,0.00913200113857297,0.00149870272843723,0.00114935569468921,0.0095157735187096,0.0121439337635225,0.00341854565563502,0.0171939922694175,0.0123761766936116,0.0329436772205332,0.00939765323791777,0.00210249002432208,0.00371771283595581,0.0138976764272734,0.0010452300615542,0.0098936136527232,0.0139410515405947,0.013326009139435,0.000318657592704179,0.00261209490463311,0.00613254183007436,0.0100926195299217,0.00184526249563274,0.0228247904252422,0.00661045688450093,0.000721962049597889,0.00135367398391063,0.0300819788561261,0.012612155441841,0.00452410036153542,0.0276430055669446,0.00457725637472427,0.00209412204700512,0.00445439531934864,0.00412745893690937,0.00478386285508324,0.0182660061429381,0.000983912962274782,0.0139722133523692,0.0151743030805721,0.00560217354854956,0.00178566153557233,0.0048145342223008
53.75,0.100398739429591,0.0234053328306462,0.0181211620840388,0.000609941271418771,0.00475574698937145,0.00563391230154799,0.0243193798196633,0.0149001237366963,0.0408114085849547,0.0271082233259686,0.0393772795122082,0.0314499349545236,0.0110168148852251,0.416368514970842,0.0296892299315206,0.0237458485946022,0.0126318939462806,0.00418284554646872,5.97302209364425e-05,0.0217009516594268,0.00330082836404774,0.00787063887051405,0.00410887328536905,0.00294916998490028,0.00959888959142859,0.0210050319125176,0.0204148517328177,0.00621039098030662,0.011908739888515,0.203925976198404,0.0149462496125031,0.0166341853402458,0.00644590262377258,0.00271505653420403,9.54787046418846e-05,0.000495380486797876,0.0160803974159264,0.00951828460452837,0.031339694684782,0.0275336164588135,0.00385675202194568,0.0129218308114193,0.00912753833352883,0.00320491716943225,0.0356601444708051,0.0173534612032169,0.0355664601005802,0.0174313833752525,0.014590269024141,0.0368122752293913,0.0358835779074033,0.0154901378325761,0.124170918481723,0.0268888419756105,0.0170684805852624,0.0494769321635768,0.0080157290444626,0.0138886497563307,0.0554367392040586,0.02684248554916,0.0221518407198847,0.109398816682569,0.00285366937403655,0.0302865082483968,0.00288304337163833
54,0.0607103552030282,0.0102451672682781,0.0103982945291625,0.00227499865880732,0.00208557035463392,0.00951970764057725,0.00582422892195625,0.0103629389246984,0.00690293919241743,0.0169531899334838,0.0497655213143557,0.00718259204514202,0.00107875361635798,0.303322843386774,0.00693389791608554,0.000776319649477924,0.00470568541133352,0.00566578928756847,0.0253873007984599,0.0279276071538121,0.00948322891033738,0.0121674079186292,0.00382263549743835,0.0224584273742061,0.00698855049289197,0.00240163063279733,0.0035080918434299,0.00999288780408431,0.0456420972480739,0.00497775781308387,0.00861929363565808,0.00149268474657886,0.00460191564258656,0.00283869605175488,0.00688990146576874,0.011846915004015,0.0161038652634666,0.0152098856501089,0.0189883134169154,0.00998843237113073,0.00119917339442096,0.000935700468826542,0.00269208113883827,0.0119720060410041,0.0214081581159077,0.017771647523292,0.0123993810790266,0.00219601132633906,0.00101129284582008,0.00916278770437178,0.00670676274744984,0.00610535885301376,0.076544207522458,0.00736613568957901,0.0228638824333632,0.0150286607733898,0.00216245641688088,0.00631680216650995,0.0185497110997341,0.00123577139807859,0.00297878135062436,0.0477621054386479,0.00738141413523286,0.0258418765506283,0.0130562602422721
54.25,0.079160583138515,0.0585355540498722,0.00372701723180491,0.00307810032908463,0.00376418846197709,0.00539153871258181,0.000948751758655476,0.0220524784022512,0.00539997706375224,0.0465766614723952,0.0827640705021412,0.0569919123180022,0.0307366221182931,3.37727084863353,0.00559642814180011,0.043818118697608,0.00802241220238005,0.000549580923865747,0.000385121065953096,0.0111588278252783,0.00015591088239559,0.00246903214951477,0.000660695818199977,0.0055690669891058,0.0258157886103941,0.00932013208001835,0.00894276844273178,0.0110416614297706,0.0728897871419717,0.103773911311921,0.0134883802293944,0.0935614336791497,0.0002478618990524,0.00540278866395864,0.00273561679656166,0.00402013476297238,0.00538697585418888,0.0168310086367351,0.0105785519160034,0.00375366353485618,0.00258007147910033,0.00422114813921688,0.00153116293351772,0.000517984715419583,0.00613038069182482,0.0516990709751509,0.0331407865910692,0.0209135835576308,0.0175893014262207,0.0958415030611345,0.0021018238345693,0.0375026571189826,0.0791471776257316,0.061660417739804,0.0488650600334358,0.00919793886883211,0.0102890792462118,0.0151306313017589,0.000206883300598597,0.0662238542228336,0.000334991734955792,0.107657182298085,0.00937264150355037,0.0306745383112484,0.000917720772240924
54.5,0.037912001523568,0.00394928585327427,0.0250986083286658,0.0451874914578149,0.00646814780828128,0.00198462814708929,0.00200822994606156,0.0105245784012624,0.0179045289318575,0.059432404334216,0.0212921667420654,0.00200513397327483,0.00207405869752058,0.430327373618375,0.00527223344326332,0.0833659634974519,0.0535622717536878,0.0395318023561798,0.010802958678817,0.00569776227930324,0.0293116767664646,0.0184253758348121,0.00106463324307112,0.00263832645819588,0.00372633769363675,0.000635164904243768,0.00158989199246475,0.0149187207886695,0.0128021503617841,0.000893868743160828,0.0041597145690357,0.00747032952968081,0.024164043904843,0.0326572747800911,0.0054057774693907,0.00643136518265956,0.000546257185291914,0.00359209510982233,0.030774437513177,0.0179902413365394,0.0169083886232047,0.00367470487517455,0.001834839867746,0.00541641388878428,0.00987222201420517,0.032896880146732,0.0124015016306981,0.00206645111618627,0.00481182777450844,0.00733352858274447,0.00413313009386986,0.0261623536022268,0.0374379881444805,0.00119320670986332,0.00799246887109053,0.0276247777156855,0.00352070355049393,0.0614221031155141,0.00959136636099491,0.0672396783278145,0.0258057870596126,0.22047381958544,0.000283649260092732,0.00917295076200835,0.0336992925503424
54.75,0.00632980933117714,0.00957456586886422,0.00190346742927935,0.00365580311397832,0.0095522785756421,0.017120830420644,0.00501332734440892,0.00974567452325154,0.00384826367835808,0.0162131465273566,0.017521562414534,0.00798483316391288,0.00314458786062289,1.70231687715447,0.000332272976259973,0.0217934534658021,0.00414927711334074,0.00354937928281416,0.0369344751868078,0.00674871238092781,0.00412500439910281,0.0200312820466802,0.0142195176442411,0.0105705785940686,0.00808129125636864,0.00138310643188852,0.00117443516725325,0.0306686568438164,0.0142706643988967,0.0107032220260837,0.00589135434299862,0.0619304979656199,0.00719445215378408,0.00886033975971252,0.0160410535378307,0.0338875148271818,0.0107428752054287,0.00765408945683355,0.000837460529721047,0.00356306542662544,3.63969221168955e-05,0.0126284576583214,0.0057239055549162,0.0133359702901496,0.00405706450191864,0.0143408071828934,0.00970808592970313,0.0142318677095039,0.000841791750804476,0.0523014095158518,0.00272301449003182,0.0185472979159937,0.0257066959036662,0.0175531268754074,0.00799971389636047,0.00766438207856894,0.0067413401960753,0.0366365171971833,9.4651444222605e-05,0.0260452090893413,0.00140139530768695,0.0526011179166725,0.0245831192151924,0.00146916376481305,0.0119344867311747
55,0.0153516907985931,0.0119579927974725,0.00241643700681832,0.0429342195973776,0.000238705811973654,0.00182311242257798,0.00354392474733621,0.00577605553193805,0.0145261401155903,0.0181585160781871,0.0143575759023703,0.0155568148161942,0.00329152984522384,0.423411261136286,0.00478147822417287,0.00683130220878542,0.00949214115758752,0.00118939961020684,0.00435300717587474,0.000860252342757706,0.00069003980195203,0.00100549753322045,0.0029805895733288,0.00283732351640932,0.00891635168273196,0.0097793073518004,0.00302860307532172,0.000236403606263466,0.00410981513775715,0.0220146960624931,0.0101135247464579,0.0184317713205747,0.0043091649468593,0.00519033383229979,0.00130737127240549,0.00350695229731387,0.00187987719945375,0.000689991430555472,0.00643467758516877,0.0296172333881013,0.00107295644664072,0.00244332616921573,0.00176036725262872,0.000612419444714356,0.00106597645243908,0.0132999972960254,0.00192852663940025,0.022320588142674,0.00171988543661995,0.00121833250108575,0.00378133881058536,0.00219242533577454,0.0195248915690127,0.0242735072083047,0.00352755468411166,0.0141545510558231,0.0106508195504329,0.00921797769308527,0.018069949884153,0.0148604185958188,0.00379789513366244,0.120799479723998,0.00188062049069335,0.00369275168849461,0.00167617432275459
55.25,0.00239147242869854,0.00588384710202895,0.00105743450512269,0.00975173212649377,0.0024744724410256,0.0019162560027039,0.002462054557156,0.000315222523080762,0.00128213957581673,0.0116784016565556,0.00724951704289283,0.00365554406890017,0.0078403048600318,0.0856126045444277,0.00569589949685857,0.000742076605016841,0.00597934483008033,0.00308624801688901,0.00587076158953466,2.23991199263367e-05,0.00253809299237531,0.00168810380301452,0.000308974157872112,0.00190728539504046,0.00248899687557249,0.00105624330818935,0.00453812867133771,0.00286664238736236,0.00984772594571076,0.0141080524236538,0.00799196036517198,0.00547838711874439,0.0020160847455092,0.00530891675557577,0.00311530478125272,0.00178860149000648,0.00163993443115802,0.000166961495032486,0.00154621272892088,0.00547305976552875,0.00231354228931389,5.82937516252913e-05,0.00359403651409807,9.1469506637182e-05,0.00331767777456598,0.00222515095720365,0.00360327417882007,0.00193655778479622,0.00626839322543643,0.00949776700397005,0.00638324906488806,0.000125395862955548,0.0123983534795058,0.00493496908917308,0.00369574326963454,0.0117813204781952,0.0071426846893795,0.0167739707295228,0.00356195164707929,0.00171725031755051,0.00321925516708224,0.00600484242623082,0.00632003147756298,0.000383678883344912,0.00208140244896107
55.5,0.00892049541610241,0.00345356293139031,0.0010878469204493,0.00163330387293936,0.00310298051539756,0.000143284284528982,0.00436369417770541,0.0038145095856053,0.00855523925915966,0.0387634934825177,0.00998195829300376,0.00617694180128367,0.0107777882426398,1.16836971522216,0.000220639545419282,0.0149324963011163,0.00887512209665592,0.00514513762580413,0.00867006734022929,0.00293080710290037,0.0128273511615526,0.00917552932042481,0.00470317114121564,0.00260034518772146,0.00188931204722124,0.00204590007543681,0.00152029207304344,0.0182010030597519,0.0280419688548871,0.00409755439578825,0.0096945145202651,0.0514309741837352,0.00473597378929665,0.00731059240106536,0.0076403311343847,0.00356989956474968,0.00421019711668882,0.00291996337871262,0.000171383680382979,0.0154096830427528,0.00138092167704833,0.00709048748174832,0.00275786756545297,0.000721096452838695,0.0123336999824612,0.00845481520171847,0.00185505098147997,0.00211858440557641,0.000573151697962843,0.0344289995429817,0.0039081777113749,0.00523164141783694,0.0288974031464485,0.00652235075642732,0.0117996847993721,0.00649167659884988,0.00740244978326723,0.00250045376135119,0.00117335220238304,0.0194754833441335,0.00292154630235946,0.0611114751152968,0.00386595865985167,0.00797338404722506,0.0104839176890745
55.75,0.00367488163718795,0.0086298948412086,0.00365950783457558,0.00784506138846305,0.00267190910672628,0.00573486194075263,0.000554119299953401,0.00640311240259487,0.00660429088222563,0.00109808956100136,0.0190924070570223,0.00228756621855516,0.00611608431828138,0.820054870311104,0.00593866164795637,0.00622741049106787,0.00241798944164408,0.00267338943774708,0.00472133487936292,0.000925548934664828,0.000480169911151205,4.21991485051395e-05,0.000323818168007528,0.00124771361513247,0.0135205276246327,0.00789824217641862,0.000471991321379385,0.0165374990652726,0.00508081814495793,0.024598803679631,0.00958268000445983,0.0154482310884716,0.00107637170401376,0.00492025622417819,0.000819804018271039,0.00098494944429315,0.00179404511076571,0.000798896421156773,0.000211208846735783,0.0118121623154228,0.00506201270870159,0.00165327504354716,0.00210566574189843,0.00476688422393989,0.00221879145962641,0.00419381274022794,0.0138500727391258,0.000922714121555861,0.00761516767756369,0.0282842289664229,0.00236056413434628,0.00875011274708235,0.0131184096774196,0.00807049971606512,0.00871287229390069,0.00840786904397218,0.0135374160250397,0.0207844289458092,0.0190258777113408,0.00179245366808429,0.0313676084360752,0.0793309664187243,0.00189297867146994,0.000131954597688361,0.00167700134092005
56,0.0169105126048013,0.00438611639010446,0.00465263531938026,0.0105173987605135,0.00100141961219584,0.00569907632589889,0.00396877893097506,0.000530245830784562,0.00103409413169984,0.00532471596884693,0.0155798758314613,0.00492905237555444,0.0123141891379964,0.0628882447472729,0.00203222030925814,0.00179358806419761,0.000953951245838963,0.00344609200682232,0.00233322721889174,0.00104257413987306,0.000337809973694845,0.0125691919739627,0.00217850382280214,0.0039182090252186,0.0044875148669742,0.0117302096509413,0.00658932856336382,0.00187736789573398,0.0126452597933508,0.0344186173774874,0.017218767423409,0.000922288825393381,0.000819624135349009,0.0122520905016267,3.11850239332627e-05,0.0106052133811137,0.00196500227877907,2.80605265089233e-05,0.00416322291270976,0.00509934537276774,0.00543231471040575,0.016688362051239,0.00137961524351806,0.00171961379995522,0.000412720549743542,0.000241029506092247,0.010899328129788,0.00874183352433919,0.00610843367200877,0.01296446528207,0.00107484315042434,6.4024882546308e-05,0.0116232845659467,0.00873749750995562,0.0113999685792853,0.00482077918389125,0.0111921218061802,0.0022128906615382,0.00114101231928544,0.00116676031570798,0.000313581248976337,0.00452892409774471,0.000618986147205924,0.00034380390681594,0.00540916683943321
56.25,0.00557565486389394,0.00758880261246501,0.00799666870410666,0.0128930432291107,0.00257210686767561,0.000280070321642179,0.00385158604425068,0.00397019491992636,0.00225288366547571,0.0133265725327435,0.00137910893363195,0.035361989224828,0.000162297494253408,0.0557866856617357,0.000140053529394431,0.00676782698224476,0.00356398982441394,0.00903126692367149,0.00766923938376171,0.00460760956834364,0.0129276470716614,0.00249319099338084,0.00146626858986687,0.00444980861275228,0.000106559536590001,0.0139687954603634,0.00114332947654049,0.0034168592596038,1.90892013411839e-05,0.0464299533043274,0.00383260077587986,0.0122202147295119,0.0128743697527865,0.00745861024656157,0.0054265732140428,0.00901405210259649,0.00264136542796077,0.00254221336834549,0.00353487861282776,0.000802138465562133,0.0064413333284164,0.00617982059287564,0.00231922984745293,0.00476645223411763,0.00567855285119915,0.0179714161281518,0.00222154950360544,0.0189631024111147,0.00110359157265718,0.00600031781941935,0.000657961090839301,0.0116720910241098,0.000621805965046456,0.0192530530191579,0.000406225571203103,0.0521010777836931,0.00201816587884837,0.0321800668686184,0.000654156994147667,0.0117962696872523,0.00599207406558396,0.0368136109922017,0.0096574396148544,0.00720428658136979,0.0103766606642192
56.5,0.0123066164995746,0.00871472669050668,0.000426662836373349,0.0180503010817488,0.000582155135124087,0.0139835187509133,0.00192989594907762,0.0004411847754603,0.00212444793926014,0.0289272315126769,0.0195753599682967,0.0237292750997018,0.00231310644688089,0.714054347328655,0.000510538068305649,0.0299794692915631,0.000947560876776456,0.00104158908081236,0.0034712856683668,0.000189407361226158,0.00121503664044081,0.00287590659551879,2.19660843867797e-05,0.000392357162878614,0.00936278544169321,0.0341521366845803,0.00140211209499428,0.0191847914703816,0.00704402313256869,0.0502132431496408,0.001851718284146,0.00773000102798944,0.00059258086346074,0.00771505427436938,0.0002280698860539,0.00257587624512528,0.000706648309951015,0.000681550325662915,0.000876514240589991,0.0230284916675448,0.000658070891661171,0.0146335189269192,0.000151755743381171,0.00474178129673264,0.000524808060030095,0.00651910488098177,0.0061249736470506,0.0205519228502944,0.0015671082034094,0.0729283350608345,0.00232607227237635,0.00597240051777267,0.0124264787039061,0.0235711712429072,0.00757221767615588,0.0444598458738704,0.000473761067576971,0.023394587905377,0.000213735367106329,0.0369702670509428,0.00570681582704777,0.14730124458037,0.000247067643477733,0.00100830555587461,0.000718896910702226
56.75,0.00195109318996611,0.00789552020077197,0.0151875563177491,0.0120765498040495,0.00226266358492666,0.00465806129752536,0.00413840945181989,0.00651049490317319,0.00922989189564668,0.00062244297721909,0.0110755747690564,0.000445624506397817,0.00111703149519468,2.32679176768718,0.0090212530592665,0.00025535843360123,0.00819977839070783,0.00139800017641124,0.00639869982362855,0.00695218495067712,0.00419707030993662,0.000550786016746844,0.00297739782582831,0.0035108691841494,0.00396754404809183,0.000276941491502075,0.00363842160337307,0.00746492064201129,0.00331856248649761,0.0145763798341453,0.0105236142113302,0.0491583431176947,0.00248887604708428,0.0011441350619406,0.00188493685554553,0.000496352091290932,0.0116893942532395,0.0069299824392904,0.00665908866299004,0.0178479368848486,0.00245874937746906,9.24135631808575e-05,0.00192281469985731,0.00408953916049974,0.00802308027323453,0.0099300643916841,0.0119721053797796,0.00151605554102118,0.00497448370006549,0.0438454938478232,0.00353294416199979,0.000551376958581015,0.0047679026984204,0.00510952439507431,0.00328011977559359,0.00261466491351386,0.00556955995114778,0.0210440755003071,0.0114585504878527,0.000535228123143491,0.00391462499412257,0.0464867687270489,0.00269869090563856,0.0105612261374653,0.000831838980274782
57,0.0271425523057677,0.000588644650745796,0.00483395302174783,0.00964705461456123,0.00509914949885158,0.00874418745485762,0.000889092654006826,0.000601585413626565,0.00182976326148993,0.00287032741202346,0.0292652766277616,0.00280344754572343,0.00316502876229536,0.706346726877446,0.000746378936928992,0.00444022826784459,0.00188086347225882,0.00557734710546727,0.0102828191136229,0.00596928087073258,0.00288712295897379,0.00378379741674432,0.00460104667545979,0.00152007347971966,0.00682912963751751,0.00349569243614122,0.0001059259234917,0.00854469107698713,0.026187016739674,0.00683600598665146,0.00186272862585194,0.0184853382882369,0.00152754380076643,0.00170477877977457,0.00456852892599209,0.00065643611789394,0.00129695876576055,0.00213004362423926,0.00377353667337549,0.0109596898850765,0.00352966639247931,0.000114046971479224,0.00104914622986486,0.00223170220475283,0.000144407595015151,0.000757035182471061,0.0203232034073381,0.00163543933727893,0.000991615103393763,0.03225364262631,0.000825648182506324,0.0020881931851973,0.040707549166024,0.000371414934882614,0.0116499940916448,0.000281547006675197,0.0043379702751645,0.0771893614518743,0.00276614111210793,0.00135029630293661,0.00617976627794724,0.0321730600797846,0.00267088878203792,7.61763184911148e-05,0.00444029178888478
57.25,0.00809202850192533,0.00459156968954335,0.00180759857857449,0.0186312412127131,0.00158276590282112,0.00946556589902878,0.000663176102082165,0.00646560596698401,0.00780172733640039,0.0298455976143857,0.0085949651795603,0.00443805862148661,0.00163506102954938,0.650186507044767,0.00596212432153706,0.0102383049148035,0.000156713896647498,0.000981601644155174,0.00289268517495354,0.00322569965029803,0.000286713223528431,0.00269563176580193,0.000147122170914793,0.00420418950217432,0.00194062656074876,0.00029273184598841,0.000651985155261329,0.0173888721897007,0.00499025121669848,0.0147224898024865,0.00653308226109711,0.0103780438431336,0.00064384070855212,0.00137862997215035,0.00162273952558066,0.0109267157370243,0.000107543027763589,0.0031290096991514,0.00270968496927944,0.00148678034236877,0.00322540430064302,0.00536184566232994,0.00230091638912509,0.00825045908087139,0.000832207011459116,0.00186328591395605,0.0137852292362861,0.00548600738915413,0.002163461848119,0.0286800641812536,0.00186255190427147,0.00820147726390115,0.00600346375706717,0.00472720201601706,0.00519778514216586,0.00301493916895207,0.00413917764350439,0.0187413230408889,0.00895235372668762,0.0143996169483156,0.00421187452581156,0.0436471865603111,0.00360471549809825,0.000791380849558008,0.000853750688408303
57.5,0.00746983512292103,0.0015853816126658,0.00407819154823831,0.00697799283033018,0.00111140508266077,0.0070332758056164,0.00383478748574473,0.0111388821405092,0.00352848162019918,0.00273475031013533,0.0155607272801896,0.000890095217079345,0.0107702733425415,0.62491258177496,0.00406713987775953,0.0343813531785409,0.00431345344898245,0.00854867873545616,0.00422920882020951,0.00137971479260909,0.000746609368343996,0.00740718231710416,0.00640993125234016,0.0161526911470037,0.0127552992830617,8.15592780085288e-05,0.000123118628989456,0.012679240957862,0.0226312337223434,0.00390098915857562,0.0157132393517955,0.0383664997638107,0.00433211392802495,0.00566436899012221,0.00211890622902183,0.00742073753154173,0.00158640423859371,0.00834802797070633,0.00558901025552196,0.00695816855289206,0.000443784773322022,0.00482743058358262,0.00126917494378078,0.00786742692718654,0.00109970805145354,0.00460281076452115,0.00823572810919304,0.00256045121073016,0.00350469236166128,0.0159480701461693,0.00137910943306799,0.0194414571613352,0.00830007906521184,0.000713229078967673,0.0178436707238346,0.00155095807523423,0.0156933724992399,0.00227736765362842,0.00111617030738311,0.0152482194308417,0.00165971824777939,0.0362740806525015,0.00532955621660193,0.0134523819545149,0.00235042000737385
57.75,0.0180922916248846,0.0216805054541798,0.00161236415477984,0.00750724532702888,0.00375667370326302,0.0108414806547758,0.00868088704867359,0.00682551311209363,0.00542509480417848,0.0183233891997431,0.025034146855765,0.0309490156470953,0.0005437834350673,0.858939109430665,0.0100989893281614,0.000188790864822948,0.00878362298291899,0.000667947506370779,0.00588569633987743,0.00471192310169009,0.00233312814476838,0.00354047613258002,0.00700181160953984,0.00784069387553559,0.00286507795059525,0.0102495858883251,0.00750565084726637,0.0153710647761779,0.00472306442262782,0.0352844324740502,0.00328086621029995,0.00950986034698426,0.00177024039720806,0.000276431564318968,0.00959710933966388,0.00193240698616567,0.0127751107802408,0.00938352603511241,0.00579041141700202,0.0141929506810551,6.04221947691639e-05,0.00725391513660609,0.0039617082406269,0.0110271422046363,0.00981830833543729,0.0261135174759953,0.00906597709487193,0.0066587071416303,0.00417973142492773,0.045407972959565,0.00856828988690309,0.009519207452389,0.0394784565230497,0.0215101817575071,0.00705752547555061,0.0203251684585706,0.00283726450661225,0.0070081079151604,0.00956946133232559,0.00747949432387293,0.00245957229450224,0.0101016999226402,0.00534238358382001,0.00670485763405383,0.00231786578988459
58,0.000777623954771441,0.0115728701907364,0.0013015412813369,0.0447304508188561,0.00233264068865389,0.00273599669407634,0.00456095069924248,0.00230660108647049,0.000228960059539822,0.0316112235369776,0.0118261107451193,0.0152580442220263,2.43458259762275e-05,0.120501924683582,0.00529024241391224,0.0130254216326529,0.00640628315755591,0.000315819974246124,0.00865217932785901,0.00604889884624972,0.00294173526025269,0.00160363691231919,0.00232360933727186,0.00360063901436266,0.00776202732716756,0.000405493167168556,0.00246044335317938,0.00391282827954032,0.00592244142005054,0.0610335984524069,0.0109292034823836,0.0148405531010738,0.0019638909998122,0.00131556088753458,0.00168121944990683,0.00221196793786388,0.00166265650656225,0.00269357125377276,3.85779092903758e-05,0.0154286851044121,0.00022698995038752,0.00237778984531819,0.00374766453540922,0.00488246247084624,0.00184897914221884,0.00651887636137127,0.0150510176184421,0.0124537990332241,0.000680314604152939,0.00174008022968098,0.00596355037301661,0.0146371516872165,0.00796567355928319,0.0169277376521865,0.00182462850344658,0.00198766142967863,0.0137682102279602,0.0295372719089054,0.00486418018378385,0.0244698215182553,0.00502160333511718,0.0082753163264919,0.00940075105057393,0.000119566089052698,0.00273008513115724
58.25,0.00546720483722434,0.0562676754330344,0.00300358116458397,0.0785842922415467,0.00441314406976064,0.0235140722169628,0.00613014825289533,0.00460691385606796,0.0287888462150068,0.0260532705437172,0.00472748780884684,0.0455388377696596,0.00763546300482946,1.72493876038002,0.023391202768069,0.03419520081756,0.0420827343887697,0.019659061607244,0.00715084547573867,0.00121664357248654,0.0124276440834863,0.0129414384709517,0.00482735313164688,0.00103815308927312,0.000547815811329697,0.0244604570827266,0.00997962917279843,0.0318470153059458,0.00363715478616039,0.0328862809985335,0.0374339173660288,0.057121956301738,0.0113629209053168,0.0242828183774593,0.00860834449281803,0.00260568483436133,0.00444009971262076,0.000848143799565255,0.004792905971852,0.0767635522284867,0.0034040598138522,0.0154657881566222,0.0045725548344973,0.00997471495975416,0.0143564975800214,0.00844318018610649,0.001469938647553,0.0489053967469654,0.00197725186714937,0.104846178847985,0.0160575669187585,0.0114305796705184,0.0124703072887785,0.062326835516457,0.000837781140989723,0.0135218738952425,0.0141818330658218,0.00692786685377546,0.015600967576722,0.0344034646488085,0.0342116517908486,0.178419072589265,0.00453064816596566,0.00294824931110788,0.0147764994842107
58.5,0.0191713130037465,0.0245338700270302,0.0174399342109548,0.0272095545506214,0.00110106830967625,0.00127434054530006,0.00141733239388266,0.0074802123754137,0.00259225079636233,0.0294059775681216,0.00906830220594039,0.0107213464097567,0.00827377798237379,0.661268402056949,0.0032474111640199,0.0333527051709648,0.0427245762936996,0.0190787444993702,0.00192697309482162,0.01057307942515,0.0235342201005369,0.00721180991101878,0.00145581960694641,0.000960278039544088,0.000489368909357396,0.00912763379996089,0.0047326125979472,0.0044476988280158,0.00345507075674554,0.0385926832442673,0.0130822982120961,0.0206164036108722,0.0289691199935567,0.0199021146275917,0.00139976978993072,0.00440355028557107,0.00193792083266331,0.00675556831901868,0.0166307728976606,0.0487932160709734,0.00902354312554221,0.00707750376546895,0.00348229369755428,0.00506322509595761,0.00259452647332633,0.0202795478072373,0.00368085179426895,0.0177224291362494,0.00186821486432681,0.00593473436895733,0.00124584213089289,0.0158809376395219,0.0375525841319131,0.0329026762470501,0.00160039034694731,0.00861123785675093,0.00719885056306081,0.0388836545826738,0.00137315220840293,0.0611641047342823,0.00810162974527073,0.361158851359726,0.00457289050203385,0.00685675732953904,0.0123398343461021
58.75,0.00637678232622643,0.00516827078199098,0.00346521042350642,0.00852101575653704,0.000698570697281128,0.0027316567356907,0.00163256212910281,0.00063774457501359,0.00148334537115445,0.00224082841136793,0.00665106185396778,0.00402703722699407,0.00217147327574972,1.48665386605672,0.00445301396150607,0.0153884765015645,0.0015790712514057,0.00268037801043866,0.000115029613555434,0.00208692259339971,0.00467897996763058,0.000151789714084845,0.00248496649922157,0.00384375634976518,0.00193021539829335,0.00502566705758903,0.000338617341093627,0.0150056020674404,0.00517479185551656,0.00716469331221153,0.00351547282795238,0.0132315084948912,0.00548501039591296,0.00338830493070109,1.0448658780719e-05,0.000768478566369282,0.00215953081706591,0.000825797846398675,0.00153639411767242,0.00290764825269961,0.00116197491518671,0.00198760291379489,0.00180312335856636,0.000565259113625495,0.000562956318352679,0.00139168713609449,0.00289948129276384,0.00506337821936987,0.000176616899520455,0.0529414141743508,0.000143402069208303,0.00131962641145422,0.0244418464907634,0.00610071633839768,0.00225359756580844,0.0224629667186592,0.00852202110845259,0.12246956653143,0.00678939581996733,0.0148246138161402,0.0231790816877251,0.113942585940063,0.00501602886045349,0.00340356282950367,0.00106163562193606
59,0.092132488017374,0.000765386162320103,0.0191633728208824,0.00292262899973302,0.00461497709669494,0.0010865779889367,5.02219213777921e-05,0.0146429542577284,0.00186599025051371,0.0177344405484515,0.057183799519834,0.0040087328445696,0.020030960320291,0.597682985088765,0.000128064058977156,0.047023229352415,0.0155268817240425,0.00937336012726629,0.00450769624520677,0.00195239664122557,0.00525602944408743,0.000145103392955577,0.0033195206907429,0.00452522083321462,0.0247138056952055,0.00182922081902338,0.00494249056165394,0.00493560570894537,0.0290561490685568,0.00892907874952566,0.00156854287947743,0.0216197392986096,0.0167284929264557,0.00301509205344984,0.00461019625220573,0.00448194477621411,0.00111845264507074,0.0116803887710648,0.0367486081029043,0.000402107732199612,0.00750383884862257,0.000381550620906029,0.00648083644603448,0.00402834202241661,0.000635546748336194,0.0360336064685268,0.0332269002382838,0.00717133744992127,0.0204503418944309,0.00421824957650825,0.00260230414940273,0.0327454614375186,0.0712236390633202,0.00694246277082346,0.0394008060424163,0.00444368168674315,0.0025128588987009,0.0034781528748189,0.000383217822704707,0.0243353639823112,0.0045961730435161,0.147412699767324,0.00902093418244938,0.00576251324980473,0.00406531674592225
59.25,0.00602125787705094,0.0170540007200601,0.00764854453925014,0.0149807048237619,0.000142597412409084,0.00645332637899065,0.00603673908283547,0.0106815350535148,0.00626625832749647,0.063161799269902,0.0348830330139896,0.0102146324164208,0.00818970789669569,0.5812746432437,0.000995463972415218,0.00901862509621343,0.00894030346625614,0.0128873849594241,0.0016527998777826,0.0175606045419906,0.00658712633556563,0.00234795531338573,0.00465111107925504,0.00242033161293911,0.00875287614828002,0.00236119485642329,0.00103508064542381,0.0159780075267064,0.0220743918411615,0.00456524333537105,0.00725190292378089,0.00642661912917574,0.00685339034506579,0.00266506710290635,0.00089962688224722,0.00207820091893595,0.00968390960313466,0.00944685777564991,0.00887564309114242,0.00965175511870856,0.00275886451583885,0.000626450653471525,0.00179928412970132,0.00686775903360363,0.00747957620989676,0.0293745669335028,0.0160940034379607,0.00936427654309766,3.85708172269888e-05,0.0258231250525581,0.000982750012471903,0.015069749793388,0.0281473362079285,0.0143482008647534,0.0230277993435598,0.00376435501558908,0.00890067000986751,0.0582427441605932,0.00206905833486491,0.0405312058118221,0.0018533747343174,0.0517061347587911,0.003506741832121,0.0202742264927765,0.00550443513411737
59.5,0.0207012591259233,0.00417825928170316,0.00268094329085867,0.0018355662384826,0.000603694738843964,0.0080541510076392,0.000381576263017958,0.0053001509577534,0.000198609387907954,0.000599813275320576,0.00570382407172456,0.00169721308774238,0.000923334356552649,0.156149332364326,0.00278465997317244,0.0047893009756482,0.0186451640217497,0.0067770890996084,0.00133971738017962,0.00719757690999459,0.00154852024693838,0.000627906216079144,0.000463426401244875,0.000819918777868337,0.00598720696667881,0.00261258834584612,0.000589270833967661,0.0046907608878237,0.00344277607790747,0.0204971848728244,0.00639053179370736,0.00952462388089875,0.00305745107089804,0.00668862126643738,0.000922800707460668,0.00278554115295069,0.000251648442610771,0.00282129602396949,0.00908241209695589,0.00031932560177163,0.00125118125788052,0.00266188100896828,0.000756958490689593,0.00581812549486084,0.00104943281857899,0.00281646665391355,0.00199549774158173,0.000563295012347813,0.00223131369624464,0.0140838504630537,0.000197751578942741,0.00575340417656047,0.0108279172869091,0.00158494739491418,0.00452808536654116,0.00972078152870999,0.00634007590149307,0.00849521948947848,0.00347526515178572,3.8477914260257e-05,0.0029445005664827,0.00125044944334346,7.53637213218555e-05,0.00155263785808549,0.00207819784320925
59.75,0.0127607948982619,0.00080245929029289,0.00253206620487216,0.00269003121536425,0.000663665621508806,0.00447251865973891,0.00171022775596627,0.00640665698184569,0.00328184475871052,0.00213495830430908,0.0105768111055916,0.00316149869831278,0.00289780297325153,0.102025948453866,0.00331939768866672,0.00217402536277798,0.0143265080955193,0.000265796111627332,0.00230580120828544,0.00380471526718005,0.000990542545284597,0.0012519741096922,0.00154965631191545,0.00614051039620641,0.00334303792568186,0.0118336103191815,0.000539439242473708,0.00153027617351871,0.0143174088612202,0.0559935080238268,0.000495748166616439,0.0109483275605912,0.00177287992343195,0.000779140811634136,0.00041045576054009,0.00544623042776751,0.000437121871521053,0.00226265779936425,0.00805042606238609,0.00111767545209582,0.00108306686427884,0.00146358899352039,0.000928065603686178,0.00439495064562405,0.00332659163294244,0.00531410479000227,0.00255963060064232,0.00128649633335244,0.00122346074862354,0.00893265645689042,0.00219148081248561,0.00397410635662099,0.0124191545140841,0.000632703919589207,0.00522660190817299,0.0222738711295604,0.00103667983249113,0.00288683307183179,0.0162438281956975,0.000944560328820598,0.00742803741609189,0.0067128478614528,0.000710534629214132,0.00131540883056242,0.00130613544776777
60,0.0585494037734967,0.021550062671529,0.00387282677134477,0.036286525108834,0.00242907673673841,0.00164327763750638,0.0217505950341544,0.0127929420854623,0.0152763880669291,0.0173250360455313,0.0481239076311965,0.00491696227479596,0.00624201030818183,0.110432150443215,0.00960120577837912,0.0072232964935174,0.0111415518100147,0.00330943454320094,0.00860773412691731,0.0228900109268124,0.000604279269355387,0.0022304690832096,0.0213818239299306,0.0131188102932359,0.00825988124613528,0.00367442513502391,0.0018246667406217,0.00439556119053226,0.0281630095005329,0.0109466573464567,4.58581107327009e-05,0.008636097309778,0.00382848740394473,0.002864551808735,0.00702882931975409,0.00670977479794925,0.0215453487748829,0.00857136447309204,0.0161058775550461,0.0714304455892346,0.00377866344258824,0.00256551568156084,0.0102276851388771,0.0104372202768806,0.0191963286938181,0.0126848320087084,0.0151438148022296,0.0091145021698212,0.00203958040940944,0.000949315408804812,0.0187519420790787,0.0083918348335872,0.0471936154900527,0.0104292929262853,0.0213069216685637,0.0074802736083581,0.00884206037313053,0.000398521331453434,0.0303069658016552,0.00781188400215964,0.00124634612291234,0.0102822471122345,0.00734581443263662,0.0220382607909437,0.000509205957911345
60.25,0.0801504350925641,0.0077146797460012,0.020269860873188,0.0310001336916128,0.00161811457704116,0.0085789886525034,0.00497036881571093,0.0283160791971238,0.0383257842993462,0.0430509761765633,0.0380979644572465,0.00112221096639607,0.00164112064897822,0.81940799525982,0.00855596576173645,0.0276543516905025,0.0247346753453527,0.0117957069985096,0.00424209716742366,0.00639747163868269,0.00254146097939159,0.00183495008778,0.00200874343032464,0.00959844369535885,0.00995587544812253,0.00822438870125229,0.00204407026286951,0.0312642510681536,0.0232368087627034,0.0754245769651396,0.00732015246692664,0.0101939014108814,0.013984666998166,0.00539007459983894,3.38730868122891e-05,0.0077398424538616,0.0106818472614045,0.0169166391434321,0.0377110978576426,0.0417392997539901,0.00893650169461378,0.00251419804865291,0.00621588822188986,0.0232235589548791,0.0133314155269328,0.0377682573754472,0.0445711344399695,0.00236718466544369,0.000362919654178451,0.0504426152966396,0.012320256027479,0.0347892301037064,0.0905262170901759,0.00269496521393561,0.00668658232593472,0.0157306644715936,0.013586666953903,0.0348213409468559,0.0241658565493763,0.0386277961454024,0.0101180219476053,0.0676956457031645,0.00863281705118135,0.0192751113522604,0.0033906748239596
60.5,0.00125795372981324,0.00822675620761452,0.00122249509675224,0.00666280548025273,0.000152076007506992,0.00776278320378238,3.37473373286619e-05,0.00155030495466353,0.00762814109007998,0.0300888279664699,0.00508154081071532,0.00711951959416526,0.000500928489129064,0.265461427352422,0.00287122937401279,0.00450765839194889,0.00340541563829075,0.0132096313116399,0.00986345672691232,0.00211552870450045,0.00916970748694664,0.0132875773467923,0.00360442057229237,0.000574923261733249,0.00196862626902021,0.00841762159063422,0.000505220139455435,0.00415523102766631,0.00238350753719517,0.00702636704640095,0.00181712553697688,0.0155711429613262,0.00317047698051372,0.0105170765731945,0.00149211693364819,0.00463875725301734,9.90320913986104e-05,0.000572476100061423,0.00112701938504957,0.0168828131524053,0.00109896486204033,0.0104723393548889,0.000548148300922672,0.000935602654272915,0.00154291764139422,0.00226429117623694,0.00244133683702,0.00570417712592425,0.00140852513180012,0.0237375442171792,0.00388455429211335,0.00215826379623025,0.0160717189389846,0.00811181971472073,0.000897582906993728,0.0105329921107303,0.0028183749479473,0.0415563534216742,0.00316094739885266,0.0189039844919675,0.00967238721413453,0.0493617972432285,0.000259499037395502,0.00330644821662932,0.0145199369686237
60.75,0.0130500971224981,0.0380762812009646,0.00576599543717831,0.0619782092532405,0.000126210289552788,0.0106395139707808,0.00781630375253226,9.77885732519484e-05,0.0101976456960348,0.00230170251496083,0.0198451033786048,0.0401258967967156,0.0123135282775011,0.983322792251208,0.0158814657088972,0.00210966632444235,0.0122981024666444,0.00216073821917176,0.00158923513538495,0.000413476629262244,0.000213455334947136,0.00572457378126832,0.0041417945593392,0.00257615323943813,0.00787540857236865,0.0162168115163427,0.00723019664110089,0.0148116434866928,0.0286998280803396,0.0266936397172463,0.0305533924303662,0.0293449156252074,0.00214186143206037,0.00967212572331187,0.00383041876241411,0.000724368897606485,0.00649329603351911,0.00184766925194638,0.00827581516364109,0.0512618063088697,0.00317884455724439,0.0078797618786673,0.00731141980545955,0.00562973142528629,0.00928694719159137,0.000960453568597464,0.00310107694361735,0.049457741113509,0.00373900267153779,0.0536607280103669,0.00764634351166299,0.000160690287748275,0.0307783223732146,0.0605381166868483,0.0102536933358686,0.0265976387627125,0.00769412593130743,0.00716915550814657,0.00742133340897037,0.00555966249183382,0.0059148576348249,0.0079340600910928,0.00737206455574509,0.00132524351371481,0.00038520152808173
61,0.0126415398679011,0.00611766099569257,0.018595905446591,0.0104181772658291,0.00345391414023446,0.00201202637049644,0.00108195737029136,0.00553546287410429,0.00393033586385757,0.00126946752527088,0.0268925738189155,0.0292235083802418,0.00316259763671233,0.221836410340691,0.000969805031522335,0.00131581128507292,0.00485245484423453,0.00445817661877921,0.0019712737094758,0.000879908979138161,0.00839310318578399,0.000438008787641432,9.06110404554317e-05,0.00068557788958373,0.0127997204147176,0.0175914543031825,0.000632840401783314,0.0216156192518438,0.00835041448679763,0.0152530193413283,0.00339412873788273,0.00601708688705825,0.00767679159313404,0.00132281027564097,0.00202081300652259,0.000659208084227447,0.000156583921155411,0.00279640144874393,0.0101842130394316,0.015044509506597,0.0159621421983079,0.00328931156350367,0.000574034063429325,0.00420681929095745,0.00423717917315029,0.00390470270889934,0.0126617576414933,0.0290083440462285,0.00480927339911873,0.0329764493022658,0.00174663230705684,0.00502771524957163,0.0178432399461732,0.025597181312784,0.00934706242404562,0.0364424886565905,0.000509334100822309,0.00321749462881236,0.00268362082571325,0.000763905704864468,0.00423839787884777,0.0330453674008808,0.00190427519248311,0.00598432307915628,0.00350128592080435
61.25,0.0764884086178167,0.00514421160754668,0.00900748675233636,0.0289047769332283,0.0028038009889588,0.00425781858085267,7.57960739776505e-05,0.00309313815440128,0.00627108437067101,0.00583977714990661,0.0407927094029035,0.0110696431863926,0.00511270361236224,0.257084496136688,0.00162126258769237,0.0236371931775323,0.0127403079443547,0.0021018172009732,0.00522487002947132,0.0025455804153081,0.00468165659058223,0.00476235372356514,0.00413405865493881,0.00673261371051499,0.0222252963354006,0.00908030976501764,0.00151607049028395,0.00383365544227207,0.0281945937154263,0.00388069497845202,0.000983095464266246,0.0315554914822731,0.00425852874720383,0.00231590358699105,0.00430895993223884,0.004718555202818,0.00264641013704961,0.00148306960410492,0.0161243609378202,0.00110364994817807,0.00448596302434571,0.010108979871576,0.000727515638472755,0.00406781892451245,0.0044413663314763,0.000860003868037829,0.0205368444078597,0.00960435387288531,0.00415468967208086,0.0107516141991718,0.000658595494822104,0.0108002328265618,0.0991054336910427,0.0136428968457,0.0189562125898236,0.00601117908415299,0.00122661829365922,0.108104856034083,0.00284861284855164,0.0189019715594954,0.0101444396620362,0.120496266232004,0.00277297750327348,0.000340846630409876,0.00446095950616141
61.5,0.0206921348857034,0.018718277222509,0.0018941575296473,0.00561767956221538,0.00214034977989671,0.00587461580702779,0.00101356927493039,0.00414902911409937,0.00333728233780836,0.00107559172555432,0.00842966994003157,0.00182061448169788,0.00332415235699118,0.120601766490263,0.00704813916075421,0.00329923599297723,0.00568819393881222,5.77583291439274e-05,0.00415857236960968,0.00021411262756172,0.000971765385449152,0.00266540962772936,0.000165542980682129,0.00781416465961103,0.00077138914685809,0.00336322829980316,0.00810383987822389,0.0115796894013313,0.00457489088057185,0.00483919568367414,0.0221068917042839,0.00118269317069156,0.000205638824591502,0.00173874872992755,0.0034169393546212,0.00347951248704732,0.000463382819957994,0.00253196837951582,0.00443621922823109,0.0139357258166884,0.00126298456258935,0.00414535217693956,0.00261159128558111,0.00672343379511525,0.00291074335571778,0.00209830048898907,0.00204571977747207,0.00431848444864709,0.00215305330976277,0.0181462641032949,0.00434909072099608,0.0102139816705549,0.0160993372391553,0.0165301327766646,0.00435839913560869,0.0107808416153646,0.0111456279934386,0.00260365336674327,0.00780214042090718,0.00605758250570263,0.00505928010551238,0.0130822899406792,0.00547313637619302,0.00153296259961438,0.00150244261690275
61.75,0.0384281505509612,0.00466360294136234,0.0127145511093504,0.0275730720880032,0.00373876904817787,0.00508493402993703,0.00122251377754014,0.00226598392176311,0.0185101482724449,0.0184783798721431,0.0241148881925461,0.00711515966425819,0.00696163653957834,0.423037972882399,0.00706331296937343,0.0227438668253567,0.00136758795456482,0.00540967001853269,0.0110190615444366,0.000817586867000155,0.012156034676144,0.00818229772886537,0.0103694277035718,0.00591426154306469,0.0143367707501804,0.00352871679330717,0.00103707036256931,0.0134730222683914,0.0292667857608343,0.00189590472880084,9.27104398286275e-05,0.0245548083555473,0.00413482242198958,0.00996187765307929,0.0121589776262952,0.00479798578709686,0.00251012891792453,0.00527816723173906,0.0113876433799961,0.00664193296289456,0.00620342158639599,0.00795286884944845,0.00123899531601199,0.00693813150036194,0.00554835818770233,0.0128941401723363,0.0187605816103773,0.0158928819497346,0.00237692475287414,0.0244891653748129,0.0035780035535568,0.0135018479857158,0.0332985783586581,0.0116702373931889,0.0157437912659975,0.00141618763000676,0.000824994239522304,0.00282180255543218,0.0257380002504433,0.0243540856072815,0.0142823328076049,0.12750661018215,0.0049435391580182,0.00302821742100432,0.0104822640514801
62,0.0215754072403705,0.00519642005750129,0.0111718939289805,0.0027700669288268,0.00970085749992178,0.00222969915100269,0.0011436354542054,0.00427588419278322,0.000729491889930755,0.0203346096654806,0.0131473096104823,0.0118810881267858,0.00364183480496116,1.04030178931166,0.00116545785659944,0.0266505713786723,0.00150379416155605,0.00529900595451587,0.00912495380045878,0.00201299389740905,0.00981754643299019,0.00733988586797219,0.00587364869127837,0.00191701431512551,0.01430941557053,0.00272100101348219,0.00526300417440868,0.0105086440329714,0.0158053351645982,0.0746200439816716,0.00208611124741748,0.0400095098856456,0.0121852182913335,0.0049874943604091,0.00419416121230655,0.00228768468608736,0.00171623045849607,0.00268915076874618,0.00827428407447122,0.000441096709913665,0.010316149727331,0.00354649247157564,0.0057878704171772,0.00271764218857576,0.000680970799034675,0.00750537328618408,0.00621329916891329,0.00338229984713935,0.00929469741249785,0.013053846195058,0.000135469183559979,0.0187262440188906,0.0111672872520792,0.00621400039179447,0.00682166888187578,0.0283690524528746,0.00436853766337824,0.0241341524237376,0.00308159073438586,0.0349412032528979,0.0023808177307231,0.0863852234985557,0.00521213767188392,0.000904836211331475,0.00853625395517322
62.25,0.00237833988508911,0.015511988080328,0.0042483069189741,0.00524401147344338,0.00380655209057798,0.00326963260749421,0.000456794101443705,0.00351904205181968,0.00094899214579685,0.00558413047952993,0.00385223280283505,0.000520227937731515,0.00116782234820689,1.79045838938418,0.00120831558265662,0.00462125035156037,0.00441244447667889,0.00304636782685881,0.000825063616859151,0.000700069737457386,0.000573376131357544,0.00162579741039227,0.00186004705635196,0.00120465480407976,0.000165866055295638,0.000910447346860951,0.00346131793019146,0.0264032777343329,0.00756363559688404,0.0319977250140604,0.00225056543564259,0.0475923473996808,0.00489639367631457,0.00288362510083734,0.00434916266312703,0.00139461532435814,0.00102259301570853,0.0010637553072569,0.00344503445329729,0.00504363439650119,0.0032388084534573,0.00161184837576721,0.0024082044435868,0.007075294098773,0.00247884427798439,0.00100656172862013,0.000226072146520458,0.00063474283047623,0.00398754665964084,0.0530480823331441,0.000749111136653737,0.00125237273974551,0.000987227635186699,0.0100539379319323,0.00158002376439498,0.00293215075886437,0.00393166609360282,0.0402530280465812,0.000794369734723316,0.00412427578082947,0.00225355011452151,0.0452667658667627,0.00738487350719597,0.0011215654427302,0.00162488727131198
62.5,0.0604595738517651,0.00131398405114871,0.00673766123826978,0.0147832096132266,0.000778649676860485,0.00277367048506149,0.00533930577536746,0.0110316935402344,0.00176144216849695,0.0109735736118006,0.024778266840411,0.00916253148489228,0.00811865140716657,0.317303673657801,0.00338321981257091,0.0144105554174798,0.00171918129736044,0.00535814083406325,0.000105796434478226,0.00417353312614544,0.00668545403959164,0.00252112567890258,0.00199053455345827,0.00204529424550849,0.012824471035493,0.00172680605933201,0.00264615863369623,0.0107659522992389,0.0186206102887621,0.0290900048549129,0.0125346512658641,4.65711254357861e-05,0.00663843124054617,0.000933717361715363,0.000708493833265688,0.00120203534580043,0.00664863056599322,0.00603273501372378,0.0146114392653622,0.00095827306627123,0.00456101083978715,0.00471351372100597,0.00384653901548771,0.00434568805751233,0.00791656736260201,0.0137633684548237,0.00827633197030251,0.00379249343492114,0.00909882243912359,0.0256241612888659,0.00434218772902873,0.0113375630210427,0.0616403476673205,0.00364162995848171,0.0148956425896914,0.00825820854096297,0.010824241827719,0.00505829916766173,0.00369515494903869,0.0212185872467033,0.000161701873399157,0.0414570886674966,0.00280496869515238,0.0115921729823758,0.004933460596037
62.75,0.00178297963401305,0.0270326100066511,0.00296732551223597,0.0162037572236368,0.00181406183374055,0.00310417180884848,0.00675494688406007,0.00180253277279395,0.00236930808305272,0.00629208467596908,0.00239970994679433,0.0163275621938427,0.000299272692595771,0.690639856487486,0.0074035315952082,0.00983449840432011,0.00562389212465997,0.00858928639616759,0.00188770195700737,0.00406162109944581,0.00453351161711202,0.00344130757160014,0.00526605354502682,0.00157004669102168,0.000406560427442313,0.0129894019161452,0.00226076826274849,0.0110406065412967,0.00612737117472354,0.0233986604269221,0.0150083790007233,0.0205771371768513,0.00512559156756651,0.0110154679112493,0.00428339875239138,0.00124688006898215,0.00627659655007267,0.00376431819400814,0.00411295959970574,0.00376586200571758,0.00374881233564746,0.0155839298212483,0.00162767800683625,0.0056071831229053,0.00305656844554571,0.00347021377145012,0.00461149354242543,0.0194270038863278,0.00066411021036014,0.0410550499578191,0.00343613347509085,0.00239981462347333,0.00176852430929754,0.0323416888100336,0.00280593572203971,0.0142446232828293,0.0135107346901035,0.00389897811324548,0.00635719868896955,0.00960232407956392,0.00493684618459767,0.0191272681397929,0.00146758108898106,0.00532845115450808,0.00604052126925284
63,0.0379033631779063,0.00279495596999523,0.0188036671480129,0.00119935014698215,0.00187000630661608,0.00100288860674891,0.00220811523562546,0.00782269314842647,0.00653846474060237,0.0179362412543117,0.0384780910112158,8.14672770586865e-05,0.0131198567990456,0.511306629453369,0.000418478575114572,0.0117149974720152,0.0110931026682429,0.00068331190001979,0.00260558897075309,0.00525502954322666,0.00218166946836001,0.000600677305115009,0.0025885901427092,0.00267179023387714,0.00766860597098342,0.00491418583011977,0.00159820047804531,0.000648469369105597,0.0280982682034856,0.00362952552363686,0.0091250711455285,0.0129551678346215,0.00220663790640239,0.00128821526972771,0.00109893685816255,0.000260522773192837,0.00186624312076668,0.00361998375309316,0.0212799263753104,0.022627396703917,0.00274441032583253,0.0032252723249813,0.000191730801990273,0.000857659912115625,0.00860517607820935,0.0174093927085104,0.0176179584107158,0.000478482065736188,0.00585276467172719,0.00808989949956164,0.00092401568124365,0.00688289295275973,0.0471733921409713,0.00209830180370733,0.0170594954661328,0.00993244025885944,0.00524686257308513,0.00771574131716658,0.00193215412532504,0.0196262657778645,0.00156943790248269,0.0205190891832295,4.51976427745115e-05,0.0094721970127093,0.000125485813962548
63.25,0.0192846426408246,0.00460664809705689,0.00281192072110799,0.00169418771878493,0.000839934668910901,0.00579960505943492,0.000174609788424019,8.18935487820304e-05,0.00136802522998058,0.00705056994337997,0.0434560279754893,0.00706539225794078,0.000482176379342132,0.0279969631021837,0.00127340122610032,0.008795776467213,0.000399905909898805,0.0015240608309299,0.00167121487052581,0.00216127963189985,0.000127376773871654,0.00102094846716469,0.00218618426466132,0.00306323904649014,0.00425048084210197,0.0119720441666618,0.000471556763897594,0.000796647246520983,0.00736400671420418,0.0926571301825179,0.00534072205837165,0.00569093168101815,0.000567790537180695,0.00235076210553834,0.00222143117240379,0.00144297336671974,0.000178856806560637,0.000650230638981245,0.00280312064440525,0.0113026492734119,0.000536136727324641,0.00610762416534938,0.000242751783680251,0.00122172381979056,0.000232814630940438,0.00182726386927119,0.0138178127749826,0.0116875316858467,0.000342457623722634,0.0118907736017499,0.000495754234951206,0.00092940547329436,0.0457758571036113,0.0148030545977402,0.00367097748267481,0.0258828857574506,0.0101246538884591,0.144540610402809,0.00456255768724906,0.00181654145146945,0.00682117730936472,0.0537648178041541,0.00357999350190644,0.00324786349044468,0.00100506694158895
63.5,0.0161451051530549,0.00696266737834212,0.00741854662775114,0.0176736587926773,0.00149271574622261,0.00633614039481571,0.00557273571790547,7.92432910278593e-05,0.0407575908216554,0.0464357858758715,0.0102665367355848,0.00387565760428111,0.00242082106755881,0.664505057706739,0.0282839132529743,0.00783215946043363,0.0192101039845231,0.0102420937359724,0.00270074304333483,0.00232999979655174,0.00859812977045542,0.015222172384975,2.58824356734824e-05,0.00580266144629085,0.00336848693741035,0.00758671238231242,0.00444009724963616,0.0124757741953535,0.00163808938214672,0.000374565230930952,0.0227779928026743,0.0189993507545556,0.0122759025645285,0.00784512465464397,0.0017472728143881,0.00770102592916625,0.000926794260723913,0.000939843873644244,0.0105504222487557,0.0188314236033402,0.00878805694950715,0.0114470606412106,6.61251217020394e-05,0.00408270229597211,0.0137505270919153,0.0130992007912969,0.0100754087594025,0.0084092628348768,0.000716635431898909,0.0454989054462548,0.0149860646983826,0.00277642089938728,0.00973084724790858,0.0048361932270728,0.00276519603851469,0.00730423515435012,0.0131866530671413,0.0122618514806619,0.0314106590658988,0.0343212394807445,0.0346648120051641,0.123746066905202,0.00347897223118925,0.0111542681356351,0.011764229329819
63.75,0.0315304009091741,0.0140602061431396,0.0204915512766306,0.0236928398456187,0.00263968765347509,0.00939315939933389,0.00445242831499833,0.00296918712802844,0.00438609899564198,0.00371336968941731,0.0205354967542287,0.00698331564524939,0.00255288648699573,1.43313480981009,0.00482757405227629,0.00333817409172886,0.004753626355513,0.00179972483949869,0.0101078793692359,0.00873850558343432,0.00125655503122381,0.00442240116254148,0.00801551792864643,0.0125437481389227,0.00718872014912485,0.00284457608668924,0.00428354354655639,0.0113532128100102,0.0116201144027317,0.0138334128433987,0.002661563717024,0.0620434112956765,0.00410345550753497,0.00170195804553094,0.00395703915765182,0.00534500457160009,0.00538408991566341,0.00416259097536537,0.0190015550969561,0.00147176519168641,0.00318944089444989,0.000647869558365024,0.00708559119494996,0.00597167726281494,0.00491773890865784,0.000392331133100913,0.0209372569097145,0.00350360442060595,0.00246947964426327,0.0439579773436599,0.00229987506522655,0.000736394527236236,0.0378427687183695,0.0115425635531842,0.00254457138268356,0.0106331161529716,0.00218009636227676,0.00941136822249659,0.00307962421591512,0.0118497627897437,0.000527015606315249,0.0838985146926017,0.00884528978770748,0.00449274821998632,0.00560662122648774
64,0.0276566388639472,0.0121465803770667,0.0255721915649056,0.0348653292443393,0.00618733992183065,0.00415723152091185,0.00835746347237055,5.40533619118405e-05,0.0248361029011003,0.00246861590065372,0.00869068741648178,0.0112216277770241,0.00148673909586525,1.53374310662832,0.0227162090817919,0.00814595959082974,0.00642380551525051,0.00317327190220881,0.00899196455742239,0.00597164848321734,0.0141707416214871,0.00103703559571238,0.00321250121330452,0.00151951048551757,0.00237993327503559,0.000756013679382639,0.00845026127392252,0.00557544403434288,0.00143304141775812,0.0557783344910139,0.010729363669927,0.0475882288817912,0.0135074387331882,0.00757679487298071,0.00732964197013351,0.0023005804709652,0.00666853854917087,0.00158469241430812,0.0185556308285067,0.000191152665971135,0.00604070965218824,0.000852724701401959,0.00568328336020876,0.00282335105744162,0.0151314866222594,0.000433012467341389,0.0186965957674695,0.00221435926763881,0.000151916278113256,0.0250507277582559,0.0177321307280578,0.00267639452376984,0.045070138714838,0.0223214222308789,0.00254159457528798,0.010269066335317,0.00852230115842907,0.0691796524796829,0.0327503259237034,0.00239580902945931,0.0154333042468317,0.0178168842258939,0.00114824477710045,0.00798266694207346,0.00516679040534338
64.25,0.0178504967813783,0.01003212546636,0.00515882167277794,0.0162856946554671,0.00145487925816187,0.00166960648065759,7.22608662045393e-05,0.00403411723633126,0.00329994383257845,0.00139688438039425,0.0131076735687351,0.0150555562704504,0.000727569515415658,0.233681381555701,0.00193614014164558,0.000605952593490658,0.00710240566485409,0.000660960131697365,0.000207892300446859,0.000386999800225764,0.000474870942671053,0.00171292405514694,0.000832871391685449,0.00216971459732743,0.00430431121252592,0.00381326984771088,0.000102208140544391,0.00193844729897843,0.00766931435795691,0.0147505944303123,0.0045816951537537,0.00193764207978113,0.00375259323840451,0.00180446723290642,0.000837181547126441,0.000855164405936651,0.000626166182193606,0.000794810980909461,0.00568158509062498,0.0224387545222118,0.00230012557747863,0.00267271891025555,0.000655779068389407,0.000856158662046635,0.00198694768238665,0.00441827020128682,0.0194431644344316,0.0116458767720545,0.00225046731473892,0.00414018967528028,0.00131911175806193,0.000835849868922048,0.0326291201703889,0.018291086597001,0.0051758820940936,0.00647226155140846,0.00273755315850206,0.0147933176491641,0.00128136391642756,0.000584852216622726,0.000721138605242289,0.0101412559114842,8.15659127299775e-07,0.000325825308407204,0.000178457052510416
64.5,0.016855700890454,0.00218817188201355,0.000174223941501619,0.0137740954490874,0.00263048530317044,0.0043871080581551,0.00535207473808712,0.00427257487792283,0.000109180931526103,0.0101736491672132,0.00452423087100131,0.000953851413228838,0.00168639060999441,0.227110016995341,0.0022505656825773,0.0139692755803321,0.00183486396137675,0.00183407987932735,0.00438147536494985,0.00658297553206602,0.00235250738976929,0.00488905060876366,0.00401654218923982,0.00582039284577899,0.000413346796995651,0.000487095514423386,0.00181482341668312,0.0108992876909015,0.00382831108599907,0.016309213050861,0.00606206844824016,0.0305747678282425,1.36816419981443e-05,0.00189589201057671,0.0024661188178635,0.00251480846046972,0.00650109263754399,0.00380518042172652,0.00183424281355061,0.00147993356066956,0.00211628125995611,0.00204829713929144,0.00409042169284726,0.00397917718178416,0.00237480954396824,0.00417421380983682,0.00272223131445708,0.00359194293327012,0.00189788835243183,0.0149266267808093,0.00277478419231925,0.00556991139923112,0.019292079440462,0.000818878006229405,0.00107857474632924,0.00134569142906413,0.00799886728530825,0.018326591695545,0.00483966934753421,0.0110236143347133,0.00144068793869965,0.0675096215894113,0.00750124498686829,4.03372185295048e-05,0.00360476737608414
64.75,0.0473269486397763,0.00260579395743076,0.00574383021798423,0.00491453499463227,0.000462980514580803,0.00346554928915919,0.00633711969697447,0.00413533878747948,0.00750846530491227,0.00727143103788244,0.0390942966897011,8.56494097861453e-05,0.00597567944501416,0.10630529399462,0.00050220412087555,0.0026308517283504,0.0132487935803096,0.00078347331683009,0.0059673125818269,0.00645032101888436,0.00292831503946584,0.00181412577019809,0.00634896816670673,0.00570751360037894,0.00830408980224318,0.00161191097895636,0.000499470594840848,0.00500918075924906,0.0284439710540468,0.00568499169056127,3.05661541925767e-05,0.000904590931713122,0.00022337544090477,0.000831569856642162,0.00334277546762519,0.00573656738073421,0.00646498425065537,0.00572197001538636,0.0163856937223886,0.0074948599047343,0.00276275056350229,0.000263117052629806,0.0031141948074248,0.0048530046195361,0.00715220971374235,0.0138204091182315,0.0119534328888882,0.000823098054130066,0.00198548038959379,0.00665089580195412,0.00327478068951686,0.00830429975354983,0.0781832817938761,0.000764327638365364,0.0170315603202772,0.000401186852291023,0.00179728647304336,0.0447897510048675,0.00392843114847734,0.00365715788569871,0.0003612112825589,0.00225039343612287,0.00461421419764733,0.00483578397301544,0.00404839691082346
65,0.0766404933974188,0.0246258603341447,0.00570645947822351,0.00459808674520883,0.00111089610846538,0.00388651565592119,0.00409956063640833,0.00322820137547327,0.0040151523161294,0.00104602448481439,0.0326815577239021,0.0149682330133125,0.000549431250368582,0.865565992821063,0.00271177904353347,0.00422207541144078,0.0106364226320351,0.00152949531818259,0.00370055065863985,0.0152903548489672,0.000141800793751131,0.00334956791382682,0.0060697055193642,0.000770192060120657,0.00873622098052201,0.00196900104558322,0.000484291381830332,0.00647921581133936,0.0124503786271942,0.0462683542668834,0.00142504771443042,0.0226031930170329,0.00171953085817315,0.00219930888926983,0.00413061220661685,0.000349477786774675,0.00547557904358708,0.00409690989998494,0.0133751027097294,0.0148710481127452,0.000780685018213406,0.00301292089334377,0.00117748427365554,0.000185737083051546,0.0112157808358239,0.00564660984553088,0.0070166618097921,0.00759704063678816,0.000355390489331836,0.0355900916329059,0.00294957092302431,0.00266407877581073,0.0548811153023007,0.0272270211489724,0.0053818761553648,0.000597807512742948,0.000300941277931238,0.016297417673812,0.0120912469023108,0.00300925400804096,0.00157681576555556,0.0608520645446843,0.00335275760379537,0.0157717205502076,0.00290533810164878
65.25,0.0122052816685922,0.00312876519929266,0.00616402766612974,0.00986136618025011,0.00105055790057114,0.00205995176182148,0.00270175483307839,0.00153405634065342,0.0231388510789718,0.0167675710295615,0.00103730143650769,0.0181888969502853,0.000404127477719018,0.0313942191382432,0.00989391032960578,0.00134189687724861,0.00498380793672305,0.00917352504088059,0.000497254963288239,0.00269982170662917,0.00150383653950176,0.0045890122476487,0.00043373002726337,0.000635342541477011,0.000658598658529212,0.0128100516598618,0.00049057486507412,0.00806409414619484,0.00225626480321253,0.00663441572500863,0.00164914673106915,0.0110809064339245,0.00223347921002576,0.00414633638201066,6.94060309710901e-05,0.000738134273793836,0.00166961507539301,0.00180545957847441,0.00656800784301183,0.00339665057510267,0.00305033101873085,0.00293927945399555,2.80638696127286e-05,0.00106812773786038,0.00443095759377176,0.00532747585817501,0.00595952810253729,0.0105063275887838,0.00059184268733147,0.0168311816297845,0.00656436699573239,0.00146315315308801,0.00479909968850024,0.00924216882721629,0.00138789597842158,0.0142910488628703,0.00113122121496954,0.0192331340795245,0.0118749454843721,0.00921861580479365,0.0137310325429449,0.0143997099855219,0.00031038783726707,0.0115807609064701,0.00284933105206377
65.5,0.000897968370677922,0.0136800788351932,0.0015448684125928,0.00289655200495929,0.000831809692673816,0.0134072836373509,0.0016167562859819,0.00137792313542052,0.00945422881643527,0.00398089107889224,0.00396949663398046,0.0179507256093854,0.00195242455005796,1.73781905425459,0.00970622418800753,0.0010580469990162,0.00430060503664253,0.000510006313668036,0.00217225456512474,0.00209741228193488,1.52031779335731e-05,0.00254657566723891,0.000117927290924822,0.00069500476821065,0.00321656415813911,0.00963116918165943,0.000313095235178617,0.035664615052885,0.00281548008853943,0.0169991049433869,0.00912178335506538,0.0311552730739133,0.000558865358454216,0.00307490906481708,0.00133479041725431,0.00119385056357091,2.02142053905243e-05,0.00120347880966928,0.000379620025945597,0.00520620629676006,0.000519110452028918,0.00746744493199751,0.00171549528934413,0.00609216275799061,0.00535206617550009,0.00100960345390851,0.00143179188549132,0.0061261230639673,0.000206802806017283,0.103190557076382,0.00439049862481248,0.00242072203927882,0.00430902128593032,0.0166358401561065,0.00441936605411867,0.0177642701734202,0.00875166985551562,0.0208453738313453,0.00324825468797952,0.0048139208085367,0.00564830204493353,0.01118936165855,3.77563715753767e-05,0.00253736876259549,0.000942472669177258
65.75,0.0131986524684093,0.00893034656703681,0.00427274504903472,0.0040777017632378,4.42644776167813e-05,0.000275642481612174,0.00653102137847982,0.000596152452618111,0.00639371056859706,0.00688563257654144,0.0130025670284323,0.0126222864595317,0.00380910024529207,0.8321552205831,0.00185721055595124,0.0190276415867262,0.00624671787064623,0.00181871675253581,0.0016765495032209,0.00305636040278046,0.0042003767023639,0.00556664309209344,0.00243937720292294,0.00064186545670188,0.00607084890497177,0.00498988111782056,0.00311552712241749,0.010829341769425,0.0136378715370542,0.0244195723375863,0.00807276116929697,0.00773309414823438,0.00553454586500335,0.00272684637705122,0.00182676544461586,0.00154863255513746,0.00507896163700991,0.000413383406130172,0.00500566108415354,0.00113608189501517,0.00237781006033752,0.00143737965278031,0.00131387316842521,0.00154044418654497,0.00294781821982682,0.000142890053040274,0.0122287841622198,0.0196770568306689,0.00017382890892549,0.0272402143586376,0.00491904725862306,0.00295230458200033,0.017548844916344,0.0243959078996615,0.00739202851143867,0.00687445445801182,0.00484781484874886,0.00446967141686267,0.00530554558127774,0.020913518878486,0.00307195747404116,0.135715612030536,0.00935381192693826,0.000540109597151055,0.00348160925952233
66,0.00885680974279756,0.00386846992380847,0.000445023769489652,0.00224207808835779,0.0011464148156083,0.00159728875411833,0.00100739626897203,0.00319267270560639,0.00657539376788794,0.0026884120395051,0.0145632336727857,0.0011774630200627,0.00379713110829411,0.772798493325819,0.00150544790059635,0.000359690762704202,0.00467084734894982,0.000174948350628588,0.000223901316836254,0.00288588136027765,0.000584396859106825,0.000533550558319658,0.00131060729090304,0.00356893117632165,0.00377759901670646,0.000237935448651326,0.0020441624891118,0.00794886968062379,0.0079015049764325,0.0136941268528398,0.00907008408687215,0.0267741180695052,0.00026425129367502,0.000413587051378838,9.77539370244467e-06,0.000222464137178368,0.00119861666243689,0.00096206388695952,0.00276506115367577,0.00867708910243586,0.00125285267487357,0.000551462778027151,0.00173482653558336,0.000885410950350952,0.00276453945437265,0.00433633426204816,0.00829007715896676,0.000472977632852859,0.00328706831579831,0.0214540912254093,0.000511410650539079,0.00145046799409305,0.0260102810424343,0.00124049905099704,0.00428731641732336,0.00429442395015983,0.00466950767483532,0.000346506516384883,0.000707933861104044,0.00684869310443157,0.000157528891163594,0.0202438624165253,0.000218317864535075,0.0050983844597289,0.000330406291562119
66.25,0.00770643807877165,0.021669984573123,0.000977900632825573,0.0107553696310463,0.0015874795108555,0.0115080679661086,0.00405517744924087,0.00897899753359974,0.000316409192255737,0.00967058750626196,0.000326289696915085,0.00727228735634627,0.00526092768479149,0.490703738002474,0.0040536115194151,0.0021440143125715,0.0100384144724112,0.00254138595323901,0.00113131883586595,0.00845332285681543,0.000157828307046657,0.00183839041202835,0.00431117678772527,0.0091801320771198,0.000568027080458953,0.00527324414704236,0.00144218512093171,0.0152660085353519,0.00404728699613594,0.0408859424488355,0.0128093995625337,0.0161075493040903,0.00103106991131862,0.00285324440380336,0.000956606396371103,0.00408521683413838,0.00237136069305184,0.00833743792408146,0.0066197754979619,0.0190510008974025,0.00229230274657873,0.00348171470366539,0.00323189624565662,0.0155920879915743,0.00217126336990996,0.00888768728705785,0.000747037664667693,0.0060667493843742,0.00252155009370062,0.0262367134363194,0.00156674491100408,0.00972901619318492,0.00464313201901769,0.0175979992200958,0.00131023471788207,0.00773568325742717,0.00610637520794707,0.00303317450945828,0.00415077703697669,0.00542446439834281,0.00155338231135463,0.0227715396442944,0.0050807131045726,0.00508986031886118,0.00115419291251414
66.5,0.0194526450251539,0.0094124924819595,0.00311559541007006,0.0188440759065779,0.000167607105538637,0.0404931758887195,0.00291825612397707,0.00477880038448092,0.00422483843186181,0.0271524268487329,0.00533673891308055,0.00240706644497866,0.000371527424016633,1.88361296966809,0.00377487325870288,0.00395110810442455,0.00497708362688441,0.0021999044476508,0.00246149970843574,0.0121745551686415,0.0010841964146928,0.0110704530931857,0.00174419095753565,0.00623728986299031,0.00110768956213706,0.00855658333361686,0.00163319304950755,0.0465005711044663,0.000930015373585936,0.01200710111784,0.00137899062965653,0.030581841102268,0.00165049326396299,0.00837474592345547,0.0013658629570219,0.0106198063833094,0.00490257224213541,0.00420982897406325,0.00447472172512754,0.00214767337736095,0.00300692009678033,0.00742065212545972,0.00100068619858612,0.0167298441868725,0.00267147668337081,0.00586499129557079,0.00531361473300264,0.00136538528187888,0.00106088693092029,0.10876821465515,0.00167986369423379,0.00214160295532325,0.0158813077913758,0.00914356428060996,0.000811761887036458,0.0010702380238446,0.000740608504450011,0.0308152004892753,0.00573561893536636,0.0186854865654638,0.0163355610107971,0.147557135593872,0.00498494498235947,0.0018083367994723,0.00369983333844906
66.75,0.0363856826560485,0.00734311561193879,0.00777890270333317,0.014797698999677,0.00195613278058411,0.0160566590341216,0.00213741772800416,0.0203334787702111,0.0145454333396952,0.0531631902232847,0.0382214883396633,0.00575382770879252,0.0122033932784269,0.851516758036026,0.00337713077063355,0.0560904860001014,0.0160721187920572,0.00591097406992352,0.00192944048765998,0.00462397715972015,0.00251088019405649,0.00502118281052034,0.00152387882547364,0.00977120296502409,0.010137627074617,0.00638024564506023,0.00407406503820292,0.0438064913200854,0.0328653740733676,0.00919748987047878,0.00913161489577729,0.00891918542173172,0.00732923487017181,0.00117468945518588,0.000371333427352954,0.00757520781394297,0.00172643129620839,0.0111852086652979,0.0184714518685627,0.0104716512152236,0.00359376748229995,0.00920791109133467,0.000739993723535215,0.0225570863033497,0.00832292708005843,0.0305692401781424,0.0189329320417748,0.00615892232320803,0.00408162398954757,0.0609828893466523,0.00209282818940292,0.0449486323587541,0.0514110409923012,0.00371527968085493,0.0209756856462957,0.0108398627810527,0.00826748221551111,0.058948416418276,0.00485370033618161,0.0625947965204298,0.0155151126492781,0.197005034725165,0.00508923832223715,0.0105769841628658,0.0043764818701768
67,0.0273753766787372,0.00340174153403902,0.00532357244454175,0.00653268366619268,0.00067883762259254,0.0110813285957821,0.00567864685419077,0.00109988149762971,0.00188260949588959,0.00183919907373396,0.0125974659603241,0.00106060102455418,0.00127009168198143,0.199228010831519,0.00518845585601489,0.000266464022375284,0.00431198066992024,0.000508941824706608,0.00387635407811131,0.000499203618260215,0.00280938547561592,0.00388444234872919,0.00441925514470482,0.00107004072618164,0.00244315994018098,0.00221571081139118,0.00289031486784149,0.00484326236900713,0.0069156764982744,0.00221815505619653,0.00476468020564086,0.00164968944862379,0.000473335344004105,0.00155881904672253,0.00355123160432966,0.00594954057682723,0.00666128995506695,0.000597673171479535,0.00904744651722279,0.000375172846112689,0.000439842715398418,0.010455619012337,0.00491968965027378,0.003273432084642,0.00564991572801324,0.00193533839789362,0.0125387328090726,0.000871593760204956,0.000593309985896092,0.0188841761608632,0.00456117116471222,0.00185394848581198,0.0349064362742335,0.000925205024021566,0.00307022297439489,0.0117627000471291,0.00632047274371326,0.0164734008849307,0.00297293956809253,0.000794224305941249,9.42055713167633e-05,0.00732169219681648,0.00217253245081326,0.00132995999550015,0.00433711680861467
67.25,0.0146101396571016,0.000426159321774599,0.00242794121467696,0.010230691772979,0.00716117748979951,0.00465558683002381,0.00607421911425442,0.00532084949786236,0.0102953648442235,0.020672276164742,6.75361210685885e-05,0.0105170031480685,0.000566436925510079,0.37795550048121,0.00231753007095943,0.00594895344490872,0.00207952041607676,0.00159083048086095,0.00132350846077349,0.0069450428355566,0.00321956777625172,0.00537430484266018,0.00606829705834737,0.000853608779217083,0.00247338363005366,0.0036277994948529,0.00323466693190535,0.00746137129804122,0.000287576207227793,0.0157019244760388,0.000482471652953483,0.00663383925738917,0.00205671446668982,0.00294596986645613,0.00896478667148324,0.000696967226190227,0.00682921669086341,0.00193712122259847,0.00224704703620656,0.0167389651557925,0.00566977373140441,0.0156016052990964,0.00512981039451779,0.00355220344392071,0.00538785998957802,0.00667527242242126,0.00019138009105573,0.00374667933092792,0.0029625946547695,0.00863846749844882,0.00321600712600938,0.00186760126429076,0.0146521986265635,0.00283405121294376,0.000631610798288732,0.035573371427473,0.000771897516981409,0.00202965994781085,0.00624108748380232,0.0110464590937278,0.0042481409873722,0.0247794808276826,0.00276220009997725,0.00591525178912613,0.00378278080655736
67.5,0.0245216698091395,0.0119900687595638,0.00698346010504949,0.0232592192496691,0.000273931077656603,0.00615380961742571,0.00333935747718493,0.00370573728603891,0.0235539889459003,0.0381176935472936,0.0162854646791986,0.0212462008082958,0.00715588676365556,0.281996432359548,0.0068544549689657,0.00649801229982113,0.0176187774491149,0.000954388843516535,0.00141517008866622,0.00492453227590398,9.72316626402937e-05,0.00502929982925454,0.000766217976353225,0.00107258875638509,0.00539768288425592,0.0156601608875646,0.00277214017337844,0.0128804279799476,0.0199944217411177,0.0200967106737785,0.00646400172684582,0.0210301842403793,0.00361544541631,0.00762771662243171,0.000444671644890268,0.00237562891649939,0.0020235593494497,0.00130552004349773,0.0122757393157222,0.019631693063133,0.00169041533408305,0.0112662250775846,0.00222793452149509,0.00402559689901468,0.00695564690652766,0.00879673894193948,0.00197125973714787,0.0250430245263567,0.00273136304848469,0.0178944315716378,0.0047990355916738,0.00518183199091138,0.0270404691452683,0.0249434304687874,0.00773261935043746,0.0197102989497662,0.00416915977200102,0.00254679053205024,0.00602657618154438,0.0353381000327521,0.020621209495643,0.111449688481939,0.000329797117938943,0.00766176055689344,0.0017159904048982
67.75,0.00359233126074131,0.0496690519434852,5.34180102984111e-05,0.0308297276800471,0.00340490168145008,0.00346233347343892,0.0053480331138037,0.000207061234712177,0.00482282315815576,0.000741767037417896,0.00960869606679525,0.051002365746196,0.0100080155343787,0.0246176870419406,0.00623683415910965,0.00242338945002021,0.00279928589263509,0.00226675588294767,0.00899136935164301,0.00223253781953702,0.00457562997722772,0.0012653592152627,0.00328321992697811,0.00132605914618233,0.0119361667150126,0.0154159274927887,0.00865364214219167,0.00331115854065297,0.0123333900573584,0.0557498278326444,0.0101182664431997,0.00721863259631913,0.00464181345026447,0.00307999612028231,0.00774037194076069,0.000184777510451705,0.0027618965837883,0.00111215645383486,7.24491645044791e-05,0.0161522376345556,0.00373534328407997,0.00140801142763444,0.00768508999474493,0.00138914772746676,0.00474551079427765,0.000892330560100226,0.00585071865550712,0.0406194695108079,0.00641929872704815,0.0160080545264594,0.00594061556067271,0.00012111887759107,0.0220531195531331,0.0655843011093114,0.0102226828133584,0.0287540564926061,0.000336067402779856,0.0344382472006734,0.00758949120012203,0.000831586300835703,0.000196876449681397,0.00144560542447102,0.00526872076076622,0.00543031942868972,0.00590736070349613
68,0.00131688161699429,0.00213235631662105,0.000571939030889964,3.16636208655177e-05,0.000710172163060512,0.00398923672839304,3.99608626166578e-05,0.000726794018036236,0.00139430600439917,0.0235034680099272,0.000137440979616068,0.00605693118456099,0.00153878225815063,0.186381005229177,0.00430118967397151,0.00173234521433918,0.0149979196775035,0.00276800677368932,0.00259014108438534,0.000689682175974068,0.00131712110874098,0.000483574738015976,0.00226303536903314,0.00425257925295017,0.000518164312859908,0.00783490278864065,0.00191482921572756,0.00628039180381656,0.00180282845336366,0.0151660293144612,0.00927135959168073,0.0109634362811044,0.0022755706101258,0.0053721162118642,0.00381058003723287,0.000127967529330493,0.00318629527672533,0.00117319654977131,0.00291653159604708,0.0035252081998026,0.000190022575249302,0.000317871609056293,0.0016130931472016,0.000545348176824601,0.000709496371387627,0.00467537542459506,0.000737306830786324,0.00172729418147753,0.000273955063303597,0.0203484996097368,7.64583910903476e-05,0.00138284484406641,0.00200397768200719,0.00051043114498248,6.16068843676271e-06,0.0147013566421027,0.00601610300960895,0.0529333645769225,0.00357968412420673,0.00961865917774936,0.00489083985685749,0.00475402184298859,0.00179043095105208,0.000385376074798127,0.00215594462215555
68.25,0.014471539818999,0.0014018066314606,0.000114632507404832,0.00842953179326757,0.00191862502243582,0.00103922141809243,0.00255631714516978,0.0018334484096463,0.00103720348748706,0.0158291842129918,0.00262370860872915,0.00688231288660839,0.00564630363430909,0.452639085713333,0.00193761898954845,0.0201908581903529,0.00510915454839111,0.00113807543031084,0.00769207964823198,0.00157906365877958,0.00351643054349819,0.00107698998991745,0.000791830719581864,0.000259818614357508,0.00177781661881141,0.0035056786780725,0.000118102370302357,0.00469077377185376,0.0108721327075413,0.0171650680467507,0.000796004573405715,0.0104939116308117,0.00298089410023056,0.00326172044261999,0.00267601105067615,0.00230294748918956,0.00159133405569219,0.00142670169535377,0.00140279275464179,0.0038493172466795,0.0012315499073409,0.00215268591104391,0.000230633152224721,7.31290166330242e-05,0.00273327178939168,0.00787111272948678,0.00217314820959883,0.00484354114761582,0.00146760056016823,0.0285835745234497,0.00199732834468478,0.00824687666109459,0.0102947335835665,0.00307876344794573,0.00837699858399061,0.0163092651521285,0.00134473827945673,0.0133776867058511,0.000542986363564363,0.0211825619281014,0.00519059034734754,0.0963007314587091,0.00194844517526117,0.00153699252781416,0.00324328911315691
68.5,0.00471474713824609,0.0168511855112758,0.00140056259236476,0.00750233159114552,0.00166960514428609,0.000156259202191973,0.00109225903615904,0.00137423684105816,0.00456184233901769,0.0142862760311858,0.0034761459268453,0.00586083111419864,0.000625321071173523,0.0758829188569547,0.00175781753607222,0.007776844368259,0.0182477424728879,0.000767049437514483,0.00159625701752527,0.00564832305113901,0.00154610485375473,0.000177153585465774,0.000280883964834305,0.000335724250732967,0.00108752265939902,0.00298246893632872,0.001990941828674,0.00262368832724066,0.00551954946908433,0.000140956604995001,0.00376577241960626,0.00140182015705239,0.00119560399457515,0.00230990431190514,1.31044274053209e-05,0.000553366512818755,0.000735662696520939,0.00445360602384777,0.00385957860392373,0.0169988105671301,0.00122802514836262,0.00220221485034239,0.00317387311959455,4.3050166547521e-05,0.00072444162733905,0.00675987566277044,0.00202349038904795,0.00832715954182948,0.00286984706726279,0.00213153579060688,0.000873590801281134,0.00203368276050833,0.00242028652009819,0.0170029171439669,0.00195411420503818,0.00320865546701221,0.00405560086019307,0.0112782574239313,0.00305674477884351,0.012072296438288,0.006142225475737,0.0539631547882963,0.00241349823124318,0.00529238233377162,0.000401254313289933
68.75,0.00113103111519196,0.00125200395564316,0.000621723716747503,0.00334132676595308,0.000503502801433768,0.0032615353493352,0.00201142354219989,0.000116339117519413,0.00807273304476336,0.00347426737167026,0.0016750092170114,0.00307825791944219,0.000250532198073466,0.217274115269731,0.00179084906583236,0.00258266209211262,0.00696554647270461,0.00298295043703152,0.00584049370726748,0.000153209502110788,0.00109835904121244,0.00612089209972701,5.22687222608674e-05,0.00163840907236815,0.000686082439462981,0.002577862545139,0.000265641537797435,0.00434793585445678,0.00259357243568072,0.00312516614526984,0.000770762770420354,0.0125448072220863,0.000438160013045438,0.00431984676895605,0.00154123271810922,0.00358262379996576,0.000904895821331406,0.0011387139070935,0.000366107111501721,0.00842859227380017,0.000504461341425757,0.00504975584883016,0.00141932621878397,0.00172465126814155,0.00599627876560945,0.000948426981130434,0.00016318904985631,0.00479440396572585,3.06865572365878e-05,0.0122420511473978,0.00146490593478044,0.00102307710654162,0.00233026763926489,0.00229116252973781,0.000362377648376733,0.0047884652626298,0.000315682134601259,3.58188668172775e-05,0.00419230963669419,3.13696996534793e-05,0.00483683676036541,0.0417946920803138,2.59762629741195e-05,0.00714642023578092,0.00309104235906619
69,0.00414782847104914,0.0027262215290734,0.00845720802369278,0.0079873258229518,0.00602679475873826,0.0306590015856615,0.00056762117562354,0.0021255568321466,0.0039526121335658,0.0112390817308313,0.00108814918623339,0.00277164382772985,0.0019171487294358,1.62666364695788,0.00598005210005242,0.0293299388799388,0.00516310655409478,0.0171446467165006,0.0164761085238931,0.00123989304732391,0.0141135550235178,0.0177402144875679,0.00665810604392043,0.00357355560992806,0.00455627617930512,0.0132173210936256,0.000726194881460653,0.0330870075208388,0.000957270317260754,0.0141821442179783,0.020633725136798,0.052795773991444,0.0105867211198518,0.0116722808557503,0.00780723800542957,0.0158448540006641,0.00138674362062836,0.00239736088650139,0.00561954423704135,0.00684179952176156,0.00816422827288299,0.0193428285359254,0.00260834099466021,0.00931266068309056,0.000415960028320019,0.000138577608184242,0.00449987933946363,0.00537994376562521,0.000483906085040237,0.102541860102468,0.00206223916434838,0.00339105366245032,0.00421468876075293,0.000738787452024607,0.000558769182942022,0.00211057586655265,0.0348609244354606,0.0706223195687873,0.00393616623110559,0.0185358835395459,0.0307118121718057,0.1441178715917,0.00593811080672586,1.31760816563956e-05,0.0174449009786711
69.25,0.00959715867899544,0.00440971396154474,0.000201515572965898,0.0118597828679773,0.000656319474763245,0.00334927970643609,0.000167179817408894,0.00314976419540129,0.00170387507473918,0.000743467386320712,0.0125355159714711,0.00206456421031001,0.0121710392821361,0.516390677256145,0.00103705357451212,0.00383773014308972,0.00233081423022924,0.000562130071459646,0.000112253400430433,0.0007911417310071,3.86042529325418e-06,0.00160252014636178,8.75995134176323e-05,0.00175486143276118,0.00235417627416868,0.000397433386775926,0.00399648023219574,0.0112038287850676,0.0153434965685751,0.0168735708757541,0.0171960664164983,0.00118063769749853,7.6070863523708e-05,0.000365668556083559,0.000197955023027707,0.00185496791608868,0.000113118912763107,0.00152935110882463,0.00104764953028204,0.00666902471212717,0.000472820148157987,0.0010289818537155,0.000511779491135141,0.00694773250334811,0.00384978268799489,0.00141738890555522,0.00360904579127501,0.00352746732547591,0.00336712273728044,0.0213119929843844,8.84072336958851e-05,0.00247417585058443,0.0129305128180025,0.0078284961355851,0.0105943774271935,0.000339030044260614,0.0105767717149155,0.0175158910763987,0.00378111129221277,0.00110568928858677,1.4864651650765e-05,0.0122247873611025,0.00059901422191003,0.0013540888534791,0.000426022671183405
69.5,0.00796173190373425,0.00308401716979572,0.00333706088570189,0.00963186151571906,0.00016909264058813,0.00352266657273553,8.87741430944246e-05,0.00207047241911243,4.89758917920342e-05,0.000479433518235644,0.0083428974899873,0.0027825845767494,0.00209352290921008,0.037603116020336,0.0014349943103585,0.00277854971663919,0.000231757104035997,0.00223801610843628,0.00321010798453524,0.000389197531422149,0.000827234302934528,0.000745400210420747,0.000711108941477471,0.000826343007237855,0.00331130732301428,0.00153015489131106,0.000236607655025451,0.00101145135607185,0.00827521789477652,0.00163894298074402,0.00304559978075462,0.0126298275170191,0.00582577684069849,0.00368226386191977,0.00155280451570208,0.00162982536484263,0.00169460363267111,0.000979157344987236,0.00337951922112476,0.000163339327229457,0.000613356988965367,0.00258582169996407,0.00101803655522983,0.00153637884459819,0.00032837658984415,0.00113485826161027,0.0124622839766258,0.00108730865090767,0.000928836073299419,0.00106408206782579,0.000219963616399616,0.00413789354186591,0.0103880496490522,0.00362881982059978,0.00244033084257584,0.000811840015056618,0.000866038139561565,0.0371699194781903,0.00319235112603213,0.00414205915606874,0.00348993357079587,0.0420316708878824,0.00190161095230752,0.00221970909865329,0.00121398044651867
69.75,0.0212215341252548,0.0010096779858268,0.00631672625708036,0.012334023808993,0.000688036358054882,0.00518823879575941,0.00361373621910594,0.00342045224144754,0.0041788873969786,0.0041161254308767,0.0109172231254469,0.00348686768774056,0.00693118468865061,0.653021360775108,0.00501074953501441,0.0049206330521976,0.000288602962391233,9.55165972526064e-05,0.000157176433515318,0.00150409329728962,0.000766281798712032,0.000837534173337464,0.0004325533931615,0.000968230613396772,0.00721774391279344,0.00446888602592151,0.0047588721806725,0.0113881590553366,0.0148900428633831,0.000513752630271603,0.0025778587903127,0.00850224328744497,0.00151218600378919,0.000706146898319151,0.00012242879273263,0.0013958270883319,0.00150864764609976,0.000913662647739926,0.00565252009462784,0.0145874370298388,0.000341496790640897,0.00235132922004292,0.00189300391238046,0.00483942344472596,0.00125554328975377,0.00146861139738986,0.0068288375489731,0.00360632749221394,0.00481857574374287,0.0285437449295839,0.0032068244995632,0.00263792515357721,0.02222248265254,0.00272791207909203,0.00716105431581488,0.00425164461085445,0.00243116847113233,0.000915039534143574,0.00833307817008452,0.00899015409076585,0.00298330781714819,0.0313002874519744,0.00150439439681265,0.000531411515616121,0.000105286425826605
70,0.0367049039007253,0.00954777298696968,0.00546826222390437,0.00772525183663133,0.0008382846518393,0.00215257986869291,0.00373231875619076,0.00323387621221024,0.0135873023920181,0.00260607935465761,0.0200355179347602,0.00399187175580578,0.00157435411713043,0.218630013694164,0.00734620674166828,0.000722171291402873,0.00678243700367997,0.000304003887394967,0.00166500592673705,0.00742415105050431,0.00231853593669376,0.000867394094578061,0.00262676609401698,0.00222114428856043,0.00408051098226537,0.00190628502199601,0.00101869760742283,0.0050153067483898,0.00823730999231519,0.0117002509834372,0.00123845050335454,2.81000704129821e-05,0.00294763575776946,0.000866063238894228,0.00224071915190452,0.00314772696156895,0.00436003508507691,0.00258209088380326,0.0114297836926197,0.0028417546798566,0.00362225725672585,0.000160191863454247,0.00120856468593013,0.00320248424795462,0.00663463126686275,0.00150448551068802,0.0144197461172918,0.00444476991088416,0.000406776197999457,0.00835267909613604,0.00831551825464462,0.00248529119737515,0.0380077187187896,0.00937422438367009,0.00329517932686113,0.000886764721517448,0.00183795575280467,0.0306363761267967,0.00825100344809645,0.000542725366411184,0.00360416494764812,0.00358526244532103,0.00447563186986543,0.00535982745002098,0.000756665480028958
70.25,0.00578474168575288,0.000252919064075148,0.0118350650078149,0.00997956208997161,0.0029902092580999,0.00062365206874037,0.00153659738141231,0.00542041173428734,0.0120424980506321,0.027153643701494,0.014385602459014,0.00272153284725378,0.00973746129349288,0.109617564563334,0.000119315528895174,0.0122427824474097,0.0137598990613694,0.0044541247542211,0.00372619284524012,0.00408171946264802,0.00504790744305411,0.000674373095373656,0.000667396513012018,0.00204185219320785,0.0151210884113099,0.000231835320272348,0.00177722143534918,0.000187126824614541,0.0136176866080961,0.0343733055797387,0.00463742269046586,0.00886491558519292,0.0130846228776071,0.00779121083098696,0.00283594520157349,0.000453043922106494,0.00259955816561606,0.00351242888071176,0.0120986534833961,0.00508685526424425,0.00657781825472659,8.24898883143121e-05,0.00179456759632886,0.000803498526367067,0.00737881727588418,0.0156715971335496,0.00880849733498134,0.00181000697652371,0.0105929054902843,0.000610299090868858,0.000692441129813425,0.00632235596425919,0.0188013393011141,0.000179511787913115,0.0145205148256729,0.00115460149827317,0.00395995765781685,0.0207148421959741,0.00205688365423883,0.0235127250780822,0.0115542800715514,0.0639412511216341,0.000475244085299734,0.00904837110805981,0.00349761641926001
70.5,0.0059904572114149,0.00184511365612261,0.00125052504910515,0.0106340880977064,0.00286201594317112,0.0138603827487628,0.000272393768578234,0.00331909868285428,0.0203653077981777,0.0449393324127971,0.00256866128261223,0.00968635911048864,0.00345932419618258,0.546586333847014,0.000227522391024982,0.00226877699606734,0.000554958416575916,0.00295275562383597,8.12468553326561e-05,0.00167088917679409,0.00291454620148421,0.00875789941497024,0.000829018389464613,0.00201511297607939,0.00280473452698747,0.00939644835931758,0.00120135799528137,0.0212235398228614,0.00502329328355131,0.0167305612133799,0.000529929476586507,0.0070129921207321,0.00361412906392388,0.00625874452356665,0.000581283141523642,0.00085373859135136,0.000196539442347078,0.00232308068001618,0.000573713880531943,0.00265708561976505,0.00201076577604497,0.00805715415113187,0.00114054867269173,0.00717612040936925,0.00298013401513321,0.0114645082838863,0.000994091178699575,0.00703570604772544,0.00406021217368993,0.0579021836105581,0.000375863379644322,0.00403945841971697,5.6219876157373e-07,0.00339422421369948,0.00237681606568552,0.0152820655417583,0.000894879645833074,0.00267429308319079,0.00625376141572172,0.0301379298657233,0.0115237337371482,0.0705243998754033,0.000568199878101673,0.00772563892705146,0.00370919070691796
70.75,0.0204087988938056,0.00459125815079395,0.00256035176676072,0.00637698074777173,0.000183255261292332,0.000964567832699153,0.000860516545973987,0.00125922075373827,0.00670685290746357,0.0137831560720647,0.0216296525511677,0.00367133113089679,0.00104342150268645,0.304386983825741,0.00044069509128164,0.00189907078995704,0.000780754111757066,0.000405752440538925,0.00013874666159287,0.00907589574154907,0.000281850845743396,1.16955514979396e-06,0.000694787617852096,0.00221763758032217,0.00347193396942547,0.000262927413330619,0.000703875008606468,0.000662377193723133,0.0127366812415171,0.0197595352717396,0.000571949899037032,0.0117045475748909,0.00235311878491198,0.000246382537096069,0.000494974361410943,4.8685055785478e-05,0.00109006654963858,0.00330249008203054,0.0049065168194978,0.00898505743600604,0.00133630432760691,6.75761227587885e-05,0.00154925528227423,0.00244477826672948,0.00222769546390394,0.00918038684241446,0.0137465349227861,0.0049212366776137,0.000567189446844317,0.00264077707518762,0.000396272778174079,0.00548873869214356,0.0365089026230037,0.00621307409508916,0.00512232900408242,0.00222019236943086,0.0027659294499141,0.00412716391678107,0.000585322571771924,0.0133395670108145,4.72215543391214e-05,0.00469667683943479,0.0016094339039116,0.00281117137538911,0.000238685374861828
71,0.0149125246222445,0.00238058978036438,0.00334480973774028,0.00199650607240276,0.000575187894625716,0.00120032381081405,0.000598803946272751,0.00347860705555188,0.0101430586779792,0.0382051525400698,0.0237089971538047,0.00078293438753971,0.00159382819220755,0.109179690681047,0.00099523112909694,0.013442123208716,0.0018905302950479,0.00230168253183987,0.00144634279679346,0.00149380021151257,0.00507383276872325,0.00316035425657263,0.00108090663226017,3.31221505986318e-05,0.00431760192674309,0.000682387727056921,0.00113788763645761,0.00297486258550452,0.0111579109083074,0.0405928378901234,0.00347701055502704,0.00369901093981315,0.00559520092506063,0.00194324723385358,0.00125660843315311,0.00165835912154922,0.000460726126421954,0.00163722986966266,0.0038617122986178,0.00440339149315409,0.00193923089955736,0.00184851452116981,0.000236128234932726,0.000492381395687426,0.000945744129552581,0.015097482797689,0.00727312514332577,0.00288924447959052,0.000850998963083749,0.00191916306132093,0.000638124882420111,0.00819327905989574,0.0303464370049038,0.00154033467213441,0.00898091317147799,3.63062725533812e-05,0.00271714429668398,0.00112632587525677,0.00515884238301906,0.0297222792730528,0.00425277553431339,0.049858696547656,0.0010055422896811,0.00386269378516778,0.00348519285327792
71.25,0.00563023210095242,0.00212201669872722,0.000656964070285195,0.00131982277426202,0.000328770447560123,0.00295573832158477,0.000446614451107268,0.000976594993667824,0.00297259772739556,0.0127717365617972,0.00411520530378151,0.00220944649079652,0.00458193850358632,0.0265133288291978,0.00597407228664796,0.0057031445145118,0.0107474795849523,0.00156734303743224,0.0022489924549885,7.53379504972353e-05,0.00122063248264505,0.00284489265693754,0.00060296597959181,0.000138218661848355,0.00137427405850204,0.00146934292406866,0.0030653971910444,0.00036434900529735,0.00718379849121338,0.026269588368889,0.00275701840944028,0.001946266348671,0.00132726409407825,0.000965176812893346,0.0020074499427273,0.00563147206324731,0.00169805099818066,0.00109831457493105,0.00230443862752481,0.000596003159197541,0.00207505395241952,0.00218723035406563,0.00178437607650532,0.00110783287414487,0.000205918523659895,0.00220203357418394,0.0017494726887715,0.00163258902286156,0.0032837231299407,0.000838493711251293,0.000874858125964421,0.00182702426910625,0.00283843564171263,0.00163842143404995,0.0035210688403789,0.00245823797172122,0.00519849367475349,0.0226509439221593,0.00242471306794366,0.00605104866789692,0.00662221245390016,0.0212818794406341,0.00120703628565538,0.0018260580786264,0.00277875472209461
71.5,0.000106393398221835,0.00930430421625906,0.00217047520894301,0.0120564568677783,1.72076234937564e-05,0.00104977585175236,0.00284875930952096,0.000948511856254391,0.0130891738297261,0.00313939195593602,0.0031284998884401,0.00435211727783654,0.00290468340034734,0.123081843895969,0.00265461301164629,0.00797333767332607,5.25619240184741e-05,0.000464558700805421,0.00290473899926755,0.00114760191741572,6.63962476568949e-05,0.00251791405119917,0.000123524075461388,0.000730372381779956,0.00261470978324613,0.0022846784051621,0.00103194542578314,0.00380304930534101,0.00397482784339996,0.00333806564926723,0.00291432280888658,0.0029188733028421,0.00504724926413393,0.00550116454012223,0.0011973201536617,0.000866776144407352,4.49153654938755e-05,2.9866803261194e-05,0.00086706998517365,0.0382146579814859,0.0016946854216807,0.000897046166171861,0.000602438999370947,0.000465011302929931,0.00456920709119748,0.00195481718986503,0.00286253523628674,0.00446174826050035,0.00132139758576634,0.00961972249977396,0.00321884426814583,0.00212461805777491,0.00364682239439366,0.0108102569509548,0.00574685247313059,0.000283348011429814,0.00220094065263175,0.0217210006994602,0.0120183980179364,0.0146181109216363,0.00905307171878858,0.0822402877747992,0.00118714015519641,0.00152522653472583,0.0011025390481238
71.75,0.00787510964729911,0.0102929948962784,0.0006819557360975,0.000396316683595481,0.0010163151387577,0.00225041233976881,0.00109732794753724,0.0027435378961724,0.000979751159747451,0.0102048592779835,0.00900877452440815,0.00288526716727395,0.000838504856863771,0.0370349924305582,0.00104978099257516,0.0123896319765763,0.0064076923017021,0.000296194380879749,0.000334663558646483,0.00293065539621162,0.00119269178963513,0.000850332194963018,0.00109439108098851,0.00348203077294472,0.00465104954093322,0.00471336750566603,0.000121267271634336,0.0010200015167483,0.00827627791468005,0.0875426325197757,0.00213819235811138,0.00384859445676775,0.00043428878020216,0.00021811784004343,0.00015366805830906,0.000147418431085168,0.00110950573972781,0.000453043708111581,0.00167275844278315,0.010630171486495,0.00371549580890839,0.0025446829045341,0.000210022477512638,0.000581347832837812,0.001000074788284,0.00516105115422212,0.00568445964681671,0.0017505334231395,0.000197898713491897,0.0107577617962845,0.00195045787342649,0.00654630180993944,0.010527858896974,0.0111628880813917,0.0041468346077947,0.00135686634860248,0.00383883257370548,0.00745645545947073,0.00734097196112179,0.0202188944402345,0.000824584596987511,0.0797370185724422,0.000841410239101899,0.00276043286550627,0.000331813980338557
72,0.00152696815333501,0.0184981162505775,0.00355946802975238,0.00576781687538795,0.00204129602849492,0.00120834941288196,0.00312831139497421,0.00143925012053335,0.0133017152852043,0.00602448969117374,0.00705572951945875,0.0205363686727209,0.00215966171014173,0.052469278403815,0.00290556583712914,0.00201596441337742,0.00549983491241589,0.00277461701424081,0.000316054096469718,0.000858842018270166,0.00198774763760389,0.00128529922393156,0.00326281424795632,0.000143835434929509,0.00544414373561518,0.0101918588117026,0.00328421372296961,0.00616049308439123,0.00589174591070415,0.0341144119218125,0.00540333494822893,0.00560397043900021,0.00290067660661345,0.0033203772978538,0.000710469619755993,0.000686089960257656,0.00272933639362389,0.00104781978745762,0.00387418097756766,0.0044769612838224,0.00466948000118655,0.00300937240641179,0.00277878108793012,0.00114161872119084,0.00546125827291,0.00451008157413658,0.00565078229985241,0.0102881334599133,0.000555367013742833,0.0133153124858189,0.00432839726382198,0.00440328805579515,0.00383062069395533,0.0219630278939191,0.00721353323359418,0.0118561360856281,0.00292741282544765,0.010915319075589,0.0136773650843266,0.0084418353205367,0.000886108830903225,0.0108819061771745,0.00556576659671306,9.38009343451087e-05,0.00169117594621213
72.25,0.000418103350211008,0.00129089804086073,0.000289556246544618,0.00477712144480848,0.00561553579350854,0.000278843219570314,0.000976779559252897,0.00148562111480515,0.00194262564519969,0.00207423148516161,0.00605972285789543,0.00670643591132505,0.00482046135522485,0.415903223283663,0.00343563231223019,0.0103462624854819,0.00248123994840573,0.000942046028929995,0.0051299184235646,0.000363373298191162,0.00313060235229744,0.000945731730660847,0.00232397210038863,0.000504112277801717,0.00430392328900001,0.00796985181346813,0.00293945632137428,0.00488756774932506,0.00342484576964131,0.00166252399440727,0.00769771722857699,0.0174055961710233,0.00162608287014387,0.00129541071987749,0.00347977112663006,0.00205911933542774,0.000742695242656693,0.000327400934971817,1.02622441656383e-05,0.00185996236615513,0.00462930177935083,0.00270029420250892,0.00198714814317142,0.00232896064991478,0.000199845425096653,0.00202217831749793,0.00392936876206429,0.0112047597405693,0.00364072332946784,0.0106621603978796,0.000674439874775489,0.00253857637943906,0.00585954367676791,0.00491601661348788,0.00447404999520805,0.0214549287412093,0.00289633529220463,0.0238215046430517,0.00269003396209787,0.00694201070368346,0.0104924258411396,0.0647228844610993,0.00327737122423618,0.00101044952739758,0.00217685118428672
72.5,0.0094207248258327,0.00307053021445623,0.000734273094160649,0.0161071856219672,0.000169764809463715,0.00222018050813507,0.00165955243409242,0.00655296417070152,0.00178585769856338,0.012267480016969,0.0111372189966615,0.000527881739366741,0.00482484415646559,0.138469364501609,0.00114258335438941,0.0077049818355082,0.0107383059408843,0.00228705183617998,0.00170841432056512,0.00640595991618092,0.00396110059264597,0.00318118185121475,0.00190937669205256,0.00142233929375943,0.00311134934060993,0.00297588419561818,0.000799927393201785,0.00337442078089414,0.0131118184626207,0.00286265774016167,0.00365582359851368,0.000813409030484285,0.000956335805960082,0.00252566794222458,0.00146475295978562,0.0038630065184386,0.00107802694387164,0.00507955287835943,0.00215929712962558,0.023616333898145,0.00377991102636199,0.00125977421328619,6.33995117161585e-06,0.00153140943905041,0.000871818456430438,0.0130282385416443,0.00617036658333653,0.00140079490983787,0.00108612988786793,0.00950843111364343,0.000554693411554469,0.00918927469692797,0.0167535745416346,0.00167311535743591,0.00705108337646757,0.000522341039651589,0.00112313921175202,0.00212562131454393,0.000551784750661111,0.019948656030768,0.0018577653730447,0.00981558541439169,0.000869073124576969,0.00949047150306758,0.0047188208715966
72.75,0.0034221331280634,0.00847998910979261,0.000280424002918141,0.00995875174950426,0.000579174251509644,0.00261447723656332,0.000438666147727887,0.00151594387559857,0.00681310926485077,0.00449353389987067,0.0013367428309461,0.00266397553047353,0.00332146719409081,0.611416106054989,0.00154366042253417,0.000432768118851518,0.00165974173768033,0.00142256094631167,0.000262493185332492,0.000117828296918752,0.00215038757491233,0.00174606758818019,0.000478019544236855,0.000216225868410219,0.000103978399126502,0.00489355684992529,0.000544874259810373,0.0106954931894057,0.00512319249596449,0.038448355493645,0.0038593575465542,0.0109023536147721,0.0006374407903116,0.00139057574032626,0.00215401901976699,0.00192551162293091,0.00138156262646364,0.000116566550723105,0.00101364334626356,0.0112455402868038,0.000198707694365586,0.0030958564287848,0.000486216011544721,0.00463351471536257,0.000614888603398183,0.000510589245060308,0.00262832701172149,0.00412743528824279,0.00087628530996112,0.0392879913080348,0.000504969486409605,0.000539455628001322,0.004115674945891,0.00827253119917374,0.00260715397203925,0.0139619241966375,0.0136728473851832,0.0231391934500518,0.00645534730096765,0.000725249226623149,0.00293892221940141,0.00304915987193941,0.00124688085349693,0.00103519398679375,0.000993338447434454
73,0.0103996108094565,0.00314150862124578,0.00057918673911242,0.000851050985319741,0.00072571144530254,0.00656382321051346,0.000606970188748524,0.00047793365506732,0.0126382736908607,0.0338180860969367,0.00727885031483985,0.00277520110479485,0.000339564519431815,0.155878541476872,0.000577610066248547,0.00487505365738799,0.0135945207934131,0.00412870480737465,0.00247002646037164,0.00048374758489113,2.75649106077014e-05,0.00167469030511123,0.000523983587160938,0.00214613477495913,3.11783910890169e-05,0.00747124150049629,0.000107355072607578,0.00479408710746241,0.00963353008601539,0.0212718086896856,0.00139137180508425,0.00250252472484743,0.00255893598399242,0.00588535083549555,0.000177912427211179,0.00194061947020124,0.000481412429336207,0.000263913744082286,0.00662491198686389,0.00110584026240405,0.000288808067684133,0.00545929688494157,0.000584966007584828,0.0017606638152339,0.00142087811433543,0.0032058216467487,0.00160803989101873,0.00132088377548271,0.00056602966157375,0.0194828060876333,0.000435354826621048,0.00150262485081649,0.012068976011772,0.000846672951367286,0.00253158641613027,0.0152307496902112,0.000549606137816054,8.8325841354307e-05,0.00105363920923612,0.015588765224806,0.00809960379603516,0.0383931187542313,0.00028867703603094,0.00263433910887025,0.000739491373287442
73.25,0.00603294843896324,0.000542871328867871,0.00180776717378113,0.00156296155903038,0.000814191616287019,0.00102540205360816,0.00310528509264248,0.000678241733683645,0.00213901655967114,0.00630415463493569,0.0189388928254615,0.00113077527781229,0.00841661242289442,0.0622634318765313,6.54520800410608e-05,0.00207527711062238,0.000190892803529893,0.00175225831322238,0.0075505221702716,0.00175260149216542,0.000459045670010856,0.000628534072607744,0.00384173317635772,0.00450612606536128,0.00824011671672365,0.000323862078748055,0.00149615788591608,0.00294090853183367,0.0263733993693375,0.00673657571368947,0.00246939963114217,0.00133681039353713,0.00134043586384541,0.00364351221963938,0.00302915855189127,0.00126998755676024,0.00112681754301018,0.00174525572615812,0.00161806467516488,0.00335804595458943,0.000372266042210606,0.000951155624710985,0.00179708631606589,0.000930363607050614,0.00262037556118279,0.00357797100451725,0.0097591706652826,0.000744073210655334,0.00353078067396223,0.00712051251500985,0.000362815483062818,0.00301357581672324,0.0201030947394349,0.00148290209068713,0.0123352279125821,0.00174481615018235,0.0100481907128421,0.0348923905697716,0.00312771113138639,0.00311959926361159,0.00220138455447229,0.0114031224506619,0.00313602199346206,0.00342058407472931,0.00116858949327227
73.5,0.00886929421815279,0.00767310871675955,0.00219858141865732,0.00105874410088151,0.00152430973863476,0.00496930629352379,0.00228915599829709,0.000586191261595448,0.00322383767295781,0.026695733833974,0.000877358573662649,0.0132753019223373,0.00314229919859502,0.125988069885038,0.00746658831098872,0.0176053981788852,0.00509752601022614,0.00310688216686712,0.00765538712345528,0.000115791662548283,0.000733670700693622,0.00299687532540458,0.00114256105463121,0.00239524594271359,0.00022374057483483,0.00884544574078226,0.00275125049064743,0.00427897018443154,0.00198187221246874,0.0200605093742301,0.0064255847150223,0.00358464847502795,0.00169397679666974,0.00401709895638048,0.000977628250986057,0.00361685486184097,0.00161180804091442,0.000510211016617315,0.00404631480739049,0.0068911625688036,0.000850776330482249,0.0077578878242462,0.00362612536668705,0.00246378598377619,0.000862602812254654,0.00614620625437609,0.000402431955784022,0.00461096317861519,0.00127960552674465,0.0196874549074134,0.0018582368089861,0.00118071719652655,0.00400389300302405,0.01133445836779,0.00215538747174506,0.0135546706476374,0.00842383811270932,0.0158905100454574,0.00499367532543543,0.0307612001389561,0.0164316791160195,0.12076908356499,0.00395089725447625,0.00170098536977138,0.00285548135768046
73.75,0.0157896365273937,0.00344649225587744,0.0043913789543727,0.0030637144990005,0.00328804578187553,0.0130206652682923,0.000210937462771407,0.000361217908949074,0.0152676446972123,0.0321700698528951,2.73608490428436e-05,0.00671906424013823,0.000459270368695424,0.467618925154271,0.00485568491084812,0.00595319696068706,0.00808813313945769,0.00916892343716383,0.00406903182777873,0.00309853262604621,0.00620621021319855,0.00793847543558707,0.000284260737985927,0.00116082772450059,0.000841102165972692,0.0162651276276273,0.000803994421959687,0.00998112821588945,0.00115211754161484,2.51026606026993e-05,0.000746304093127707,0.0073865250367728,0.0127673103175238,0.010384480412904,0.00153633590981819,0.00409594534271525,4.25844187362421e-05,0.00128253303727405,0.00667104044137159,0.00740440615522357,0.00320357623275443,0.0112186090946283,0.000444353471263662,0.00453442004111973,0.00298213039061596,0.00601198642455823,0.00238169581642956,0.00955967786913228,0.000778197374773113,0.0390878595218694,0.000356112464580624,0.00177939311200426,0.00422938194299893,0.00757387975939118,6.42580270045582e-05,0.0153447553672046,2.09811710652474e-05,0.00054039285146157,0.00973069112279302,0.0227811465720474,0.0198719608346209,0.122154075722904,0.00187459724186446,0.00384925743437844,0.00779348271167949
74,0.0126879897848359,0.00848746418088711,0.00368303881067894,0.0201631672961189,0.00263096448516367,0.00154712836382669,0.000859796992887984,0.00130179456958914,5.76177290411782e-05,0.000769719878401997,0.00879511389108753,0.0201053501467679,0.00172502902434483,0.109548448847844,0.00201290423416602,0.00238610463859114,0.000893801814881851,0.00115394622647821,0.00398809478831976,0.00323727271757471,0.00289173931512009,0.000632651903867524,0.0019122857658626,0.00253991174985118,0.00485597402891404,0.0140189597086761,0.0015454153859164,0.00412074102820375,0.0072062921708829,0.018179471319773,0.000718516655774017,0.00963538483532471,0.000344429300639807,0.00125894611417803,0.00489843526655491,0.00177899625435632,0.002000410481279,0.00283013213614017,0.00267060519032686,0.0179284652463829,0.00615113451885167,4.7850572323426e-05,0.00267790703250801,0.00118896831709785,0.00104283154238462,0.00307792078901059,0.0103328771047096,0.0135347309368781,0.00220432045010862,0.014362811086201,0.000363980938316054,1.17552593243594e-05,0.0177849337004457,0.0109900591566519,0.00186448445232627,0.0481698874727092,0.00309856621630549,0.0349756473185259,0.000229469866315726,0.000174674770309736,0.00156551470904751,0.012517368273843,0.00240727250885882,0.00120924222045966,0.00102323690805341
74.25,0.00342050025327033,0.00172049160639274,0.000503439690099584,0.00202805947712527,0.00138761523710333,0.000921242499130558,0.00117290073544705,0.00394024779835757,0.000999963827735713,0.00590819223151355,0.00746306847981659,0.00622391152319651,0.00107710716546935,0.292672796548282,0.00118263459662754,0.00185216264095318,0.000560595013177478,0.000549601107525242,0.00169911812895807,0.00188055077763835,0.000488961593303062,0.00043400686222653,0.00446665007666922,0.000495462808086549,0.000852193085671669,0.00168104062183447,0.00118548947406446,0.0043276464238416,0.000916688570034368,0.00130744547858212,0.00286965930589766,0.00620762710648712,0.000462320836116175,0.000145388373079361,0.00347452404921745,0.000727633883761802,0.00128958104475831,0.000891975493111075,0.000259335572087732,0.000770863494109416,9.89776099557756e-05,0.00146206730857075,0.00151567389067297,0.00171600976795834,0.000437398420264239,0.000506904269467983,0.00324135221270831,0.0051230530317581,0.0001605494124529,0.00711707940552285,0.000268459146812257,0.000778500477293276,0.00755616926804001,0.00434410013986053,0.00527817904602557,0.00278844419556759,0.00044389553147927,0.00651047738745403,0.000198765662570354,0.0070969879285847,0.00150181549441778,0.036341432696048,0.0020745715587809,0.000198644641690053,6.24595561099279e-05
74.5,0.00356016540587609,0.000575898665015395,0.00205985856172507,0.0022589927324466,0.000521109517686338,0.00220328534690685,0.000251339790981291,0.00100350718696858,0.0043671195196282,0.00785870264983251,0.0127348668376664,0.00572242156197958,0.00141006493989447,0.0595583117430818,0.000719491322948713,0.00316567395593737,0.00136633681064843,0.00108089428395018,0.00113281219938995,0.000720463186093814,0.000279949618874733,0.000429488189754069,0.00121505297459491,0.00413064385966129,0.00768418180351309,0.000665980531820703,9.38785850318582e-05,0.00277705747902003,0.0071106363772447,0.00765513619617517,0.000292970194892621,0.000321419740149159,0.000509652194232215,0.000334949267314219,0.00104149868328333,0.00183661140362586,0.00117288964525741,0.00167496158975455,0.00228717332411319,0.00325097259407486,0.000602580873421664,0.00247258852997725,0.00102261076731379,0.00240498890093377,0.00230258406749662,0.00148639149494881,0.00443929236445321,0.00205570284693486,0.000327349954677275,0.00642476811060028,0.000770507780515147,0.00335438718472847,0.0134159054663533,0.00395025534144672,0.00541534091144754,0.00804309196119561,0.00344277008857759,0.023460531925948,0.00358329230213232,0.0026482153586093,6.52824206131445e-05,0.00836386713053911,0.000498079715693505,0.00126958694428916,0.000520525333146448
74.75,0.0111412806176995,0.00144651007314493,0.000690316753089713,0.00874810061632722,0.000518682955200763,0.00174337783370782,0.000359852264880428,0.000240457536414436,0.00210135258773267,0.0285148445350495,0.00600013817239804,0.0109831771009476,0.000558165291840939,0.0180183219447169,0.000551274658792621,0.0128628727692743,0.00303922586923818,0.00129522174727571,0.00145666392082842,8.14668550126909e-06,0.000179882169977158,0.000304786589865753,0.00130467019319173,0.00240234927152743,0.00130570380511799,0.00333389982556099,0.00181883248930013,0.00129283929770453,0.00213559511279412,0.019487021521165,0.00322903555399089,0.00597464336158038,0.000677050225017498,0.00416190823479722,0.00208846782912192,0.00307531194846867,0.00062323991738072,0.000606485977797825,0.00196701491782483,0.000478755453204064,0.00113305081776284,0.00194451000989879,0.000833094856969308,0.00092863992268193,0.000649647352015874,0.0022377933870356,0.00205088151567322,0.00961627223018893,1.69209847599898e-05,0.00329520835474737,0.00020837433131743,0.000874284478776895,0.0212239274488781,0.00570347766914994,1.79332496208088e-05,0.0117455040193243,0.00518330279404648,0.000288550458711196,0.000568003432041599,0.0225553545131694,0.00159096032498088,0.0405104420806281,0.00599799235756422,0.00062833704157582,0.000981017595880684
75,0.00875117408294016,0.00916902226390808,0.0026605622368373,0.0281845311584757,0.000997496194453133,0.00452856368975718,0.000103220818711657,0.000161976226865428,0.00133732053954929,0.00978263855825879,0.012412868863595,0.0103054224740072,0.0065875103874427,0.535498544786713,8.79117541352446e-05,0.00477011539311438,0.00308243665278279,0.00135776860744226,0.00186214905351583,0.000430221391190905,0.00132222655308509,0.00154548078945025,0.000753255566409367,0.00239813004010133,0.0128201872008019,0.0105382334495936,0.00212212372875688,0.0100999736250517,0.0212012562008436,0.0237322306921107,0.00396425442558968,0.0203900667235776,0.00339736203493649,0.00271456977029297,0.000666923817067004,0.000239001562512874,0.000120990334033599,1.08516530978507e-05,0.00308466267867489,0.00609684051780695,0.00257775081084546,0.00163496031159517,0.00161483370482336,0.00156338150819583,0.00046611549211486,0.00232018299737948,0.008073319154112,0.0191900993949938,0.00550558255508473,0.0384288130330765,0.00047735447097777,0.00239581856177359,0.0147606416312481,0.0143803923840192,0.00852069686974954,0.00627898391820741,0.00953101763461329,0.0263080537984377,0.00182042997851785,0.00505693113564843,0.0025456325230689,0.0108423273574766,0.00121499424865672,0.000781792800034488,0.00126823720046781
75.25,0.00504687907382008,0.00156187495949601,0.00144523075380472,0.00287386449537839,0.000692173707592682,0.000418250016206618,0.000990696647948307,6.49719494565399e-05,0.000614212083381659,0.00371627722544877,0.00205548372358986,9.6874040364176e-05,0.00229357117073092,0.114560586388153,0.00199207481300079,0.00166117061218746,0.0051490343411196,0.0030782259519935,0.00209381472336449,0.000756675393849523,0.00211489373573753,0.000493318484966208,0.00105708998227358,0.000125489925101104,2.99882003847705e-05,0.000189159129002512,8.88313978862754e-05,0.00404337527300398,0.00846673817904512,0.00045318501415981,0.00219024860728881,0.000781991058460337,0.00574259852764454,0.00317377554495481,0.00273117449460566,0.000159090323011373,9.53082500361869e-05,8.76264485904889e-05,0.00110452304677648,0.00420127215319045,0.00181345965566085,0.000205292466831424,0.000395181563441414,0.000359726137772218,0.00074655785615395,0.000537627693614699,0.00271419388464748,0.000694510096669766,3.77453881691985e-05,0.00749546269834207,0.00115622069087765,0.00120444318031305,0.00526072644377113,0.00173457950204836,0.0011755990560087,0.00202061106841361,0.00364880885248355,0.0233463379404778,0.00284333769639176,0.000716365473116756,0.00225376985639841,0.0109340811795094,0.00200421951101299,0.000971141073272027,0.00284012298265021
75.5,0.00851894649822224,0.00232104414231573,0.000101243597528964,0.0198437231811544,0.00190141144201052,0.00141291780322364,0.00375722481604584,0.00324748626330364,0.00651404771859903,0.00898571942972468,0.0126867126067019,0.00127591485644447,0.00433396223839592,0.197443238014447,0.00124152207837349,0.000987680935709482,0.00191308437889757,0.00224420596893789,0.00807822828489807,0.00205861203781764,0.000439418105876715,0.00110953762109485,0.0019906372302944,0.00305443056782114,0.00490071543650516,0.00211220152143424,0.000381926580872074,0.00269651755070504,0.00811130638737251,0.0327061199902345,0.0025650953463363,0.00128424022271666,0.000386133686103453,0.00192617100228409,0.00106199947961127,0.00552875444075835,0.0039652060604792,0.00279953216179056,0.00249634904371979,0.000854805353469989,0.00023494872243888,0.00522235177798678,0.00117597572375085,0.00159269846135715,0.00263138595653289,0.0113611807821339,0.00627728589441303,0.000305103304100512,0.00120461216915238,0.00287586403622926,0.00142469431118704,0.00190158487360464,0.0262817142547203,0.00216271913161299,0.00648160409887366,0.00213327267016596,0.00273400339391854,0.00703367729255286,0.0025835668112609,0.00690601938329014,0.00373492059905266,0.0533543446576457,0.00307043686318505,0.00808044599753405,0.000438613795040892
75.75,0.00363399326438318,0.00817973352721303,0.00199320355576085,0.00257960205706018,9.42384471544043e-05,0.00369367537497714,0.000541749387911848,0.000381332355367246,0.00359670320923828,0.00289832512748663,0.000365838961629005,0.0104792886860297,0.00172867397832496,0.205942458170701,0.00578521983583615,0.00647761930089038,0.00817940312317448,0.0041098353655299,0.00200685511501802,0.0020813021654855,0.00313675303674928,0.00313891474781557,0.000508874291758125,0.000571491890927937,5.41094200819136e-05,0.00578690220765995,0.00217620571014277,0.00710442137065742,0.00151987869613696,0.0286974787443882,0.0046458866409484,0.00211609352498332,0.00285001696993477,0.00713376792225635,0.000329383867991723,0.00164498267482067,0.000429913774891016,0.000238905108203058,0.00262666858842442,0.0238142867631429,0.00129684163503385,0.00735586574325206,0.00123821635012057,0.00174206934415305,0.00208952760839246,0.000868611277346012,0.00185202172720235,0.00488919451382826,0.00133059976086888,0.0167595438021216,0.00252590761994215,0.00044773209015394,0.00312251741555224,0.00877351690384317,0.000504706198851158,0.00586989018587639,0.00524236334940416,0.00342240039140722,0.00207288192672556,0.00354918916266995,0.00529219644952413,0.0299315208932336,0.000126778561071064,0.00232257417208673,0.00454615382891631
76,0.00230431519420066,0.00599691145837351,0.00475899821330771,0.00374529801971407,0.000979465916728235,0.0112296899725862,0.00516893108292126,0.000791009527045162,0.0178207178517822,0.053237158643423,0.000226788937726092,0.0139258111318384,0.00480182543976949,0.0956552200750586,0.00521683032815609,0.00380101016971975,0.00407731856123804,0.0025570044622834,0.000900251031849838,0.00126260160418354,0.00446428632392187,0.00642231778175986,0.00385836571946478,0.00138967736601026,0.000849781282831453,0.0101349081587305,0.00328554516886021,0.00817693423005054,0.00158660496945927,0.0231571834605453,0.0100336022577347,0.00185988044533369,0.00238461444056577,0.00470321795339739,0.0010990226367825,0.00446735253179155,0.00477939269413991,3.62105130180948e-05,0.0033206156608511,0.0119062639467754,0.00129531160429542,0.00906041531740374,0.00664504809309526,0.00182974684241044,0.00929340100129323,0.00500608620123958,0.000682818260839046,0.00613934935571882,0.00441714905144809,0.025908722557541,0.00971170411139538,0.0024459769391115,0.00181549166164277,0.00797869833810315,0.00137930649235474,0.0102873593592563,0.00339891524584032,0.00879761186500748,0.00633847092123152,0.0282549994759036,0.00753730587000861,0.0576358490701818,0.00155624712141093,0.00902337287098264,0.00435339704431169
76.25,0.00155981509323757,0.0134996552513352,0.00196278299262089,0.0126659547477165,0.00052106282190336,0.0011796121998741,0.0025525067431566,0.00571164051649407,0.00491893408841372,0.00132913157464167,0.0106936656353227,0.0193027492592469,0.00152645608002887,0.0750141127381422,0.00277391345897396,0.00707576055437019,0.000213846748300445,0.00375912249255057,0.000967965588159455,0.00224162847986186,0.000199612500287486,0.000476870303303793,0.00138896428727522,0.00131585883451246,0.0022465933192245,0.00765790859605974,0.000959644471026678,0.00147139714406268,0.00492965922998137,0.0347620657588369,0.00143761930715448,0.00363327074195659,0.00147701871136124,0.00175872708822497,0.000576938995145633,0.000388297868758075,0.00167772919421177,0.00310090577536726,0.00211558934033694,0.00268322205768093,0.00172827303795165,0.00243571492191059,0.00201605636322723,0.0021598388870919,0.00245202095987053,0.00471216773600811,0.00300259002901015,0.0228699466325816,0.00124820479113851,0.00166172856011983,0.00307345774373281,0.00555351695382427,0.0034607774055065,0.0229933227996372,0.00309127604273268,0.00916350616099853,0.00157412125737385,0.0034385517254909,0.00427576426909698,0.00295706877369438,0.00195656658543081,0.0106225070825062,0.00411496364959348,0.00503158421451572,0.000372826974444018
76.5,0.00850197175093337,0.0132612260085079,0.00337494886887717,0.0177315559376891,0.000801508181497342,0.00196683032890439,0.00212217991283763,0.00266511122665406,0.0026281849702476,0.0177081320996725,0.000869970701285378,0.0202744038663765,4.93698275014552e-05,0.040586287826901,0.00669077856107261,0.0072655984335095,0.00361571199036648,0.000369950208152129,0.000118421292905956,0.00174149183172674,0.000943988853551577,0.000642149412157036,0.000503363644021058,0.00256836644212919,0.000883499901746042,0.0147272257929196,0.000169726998347738,0.0035450227658731,9.57595121293832e-05,0.0242044219557322,0.00338267365922869,0.000814443877454917,0.000931324357113661,0.0023267056791552,0.000870240501408408,0.00123253006901873,0.000757760074735469,0.00043827373007666,0.00250492312756036,0.00366619386229605,0.0013991489351569,0.00976735735743233,0.000229806892701686,0.00061230077975679,0.000107465591766734,0.00277868782085788,0.000894762963708328,0.0233596323605118,4.22280629369485e-05,0.012443778252012,0.00177533380781403,0.000951979601122081,0.00436622430973806,0.0230438942019718,0.000208839282504395,0.0410333669016287,0.0103276086403708,0.0163342164832781,0.00754015897753318,0.0103170400851721,0.0115806778368608,0.0398476370656105,0.00109141350047828,0.000572632682310904,4.90316302700802e-05
76.75,0.00248594290140814,0.00327533763847258,0.000514428217549172,0.000872721738514199,0.00112676828405508,0.0149835499703792,0.0017972127166436,0.000642038962021414,0.00163790269304961,0.0101999497992513,0.0113824817974878,0.00308287522088853,0.00418286706568644,0.349208379452568,0.00162775192040902,0.0192394047439267,0.000373719642331495,0.00569434047195594,0.00980280647191055,0.00430727481607568,0.00373423780192108,0.00769196717044835,0.00484023398520087,0.00617793133022465,0.00248661578686719,0.00701810624510615,0.000334452967827267,0.00561258342046522,0.0105006253910225,0.031239619529537,0.00167943019775709,0.00646937944479353,0.00302851070869169,0.00524723247027431,0.00531047650509245,0.00880452401136237,0.00368453251921165,0.00261927265796929,0.000342374392078245,0.005759506329809,0.00123745851043714,0.0125068488501509,0.00160677225954141,0.00436513271771795,0.000249620987219626,0.00172532477459452,0.00429972556823015,0.00310684727843103,0.00195727072958916,0.0274487007951745,0.000643128762839052,0.000867926490910699,0.0109749412177381,0.00515447629961597,0.00776545070628607,0.00817907375518197,0.00941855889911676,0.068254911535503,0.00133227667029652,0.0211798302715722,0.013740801185915,0.0828230212144511,0.005311776949009,0.000817565162644785,0.00613356278566714
77,0.00545947462549154,0.00469979724423917,0.00351020386896429,0.0280662445489601,0.000731440808931717,0.00952771253744874,0.000464293644281274,0.000636190495398722,0.000392049432773295,0.000254394849082114,0.00503896886834735,0.00958608376052276,0.00260306994531501,1.02095581231255,0.000547022883073449,0.00837703220183681,0.0016966052528677,0.00229100850816997,0.003470896024717,0.00125902886491681,0.00102361808610492,0.00263391487562382,0.000652676276307407,0.00121018951257331,0.0010316854593958,0.00870460771128541,0.00141547711991147,0.0149119831328809,0.00468281972075106,0.0173494703976543,0.00164627537561385,0.0152109508726882,0.0018478852710138,0.00248435348208666,0.000458849374289117,0.00142442587551482,0.00151305714967967,0.00115375269472069,0.00245199262961853,0.0116533540225474,0.00168778045996748,0.003648201429055,0.000216682568931249,0.00574631989021848,0.00107328881420829,0.000456950014093901,0.000541379031975833,0.0107534437377825,0.000727879294066851,0.0465601367460096,0.00111367831561582,0.00106068148608943,0.00447985533005282,0.00858278642602169,0.00244197745143155,0.0085426962981251,0.00074668339955903,0.0131486282512094,0.000586456806032105,0.00733624925441983,0.00740391878525731,0.107759483538935,0.000250526004524575,0.000449135083543587,0.00164792542511973
77.25,0.0058686711051548,0.00592432965185492,0.000243800905314971,0.00365209855825979,0.00246268447929737,0.00501674922179753,5.53209434733499e-05,0.000905370723396387,0.000510018727594819,0.00136129867839508,0.00200949902488867,0.00546558187019422,0.00109816836816155,0.735509513352373,0.00142949402956236,0.000393840573764267,0.0046258441903764,0.00111952338945116,0.0021522776613481,0.00135832809737105,0.000684166014393623,0.00257874952690208,0.00110548994707374,0.00378085596062471,0.000108262967936307,0.000852815018711966,0.000321660952288984,0.00717574601067183,0.000598168003348133,0.00413458337872721,0.00242561267522226,0.00869504815498711,0.00126568037940773,0.00074823983588334,0.00204138503398754,0.00446443997307927,0.00198768254537684,0.00432760754571391,0.00139508326242462,0.00311627945956416,0.000457686337083735,0.00134696194419969,0.000961756932931037,0.00554963976829206,3.90896156250221e-05,0.00263510045613356,0.000903248534498922,0.00515774868142241,0.000748738389639918,0.025840153603002,0.000294550427177635,0.00140268254673085,0.00204389075289177,0.00605242598324534,0.000926680290104236,4.14501271982148e-05,0.000395527798066814,0.00849899269110988,2.13038072716859e-05,0.00017252419280829,0.00164044762064191,0.0131128355780337,0.00487170942725456,0.00244432273634217,0.0027977238133403
77.5,0.00311459398435024,0.00720212544784665,0.000395752089655963,0.00216519946734331,0.00107550513065619,1.49752514950534e-06,0.000130466941627108,0.00214022766891666,0.00484535707335306,0.00938692696379571,0.000602045160069466,0.00438113301422262,6.92408584961276e-05,0.00136196254788084,9.37432646714496e-05,0.00969117156363762,0.00960596653322342,0.00146573782786719,0.000809998303309539,0.00211851049863201,0.000633071227312057,0.00157332436523599,0.00021089118595077,0.00106478601802631,0.000263596682870099,0.000906048415202924,0.000454287211111798,0.00359636623810658,0.000532320100828853,0.0178707161597255,0.00390724812185888,0.00308265438548102,0.000934615376203718,0.00354470651245008,2.65434272953089e-05,0.000430644825700337,0.00108025593208455,0.00165346837743249,0.00132633635011327,0.00078648118719182,0.000501799784976704,0.00272855713976926,0.000748737595004001,0.00115299795305363,0.000174780143290441,0.00612263332051792,0.00128819786655902,0.00285274214723931,0.000149764538823195,0.00123747518135433,0.000171328238002886,0.00626905726494153,0.00120251938762073,0.00612281734843113,0.00226499001082044,0.0085470355943326,0.0055022548673594,0.0403861269996474,0.000450920391738295,0.0127172622082993,0.00254739986112736,0.0199660230470214,4.72823191237112e-05,0.00193502941375499,0.00136677170052961
77.75,0.000670459030798273,0.00473113030825866,0.00265520434673119,0.0155843209875381,0.00032203132159861,0.00706711344699653,0.000601475040860904,0.00104645891612691,0.00186872201932573,0.000968075446419234,2.92340315086114e-05,0.00502870753821098,0.00116623610925998,0.166843660113222,0.0040459966548008,0.00374885814905904,0.00142555353118371,0.00311429345621487,0.0002302912307785,0.00114283342580319,0.000981821181725219,0.00347620394172206,0.00069479039335148,0.00226928338030718,0.000679318909904425,0.00349944595578275,0.00201490855084077,0.00670735488060454,0.00115911697301741,0.0019158690684652,0.00260330780909379,6.61598261140391e-05,0.00317571489141247,0.00380555026096229,0.000254805312807179,0.00266834934508157,0.00129041193385893,0.00132574419010854,0.0019929633794911,0.00962305109490895,0.00017481483687361,0.00153976935207034,0.00108578553808978,0.00452215055422525,0.000513291296779391,0.0024432541591151,0.00130371944132108,0.0033327251596402,0.00136783590068559,0.0143361290221564,0.00220862998249456,0.00112869764797632,3.76408927545223e-05,0.00484075863479891,0.000319139595823292,0.00162733252321354,0.00557691730780012,0.0186201809475799,0.00371404283561366,0.000363134440305654,0.00960938041681393,0.0320409149345199,0.000364135299423692,0.000425332744592441,0.00181028968296687
78,0.00231196612827618,0.0144503685897627,0.00114733232159509,0.00307951250196391,0.000907462538139708,0.000850373954989224,0.00147736631095275,0.00171809399907618,0.0043262046323667,0.00598750066824725,0.00306397485856778,0.00221653445942546,0.00147038816440404,0.0441631915741413,0.00290859730626288,0.000914981540258124,0.00311117378806785,2.53939934087654e-05,0.00028532703280942,0.000273311586637336,0.00114265975962856,0.00132212115890068,0.000575380417407738,0.00278119085117803,0.000508268734260873,0.000526838241557086,0.000928419915593997,0.00755349350622039,0.00703308420937904,0.0253658641963066,0.000381202701940139,0.00118544704149926,0.0019438320798848,0.00180402329855482,0.000522774946223073,0.00245094294448272,0.00160496733972033,0.00138550069610116,0.00168925290855788,0.000450545911603751,0.000209371721134831,0.000974271393934427,0.0013957202587878,0.00110390636269777,0.00321263114565973,0.00662853321294058,0.00156050830978412,0.00314473706566584,0.00101885490571717,0.00958946530770904,0.00279253614624989,0.00369503696375981,0.00033068921031371,0.0106632650223974,0.000665777122466869,0.00122186005514592,0.00357223875586524,0.0146522553572087,0.00361480786685362,0.00280332250766678,0.00430908905067508,0.0312073552609536,0.00341500631013055,0.00167421173841028,0.00163926557952449
78.25,0.00138704849983197,0.00410205415156217,0.00181947208046355,0.012561949478883,0.000319889660795646,0.00412461288607559,0.000345788788382009,0.000794652043669192,0.00246774818425933,0.00291587217693003,0.00342193407193347,0.00603540054455067,0.00320542956796559,0.337912234716051,6.22441790626806e-05,0.013180341247013,0.00146941429505462,0.00045852769149309,0.00107176766498697,0.000295835798134103,0.000244631737095257,0.000457154072040488,0.00267569362376692,0.000614911738112423,0.00127610790067492,0.00203160782318873,0.00301063538868435,0.0096690265957973,0.00377966430334043,0.00215829260609792,0.0012952492474767,0.000797041501565161,0.000312793952108391,0.00132781492532149,0.000264112239250043,0.00110915676145927,0.000601363531651762,9.9907373173159e-05,0.00258184502352126,0.00242805614056547,0.000312582186195439,0.000765651549436396,0.000993860659686148,0.00274513360030543,0.0015456087554623,0.000586538589903227,0.00494435721984224,0.00512179833879694,0.0018017373139102,0.0212286500314359,0.000707966553679087,0.00571867876843611,0.00781466697701382,0.00521139264268158,0.00215693925906277,0.00234930261317399,0.00272242282169946,0.021311385603515,0.0020331069367526,0.0126693160812538,0.00403870512844028,0.141499588472138,0.000107812162532726,0.00195050728035549,0.0002273198150268
78.5,0.000114041545758351,0.0118018477053232,0.000468983769649764,0.000601687495471135,0.00098332711645497,0.00554866132830646,0.00280311604423016,0.00233297767903293,0.00290748945067461,0.00183494658458151,0.00260101725032668,0.0124832201842578,0.00496463399731908,0.217196221903939,0.00243534390743874,0.000661948084796963,0.00104319366255653,0.0011428698725563,0.000555898746051509,0.00156055258503392,0.000277870137444268,0.00163196097346129,0.00158237646615524,0.000154983722413227,0.00075297834239559,0.00391090804283035,0.0027618127137273,0.00589215599740371,0.00752539329002488,0.0139112572868961,0.00356417848449301,0.00524196979462216,0.000377556349108207,0.0018374483590054,0.000672853059623408,0.000453415306539463,0.00195614173498,0.000273874253478669,0.00115944985864343,0.0059600164821945,0.00020321251257436,0.0057254658389946,0.00228124975572486,0.0013120994808177,0.000922482615583553,0.000635682340289441,0.000673616062476988,0.00568786880135254,0.00127080125855534,0.0194276656497835,0.00306641647189215,0.00132582043605933,0.00727140182156972,0.0118763573850837,0.00356237625559755,0.0125301446434223,0.00381793595264108,0.0512241982438986,0.000587641436821689,0.00165571388703161,0.000822336928046295,0.00716725169654257,0.00279826393849434,0.000592778506132917,0.000229471689349298
78.75,0.00572409738935111,0.00896701531235833,0.0027306977470071,0.00506942758494302,0.000658865809735008,0.00449817607716619,0.000688529792290557,0.000990721615643386,0.00604310130000594,0.0184701588703238,0.00819707981311937,0.00229735731451679,0.00488215299405389,0.252879732828227,0.00319150934041875,0.00603090357776233,0.0031491789553369,0.0065641041145137,0.004217418401142,0.00214785765039516,0.00487176183444153,0.0121655228391119,0.00128635629724502,0.0033801617926887,0.00335278845706347,0.00429768205860305,1.12330349626931e-06,0.00565951165777983,0.00988791291701086,0.0019494891011315,0.00312338173022168,0.00313439799782666,0.00810052729197803,0.00399707770392152,0.00428884752728095,0.00663651566442785,0.00176870256531183,0.00160978949563692,0.00344635206895746,0.00638612389484987,0.00264487488246076,0.00810381912238896,0.000475207995780026,0.0035559443308298,0.00423227470575163,0.00473397780981043,0.0018811950269576,0.000894645099178188,0.00128968937330486,0.0170848862783186,0.000882570939486624,0.00344962469990403,0.00554863657841934,0.00524114403580658,0.00625610772229748,0.0012732940962258,0.00381502144811822,0.00701015201804282,0.00784226501904384,0.014923252714903,0.0094137107964268,0.0265090647591894,0.00197680067951884,0.00638750267643111,0.00863462611022736
79,0.00158899818740359,0.000408288188501047,0.00139064910662925,0.00311575175390919,0.000167952892818822,0.0022726437008407,0.000860646886944423,0.000774531837796403,0.00376473359224643,0.000471374936913414,0.00949439644590258,0.00290666616022355,0.00488094058695087,0.059407049889826,0.00403218265503619,0.000460082743787223,0.000225250488437697,0.00137656483624158,0.00193084942831862,0.000367139297660635,0.00188761538043646,0.000582408420526381,0.00041708901639571,0.00144095792099246,0.00229280809298511,0.00052681517652459,0.00168168728644538,0.000703151162772956,0.00287835563942987,0.000949088479272237,0.0126293638049411,0.000361107326438466,0.000438034606481347,0.00221462410855027,0.00186662784830994,0.00060355222379861,0.00130843601245342,0.00108770754122529,0.000919140984495335,1.28867569663782e-05,0.00146390240151196,0.00177929091933741,0.00267876889087154,0.00204296488432673,0.000607456744168111,0.0011278088184477,0.000830120568730745,0.00421045654107473,0.00120461939975909,0.00261659858226595,0.000581899734752742,4.6449353538211e-05,0.0101119782411674,0.00169788680756999,0.00580370206641296,0.00222063086214565,0.00175721648333217,0.00514171260571993,0.00237351598559116,0.000139012896602702,0.00124416023951921,0.000681720060764376,0.000532843990001349,0.00144359624216387,0.00196421444243976
79.25,0.00100491284898027,0.000657235437960211,0.000721864262287739,0.000851918491826157,0.00114129749577178,0.000497795930241548,0.000470313397375798,0.000643958439498628,0.000799801688851657,0.00141552546446388,0.00205009581208637,0.000326116242429,0.001435258696098,0.0276062510296607,0.00331443149127216,0.00382460851861737,6.21965808477369e-05,0.000317190776218952,0.00136180583964194,0.00119622453539884,0.000313958027517626,0.000444269229035135,0.00114031349543326,0.000471152825556724,0.00220974261282563,0.000238605738698125,0.00233931475791663,0.00142867470261837,0.00115448084592766,0.00816511226718081,0.0045530712545404,0.000312095356032322,0.000264180921375561,0.00142352806179749,0.00192494031073293,0.00053348623196708,0.000570975971425093,0.000848588719304049,0.000291578110359058,0.00227761928875302,0.000831749128106579,0.000481127521782702,0.00070873221879465,0.000664878583143446,0.000365260088085961,0.000422110120987193,0.000611601345890892,0.000516071116426352,0.00409322861414074,0.00304665016880135,0.00144606998818965,0.000919797122377148,0.00148388953443708,0.000665247277807314,0.00109617034660154,0.00126930918756402,0.00328447934169075,0.000351915075552123,0.00392717029409065,0.00241042723371811,0.00128294604698297,0.0152195528689553,0.00388850280035519,3.96051994347276e-05,0.000479531819708127
79.5,0.00355279088273319,0.00843605404041046,0.00111588909943191,0.00128796713466632,0.00118848921771411,0.00173170422743573,0.00169409653158259,0.000111224970754816,0.00642512084483583,0.00392067431933776,0.000768775294886293,0.00549326243754119,0.000348392310065518,0.0796539608914951,0.00239404726573,0.00143255420347237,0.00209503056100706,0.00287111642397595,2.14219206404309e-05,0.000120494525313732,0.00218517940005894,0.000342740282853879,0.000767765074203725,4.44870520452125e-05,0.000397538844751587,0.0022960572079483,3.88514149480443e-05,0.00223062677755794,0.0043414996274776,0.0202169627626453,0.00143131971563533,0.00258533728835231,0.00181071036500397,0.00165687625044943,0.00128812091114378,0.000270545889015181,0.000734611444952658,0.000160065730238721,0.000670775123477016,0.00254265126429552,0.00148004109389584,0.000839910172500564,0.000379041235005739,0.00189689105284009,0.00181368526205176,0.000963638622111829,0.0003196124383908,0.000784353039935747,0.000447805275509204,0.00948753518210959,0.00230492672394286,0.000469153173051414,0.00191909624240228,0.00734738077461969,2.55211214067259e-05,0.00265625607873846,0.000816204342355466,0.00989788350633771,0.00701586695760844,0.00124194023028772,0.00622078129863623,0.0443107523874272,0.000528486976288802,0.000962781394958422,0.00177711259072954
79.75,0.000391764117328143,0.00707816795050663,0.00485100504888159,0.00982934773895865,0.00116543369752044,0.00270099908645535,8.10048019731522e-05,0.00231286054351576,0.0053363844516879,0.0171312429679304,0.00146644569423955,0.00636444126294767,0.000849589820700691,0.122408280560068,0.00595316178231606,0.0311277283365999,0.00760132814232564,0.0027442857496886,0.00463521494639672,0.000575988444542607,0.00182069215786671,0.00386864877540772,0.00176429608652712,0.00054578412774073,0.000101846363891442,0.00455132609086473,0.000571236837538248,0.00445135148208705,0.00153897977656582,0.00598201841395749,0.00412757698359778,0.000514320444197567,0.00120048232606385,0.0034552989525003,0.000738176686156433,0.00101265422434539,3.03998235114462e-05,1.77215201021928e-05,0.00321930506500129,0.0118639660313999,0.000799544697503693,0.00612722069526017,0.000434423376029966,0.00280824553397284,0.00090619373600031,0.00409773621925147,0.000481864397921618,0.0103077949656526,0.000741514013179687,0.00292837383708246,0.000764111761909701,0.00811571925469427,0.002761294075716,0.0126088394515384,0.000321401194001848,0.0069744871833162,0.00760760940793817,0.0208820611073428,0.00707196010474127,0.043186307212931,0.0172754105815811,0.215984590514074,0.000831909385012145,0.00153149186378754,0.0030256391820388
80,0.00316460240714318,0.00627239311341054,0.0012210539748122,0.017734320381183,0.000368201167395854,0.00394550256814527,0.000483570682642939,0.000261391200439127,0.00727204750838438,0.000662290467944424,0.00520697225967563,0.00151531245860977,0.0028728653532858,0.344801560445132,0.00116284820467523,0.00544951834701871,0.00245210883402778,4.86671871025966e-05,0.00146831169938981,0.00272213312074128,0.000105250599430642,0.00131886828998329,1.58351775739753e-05,0.000910766051556553,0.00336534742103567,0.000785452001951695,0.000650115391975449,0.00491208555485443,0.00633699936978222,0.00628169203706106,0.00176738543652413,0.00502663459159797,0.000127020262779813,0.0010905678942065,0.000304199149473174,0.000361043122087218,0.000348893364107532,0.000259355913993796,0.00174195922401017,0.0211632145060198,0.00150351436182947,0.002139293917735,0.000214797745871091,0.00155655694949494,0.00166323255464548,0.000406331185671866,0.00175013012254101,0.00379375834950678,0.000957242674062431,0.0203034909618211,0.00104721348548177,0.000254958070478857,0.0104912383570575,0.00750261949108433,0.00487041501190073,0.0067043535638157,0.000999319415501064,0.0244702530485261,0.00224183194644883,0.00319508746378314,0.00524142751070831,0.0305233280799776,0.000132309116217967,0.000787297751811162,0.00059905050036147
80.25,0.000154012529623864,0.00420261692560328,0.0020114822891271,0.0027985107734002,0.000347696753060393,0.00140628330524874,0.0013124181899587,0.00268408406527816,0.00611487498514501,0.0155437133400232,0.00204166113111495,0.0113523818455147,0.00239831618868382,0.0109573723093908,0.00229585743798055,0.00589064173815887,0.00205631810516712,0.000665772937166835,0.0026427515454847,0.000124749378954144,0.00188387019160535,0.00210990011936429,0.000545798773024473,0.00241649291578949,0.00145601247380196,0.0049968028198483,0.000426100279205649,0.000730123957905001,0.000961105845215958,0.0386334281674553,0.00191390938696473,0.000449862668503205,0.000968002240965842,0.00346541211862252,0.00281866661723003,0.00119495436245791,0.00193633275512691,0.000720084653394433,0.00127809619849689,0.000927722032800405,0.00142951747081924,0.00281335079734505,0.000309731589609962,9.76770654967476e-05,0.00259119095999143,0.00214312245794303,0.000904468618576426,0.00190642920238074,0.00249581384940905,0.00229428420460727,0.000847668270955106,0.00154678910941548,0.000247985762094989,0.00853337085143069,0.00196235044243929,0.0114687839313748,0.000372423121230142,0.0345342618574632,0.00423970470096073,0.0134753750277722,0.00696334288496835,0.021295407333745,0.00199485445958504,0.00523061470108425,0.00218203528787228
80.5,0.00112062350934493,0.00810549607179166,0.00193793066462284,0.00226325739533524,0.00175244903324702,0.00100676101114487,0.00103582227414622,0.000175870996542229,0.00199124163454125,0.00545848302819666,0.00527411165133648,0.00286899914037977,0.000624818902394511,0.201985665563323,3.02381288205827e-05,0.00520281521623356,0.00492100143329132,9.19385693180829e-05,0.00133743572122026,0.000514352485105878,0.000404582796788603,0.000918868208017867,0.00269892636400045,0.00157838062933144,9.29103142693856e-05,0.000373491243057595,0.00110062986977013,0.00601772261777529,0.00152033898198249,0.0165463409468924,0.00185397430737355,0.005887318180656,0.000285027604861874,0.000684788290471496,0.00142279272368253,0.000185264341351457,0.00122749955138347,4.24466745054724e-05,0.00194828733092908,0.00189690298230937,0.000611773193651561,0.000327594233046687,0.00032839076945687,0.000172225552029249,0.000809170742681074,0.000602532393558616,0.00160999570346167,6.88021865310554e-05,0.000103083544471729,0.00909726197376265,0.000122944241732175,0.000952937913802553,0.00837330648245522,0.00544108930252386,0.00132526668990014,0.000975517310649917,0.00498459300686207,0.0200254562703681,0.00189264365941168,0.00415182326406204,0.000624619710588969,0.0467804005166791,0.000565951679800015,0.00022357076245383,0.000272852328738196
80.75,0.0130798762119177,0.00228320658163621,0.00286843127657431,0.017301870195611,0.000312862438439859,0.0070177901202698,0.000193758886248494,0.00230897282680653,0.000296687035715906,0.00269634963973106,0.00913943066505542,0.0127705990452337,0.00459919164030085,0.180110267441497,0.000615681014765196,0.00303133991375284,0.000963802549624876,0.00189902673423184,0.00294143158584322,0.00174889854235375,0.00161034797748028,0.00103236400331154,0.000449220393194249,0.000631085608402251,0.00151592238342883,0.0119422324734931,0.00285787104072251,0.0135868134648764,0.00579664335288627,0.00834407926995623,0.00364220076764532,1.14131568256572e-05,0.00247290295985451,9.5034067664924e-05,0.00195640956482,0.00077334295952513,0.000885284110104089,0.00109653226763895,0.00405642816822418,0.00543454419606296,0.00144742769248391,0.00222783639586042,0.000384292758169362,0.00348380298205979,0.000168212394036198,0.00128716553809097,0.00667119409510203,0.00667953241134894,0.00279457363098094,0.0347860514745933,0.00140771078435241,0.000602177327863004,0.0131506273537234,0.00670993898904991,0.00591702002620036,0.017515228981733,0.00159445105177707,0.0151720119716423,0.00266744565104955,0.00137060663776381,0.00136311659142661,0.016380935351964,0.00257543290542641,0.000198999647424056,0.00243530656171304
81,0.00334059441791164,0.00547918588650727,0.000264192937258441,5.96762220579982e-05,0.000129037506933312,0.000218655928908941,0.00036781381489752,0.00124155141063397,0.000349354808760733,0.0035661879066115,0.00156743946003601,0.00138508310804115,0.00261968700161712,0.0594789923840292,0.000479845853790333,0.00210139443992031,7.52741517299446e-05,0.00215385423782079,0.00134523433693067,0.00109106041190425,0.000144671409891866,0.00273937967412611,0.000145635798580496,0.000692541889911677,0.000815217542758832,0.000502354628199747,0.000930702046814541,6.05766180120132e-06,0.00378168561348358,0.00158481488871093,0.00264226677103945,0.00179258648303629,0.000390175827971673,0.000254156980812893,0.000104541438471336,0.00157975218207159,0.000154356572879312,0.000466430173401574,0.000588853496603906,0.000460843293378004,0.000121022425663063,0.000294638627667651,0.000356819833122636,0.00012106948874893,1.4312753456419e-05,0.00136501915006704,0.00213306074501589,0.00166391676314692,0.00287306887347909,0.000986798520997524,0.000150395277257643,0.00141267264224771,0.00333791788730481,0.0075564307962447,0.00257929307601988,0.000551342660768413,0.000785537529617696,0.00314657250376019,0.00113767455953209,0.00154791478420907,0.000906761427023129,0.00909283634434221,0.000954559266451569,7.50910734310478e-05,0.000275656110062237
81.25,0.00245676005552593,0.00359408646552289,0.000361422779411076,0.0363292375241261,0.00088135241356593,0.00626506187769194,0.000805406648925042,0.00274515518925149,0.00792044873822473,0.020307756342658,0.000288949324564973,0.00901403516210018,0.00408296716008207,0.269177986184658,0.00458193241183711,0.00859660928160407,0.0012569782215658,0.000918332108234213,0.00117150968319232,0.000188346836843042,0.00163021019990495,0.00259527771633397,0.000784176591117312,0.0025148915046025,0.00206034495513944,0.00109057744411424,0.00160061264212261,0.00578904861924405,0.00209871453448493,0.0019495481514085,0.0113944436541584,0.00474655137439324,0.00153316729793831,0.00129713521723971,0.000583492957895411,0.00401960432674232,7.76885467921991e-05,0.000494383270844702,0.000681806640748908,0.012829534632855,0.000276452971174291,0.000732159093783486,0.000706491453659585,0.00229579295016682,0.00217727014796318,0.00516545086089573,0.001314304574539,0.0095856293186809,0.00206598513036492,0.0117634147266631,0.00450371403520375,0.00384292851773241,0.00247439053825588,0.00724847201550831,0.00346855418779459,0.00153015034548455,0.0149514145753632,0.0179519252668434,0.00241825331336624,0.022837878970398,0.0125273868722536,0.0295958252415256,0.00212574436606814,0.000839999016864345,0.00179616598435497
81.5,0.00169042306982963,6.85072600657376e-05,8.71392456590331e-05,0.00083413069891703,0.00203654403099984,0.00526669205223635,0.00121503925927117,0.00164139380864749,0.000947263368558717,0.00161627408119814,0.00366636840430387,0.0027455988473426,0.0017480969323489,0.653496671652988,0.000739936774363194,0.000185299454171545,0.00602856674849347,0.000389887005984855,0.00267492967619994,0.00109651692069343,0.000627315223114112,0.000167564511845834,0.00109318803026551,0.00260214563729411,0.00255992619734112,0.00360031764921163,0.00116590273023488,0.0163734049572311,0.011609852040484,0.00451891391170313,0.000218497989975864,0.0129396757503484,0.000455296368953028,0.000304032956957829,0.00171286585240942,0.000346714850582532,0.0013103092384906,0.00194663474313439,0.000491971110003579,0.000834787405032996,0.00117690491606946,0.000523331305806593,0.00120571512341835,0.00356096779222356,0.000202519277948399,0.000511869174585973,0.00107180192893391,0.000577005968832865,0.00257399098773028,0.0312890056414323,5.84169590898441e-05,0.00174432082678978,0.00199117138057629,0.000837186438412045,0.0021269097997227,0.0061599422984386,0.000858882030753386,0.00683924636340112,0.00172620261619947,0.000587816304994612,0.00259178307607246,0.0112272336707506,0.00198796087598857,0.00104613574421567,0.000168434592387329
81.75,0.000236011034170782,0.000489815885762712,0.00300994411363329,0.000681074098667679,0.00199377447944179,0.00975568272956646,0.00129869636089555,0.00128918093370896,0.00238318489813751,0.0204391373104453,0.00228230234929623,0.000673664134778192,0.00378777850832098,1.09750797832792,0.00198159074199233,0.010117707155998,0.00049809784192526,0.00433199781203591,0.000670219720021596,0.00140341038775566,0.00181716284154897,0.00142571185707259,0.00113752223622941,0.00250744178507414,0.00143114498424292,0.00647424612038497,0.000837717538580026,0.0193972758289576,0.00900515024403011,0.00460146598436945,0.00331203698932404,0.0107408731073709,0.00473419866500967,0.00365025961406815,0.000888595001119048,0.000294472416394522,0.000161863529468773,0.000434961002586445,0.0022998809777136,0.000365799628488369,0.00465243928790292,0.00596069479595195,0.000630094260320296,0.00424982400520548,0.000222509618226351,0.00217879158910206,0.00294583743872207,0.00214826107144797,0.00232068754915326,0.0636134662823371,0.000474134204968704,0.00156820753745888,0.00346311239373923,0.000860982583960829,0.00356446477835549,0.00280597325367905,0.00251296365024926,0.0108774209170161,0.00231486629516153,0.0210555328306286,0.00484620088793021,0.0950435541303074,5.37982509305129e-05,0.000499578147899778,0.0022341832935689
82,0.0236027359117711,0.0181289094716815,0.00724219231284886,0.015287859051663,0.000139508259236643,0.00322990079694151,0.00270143721540437,0.00708638849877639,0.0146985616616946,0.0367783391688573,0.0127055104718378,0.00892957469816186,0.00771852252087282,0.0767820320021993,0.00284610296692569,0.0265997844289114,0.0234255963057005,0.0110363871302731,0.000190958505898172,0.00676217608006188,0.00203707189067908,0.000624590420538063,0.000535805392086692,0.00251612643271706,0.00422463521029222,0.000637562740548876,6.72574141967545e-05,0.0106237325781043,0.0192163323078211,0.0050198087065154,0.00490648783401571,0.00986306300931018,0.00444639709081162,0.00783481904044121,0.00083226639663582,0.000275335640835602,0.0045870205643379,0.00760777020717154,0.0181709275808329,0.0379161718970504,0.00434622963515627,0.000333476274262471,0.00124815963552885,0.00784849095388599,0.00941666637161675,0.0155854135506374,0.0176635080687198,0.007681524100346,0.00129035093603541,0.00772785094714613,0.000429282139085695,0.0136767301080778,0.022856924986888,0.0133749607963465,0.0138018056618668,0.000673448407396838,0.000310983280454555,0.0679501967221176,0.00658221392098148,0.0303503305420137,0.0203838087153577,0.181812635690268,0.00201839164241847,0.0108855874145166,0.00243716065660044
82.25,0.0118197389728554,0.00499802524354998,0.00299580766850699,0.00140561235988829,0.000706618284868067,0.0091025221016745,0.000129538152101925,0.00177916641080298,0.00016417994975235,0.000323039044086832,0.0113129167073642,0.00428496256522569,0.00397729292374858,0.0865071131821372,0.00581140830169382,0.00549144790782854,0.00472495263336282,0.000658366088589678,0.00372902247416756,0.000558632480086341,0.00330328832447021,0.00509734809163255,0.00203400591382599,0.00120443749519901,0.006026378617061,0.00562525935583911,0.00202413606890331,0.00468389856636322,0.00492645542384736,0.00452711445509985,0.00296859648084175,0.00997461312471817,0.0015170731878383,0.0041009772091999,0.00223769915572782,0.00534996208753843,0.000175014242461201,0.000561414584403399,0.00180709906233511,0.000330370038476678,0.0018882052095498,0.00878131000882056,9.87996951776106e-05,0.00443291019626341,0.000826903871157575,0.000558282634778695,0.00979346742141256,0.00222193068348291,0.00271347022592753,0.011477361701334,0.00297468730959602,0.00155754822216476,0.0184404076862304,0.00472914387982392,0.0091331604255662,0.00577519650811325,0.0092903903054388,0.0216086004275308,0.00352627016753442,0.00729973938346923,0.00644093764608304,0.0641621138836489,0.00321390044254231,0.00132262981457498,0.00346035389713508
82.5,0.0137698352212646,0.000347577212517978,0.00130102272006567,0.00323993333936224,0.000920707032633178,0.00138003959304311,0.000167882766417287,0.000782361089602969,0.00343342193011254,0.00346888405486172,0.00774746701125451,0.00181282857711683,0.00219313763685709,0.0858868777374952,4.25789945281108e-08,0.00971944535015658,0.00998973900962309,0.000744076628770336,0.00250401257590014,2.92451897193392e-05,0.000414218365578754,0.000632104029090876,0.000697234756811165,0.000869612080558578,0.00226782573583144,0.000500328128442308,0.000234250853987396,0.00430871383257575,0.00196337624014586,0.000175262044483882,0.000411880947433889,0.00529664930517546,0.00102785519826677,0.00140198043928903,7.97999357222359e-05,0.000400358178034408,0.00037642918183253,0.000490888700409738,0.00411845780330751,0.00678066771950159,0.00119419830980642,0.000101629821111563,0.000459494036379749,0.0020196322011995,0.000184571076006356,0.00596234592683553,0.00369968630867616,0.000764786367873149,0.00236638669116818,0.00650866719622427,9.32825985762313e-06,0.0031903279835525,0.0130750289147604,0.000633092960299206,0.00340628970538442,0.00284886052943055,0.000137629473878586,0.00676095576690041,6.67550152309239e-06,0.00654218394263386,0.00128182399015445,0.0233441764713681,0.000508859696565632,0.0007541006266856,0.000768707225988599
82.75,0.00716134232658917,0.00629668057845969,0.00119851336823902,0.00294926098031944,0.000433879736108476,0.00631103033345887,0.000503817934012258,0.00123877129815982,0.00328982484319792,0.0153265711409378,0.000993830442993074,0.00182721340585664,0.00156145184870614,0.268736138094996,0.000202042257270377,0.00413629308465361,0.00668846177806183,0.000609373561974021,0.00183024792840224,2.23304311401135e-05,0.000612739547620313,0.00114874244898367,0.00242738258913828,0.00160882382187564,0.000753284512831206,0.00557513930411991,0.000782697970546751,0.00923312924445302,0.0021787713222482,0.0109444735252837,0.00184713273448648,0.011083170578244,0.000475174827466278,0.000260420695720218,0.00031819289286802,0.00189628421975031,0.000643106650630471,0.00116508764703715,0.000134163028275986,0.00357873594981303,0.000930612086521334,0.00254563509604811,8.15995050256794e-05,0.00383689850940641,0.000216229141954903,4.48449360710926e-05,0.00102975647835277,0.00546948718931874,0.000185832432098783,0.0250213746566222,0.00057412356598734,0.00242901801426993,0.0071826023055748,0.00889550712446491,0.000756331889981047,0.00272404675583029,0.00076481870700673,0.00623293437681385,0.00134028993332974,0.0169416559560358,0.0106592260463037,0.0784995919781675,0.000609075078142102,0.00013754655331883,0.00081625052259221
83,0.00595156474878692,0.00773961107405123,0.000898638236335161,0.00048387479133097,0.00085052908201114,0.00494564704186152,0.000760865973067721,0.00315436382863841,0.00238872316792271,0.00459195080039012,0.004747509583063,0.000611317200517071,0.00159357214691131,0.572405434528208,0.000877121772082322,0.00108922798526581,0.00311245258741223,0.000364751444538531,0.000122818662869787,0.00414023591932976,0.000148982272685242,0.00228857442535037,0.00126974179420458,0.00172170672913081,0.0021981051518221,0.00382633068315923,0.000425396197228339,0.0161901131971175,0.00681272501699127,0.00705704202603201,0.00171338698234848,0.00999263764089969,0.000709845936690562,0.000396635128316802,0.000100117993623517,0.00101250091030602,0.00150949469941227,0.000272331622543246,0.00190452243987204,0.0040481078779314,0.000823907133431151,0.00358203009613653,0.000130197429144628,0.00432551200095048,0.00114263716859387,0.00458928191687999,0.00315290594739702,0.000748549003744403,0.000101272445229299,0.0346526711464595,0.000228567680371827,0.00360192004574203,0.00578728519709451,0.004743920792473,0.0031727686024723,0.00655787105982285,0.00120595658917142,0.00171018223435638,0.00151603567717407,0.00129255641759707,0.00157653014382374,0.0079139514675666,0.000140492502544128,0.00415563333355396,0.000285357460822313
83.25,0.00333797953365954,0.00105808876277861,0.00105300862069071,0.000314843872985223,0.00012948904176037,0.00347916734508038,0.000118517287238083,0.000927087536389105,0.0035576592722567,0.00344822450184241,0.00424020279919051,0.00910652906299626,0.0022466597987962,0.0944565276293682,0.00184857953170842,0.00475031801825746,0.00403896793170105,0.0020313503929046,0.00164970733064127,0.0016698736274654,0.000872971132801974,0.00291471520567664,0.00207318187622001,0.00122506994474362,0.000522298706048644,0.00275322180314985,5.87259121069713e-05,0.00200037110653452,0.00738961038150184,0.000398864166431398,0.00139891337606313,0.00597518061194176,0.000985472247209089,0.00331950197685276,0.00274951070991583,0.00408718552340805,0.000130633731906586,0.00252671678951129,0.00129931443937716,0.00251156530385545,0.000223168474315125,0.00348135562481939,0.000331552442300136,0.00120809543903094,0.000539103536664473,0.00139999250693052,0.000465588616246896,0.00284444244585016,0.000322240298390839,0.0118837188243409,0.0015331101103523,0.000895046346041661,0.000256606261321453,0.00209237567768319,0.00447256304500519,0.00765230950416286,0.00554481030169202,0.00684993738244372,0.00160660564843806,0.00534051190713531,0.0088884262274935,0.0574107338368056,0.000592791682820394,0.000722860881712332,0.00183450606386524
83.5,0.00364093048844375,0.00226436891278064,0.00030515965351569,0.00163040856161467,4.02345452317347e-05,0.00260334309140269,0.00307749619445458,5.13908189263844e-06,0.00640106895534986,0.00125010627830013,0.00139387634894752,0.000342037897774514,0.00190834872027114,0.164502798536503,0.00391258400156996,0.000657544963672926,0.000211865734473611,0.00574971851274461,0.00122345013755089,0.00019016211530889,0.00148112249294375,0.00376125477687892,0.00011619369040919,0.000140253521854146,0.00174347705516425,0.000771693969127248,0.000791882977953278,0.00273057791416671,0.000807753760337356,0.0165201249035741,0.00754249204442256,0.00137038044561558,0.00145543639120982,0.00446618041518041,0.000875258668553789,0.00301853053312476,0.00143141736193454,0.00015643641641875,0.000813936857030658,0.0123911169120756,0.000818326285214912,0.00477047733063006,0.000903207132582074,0.000578451540081701,0.00504382382460848,0.00057681615069692,0.000587293427369181,0.000951265014911172,0.000622528148554507,0.00703119581267388,0.00259146321834073,0.000573561127071307,0.00208398379360085,0.00115814007523715,0.000527551405207969,0.00458788845753346,0.00725028345379429,0.00459945551972455,0.0067587912209358,0.000601604305286748,0.00430864624857763,0.0176365504717871,0.000461985599323441,0.000993411382881804,0.00362940034987983
83.75,0.00643226285461586,0.000103126646749695,0.00274428269364868,0.00119175380623691,0.000235036499394785,0.000582671057287779,0.000432313192852201,0.000758334894073131,0.00238677103530919,0.0123672050075214,0.00321653888052834,0.000242928711544515,0.00135108435076374,0.00100130679153914,0.00114952652690882,0.00715680423080712,0.00396395112008129,0.000740834786899224,0.00047084071875496,0.00263267297237843,0.00205653713397053,0.000610816757531057,0.000272097628247354,9.71917885360966e-05,0.00123658382698731,0.0027661810292269,0.000746828409902187,0.001756011838126,0.00554488571488445,0.00968087073121731,0.000438604775461976,0.000109896227806134,0.00589645586297648,0.00155443865697834,0.00213038740173596,0.000724546117030441,0.000929392826538113,0.000697281173192156,0.0034484334742835,0.00779322589226207,0.000389026667503904,0.000538799783696704,0.00027834991285692,0.000954407407180476,0.000390051801946378,0.00693704356168289,0.00272797144593979,0.00149507457304077,0.00177446453023205,0.00315387660565536,0.000911286692017321,0.00256929551796068,0.0049402188305845,7.69994513671197e-05,0.00265105053828716,0.00317690330520071,0.000476213873762827,0.00925918610889288,0.000974808317701112,0.0107298183750251,0.00170160166057029,0.022750917523821,0.000347981321663638,0.00235593563945736,0.00212417869500678
84,0.0135818330493759,0.00684019593423216,0.00363296211823007,0.00383943171205864,6.01917062585732e-05,0.00017364627045643,0.0023404589630006,0.000621632675555587,0.0144770464141734,0.00710568080019121,0.00972283522124951,0.00210263559832737,0.000864356100329623,0.0677272884310563,0.00217309954678732,0.00236146853637239,0.00361718631724584,0.00127508619507595,4.46441118051687e-05,0.00372137263387474,0.0012099203624618,0.000213880076049879,0.00122591916367959,4.2812775475659e-05,0.00389880501038243,1.03185847962969e-05,0.000359290821310275,0.000148642837121685,0.00843991275648133,0.000690621229472864,0.00126389237024448,0.00554493206366758,0.00527546086253613,0.00179421553254187,1.37186014374889e-05,0.000145302963250836,0.00169864928822411,0.000890814218787002,0.005960876652611,0.0149875788584266,0.0011319655490475,0.00411808759469585,0.00247110570847471,0.000130224388295755,0.00699903690368858,0.00266153910591514,0.0064174094597592,0.00019548135587946,0.00168205708378956,0.00213513784982689,0.00375265297829911,0.00123327041455076,0.0118616570706714,0.0049226637928176,0.00401206108940482,0.000608945990126352,0.000667706864390487,0.0136607627052451,0.002234046567525,0.0048147964006902,0.0027877390919155,0.0107444152137141,0.000131275580802332,0.00465530399086407,0.000340902826003445
84.25,0.00024946348717166,0.0117803231492871,0.000116163035459818,0.0175189947961294,0.000324769975482221,0.00391889059773892,0.000374595366811262,0.000979454109897819,0.00280581790550599,0.0110628617247133,0.000868345936106588,0.00437307045968026,0.00106499571863874,0.249202130821375,0.00143357852348897,0.00514595086494346,0.00801520081632429,0.00190081998835876,0.00146570548610284,0.00198879347229424,0.000176015447544786,0.00177947633588209,0.00025780276854284,4.41126660653198e-05,4.28667994522096e-05,0.00262282854924419,0.000299897755469938,0.00293116842508596,0.00153034969240035,0.00868428316542089,0.00376975633483339,0.0027925332454247,0.000270537554504772,0.00831186255984459,0.000690166365460461,0.000724290939757999,0.00164289164272222,0.000527318711555842,0.00130165470192578,0.0178626976683652,0.0002290794161934,0.0062973950553978,2.55219025489174e-05,0.000855375616448982,0.00148832627538803,0.00255770263914369,0.000245001836928373,0.0095128937026766,9.64923842404844e-06,0.0141551602584167,0.000893435608264305,0.00075518614127409,0.000882769068379927,0.0129388777960597,0.00138594807238968,0.00195239625666284,0.0030948157391058,0.0083422921856887,0.00494622023964907,0.00966385725671511,0.00309869529354837,0.045226188795993,0.000122920839909635,0.00234968748248865,0.00143580665637883
84.5,0.000377974364895577,0.00619331838728491,0.00266892646347038,0.00622575214410506,0.00104885288579845,0.00163814857651238,9.8960138283934e-05,0.000503646771422699,0.0063017001603823,1.66720459536685e-05,0.00635232961072394,0.0149612588444835,0.000347462329432265,0.0170997102434122,0.00358102720753325,0.000265100227123091,0.000255834987695294,0.000839192841416394,0.00157078634001582,0.000778701016514544,0.0025737261518429,0.0015092568708393,0.000604286096750216,0.00121971064608966,0.000463020819209949,0.00435895505368999,7.00362147314684e-05,0.000421629052689254,0.00216952635885812,0.0371872469165507,0.0032802253263944,0.000272331961430039,0.000763961820031193,0.000514956649838234,0.00250149426745093,0.00133569200169545,0.000614998550324325,0.00116703605343487,0.00110506954431539,0.00471447289525237,0.00159299285719839,0.000226081572850266,0.00100496068875287,0.000595211520902925,0.000254019759932982,1.41058485456873e-05,0.000926614180135588,0.00769589950210881,0.000215754770744634,0.000850287665201933,3.56496578496182e-05,6.76445570136807e-05,0.00569395115290135,0.0129906878328206,0.00286994290314234,0.00543061239608445,0.00343617538358248,0.00283084993989303,0.000457822114978451,0.000281051522051097,0.00278334812255977,0.00210376027813674,0.00409969214351547,0.000750156061981282,0.0022303706073304
84.75,0.00257688522353721,0.00159257580846691,0.000719858843557929,0.0308277862452523,0.00305516922329754,0.00807390198845063,0.000338035429038957,0.000406430829551662,0.00911375320769513,0.0203325446207903,0.000481743770699092,0.00430663173501576,0.00070144903872008,0.383957044212132,0.00340615421523309,0.0206804955107882,0.00274551484325445,0.00412578436779199,0.00228012391587987,0.000366406686531772,0.00239757111114213,0.00242702979279756,0.00126951602035016,0.00116893720309308,0.00224164106370794,0.00965045701080278,0.00107223952420581,0.00345874265612437,0.00151234301573415,0.0193595284240158,0.00266609654610208,0.00639972332336937,0.00471457035227463,0.00998003956043629,0.00260886711086805,0.00506310621027249,0.0012515475057176,6.42357529198709e-05,0.00099998971502532,0.00908333296541193,0.00384840767358658,0.00308581866316321,0.00100027205768589,0.00103322651474079,0.00215709097157818,0.00093447572739658,0.00125056961136231,0.0100623480327182,0.00110026464013725,0.0260440511194247,0.000706969852351907,0.00335137808373002,0.00320226843583505,0.00313373945186003,0.000171131906832808,0.00869899910836213,0.00195510777576893,0.0232149741356363,0.00289213245251708,0.0236320142477389,0.0122872937889053,0.0914755245797142,0.00258128174697222,0.000346513838676322,0.00437875655961829
85,0.00440758224954207,0.00482340075895424,6.64820788234257e-05,0.00977591646845296,0.000333527166477495,0.000164415068621547,0.00121761636541242,0.00179838399379028,0.00211230912693707,0.00575212098044876,0.000704020268796773,0.00827112842164592,3.98360669115548e-05,0.0147281097608028,0.000177132595791919,0.0018432634594773,0.00024561123525357,0.000304980373902576,0.0011649099314026,0.00485604041007353,0.000266856670878552,0.00160091730001657,0.00123687794593637,0.00202648154320382,0.00187198146058118,0.00194435247441944,0.000342948890839256,0.000989396936591254,0.000401812163121479,0.00120884055037318,0.00118667948504613,3.98291658562533e-06,2.48586012713127e-05,0.00319060064852043,0.000961744769978941,0.000922023312880464,0.00652899025196695,0.00200317196438231,0.000197555106037455,0.0101953772831229,0.000873705754259562,0.00155416576673746,0.00167537554488616,0.000895458203569476,0.00243487409980935,0.00494548667261801,0.000450076916962963,0.00235393393398164,2.01354524877108e-05,0.00103335140246159,0.00150381776976559,0.00296475305612556,0.000332594429047371,0.00456794963643148,0.000995411975970695,0.00473277081325811,0.000754087960441898,0.00316906858898312,0.00563576866712514,0.00589897130253638,0.00157916946370143,0.025111882966578,0.00108878264054851,0.00434449474020086,0.00122471125501528
85.25,6.09666267204641e-05,0.00413050947743303,0.000294582063149706,0.0250362357500282,0.000371265111525308,0.000192713076499892,0.00133157261561337,0.00090893631279264,0.00371637805959082,0.000909730333528737,0.00396127348470058,0.0010890754024387,0.00102456820415612,0.0510987091402509,6.97244366081582e-05,0.00270603761648771,0.00140858011263194,0.00143628652285052,0.000238086342095338,0.00149271687083855,0.00178747304523059,0.00284232359883825,0.00166918356177036,0.000321324446194362,0.0027749669764763,0.00148204972296314,0.000180879999395946,0.00218291678632907,0.00107564068327416,0.0227967752276715,0.00576160516920797,0.000264623308334581,0.00185593418880179,0.0051410069952967,8.58618096495688e-06,0.000919052881484008,0.00216156293859125,0.00169086859598401,2.93371781499913e-05,0.00213106776536432,0.00237751923500456,0.00129906960385885,0.000837225955557305,0.00161861450863631,0.00256400357667546,0.00250856508451526,0.0013362345617808,0.0063003565921461,5.07348761218325e-05,0.00168604269429572,0.000980781192324078,0.00196199200523242,0.00281261208617686,0.00453954899233752,0.00264169820034612,0.00176641434936775,0.000887453593170779,0.0131090602180218,0.00274840804064365,0.00164697463286213,0.00094166767956205,0.0009097633374032,0.00115890980676214,0.00480879098265559,0.00208286620333301
85.5,0.0017140374750785,0.000136121032437304,0.000178303685212073,0.0088136371512645,0.000164609981532104,0.00180116092778315,3.70380928537354e-05,0.00259648492435202,0.00117611757828937,0.000436944240692988,0.00595214032601839,1.44692423019566e-05,0.00446107984963244,0.17451989145986,0.000490572248498599,0.000200998322849736,0.000171227812325644,0.000370940571408515,0.00373560334555499,0.000125173401231275,0.00157287987005925,0.00343571964837335,0.00192303998787358,0.00095781285241728,0.00188660682869723,0.000998382256919474,0.00081133355975237,0.0040487004284321,0.00172578328325937,0.0223732007810826,0.00310427410420918,0.00150635282573999,0.000459552316227314,0.000552630426783912,0.00108135602416064,0.00218280546643729,0.00027256667883622,0.000937460847865128,0.000512389627874636,0.0138717581765043,4.59153909195658e-05,0.000887660543023674,0.000281693403805206,0.00240558588865348,0.00026507321565783,0.00122082282258454,0.00191148962629857,0.000651489128224381,0.00223046073721262,0.00625252182848444,0.000661407350227037,0.000951511414351187,0.00937852706329344,4.3415061361735e-05,0.00493974988858354,0.000230571786581919,0.00437529229853844,0.00792911342331307,0.000199083670177807,0.000145287227851337,0.00140443543642752,0.00119437773078196,0.00369421954494756,0.00107398960664449,0.00238053906564068
85.75,0.00361266505672431,0.00108636920529561,0.00423995422692896,0.00390878117206768,0.00143191434084078,0.000615872866226207,0.000573444662162917,0.00268317592589005,0.00525032207817144,0.0329747146392464,0.00361525491729437,0.00246156620775949,0.000869009439644699,0.130774883835562,0.00105934816751298,0.019239118447552,0.00343900333879411,0.00223260033367854,0.00400435586155432,4.4277305288919e-05,0.00269133709615861,0.00290629420181651,0.000159248428280614,0.000193761078081177,0.00202845287024207,0.00118403017277037,0.000311980840698892,0.00784174353593956,0.00429405195863443,0.00970191235429728,0.000962324749727449,0.000875958912479669,0.00384217112074468,0.00227720534255071,0.00136750292670801,0.000629316886098224,0.000202031342301965,0.00108984713525387,0.00368189141407966,0.00361276839809229,0.00160372630409783,0.00105602208938966,0.000886657472476075,0.00192379435993388,0.00262015329048042,0.00779264183313494,0.00381436247032633,0.00449117676663698,0.000627166266975375,0.00816571926806871,0.000618536666221511,0.0084476066218856,0.00507516638219321,0.00206742263623436,0.00205394586930659,0.000651769989007931,0.000690299912373967,0.00821948368152862,0.00274240114342177,0.0354855826256788,0.00832016482281687,0.0897920657054996,0.000466874328503045,0.0050005626644995,0.00265802251066161
86,9.73660871233424e-05,0.00182638384746612,0.00248041679751108,0.00606962566415454,0.000859877260225396,0.00508100625237491,0.00141850842512486,0.000196564976162974,0.0011669986074898,0.00601160118098399,0.000678333167651241,0.00202891561733411,0.00387428987147557,0.304379085038182,0.000385520722895417,0.00735455061192597,0.000668866016924166,0.000752281609569703,0.000236571843093864,0.000323088483198397,0.000792622379350148,0.0015011373944913,0.00221491431195441,0.00123407175816438,0.00123807431590465,0.00291294881950824,0.00228508232560828,0.00594192571474451,0.00099050998844407,0.00238073823598215,0.00321068327387879,0.00514007319656337,0.000369552201431766,0.000417308604448768,0.000930503020574764,0.000773998264197438,0.000240397044112005,0.000505820056892819,0.00138191478348835,0.00318989334452197,0.000893918224251722,0.000832909015306687,0.00108665989349683,0.00170059885461619,0.000399751782519487,0.000425834471638187,0.000752689220002055,0.00162201513363214,0.00288835954231353,0.0164438883269736,0.00261276762884904,0.00218913620546986,0.00370602260971213,0.00150760245825529,0.00288212305967667,0.00175762233166418,0.00372128035664648,0.0271306431707137,0.000868826405996985,0.00752048914023303,0.00400619005929763,0.0257565741150552,0.000841258929413433,0.000104879616141523,0.000856560582941478
86.25,0.00373297553840447,0.0205653075291427,0.00199910035100789,0.00993744250655776,0.00204253069211031,0.00143901171783838,0.00200364899994697,0.00154891257164457,0.000106831579770122,0.00767036832064639,0.00344152670274119,0.0143942292142091,0.00380527990325237,0.0538689122254737,0.00662744423939463,0.00416357792011611,0.00536896025402217,0.000522593689459865,0.000774521949183917,0.000735994579088506,0.0018466173958034,0.000150948872890265,0.00265423863433535,6.17681529402029e-05,0.00266601163457246,0.0139478341804442,0.00318643206688583,0.00377874655115378,0.00832974927422478,0.0182744349405614,0.00561609608179218,0.00516203212160021,0.00098432883366026,0.00112147278873972,0.00179197575336732,0.00106740776285657,0.00171060795975245,0.000884349266073666,0.00304931485861918,0.0334140942684402,0.00117089551742703,0.00403531810521463,0.000119009928450955,0.0012723574102762,0.000616335662937968,0.000735286283429105,0.00311693420461629,0.0152153445112625,0.00246334549283211,0.0168536397561025,0.00217811572963349,0.00227552510004437,0.00514633779256888,0.0281456701086653,0.00199547232283139,0.0175420064094316,0.00552315656827337,0.0135305219510315,0.00306076061017971,0.00943401502959849,0.00248829846307484,0.0288076608964459,0.00185397081433942,0.00111341886625169,0.000579379813884302
86.5,0.00192198923098222,0.00445827330107399,3.90908987041665e-05,0.0107864182185961,5.31734460965299e-05,0.00091770960769552,0.00117924666352758,0.000683433688311603,0.00539319069998472,0.000147028330808951,0.00559170166813507,0.00165529340809329,0.00151309072589086,0.0406402103183183,0.00195602670092917,0.000995613412961625,0.000506563649433937,0.000429212884730395,0.00202008572389942,0.00161224503305822,0.00116765931340659,0.002581200620861,0.000592602219979897,0.00151541115340589,0.000653694490532923,0.00229367082132317,7.38016492146459e-05,0.000927082649118699,0.00594796498066176,0.0408001276748182,0.00133045376703071,0.000758297831810056,0.000613526414287087,0.000529631742677963,0.00132136143537284,0.00251032268803968,0.000560355765154075,0.000729212322119292,0.000356869526359544,0.0011346934758904,0.000537556901280714,0.0048116544058256,0.000707616865939488,0.000512004700748117,0.00105305252318741,7.67546260617235e-05,0.00203977447072239,0.00421733981576863,0.00120084533054739,0.00568817238335459,0.000722529108545846,0.000848793034433704,0.00350186711622544,0.00365515705371907,0.00225250783775375,0.00686356562952974,0.00196364590493191,0.00233798312016998,0.00855118267310617,0.000751503268634972,0.00248252366501086,0.00583530563303997,0.00107309513635856,0.00144608510828825,0.00221736176872492
86.75,0.000282405055442812,0.00174334083564579,0.00106771057167024,0.00262198218492066,0.000273354553907282,0.00115655378639184,0.000104530417769933,0.000915818208441006,0.0119632178661237,0.0104003849895594,0.00092126178085754,0.00227300545762523,0.000301670287646429,0.158785068848973,0.000263487390003113,0.000626078135127711,0.000319049545049482,0.000342712935296827,0.000242953251706091,0.000367328140203511,0.000705305562747474,0.000704039616784793,0.000682502167761103,0.00220937954821877,0.000259753737360763,0.00311240392512993,0.000631245092342753,0.00386777828793966,0.000760781193455368,0.00337560323719763,0.000987250751335316,4.12131561635998e-05,0.000355688129923989,0.00394692799769599,0.000595854803049735,2.3105270055521e-05,0.00070227005827291,0.00174006439943314,0.000190586927741197,0.00978669485994463,8.22787044386733e-05,0.0023764899835694,0.00101630449286653,0.00183272456327009,0.00240079005897221,0.00218578763054634,0.00126739565391572,0.00277314241682396,9.7060918172623e-05,0.00603847919176193,0.000343487045568003,0.00318765402738557,0.00191978374655301,0.00313783448968221,0.000604087587549912,0.00701064489698133,0.000482422661815402,0.000368374979295925,0.00263862893731746,0.00711116436934883,0.0058533241032436,0.0146689505921771,0.000256678227663856,0.00208798831294182,0.000453237911089985
87,0.00425183069006254,0.00276660699227145,0.00263029208348836,0.0040160019127595,0.000182607305744789,0.000398327546823568,0.000143450574860927,0.00089615431592932,0.000700423147588299,0.0158812335521879,4.48386898368477e-05,0.00441070374212586,0.000403317909529485,0.0566603744337302,0.00072449647363519,0.00433374572217158,0.00229233400245204,0.00155291812789279,0.000955232047118302,0.000307381032775987,0.00144569170661286,0.000182538400110079,0.000425031332444465,7.55895624400651e-05,0.000109890759983065,1.94672775280928e-05,0.000218585776286598,0.00249967062524704,0.000218659348291026,0.0102630508901222,0.00142037713361035,0.000598181261258019,0.0023647166086096,0.000416008965448996,0.000818647702272197,0.000106387959690337,0.000626141520331727,0.000539906359126272,0.00292150758573942,0.0061396965189015,0.00106796448895143,0.000104600792414475,9.77044023040705e-05,0.000247106973611291,0.00108131070582543,0.00267067698379587,0.00211833772519585,0.00557356892664617,0.000229704579265269,0.00273671435037196,1.24072530351192e-05,0.00315425527180891,0.00183565829995194,0.00466827016454167,0.000284801048190166,0.00102785848784331,0.000631167877598134,0.0365336072145744,0.00155381159641934,0.0152418759778089,0.0044262574454331,0.0289051632814584,0.00109278301212763,0.00248031394607213,0.00132984422831693
87.25,0.00323103837274496,9.26422785366874e-06,0.00288637059434404,0.00614602683343898,0.00133510130092087,0.00138948189257314,0.000847661834990662,0.00185335970861617,0.00179102341801098,0.00188905009760869,0.0075052397279368,0.000993603962910898,0.00276824914074169,0.308670451005485,0.000644657050337231,0.00468212422566758,0.0038047453977628,0.000423666824201749,0.000429816241513412,0.000223141687475638,0.000724921005284858,0.000121907319722398,0.000234526674018752,0.000365398967511081,0.00309937316367074,0.00258335249934966,0.00194618400909464,0.0056613250144491,0.00502552900979244,0.0289551953707238,0.00378587061383512,0.00379346913597171,0.00214294215780904,0.000197543806152695,0.000443069918520245,0.000497580928929399,1.1773755169655e-05,0.000373288331152332,0.00312374953685292,0.00245642703163989,8.32895970113963e-05,0.0012255467439618,0.000515514510151534,0.00300641497647714,0.00104869541213687,0.00491713510775645,0.00744999567083545,0.00100275432016009,0.00206517550276179,0.0169616278201911,0.00121971683114811,0.00682444441314754,0.00521547324229822,0.00116611940367586,0.00411239281954599,0.00436564915609823,0.000167042713137376,0.0136846795524254,7.67994872472821e-05,0.00830549011426458,0.00250008127772338,0.0286429524293169,0.000395641036842777,0.000460012262223874,0.000113567320853479
87.5,0.00147553452139671,0.00231590633955287,0.00103633241794558,0.00417144926938974,0.000663773823698456,0.00224349419323089,0.000456853365657161,3.9947026319966e-05,0.00020444020171752,0.00315670085923114,0.00137877561049943,0.00502625705315787,0.000758987321350569,0.144394931227539,0.000764062731942565,0.00307276299205506,0.0011470714883313,0.000267185715393236,0.00254144130497231,5.26662246756675e-05,0.0026030459048405,0.00278414877086853,0.000433212494442463,0.000223725129745419,0.000294236416490868,0.00146960834807513,0.000331415167167652,0.00359906763948552,0.000429037242733044,0.00931805145208966,0.00259631985472202,0.00050947917883249,0.000928698413945404,0.00269774308268896,0.00163167705880615,0.000993037752558786,0.000692536533557235,0.000231816793241419,0.000300071225425864,0.00401191907120356,0.00344832993915303,0.00190748467998854,0.000785045592000382,0.0011142094552193,0.00168969307432169,0.000783360488608713,0.00262247942900172,0.00690351985617955,0.000418479298627155,0.0104965256397807,0.00057871055609334,0.00151997993837534,0.00235099555921153,0.00560805611871702,0.000184796997385263,0.00162195409648866,0.00073806497364323,0.0222428872897838,0.000237397103806353,0.00403142591028726,0.000458133235634854,0.0154119055094027,0.000171547918236648,0.000261571580472137,0.00228004330057204
87.75,0.00543891920693774,0.00524324272969616,0.00148852336518147,0.0130775708756214,0.000942568918063996,0.00192332385215909,0.00411753853066775,0.00135489729036417,0.00940332814206728,0.00316478065465401,0.000804778775668946,0.00295473215574894,0.00107959674188275,0.290185340519291,0.00332829355096055,0.000563182653526228,0.00660315891721807,0.000385027093854383,0.000961701369565494,0.00252440902487102,0.000871699773223018,0.00101279014912951,0.00125560802541037,0.000711679086034424,0.000378520192489743,0.00261578156998491,0.000968902952422103,0.00388302073033046,0.00440886504415966,0.00340676808057278,0.00321569410556694,0.00230542097433609,0.000702076783805852,0.00292088536110488,0.000299169730010881,0.000922887464218624,0.00156076007550792,0.00201345658350482,0.00297851488209147,0.00647245894516523,0.000130658090053658,0.00168993835827489,0.00116820527919969,0.000522095138333901,0.00636986152303472,0.00546245022785845,0.000835470063112596,0.00488610854456818,0.00127988984482272,0.0104309424308688,0.00377741830428661,0.00155985302865953,0.00387019071271508,0.00472447735462256,0.000841979580069753,0.00203329472661795,0.000658912880323824,0.00148072004775678,0.00748114847202207,0.00173089109156077,0.00135241267498755,0.00358243669153325,0.000904951966260022,0.00526920090521786,0.000839902477117815
88,0.00470991321747095,0.00740502709124656,0.0004450458342065,0.00081654847015592,0.00116409037378799,0.00225355494287882,6.47478929940446e-05,0.000681706592593612,0.00703509706010431,0.00808492843134709,0.00247820678762805,0.00331687096602857,0.000697479164628842,0.104440365194878,0.00257534764158539,0.00717231590439634,0.000635425202755027,0.00146384130609352,0.00318306529421839,0.000376481213058745,0.00207146081305568,0.00197111094671808,0.000296891120282404,0.000654187290544251,0.000523702648650312,0.00421340043989453,0.000165187468697532,0.00217622939545238,0.000731344726194122,0.0289250679574666,0.00161294164436769,0.000921325294282856,0.00138245652196287,0.00203203373062616,0.000134912761468493,0.00214301117002778,0.000994679610618457,0.00026527890284943,0.0012840192949788,0.00453379688468363,0.000474626770500614,0.00541503858495812,0.000214010040561853,0.000791808508392211,0.00258625111016973,0.00353648445352975,0.00158329916544125,0.00460825080839884,0.00125442477095991,0.00816400110973304,0.000193006707866391,0.000642991391777018,0.00369983408473464,0.00853552650109985,0.00169911764028312,0.00374742899849277,0.00458665885510502,0.030416783740426,0.00527948619887782,0.00580929952681672,0.00776663471709591,0.0376760545964431,0.00053273322222963,0.00207897021529923,0.00179740195076491
88.25,0.00832901202076636,0.00700686111017895,0.00231229991494671,0.00854803060573727,0.000433317626188308,0.000590920839452158,0.000446508764938667,0.00197136411386666,0.0178089151251888,0.013586645402815,0.00984140661520864,0.00541313202043281,0.00231957557333998,0.0597699068842613,0.00196410628208914,0.00205733876799381,0.00410682455056,0.00201477520828722,0.000957273540889329,0.000264805911453562,0.00492628272640244,0.00053446205267644,0.000401275732938346,6.34445997486769e-05,0.00433863833642023,6.22082272974118e-06,7.85334077020748e-05,0.000159203101574196,0.00755745084094197,0.00781443651583193,0.0016421449358495,0.00139045444359134,0.00205547345165844,0.00218832313395724,0.000475521219565352,0.000171109587243551,0.0015494391905881,0.00120844850611792,0.00239732815941064,0.00327733565557133,0.000884135331894893,9.17789861539035e-05,0.000100030177764901,0.00129044569025388,0.00309609311520301,0.00287458299812278,0.0091678148939114,0.00222215678842761,0.00233716835655153,0.000573720694894971,0.00209729038144999,0.00293213994831604,0.0108167985726843,0.0075268625952965,0.00747691957198694,0.000299190162391304,0.000782207241214376,0.00349500943337674,0.00936613565413832,0.00600367796306043,0.00524819461232067,0.00311403888309213,0.00110921238291507,0.00598591481532637,0.00270123631048412
88.5,0.000580520231247225,0.00293726267255513,0.000718717913772839,0.00692088147737942,0.000632026388068876,0.000875411387533818,0.000192368058742907,0.00203315033067764,0.000505219461840882,0.00125381060439511,0.00088771193410091,0.00481505469709051,0.000192032223003842,0.0454559894371499,2.78626511864481e-05,0.00506170752234382,0.000466435463178184,0.000460560648518295,0.00156628032642336,0.00120875620682537,0.00044670572407994,0.000315418841019616,0.000123038092619293,0.00134420998323162,0.000395228125593374,0.000791628152429598,0.000203295013792772,0.00273362437582111,0.000729117673364343,0.00541916583869531,0.000199045793109331,0.00233358793322949,0.000900222830310453,6.17805324177482e-05,0.000683083436893898,0.000670298440997269,0.000111818046514427,0.001652565610835,0.00027783285540348,0.00137407203429873,2.20048615103101e-05,2.50629980297641e-05,0.000455409792023073,0.0012266619515507,0.00024581711664453,1.81142734363532e-05,3.66774601515416e-06,0.00399311231661656,0.000268862046199042,0.00322597685447472,0.000120106495063983,0.0016707673873968,0.00086280289535142,0.00441997848105267,0.000637045897561906,0.00460195925287655,0.0034034282948308,0.0192097315880041,0.000397366835974431,0.00329795550543837,0.000304676077114859,0.00669857103364854,0.00017210608979018,0.000169291612407016,0.00100298478563368
88.75,0.00401268511518909,0.000415333675031838,0.00286086337245562,0.00138916040309179,0.00020864327152,0.00145910706965548,0.000118170719162822,0.00202025009169432,0.00151127783228456,0.00778388351273202,0.00240774351068034,0.00193233086720453,0.0013326297443225,0.698561181455506,0.000694122334391025,0.00350679484580115,0.00175498136236166,0.00028042009851338,0.000726783967878729,0.00106264579050463,0.000362864417020815,0.000646937399032062,0.00174406841149394,0.0028990873210095,0.00109454030333603,0.000629741113149264,0.000398913120748093,0.00780110952186251,0.00251812364372566,0.0107118289938048,0.00182592944754436,0.0111714627316013,0.00109893296647546,0.00035064830630606,0.000319540101774914,0.000125101043645194,0.00104983850054474,0.000382954277063752,0.002872017566484,0.000932479920480058,0.00064653554337523,0.00032346399450302,0.000895211006805004,0.00396735965340335,0.000747778296047923,0.000868629389507368,0.00169245011015436,0.00129340187728773,0.00257502228827645,0.0143272863521727,4.78889064453965e-05,0.00207107132697585,0.00528286571380675,0.00182302481626494,0.000379387405437568,0.00552086038228203,0.00023258281096797,0.00431906320959204,0.000270827417028117,0.00571758320600227,0.00119545481475094,0.0286515449530021,0.00104613844742874,8.98918328981418e-05,0.000173191618053643
89,0.0046906898681816,0.00162452585397471,0.00171728778848363,0.00248486902587242,0.00213393394811507,0.00275697422403925,0.000166771379947012,0.00126660881290505,0.00444961945235674,0.020099633665203,0.0104663298725853,7.4169985463475e-07,0.00327756044729693,0.122248893213269,0.000333788898698252,0.0123326866819067,0.000578470252516984,0.000907165258638295,0.0018616788890791,0.000503281590664037,0.000766524139891615,0.00260796315204473,0.000302334870120233,0.00254877194449047,0.00207204338472081,0.00327297418453058,0.00164296080118428,0.00544719004311413,0.00634955243394498,0.00282497432416796,0.00118363102417168,0.00271739724560563,0.00103997692533832,0.00383109347769404,0.00163202019887185,0.00165889631545332,0.00106122360988698,0.000496548028933095,0.00265643619755756,0.00151743554527245,0.00285941288212929,0.00281710121599466,0.000317992954156455,0.00199576305469576,0.00228675952950483,0.0056641718363798,0.00497383559767255,0.000586625717742373,0.00211329264610182,0.00683253384814417,0.000913883863915024,0.00370853218957451,0.0113834771999263,0.000859198704620462,0.00532815351635801,0.00215589683754099,0.00136170943311667,0.019107272730018,0.00344621416945953,0.0238301049116104,0.00488774077514367,0.135751500356069,0.000707262742703766,0.00128819927855472,0.00107427981864416
89.25,0.00168660550206838,0.00240202499661503,0.00327356613329468,0.00217078723674695,0.00120067238196313,0.00164078182331756,0.000937333193674258,0.00158711772406744,0.000387207992683045,0.00566024256132562,0.00780805219136718,0.000215708964414228,0.00916872959017534,0.0194008311607842,0.00211138648438592,0.00516570108781612,0.003418332617791,0.000505105183902201,0.000403588780980467,0.000980666034624009,0.0015749317871636,0.00013781680542095,0.00142892492530064,0.000564822826426753,0.00487171403570232,0.0027757169901611,0.00449239242149605,0.00278900120083462,0.0142696618529211,0.00476587015128413,0.0101855209464197,0.00345207381850911,0.00157480669298271,7.28961097602069e-05,0.00273131672325473,0.00170614700103105,0.000961317251444669,0.00202099646630145,0.00263884034657795,0.000326508228995577,0.00277135851681171,0.000685420517065971,0.00457195242493876,0.00154783278335195,0.00249948784181225,0.00573839620041007,0.00526479784138039,0.00142355069127509,0.00360927884770344,0.00429150592565547,0.00105036389367863,0.00155773982664657,0.00369301526083369,0.000251564067624346,0.00624620394730538,0.00698502043906121,0.00391349281409807,0.00625499642306387,0.000857861172678799,0.00743803897757585,0.00554010601019602,0.0973095838466552,0.00282653230349013,0.00291724400487314,0.000821520209799224
89.5,0.00650472967383536,0.00317014998506635,0.00193503518217009,0.00446293629819131,0.000787580448291819,0.00114293348313616,0.000278627795639793,0.0017323709306544,0.00605637854945326,0.00579304404987905,0.00376963843881823,0.00336343487672249,0.00197428822056837,0.235515970498527,0.000437003384013429,0.00404038958238693,0.00276084532303466,0.000508855399468124,0.000549155347751693,0.000219876700879652,0.000955242196579414,0.00134217214142006,0.000692109626002139,0.00104467751676009,0.0020251696804556,0.00059104002891289,0.000112034931160878,0.00577338234852875,0.000529120645089671,0.00211011468504734,0.000944121287718136,0.00319799752066043,0.00153204966894809,0.00172217806305406,0.000268986273287868,0.00146225414870158,0.000973917989136371,0.000320817181720331,0.00342299900979825,0.000777750771207145,0.00181350124935349,0.000182410747938277,0.000155397109420543,0.000975628726285322,0.00230686087230026,0.00149923224809764,0.00512237534421641,0.000155942384351522,0.00143462748243366,0.0100101886992804,1.94966159080559e-05,0.00232790311725573,0.0181265533468167,0.00323518746952567,0.00569800749415046,0.000426517608355348,0.00233989157244085,0.0269960775779063,0.00265703646578334,0.00799809542122443,0.00749805580901557,0.0418274901884355,0.00146708847247278,0.00174394335906342,0.000770354039739092
89.75,0.00156667845325451,0.000242511645372691,0.000406121350797944,0.00110655181755913,0.000794047497631782,0.000590393850944199,0.0002363100483258,0.000167154221985344,0.000966744704996394,0.000694109978327563,0.000405841133039448,0.0044840244483921,0.000679018595679671,0.0435241953143979,0.000887128120043694,0.00215949624385215,0.00367664884360976,0.00181237059476823,0.00166726240416856,0.000306473029040265,0.000119825933670272,0.00049402487172546,0.000192138674389785,0.000267943321027742,0.000142885785641008,0.0012425094552383,0.000230007164692312,0.000319467340419096,0.00220590685648272,2.47311424301811e-06,0.000359559377662071,0.00457493650339978,0.00151801474488177,0.000747030993386682,0.000649548422477023,0.000688597268636105,0.000136395350099498,0.000511466834430063,0.00103995398725637,0.0022100900320969,0.000915562170930448,0.00057616817131739,0.000234405951893666,0.00049034662437777,1.43843179917313e-05,0.00120372079726371,0.00314825062616709,0.00173858125248057,0.00126691795193628,0.00256775861067932,7.79655812629695e-05,0.000614797952334717,0.0033853141445819,0.000769590517941599,0.000732243983913555,0.0072987735156075,0.000162834308884304,0.00115484042645961,0.00040854161804839,0.00429497372423148,0.000896041180671669,0.0302527736483473,0.000822840495502967,4.79687629434312e-05,0.0010210424575205
90,0.00167907750308224,0.0026611187901482,0.000594438088590463,0.0016355296073686,0.000490829717755404,0.00125096085277525,0.000128219275577245,9.31676683224644e-05,0.00595618979492768,0.00736500216521371,0.00227216994949098,0.0059619439889937,0.0018791414181385,0.025589112001981,9.95884138639847e-05,0.0108909101556178,0.000116334633026025,0.00165188106535996,0.000890429420032554,0.00112037934752692,0.00027215381585456,0.00293407462714471,2.81483727217124e-05,0.000195650880560784,0.00223222594175378,0.00265069715973872,0.000810919033302885,0.00143938382798044,0.00637972947421842,0.0046613147414833,0.00152003171560487,0.00622094201581513,0.000806455830289496,0.00172008491459721,0.000213139164757,0.00097104709073624,0.000423290956779894,0.00139354967259028,0.000739304162467323,6.00310740512049e-05,0.000512126916475812,0.00458553653316419,0.000323213004357714,0.00101848362691517,0.00180146252610781,0.00325916341335617,0.00207165952500159,0.000708542624055598,0.000964797475650561,0.00191472108495582,0.000427321199786967,0.00364184157519411,0.00561661408069444,0.00221213462439586,0.00218725569508091,0.00575303682390488,0.000158808589134301,0.0245600077632297,0.00471781594567867,0.00912404355185646,0.00615066795340073,0.0442264924053909,0.000123482692295875,0.00258257807508359,0.000614767832395475
90.25,0.00335153457080684,0.000754838615565168,0.00227073251978575,0.0102147968170128,0.000597066347330577,0.00132300780921978,0.000591803926082535,0.000827426464399216,0.00328934300113083,0.00214128271201289,0.0040598432497477,0.00114642734559186,0.00194172442330897,0.0878025996887852,0.000309176603663685,0.00225174863245828,0.00684146327680006,0.00200407653602433,9.80688316151434e-05,0.000344250137154078,0.000564902130398683,0.000544466569905581,0.000499889702588505,2.72446812225669e-05,0.00401041464222538,0.00299324946177924,8.41350132026842e-05,0.00302585037006925,0.00172813987166129,0.00464322392892331,0.00145604483204623,0.00271644437289442,0.00202138045987226,0.00116633914133731,0.000142539276984491,0.000946158721191074,0.000706788069951277,0.000879172089343449,0.00320393634847413,0.00406857510647934,0.00116973610886444,0.00207069302326868,0.000129633937248399,0.00078483985959597,0.00157438714360846,0.00033033153793197,0.0026194822549397,0.0014448135681098,0.00116796418484429,0.00543857734988404,0.000526769824466536,0.000810631862941337,0.00530540861270518,3.28314803679161e-05,0.00420875410072289,0.00187263959992377,0.000174105144632937,0.00709149119210135,0.00467645303646868,0.00153631977813576,0.00414560729642144,0.0179329114138044,0.000241694348410291,0.00409699620386582,0.000955065625258502
90.5,0.000292399967365805,0.000465800252388556,0.00147861113325371,0.00153905756540862,6.39773470419275e-06,0.00170582755958491,0.000104275568118597,0.000160659751559863,0.00368976967975692,0.00470779151283972,0.00180590288497612,0.00429447093568389,0.000674348819250071,0.083223536617164,0.000407857632605956,0.000761788822985585,0.00178546164495959,2.9144443752788e-05,0.000185333990863,2.54850004486669e-05,0.000589914265540842,5.31774943831525e-05,0.000381689673187713,0.000893852941475722,0.00097908950287674,0.00495867372953223,1.77779028751915e-05,0.00162184399264719,0.00158109003207817,0.0142719495902995,7.3702308508495e-05,0.00438065653471553,0.00153819959375596,0.000362584982676872,1.97413783937572e-05,0.000333015630115134,0.000228881934015978,9.65826816570842e-05,0.000287833690785421,0.00165023553813635,0.000562296794969617,0.00204203513137442,0.000335565129666386,1.8855421763401e-05,0.00164602078660545,0.00117098603080084,0.002552438469288,0.00308073957974154,0.00160636964906831,0.00922773248229412,0.000195751184867257,0.000201374935861743,0.000164754091092079,0.00213915217243952,0.00084756522127109,0.0101876261272115,0.000905534213791045,0.00898539469012854,0.000233584870040247,0.00636832930938833,0.00154040226413482,0.0271390453254264,0.00114029347545959,0.000278974277794161,0.000122128555728019
90.75,0.00249001102743419,0.000342878488063957,0.000781422636044386,0.00126726090673433,0.00128484925473576,0.000672512409386673,0.00166303637283974,0.000487308888257304,0.0013043547393624,0.00429995962887676,0.00157846680255965,8.47258058944285e-05,0.00210522928708024,0.0895865950175767,0.00149746830290728,0.00414724101311318,0.00247161775326865,0.00171112168151617,0.000537724549579839,0.000124998561745652,0.000199287415385909,0.000921958123669996,0.000748232540744131,0.00058755493654273,0.00217551604506875,9.13378233302882e-05,0.00170642356503971,0.000343514711220489,0.00313425887704443,0.0149513918634466,0.00213004247232461,0.00266328299489252,0.00141223436335712,0.000485599954450111,0.000856816731025463,0.000304359784982584,0.000502921104561346,0.000164653731924059,0.00140545383561055,0.000863241504745363,0.000879294831411492,0.000751168379811669,0.000949761398914915,0.000499999977428876,0.00202296228168972,0.00189485850620305,0.00397200392585056,4.24611199232188e-06,0.00220921749365523,0.00144635898403756,0.00208704717123681,0.00266621636629934,0.00427883886154321,0.000357961180620799,0.00310825444112369,0.000287539227475689,0.00555558795167986,0.0013545335116407,0.00129417632307224,0.00445040517244592,0.000433091237189901,0.0177452354659161,0.000137175185571312,0.000901398383881732,0.00130772434275655
91,0.00305007725287279,0.00315468197587381,0.0023294941595505,0.000739270193288014,0.00174776325440307,0.00385938243459306,0.00269626696663809,0.00210205071787764,0.00594539426792958,0.0158819696794166,0.00159360501527068,0.00354569288691269,0.000601021302596928,0.34396756219098,0.00452314458261124,0.00737208498842836,0.00170179586006385,0.0028255363723782,0.000764974241450947,0.00029427790670543,0.000957279761962727,0.00139554807723162,0.000957713927297397,0.000699456246929279,0.000115024896101899,0.00536954506623268,0.00134235205920854,0.0143998530329712,0.000288767049422304,0.0188678675034402,0.00301919034325489,0.000540443156164211,0.00190337807559655,0.00338030002018593,0.00137676542124331,0.000573274050287106,0.000657184071594711,0.00111301121893411,0.00371583455511146,0.00297600194212414,0.00115087139786252,0.0036564147930248,0.00205932072324779,0.00513319339952525,0.00212361813046874,0.00556971404898831,0.00257326141783417,0.00465774290211798,0.00123798281257181,0.0267164972329793,0.00237044670329191,0.00373510204320412,0.00441859668693979,0.00432242339064336,0.00108256802190205,0.00798247418809386,0.00395152754971861,0.00923342909633674,0.00378152389773992,0.0133932152161915,0.00194950755598646,0.0251742017898831,0.000353687080121737,0.00360853338727839,0.00234307777647626
91.25,0.00136117192770571,0.00312106466653939,0.000269410405016297,0.0100589765675544,0.000774051401793201,0.000448665881439165,0.00107901654727546,0.00172661512027745,0.00132773525535251,0.00885837096830258,0.00431239845203107,0.0125649446871039,0.00266845080013728,0.00389824223999859,0.00177007620388241,0.00682512034311738,0.000171024339264567,0.000912984418348399,0.00154946233009615,0.000632258709317679,0.000724549371416504,0.00166223375994391,0.000487234515459623,0.00109902802339059,0.000686731320428165,0.00295817081745283,0.000218731638718065,0.000660810454994632,0.003380519256515,0.000638480508370211,0.00275012267239844,0.0001419937448462,0.000417544597231265,0.00249006824802192,0.00192184173495158,0.000250451231678494,0.000160493397452665,0.00016607171869191,0.000125820367710167,0.00491510648129276,0.000878697861692135,0.00283364495780035,0.00129603669149636,0.000288481715810089,0.00129551782439616,0.000993527065625298,0.00151361731303816,0.0111391815910602,0.00117972962806798,0.00207940756855088,0.000424051884683516,0.00100023749181167,0.00502721953045383,0.00786510635373307,0.00204604371925938,0.00613715186398867,0.00378303694657629,0.00830420460751811,0.00197285094142993,0.0100537929120904,0.00772383299463887,0.0651668010610743,0.00134762355092062,0.00020969878417187,0.00103987297094254
91.5,0.000669870046855179,0.00327392738428683,0.00422208670661166,0.0143424805473469,0.0015791291374145,0.000289554816066312,0.000524224794890632,0.0033971358375455,0.0023908674058439,0.022545355679711,0.0113311098893389,0.00117498424628873,0.00628437422517215,0.0460863228879031,0.000368666457297363,0.0189162561529117,0.00149967278244037,0.00156982473827531,0.00224899507826834,0.000267995720055661,0.00166663216544465,0.00106942508866459,0.00100075741937734,0.000312492536191179,0.00659767987556851,0.00119375286389686,0.000496054603473248,0.00225608741154778,0.0112775192615841,0.0101281496444292,0.00178378384414526,0.00938225692231747,0.00239495973205597,0.000428176542233014,0.00296547069397195,0.000849139499749855,8.62367709462004e-05,0.000578058982606237,0.00236430176034908,0.00823424008547408,0.00286411820923226,0.00104412288972105,0.00169545480860326,0.00161427829591498,0.000558989310162008,0.00792586925433194,0.00592790994687066,0.00235727257353845,0.00468655216406947,0.000804424023986589,0.000677578249992218,0.00827255732172303,0.0038095272358552,0.00277064086070061,0.00924959451019036,2.82967653384783e-05,1.89531522463608e-06,0.00687774144143719,0.0035071700067832,0.0265717592762905,0.00775449407710773,0.0949127391731818,0.00113026640967104,0.00109808898252671,0.00109705883287155
91.75,0.00087762843914727,0.00370009751587408,0.000970742325387127,0.00257392852444026,0.000331360825282192,0.00291849928218511,0.000996837587896494,0.000385871380130555,0.000686707452529469,0.00033850288244438,0.00101769645026548,0.00281880196155143,0.00133364327684825,0.00786411619641742,0.00120416518102838,0.00438207878643919,0.000114951414626518,9.55721536203497e-05,0.000204151023918158,0.000306111383555924,0.000333478572255026,4.7240666506926e-05,0.000442495823354757,0.000202997752129047,0.00251129679253615,0.00175941848414397,0.00213051979489973,0.00420647230515309,0.000376858830736952,0.00032990900282799,0.00366637910892956,0.000404194466750263,0.00203021702629208,0.000154110526726533,9.42359155519969e-05,0.000533855689010742,0.000114150114660426,0.000159504094858293,0.00101079243813074,0.00271540212944799,0.000217074561841789,0.000594674857190419,0.000354727396230164,0.00122618279862926,4.99947810891452e-05,0.00212077066983399,0.000227070988547725,0.00234276104714291,0.000414697480575627,0.00654256775313396,0.000688533326891178,0.00184582249667233,0.00190620298647071,0.00479440604860042,0.00116270065681282,0.0025887971991332,0.000340906671246618,0.00738754431874466,0.00096952819183325,0.0017748154343157,0.000456408695211611,0.0123863263003351,0.000360623557075474,5.08844908678559e-05,0.000222497028346823
92,0.000270032979851897,0.000554892629675454,0.000528983976651578,0.000317271212973918,0.0005498472171853,4.75821905866895e-05,0.000627461172859031,0.00162790793128755,7.42231125240121e-05,0.00276389758828483,0.000488259691028961,0.00329345866671401,6.57353855699578e-05,0.117799597303019,0.00182362931699206,0.0098617553883307,0.00137798445580779,0.000475481197436623,0.000169800211444191,0.000161910523799291,0.00163923707013286,0.00111346001047298,0.000636109855265688,0.000743695478760262,0.000277807981081884,0.0024896213468349,0.000644088906679564,0.00225715190291284,0.000245169409558986,0.00171245125039446,0.00328251245304314,0.000247267866820523,0.00182096017498169,0.000829249351028222,0.00091192175462836,0.000405567138715498,0.00142103984071724,7.13137106458205e-05,0.000377613153206731,0.0012290237770818,0.0020198574266983,0.000668471819636742,0.00107524416651965,0.000618511284043752,0.000978102498970132,0.003958542159926,0.000104910342613938,0.000958905724969371,5.72600867913017e-05,0.00265432605621544,0.000330440699062725,0.00291475010542369,0.000198762988277078,0.00160891450675774,0.0010249063165725,0.0114088147282393,0.00332705417346886,0.00592146633188176,0.00141754931829601,0.0117518060621134,0.0060780832910398,0.0935053777150689,0.00062926022986163,0.000678161594045903,0.00133727388339781
92.25,0.000661305894343356,0.000913539853167344,0.000571531138073381,0.000619243767678456,0.000343338255350648,0.000968551502214684,0.000268841023802913,0.000110803673983067,0.00429164621159951,0.00423487027388892,3.69017460471953e-05,0.000539962276272546,0.000957607729528292,0.101259877309641,0.00132994598849464,0.00114956861442338,0.00122757086526165,0.0024022156973231,0.00343888352847223,0.000208962579083147,0.0040281210420982,0.0036392703612953,0.000928486676954197,0.000495249929299788,0.000929875450088163,4.93136580583676e-06,5.90166172801644e-05,0.00257601115496863,0.00280489878865123,0.00340084622628725,0.00441398741772264,0.000506528916841139,0.0036825793385278,0.00170150380470476,0.00101985364313185,0.000555995330635797,0.000463466878179822,8.27995572158923e-06,0.000464149129314032,0.00121994447959493,0.000403517019365795,4.63823723394319e-05,0.000261742437643643,0.000993080068898175,0.000865006603616213,0.000264539476720475,0.00262262022044136,0.000332645256178796,0.000161963600831815,0.00616279522894886,0.000850473089912077,0.000460869064822178,5.09109689718527e-05,0.000501718042450637,0.0010136592764526,0.00156157730732884,0.00519046396765492,0.000849802417313534,0.00675652567193263,0.0033355124377671,0.00623590616208811,0.0213739417961652,4.88877399028556e-05,0.000429134226921949,0.00473735446214289
92.5,0.000199292892472562,0.000759382726530229,0.000538682898462772,0.00311713063397353,5.17109169170638e-05,0.00199753972034189,0.000743603264061689,0.000664174478554053,0.00162552124506327,0.00118057756472645,0.00753692748942491,0.00308683052750603,0.00486566737938428,0.087507186984133,0.00486244395157912,0.000465240000373072,0.000134561840601223,2.77833017492556e-05,0.00217626360508688,0.00106529268977428,0.00193582301167246,0.00394176117998929,7.24926642208619e-07,0.000579405669505481,0.00409245227552805,0.00290635231610245,0.00125065425182857,0.00166982289486638,0.0105621884303045,0.0202083407997981,0.00574553900033484,0.0015590823800557,0.00033026810688956,0.00520748200533189,0.0013876915455315,0.00202271693231495,0.000249629924985344,8.57256775260327e-05,2.7515129876904e-05,0.0027759233036916,0.000183124155214608,0.00523903761407746,0.000101765096114853,0.00140412552581931,0.000318916939268144,0.00141828981201911,0.000812265488801479,0.00203507145340037,0.0022554169937514,0.00609751374024357,0.00126282311807547,2.14903408319495e-05,0.00356293358273639,0.00284746444890725,0.00589597523792385,0.00421746036320121,0.00448965125821625,0.00222099334794096,0.00161500592281893,0.00162577347391009,0.00115896343505469,0.00746065903901027,0.000280561505638979,0.000107968631814649,0.00282325348958289
92.75,0.00015887076722972,0.00106267273735898,0.000603211606978887,0.000667356829241699,0.000270460167295787,0.00101793755646432,7.27661850385264e-05,0.00117661375284379,0.00372690048482806,0.00392174165574509,0.00094887841702555,0.000197522920780422,0.000678168240215496,0.0698153529315865,0.00355135463299802,0.00204309925919631,0.00114473437399973,0.00179643218380503,0.000371526658177292,0.000649862582245202,0.000418330727010746,0.000514182133105711,0.00107530679439364,0.000428057307037822,0.00135533133001554,0.00267508923501842,0.00122778808975064,0.00243643877268665,0.000489963677969135,0.0129654807714488,0.00168881149330956,0.00315738517467673,0.00110828105886353,0.00111164300714704,0.000349566041932453,0.000157190044091782,0.000552622893612239,0.000329118465781328,0.000486690276344486,0.00093517800521823,0.000560006974078622,0.000467339146763226,2.61550626944533e-05,0.000769590559009857,0.000394585586460309,0.000397706441074808,0.00354997294864909,0.00119088116615654,0.000488533794148354,0.00366852611418255,0.000704288413446359,0.000524956165516774,0.00132412861962508,0.00101835437557691,0.000725238962644827,0.00427335021782227,0.000819154119168707,0.00169339063990676,0.00240261858442374,0.00036439487499585,0.00226469676588574,0.00415277057609274,0.000746315438495349,0.000759423550065437,0.00181742977008833
93,0.000296741656188353,0.000822698090509822,0.000682167293678131,0.000686402739192284,0.000366228336183054,0.00088620497962656,0.00043637633139978,0.000333726332308406,0.00213917110885328,0.00791829067866254,0.0013247352916428,0.000196321032121177,0.000495618676075884,0.112845165626588,0.00142715858597715,0.000813894902197488,0.000240482006721551,0.000320708466857854,0.000659803398788015,0.000255613905048036,0.00218230531105585,0.000854650736707431,0.000632618278725179,1.09611687623683e-05,0.000229193048076678,0.00065026172723586,0.000275418868399308,0.000513374922419328,0.00157128946037643,0.00350353218729337,0.00144413556545864,0.00605810007342175,0.000486771087330798,0.00044776708229502,0.000842649473540112,8.08007162211883e-05,0.000320950806364379,0.000172006073096973,0.000191094555737749,0.000159037836532167,0.000156958372630533,4.2689899335144e-07,0.000946211809483728,5.78528435830739e-05,0.000262658847828694,0.000881399662020779,0.000947688509500424,0.00017705083094763,6.75009950122428e-05,0.00236942472351272,0.000238615639390112,0.00107336678696543,0.000431870382660137,0.000577424103755153,0.000386437121142247,0.00128031317623827,0.00155322485650849,0.0145757120242253,0.00143814479354634,0.00256906966172623,0.00255222326596324,0.0110964100544377,0.000883697676518965,0.00032723643200874,0.00105006024702289
93.25,0.000548772013971608,0.00566954905406122,0.000521830400481237,0.0024371470920931,8.2257876411842e-05,0.00249372677090766,0.00047164105787206,0.00150401876120739,0.00130033356986826,0.00258901098133581,0.000709314300965854,0.00181857131550167,0.000807818119505406,0.119026746629134,0.00151285039318765,0.00428137392600896,0.00197484000853148,0.00152191643952606,0.000117475084493522,3.00413574786953e-05,0.00028826047448932,0.00205917869202847,0.000323360038323173,0.000274403372523754,0.000428463962435808,0.00234471214135044,0.000908508964686938,0.0047604153183099,0.00258862232297159,0.0166205444294834,0.00136179536940879,0.00425640475766887,0.00198045678744145,0.00290002971323636,0.00037816334920458,0.00101984448051407,9.21251712322938e-05,0.000947046739681942,0.00111371894391632,0.00746295165985489,0.000750743355865596,0.00369582683233187,9.31734315521854e-05,0.00148273661799162,0.000712049348117755,0.000717091803373166,0.0025372495501465,0.00446719487443885,0.000125973922301389,0.0110715285505373,0.000343030272069874,0.00205408645492302,3.10452393358095e-05,0.00712844029826353,0.00115595161849056,0.000854953596176312,0.00256342955781551,0.0137306434347301,0.00115184248291318,0.0026994961689258,0.000684047603270122,0.00259267416357412,4.56071967653578e-05,0.00121133257933212,0.0017063439523366
93.5,0.00249218839423024,0.00661005242496968,0.000442754176544804,0.00639484535380857,0.00141668584340027,0.00180204179595892,0.00195269191371323,0.00113622690615697,0.00300949472011385,0.000110170434424807,0.00306827279360676,0.00401309586566221,0.00192442013188516,0.137472505328867,0.00244264484244148,0.00109829723807647,0.00040377896675063,0.000293282190460079,0.000449294277566229,0.00104792163140073,7.41485938875522e-05,6.13412844075656e-05,0.00147336711819452,0.000936957517767758,0.00251959655593824,0.00297236032494613,0.00149319018375262,0.00463109413170417,0.00346985368142674,0.0151731018283192,0.000503310360818157,0.00026171729328006,0.000416178452219749,0.00295277712439685,0.000510903273161224,0.00160518987240528,0.0010174544000814,0.0011628979399719,0.000613695719957163,0.00534600371594558,0.000385600195326987,0.00257393238476859,0.00129115691470658,0.00250650539899217,0.000526228681998801,0.000250133416488404,0.00253282638926743,0.00552289856168802,0.00276478318752586,0.00963110170055423,0.0015582295839515,0.000926752761968938,0.00466652550425036,0.00924084134994154,0.00204544161553882,0.00361999535549032,0.000802150867748156,0.000147218870942387,0.00177428751868358,0.000783282636439579,0.000283318419124131,0.0230698337011222,0.00237398637085856,0.000242370088833057,8.65382144230481e-05
93.75,0.00070953274332078,0.000153612804814779,0.000756571631412942,0.00862949494234443,0.000537452493506829,9.35742277716513e-05,0.000244045811582028,0.000563644635017846,0.00237672337295043,0.00377066248087155,0.000892141321015339,0.00124666464273646,0.00112427659034485,0.115064327477839,0.00162087648893866,0.00345924629369461,0.00200455686601714,7.25660485396252e-05,2.28408163304618e-06,0.000877416746848549,0.00110723395556239,0.000209929207855153,0.000869756171804718,0.00031927711277835,0.000239126523872639,0.000769446238129354,0.00069027538843804,0.00611636882500763,0.000703459862301659,0.0221495417462256,0.000788868072462292,0.000905995297911284,0.000874075732431343,0.000376995159549792,0.000483034300810013,0.000379096406637258,3.81297057416318e-05,9.67841878232525e-05,0.000790102818977337,0.000263149334460613,0.000827644190057029,0.000215071979920585,0.00191130351313769,0.00162046968789909,6.36507076571636e-05,0.00355563034000618,0.000776022043940814,0.00109573317591865,0.000783643576139628,0.00596189880416548,8.57526529876089e-05,0.0018460471422325,0.00245264573014215,0.000360787653756855,0.00120398362310767,0.00187317555223165,0.000933296530266257,0.00350839011308475,0.000493537082643297,0.00416302596444932,0.00616395591691941,0.0225381016487339,0.000100392879150641,2.93702981228458e-05,0.000413836727269651
94,0.000391252314757822,9.39904688883476e-06,0.000484651565460741,0.0029839937891126,0.000685128136957508,0.000782851660530521,3.27503540871152e-05,5.19310613313974e-05,0.000474197227901395,0.00227608191625455,0.0019510883258196,2.36183554622284e-05,0.00230647076584777,0.0668456756455924,5.94205002024695e-06,0.00504543528403265,7.15083514925641e-05,0.000179564926502335,4.61867635827837e-05,0.000558126051086236,0.000493532269849721,0.000344436483803135,0.00109904992574073,2.99012756958459e-05,0.00186995585213049,0.00108974094556297,8.13719412719983e-05,0.000342832870010898,0.00249685499941003,0.000316930703824026,0.000598264615487306,0.00362956510197493,0.000738605248473884,0.00125643653985257,0.000613058978743847,0.000524200335080524,0.000288333324846616,0.000254235380029271,0.000107326530442313,5.83128050886625e-05,0.00150513432819777,0.000148546757857565,4.04312961973652e-05,1.6236587621128e-05,0.000123274081554113,0.000585100025019971,0.00218365331010391,0.000352657906965877,0.00321685989763264,0.000785064763856103,0.000479566407730871,0.00089490099818764,0.00173266910679352,4.923332585859e-05,0.00303619833809811,0.00106393628468012,0.00101074769481602,0.00797877071461486,8.09451781593017e-05,0.00506756161523752,0.000534212224093911,0.0387004071954409,0.000472352687348741,0.000236188488348183,0.000473803986747711
94.25,0.00489430970532314,0.00402143581574582,0.00079761910998189,0.00831465348790864,3.28688555654839e-05,3.89419602484107e-05,0.000643851253792731,0.00263631595990181,0.00534277700848626,0.0240750222751892,0.00117568556068416,0.00166075408008284,0.000169419164075673,0.123834777033474,0.0007485325642544,0.00420485161607297,0.0022480785384325,0.000109320049982847,0.000308286792998225,0.000312457079615066,0.000396058932741375,0.000178922891956945,0.00049591223734729,0.00188145393562529,0.000569609078698772,0.000357300029468821,0.000327700129974747,0.000977815693629643,0.000590491352164356,0.00202918686331274,0.000534758988918939,0.000597406482850572,0.000567988689762957,0.00142416228388861,0.000610308495199016,4.90891281202603e-05,0.00103101201041796,0.000191465009746131,0.00176928620088253,0.00140923016660433,0.000542877639127523,0.000217762686092437,3.39099351133097e-06,0.000511741400505205,0.00260074703674967,0.00688646013430208,0.00121533371762571,0.00285889580223125,0.000111918315532988,0.00342664504014922,0.0014896602571448,0.00565744780845517,0.00658492279505609,0.00307530944084311,0.000558714435109295,0.00015141719539053,0.000629707156951605,0.00416554535122975,0.000423113405935437,0.0136926708151705,9.45180072408272e-06,0.00696662961897847,0.000110427197414082,0.00425174658112043,0.000133783335587392
94.5,0.000157790717120438,0.000191664244308672,0.000509463691104095,0.000281788396254262,1.00782659014198e-05,1.30930161575776e-06,0.00043649146610703,6.94527328565899e-06,0.00189685573105916,0.00213783675165731,0.00164206696260032,9.22264699561022e-05,0.00122089649167843,0.0245765494267568,0.00115041892961295,0.000221483407645869,0.000307460990383367,2.11370352181608e-05,0.000228335283921246,0.000664442742795011,2.56060949141196e-06,0.000217818770642866,0.000101828708726145,0.000453948756952193,0.000275940583626467,0.000758946379081595,0.0006605274552776,0.000661370195537025,0.00103502509540843,0.0013993840356992,0.00153042418647962,0.00121983022353193,0.000158555129751867,1.08693226957152e-05,0.00056837530262227,0.000440432013243594,5.17328945716151e-05,0.000453404833263848,0.000214457791748649,0.000769165224686261,0.000463854450161721,5.9470220048583e-05,0.000167816279825893,3.76533755076821e-06,0.00419185866522524,0.00224073223491878,0.000832532936259733,0.000247744244153827,3.4389738046025e-05,0.000846199483846499,0.000147062765730969,0.000315267776380542,4.93506623093716e-05,7.58616453367523e-05,0.00194481874362713,0.00147442522783901,0.00165089963258785,0.000499031209854749,0.00191111351993398,0.00142566422735419,0.000484064507398947,0.000324364432166194,0.000242161850894406,0.000157039530217073,4.03563598220214e-05
94.75,0.00687749668783013,0.000831791017678707,0.00511590579358437,0.000739526648527163,0.000284075949622227,0.00198098148125258,0.000155309617410338,0.000222806575862996,0.00229206519867778,0.00811576057641264,0.00379329447448369,1.39324099919237e-05,0.00191729862242524,0.109975172301922,0.00145527090926731,0.00168802854423197,0.00450611238904488,0.00125813630959082,0.000306932300828983,5.88528461204493e-06,0.000288284765061956,0.000516076764561907,0.000417549909463554,0.000164340093087335,0.0019701435230387,0.00159958318484592,0.000427285717904076,0.00288809412850608,0.00871830330867886,0.00511384721092495,0.00236363938179102,0.00478448721321642,0.00171369152258442,0.00186330322416474,0.000258148065599656,0.00128472099929791,0.000143021225116356,0.000394013624916395,0.00594113468894135,0.000572233653124905,0.000826731554048907,0.00119517453351272,2.38262602001925e-05,0.00107454828504241,0.00071229477969115,0.000693257763756574,0.00376685819753729,0.000779122791065216,0.00105757124070676,0.00841338979763493,0.000776402329918973,0.00155642466967924,0.00893888613440662,4.80756158764863e-06,0.00272302465994616,0.00502044401082673,0.00443189279471417,0.0063316668951006,0.000289897796183395,0.00428184335147323,0.0029083827822074,0.0267004558236643,0.000464345902379089,0.000840098713653387,0.00037930700541787
95,0.00102743445737859,0.000729820767593393,0.00208366572633223,0.00453605389806616,0.00260118725343941,0.000796497047260085,0.000140965907612628,0.000134906969443004,0.000843317445964787,0.00677406059894839,0.00162311046841516,0.00149638098808676,0.00107179562735682,0.0564126856979353,0.00192674541820752,0.00453163341574181,0.00210178698384263,0.00183574116018537,0.00229150869965376,0.000803397185308277,0.00201134431093833,0.00173249382795714,0.00271548157098717,2.45868576209022e-05,0.000912830956846378,0.000912042569955007,0.000204084986375106,0.00287882299383281,0.00511669003260242,0.00107799635881557,0.00201855716206995,0.00314932815001038,0.00129195166765495,0.00193765697059438,0.00127714921594788,0.000618322921723419,0.00121834823104619,0.000375743009443328,0.00162167849608021,0.000139969966827611,0.00153339250806237,0.000689343611157753,0.000277332911136659,0.000631886430376443,0.000254297018872799,0.00123159085721399,0.00310399923546221,0.00144953177566387,0.000249995166307812,0.00439019164002743,5.22202154224636e-05,0.00191808509892984,0.00188732046494809,6.88769538462749e-05,0.00111363528058923,0.000869033361796409,0.00596252179425168,0.0145741687896333,0.00034946080046734,0.00619349158070851,0.00537858473736967,0.0207585614847057,0.000656037001714296,0.000279364314626507,0.00261437844810636
95.25,0.00156399547714688,0.000121132896609648,0.000472363426410387,2.08395794498499e-05,7.16005873397589e-05,0.000868618231950275,0.000832483629407777,0.00116093949546453,0.00179581346582521,0.00212812764399475,0.000430754722342141,0.000404336195230713,0.00344512787545542,0.0771669353251151,0.00274489899407827,0.00295613512017968,0.00121091782658356,0.000842587911406724,0.00143640286344641,3.90806151079538e-05,0.00115357337165577,0.002316808882008,6.46753626951925e-05,0.000613792817999984,0.000688700926209309,0.000212763928687767,0.000699947922819918,0.00102478924546272,0.0011752765238465,0.000517263695993001,0.00489076698879849,0.000550747149938218,0.000367783206267147,0.00111691148909336,0.00118243697769423,0.00189525695009535,8.23856507683411e-05,0.000184079641042446,0.00103816955722598,8.69359275504685e-05,1.53749269525668e-05,0.00237067818621886,0.000235523347258633,0.000328984232169763,0.00115644464439656,0.0027071393706697,5.1842107532814e-05,0.00101185566684886,0.00223732385780022,0.000178714772296061,0.0012750735761226,0.000534328212554279,0.000623948799914537,0.000271028808776782,0.00179636257789912,0.00183021768776516,0.00386604801210929,0.00800330030708254,0.00375700986022338,0.00768191139347515,0.002239025475711,0.037767675627865,0.000628861485104634,0.000345445826337735,0.00200413411890609
95.5,0.00268893845825102,0.00248852445713782,0.00151824881733667,0.00147174601750065,0.000926918288387788,0.00205506705413781,0.000854578847189389,0.000565880948458232,0.000193472719383402,0.00981916331134637,0.00332155390640977,0.00368470923485137,0.001831411563589,0.0659633070443448,0.00189842044754124,0.00102417237889958,0.000363261339185139,0.000314492618705786,0.000194469091731014,0.000168269622751773,0.000418629372396025,0.000287198082921537,0.000495427494898462,0.000681844389814261,0.000866637243576777,0.00445614657322143,0.00156529645972,0.00437533821075002,0.00395519386876175,0.0232359976041546,0.00132589158835677,0.00172147467363749,0.000798281037390784,0.000308908539440019,9.25941283212283e-05,0.000261377383405207,0.000607421630627333,0.000131527974008579,0.00177178077081619,0.00370741094882662,0.00113060528290676,0.00155622108478088,0.000695973461642752,0.00151286230773057,0.00043720476100455,0.000663322674113393,0.00264477873333921,0.00259779073574197,0.0020522033001525,0.00967504913769229,0.00190757261494333,0.000528866857062274,0.00672189787180264,0.00388800787801441,0.00156857481414822,0.00656337264586946,0.0058167992959163,0.00301766768203407,0.000410261381979618,0.00684237169881477,0.000575225219297635,0.00988873335956726,0.00100647220362662,0.000266267461320549,0.000176488019729607
95.75,0.00129694723711751,0.00121189325393271,0.000635350042996262,0.00020286871588602,0.000219397355776557,0.00198429720966633,4.80523335646615e-05,0.000142947662296158,0.00245436257844535,0.00854734967513989,0.00248177658463604,0.0013633599931258,0.00324186591992786,0.0863374696233146,0.00149319902183403,0.00118196314117977,0.000809998722945832,4.79126638927039e-05,3.98683422668168e-05,0.000722454832163161,0.000610648491736305,0.000403769598603311,0.000105181253148514,0.000539875597668493,0.00354761783031445,0.00112810153580433,0.000228245307558683,0.00360296628314612,0.00168537531038752,0.00470445264484463,0.000673403211737155,0.00100955785419537,0.000460264172414444,6.64970845261786e-05,0.000136507551196888,0.00122732497466935,5.7282024370192e-05,0.000714646860378538,0.000398125959148605,0.00359873669313343,0.000699023909992084,0.00244143130225135,0.000170569341306143,0.000757149303766271,0.000882866726684853,0.00109472384703808,0.000418032579753813,0.000482302276938662,0.0016499050086792,0.00799544212128365,4.18787677673602e-05,0.00111591218544752,0.00322032939612265,0.00168365515403745,0.00572391054177152,0.000457738422505386,0.00108968411023188,0.00169224434669983,0.00245171780064828,0.00249164207862983,0.00248006996473901,0.00978128558115299,0.00026508913869118,0.000973183606835163,0.000281376691870509
96,0.0005231810546653,0.000823241263578555,0.00090208924149392,0.00242406251645156,0.000208591831293846,0.00154626366791674,0.000554109110865139,0.000295925454292505,0.0029701222585639,0.00257583533494482,0.00227468423322928,0.000180978284002713,0.000678442424479804,0.253484271584859,0.00122874479596606,0.00276954952698431,0.00407408347752035,0.00120881376823403,0.000137509629554471,0.000500119135467875,0.00117854482880331,0.00183057108383489,0.000470502202149341,9.76045997423759e-05,0.00149286821323968,0.000236466682474111,0.000145428467804997,0.00174541166224573,0.00476398255759853,0.00292590451950014,0.000755692189098465,0.00393000216765093,0.00109638437392319,0.000681912635320873,0.000447471518516809,0.000455855959129779,0.000609756861318302,0.000203929520413314,0.00112738897164706,0.00115253028394823,0.00107993962295576,0.00137192702513177,0.000927407647185721,0.000362332692856603,0.000741871483719664,0.000777092746949794,0.0030236299218165,0.00260365331137211,0.000328193715136591,0.00534078198081019,0.000993873466548711,0.000633983796707865,0.00258816128178789,0.000925105545325208,0.00201786927043394,0.000307668355341609,0.00192683992946623,0.00166590219807809,0.000867122572529058,0.00124769788544267,0.000782289261478802,0.00730740304544043,0.000611395385480086,0.00067767200209915,0.00111928576289844
96.25,0.00179039166442828,0.000322362628109359,0.000634545463830349,0.005606319993431,0.000299812175269786,0.000307551455150419,0.000107700918827374,0.00102046364116027,3.46366158400659e-05,0.00311723046455466,0.000966407562375591,0.000156324987635919,0.000427722580948404,0.147747645866738,0.00167530546454591,0.000822346078935694,0.00102158380683846,0.000269368963234933,0.000576679858069722,0.000354876091595315,0.00035482635804491,0.000547686626494998,0.00123736545282392,0.000912122832182614,0.00147962150021911,0.000333119799352128,0.000227039210224928,0.00169986153641846,0.00156342254409824,0.000958459557738645,0.000978033452455435,3.58564834374879e-05,0.000890652604659122,0.000456363331218003,0.000454664091641377,0.000131334487059739,8.50345582286661e-05,0.00011983134829888,0.000718536526337674,0.000996552226333532,0.00109614698847116,0.00012447024590663,6.69872777539069e-05,0.000258106046843651,1.73725478499228e-05,0.00234289913544067,0.00129815193374858,0.000950971370519317,7.55099339486125e-05,0.0019461602426685,0.000473120701105439,0.00014498751274237,0.00242659181939782,0.00057194179008472,0.000548894407668457,0.00255724690895016,0.00371896033976325,0.00138283427840207,0.00103437678823251,0.000377824726745607,0.00203411728943513,0.0121979883833894,0.0001229771598409,0.000425758988805566,0.000305680669007929
96.5,0.00426649648982372,0.00275001137484646,0.0024196761638565,0.00444566947309283,0.000109540727292117,0.00055185001197912,0.00163121524463042,0.00101375886846868,0.00528697060988992,0.0053301174508412,0.0018224511093311,0.00186220258131678,3.58138109695095e-05,0.017781539460652,0.00123743279797813,0.00459112822440579,0.00450918286314286,0.000615970398846879,0.000368990916506669,0.000576238505165002,0.000295162090119853,0.00131763212173148,0.000237648590623387,0.000138209219053686,0.00043468120147698,0.00199096918706569,0.000366841352168006,0.000447958072659989,0.000217281068888303,0.00435771866954233,0.000192495677807094,0.000406130769577646,0.000833298564168793,0.000714948208106274,6.92516608318194e-05,0.000827805234247551,0.00169601893976404,0.000327931881417488,0.00370533839322417,0.0148730074205123,0.000221406517194556,0.000826593539831966,0.000927564152441945,0.000140191916426651,0.00214535839985946,0.00307264342320545,0.00043102663666175,0.00243121448680672,0.000564200633537581,0.000964711248047571,0.00057153421008527,0.00118108373637828,0.00328095661996795,0.00341522035187802,9.9965814888325e-05,0.00212741362939961,4.57100574314357e-05,0.000687566762764018,0.00281720959450305,0.00484731460778744,0.0018342001407192,0.0400644266796798,0.000824801883866239,0.0032546611280067,0.0005482297423964
96.75,0.000160725159118587,0.00179523921717563,0.000210762493254094,0.00162659831305853,6.16288092709141e-05,0.00245357814716093,0.000259006132654388,2.52852312533381e-05,0.0017408378241758,0.00236618133032113,0.000107596268414369,0.00543933788915813,0.000122535695239157,0.129364697091393,0.000569030557717647,0.00168728320946595,0.000698849596924417,0.000258594728116237,0.000218948316153499,0.000237599066339556,0.000579367149907321,0.00120898856235854,1.37386610916699e-05,0.00250073492105449,9.33230820727554e-05,0.0049503130478966,0.000124893009610106,0.00233522990158928,0.000901218185128962,0.00533045474272979,0.000685210487410375,0.00181036234408781,0.000213067541948651,0.0007286698726996,0.000168838551415104,0.000989554536632282,0.000397281066837873,1.00870705076643e-05,6.14726144877166e-05,0.00138699451230499,0.000249978114909906,0.00346631892647415,0.000171917292143608,0.00207037063761095,3.32613104837985e-05,0.00020050095090419,0.000758430300055337,0.00390462521011271,0.000514245212336952,0.0104637099439802,0.000147831353969938,0.000136455226202408,1.01586578612422e-05,0.00343038693116884,0.000103658606313424,0.00502461167460678,0.00448773579102667,0.00310794152297842,0.00176142859878763,0.00170665609356871,0.00534703016191694,0.00973564276480454,0.000100226331374354,0.000405979248470202,0.000133812574400399
97,0.000297841981315091,0.000655711888578821,0.00518563915289459,0.000763003317217315,0.00041952051954763,0.00195906054509438,0.00113857911854024,0.00092801898516293,0.00513347774271118,0.0138424023245101,0.000906497443038353,0.000751352151178279,0.000463464977333348,0.141740131705185,0.000184978878459282,0.00453707491556714,0.00322349564233637,0.0010657074177366,0.00406769160641573,0.000244965777249431,0.000716505472478376,0.0012742384691122,0.00309392210235791,1.40029664408225e-05,0.00133467756040945,0.00412952729406453,0.00132856621990984,0.00371658636784539,0.000284409449583827,0.00208578846680211,0.000978640853021019,0.0014349777000749,0.00188062716394677,0.000945798954646415,0.000975821871938625,0.000419751495777273,0.00117082191903432,0.000260272366824725,0.00267200147228187,8.08454515981691e-05,0.00108579851404529,0.00181606241461277,0.00095620857490902,0.000756181021778598,0.00185100199395171,0.00178206854640513,0.00063123381830702,0.00108520905309173,0.000391898851210638,0.011824155399082,0.000275944898816094,0.00216767886629353,0.000599331074610819,0.000242702566557443,0.000277475841984007,0.00644418301724334,0.00115695292326893,0.0267488714278348,0.000462650863371985,0.00910432864427531,0.00422549635206621,0.0213990134215869,0.000740876135614936,0.000959918299287552,0.000929385113995935
97.25,0.00070943154097095,0.000389720694682047,0.000374197534447828,0.000772503908705539,0.00123924894282533,0.000128115640050855,0.000475333711117072,0.00024473930302456,0.00110317999145548,0.00183688471048009,0.00012043123346471,0.000605982504909801,0.000265443632402256,0.0352365189067324,7.99198359805112e-05,0.0011749278107416,0.000103284315429903,0.00159800241373513,0.000839646457366024,0.000524568802147617,0.000719454736291269,0.00010177337098115,0.000488445468044711,0.000523003172424505,0.000689952393978706,0.000317979978233493,0.000242511552983116,0.00175690395359185,0.000336646455183994,0.0105730586131249,0.00217248342643773,0.000769619269862076,0.000312461166405833,0.000318585051567932,0.00148544753091177,0.000157071151767371,0.000262128029460172,0.000205388248602503,0.000223910144063166,0.0013608797183484,0.00111662852611408,0.000334578731892802,0.000578646118389765,0.000853072233167803,0.000804153548265531,0.000582550345541585,0.000131110834328521,0.000721627952800244,0.000993524383173792,0.00235848351241203,0.000505387597832785,0.000136190524491223,0.00120387016835164,0.000616810196975766,0.000851940884395625,0.00325069559269986,0.00136861311350043,0.0064023377706416,0.000505793363924309,0.00282267478596007,0.00160475437451706,0.0321165877597402,8.66803597189762e-05,0.00038836558896576,0.000542830850682468
97.5,0.00426686103553808,0.0060483288154121,0.00196792774625748,0.00367510833350863,0.000300797647188452,0.00138136253472018,0.0013281333092191,0.00224989890008356,0.00333629407813549,0.00275124166782201,0.00162811974745589,0.00209944753570776,0.00038731003509088,0.145934456052443,0.00192545776500196,0.00140561864628942,0.00629879638532237,0.000768071600302426,9.39707836527954e-05,0.000975194058658331,5.94543404942115e-05,0.000631227694531269,0.000913991556488136,0.00169206563017358,0.000604011687599852,0.000798880633969274,0.000345955265259838,0.00243624795219538,0.00133909963060073,0.00203841244816882,1.93849489491335e-05,0.000938952762917658,0.00122067550039961,0.00369329943086974,0.000165239237047949,0.000726891756136473,0.00189000217101871,0.00103147559703793,0.00361785682023062,0.00515481838833404,0.000249095768315581,0.000996534920479333,0.00129041204463398,0.000577986486832865,0.00212205841257524,0.00127325232377466,0.00266093431763743,0.00108152453343733,0.000144331743210072,0.004982655724471,0.000531370559349538,0.000800585048935516,0.00452282135743542,0.00482199201699096,0.00059627323833614,0.00109839813451343,0.00136475616509335,0.0225808514984491,0.00292794123625199,0.00148893263743174,0.00269895888730527,0.00046797924508692,0.00036923097871278,0.00282082721878445,0.00017896371975251
97.75,0.000497831077526463,0.000151664201137717,0.0012645961281324,0.000558675000232431,0.000749843262499708,0.00126298128717504,0.000487169410431767,2.11965718397399e-05,0.000683511935994081,0.00174663721841636,0.00269283630735918,0.00221532811724881,7.14096714412609e-05,0.228048091113273,0.00118173119601557,0.00366361890369017,0.000398929996848632,1.98850409303164e-05,0.00100509422777969,0.000418293253386955,0.000706831523639059,0.000561841369261433,0.000535099105433448,0.000306213929511402,0.000639891751598497,0.00136040400044995,0.00032243335338369,0.000883567025879826,0.00157380848905137,0.00713739590631408,0.000168853612448667,0.0052434108111771,0.000618597106112073,0.00064430548972101,0.000225834269952498,0.000666285664779111,0.00019244451446884,0.00052110878576495,0.000346131408834906,0.00152816913805061,0.000476595688133183,0.000285367623242115,0.00112599944408106,0.000495641865201072,0.00126272302963469,0.00012333264852143,0.00214130618491477,0.000872517242813139,0.000340241087021115,0.00553261939774951,0.000561433844343504,0.00042795315772101,0.00360924749872357,0.00107797652309254,0.000384753291315237,0.000616249741536206,0.000151303525157092,0.00393787081540979,0.00296380407977156,0.00420153680044988,0.000397714519669444,0.0185869187630528,0.00110267173852387,8.40726876872737e-05,0.000492429783936649
98,0.000308925256199931,0.00242551641722147,0.000447844446652526,0.00334189118797024,0.000116196163214049,0.000234512107714584,1.21063401900474e-06,2.26604886986534e-05,8.72443517552963e-05,0.0019193594161448,0.00207279178841785,0.0031685635870963,0.000242493907975497,0.0735356425955572,0.00024035578616273,0.000295932879344389,0.000148022508347021,0.000334807471661545,0.00131232944885085,0.00125525108718481,6.51388476836631e-05,2.13260632326885e-05,6.49325773957711e-05,0.000223369801770243,0.00113960862066643,0.00108799663213759,0.00013713274343044,0.00061724669159367,0.000486641298341056,0.0078561577399948,0.00131295039094573,0.000255860950115195,0.00032635177050583,0.000338377041053398,8.85107924910432e-08,6.0435724049433e-06,0.000360368589045627,0.000154581276421422,0.000192632146898327,0.00593491582203139,0.000306499968737179,8.84249417799862e-05,0.000765480452756982,4.80813616046901e-05,2.78563551316906e-05,0.000357947182722854,0.00247584213531292,0.00295566202764102,0.000254318587286951,0.00274266388333421,0.000244121541109552,0.00137981731601575,0.00159068489825302,0.0032239129849866,0.000702061345948548,0.00105061863295475,4.8994516174268e-07,0.00157735317873075,0.000890208205102831,0.00102150796619716,1.8355734258926e-05,0.00159146330408975,0.000109899477079418,9.40128559761934e-05,2.72764464389846e-05
98.25,0.00272085102358864,0.00016887679549389,0.00106320502314538,0.000861291820043828,1.85996640083921e-05,0.0024945786945737,0.000190727195149835,0.000496435442795261,0.00518510948598969,0.000916360229529769,5.30717296565328e-05,0.00012487692099393,0.000700881578387814,0.229668976675364,0.00352921871827523,0.000964336237186115,0.000195582278928732,0.000333323215407386,0.00034899700259375,0.000160594760428415,0.000221358558841453,0.00207523251525043,0.000774003177394919,0.00011000216360161,0.000134806281346976,0.000516125049186526,0.000580008783922323,0.00821438932155139,0.00332017798464719,0.00410386687959036,0.000331186409301124,0.000972894090830439,0.000355819152652334,0.00106019287572971,0.000596659926377235,0.000930885036870262,9.05171793992328e-06,0.000174421521607113,0.000472635321057775,0.000698047333141979,0.000799570561435878,0.00191746314131102,0.00039135012011507,0.00160433489591169,0.00037314676848759,0.000116188508819052,0.000424606546888884,0.00104041228169622,0.000186768921109278,0.0143592999982593,0.000186633996953446,0.000393984502667702,0.00038443305997929,0.000407270707752465,0.000767700588036973,0.000759594454298967,0.0018631017305248,0.00320599251501414,0.00379109135730486,2.64996968581257e-05,0.00735060343405109,0.00608199989277615,0.000152108175702884,0.000196213380321544,0.000657066270873894
98.5,0.00253449248242818,0.00116119787601006,0.00358204533923656,0.00462915893426734,0.000302763958277824,0.0012579999072942,3.0157537676596e-05,0.000155666592676184,3.71837295189664e-05,0.00470515806238201,0.00493167249433639,0.0064493192894904,0.00121778211561076,0.0660070929374253,5.35320538554571e-05,0.00189871491466287,0.000348057445396563,0.000778465255257763,0.00042604993618249,0.000274994379811715,0.000571835806606669,0.000158165039295133,3.45638475673863e-05,0.000270027337269874,0.00028599263157994,0.00391618329084663,7.70079517043593e-05,0.00292111274198461,0.00205782067696788,0.0111878711827429,0.0017096261671571,2.00158168125166e-05,0.00170900499288238,7.06357103440134e-05,5.9968478962051e-05,0.000216811524749312,0.000135112181284879,6.65625097378757e-05,0.0027758847199272,4.92242910796366e-05,0.000821350172078489,0.000426531885698683,0.00019501265998099,0.000326549825965008,0.000176999476229292,0.000219862712073654,0.00391487548454266,0.00311819576005402,0.000427846873125702,0.00784179265943349,9.80031787662657e-06,0.00202628404194216,0.00605429356208768,0.00337596757034331,0.0021696171086736,0.00437107303479054,0.00134949203044218,0.00207323096084836,0.000956212693223192,0.00446515364274801,0.000265650114533816,0.0158144372006626,0.000290256512115638,0.000179841600249495,0.000188989490181882
98.75,0.0117349223861974,0.00142624571796995,0.00927122440178624,0.00251731190392043,0.00149166907206575,0.000114101191530599,0.000847641704071898,0.00193995973469746,0.00361918374836154,0.0222046313949629,0.0169012754846794,0.00270926434864572,0.00112272355967051,0.0829681592177,0.000695783219858013,0.0115843569061669,0.0036008538297858,0.00297610616522499,0.000323673470266875,0.00284711666863039,0.00259461834591497,0.00152239851325978,0.000547698364337891,0.00102843891531802,0.00416780627558875,0.000191144859796529,0.000770671536255209,0.00280515437598131,0.00768545825677333,0.00192502848023653,0.000869963896851167,0.00454488085628463,0.00445610719332199,0.00280163998098596,0.0021620914198371,0.00041115518681984,0.000231525280177687,0.000728218529637845,0.00922172202779781,0.00838950456101605,0.00448466836654648,0.000224263452911554,0.000670066317931398,0.00123823429498756,0.000635997061975488,0.00805237117074959,0.0158817150155821,0.00208233940756682,0.00176799827440619,0.00188224121548093,0.00123505902423195,0.00363589659194413,0.0208829661321938,0.00153178436055233,0.00567751337919733,0.000623753022989425,0.000696588308215322,0.0142762044671045,0.00094520951404755,0.0267069204731846,0.00280692125336566,0.0583228190124602,9.49796508470786e-05,0.00565815463338867,0.00283775073249611
99,0.00143552698526949,0.000409359898985277,0.000480752850066272,0.00283266542530953,0.00278871460433845,0.000305819531019877,7.17276669004326e-05,0.00171182307151999,0.000195708450815892,0.00341055743802426,0.0011735486641813,0.00107072716645768,0.000291472593929336,0.114232592497716,0.00102989008309931,0.00624140321900776,0.00202121265196864,0.0010229162143783,0.00190524310958845,7.23849395318322e-05,0.00187281862162027,0.000936845240887,0.000349433917808546,0.000234469809830965,0.00225511754360627,0.000936015895529082,0.000640684467840569,0.00216430819403772,0.000393757590177289,0.00366785392287575,0.00117323005702068,0.00241713465787526,0.0025017613189333,0.00145032103497671,0.000960190382505844,0.000670895505192312,0.000190461987908562,3.61776175025429e-05,0.00089700519256421,0.00476063849816132,0.00311892676401602,0.000216824735498333,0.000144289406618205,0.00199183976638663,0.000157720339358583,0.000598554098092165,0.00129961804520914,0.000491843505757041,0.00282186196270505,0.000871575505661925,0.000285245609260214,0.00138228302478573,0.00152066346192654,0.00047462495460891,0.000997477236468387,0.00383915157044737,0.000246826431704238,0.00758968530648862,0.00010948842197699,0.00511575033821721,0.00198345933478695,0.0141925425185767,0.000199842743315178,1.91078967304789e-05,0.00204434149966916
99.25,0.00509952047724184,0.000144471082725915,0.00187779497716126,0.000224235150975282,0.00163997094780552,0.00192289157506971,0.000271823801065118,0.000940789158851148,0.000186355236706938,0.00202479881210662,0.00278329661455364,0.000476386120102197,0.00104785500320895,0.0239063354006583,0.00225304961063696,0.00615994080974775,0.000903532277636058,0.00213352626213681,0.000979020698970103,0.000266383647562437,0.000734968621048759,0.000371797120124893,0.000871388211401284,0.000701274056607026,0.000326794133143209,0.000918008079754471,0.000109715157298026,0.00240674070633933,0.00372204175257052,0.00641036054666894,0.000511919119762476,0.00147897068660494,0.000222637010636402,1.91278938798723e-05,0.000826629055423788,0.000520728151718608,9.71644798396658e-05,0.00059175404651125,0.00225632712980326,0.00181834409038196,0.000463877650021881,0.000526789086642668,0.000581601449129662,0.00180821966654351,0.000471044773492169,0.000321230073796675,0.0030938995865624,0.000151051629673481,0.000523016035749063,0.00377293314781157,0.000588233993518885,0.002858726870594,0.00852994962167245,0.00042209914137373,0.00210476980467068,0.00107903099965236,0.00198422417096923,0.00027815610948877,0.000453965817804261,0.00952784872202141,0.000774096551233596,0.0768319049221286,0.000974038445855706,0.00102801888529751,0.000239455007603295
99.5,0.000728937246516722,0.000359941112465247,0.00079248085198168,0.000778602018197536,0.00103609697962538,0.000844507000516732,9.17303269600812e-05,0.000291654751120695,4.48780603838553e-05,0.0013023001279653,0.00158372761547791,0.00416748291545911,0.00186412687845558,0.102978112242344,0.000901469986265297,0.000556302702024961,0.00013655631185921,0.000346658439758789,0.000270275391145207,0.000399896210308193,0.000845389700323579,0.000307520176303173,8.85250307175968e-05,0.000360600014702133,0.00123466483695206,0.00118397048269696,0.00076317573089134,0.000603854362051602,0.00183492989051799,0.00267269246079882,0.00314706427964123,0.00151603012585313,0.000279608603874944,0.000319776166250275,0.000474885000217815,0.000527405219758795,0.000216184700957751,0.000226885219318392,0.000590432835696172,0.00106758252086813,0.000511995480087106,0.00211305206369249,5.2053260468574e-05,0.00124493393567,7.46731846861441e-05,0.000612157646909449,0.000677301909182138,0.00260512802947307,0.000645581293646655,0.00436930397505626,0.000531205716009478,0.000108563976545033,0.00103439170292753,0.00110796096515369,0.00191166502512559,0.00754454872581356,0.000867642862886171,0.000604214763766703,0.000619779536142512,0.000140370389017477,0.00153080231035382,0.00776394155886221,0.000749883075642344,2.99182611703999e-05,3.5998434733416e-05
99.75,0.00164295998245664,0.00137906224681211,0.00326496013875506,0.00122956743914341,0.00106971257020665,0.00166137011829839,0.00040977263327013,4.48944417417107e-05,0.000846972803108521,0.00229942786045536,0.00557804685693761,0.0005095260290476,0.00178875829963256,0.127698818444179,0.00168571457529783,0.0024086480938411,0.00230070020294083,0.00192735415250113,0.00325954597531663,6.9163160812574e-05,0.0013278400113612,0.00114921164322798,0.000962905719925009,0.00214603094502092,0.00228552347729497,0.00066706188214362,0.000526078220878848,0.00214184065666735,0.00462649293994402,0.0137683587325541,0.00222440702769607,0.00887308560558541,0.0025134155725294,0.00125589103907829,0.0017902295085296,0.000904229904980135,0.000636267460325931,0.000448554268789026,0.00318635492982822,0.00187247112246476,0.00150849207065345,0.000901608836246727,0.000942238315374717,0.000741668498407792,0.00234767850296101,0.00253569370006352,0.00256511986959331,0.000573375082338037,0.0016211818353171,0.0068192945515624,0.00135476937528357,0.00180663836510225,0.00219947420322152,0.0012412592907537,0.00405458662843333,0.000863295730710363,0.00476170029915748,0.00810236938658278,0.00191575923566611,0.00456465980096181,0.00385784301529558,0.0169082189995839,0.000514797270208659,0.000363839742459501,0.00140378867088817
100,5.30154526987629e-06,0.00108932467887181,0.000495670992578965,0.000160961643013219,0.000816492452166191,0.00102202083755229,7.26975688629214e-05,0.000159520599530895,0.00152517637507626,0.00156621937840567,0.00433072596342542,0.00153553414038233,0.000712309880228563,0.00458493556892809,0.0003139477500199,0.000800007889256664,0.000274592908329482,0.000218704145495994,0.000739276970521659,6.5544304207018e-06,0.00148040521328687,0.000858660261901677,0.000127083040163769,9.79146730207881e-05,0.0015158341134983,0.00246900032655487,0.000445497883351326,0.000304269807474364,0.00456735743138966,0.0153399453853607,0.000124741788493042,0.00223431491399988,0.00079188579368824,0.000178192316944465,6.58348968994962e-05,5.18164716218087e-05,5.00912368162351e-05,4.49782887946134e-05,0.000545995724270263,0.000290235340975405,0.00218262807185879,4.76933508652529e-05,2.52741203511601e-05,0.000119415958918011,0.000507361231908761,0.000427858457641397,0.000729236446844081,0.000572379888784594,0.000674873616873612,0.00183661742716676,0.000521565087513309,0.00092328882053715,0.000317554473696925,0.00192219458898061,0.00275700157580333,0.00243999919948102,0.00121472536865592,0.0250810692611483,0.00170223239005252,0.000705458597494505,0.00129760947824659,0.00417140384036109,0.000528016921102865,0.000644261802398337,0.000861621743675298
100.25,0.00257381858415777,0.00238222875308754,0.00149824343388365,0.000693003913050278,8.91108331429453e-05,0.00198900623099309,0.000136428186381275,0.000109371159782076,0.00264005991233071,0.00229773725324659,0.000399400090041948,0.00168342684487087,0.000688226445800348,0.0474418180995389,0.00300117539045705,0.000516853658207455,0.00131460119557383,0.000285370093090753,0.001506292260102,0.000607718881708643,0.000436088930473546,0.00154590916669324,0.000848636801292575,0.00208517841026044,0.000747004980425128,0.00124634999375109,0.000270885311378973,0.00159749114899586,0.00113236418576612,0.0136850229289523,0.00505531954047497,0.00172034019165589,0.000218672486729184,0.00113092317266839,0.000619247407004713,0.00125344579387187,5.15769382376703e-05,0.000253477667033037,0.000661113995923668,0.000452871761936895,0.000453598945458016,0.00233805270934131,0.000186223015110874,0.00111327786052628,0.000460489001119019,0.000596185070786528,6.38122519056114e-05,0.00285062567672083,9.00944033262343e-05,0.00465139764541672,0.000609752683639543,0.000696626437899713,0.00356976173675099,0.00476841355526206,6.19540186438448e-05,0.00374251238665694,0.00882354967585526,0.0168012879680337,0.00315985728666275,0.000229332918351101,0.00793308488475927,0.00584443637081039,0.000491700141755186,2.03307839577098e-05,0.000913583842093823
100.5,0.00294461774175177,0.00350867813551184,0.00119045100470181,0.0138841091270944,0.000308049890283108,0.00131866670858285,0.0006193630355726,0.0013840205579837,0.0024991265148734,0.0065371830116115,0.00137983028626961,0.00468686698792047,0.00143369569193727,0.0600590719954628,0.00375448388579921,0.0106344094745393,0.00082032335178902,0.000826950361338057,0.000843932720224556,0.000424149220978869,0.00333682603093507,0.0022859564035852,0.00186657760515516,3.87684101700213e-05,0.000123797974885222,0.00215544301599854,0.000993733055274186,0.00163121012167863,0.00362425289113184,0.00973730509048835,0.00252214456578252,0.00350953301039562,0.00277840688814535,0.00320335383565083,0.000973911387788004,0.00156888242737968,0.000721495171403337,0.000776496177241382,0.00162153402284,0.0138295706432017,0.000206830949736774,0.00231386861427425,0.000542095790466009,0.00052270265347798,0.00190938801116832,0.00442708772517068,0.000594809730559473,0.00673488571982312,0.000199340998771909,0.00010997693107079,0.00266167956360741,0.00262408608262294,0.00277835325534582,0.00482902069319941,0.00172974960083417,0.00328602430422394,0.00303377723001317,0.0105062348241481,0.00636494903831446,0.00686127531669378,0.00415698985816857,0.0257512065579687,0.000462599915671828,0.00214955832262008,0.0026232320334228
100.75,0.00199865914014258,0.000654551457020024,4.22949177276606e-05,0.000728344979141282,0.00097768468389357,0.000791419514121792,0.001335089405471,0.00221338622622579,0.00506832573877788,0.005765421735576,0.00258487172155698,0.000414440704418749,0.000603190510860666,0.15273824577274,0.00134372121060479,0.00320313288520332,0.000534674783634545,0.00157479996003665,0.00160512268589892,0.00307733969869144,0.000984763879406491,6.41352104836257e-05,0.000283111531885742,0.000465580916867105,0.00047327376894972,0.000145864947668048,0.00138021250240457,0.00101889585013153,0.000487103813803202,0.00566111314461939,0.00202490827916291,0.00297295216358362,0.00143363583198437,0.000472580440468829,0.00107842354975783,0.000112619426678979,0.00169711406646523,0.000407009045012207,0.000192213663258475,0.00150422754772909,0.00123234131202145,0.000263444932437001,4.45630783955833e-05,0.000902315106222311,0.00124523797857458,0.00627963894497651,0.00239770419405571,0.000536287424591114,0.00015132551411501,0.0013346513872739,0.000218972027440032,0.00227869103952122,0.00503650022974293,0.000631718892773376,0.000735829647951114,0.000366350969480106,0.000587539366033599,0.00868824284745283,0.00191308940516109,0.0102216058433572,0.0025241562886671,0.0453863412243771,0.000773054360138108,0.00158468695507207,0.000662977451364424
101,5.10166093536736e-05,0.00105265294174878,0.000475731454309627,0.00564685430486392,0.000665838188462889,0.00750826379182961,0.000470269834796392,0.00137356460475036,0.00826822719702611,0.0110587542987574,0.000137699047053867,0.00331820819848029,2.52854935042873e-05,0.275391507638115,0.00281884335984505,0.00304957646655973,0.00162939274692985,0.0036272312694933,0.00318094342632994,0.000547073440712609,0.00153717219249815,0.00625101187017229,0.000626878452968229,0.00279490591742552,0.000590368527742605,0.00884007564387165,7.89383203790779e-05,0.00560425378343497,0.000669101630918825,0.00399843567313346,9.51406284049807e-05,0.00328549064158297,0.00272122828829272,0.00563694260047021,0.00239184394866002,0.00404398528944352,0.000544075224610406,0.000262013031413602,4.91057122702645e-05,0.000114664537658904,0.000436323266407189,0.00482902644426864,0.000308451967477878,0.00219633944014316,0.00213550285721174,0.00137187789056866,0.00150898284474515,0.00482502003802451,0.000107130450762718,0.0198105479297119,0.0023778557192816,0.000700158046120579,1.93453553804571e-05,0.00210759537538609,8.04466499409858e-05,0.002972752263841,0.000403129135093892,0.00511134264994129,0.00388194960344506,0.00874746420499631,0.00853742723548522,0.0354942695751397,0.00103440100856783,0.00305079476795404,0.00363757095197356
101.25,0.000616675590397882,0.00374448979066515,9.33576620750648e-05,0.00529546552008526,0.000142233567034603,0.000343522149884753,0.000488475321714169,3.78919460504885e-06,0.00128370036006137,0.000623288008100162,0.00261349321892949,0.00339963684247015,0.00243293726712319,0.107075298283616,0.00295340351573858,0.000781428617520569,0.000180754205489482,3.22955846930741e-05,6.1414190852246e-05,0.000634781773559929,0.000108450792687998,0.000869005083249304,0.000311196412461139,0.000122880127134846,0.00269212983955764,0.000773330249062194,0.001307077248334,0.00272460468231642,0.0101288426821606,0.0183572437289513,0.00109552637719606,0.000986117176003369,9.7829624583879e-05,0.000623014077706702,0.000188221960154539,0.00077779167048231,0.000270763468592042,0.000983373720455029,7.33035118612485e-06,0.0024506019919125,0.000178493153173018,0.000667949124286013,0.000489166238826548,0.000186613738589045,0.00120348682829279,0.0012400421270014,0.00185640761137749,0.00275632547700479,0.00121875825924967,0.00298644112377975,0.000560086977234777,0.000517447210360696,0.00150813392750311,0.00391266171885545,0.002734855018729,0.00183476652599286,0.00217512144394736,0.00263437422304243,0.000868603837058385,0.000122141993424945,0.00221842193828972,0.000721328389777369,0.000286295241678028,0.000636443179284914,0.000148260730528312
101.5,0.00245657992281146,0.00058917554950397,0.000853194805667747,0.00154496923009094,0.000337189295311415,0.00141423703012053,0.000317793293056364,4.74356787713704e-05,0.000281680933898152,0.000135703210683985,0.00092858956764304,0.000398835679897742,0.00190120171386068,0.0503814551026845,0.000112575698465104,0.00179728505301443,0.00143318585962926,0.000450618723927486,0.000810830289961516,9.77788255007505e-05,0.00119928229958598,0.0010762016512661,0.000838235655524289,0.00106910711363055,0.00235118227447637,0.000871647550712435,0.00112879660851536,0.000650516744953387,0.00255226884200344,0.00245075779145075,0.000521539810809885,0.00169885095135757,0.000140419850998386,0.000958294220581601,0.000259588431468142,0.000685012685286788,0.000216821153698803,0.000241618483161662,0.00045009015878571,0.00273768259485175,0.000652401504248251,0.000262607161280062,0.000288122487085175,0.000101676828956117,2.05098607733422e-05,0.000110536194166266,0.000757209225520754,0.000810079672794587,0.00160918629465835,0.00234471177452445,0.000459650977047298,0.000320692776617124,0.00303057564930313,1.89439987619374e-06,0.00154249435507221,0.00250276338124239,0.00132387648909929,0.0461989287610597,0.000141800204820477,0.00174266271109953,0.00347710531298985,0.0110949721386775,5.99193837703367e-05,0.000291499021621084,0.000905473125798963
101.75,0.00147759244186536,0.000947365339381812,0.000292375426618265,0.00205072144366644,6.96249257580206e-05,0.000984765556977633,0.000632544307318876,0.00102735039556533,0.00203167441502315,0.00197890875758104,0.00279291364903186,0.00295267936338841,0.000893178380786695,0.0393474716898532,0.000262282181899045,0.000189037946524804,0.00146520556187649,0.000198535345629481,1.71915232678877e-05,0.00106775234172691,0.000103946017498489,0.000392307888793575,0.00150253457959213,0.00156474228295172,0.000920799789952446,0.000204469650755958,4.28088588844519e-05,0.000483880404122024,0.00305454451512977,0.00077984000277755,0.000743014579611961,0.00226997456066453,0.000145777187824376,0.000339926568450196,0.000260078346657889,0.000238865166581973,0.000560775767529794,0.00068921400349051,0.000198401603065371,0.00255752226448556,0.000128965470039945,1.41625355987619e-05,0.000246742528669985,0.000990507408528121,0.000436363024601395,0.000238819457454889,7.04425382731568e-05,0.00161778112890203,0.000109133724965084,0.000239641797465766,4.73359881428652e-05,0.000232807737628879,0.00180181565998429,0.00221426442392373,0.00157163027877902,0.000188703068609068,0.00229721979898862,0.0114219446602569,6.46535418085464e-05,0.000428949613130593,0.00221709711542046,0.0148404843776483,0.000523383460346397,0.000309793973136899,0.000474095112030769
102,0.000621320459181175,0.00309998092803239,0.000304996987859367,0.00256685263467511,0.000790735011792357,0.00100824562842775,0.000848760839939703,0.000108988375062284,0.000143748572145003,0.00139123436518475,0.000396839723540229,0.00372694553473009,0.000142664461688091,0.00069318857750056,0.000426480198114828,0.00257260213730829,0.00113296447274159,0.000159217094566146,0.000643045896777975,0.00045912543510897,0.000223033974623154,0.000152207373568926,0.000688743423839874,0.000802688377164119,8.0290020393998e-05,0.00171164308904712,4.20282533492203e-05,0.000548241251499615,3.97454142580098e-05,0.0137938729491315,0.000448068486902394,0.000721160696040228,0.000399205303266224,0.000104793674158357,0.00124589759141814,9.07593363479959e-05,0.000549796955427922,0.000392443673844676,0.000588208506927524,0.00305515649334367,0.000469022681565869,0.000833861719180827,0.0005552971856722,2.06140073949283e-05,5.86569711670894e-05,5.65853749805617e-05,0.000151932669770357,0.00428332534784322,4.73387205773815e-05,0.000249824471703689,0.000180951459138475,0.00209486726132692,0.00212790686483012,0.00463070765799801,0.000190379165252786,0.00395712623230649,0.0013780272601051,0.0169246103419293,0.000979739306606811,0.00320204937008136,0.00193969104849366,0.0174038602065602,0.000838460954842447,0.00073070153037674,0.000269270135509144
102.25,0.00805133779234467,0.000704698186367693,0.000714736282121617,0.000392966145642944,0.000358085105358444,0.00076830371537218,0.000580399136722515,0.00035106856703099,0.00242675479456277,0.00350978216225119,0.00308981149359828,0.000113361571931618,0.0011127751748346,0.0909984001571729,0.00260154482560903,0.000449789909509583,0.00125340057297066,0.000770321845117041,0.000816917824587026,0.000639934583286819,0.000178021187091714,0.000728673971133535,5.14817976619047e-05,0.000198764394456739,0.000713093351472228,0.0011202567382782,0.000893877648109648,0.00239010137260589,0.00178738249036105,0.000307145161595172,0.00319341938420943,0.00329050887772242,0.000493041778362312,0.000478414737212754,0.00019519812997426,0.000359418594515112,0.000508798718467526,0.000353057863877758,0.00208807013134804,0.000211957397124232,0.000756767432826332,0.000799009594786776,0.000147728019042965,0.000690308985143191,0.000816735776055062,0.000381862134185811,0.0013073564845653,0.000631943149292633,0.00112339280029096,0.00355891493381735,0.000565892449012724,0.000427959034207125,0.0061600564227664,3.66464548997517e-05,0.000896727383227312,0.0021431824910945,0.00562366440686048,0.00340475531173719,0.00227147673864823,0.00168194231507806,0.00466617705588796,0.00247091144303791,0.000482998109228706,0.000679506308821965,0.000350497447829142
102.5,0.00165369994461911,0.00318193852056428,0.000116378742540254,0.00513771755498135,8.14520455535148e-05,0.000742340192187526,0.00031694511396351,0.000967396881849733,0.00397638755077475,0.00818244566416971,0.000474987945893121,0.00343751901818751,0.000258011868945984,0.0634935202247136,0.000688972069761184,0.00393897407736879,0.00151842688973654,0.000505723180846694,9.47167215331086e-05,0.000752741886966835,4.38236280508523e-05,0.000189117370305489,0.000486696505192494,0.000571690760302034,5.33524230769503e-06,0.00324720520362287,0.00051237050767963,0.00194220739068182,0.000901620050214323,0.0183780428493034,0.00052241204154944,0.00104467235409217,0.000255339355557784,0.000963381021647882,3.85512224785808e-06,0.000337757281405067,0.000622483390032465,0.000378402693007273,0.000707386526959205,0.00160675944302309,0.000102354614611366,0.00102052804892562,3.05350221660136e-05,0.000320918948004981,0.00169071823763676,0.00160739143535486,0.00222059354252729,0.00400291380146241,0.000151758863260581,0.00819045757076596,0.000905511631640914,0.0015553471110188,0.00277810222639549,0.00435987288942055,0.000513587246342395,0.00503869408860678,0.000442139863265919,0.00282362991247759,0.00241336742478585,0.00662728804505931,0.0027671553323173,0.028032471808836,2.24173394209626e-05,0.00180942436955239,0.000311315542391713
102.75,0.00117446119011363,0.000323236991111371,0.00118393338315949,0.00198482104697114,0.000869516745605621,0.00024665606678018,3.34368175768923e-05,5.66017630845235e-05,0.000342565751454962,0.00255357923807528,0.00258060573635284,0.00278545773955711,0.00184482204899398,0.00754573730749497,0.000962464569541322,0.00146137925693722,0.0010258853597912,0.000445055552488014,0.000478101506050302,0.000355055417564086,0.000414190370230259,0.000322690348479594,0.000386926271352584,0.000356819232517755,0.000523718475379859,0.000547096611576767,0.000376399459634219,0.000150885393144874,0.00241575864709262,0.000629595232617145,0.00277533191437092,4.07549334238468e-05,4.27891411401559e-05,0.000359475373004332,0.000352698474082711,0.0004916676412238,4.71505372461667e-05,0.000335548783855033,0.000426486684966367,0.00129227651512769,7.09896090194156e-05,0.000580651791294906,1.70700496983038e-05,0.000653767571024082,5.15731044107505e-05,0.00102550038357803,0.00119937463133633,0.00090060970798614,0.00081891841253456,0.000196414286385824,0.000230704399065778,0.000385166749929413,0.00262503488208265,0.000802177913715373,0.00101059432452157,0.00333624495782329,0.00365380836651543,0.00490528439757838,0.000290695503067536,0.00646038094762487,0.00302219097126037,0.0129294724332408,0.000945078643097485,3.62891575557577e-05,0.000245136168467565
103,0.000548208673992347,0.0014545810692455,0.000473600538199978,0.0041617080492444,0.000349385782544043,0.000298715270387061,0.000342621884654812,0.00290904810709197,0.00239802240377612,0.00501049761934483,3.05853587759249e-05,0.00178030135161578,0.00147738162344174,0.0510322817308526,0.000128126066213241,0.00218414111856968,0.00133490386431258,0.000438696763110772,0.000265697017525845,0.00105739849817799,0.000340530927150203,0.000787128371966178,0.000105129966194959,0.000602527832087089,0.000455491863429921,0.000528075818786326,0.000331578824909222,0.00216257476574003,0.000835009577553486,0.00749220198945119,0.00073813838902614,0.000295290972564351,2.03983243483593e-05,0.000186375557056614,4.51816354450413e-05,4.52585802872279e-05,0.00100126230930379,0.000754492547910041,0.000219485783336315,0.00198099904655312,8.48207204370506e-05,0.000185404746225581,0.000197590494898357,0.000377468051967501,0.00116622192289828,0.00290484742181948,0.000154310171347481,0.000875702566579195,0.000891650968455187,0.00186044614044971,0.000233722895234343,0.0034792615337615,0.000139263073963322,0.00191508917218625,0.001253881797677,0.00121447749993059,0.000494800848397992,0.00233545454286161,0.00211356750089648,0.00374980746787147,0.000874324579967845,0.00582448386443829,0.000112926023592555,0.00223278007391733,0.000484076623408522
103.25,1.02298513036195e-05,0.000760200538226076,0.00140672006586738,0.00278943357638656,0.000478605045087878,0.000818533510782547,0.00021923586325379,0.00129158238355866,0.000819494872425167,0.00912690772049795,0.00285536483852194,0.000346976188980105,0.000310977307758406,0.0708916202597104,0.00017102399180971,0.00250268942730295,0.000523279597393482,0.000192532190840769,0.0030220266706925,0.000262823512728936,0.00169787988240117,0.000630923990786731,0.000667130460168245,0.000317726091236078,0.000108640012348366,2.81815169010351e-05,0.000304401521661359,0.00241971553539643,9.44721422814722e-06,0.00251931377707351,0.000706261381377896,0.000460121076393787,0.000746419108947308,4.47896807692174e-05,0.00136147786767236,0.000153586770544299,0.00051589688739302,0.000134744841070155,0.000591620807274541,0.000560602074796134,0.000556837549961023,0.000262848231360683,0.000250882701583653,0.000978438161545339,0.000648448740964243,0.00119334686496257,0.00136133293006025,0.000912049368529487,7.43980836569954e-06,0.00343317946907118,0.000241692294793407,0.000254901240451267,0.00270437046824393,0.00056069117432173,0.000144117620942521,0.00119116696172521,0.000418700816016079,0.00905970671239013,0.00039579967000357,0.00352727833134071,0.000492412551292197,0.010662689976698,0.000739296008662781,0.000501925589452331,0.00137567079982486
103.5,0.00203894406382139,0.00644776524193905,0.000618493802620476,0.00855884067360699,0.000371588983897898,0.0022729971467655,0.000203827349308051,0.000981102325154975,0.00689943232444052,0.0147085102957062,0.00111026857236615,0.00449425626056004,0.000848917405927052,0.0270709634039877,0.00318236705888882,0.00570260549196224,0.000884414270735891,0.000715641371855655,0.000457648612103316,0.000802914700991798,0.000981293665135708,0.00133610251425136,0.000117528713655544,0.000670166711153023,2.50524918863583e-05,0.00273187326744448,0.000780294401031138,2.78566144458119e-05,0.00161191036455422,0.00608692508319813,0.00214086884377817,0.00340477831056493,0.00103782931732343,0.00407699211573022,0.000586115633289628,0.00306280572928524,0.000253966720380326,0.000636466911586321,0.000399172229540558,0.011128713566538,0.000738496033624149,0.00432744146538829,3.58510836034522e-06,0.000144373987858178,0.0011979931332592,0.0031002332905898,0.00100664459901584,0.00524659542327877,4.56432262550323e-05,0.00377057957519701,0.000434335048755404,0.00177252341576765,0.000913421337847235,0.00821559875943385,0.000598631456547885,0.00393643740487883,0.00149530930246124,0.00350798763794761,0.00376096391867392,0.0112743748228805,0.00681852452802698,0.018596481105254,0.000464288944327944,0.00206062882509606,0.00155643018209605
103.75,0.000558630260353479,0.000519870793025414,0.000592815152203365,0.00217965294938868,0.000539349354579124,2.20444698645879e-05,0.000199939963483946,0.000201496366343296,0.000779995526283428,0.0023617826672477,0.0002555226227461,0.000163794360050331,0.00166686606943148,0.00345277188283615,0.000840406604613624,0.00370468507321088,0.000142520429881056,1.96284884976856e-06,0.00130124137651572,2.51059944452686e-05,0.000352633796277805,0.000654313657558142,0.00115765201074727,0.00035925113292193,0.000220001281166958,0.000718990549278653,0.000206126919082994,0.000155868479555052,0.00113890627932458,0.0132182505166118,0.0023427382287143,0.00346598109751092,0.000152655589545183,0.000703711470967814,9.68733912418465e-05,0.000413545945408978,0.00032283958466244,8.53275604224123e-06,0.000243374332231191,0.000634619935560459,0.000345148979464757,7.49519966478942e-05,0.000800498065036313,3.24622814979195e-05,1.3948956061692e-05,0.00144386951396731,0.000718822413308652,0.000272165766487911,0.000433664810394146,0.000425463729149509,0.000568447806517504,0.00060387040411503,0.000598659740627579,0.000142558473754432,0.00143989677103692,0.00162796940352357,0.00153447903218297,0.00292577781523923,0.000471581235292713,0.00541474447981299,0.000578084776193847,0.0429642241293961,0.000451993084133078,0.000109971699352894,0.000130375128595289
104,0.00339238910335481,0.000920842560080281,0.000567318359441041,0.00156421279636545,7.59398189220387e-05,0.000841384466064324,0.000505822420532803,0.000983102553760199,0.00226051885683262,0.00517399547429618,0.00119111460964998,9.21002129115795e-05,0.000545796118710958,0.0338623678514652,0.000352349374330967,0.00021586858537209,0.000780298737634074,4.7223239429095e-05,0.000191042565538195,0.00246367503810052,6.62602591451965e-05,0.000282715061169828,5.86489962486141e-06,0.00105986313353351,0.000293682550361139,0.000782827487948076,0.000266801582628897,2.5045355861131e-05,0.00145802297689249,0.00663543982254118,0.000135367512716092,0.00074136645782117,0.000190890511666175,0.000328966915438586,0.000213393135528378,4.91344744676759e-05,0.000559529202940766,0.00158993364138942,0.000999264440500708,0.000158319787691098,1.85037183222861e-06,0.000148265183019869,0.00044334603498395,0.000115931386684548,0.00205407940324241,0.00121153779016893,0.000396105780716574,0.00074425678753749,0.000720983619034291,0.000131745591415144,0.000106455893929263,0.000172104928515844,0.00126851666611498,0.000822887034108441,0.000824443718335205,0.000899096262312477,0.000513381162113911,0.00318142276149877,0.00127169169808011,0.001086536284185,0.000830306355491672,0.0163836498395464,8.01979849417743e-05,0.00104875947090259,6.76111503818212e-05
104.25,0.000584014113603617,0.000675924535959041,0.000823596190102736,0.00443137798540361,0.000152621556054714,0.000133634300638596,0.000141886830915591,0.000269738827987317,0.00177012051523582,0.000295174762580356,0.000289924996181663,0.000704704754467616,0.00011117421202998,0.0938866492673201,0.000175255001965919,0.000172385184267065,0.000458636638746402,0.000121863445759493,0.000411813132846087,3.07302044617063e-05,0.000158674618600931,0.000565335335726495,0.000217145871709313,0.00110107571836548,0.0010354277334376,0.000227462133603241,0.000208585072429159,0.000884907693792712,0.000570163758929284,0.00324440337857411,0.000778132717513964,0.00311407939905231,0.000128233285483824,0.000611858232363758,0.000139086196698309,0.000472033826808745,9.55486375807126e-05,8.73234137303352e-05,0.000302769465281723,0.000181209418187451,0.0005722470135042,0.000545141405260874,0.000209048015801462,0.000722441182522303,3.22824204415428e-06,0.000230156532374033,0.000208605270628592,0.0021854815075504,0.000852126864773204,0.00187396359838751,2.38270425839958e-05,0.000684262792585342,0.000559448684221783,0.00107601131592184,0.00064783760087421,0.00110222480810743,4.24192319049627e-05,0.00266311802683315,0.000190604207556986,0.000387507665743728,0.000661003999121796,0.000622264764131925,0.000228040015804119,0.000285258666546715,0.000181024521146693
104.5,0.000893351277679637,0.00255140073707791,0.000817679410039145,0.000180363464749147,0.000191412078713346,3.10120575774018e-05,0.000763876771293399,0.00110592703592942,0.00306183384124427,0.0199668670525012,0.000227778408520831,0.00247031534567286,0.00136559387351355,0.210199666881289,0.00198503384174606,0.00373456966523256,0.000457828575615234,0.000581152779278204,0.000564813133839446,0.000385216076582723,0.000273114376990761,0.000993335011866745,0.000116723601507864,0.000305194505271184,0.0013287068884886,0.00100254925111547,0.000501349287703137,0.00200995298412139,0.000747266493417888,0.00504641738695541,0.00576753140550702,0.000260919042271399,0.000260008343255366,0.000291541615277567,0.000741573806553052,0.000135072783322585,4.38866457385429e-05,0.000741461151081253,0.00066801125903972,0.000105864386980085,0.000328986599771766,0.000318055229059894,0.00034737273342635,0.000998015342502011,0.000355791945900892,0.00480274329386366,0.000956737083054223,0.0012453944803943,0.00129569007929829,0.00150945482217324,0.00105616409769623,0.00201709315112099,0.000383241785722614,0.00227533715723004,0.000233013946964415,0.00302896900989837,0.000622652955984817,0.0137951058049235,0.0020768499197336,0.0120697799697851,0.00385038899998499,0.0273437243112078,0.000113090872838022,0.000482091094506443,0.000684522110016594
104.75,0.000104668042536612,0.000382136975425536,1.451224897583e-05,0.00158646629511625,0.000659090948679642,0.00126454305241281,0.000100406131229708,4.77739347371517e-05,0.000893462295218087,0.00662758327209669,0.000559314887280296,0.00161976324271412,0.000745382543045853,0.0509139156183,0.000554708827881727,0.00213813712474314,0.000187071494146307,0.000415704196565515,0.000972464306916012,0.000245775547972428,0.000161464027690571,0.000144304430825043,0.000562287180665797,0.000240376127316583,2.99773755200444e-05,0.00192611934287,5.37648877209833e-05,0.000592189555802451,0.000710756735989224,0.00464924980750131,0.000124398136499873,0.00036457614394558,0.00117966404904688,0.000138738191886434,0.000657221091055748,0.00106004475436494,0.000215048873486257,0.000271743410298075,5.59544542838304e-05,0.000794339252039229,0.000401394109786181,0.000373553881734951,0.000343739464058158,0.000173222154071039,0.00032823232046683,0.00046791878979518,0.000661672862176091,0.000136631499104109,0.000110729128356265,0.00238624033712482,8.18781884220904e-05,8.37419539179595e-05,0.00266332745714695,0.000218841908338316,0.000733955514900898,0.00116329058797547,0.00076652461218635,0.00795798967017762,0.00107095248353218,0.000257936497951106,0.00042162573720067,0.0101316737229006,0.000199050539775891,0.000264701604375664,4.59594840610828e-05
105,0.00141603536871531,0.00237933706521507,8.64318249723536e-06,0.00300320864166322,3.66240810473049e-05,0.00375826390699725,0.000420934258257243,0.000544592484787801,0.00300382541874023,0.00024083515741165,0.00123886032842808,0.00477974834115577,0.000743803286027684,0.143228956720423,0.000743142884273048,0.00113457837280554,0.00135141721909176,0.000397352344293104,0.000355053704475383,0.000326561100525731,6.24190391586387e-05,0.000680695371172702,8.71278740942223e-05,0.000234798111035947,0.00118077968554214,0.0037001879088937,0.0007539080178879,0.00286943489098495,0.00336481266114556,0.0133597151642171,0.000255507644795433,0.00200322149328925,0.000144651210163746,0.000528166272478312,0.000164754325933282,0.0014466840833944,0.000149449665113416,0.000149993998647016,0.000146197923199029,0.000834706881201733,7.09614827614625e-05,0.00156341673360835,4.84935093023294e-05,0.00104841343766506,0.00028901740008097,0.000152905824517064,0.00081736389973905,0.00306361648980767,0.000792506286291491,0.0119724158787681,0.0010790324258839,0.000121165040941595,0.00124502232354245,0.00371613046897542,0.000689063262565649,0.00502498313985526,0.00228393094873762,0.00418087669612268,0.000915372447439036,0.000582935618850276,0.00153604044779057,0.00990948025245596,8.02250995693191e-05,0.00116196364450438,0.000117042101238356
105.25,0.00509280142143598,0.00268364389771578,0.000695373207527106,0.00458118020167084,0.000271255988206614,0.000251151958559979,0.000193646982405412,0.0010406934356684,0.00382347629924915,0.00788329022972487,0.00150848649805049,0.000571066434377451,0.000294604413685481,0.0721116658872633,0.00190152191404937,0.000490465517250093,0.00283443659302671,0.00169742739903447,0.000153237398149959,0.00106658763346283,0.000405677945819213,0.000505953883676657,0.000317857162984744,0.000699037329366922,0.000166313488223065,6.61126917440811e-05,0.000509529543389471,0.000935304794883139,0.000115750281896963,0.00233344376510474,0.00217182935096477,0.00549680191194705,0.000776582689711452,0.000528592711400039,9.42084238699214e-05,0.000557342390877259,0.00235207051646341,0.00129760121142055,0.00201420118731806,0.00212591683491724,8.6131855470308e-05,0.000101114089794801,0.000455353294999438,0.000984378186295752,0.00409347471940355,0.00307740914873776,0.000409753416336791,0.000972962106301791,1.90439760563821e-05,0.00206347597758411,0.00213180737096322,0.000383749556876878,0.0030201403995287,0.00168805704386736,1.56983741245751e-05,0.0026662407493658,0.00102764510745486,0.00868828966905647,0.00468285311125187,0.00013309613825289,0.000745164004277042,0.0110791720468801,0.000790311780118552,0.00217373117931731,0.000535095732223362
105.5,0.000193729812026414,0.00305696138640584,0.000139744681423723,0.00190807453409666,0.000797027517864593,0.000246124262125371,0.000408464544424466,0.00029693793503349,0.00262702362935157,0.000897886220960649,0.000915650354717622,0.00122345636401748,0.00211389873639809,0.0606573241326789,0.00107986527148797,0.000284543823513941,0.000176083529099814,0.000122038211409656,0.00026371426633956,0.000154935218306814,0.000581796095100134,0.00015026701777042,0.000550874470403736,0.000337176240236007,0.000416544733571535,0.000412662902318974,0.00188348428286153,0.000711032254151221,0.00153765015761357,0.00659620491169523,0.00214341400288291,0.000487818934474987,2.29546926281018e-05,0.00039900828467195,0.000451262963934339,0.000281509138414302,0.00148116095349319,0.000201691640542168,8.33354735569641e-05,0.00407386185854185,0.000129433013866677,0.00134435528335169,0.00020122604855817,9.61410436507492e-05,0.00149376234568509,0.000242707091318435,0.000415877250890095,0.00316037659077611,0.00165370894937917,0.000659415778368566,0.00118329569602001,0.000681423056026807,0.000900392950887827,0.00370061161220777,0.000693207091855041,0.000410627109115219,0.00172849156016209,0.00715442298084848,0.00310471457251743,0.000173506989946144,0.000279347993332727,0.0111834126862377,0.000310494720245913,0.000793119153410579,0.000517275698294046
105.75,0.00136496191319237,0.00170863531977322,0.000158008110609687,0.00182083609697425,4.94669033297151e-05,0.000140211791591098,0.000161046691983504,0.000677636451828856,0.000629240407600666,0.00268645584654542,0.00128355603201616,0.00295399180037596,0.000343000339835966,0.0509778920762874,0.00028355150486337,7.35125259225144e-06,0.00195003634830363,7.43701600892822e-05,0.000469060701178533,0.000144688174984335,0.000519908312586963,5.28992411852997e-05,0.000272044358612477,0.000103849998143697,0.000203578358047667,6.90087421848094e-05,9.87523742586494e-07,0.000473526539955878,0.00232471920998334,0.00446089325658073,0.00127033461336677,0.0022481680969626,5.3839608379777e-05,6.51421929841057e-05,0.00018636405191601,7.67195542906129e-05,7.67711376844122e-05,0.000126314656535874,0.000346018437140046,0.000102623395571293,0.000303395959174941,0.000440350919571342,6.71982476461825e-05,0.000267625399218646,0.00108693280844882,3.18036487482411e-05,0.00106991106746318,0.000240486095884626,7.2101369504006e-05,0.000682623095196796,8.40719143270102e-05,0.000252191507711905,0.000385474324660659,0.00157609420567683,0.000754693288072833,0.000373017052112452,0.00319596837665056,0.00841743337749274,4.87021461535828e-05,7.00368983031046e-05,0.00155414144806367,0.0160910945740976,4.97935268437117e-05,0.00105648871021264,0.000363365900041155
106,0.00107302205854717,0.000113105076451234,0.000248882655758152,0.000901600302759559,0.000246479584907901,0.000272286696898047,6.22380172068079e-05,1.76622856866074e-05,0.000218137135707011,0.004661864107869,0.000870896519524592,0.00321912568340573,0.00056374135095244,0.00399066728484987,0.000288107776620255,0.00472326915227234,5.73328407154822e-05,8.33613522577841e-05,0.000611362773998796,0.00047474269067714,1.61485393946197e-05,0.000168693590715377,0.000484759990423788,0.00105352234799388,0.0023977366149664,0.00203063497834763,0.00109466441271732,0.000592222138916679,0.000493364373070333,0.000184683249478375,0.00071553632275272,0.00145552091091293,0.000195979809671062,0.000166638760420404,0.000943971797129709,0.000309238330905806,0.000142190546260422,0.000232234595591253,0.000326881994396108,6.06645432147081e-05,0.000806703853314657,0.00040128971414861,0.000309863920357298,0.000340429111159389,0.000259795245854649,0.000610226213832074,0.00166217959691209,0.000316325507194838,0.00125372228738581,0.00169419874942517,0.000239307582489435,0.000167887588140551,0.00129206327574066,0.000637216478320233,0.000472166262752063,0.00188718500813303,0.000226591885728476,0.00970726218702239,0.000130474673415005,0.00470358651406533,0.0052764585702599,0.0578935386261361,0.000177445198313328,0.000135392551761298,0.000354116073103793
106.25,0.00141272131544052,0.000803043832993592,0.00123714030795868,0.00193942556902857,0.000300748636503986,0.000828251404411397,0.000111479464816495,0.00133937956112121,0.00130153755847968,0.00622939610075906,0.00190127450725576,0.000204725524709555,0.000908196587992644,0.0649420291391809,0.000241471491802667,0.00356664196123618,0.00187321394295483,0.00106562626277947,0.000231015109153187,0.000863997087605918,0.000103085248283992,0.00156986344807156,0.000518920579964804,4.56907316689162e-05,0.000858053047399431,0.0015694799556125,0.000876293981317185,0.00202298474738622,0.00148797112715582,0.00775241551272406,0.00140953672292971,0.00373964457423008,0.000753678308675901,0.00068778452935549,3.10541849662416e-05,0.000370571006660911,0.000807772282175198,0.000412418429617527,0.00125182358996434,0.00215318035910128,0.000169384332857783,0.000465062961445523,0.000489790108307974,0.000333321584898464,0.000179402093944432,0.00246397997361662,9.82727319827351e-05,3.43332389284483e-05,0.00132295172658126,0.00165639152768524,1.60328653034863e-05,0.000751154141383023,0.000248755535823731,0.000446959951504748,0.000455466396434095,0.000584953514009193,0.000462923143392983,0.00307049184191983,0.000259587712221728,0.00518836616171935,0.000377870182544779,0.026025144054285,0.00129703016916288,0.000602902823740427,0.000473413356712562
106.5,0.000658635394685243,0.00413948219850236,0.000385988747291041,0.00195023961984022,0.000138342448977425,0.00189851575531891,0.0001604984677752,0.00114193797552207,0.00298102557844735,0.00672296322256002,0.000232512719147715,0.00263323454170095,0.000804296959460294,0.0405509359955432,0.00350487793734583,0.00438294428034249,0.00195930931011086,0.00133722023819281,0.0016702307199292,0.000192557704082338,0.000762074695868648,0.00227192417440701,5.23331328687759e-05,0.00103093907231872,0.000339646227184157,0.00416284633407178,0.00124014611519992,0.000817203565142254,0.00164621783897676,0.00860809566929287,0.00456241333545207,0.00208337536029733,0.000912894840572452,0.00344360831581081,0.00090304500558321,0.00145617997425817,0.000395194672514082,0.00027368187147241,0.000823898309613334,0.00744111556172312,0.000917976177546084,0.00443619982140888,0.00040379547663824,0.000342811628931168,0.00156263327197444,0.00331247161039813,0.000593071023187163,0.00319016810423823,0.000248152954967625,0.00207283269882919,0.00123520683863964,0.000698759120993836,6.53144822738421e-05,0.00469881733655998,0.000542407096120161,0.00281172886210368,0.00275298182810152,0.00142142985222739,0.00216056729500339,0.00787361042416434,0.00246829226546765,0.0179419539938156,1.32410661659027e-05,0.00141642066410724,0.00141953074234029
106.75,0.00154964055256515,0.00371377941806033,0.00134658611233518,0.00259587781929009,3.89529139955199e-05,1.75137300987823e-06,0.000296943032189182,0.00204655745348184,0.00131765404383072,0.00466802593002222,0.00176926422809526,0.00196066531792627,0.0037813578794662,0.122750245786897,0.000371167421499875,0.00516647807630135,0.00330280585061535,0.000598962684501199,1.01263569923313e-05,0.000476135654660155,0.000593579300626896,0.000157048806189462,6.7660529429873e-05,0.0012314847612302,0.00285934130809059,0.000539221729736637,0.000424327984081201,7.96818706104237e-05,0.00399232272356159,0.00562803783370349,0.00418280510030932,0.00745326038181071,0.000240700491626984,0.00100614367311762,0.00021446891801631,6.82891183642393e-06,0.000199396099567332,0.000572720492827249,0.00138156383357205,0.00381271616383593,0.000361947167398669,0.000318826751897725,0.00024573929541947,0.000521678875437045,0.00068246507572545,0.00148170484691714,0.00201546028090716,0.0013212744765212,0.00170631137670882,0.00168133102238928,0.000447258260070891,0.00180654658086268,0.00179432249199891,0.00359767117754084,0.00268565226394131,0.0017164416490785,0.00242555957842994,0.00596988547259594,0.000288392377628481,0.00525678105563172,0.000586245158881527,0.0128284393356088,3.7032937546015e-05,0.000967713600433039,0.000182139642081157
107,2.60175723830534e-05,0.00169852888082677,3.41557724585398e-05,0.00377376148174034,0.000288046024326621,0.00014274326671805,0.000510163344149091,0.000466381917431196,0.00148685526422367,0.000365148491480609,0.000187256466269576,0.000714880404512765,0.00094448290010595,0.0992280739604814,1.69378731566379e-05,0.000569618254642551,0.000386741175648968,5.25837606303759e-05,0.000420488717293067,0.000172833556287179,0.000258466001745743,0.000192216339712556,0.000649965377482255,0.00029462044846006,0.00150348428369055,0.000113739180984846,0.000336084824382851,4.94514199099543e-07,0.00150160292986653,0.000865577329310174,0.00453916336794647,0.00096431406968726,0.000238580101121542,0.000468627133664622,0.000484008264589055,0.000259920652481417,3.57422882620766e-05,0.000285003097746885,3.70045468217509e-05,0.000236529803311915,8.69062725572282e-05,0.000246265030303056,0.000139281058185912,1.21923289420668e-05,0.000888010821999124,0.000254652335156835,0.00125845500666775,0.000514588898321225,0.000456551828003252,0.0012599364240771,0.000118708933540768,0.000652185832951107,0.000968298558033744,0.000661219220739377,0.000601221497612229,0.000241038628422181,0.00407218323152653,0.00416344417363714,0.000400504686786745,0.00192203916583757,0.00129119872322552,0.0116161291627235,0.000110578013305989,0.000937969633238002,0.000146160230268017
107.25,0.00195754217393202,0.00060178470577791,0.000550260800938061,0.00130985860993153,4.33783420173253e-05,0.00015572348417513,0.000110535081699777,0.000228135328475646,0.000881996524378026,0.00351132932959778,0.000726462798615389,0.000962079427667531,1.79014550581482e-05,0.0818985438712731,0.000154463815397288,0.000158127998518921,0.00079902956948073,8.66236269072771e-05,0.000169600575925548,3.67574265715531e-05,0.000103675259326906,0.000203682690963386,0.000335510109407032,0.000803251032731223,0.000633326479246998,0.000408891416607628,0.000134718869379843,0.000515686952019653,0.000173294769192124,0.00530380592141341,0.000360997891169328,0.000660885248326304,0.000189758198067821,0.000342237825695533,6.80335051410265e-05,0.000277595909115894,0.000598333377473833,0.000131618337075383,0.0004763314801956,0.000212261561917394,0.000519738691201493,0.00058511387213492,0.000664456911932027,0.00019332314685637,0.000477898237743995,0.000928566677654851,0.000936193195139828,0.00233162349723843,0.000179406123874473,0.00142083331689699,5.62025734294383e-05,0.000121439904178054,0.000485943565354452,0.00126086159936571,0.000179665437133095,1.23732252248593e-05,0.000953913517875553,0.00427394324050065,5.86993257464711e-05,0.00212982744715105,0.000950204658162722,0.00313927666342665,0.000173717380633222,0.00021871970216537,0.000216283238828011
107.5,0.00050293208627509,0.000727794543015387,0.00010929884446704,0.00122041574883778,0.000897388943354613,0.00104379680539981,0.000980284089661512,0.000118637960399068,0.00137896903345073,0.00462942901204904,0.00151809892540299,0.000545470866053926,9.03463850337759e-05,0.0232677460851097,0.00104484580098463,0.00847753624622529,0.00118185125546638,0.000189147480795881,0.00116667681431061,0.000589107086105192,0.000168099214436819,0.000917764631169613,0.00080435685332303,0.000233792168949918,0.00114657113523982,0.000568522494026552,0.00142337066688231,9.59050652693707e-05,0.000142919918458459,0.00470844973591418,4.2559348122224e-05,0.000194097235854478,9.32822699109302e-05,0.000382045338554979,0.000626575587254351,9.08759410152223e-05,0.00138383482921898,0.000100466178184282,3.41148731172508e-06,8.59899140939648e-05,2.76428409455544e-05,0.00120312506427805,0.000287360143084803,0.000277797075797997,0.00128082969212353,0.000131440797136385,7.97627746920682e-05,0.00143975152617515,9.8882332334478e-05,0.00167790570174431,0.000357350322934234,0.00166453607058218,9.62699456773858e-05,0.0015179845792042,3.63080883515738e-05,0.00136789952226393,0.0019067307977142,0.00425082126729065,0.000190242821919076,0.00754429941576649,0.00181572658613131,0.0573570580357102,0.000981821883653582,0.000444355018675922,0.000336636721393576
107.75,0.000161077289408743,0.00595900988747302,0.000649959581526667,4.57462557547914e-05,9.93943673235415e-05,0.000188967286342228,0.00024732927947957,8.97096564107579e-06,0.00166209858542424,0.000670619513211065,0.00046850032981049,0.00335120678862203,0.00237017673808404,0.0559626612664858,0.00141129176827096,0.000602881638651218,0.000627860352532829,0.000531751749015973,0.000615311733611971,0.000344839875354406,0.000216514040374976,0.000106337285545956,0.000160773825306754,0.0002986781997022,0.000238398949948087,0.00194250729035078,0.00147717669199398,0.000878224279512728,7.26828946302639e-05,0.0124254370847125,0.00376312308623197,3.40562297732933e-06,0.000767590735716602,0.000403141236428423,6.311990052996e-07,0.000195232060509955,0.000372880820161401,0.000565521650861276,0.000391482802302766,0.00282363207914956,0.000115973469664599,0.00193872495135705,0.000233506291878308,0.000651160933874868,0.000255382160484949,0.000157985481673597,0.000414766112571184,0.00384524605268984,0.00102873905781167,0.00116585074266937,0.00101478787167697,0.000757342767697373,3.10876274685377e-05,0.00753670773553152,0.00142084496581715,0.00229869026676711,0.00121337689743021,0.00563581528166734,0.00112744506914186,0.00133870227546321,0.00124087879648178,0.0208296286986075,3.49207226891028e-05,3.10721335874356e-05,7.99282416831771e-05
108,0.000683196647767282,0.000215900270389986,0.000907849677825372,0.00154113008975515,0.000188640428262485,4.62839494393059e-05,0.0011384485996295,8.05640060062596e-05,0.00902409101505431,0.00430812825346927,0.00023040146820231,0.000392282606494781,0.000318037621255847,0.0477346365700519,0.00472032011119951,0.00135896833657397,0.000878632233885963,0.00222267420310959,0.000740874857729888,0.00030651764947478,0.00100855195252471,0.000878600193619721,0.000167777567279462,8.15737873917121e-05,0.000372284266694289,0.00236543594420032,0.000543305676810869,3.01881204300535e-05,0.000905357427262855,0.00377688098515526,0.00255535799650588,0.000970300159195051,0.00107992204233075,0.000942162961045752,0.000112194469021384,0.000661953072019339,0.000337573538259666,0.000250741803075411,0.000527271273967372,0.000667743909771136,0.00227735343373076,0.00198569744622317,0.000436380751189553,4.23043106968007e-05,0.00068931870068471,0.000575732624453213,0.000905560417927672,0.00304994735044664,0.000148780437648669,6.80221681448132e-05,0.00376670813278606,0.000241009344318803,0.000700449166050102,0.000353527650994029,0.000582835794938153,0.0026121141120895,0.00198297536748959,0.00115700653440849,0.00829681637672381,0.00355370356130928,0.00627510613892958,0.0182006768436098,0.00024557929241414,0.00110011537113017,0.00148393621276179
108.25,0.00455248919463641,0.000226071506124075,0.000668323176363728,0.0048154340478687,0.000739678507543482,0.000450498241906316,0.000559084700833103,0.000390150115707628,8.97522048378906e-06,0.00160171198145674,0.000444705132217399,0.000680502229943723,0.000808700953253959,0.00273976949739935,0.0005934960854118,0.00339154895369012,3.14146284864397e-05,0.000194175274382953,0.000778276499276349,0.000230418848177763,0.000147659206381457,0.00061998641280984,0.00106516967199124,0.000137428455057439,9.18527343673427e-05,0.000868425420175341,0.000667193995979139,0.00119469349078613,0.000307045835712161,0.00825953520330613,0.00212435767072253,0.0018931949197281,0.000379246758771272,0.00148657985938581,7.99840857612462e-05,0.000101441216848949,0.000254263811799854,0.00010620782391101,0.00105451797482415,0.000375491490357834,4.83265274091489e-05,1.26275264419999e-05,0.00260678905767459,0.000207234738828739,0.000236121089651939,0.000355813453952659,0.000148510091916467,0.00025846322892006,0.000486454172014771,0.00159969741754547,0.000437503818699211,0.00155215718964759,0.0030270019502577,5.9599977724837e-05,0.000238737534404467,0.00166968900382631,0.000228483808757639,0.00226748902153771,2.66308111771546e-05,0.00462522199032986,0.000997817268356401,0.0312872816784762,0.000351654959429376,0.000144052078824255,0.00034083742914835
108.5,0.000473034900262859,0.00124781539584222,0.00181666922449549,0.00143212044863415,0.000665918720913135,0.00027903652101009,0.000192522323786614,0.000393450980785221,0.00161046798412273,0.0107466018634646,0.000254198838616225,0.0010722838047673,7.78922836135071e-05,0.254818720530112,0.0029961588348295,0.00441881160171539,0.000566042084704474,0.00132153195887914,0.00134576865558717,5.15367208284195e-05,0.00186179701807531,0.00132528840725871,0.000621160627594667,0.000643728993391508,2.29967853586803e-05,0.000622259416991958,0.000276862249684909,0.0012289342018925,0.000274542815457414,0.000913753059922511,0.000433721030601328,0.00112546680862871,0.000795423684411019,0.000854891834295327,0.00102269652105022,0.000260972170743597,0.00131184694041484,8.82584206790399e-05,0.000473471425349203,0.000709116945582961,0.00111951236084818,2.19219893662627e-05,0.000943643955973861,0.000184248065685327,0.000813255829747991,0.00204080593025674,0.000791182827761296,7.1095853076074e-05,9.0918167672081e-05,0.00589149035423417,0.000234782307697918,0.000424900275763143,8.27821874742801e-05,0.000622039894016097,0.000112645971897692,0.000138127360265106,0.000277349601313693,0.00303545208100624,0.000235235260606009,0.00856225985000529,0.0054952126883623,0.028474553425825,0.00108864220600113,0.000441156413922634,0.00249223044418738
108.75,0.000890454573017601,0.00193143913489827,0.000794060162581092,0.00309133845434554,3.94832419001504e-05,0.00025015626360717,0.000278121861275156,4.638027965222e-05,0.00284866869333152,0.00105862364960246,0.00023185714321654,0.00102335194524849,3.56548826495048e-05,0.0275546250622356,0.000941612826540248,0.000241365284725114,0.000175533209984978,0.000476552423742112,0.000108012786682017,0.000117715707139876,0.000516855328210327,0.000450210055828917,0.00017116173849897,0.000446471221503703,0.000226770490436764,0.000444747247265353,4.73170657089753e-05,9.24532458158302e-05,0.000120149573931463,0.00517005465418234,0.00185012237843678,0.00117411137533569,0.000745487512546781,0.000284351397802912,0.000357440625514856,1.52871079550321e-06,6.60969777612585e-06,0.000111183604950616,0.000311988064889304,0.00344847940338708,0.000139116190978268,0.000171327614127149,0.000113974619832046,0.000384857986600594,0.000263855080317212,0.000251442118299285,0.0004382904807092,0.00238399933266738,0.000114374825182022,0.000259213402409112,0.000687006235741644,0.000197357294024247,0.000633163750134442,0.00273955291269307,0.00029131144550769,0.000572746165195886,0.00142139142317158,0.00968801492968544,0.00277057102905258,0.000792593556695519,0.00301224374702344,0.0115193932728353,0.000225450764046424,0.000264663043140719,0.000689515553764041
109,0.00169817672600209,8.34551648739132e-05,0.00239563482909419,0.000348501198578923,0.000950068492443258,0.000973797705997319,0.000540485233954187,6.52902397516162e-07,0.000358673388132346,0.00170265242098501,0.00340750685208113,0.00280384391859616,0.0021680437940243,0.0179541682716061,0.000741035486429413,0.00129256933385305,0.000124544765135742,0.00036761398381912,0.000143942898460773,0.00222500649753555,0.000536950056389695,0.000124208609704985,7.06601456963431e-05,0.000347762357946501,0.0018626344973602,0.000715573349054869,0.000663117502932028,0.000117048018565515,0.00547145055883644,0.00358943378649775,0.00111102829143712,0.000882620468654335,0.00150980858369788,0.000242253647782906,6.22055632452593e-06,0.00022244498746743,0.000516900663171677,0.000208624480863579,0.00178859674493615,7.90439084842328e-05,0.000436790116252826,0.000161098443195315,0.00132173643267281,1.97080471786501e-05,0.000137543395843908,0.000521618167404182,0.00371381342761264,0.000328210877390266,0.00101919145191462,0.000439344868370653,0.00066753589288409,4.70628443495259e-05,0.00359320320673989,0.000613067383611589,0.00271155831495157,0.00134779158166749,0.000558035851075365,0.000291503281926283,0.0010101442563482,0.0027179660633064,0.00303659048092465,0.0237312171970263,7.42301520580255e-05,0.000393220161435364,1.0267424048136e-05
109.25,0.000617007771559922,0.00243908082117106,0.000276284139446477,0.00166876494399563,0.000141323027410461,0.000282404969482228,0.00120414289619354,8.02039719363182e-05,0.00295076049606502,0.000114743493696391,0.0017240359283693,0.00400640017340691,0.000638999983701453,0.00471892264557852,0.00152780742568447,0.000254699056272953,0.000282429733192607,0.000285766821701355,0.000190778888960447,0.000122931279115583,0.000652645488551598,0.000103613667193107,0.000359308468048389,7.78149893694305e-05,0.000991760894571946,0.00265719146451101,0.000194464319965085,0.000183752896814699,0.000443280137599748,0.00677998573141197,0.00112431045979507,0.00208262886166926,0.000280777687682222,0.00109288146463848,0.000361133554115489,0.000222107374989621,0.000576026096839605,0.000235005121362723,1.38128363856378e-05,0.000118315944995007,0.00109500822794177,0.000929300692611888,0.000734046967444397,5.41258814592853e-05,0.00103643070697569,1.36996817881986e-05,0.00078495101525304,0.00286305502691842,0.000116623898148818,0.00159022788807671,0.000902902841675467,1.11355209244399e-05,0.00117047717079408,0.00394638642042527,0.00189475479735556,0.00150950699105258,0.0026945866006648,0.00843064328431838,0.00348913694703049,0.000317771621451528,0.00314123506832518,0.00145574554201626,0.00023111909867684,0.000208262538014649,0.000201428703071292
109.5,0.00144245924465089,0.000596232540334524,0.000110103743442173,0.000781036166735414,0.00153283887670983,0.000265511825851089,0.000864850517248396,0.000244269770832083,0.00123735795731952,4.78173594437325e-06,0.000374895110413974,0.000390162223358934,0.000415870817968916,0.0166378717520862,8.15315718448111e-06,0.00362557320396043,0.000537344912895729,0.000138216048761859,0.000700198250737888,0.00226612250929321,0.000508199640306959,0.000559089107675887,0.000379841887132583,0.00180054521260647,0.000789755027977761,8.54167866508307e-05,0.000656350345399542,0.000689547170776809,0.000550892659057106,0.00851399713569762,0.00108881258775598,0.000346770219049915,0.000367156828208116,0.00034424700191375,0.00126195945942478,0.000413234850378621,0.000928703736300719,0.000296822683827989,0.000469573158855666,0.00501410350923678,0.000785934161699293,0.000218827666116942,0.000584327359188068,0.000248750456151319,0.00144973070004998,0.000377414430608235,0.000335003930959334,0.000201391647571945,0.000995716403689407,0.00166985269891274,0.000340197338606821,0.000793638479523682,6.35077980337294e-05,0.000472316062394139,7.60835453065851e-05,0.000546735604402053,0.000470592692335558,0.000673548004211234,0.00106211492195687,0.000965311410120256,0.000249885975632409,0.011786359715728,0.0013832489717189,0.000677506810839529,0.000206853181941816
109.75,0.00140239737894575,7.60607578345226e-05,0.000722910935006298,0.000867589414443488,7.02678302253819e-05,0.00187283808383166,0.000216348270393538,5.08820567990494e-05,0.0013289860525461,0.00072999868709531,0.00106695982311358,0.000244636162386131,0.000572411996055931,0.00736173549281374,0.0014437722648514,0.00169057186739852,3.57069435053088e-05,0.000371966131988747,0.00137968172244951,0.000406491140808113,0.000199993884931873,0.000973654525489963,0.00057729181099201,3.84388251630339e-05,0.00154556406100909,0.0010753260025774,0.000588175295014128,0.000514275569562126,0.00110059037873591,0.000388681072662796,0.00228117584844715,0.000353248585555789,0.0012191907220219,0.000280942249828764,9.82144299767367e-05,0.00101325381551753,0.000331207069606116,1.13959162710319e-06,0.000536221394584916,0.000133373151189128,0.000119978423722526,0.00174762558957056,0.000318037088582482,5.04479380588525e-05,0.000814742423518934,0.000679685228828912,0.000155465995148708,9.62777027035245e-05,0.000158545253247077,0.00180517821555185,0.000420813126780491,0.000160581124063014,0.000515694795979247,0.000385935198451086,0.000218139740922212,0.000303099495252651,0.000597881362362529,0.00209783233614554,0.00154729522571181,0.0012377256691526,0.000575467346870774,0.00793347561165001,0.000421781278401043,0.0014699037066037,0.000297622943510516
110,0.000282084741664042,4.25870544275643e-05,8.24037280617933e-05,0.00182287390701228,1.80712720967492e-05,0.00194496186181033,9.56883585546862e-05,0.000782256863151723,0.00160261354912184,0.0011243034851484,0.000530836877310174,0.000100106170381821,0.0003618261631813,0.0548918762888163,0.000473353583240692,0.000270463296794792,0.000338538455288366,4.65233273965392e-05,2.75640283999139e-05,8.2459142267992e-05,0.000269669420989861,4.93922439269029e-06,0.000519115702271528,8.09823875326784e-05,9.17661967063319e-05,0.000250482087363245,0.00023769701490247,0.00355822957299278,0.00054063257081087,0.000187956634108595,0.00142657831808533,0.000611008484788687,0.000150401037811566,0.000658126610836507,0.000180041194504589,6.91738873463225e-06,8.31679747028628e-05,0.000589730482600453,5.91987722415609e-05,0.00344634515016189,3.57460446969662e-05,0.000321631971033395,5.53913338002341e-05,0.00123488130162698,0.000577011942125093,0.000408553656427036,2.58391212934892e-05,3.21595210711297e-05,8.09513002774902e-05,0.00478677476945305,0.000658728345798232,0.000190235797713321,0.00015046712516823,3.57736972965058e-05,2.75626512694107e-05,0.00115915182822636,0.00141113253902685,0.000176520926253942,0.00277589715062416,0.000359526028831794,0.00199191636569184,0.00378230590953382,0.000475512167766906,0.000827840296563867,6.79927889411828e-05
110.25,0.00477884729002158,0.00138237849784361,0.00166942978800965,0.005134471484401,0.000245657305898311,0.00038667261188979,0.000141584776656638,0.000246514235280057,0.00137569860953131,0.015566760915497,0.00358087571687959,0.00139034953209957,0.000480777535681683,0.107436461716359,0.00118833952487826,0.00526399142673382,0.000649150123159119,0.00180195487157785,0.00185512027282824,0.000250224465435584,0.00200045056034287,0.00212784933715264,4.61657533909676e-05,0.000948545486371059,9.40872390974701e-05,0.000553675474321777,0.000124753214800079,0.000654068387501554,0.00571373169175674,0.000147999006238913,0.00108339703414807,0.00481796244258669,0.000714050769416841,0.00154521455714369,0.000381456972343032,0.000762303134915006,0.000594593103880475,7.55936293244041e-05,0.00116990145490995,0.00290183539740836,0.000316069910760244,0.000602556927085937,0.000129999992589573,4.94847426669252e-06,0.000894531517851319,0.000589479998074965,0.0013377112201013,0.00175769699948755,7.53765896623454e-05,0.000228938824938606,0.000599294230643066,0.00322143199753995,0.0030657955844337,0.00120604114690976,0.000762227636826069,0.000963938843789092,0.00116963728983889,0.00146696759464141,0.00223778846491699,0.00950677412579567,0.0057289755699714,0.061009813076126,9.82283763413575e-05,0.000269145185508778,0.00205449986977466
110.5,0.000463536697639295,0.000173790349370107,0.000603353802634478,0.000106238915345404,0.000172939992538578,0.00305121442667004,0.000209214595578665,0.000106563814207397,0.00513106522594135,0.0195627171083594,7.84653047779774e-05,0.00314454467856371,0.000400983573868027,0.0554116288229152,0.00052592430399717,0.00251164501572273,0.000337870748452225,0.000104135328318054,0.00230448674659441,0.000212287362939074,0.000447303787340884,0.00212177069024648,7.58368485789172e-05,0.000682907301397726,0.000331898003898897,0.00268234605283503,0.000120736069788236,0.00242517917106016,0.00174492046280846,0.00115628012465539,0.000359402763519838,0.00134856156111832,0.000503785159900215,0.000186606280235952,0.000582659141542464,0.00125540969006959,0.000156188597265092,0.000223520381940216,0.000430309563568486,0.000429074965011028,0.000836769853061358,0.00235309895510773,0.000104807041921697,0.00233560160069778,0.000868471375970781,0.00145758707690352,0.000136533818389216,0.00237571380396503,5.92894273550959e-05,0.00626306338035659,0.000132464133687996,0.000443573243744606,0.000341669091668168,0.0013469893779765,0.000510049963071613,0.00476121244757675,0.000230131488100622,0.0015440128075773,0.0017182496236511,0.0129854716279071,0.0070747244748631,0.0446917644490187,0.00186258789124925,0.00200343870941908,0.00135174917360677
110.75,0.00232892975326163,0.000438461282375679,0.00263716397814,0.000923938841077179,0.000761649229490652,0.000299938212486439,0.00064712778065273,0.000823611623937831,0.00105237633140482,0.00728193511140044,0.00114631557989544,0.000563558006516873,0.0019004666110395,0.0878046957972594,0.00262864572461649,0.00738235460209315,0.00132356797167681,0.000153484046412173,0.000892133231130158,0.000421915641239913,0.00082165256012503,1.41592742787594e-05,0.000271643248505966,3.46978463870787e-05,0.002202589266168,8.11564878512286e-07,0.000233983401981568,0.00109427509909316,0.00428984020365603,0.00240935929694623,0.000700717987188118,0.00206679246409952,0.000954321148671516,0.00026346575988474,0.000789010472233016,5.64893186489136e-05,7.77535229242837e-05,0.000303969903342976,0.00217807651048021,0.0011695261447913,0.000268660427205974,0.000250081213547427,0.00032229600310795,0.000429193836566015,0.000232236115619038,0.00342820673807155,0.00259758809232052,0.000390138969004138,0.00142728712360105,0.00092427288067161,0.000343829820161849,0.00569622505324447,0.00336446149825804,0.000273690366891118,0.00237252843401187,8.50185592643257e-05,0.00398472716944582,0.0239086552517795,0.00223649999864164,0.0128294292401798,0.00615282652768254,0.0444562575778799,9.69407197713483e-05,0.000622231732654651,0.000295320397603816
111,0.00432555445430417,0.00566848345341492,0.000916005614800418,0.00497921057385298,0.000202992173992089,0.000800658582690057,0.000219688127331384,0.000503885263098269,0.00341007375537017,0.00610463243438337,0.000649915039822507,0.00194536372647926,0.000931185510192833,0.110776504353291,0.00277258018026762,0.00886534597649449,0.00594295666245406,0.00110391954414399,0.000613097980265951,0.000653510949711269,0.000345039463432335,0.000536143644903346,0.000167910813418142,8.96000659333848e-05,0.000513367523894378,0.000920961718289259,0.000448042263856076,0.000154876208977815,0.00118460300962912,0.00202353312082575,0.00080707026514644,0.00563169102743193,0.00074149501121385,0.00278002504583113,0.000215181279251707,0.000730315787664914,0.00105102542808296,0.000749576540079453,0.00287956739044238,0.00524396762712609,0.000317261776335199,0.00128632055949432,1.63189362351235e-05,0.000208189887484169,0.00244022319002089,0.00221688230778349,0.00371558475031572,0.00243250622792688,0.000500864146165413,0.0029521687852185,0.000659796342805355,0.00190872463952488,0.0029178343131573,0.00496070396974636,0.00170357488685616,0.000161463176705564,0.00108962435456878,0.0189622697007779,0.00391736259874198,0.0119953882569773,0.00988982286183135,0.0675059731415558,0.000160204811856798,0.0023772529154348,0.000724571340426996
111.25,0.00284472826385711,0.00219199722155622,0.000699332807439172,0.00142693727626895,0.000505311749821366,0.00123652594063336,0.000669864602456377,0.000309817662062475,0.0034369974362612,0.00268004319225253,0.00110118215955495,0.00254217620107755,0.000435401278099267,0.100851897967499,0.00113808228036978,0.00246838082582494,0.0012210448518033,0.00136740038097323,0.000158062214034495,0.000953621911079857,0.00115674099311214,0.00108073451578273,0.000121014028391538,0.000364248026145872,0.00155363172790306,0.00237185069200302,0.00011553604578377,0.00017961896886111,0.00218915564889036,0.0141970753295015,0.000484247875495307,0.00353519374574141,0.0016902005524251,0.00208655951157939,0.000790723614815979,0.000259962655842414,0.000236152210322078,0.000181534817954892,0.000832306144154171,0.00237543605267495,0.00160095571979822,0.00174422289317834,0.000430371495450471,0.000426653727004974,0.00194904931964414,0.0020239704902936,0.00186668191672886,0.00153343029582493,0.000178599645041911,0.00259918787024302,0.000232760804323654,0.00066009422240773,0.00156458265359525,0.00271732410130925,0.000578814676491056,0.000990601519052724,0.000177012430017422,0.00782563504204824,0.00309092905409997,0.00212440076376196,0.00237336660858196,0.0156727155416478,0.000590545786212759,0.00269831234404754,0.00086243017793607
111.5,3.82351521001561e-05,0.00310862182343349,0.000350872743913118,0.00565638893036991,0.000394920310120985,2.13883980140443e-05,0.00012529561073655,0.000155291546572377,0.000373163760037361,0.0011869864687656,0.000852105295823102,0.000840756585001899,0.000234098854751299,0.0312823644964942,0.000260006160935887,0.000578178519528293,0.00107619580462515,5.20275023466704e-05,0.000165089747622372,3.7659418958932e-05,0.000601943303354189,0.000334098646393985,0.000243061259094733,8.1231987511774e-05,0.000636469934776431,0.000153503506305217,9.2893453192689e-06,4.09267113499577e-05,0.0015231392429023,0.00123806772401542,1.68779643504054e-05,0.000223252656901232,0.000681833805485407,0.00262831550762649,0.000116105160706478,1.18819912750263e-05,0.00047165647535999,0.000127888135601382,0.000138413930335391,0.000651910998100332,0.000100725461833868,0.000184211351308831,0.000799600566612812,0.00022316052750763,0.000390043633681834,0.000263445208019157,0.00108395209389327,0.00169752422710034,1.05745830604722e-05,0.000517385721705698,0.00113923184621024,0.000838159953432572,0.000947818435215636,0.0022470916263415,0.000743516652701121,0.000283418137495401,0.000407373815448659,0.00384709807680537,0.0011407370333575,0.000715812537322497,0.000545867524690467,0.0107620248058451,0.000185927547892537,0.000132280202930511,0.000148163488123322
111.75,0.00244629273474491,9.86238104582393e-05,0.000924765171004967,0.00016639420748712,0.000623447922290365,0.000119322535635057,0.00033448734277498,6.53438718911881e-05,0.000379548341666671,0.000496299144287171,0.00211825708586836,0.00263142462498387,0.000988161341871806,0.109043548982866,0.000363853842141229,0.00185865069829286,0.0012967024385745,0.000729051283232458,5.88285779988978e-05,3.7348971482359e-05,0.00121727530756171,0.00114769809649574,0.000528845185280851,0.000224433102873263,0.00171079375391548,0.000150522001993744,0.000558132520432548,0.00035157444508993,0.002173391001308,0.00352596522049276,0.000222624983507915,0.00541820904714744,0.00175852830880093,0.0010523002405019,0.000545492795091834,0.000653867807913888,0.000292310668546233,0.000120290938500287,0.00146040834429087,0.000782893711548065,0.00193927364978386,0.000813645155848913,3.33976528679564e-05,0.000603043774168947,0.000553684288940101,0.000511537944220845,0.00144833018196134,0.000550685153292813,0.000616410851463492,0.000649071035642835,0.000381467315669363,0.000457985427830662,0.00354334129906356,0.000449909795266962,0.00188678866485684,0.00188369495908766,0.000777704447143004,0.00686533682408267,0.00141145162156414,0.00236222307317392,0.000600591898033635,0.00786400606471794,4.38662659852382e-07,0.00106562981622609,0.00108192859632039
112,0.00123345826679773,0.0019549065206073,0.00111441893471613,0.00296539181426051,0.000409503466793758,0.000829617013759702,0.000738268589174228,0.000155841164186153,0.000437710778419533,0.00125945299896666,0.00174715936588984,0.0057935383443195,0.000678681117629094,0.0536916145767238,0.000655734006750352,0.000657389261577738,0.000655598695044796,0.000156761479529934,0.000118524949985324,7.07348356800849e-05,0.000120797186945126,0.00117876682335407,0.00010236117231878,0.000161652000647665,0.000357276501943223,0.00288241744047338,2.61040268083548e-05,0.000918653153528681,0.00362340598048792,0.00836432584157818,0.000418128022343112,0.000712488890045414,0.000132663027896817,0.000294936058113856,6.4421849298042e-05,0.00020139644423551,1.41920840900112e-05,0.000163068199032855,0.00109227335725968,0.000230193333639213,0.000272973157777343,0.000889039483777774,0.000301198725203961,9.15182612358967e-05,0.00044622571747593,4.66889898424596e-05,0.00143095070568737,0.00531934182680446,5.1779056789588e-06,0.004155641425782,0.000194201341913849,0.000626060304269129,0.0027415406272687,0.00367317520657849,0.00139402703798817,0.00587786049675088,0.000972587660437224,0.00905273866156297,0.000507827978586135,0.00128537565394829,0.000485481378538667,0.00247395035164377,0.000151337855814061,1.01815976670131e-05,0.000273094646945854
112.25,0.00104327594519679,0.00019885147406852,0.000685970792108113,0.00230773223143244,0.000356323238430922,0.000124236422449624,0.00013715512219478,0.000673310933397924,0.000708434984134935,0.00312441352866987,0.00037225209504514,0.00135031250716935,0.000532824539131809,0.070050129440148,0.000217946352376974,0.00219313821886693,0.00100166831215248,0.000362702916742315,8.83223322879642e-05,6.31405907903902e-05,4.27659011987988e-05,0.000428126215107706,0.000118790705459426,9.48629182696112e-05,0.000137350016504323,3.1361520664434e-05,0.000709930747503302,0.00124580422171266,0.000794206065998,0.000538514293215589,0.00067270964669105,9.40343569180964e-05,0.000544717192346165,8.38522138535427e-05,9.08595637818538e-05,2.95760193803267e-05,0.000663799777697838,5.56505050674924e-05,0.000171918210269643,6.12277657042217e-05,0.000125353590740453,0.000708222204832451,0.000264098596624894,7.16827109413398e-05,0.000337862832145129,0.000258272342149673,7.70153363105558e-05,0.00122651457165443,0.000521942223915022,0.00182089355754913,0.000311302552870664,0.000116274419284271,0.000687603572814396,0.00048843428613286,0.000484922503203215,9.92243647823836e-05,0.000239159823445019,0.00139173436195098,0.000213154627890059,0.00247423500383645,0.00385228018321142,0.038880124282314,0.000264159750950995,0.000218053921999756,3.925111183781e-05
112.5,9.355708932843e-06,0.000608966699148961,0.000290826797652487,0.00190755396125354,0.000409861445059022,0.00315200936962531,5.2764638673758e-07,0.000486703071692382,0.00430435760363849,0.00634967541146175,0.00070199566331523,0.00425152437048527,0.000458662839105103,0.0560553777409735,0.00146635147459227,0.0104106632278154,0.00200424915281035,0.00108925309891216,0.00321973416412627,0.000303131602825936,0.00124821466881863,0.0048962739384707,0.000481885452273248,0.00156287039252191,0.000424882744147789,0.00673079148500973,0.000111613242029905,7.44265418656488e-05,0.000354353914055424,0.0102895620717287,0.000788168114371261,0.00356808537033515,0.00109282652125567,0.00312208658433146,0.00110535726038367,0.00399138286168206,0.000296138278628783,2.32399734752819e-06,0.000150152888971238,0.0025387343787032,0.00141611620261279,0.00707261620547575,9.82964790474766e-05,0.000365008694402479,0.00168863648105703,0.00158780654441522,0.000108623692531015,0.00382650803382132,0.000530028420085324,0.00530495401277836,0.000280011333384103,0.0021124883180878,0.000312420381397688,0.00251980503949089,0.000255514496008364,0.0104887993275849,0.0014334617099746,0.0162177967751358,0.00145362890264877,0.0108684763489676,0.01072693511819,0.0731341262160496,0.00317247257962024,0.00046491091863665,0.00236397614387842
112.75,0.00253810447690066,0.000848897499147957,0.000777860122788108,0.000192469360675087,0.00118080236758316,0.000260897037194746,0.000417222713674756,0.000509095387824236,0.0015207840388214,0.0123146133269742,0.0028959815606236,0.000313857691920166,0.00197022092469465,0.0145701385117873,0.00140383656483082,0.012780611577524,0.000653352166757545,0.00201436983437641,0.00146070308280159,0.000243635169393156,0.00177732234047934,0.00120402413423767,0.000467762600355987,0.000274211732066399,0.00312407408346215,0.00203268257192358,0.00111214031962015,0.000522479918920882,0.00544819286040563,0.00544006883913503,0.000372362679823068,0.000456302641992254,0.000234690200952271,0.000579127023730699,0.00132117437333166,0.00127731368851603,7.35722572531833e-06,0.0002341542242057,0.000980677894422517,0.000826939426519489,0.00212151451596365,0.00103465582311042,0.00104325731346474,0.000207710395223436,0.000171211831895886,0.00193158879123815,0.00253087304333723,0.000485968850504472,0.00128783507054617,0.000214080736290529,0.000227569687653593,0.00182548581012113,0.000682340091247793,0.000624754646027269,0.0044378595085825,0.000959018420081072,0.00258914786065459,0.0252992540560871,0.00113340109501978,0.017001293177516,0.0114016893905058,0.104770460987537,0.000232962582441802,0.00083485569071175,0.00186714127319539
113,0.0020729884358514,0.00367631347785668,0.000876896433362582,0.00360662623723284,0.000980239025615688,0.000197653529957566,0.000210969460680834,0.000574904990705397,0.00600392524587026,0.00412004723591063,0.000955165737390581,0.00111997477817865,0.000301842780794278,0.0351466103448162,0.000716409664949717,0.00940995357785332,0.00383034247226279,0.000377084814693322,0.00048686383590651,0.000413920914167937,0.000901914662993509,0.00149678745514427,0.000645410868995676,0.000232693375483023,0.00148763616443055,0.000646219233320114,5.93277436775028e-05,0.000610539871918177,0.00128677160634981,0.00206582442416325,6.89913838651174e-05,0.00314189616371091,0.00133703732870313,0.00263320593430786,0.000765441319328357,0.000522491303997094,8.48964314959953e-05,0.000313838891422501,0.00109171055491885,0.00366141540878335,0.000859155133160265,0.00148879979343498,0.000127495260511239,4.34998609621014e-05,0.000773199234184022,0.000432444408648864,0.00375919093222527,0.00207926783559947,0.000930611373008339,0.00120176075481074,0.000579419022840544,0.0014034737895444,0.000356404983285994,0.00373131677806524,0.000429537194815127,0.00125339287187791,0.000436277411198245,0.00265241622800213,0.00286233311186922,0.00495606130880329,0.00617569145964054,0.0618695466606248,7.89182589669381e-05,0.000791766490673781,0.000912327743135873
113.25,0.00128703137011379,3.17194769324738e-05,0.000109497304926787,0.00244335731154859,0.000554566475167482,0.00174511217189048,3.64017761180909e-05,0.000492898969282765,0.00045160927687911,0.00138587260792512,0.000578677392950285,0.00207481516800345,0.000726270500122229,0.166194476742922,0.00178811684818334,0.00171664681603091,0.000221098484097553,0.00156987181300344,0.00188795713746735,0.000164459377903053,0.000523421100561138,0.00269297602034273,0.000436231190864792,0.000378700942800494,0.000198657714284195,0.0024422680699667,0.000175769200185269,0.000317779314246591,0.000291877716348919,0.000113101244100463,0.00266293901394641,0.00393923246397149,0.000497544493793892,0.00111755698893713,0.000520492432346707,0.000974215578917499,3.37497281604406e-05,2.29954763434439e-05,5.20834394867493e-06,0.00113877742986836,0.000170150126889036,0.000821467605815595,0.000497122820296269,0.00103457550349068,2.58067091461992e-05,0.000107435946866296,0.000131460485373357,0.00176763792161323,0.000796001134141466,0.00255547654557142,0.000981536999303287,0.000401891146061311,0.000420525842890908,0.000658090550529665,0.000136712969181883,0.00189480264218272,0.00344019696413712,0.00268581587652677,0.000873810134761717,0.00347216242386229,0.00115292933839977,0.0131914436239106,0.000407197872528917,0.000339302565670194,0.00168749420588058
113.5,0.00015581941418272,0.000585969354459827,0.00101393603038314,0.00062739364143067,0.000339143788368372,0.00106864716354073,0.000865685331877877,0.000313829540321807,0.000956308956319197,0.00250545061707743,0.000847553740903502,0.00186390389674354,0.000628824555712608,0.0854042269898887,0.00210922457753987,0.00392702153081084,0.000363345442224782,0.000321373270080526,6.59026137216532e-05,0.00061789748106797,0.00059737227465339,5.8107908108928e-05,0.000364226629424873,0.000133519473931991,0.000245609175870434,0.000200894859771379,6.4081884416414e-05,0.000356078637838843,0.000621255512818474,0.00481814902085911,0.000216266888752474,0.00191931690462235,1.45398431598142e-05,0.0012190334902637,9.96562879879781e-05,0.000488163502016391,6.06211942985495e-05,0.000249027767255469,0.000364309126967125,0.00187209344982892,0.000487862878231951,0.00219892864976368,0.000239383005382825,1.97923320036194e-05,0.000786169079831536,0.000500828830718979,8.31415960473987e-05,0.00173615357415623,0.000614105828063413,0.000248556453339229,0.000400004245497258,0.000908739028088809,0.000746558059659039,0.00154325089370066,0.000546105530977754,0.00277280774063164,0.000921284735407942,0.00759107195553261,0.0022439307498246,0.0028220247449999,0.00447191493676054,0.025952979732086,0.000167823926702009,0.00118270939448009,5.00965666043124e-05
113.75,0.000154408728175594,0.000443859017499298,0.000243824677272127,0.000208231285364593,0.00121077236539992,0.00073111412607754,0.000292527003011648,0.00029444930781031,0.00293549044278808,0.0022781408574918,0.000168492421029062,0.00107100404947689,0.000359499932655875,0.0666129176014102,0.000659447155283944,0.000255753404554974,0.00244283847316174,0.000617173682542171,8.19263711755168e-06,0.000194054818620664,7.67551480090497e-05,4.94108911429441e-06,0.000153654683325385,0.000538083099566925,0.000281417146236857,0.000134960539875939,0.000638303851679567,0.000917478697749416,0.00055040787544389,0.000167468840846814,4.27025327674845e-05,0.00153174302795614,0.000148771022096523,0.000642666907854431,0.00030449500093374,8.71562299383808e-05,0.000334779479647023,7.47241830597099e-05,0.000243224409082255,0.00022506045457156,0.000131413916359042,0.000135189348655944,0.000436302893681137,0.000242215508900133,6.07407683177672e-05,0.00144844422895839,3.70968667852885e-05,0.000445374025280931,0.00019106623740544,0.00214657644258319,0.00161972454539929,0.000537656796693599,9.27030021733836e-05,0.000360324605972253,0.000454450930241832,0.000478435582779122,0.00148347868869616,0.00236291333834064,0.000703743763449447,0.00130245517776176,0.000209351788726288,0.00761270528927128,0.00015179367442387,0.000849815316530978,0.000194071373994108
114,0.00182051141653576,0.000398490264215288,0.0016320317022407,0.000239836351464455,0.000348145796366071,0.000118264815322558,0.000315678078040235,0.000722899505105387,0.00202159474089747,0.00191004183699414,0.00354295231193183,0.000801053345098006,0.000782410341136246,0.0368673621405975,0.00066565731997153,0.00434735309220932,0.00324655253182299,0.000645299322358097,0.00096501556269544,0.000459278918275475,0.000652279533257769,0.000688705332117042,9.19796563557088e-05,5.5825446630038e-05,0.00162262790241934,0.000193967129711119,0.000259104709530484,0.000983891971224182,0.00169526277076929,0.00125010972445574,0.000365148218433702,0.000290958304055024,0.000808784880503047,0.000137465105307449,0.00079161424664236,0.000592456529538211,2.17282780632299e-05,0.000565456605084056,0.00189498439272604,0.000272584685161325,0.000950269061823594,6.45890216741692e-05,0.000252181901590564,0.000487675572667639,0.000913955694781716,0.000920328362378964,0.000653459369236765,0.000263059337678875,0.000330559033965539,0.000620541994950793,0.00107602471101145,0.00138860810497937,0.00190354280068966,0.000438344493029436,0.0019765626683556,0.00200042686798897,0.000678681619906088,0.00069418010897964,0.00160200258520911,0.00392190150691374,0.000159380822932329,0.0245385122157136,9.96504235083907e-05,0.00104820409458601,0.000456016949721695
114.25,0.000286374177274666,0.000422490810870975,0.000707689351850639,0.00143941303100715,0.000179777576699456,0.000680932466932392,0.000344567554330916,0.000288077956060581,0.00111925376697298,0.000179151979758816,9.49261470050843e-05,0.00173305244539815,0.00104422770446502,0.0138851177692114,1.63788795886733e-05,0.00150556073812352,0.000407467878458693,0.000196426930825068,4.85082090453041e-05,0.000472523481685462,0.000569715992712932,0.000394054569183124,0.000579868504102404,0.00108852661746135,0.000112968109706424,0.000330601859132261,0.000602853682204356,5.29381756393073e-06,0.00099866864404209,0.00255568151762624,0.000878283903595856,0.00200852561419399,9.18998951537426e-05,0.00137588602298237,0.000549750360746057,0.000345363898724923,9.6281045350908e-05,0.00067013640532943,7.30986705083624e-05,0.000109974085194837,8.08958195800148e-05,0.000106945141330155,5.62931947084304e-05,1.79694173492445e-06,0.000337630173457309,1.82038110823702e-05,0.0002010080712775,0.000846467656739494,0.000316404430540421,0.00018659430208004,0.00105110318194022,0.000234904740343723,2.1100433268569e-05,0.000899588182830749,0.000922781245986008,0.000433978751442117,0.000708802296030285,0.000214930318763759,0.000190411793521148,0.00061373337493262,0.000117278897495564,0.00716610799501164,0.000107460887233282,0.00017018204019734,0.00019810512415058
114.5,0.000257408372177991,0.00038218034567643,8.72985133839108e-06,0.000356362658399032,0.000398982075446303,0.000319431728911504,0.000129789385199406,5.48572740838679e-05,0.000220022413790827,0.000315025572950539,0.000106935994215303,0.000332452992673856,0.000907430227808644,0.0620421224180311,0.000250191655632325,1.72200547103233e-05,0.00014007784307041,6.08364172799715e-05,7.7269886414163e-05,0.000271072248352597,0.00014893804939648,1.49004608607261e-05,4.93844430857057e-06,7.74904449367219e-05,0.000492050814641418,0.000215604073049162,0.000115202142849369,0.00126926290296698,0.000587568206194126,1.61645051164368e-05,0.00144491160027386,0.0010983090795423,0.000130314240620646,0.000146818608612975,0.000598831155542852,0.000327218337708699,0.000159877139432397,5.22500520608246e-05,1.42222544778064e-05,0.000469459990599003,0.00102599382561953,0.000621896833079083,0.000262325294814266,0.00020615063437915,6.27400498326784e-05,3.35700415893963e-05,6.04008002406254e-05,6.45034760821455e-06,0.000315913537645308,0.00348031512871355,0.000103942369180367,0.000419044531824604,0.000156483475730799,0.000161232656862571,0.00038727121394557,0.00121481284621717,0.000555370948716547,0.000590686057617879,2.24834887692789e-05,0.00114779324141369,0.000456375083557144,0.00344138838422353,8.71587465409204e-06,5.81692424930725e-06,0.000202138831609634
114.75,0.00157396182740879,0.000974610125487751,0.0011223469261245,0.00142027204927065,0.000160861594976553,0.000599872887059009,0.000611937604344023,0.000376513126504906,0.00222772696401037,0.00188040785848242,0.000417219207596162,0.000467301812485392,0.00136325196712405,0.0394578159146481,0.000981099668011199,0.00464832702291599,0.00168451897730866,0.00151445856608201,0.000367913083237327,0.000607133277683253,0.000734530303545521,0.00208033403244886,7.93529366349144e-05,0.00072695874169146,7.78804209377832e-05,0.0012776600219223,0.000444665185511514,0.00126518192902206,0.000921751516093412,0.00187959779396271,0.00159544732757978,0.00193437006934839,0.00281124110304966,0.00161167560351588,0.000114131870440648,0.000768557643547396,0.000146978427223971,0.00030967957233016,0.00155830551112641,0.00216345054737439,0.000159892497926757,0.00231825015080031,0.000712012116067655,0.00087304992121741,0.00014466848246187,0.000863685993747355,0.0012195545140951,0.00106945986497203,0.00115711231498016,0.00279893348491959,0.000732555050577707,0.000470509443852285,0.00205438509126391,0.00108794028344039,9.59657250545358e-05,0.00206900452370775,0.000479801779061126,0.00094374463769135,0.00249169472258996,0.00290000889566621,0.00186892771373238,0.010140965603679,0.000163964985655693,0.00105328676772476,0.00168312825419428
115,0.0007616766810809,0.00177450448797221,0.000406664471895539,0.000701361411913973,0.000149103487644758,0.000568001788958463,4.50592695720813e-05,0.00191187751226291,0.0034401946243431,0.0140272563325162,0.000575970653105989,0.00124191955117052,0.00180320241473472,0.0706739931141203,0.000379465091499371,0.00631209321085162,0.00142676158292849,0.000317721400549751,9.69752632589856e-05,0.00030545945947983,0.00032570833341036,0.000247841060172852,8.45108750101054e-05,0.000527191981252884,0.00106773120746953,4.78491319810435e-05,0.000362412067734677,0.000968581656759904,0.00187274293322408,0.000470530506480567,0.00114953621065841,0.00135164744467652,0.00145672403003011,0.000246888667891894,4.57900938551686e-05,5.18871701712283e-05,0.000184301505251215,0.000287844025501758,0.000865568727101776,0.00391187283732057,0.000525339505736857,0.000389542367009054,7.90451970053556e-05,0.00103904795089872,0.000191469925458326,0.00247741841348058,0.00057010638335793,0.000722174652141666,0.000852399563403057,0.00096815184225013,5.17200949465211e-05,0.00171275388724649,0.0014492867900386,0.00205137050703773,0.00187062275860551,4.22027372309583e-05,5.97717867087527e-05,0.00193733389595301,0.000701093456856367,0.0110072338863384,0.00373748357369351,0.0469994009872,8.85521315099271e-05,0.000752972348865957,0.000482752776816664
115.25,0.00353919329507225,0.000609446675690985,0.000305150708986631,0.00312702232848048,0.000165810360538942,0.001589276883211,0.000132133368346752,0.000343671848105886,0.00225868448192986,0.00491771037401466,0.00178314678468501,0.000246330728238469,1.38274951724949e-05,0.033510628218869,7.85287154215171e-05,0.00255723865996531,0.000421861522563541,0.000226391581112196,0.000326631663717726,0.000149082466708498,0.000836010091658663,0.000193998799068221,0.000592278807927845,8.17664904316801e-05,6.8343824690888e-05,0.000102050842718097,0.000294520986686277,0.0011765204145093,2.05922207180547e-05,0.000565372391420447,0.000368893421022685,0.00074947180494467,5.40507473507511e-05,0.000742092276234617,0.000378414605864721,8.57864495346391e-05,0.000264875000846959,0.000122816329431855,0.000734116702923727,0.00154996089625993,6.64595023500725e-05,0.00021272001564052,0.000649844985349336,0.00109852335026747,0.000157536128952743,0.00150861079541533,0.00218846050339593,6.06447375931669e-05,0.000298376489865179,0.00187221213313192,3.548988008427e-05,0.00115298346846812,0.00381323473683414,0.000124596148530494,0.000879935356786452,0.000167103273504003,0.00149892244267497,0.00330074429645952,0.000389077381909911,0.00836355466049748,0.00416362470027422,0.0314839335582303,0.00054991363953063,0.000171895690668978,0.000311347378870476
115.5,0.00560311111777348,0.000217654049882689,5.45892897521739e-05,0.000320426097564795,0.000239823515540964,0.000802278029810122,6.04816486620936e-05,0.000997062309800239,0.00285224620002161,0.00360097445162902,0.00719419276613248,0.000267747533018441,0.00184941535823176,0.0477470590733713,4.37968604669045e-05,0.00191866284567305,0.000150893867535887,0.000537359392674621,0.000920947454007361,1.48882970728104e-05,0.000109283149351312,0.000758330335822683,0.000139318310172727,0.000622018105143192,0.00189897803648598,0.000564395086357389,0.000374491413310031,0.000835274604845957,0.00401323077501768,0.000741267097340284,0.000641682897705185,0.00265918086769212,0.000681240540966943,0.00042915133323128,2.37329429928476e-05,0.000817416433704308,0.00040474880679811,0.000191075401396483,0.000431903729673347,0.000101494394438264,0.000918006251325608,0.000814832478309574,0.000207622759203102,0.000680914294621248,0.00120293413787394,0.00153782213509872,0.00290375223231539,0.000148652948756793,0.00181052202563563,0.00136570609758998,7.07089500874324e-05,0.0010683250480671,0.00563744743937973,0.000162076877813921,0.002447812421022,0.000197631516513715,0.000897814198020143,0.000740536885841335,0.00152732194007279,0.00283243049429621,0.000211708947913475,0.00535340507441166,0.000537366988073581,0.00102041612516024,0.000329535636350467
115.75,0.000502302618434599,0.000225086310140328,0.000160823854065281,0.000282956030484871,0.000741366615725037,0.000603057275337313,0.000182662720251543,0.000355122817797698,0.000562075493837673,0.0029693424275105,0.00134885032634609,7.14456522777795e-05,0.000523821318704147,0.103235092575477,0.000623426884489797,0.00160457563994871,0.00228627554044469,0.00121432856848363,0.000666756381707208,0.000352374930824243,0.000614172771973293,0.00115941899904931,0.000114331158497548,0.000203409714821437,0.000740257722850022,0.00102208498795316,0.000610325944803391,0.00154066441920227,0.000154789763981187,0.000281687222539012,0.000770192615798621,0.000346167385770926,0.000587921055050383,0.000423747581566664,6.02669423764185e-05,0.000656096768118165,0.000133492466257363,0.000296158328246556,0.000580545075080769,0.000810994527702781,0.000422151920401265,0.000947552799441227,0.00019409171567205,8.8064019531015e-05,3.31936860623923e-05,0.00142008792563814,0.0003684807816998,0.000770934630618957,8.92027921792506e-05,0.00385432056280194,0.000340271588236553,0.000194903049539149,0.00053267449482664,0.000233176477767901,0.00148165641486481,9.95545784718001e-05,0.000171608804697235,0.000242208937955348,0.00217343265534578,0.00662504401271148,0.00150623381939051,0.0167155228685539,0.000557233078530465,9.77374585285907e-05,0.000679661458742348
116,0.00156403660089847,0.00103957921823015,0.000470715771512162,0.00110911076535525,0.00109228115377923,0.000104300850896627,0.000636811888491389,0.00043495517901772,0.000276718920358506,9.127686034971e-05,0.000202869491480494,0.000458492220247857,0.000200961929150912,0.00261894370442163,0.000489895325945872,0.000756419567537988,0.000736961793110378,0.000535068352920155,2.41091775181865e-05,0.000280301464589575,0.00122656240063626,0.000841334962126522,0.000668116574283681,0.000798706212601899,0.00015161835049806,0.000262681828618014,0.000268771454800339,0.000138489451114831,0.000687130593969133,0.000763716216845824,0.00141928063945961,0.000265645049727898,0.000772591095193616,0.000167891443159049,0.000885148978207669,0.000425342423005377,0.00119993152023583,1.06543625602884e-05,0.0007324708609905,0.00177057481096268,0.00028407841368674,0.000774196529458013,0.000146126683764893,0.000144156734331877,0.000376734881801837,0.000142230424434639,0.000460812507264923,0.00101927387101627,0.000238856122733833,9.98408931830262e-05,0.00094139293774096,0.000158835920707109,0.000687481835793535,0.00134175946316511,5.01105418590713e-07,0.000796720254002882,0.00223858164467063,0.00111514480981708,0.00197875982460266,0.00123938453971832,0.000659602164858727,0.00634159399035415,0.000167908678163844,0.000146408615934329,0.000816383811092053
116.25,0.000538347248627174,0.00200329878612164,0.000279185459125526,0.000944355997339328,0.000307687169793091,3.11887387945952e-06,0.000168001942190507,0.000203306968984259,0.000366327703352409,0.00101858986371493,0.00161133265267787,0.00218366566004666,0.000114154018652019,0.0109288185565511,0.00134828421514799,0.00141313867345706,0.00106732497971146,0.000512239497599728,0.00013927506628347,0.000373278605938046,1.47234760469883e-05,0.000732013393566037,0.000128802903327655,0.000690093539249619,0.00123867553952414,0.000317288589024773,0.000842203964244286,0.00159684647993454,0.00093849570256112,0.0115899229568244,2.36590813864548e-05,0.000123623269698495,0.000294983322252023,0.00193809976587138,0.00030293890803268,3.8735213414343e-05,5.99299406790481e-05,6.34996319537627e-05,0.00075077136999764,0.00394730351566828,0.000259057940774703,0.000949506639045647,0.000392933231388955,0.000117015079445121,5.99513214995471e-05,0.00059351147640768,0.000317151876908383,0.000892825516559228,0.000246274723616517,0.000688425231479709,0.000638359595965883,0.00040515163671141,0.000481529784060377,0.00255092943086311,0.000623932492242924,0.00101098401776342,0.00050879301979832,0.0057009425520164,6.2542497509687e-05,0.000201733329761766,0.0011842752803614,0.0097288439848715,0.000100759113262079,0.000188456758652856,0.000547107672986051
116.5,0.00166905151331438,0.00134276485333674,0.00237639012694204,0.000184642809857415,0.000205045809591671,0.000739997094539824,0.000390901091561492,0.000756470397246083,0.00162161208831487,0.00643353753479619,0.00176282021199208,0.00158988236599068,0.00133924842396252,0.0168180023008121,0.000664624775126601,0.00533541286968721,0.000997141735929148,9.34550356729492e-05,0.000375419443063443,2.2902687593982e-05,0.000252341590173632,0.00117917819419624,0.000396928996347152,3.97798838048802e-05,0.00245929568304273,0.00156650570652967,0.000758630177253429,0.000166878047665823,0.00189752680642635,0.00175777797180935,0.0013820700521627,0.000627765702179001,0.000388427040047545,0.000275087163314192,0.00100652980434175,0.000288786925516357,0.000528840598466362,0.00037503301734329,0.00143520739543367,0.000698134443783635,0.000277402424770379,0.00159738359848564,0.000971967304580069,7.57165422566774e-06,0.000614766795510713,0.00225753241072626,0.00203827415773326,0.000356575395261887,0.000910194217356472,0.000902259230106144,0.00125917706012038,0.000597588688967244,0.00291162396474291,0.00137200130925297,0.00153051070521097,0.00178886004180629,0.000222466927692516,0.00780778830481745,0.00124668962780219,0.00565435486060837,0.000943574617202726,0.0218582244855616,0.000142909800216042,0.00122889683690904,1.94929504220837e-06
116.75,7.54359833889055e-05,0.00187236645016081,0.000311115046824572,0.000434908337453191,0.000393562880101956,0.000207657694263252,0.000638578188174596,3.24898210110001e-05,0.000587317727966256,0.00112111439889603,0.000429015693322562,0.00215436275507282,0.000674745233252875,0.0320919767143916,0.00113386574192234,0.00119969193288449,7.79435762054648e-05,3.67341420535108e-06,0.000155430446576653,0.000367101941626007,0.000457703008930453,0.000951721485793563,0.000700388251575813,1.09058615041636e-05,0.000429366722922449,0.000226372975162267,0.00110663931801784,0.000125671950555483,0.000872287832201906,0.00189564529850838,0.00205649891055673,0.000377850382903744,0.00040200204593221,0.000963738466791894,7.49764810035889e-05,1.99646812274827e-05,0.000244283553832222,0.000250708324437268,4.3315470632784e-05,0.00184296818789647,9.32783787688869e-06,0.00133407692508057,0.000469325072493528,0.00012116721509319,0.000142149415566648,5.70683692994887e-05,0.000258473580020037,0.00146407812662756,0.000452778692034393,0.00071915934677136,0.00294254782529209,0.000205044738802196,0.000161759384625255,0.00240650417322646,0.000256152511955673,0.00123942765518142,0.00136016153054607,0.000908677259642084,0.000637747247430665,0.00165144407219913,0.00103423398572404,0.010183850416522,0.000319050509707269,3.9240029213679e-05,0.000602956773443464
117,0.000339016891974305,0.00071297025038964,1.57957573574781e-05,7.73504976463509e-06,0.00031178213734963,0.000214566304410275,0.0013496083524671,0.000200279348081975,0.00186608153029271,0.00356648919299628,3.7758275485426e-05,0.00217778274206851,0.00129665988679077,0.00750858645754393,0.00385335461079889,0.002002976527978,0.000405211207553047,0.000244620035405984,0.000172590316845238,0.000182979914922735,0.000551885170180872,0.000517583323029109,0.000179861450438223,2.45902707874683e-05,0.000702087350946579,0.00130693183111732,0.000884150149996893,2.39471215268197e-05,0.000653081085976629,0.00375714785933277,0.0022020483876901,0.000290869579976287,0.000113341589716142,7.14742782259542e-05,8.00744904990418e-05,3.42657442599113e-05,0.000418068231195938,9.76557286189759e-05,9.91990897669953e-05,0.00122489653081988,0.000180167609815969,0.00075254700124156,0.000313106442763732,0.00030930296212958,0.00194221326153244,0.000222923937766186,0.000355423385062965,0.00140759331805589,0.00151398450964152,0.0001650812287478,0.00194104813851425,0.000264765057596785,0.00011768018043373,0.00136634430507102,0.000299636046636302,0.0016035142521177,0.00423419572615555,0.00334246586441701,0.00385953635231856,0.00600266959620195,0.00128367262742461,0.0233918583619125,0.000210534945672165,0.000168463213776238,0.000537388725298656
117.25,0.00021142115575048,4.67610085361871e-06,0.000375109290702931,0.00393022030086668,0.000283674631075828,0.00128958958750324,0.000267035297917956,0.000435174785318061,0.00383331159186721,0.00717765172086699,0.000426449685079233,0.000477116905993023,7.06901822327555e-05,0.0718931735695738,0.000952215519797389,0.00668216186123135,0.000126080646092917,0.000266632396705438,0.000922081033476087,0.00063558819581171,0.00308054447275933,0.001836246089813,1.89514820895418e-05,3.21733792997251e-05,0.00129857195179026,0.00377397852382115,0.000235873813380391,0.00034367121950842,0.000118993715115576,0.00465765893643373,0.000347008600427345,0.00148123545061297,0.00083975027240438,0.00340435655826329,0.000777462205690404,0.00174968810037615,0.000442215155086851,0.000406634239084002,3.69298870142694e-07,0.000608933632477564,0.00136089728619946,0.00218341159820048,0.000314774392763201,0.000167152140105384,0.000217050908043732,0.00268883937796354,0.00113839742753485,0.000890540516320938,0.000175169457451467,0.00155764991759709,0.000366031736636217,0.000630646195824815,0.000712712680607429,0.000107984419673903,0.000112445466541841,0.00280770131777937,0.000704817010410434,0.00669256268345861,0.00273126438906778,0.00493045226081917,0.00461208692777822,0.0278759698447727,0.00167861746631304,0.00126855087001945,0.00168178279057847
117.5,0.0003413347317795,0.000198455614017015,0.00216738901817685,0.00119528155700485,0.00197199080685407,0.000201993157072367,0.000598813970980207,0.000235096323807502,0.000739086619571842,0.00999098335738391,0.00271347193990105,0.000234316220330571,0.00157045613437961,0.00461402722649597,0.000889759919924347,0.00666959278335749,0.00029082545508356,0.000825877392373089,0.00100770334108135,0.000140037576089917,0.00158448521142689,0.000571398823853665,0.000235442880428954,5.69020463219451e-05,0.003369905046164,0.00027685687736518,0.00113518458020679,0.00106058869295204,0.00498316605638379,0.00518640114176621,0.000557696183070324,0.00160423014213474,0.000987004961246128,0.000386842716861867,0.000652687372304609,2.44723245941429e-05,0.000223239137791323,0.000658069958313966,0.000946607272018901,1.69033085330725e-06,0.00120565250946881,9.27717458540864e-05,0.000860978408852296,0.000727072875057683,1.53326525471019e-07,0.00336070889852666,0.00304672679207904,0.00073860749772525,0.00131954751620167,0.000555386738106194,0.000285515478270433,0.00154802422979947,0.00114555684513847,0.000312810088733729,0.00280801459876831,0.000530736611662259,0.000742856432379717,0.000692065349793985,0.000553968636351825,0.0127889715786157,0.00220076403429932,0.0374797922844429,0.000252866466586455,7.75466949046853e-05,0.000668702362477411
117.75,0.00122387061189384,0.00041370051087487,4.94032593710134e-06,0.000761487810957025,0.000219918459437754,0.000381070297846035,3.13945482878818e-05,7.20494959970309e-05,0.000294560394871889,1.47398060380106e-06,0.00352536905109159,0.000705453133178929,0.000497865563607484,0.0052194304327368,0.000973634650716841,4.12962887606548e-05,0.000366232823388837,8.21207239919136e-05,0.000236673779483145,0.000173871865027591,0.00019991433837051,5.75191214633259e-05,0.000357549388964535,0.000326156345362601,0.00100300754873976,0.000185941824531246,0.000377484386725775,0.000500033008318281,0.00198309304044987,0.00230146564853946,0.000816129432503295,0.00091131641486243,7.79619468964666e-05,7.46777419619431e-06,9.01415424452192e-05,0.000730605327806813,9.50320080644984e-05,9.64080932365387e-05,6.66896381881315e-05,0.000830954049717073,0.000122035764111591,7.1588085278315e-05,2.26779934610067e-05,0.000361082386543687,0.00127536973278024,2.89260569364199e-05,0.00137456078756674,0.0007451477111579,0.000456627040634058,0.00076060415766366,0.000128348396312744,7.30591509378126e-06,0.00180381067437735,0.00134497880573946,0.00112001167045168,0.00021882621949925,0.000437352062505845,0.000814092030048463,0.000331616601118725,9.43329834273245e-05,0.000338663257023926,0.000678561142187411,0.000259276181347447,0.000313222058523397,0.000203720386111561
118,2.10900879646322e-05,0.000591400225634585,0.000658611131103217,0.000123486895360839,0.000466880879545623,0.000334317548034614,0.000552271335522341,0.000995535527180506,0.00248444666062894,0.00557072025885572,0.000159228887416562,0.00015600714209783,3.99281870540464e-05,0.00740840738998472,0.0016423160155828,0.00436129849829399,0.000343704887448199,0.00308243779228335,0.000528770171514212,2.31137502782609e-05,0.000929656068821137,0.00277554260272771,7.82542296198623e-05,0.000678688144815826,0.000365689699346128,8.82417274023898e-05,0.000278962452756278,3.79487549091173e-05,0.000194854957874475,0.000335709808586586,0.000540848831464132,0.000877873823609766,0.000443479669839722,0.00212284946488608,0.000805185433839075,0.000574896609304835,6.12154662483396e-05,0.000251391764459086,0.000366153500775917,0.000709866697961977,0.000206424823031663,0.000793868785893002,0.000150338156915781,0.000145956898295468,0.000274889689204554,0.00141851986276039,0.001104063104832,0.000225316504396606,2.96783681901896e-06,4.8836549920586e-05,0.000365902760427637,0.00164487905065809,2.29256741712216e-05,0.000473094573575724,0.000165515247612714,8.92223371072638e-05,0.000905351879806971,0.00691158522471685,0.000499912636558782,0.00459992258915782,0.00391402695662588,0.0233139333020824,0.000632505060123236,0.000789538596358701,0.0028431185034923
118.25,0.00111831060559729,0.00134943852012328,0.000310235677473908,0.00129901171851164,0.00108691578314076,9.46087620470906e-05,0.00120281807283726,0.000464126740730399,0.000543680336225745,0.00671141143361338,0.000156212401138195,0.000425082760264513,0.000473673529462854,0.0355180522278363,0.00118929219522408,0.00612591424374146,0.000366426474039944,0.000883826595521161,0.00097106531615232,0.000503330577614455,0.000352177318664038,0.00152372332661137,0.000934071984264889,0.00014164387294001,0.000672083820959499,0.00059568853140778,0.00150331515216969,0.00117795687999409,0.000435706468665553,0.00993138012597053,0.000531039338408562,0.00186318797103863,0.000640632576894385,0.00125781113448901,0.000615740591295333,0.00122277599282025,0.000912174069195329,0.000106275923848385,0.000727527813966397,0.00248650170312095,0.000907178669473435,0.00140411178130212,0.00238871390188258,5.38527014221931e-06,0.000584936740611065,0.000541686716727234,0.000522041679010716,0.00176455172265132,0.000361099747211882,0.000365529330281464,0.00077737304548005,0.000983571721113639,0.00117651098601154,0.000892308742927252,0.00111892499058061,0.000536614858562937,0.00036785648957828,0.00552772562197161,0.0015603322374897,0.00675011171448969,0.00180460240292989,0.049143212224856,0.00162075415976509,0.000391535313785127,0.00108958503418176
118.5,0.00163964906843423,0.00376062340360176,0.00225050955000554,0.00319640520197372,4.36416579886113e-05,0.00127907027874602,0.000597547134114522,0.000656496310236539,0.00256925551387014,0.00391336715351309,0.00115926241248269,0.00280902734859531,0.00215465116371773,0.0387475807159855,0.0016933526936066,0.00176023802976245,0.000324894035643282,0.000177091411310169,1.41079741029768e-05,6.31534717251565e-05,0.00100949602234653,0.000632774569745772,0.000313295963492335,0.000444647008917819,0.00111534400595745,0.00105741288834526,0.00089304795742135,0.00128275903846955,0.00158129876046675,0.00346326969067246,0.00207067767087866,1.04389782081117e-05,0.00123817168861529,0.001687232619923,0.000358292283779302,0.000134260120387192,0.000292563672358422,0.000785289602296508,0.00154325306440237,0.00489751532402274,0.000477582975988324,0.00091608901520096,0.000293589485126358,0.000548429701473005,0.00163928531340775,0.00163218933778874,0.00308708454624331,0.00159528431666809,0.0016726573416896,0.00237321497729248,0.00164354445780321,0.000371253417878553,0.00366818758826321,0.00405530662274286,0.00126824942222158,0.00083443324245292,0.0012000124091323,0.0022802444897456,0.00488341583245822,0.00216280735045733,0.000567878734386543,0.000417404409215897,0.000760871699767574,0.00149420884968678,0.000507593007404468
118.75,9.16641320110169e-05,0.00113845547037619,0.000229622686219039,0.0028056609303124,0.000502302038453355,0.00186320492835778,0.000523461519872338,0.000193546067939499,0.00433138925641969,0.00533018479512112,0.000839860150500569,0.00133892475104617,0.000309236526251559,0.0686548353445514,0.00226425792606811,0.00115506434318065,0.00176706788291969,0.00186523176536581,0.0015265020618554,0.000771222678971872,0.00123370541365535,0.00227844297764801,0.000257588278031488,0.000209804143286879,0.000102445929820424,0.00135199678899701,5.88962753884281e-06,4.23404594066632e-05,0.000313725378987972,0.00140038355560069,0.00151905224666085,0.000725984503385741,0.000469873432253062,0.00180882683338931,0.000888998389882602,0.00135215478283236,0.000553013923486073,0.000352439367632596,0.000421983375127157,0.000989122252027617,0.000178345883471286,0.00105394283470473,4.64962562546915e-05,1.78359740250361e-05,0.00250696252765531,0.00178225388536704,0.000147724086689341,0.00111562900524913,3.60737064587379e-05,0.000885746508596293,0.00188689916097819,0.000662446340593154,1.34626106222751e-05,0.00101294467792033,0.00014891908379272,0.000775591989609473,0.000888835486304705,0.00451639289109188,0.00328975140693677,0.00316373903121093,0.00217263608453553,0.0060591387258308,0.000429144956300964,0.00171705279064587,0.00135748781758294
119,0.00240561917677861,0.00158122271134276,0.00033680597310698,0.00474311762416794,7.9637698983992e-05,0.00119074063043676,0.00084950042717364,0.000553186992391286,0.000652713265501018,0.00262192574889316,0.00031824015979188,0.000121102595022976,0.000720168787325978,0.161878153596254,0.000990353721732728,0.00154703167822847,0.000727928131588423,7.00931790012524e-05,0.000133013312856662,2.08188358182064e-06,0.000213507702498266,0.000622420258985534,0.000596858410740242,0.000925694253172521,2.14429055184031e-05,0.00179406122347598,0.000141644627271634,0.000240254709725807,0.000999494983933985,0.00952208047591772,0.000418821244943418,0.0015985746116546,1.24647805911999e-05,0.00100127047883083,0.00026518698296553,0.00173142750297906,0.000850494555183432,0.000311588369530771,0.000708740316693655,0.00180522818675701,6.37867627662754e-05,0.00123255566806961,0.000729420972087395,0.000647514569812006,0.000717283221291897,0.000778214056223699,0.000641782408739988,0.00274264502888777,0.000198684717165863,0.00324838838602894,0.000706565775586936,0.00123269516969005,0.00201458576094156,0.00257636457833512,0.000573942467255127,3.63357160871297e-05,0.000858695370707226,0.00656650940655424,0.00114603608349308,0.00261800247391994,0.00063351565994267,0.0125843565520741,0.000178514418935115,0.000595608810694642,0.000113676035220602
119.25,8.24716743233703e-05,0.000331732701165178,0.00139768916313833,0.00166175189620816,0.00111538292149125,0.000846103814050276,1.51790124410585e-05,2.4587893986886e-05,0.00298949427355722,0.00476861882484754,0.00210967267811778,0.0016854918611274,0.00185620904846258,0.0500152261054394,0.000378266602992502,0.00406677929206415,0.00186111069387703,0.00140565467251849,0.000936358239670367,1.80774811213464e-05,0.00268092359112471,0.00055957604816018,0.000416785241067155,0.000284234252491183,0.00153581493947004,0.00256414040938504,0.000359391957557403,0.0017699207549828,0.000879411795427035,0.0097691148029639,0.00145436839235675,0.00314727922429352,0.000272250797418971,0.000745633222384436,0.000412076974972151,0.000131099899097947,0.000478428185210472,2.75294659221455e-05,0.000890916615055609,3.6324769754597e-05,0.00106418260482047,0.000609970268570085,0.000287584039954241,0.000587656629105402,0.000142831406721008,0.0012658767231087,0.00212846599906291,0.000843609284688632,0.00134281537549224,0.00154308091808402,0.000477495790968292,0.000506570765124491,0.00265017341570612,0.00102635749246912,0.00272373905588215,0.00125963924114755,0.0031056632672426,0.00488284493741632,0.00126644797896978,0.0075104072457179,0.00785102503168861,0.0380734497500055,0.00124685891995311,0.000580366099409995,0.0015158599918623
119.5,0.00150970200708652,0.00178255386461796,0.0007407501858887,0.00195304659241564,0.000424373605289889,0.000575970331264667,0.0014148359861535,0.000541097639546004,0.000596062787437731,0.000765277270032207,0.00048757149053837,0.00178406253172017,0.000232239417765051,0.0622147379834403,0.000558342931492537,0.00212289907334451,0.00160900561274876,0.000452247513686215,0.000453711646526797,0.000697955789937406,0.000590804790567037,0.00153697794063613,0.000353759413568533,7.18906773920859e-06,0.000911534140602202,5.74931860143753e-05,0.000458108675412511,5.55190435632552e-05,0.0006268815579654,0.00160088053284375,0.000626506938617005,0.0017448232882272,0.000618619759218497,0.000521124281281869,0.00116875166353045,0.000708511690738432,0.000677179966710018,0.000286346768674796,0.000966698845528963,0.00126400364101511,0.00154120381694674,0.00091295711063308,0.000258921080637417,3.96633933515549e-05,0.000286688183445125,3.00742071679299e-05,0.000816997446917409,0.00209377782903006,2.01201361152847e-05,0.00081943630423238,0.00111978116235858,0.000107823332432258,0.00163788762352901,0.00246905881022989,0.000506207297302806,0.00153430663257983,0.00101466767047291,0.00372814317662473,0.00159122015391828,0.00532882483326261,0.00109962857149184,0.0262786348989648,0.000152338258519522,0.000361041657514388,0.00101348879076761
119.75,0.00427878757964788,0.000229514311932052,0.00103584090986251,0.000995921160333109,0.000281151779448133,0.000412564292336559,0.000166674180064441,0.000419102944635074,0.00224128925820019,0.0116983670573833,0.000177012987502677,0.00105325210983341,0.000794769278666017,0.0674548273617472,0.00039912607992034,0.000671251730886418,0.00366227913237002,0.000209078487906895,0.00141394004561252,0.00158829135115168,0.000120477894715575,0.000325581664819336,0.000641305251362841,0.000530054911960724,4.64676912990657e-05,9.13266375300916e-05,0.00107617863608179,0.00127858765560957,0.000892052211850731,0.00226560963156265,0.000820681690245727,0.00231058549635478,0.000524204780295162,0.000523386873712389,2.81226178740629e-05,8.14493272559696e-05,0.000185906866481922,0.000137517324994487,0.00222823780375089,0.000579494897864185,0.000533308035216737,0.000509983591179735,0.000201048211164895,0.000172613914589912,0.00117256778214669,0.0010116700017292,0.000375513103819124,0.000293933709545224,0.000795641046635417,0.00222612329547306,0.00026117535848154,0.00148888460922519,0.00312856006451183,0.000424142721097742,0.000359369642526629,0.0011200904594751,0.0027810867986978,0.0100934690960257,0.000813761010027565,0.00792092166022062,0.000335860375558,0.0185361121755113,3.45870923441127e-05,0.00190622722758154,0.000422858009576339
120,0.00244882956219187,0.00400166923544823,0.000198644224200479,0.0030454671666056,0.000316773237245132,0.00105574030784093,0.000236287197952334,0.00108512528554129,0.00182304419550011,0.00632459728527324,0.000509461117970577,0.00248396063936784,0.00158228342549352,0.0475665719130633,0.00220918976514899,0.00280927508855921,0.00354738676226476,0.000932497452033844,0.000299100966113682,0.000141757018308061,0.000494901375941699,0.00243055639550637,7.93002585560164e-05,0.000417343263902996,0.00102650611048586,0.00322156602957162,0.001183110162015,0.00032905842523883,0.00141340610671707,0.0087321474812152,0.00343585656497883,0.00429200794971478,0.00102890532891677,0.00352523531841205,0.00134439764144484,0.00138780526530266,5.94042406753378e-05,0.000177741067108675,0.000929544074116301,0.00519488691430483,0.000308389033576017,0.00561675928982887,0.000896771582874839,0.000219696618677459,0.000151315509391398,0.000878752695314129,0.000760891130403239,0.0058111087319492,0.000403983541399376,0.00439341245417455,0.00135269844899046,0.00158427601470978,0.00040589822004815,0.00532785857934565,0.00144905216000864,0.00169387573966255,0.00650493848861856,0.0133397470596873,0.00175230848634401,0.00427728761983436,0.00405683977424967,0.0208978188798265,0.000567142559185166,0.000239292878010158,0.00153583371377383
120.25,0.000858925352619481,1.17248384707804e-06,0.000529110230738358,0.000319317363123618,0.000401047592350714,0.000736515584476288,0.000423139811446639,0.000244733214082815,0.000949103251461984,0.00612739631842428,0.00164620288864903,0.000240402566190987,0.000363380069249708,0.0739006742607407,0.000488509675092839,0.00320864224957572,0.000639427358985417,0.000165107762253191,0.00022151037897634,0.000275416123073169,0.000687369175770709,9.55408091802489e-06,0.000556050170888106,0.000136195444647167,0.000165638398733666,0.000141249437400422,0.0014379686133976,0.000427312813184801,0.000186072196656799,0.0010199990237461,0.000526667787877352,0.000404555282094737,0.000213178158364348,0.000121035346309773,0.000423837453366634,6.3639779346968e-05,0.000327901209664662,0.000381017601662474,0.000438495872614119,0.000193664328206767,0.000316222164010023,4.85278822939681e-05,0.000442305097954236,1.12122266542491e-05,0.000663531543740428,0.00113956457113332,0.000639285683318612,9.52747836204008e-05,0.000477730670822254,0.001355317607187,0.000327969661053324,0.00124597478647688,0.000402831713523907,2.55869868728243e-05,0.000519033056878879,6.71714903549085e-06,0.000212454736095828,0.00488183912498591,0.000530779309610581,0.00440039293253532,0.00157696093658083,0.0344515001384971,0.000285121700463436,0.000294903087226749,6.70937125887555e-05
120.5,0.0034304425784958,0.000370454723767775,0.00237853001901463,0.00244958560351215,0.000220716652869296,0.00105276351553087,0.000121599095250343,0.000266664789401584,0.000408452748751743,0.000438598286405601,0.00222700654294457,0.0015181416998293,0.00113787743985361,0.0419150674756654,0.00127452230818565,0.000510066221979875,0.00109597311078252,0.000959839062114978,0.000673644288743352,0.000431501275525763,0.000642009294287341,0.00159049973269296,5.73653800449929e-05,1.0810391817564e-05,0.000661380937574081,0.000365372564078802,0.000520338840121788,0.000178833733818494,0.0010891797924073,0.0012698149899778,0.000723341199192718,0.00398520945470696,0.0025357414440242,0.00102126919100696,0.000337558830388453,0.000274581305697284,0.00031652912276401,0.000132541987610622,0.00268124418093013,0.00203133559981509,0.000564266485176395,0.000251682480223429,0.000614584919128077,3.64234941833931e-05,9.95265800604611e-05,0.000343540572158105,0.00232654459639046,0.00193202963970976,0.000566400202597865,0.000352085832786043,0.000594717348204458,0.000439794930527858,0.00423587442695061,0.000900064100243893,0.0021663523309548,0.000647946515541302,0.000796939391838318,0.00259114523760123,0.000688153105678295,0.000396151456429802,0.00124954627429049,0.00341460727775368,7.01898029583451e-05,5.62993057234823e-05,0.00100385418090645
120.75,0.00141046378188347,0.00561858911803774,0.000860889655139172,0.00129938417174875,0.000193887493281532,0.00132080942096418,0.000631906086326503,0.000431602388074604,0.00319145614485995,0.00558792186041886,0.00036739625387377,0.0063654342197112,0.000147318857719312,0.0556963705965464,0.00129558168571638,0.00624953730103506,0.00149305094926692,0.000942318588034208,5.35290432935709e-05,0.000423948013079438,0.000559165229674902,0.00131343104464667,2.94258806612524e-05,0.00028834759951926,0.000105612410128635,0.00156465824662862,0.000687563746409672,0.000251944940331209,0.000494126453571355,0.0147331358444704,0.000398729806177256,0.00269003659171341,8.40895459153243e-05,0.00165193119481205,0.000219611308292145,0.000778232291760245,0.000107297901839636,3.13687229185805e-05,0.000836357639714164,0.00229430871949613,0.000319706400854696,0.00237545102871187,0.000225537766308044,6.98058378158613e-05,0.000286998858290201,0.00258524919180409,0.000453749171590967,0.0029875506917361,0.000170158294203141,0.00321309689507396,0.000124018601534502,0.00109755186063926,0.00115863378202333,0.00713238300485704,0.000101656579234779,0.00437110758556726,0.000691351279504243,0.00883587680632509,0.00115642416325916,0.00719337117054421,0.0026748828210467,0.0161982338522182,0.000113973248392389,0.000570540961226364,0.000858518027595716
121,0.00483973971390326,0.00212848150539466,0.000786185198364381,0.000470422658722455,0.000201899991532772,0.000368643422541998,0.000453847037512195,6.49368886263556e-05,0.000359674038323314,0.000755761605748566,0.000334504743485385,0.00178382539890603,0.000218126945318042,0.0470437184327926,0.000244983690081409,0.00351435435636971,0.000459636955804939,0.00050911771047488,7.47666658270193e-05,0.000166434119418699,0.000198763431414048,0.000286495214253295,0.000353444124749903,9.99556197448691e-05,1.94466772022016e-05,0.000720418204174146,0.000156720708131971,0.000594744801003241,0.000775956098674817,0.00395854005574213,0.000652215615399097,0.000851288550235849,0.000512907628996161,0.000305965098603747,0.000117514940595513,9.06419179180388e-05,4.86719052504059e-05,0.000106547271002658,0.00138131154205744,0.000437598745181686,2.2664184595082e-05,0.000377785303832755,1.05928088422195e-05,0.000107822496224418,5.69576121105518e-05,0.000362896099944434,0.00182619360071835,0.000329616570450116,0.000142881604009621,0.00251475194281059,6.89708096044062e-07,0.0010218697400095,0.00206879301989268,0.00192648322509684,0.000115936338401029,5.66791723863611e-05,0.00364312841115174,0.0141416956208706,0.000323090165128793,0.00221697395896582,0.00439550679551756,0.0185780803450807,0.00146829088611606,0.000253835898437428,6.01727109914841e-05
121.25,0.000773329008971751,0.00100204255124852,0.000118070903348441,0.00135740920744827,0.000800664808984824,0.000128342521384105,0.00106662792734768,7.48024390426758e-05,0.00038661926914309,0.000973186539275686,0.00139683563477861,2.71529952010187e-06,0.00158633407998258,0.114303726473097,4.03140637557339e-05,0.00169188595953618,0.00123396384424925,0.000410199320978462,0.00168209149060984,0.00105648164174062,0.000553172883322633,5.7164538291058e-05,0.00300704499655092,0.000952849958007326,0.00120879267644538,0.000963065937782045,5.08932827971333e-05,0.000720048494154462,0.00315882698897967,0.00110428331367047,0.000288571552909016,0.00308850532221793,0.000128782476482201,3.04955418502854e-05,0.000267362395662859,0.00098429459610507,0.00228820940839164,0.00101325528785006,0.000509947678275539,0.00275710175189529,2.14586176407989e-06,0.000422154010820712,0.000753081391854208,0.000698883323930889,0.000521698674432389,0.000401625971893079,0.00069730576820954,0.000239752531012575,0.00041752286939291,0.0015923916284088,0.000673903737400059,1.72414457172796e-05,0.00129591813636096,0.000376197823488343,0.00250236897895646,0.000715534395246282,0.00135277082076341,0.00373914217477655,0.000271091549552968,0.00241283286502598,0.0026941440343449,0.0225491510624474,0.00116369922501707,3.19044835858377e-05,0.000347019147026183
121.5,5.83888587762053e-05,0.000625192159019794,0.000409448741481415,0.000223200396083322,0.00141729407485699,4.18925252908144e-05,0.000190334497296606,0.000144439517289767,0.00038222929744234,0.000362759592727255,0.000383613614750036,4.16955951853837e-05,0.000328168565903453,0.0258104753061146,0.000234257388609231,0.00763726658112797,0.000121762661961714,0.000129474154392254,0.000720881219507911,0.000266903092465238,0.000246742448649013,0.000234838523386559,0.000190240627506633,0.000962433210018313,0.000629422563024958,0.000265224285135332,0.000330393726567943,0.000748338151336699,0.000626160664610311,0.00769193248389583,0.000661386187210377,0.000341050149006573,0.000309669170535747,0.00166137690347583,0.00026405670547013,0.000911748210921636,0.00170884010975231,5.2548993046525e-06,0.000137991799236492,0.000546550902196389,0.000703087629500234,0.000792191893690897,0.000856444414931193,9.03023311868531e-05,0.000626040415840365,5.51260778152479e-05,9.73183354089119e-05,0.00041874065352863,0.000636683327883481,9.87458648664026e-05,0.000952883423777285,0.000508973912277594,1.57274334841768e-05,0.000274863319842879,7.93701011337068e-05,0.00212368556509246,8.61256771881758e-05,0.00315972318289985,0.0012932035435097,0.00356659098182414,0.0014831625792898,0.0666855557174385,0.000258310068333744,0.000704423271964301,0.000203287307784132
121.75,0.0018800089059657,0.000554469083040157,0.000476554960040575,0.000808063285717658,3.4563315293854e-05,8.83542187086384e-05,0.000119524479028947,0.000296992593547486,0.000396810840355479,0.00510806451917616,0.00272349840913753,0.00154737647215792,0.000845097422965935,0.0996208370143223,0.000256315810991757,2.82311014174083e-06,0.000414693741994409,0.00033917534813548,0.000549918956389326,2.96249727715595e-05,0.000125430876903935,0.00011186693318788,6.63173438006811e-05,0.000169988750568619,0.00101091097103729,0.000268476300346419,0.000562352666043064,0.000664677320366006,0.00115895894280746,0.00146103831715878,0.000126573655411034,0.00162831284844244,0.000445887633367265,0.000593062460512196,0.000520581270766651,9.33475944375496e-05,9.82787414911739e-05,3.20631905644976e-05,0.000965840235159525,0.00089497494208141,0.000813061927505453,9.08341146870785e-05,0.000177677402894729,6.97963716977399e-05,0.000146005890084363,0.000406774116451289,0.00328994105385333,0.00134630567210855,0.000803448699829812,0.000691159465680705,3.9932685916572e-05,3.43625665145741e-05,0.00172755656238574,0.00121549023932798,0.00140227857159778,0.00142314548582598,0.000215238856632625,0.000733105400440031,0.000158738940929159,0.00248657915006926,0.000108974402258415,0.00245918214491082,0.000823573453437393,5.60828332442521e-06,0.000341591574175691
122,0.00232168506325107,0.00120955018701474,0.000342057163836151,0.00260980846872985,0.000389496398817658,0.000255120499594571,0.000526809048640232,0.000139126478057707,0.0037986501492629,0.00948089035069923,0.00129860388367642,0.000769959607700178,0.000504693409153423,0.0847773861816408,0.000266545932839887,0.00244139523664148,0.000860900985608283,3.63854496870809e-05,0.000308138129057623,0.000607941615372654,0.000213004891141947,0.000219206990606838,0.000409104524124007,2.02784340489902e-05,0.00149987658951063,0.000960206163605036,0.000139967253054269,0.000193570201178581,0.00142938343456252,0.00136431735957877,0.000337961301178207,0.00123736794887296,0.000397051458592468,0.00115527502687608,0.000118785074541194,0.000208671314148441,0.000228855943088607,0.000178901392506208,0.000384834461954383,0.00101075731360768,0.00056975045058718,0.000561493935959713,0.000475149044863338,0.000446565031261389,0.00206244095244001,0.0015601900611056,0.00086413077189283,0.000849901027317745,0.00172593781740559,0.00209865597068076,0.000339530303840484,0.00109578591533893,0.00135644327728647,0.000839879282648761,0.000398102113304214,0.000272381080780101,0.00101655404450484,0.000356041104743337,0.0010874142595754,0.00368147164145445,0.000197415812642569,0.00516556092353441,0.000318348106056588,0.00181598978914089,2.83500823622441e-05
122.25,7.08723845673642e-05,0.00018994825673992,0.000787050621340769,0.0010181180719911,0.0002238727567934,0.000119540494624476,0.00011788912130311,5.9530490868474e-05,0.000129606904818775,0.00598741211578199,0.00173674892577698,0.000567680038630913,0.00164833859532227,0.165485099017403,0.00171265535348594,0.00213676680240628,0.0011995061553316,0.00171661875802069,0.00129523535099882,0.000396625332271307,0.000718871797149855,0.000926502815247385,0.000315556265722968,0.000221572314023269,0.00170010448059683,0.000902951366579575,0.000147419527325449,5.26388139360424e-05,0.00151871026164022,9.35145651236382e-05,0.00146934572419076,0.0048931463002636,0.000934997691795333,0.000815235775673136,0.000690391173561175,0.000509826734166722,5.74999875188855e-05,4.00006752996821e-06,0.000728464762753222,0.000752438739917646,0.00185323053010275,0.000507584407382912,0.000365791826353149,6.02234293785689e-05,0.00046159392686067,0.000888337563279187,0.000232803017629694,0.000399687293168212,0.000409214341744532,0.00311117726188585,0.000780658572338067,0.000705108991668409,0.000439074257538963,0.00015671901397354,0.00272573259153257,3.88610372794428e-05,0.00090350224157954,0.00149280494898583,0.000678719313598633,0.00402909058465968,0.000150671510442965,0.0162024410989174,0.000207219672539461,0.000229323406917117,0.00105740069063623
122.5,0.000221115782646887,0.00222471106326772,0.000225795649267886,0.00193555879953727,0.000134052218643082,0.0013680272724,7.60149722946115e-05,3.96374246055752e-05,0.000825127494757615,0.000364702717045138,0.000180856056963653,0.000821136913563022,0.000546227835288065,0.00522435963239528,0.000989333605934547,0.00540715161233385,0.000647043409632872,0.000109946381900873,0.000350812170852318,0.000619718737157343,0.000392686932708409,0.000452015404338688,0.000134411244616337,8.5494383846551e-05,8.08302184653448e-05,0.00106019745191932,0.000975959886174744,0.00259682228624517,0.000130278226734107,0.000127439812324654,0.0007386742139983,0.000150713331225011,0.00097871924033486,0.00170184352499415,0.000822330275770454,0.00072961875205915,0.000258952630938002,6.33353323518081e-05,0.000343676278366116,0.00206335691605353,0.00023287044594029,0.0017982731783549,7.11374549203394e-05,0.000336311260941762,5.00352603919868e-05,0.000341775605158182,5.31538926590708e-05,0.0023412579583414,0.000368098240082677,0.00326929038153026,5.5402281314511e-05,0.000769149939324302,0.00142184943900119,0.00275040223780216,0.000284866827628644,0.000803368073949383,0.00115794838373232,0.00598131261434319,6.76320924703821e-05,0.00280859224649557,0.000632656998034562,0.0189354841081289,0.000699123443584118,0.000151829573068254,0.000584251696136068
122.75,0.000703810273153601,0.00138500865713315,0.000472797618235213,0.00249831148708527,0.00028630089554063,0.000858577872722273,0.00044491827528286,0.00031710503987155,0.00348052126169614,0.00491421158313485,0.000308032600206828,0.000600167533333027,9.71508383422453e-05,0.0499016981613084,0.000835747226979908,0.00339773891442826,0.00164612055654681,0.000841290678990299,0.000206410216922668,0.000409618417876071,0.000570346731459232,0.000361294355676034,3.56299830214084e-05,8.43384714213853e-05,0.000232271231947312,0.000774366789834523,2.91355325980688e-05,0.000342056660566451,8.17871414766177e-05,0.00189144465811608,0.000415250295870516,0.00357377154287467,0.00055743714983816,0.000970232110255615,7.62235614838666e-05,0.000115451935203719,0.000314783703404144,0.000254885751620968,0.000690983882586537,0.00223928054461625,0.00014286864876672,0.000494513622140024,0.000155578758860507,0.000164596388527721,0.00208107407283118,0.00100050286049216,0.000696898376471032,0.00100718582931403,4.45420376675393e-05,0.000456515204454633,0.000459005260282464,0.0029895828989122,0.000992774075874177,0.00128320647407277,0.000294401401921451,0.00129834626022214,0.000137199847095657,0.00152547153070916,0.00366187253966728,0.00493677798632472,0.00270646622130136,0.0131323556175914,7.19772550874829e-05,0.00195066040153431,0.000580813455344357
123,0.00194646699626016,0.0011489253742224,0.000400236067791209,0.00120174350390743,0.000138215431699471,0.000843876589964045,0.00107008169945079,0.000453817695856694,0.00153373686877652,0.00055737669046717,0.0014093395740745,0.00182027967260171,0.000600890405241017,0.0284692476154994,0.00325101646186081,0.0034810740478368,0.00212443315576531,0.000800044447541321,4.604292279707e-05,0.0010614465204917,0.000428280071597797,0.000708457321754544,0.00020589128782286,7.8594271630091e-05,0.000954284229592858,0.00125907357620177,0.00058515895690937,0.000153299197427692,0.000668578118745496,0.0063359251426842,0.000953224557496098,0.00013711111406866,0.00115165163031814,0.000986457132616857,0.00018501068415629,0.00020960456506258,0.000568515343998208,0.000300051015570796,0.00107538128906413,0.00190467340203567,0.000181017259347881,0.000204730875903202,0.000426989056919883,0.000499059133237086,0.000285973975325915,0.00153154844116534,0.00022193898434457,0.000189562496761387,0.000922678580075813,0.00176599890219388,0.00170568422694026,0.000604656580403311,0.000903913343309506,0.00073551605193836,0.000963234040561304,0.00178049900469332,0.00167984441693714,0.00282966847362089,0.00058368727312631,0.00169898661983662,0.00291493033160221,0.0116242466909696,0.000288618866734547,0.000784401030075479,0.000431104237848214
123.25,0.00105398826946149,0.000210373418390842,7.95151927737083e-05,0.000110721805585808,0.000425349350801368,0.000201355455006825,0.000504143843995954,0.000391649078375372,0.00417947908146967,0.00379217581520037,0.00162939548453687,4.38575313666572e-05,0.000689174128827642,0.0182298407043529,0.000191407927117768,0.00200610504605159,0.000531665039929636,5.86872799122289e-06,0.000419263564350737,0.00101288207201862,0.000219139481689954,0.000135463495202559,0.000226356412105268,7.82568876790087e-05,0.000786510112916822,3.02776060983583e-05,2.06384642617664e-05,0.000428492932725241,0.00263396325544213,0.000312290831768401,0.000418484892183356,6.23393277187086e-05,0.000169343471407583,6.57885794234087e-05,0.000407519125142891,0.000670215770419583,0.00049266309283443,8.14998371644514e-05,1.23681063151534e-05,0.000915941157313667,2.02245516880283e-05,0.000158436632935844,0.000526688855158351,5.58723669721075e-05,0.000823504386838375,0.000544584736656146,0.00135557138370421,0.000221551645163548,0.000690002538936812,0.000849954843387321,0.000685380653154848,0.000289005414181966,0.00159818787777628,4.2731984684432e-05,0.00115982042520242,2.24323341372858e-05,0.00130420606781772,0.00821818581141625,0.000452494854287772,0.00282407279668859,0.000846487554077922,0.0114815026555675,3.26422773293042e-06,0.00128643229745409,0.00018436787006185
123.5,0.00157420437486006,0.00140553202137085,0.000449426048895537,0.00261736755798795,0.000403534172924077,0.000505401231311515,0.000427511249057354,9.31528423969856e-05,0.000461407078118038,0.0042036866866285,0.000886943331214055,0.000231275765089583,0.000259199540324726,0.0203095580679171,7.9168778893197e-06,0.00183811732542774,0.000179266797730097,3.92428255017674e-05,0.000309333169975178,0.000239518814826495,0.000117938068390461,2.32977296054724e-05,1.82455393224592e-05,0.000281451933508426,0.000271419953297395,0.000218644792519063,0.000610456454568435,0.00163213127051305,0.00125509019130985,0.00481529310850836,0.00147782007796692,0.000330986451532901,0.000308698861107563,0.000500273241675653,0.000585936334725063,5.68183836693208e-06,0.000901490847084395,0.000244359158001224,0.000885969557363549,0.00220973340273532,0.000233063313156783,4.64367459935288e-06,0.000146307720127105,0.0007290434550952,0.000302183252002963,0.00110696342815694,0.000517140460001463,0.000766084348373724,0.000428476353310574,0.00212168402797633,0.000290407475133614,0.00182795419948739,0.00380756097526221,0.000632576928986261,0.00154513711177,0.000108154458366742,0.000925996187931542,0.000165331108443966,0.000672928842428243,0.00396518309649158,0.00135199120943828,0.00953935684239936,0.000130576251242994,0.000678401999930735,2.93059785217459e-05
123.75,0.000479526718568746,0.000223437340497563,0.000346173366595069,0.0016309157079759,0.000128567297295451,0.00117992668866598,0.000342323187870535,0.000234221613834625,0.00145593653432704,0.0024010403959,0.00108922278450131,0.00222778272087703,0.000989823904694783,0.0508657131620045,0.00248496826311856,0.00073141868980044,0.000728147124126797,7.17055021880536e-05,9.86653532284964e-05,0.000144123176007856,3.73384555536037e-05,2.02387980702865e-05,0.000168784547586013,0.000117664937662087,0.00138142765792649,0.000767154858034942,0.00024957937539977,0.000546307748310284,0.00215149341089545,0.00160967100557222,0.00401211217539115,0.000532024959284971,0.000943984998306579,6.80395464617096e-05,0.000504551827516934,0.000936360276028642,0.000382198446125426,0.000146471607104453,0.000390820785296712,2.84240843674183e-05,7.91508183444317e-05,0.00116475864557667,0.000324724377969282,0.000103723990235958,0.00024858027751635,0.000302713035293613,0.000450452091463774,0.000790659684983945,0.000996225204448173,0.00230134901452135,0.000332185329264716,9.10624099919694e-05,0.000569501876622062,0.00069639417146426,0.000914219766161898,0.00108340811876358,0.00151921232941454,0.00275496741425668,0.00138889633616964,0.0015184866611198,0.000327900424111994,0.0157843525797333,0.000360293183931703,0.000206945623329463,0.000280768004494668
124,0.00171681514568044,0.00051725664850767,0.000658712186720888,0.00236056832533916,0.000220190897438523,0.000288275428138245,0.000551233006949509,1.79287966776105e-05,0.00302430637397072,0.000739257411943845,0.00176818762054033,0.000134536763963071,0.000658185759985338,0.00234871107761425,0.00176697427389552,4.05549828721581e-05,0.000251758767272018,0.000119383261262465,0.000265190789392925,0.000201510589918624,0.000212062010818696,0.000468378686164694,0.000152113294213581,2.26974978480716e-05,0.00108815439242196,4.87405368571652e-05,0.00059090413398358,0.000143707189307131,0.00113449888168754,0.00570828405669185,0.00182506244270456,0.00042975888815648,0.00035043767162192,0.00111904893493891,0.000211330429256309,0.000258527063384407,3.22686585687854e-05,9.28626698507004e-06,0.000678786506058983,0.000716281361016575,5.78958026709999e-05,0.000250444374575412,3.71423197859766e-05,9.5792652138165e-06,0.000837818384719539,0.000186512005824329,0.000309739489829043,0.000129833142663396,0.000100644846816352,0.000653548725116714,0.00109533164659299,0.000291717137377513,0.0010674984680249,8.60975169268733e-05,0.000409228389931112,0.000304539461696763,0.00157651429399502,0.00178334920678533,0.00373312047020602,0.000300511893912157,0.00050124866763876,0.0061031708669964,9.58937020561084e-06,0.000305510940595151,0.000481118228965271
124.25,0.00107413109320673,0.00131990049111025,0.00325797967436015,0.00193852970160148,0.000694716599528395,0.000170327980770147,0.000440649486176303,0.00115004256548134,0.00268624578213542,0.00866674668473468,0.00112402268262542,0.000373548780854654,0.00188763680363507,0.00664393707148352,0.000692075464721644,0.00438570694389176,0.00047111252492568,0.00121912145284363,0.00155564142431949,0.000416071157479358,0.000437541747196122,0.00054017760990541,0.000511970813180116,0.000387610173408758,0.00147506565370885,3.68865974717726e-05,0.000399027867968985,0.000415229186957199,0.0020050250614478,0.000524088323241053,0.000712071983664364,0.00110270541563797,0.00109611725899522,0.000585634182759487,0.00044543860211745,0.00011302629476453,0.000413044948639584,0.000651686403393335,0.00173926436864713,0.00320978667845049,0.000773816197328126,4.31286796732063e-05,0.000245060012483513,0.000659868482090928,0.00211378844121637,0.00204221651416541,0.0033074368985261,0.00018944098477728,0.00199145980960615,0.00030579431112274,0.000366181749520249,0.00149221308288084,0.00143728761010371,0.00114950769235346,0.00217926537139325,2.31969644865766e-05,0.000368682037548059,0.00195137784784688,0.00145502455546172,0.0057830370381578,0.00269162668629831,0.0230326599699122,0.000120088300658374,0.0018853313080329,0.000262025853628149
124.5,0.00112720398182496,0.000357730121813107,0.00189086063607138,5.82657784890116e-05,0.000488998335820093,0.000542875104759858,0.0010509139428601,4.34151229105987e-05,0.00120333580441736,0.000438736200741513,0.00117331678302254,0.000608975098978945,8.1150889649377e-05,0.0883821832623754,0.00226314275062971,0.0011895312557913,0.00030337926125095,0.000541180026530939,0.000245659070059906,0.000362085692506296,7.81603975385339e-05,0.000149738955362076,3.38303853959889e-05,0.000156263145522359,0.000445688923728003,0.000452494583568148,0.000882750414730593,0.00013240413977598,0.000933322417569926,0.000191703710040163,0.000954155307176604,0.00361750913775254,0.000523864045200603,4.078362788988e-05,0.000255097912872445,0.000411907235481071,0.000156318119727012,0.000121937812168577,0.00131273494251659,0.00103059361040023,0.000212700735624231,0.000219583313406595,0.000440008708193946,4.57950698827641e-05,0.00208947003670137,0.000410499444857803,0.000268579502752264,0.000227162131488621,0.000313611858142209,0.00103283855167255,0.00073721411021179,1.55318280801884e-06,0.00138689508185091,0.000866137132616974,0.000496068765971623,0.000233451218563766,0.000152093678032119,0.00468563845198161,0.00176038233219026,0.000815864884478308,0.000144705474202758,0.0267556943135046,0.000554656157027393,0.00191648082618361,3.68739473107232e-05
124.75,0.000168604084650807,0.00039483339187531,0.000240958483775612,0.00124472811173722,0.000121306891145525,0.00136525513436175,5.32543110242133e-05,0.000465072950245344,0.00176653868054655,0.00115830263379879,0.00132312284563802,0.000810679564873616,0.00177205207253901,0.0159186466001246,0.0016966492995177,0.00230695264499323,7.01258436086552e-05,0.000456388695549806,0.000669000224688408,0.000157093934486391,0.00100593904098629,0.00145470635183028,0.000623985432635859,0.000175381416723081,0.000365128839486802,0.00165897178267169,0.000861875862820557,0.00127476817548626,0.00361040467329353,0.000725703772570993,0.000605163161165422,0.00260439862640851,0.000796444952071469,0.000274584853910271,0.000189303887509998,0.00131015280228191,0.000253741323499513,0.00011338555760292,1.66873103144904e-05,0.000350021876473299,0.000399021251945984,0.000960995376557161,0.000224791254696927,0.000298287498954884,0.000130683250419618,0.000299719298014477,0.000549419676047123,0.00166538838010835,0.000584407604476962,0.00255529614500595,0.000697210738493183,5.19563367067263e-05,0.000440920478151634,0.000273172265961543,0.00156242990360476,0.00230251479720955,0.000171267071446662,0.00380255133244297,0.000527849700554421,0.00157090809317333,0.00134704871830716,0.0140554766916152,0.00010936926403711,0.000272340384481945,0.00137172705301477
125,6.94291563864239e-06,0.000246447860609861,2.09703814839139e-05,0.000677465850810303,7.97885241723842e-06,7.46641421000459e-07,0.000356178191523248,5.61966085110763e-05,0.00084561564157524,0.000742049587298895,0.000359083067402178,5.74580034866079e-05,2.25263927183219e-05,1.57096536645109e-05,2.7553434539282e-06,0.000131882913402584,3.51839328605972e-05,0.000123818834027649,0.000102426093927521,0.000580833377182046,1.62689528845691e-05,1.57062074535271e-06,3.94566294195304e-05,4.18169467374951e-05,0.000641480076178031,3.41109063534691e-05,8.39092751298833e-06,0.000103725207075732,2.39115302307947e-05,0.00219474756912723,0.000237759867757879,0.000105457473333659,7.6662340355182e-05,1.71917337182171e-06,5.9871448336939e-05,0.00025720508506888,0.000114304897890467,0.000138802393891758,3.25314105723668e-06,0.00013722167814838,0.000462884496700396,1.68476164784589e-08,4.98368373868557e-06,4.1544155487593e-07,5.74001921442886e-05,0.000513393369380059,0.000104898790228991,0.000101560916539094,2.21469540680506e-05,0.000203932154334734,4.17341769014783e-06,0.0004707643357891,4.19759107883507e-05,0.000296286912008194,0.000424930219404947,1.27091056323166e-06,0.000296000963244186,0.00134725774116445,0.000187280223903948,1.91835848584882e-05,9.2427149848651e-05,0.00156153943942633,0.000106883012579343,3.20725371275937e-05,2.60820673876332e-05
